:020000040800F2
:1000000000000120C17E0008E9620008ED620008DE
:10001000F962000805630008116300080000000091
:100020000000000000000000000000001D63000848
:100030002163000800000000256300082963000810
:10004000117F0008117F0008117F0008117F000850
:10005000117F0008117F0008117F0008117F000840
:10006000117F0008117F0008117F0008117F000830
:10007000117F0008117F0008117F0008117F000820
:10008000117F0008117F0008117F0008117F000810
:100090002D630008117F0008117F0008117F000800
:1000A000117F0008A1640008117F0008117F00087B
:1000B000117F0008117F0008117F0008117F0008E0
:1000C000117F0008117F0008117F0008117F0008D0
:1000D000117F0008117F000879650008117F000872
:1000E00021650008117F0008117F0008117F0008BA
:1000F000117F0008117F0008117F0008117F0008A0
:10010000117F0008117F0008117F0008117F00088F
:10011000117F0008117F0008117F0008117F00087F
:10012000117F0008117F0008117F0008117F00086F
:1001300001F0FF01102A2BDB10F0070F08D010F898
:10014000013B013A8B422DD010F0070F42B3F6D19C
:10015000F0B441EA012141EA014122F007047FF0B5
:1001600000070023F0E80256083C85EA010586EA0C
:10017000010685FA47F5A3FA87F586FA47F6A5FA48
:1001800087F68EB9EED1F0BC01F0FF0102F0070254
:1001900032B110F8013B013A83EA010313B1F8D1FF
:1001A0000020704701387047002D06BF35460338E0
:1001B000073815F0010F07D1013015F4807F02BF19
:1001C000013015F4C03F0130F0BC0138704700BF6A
:1001D000034613F8012B002AFBD1181A0138704787
:1001E00081F0004102E000BF83F0004330B54FEAE8
:1001F00041044FEA430594EA050F08BF90EA020F55
:100200001FBF54EA000C55EA020C7FEA645C7FEAE7
:10021000655C00F0E2804FEA5454D4EB5555B8BF0A
:100220006D420CDD2C4480EA020281EA030382EA7B
:10023000000083EA010180EA020281EA0303362D0D
:1002400088BF30BD11F0004F4FEA01314FF4801CE0
:100250004CEA113102D0404261EB410113F0004FF2
:100260004FEA03334CEA133302D0524263EB4303A9
:1002700094EA050F00F0A780A4F10104D5F1200E47
:100280000DDB02FA0EFC22FA05F2801841F10001A2
:1002900003FA0EF2801843FA05F359410EE0A5F176
:1002A00020050EF1200E012A03FA0EFC28BF4CF0A7
:1002B000020C43FA05F3C01851EBE37101F000455D
:1002C00007D54FF0000EDCF1000C7EEB00006EEB6A
:1002D0000101B1F5801F1BD3B1F5001F0CD34908F4
:1002E0005FEA30004FEA3C0C04F101044FEA44524B
:1002F00012F5800F80F09A80BCF1004F08BF5FEAD2
:10030000500C50F1000041EB045141EA050130BDB1
:100310005FEA4C0C404141EB0101013C28BFB1F5C3
:10032000801FE9D291F0000F04BF01460020B1FA0E
:1003300081F308BF2033A3F10B03B3F120020CDAE1
:100340000C3208DD02F1140CC2F10C0201FA0CF0BF
:1003500021FA02F10CE002F11402D8BFC2F1200C24
:1003600001FA02F120FA0CFCDCBF41EA0C019040DA
:10037000E41AA2BF01EB0451294330BD6FEA040423
:100380001F3C1CDA0C340EDC04F11404C4F120020E
:1003900020FA04F001FA02F340EA030021FA04F320
:1003A00045EA030130BDC4F10C04C4F1200220FA77
:1003B00002F001FA04F340EA0300294630BD21FAB5
:1003C00004F0294630BD94F0000F83F4801306BF7B
:1003D00081F480110134013D4EE77FEA645C18BF6F
:1003E0007FEA655C29D094EA050F08BF90EA020F06
:1003F00005D054EA000C04BF1946104630BD91EAFE
:10040000030F1EBF0021002030BD5FEA545C05D100
:100410004000494128BF41F0004130BD14F580043F
:100420003CBF01F5801130BD01F0004545F0FE41B3
:1004300041F470014FF0000030BD7FEA645C1ABFE8
:10044000194610467FEA655C1CBF0B46024650EA1F
:10045000013406BF52EA033591EA030F41F400214B
:1004600030BD00BF90F0000F04BF0021704730B5D1
:100470004FF4806404F132044FF000054FF00001A6
:1004800050E700BF90F0000F04BF0021704730B567
:100490004FF4806404F1320410F0004548BF40423C
:1004A0004FF000013EE700BF42004FEAE2014FEA91
:1004B00031014FEA02701FBF12F07F4393F07F4F6C
:1004C00081F06051704732F07F4208BF704793F06F
:1004D0007F4F04BF41F40021704730B54FF4607482
:1004E00001F0004521F000411CE700BF50EA010285
:1004F00008BF704730B54FF000050AE050EA01022E
:1005000008BF704730B511F0004502D5404261EB9D
:1005100041014FF4806404F132045FEA915C3FF4DE
:10052000D8AE4FF003025FEADC0C18BF03325FEA7B
:10053000DC0C18BF033202EBDC02C2F1200300FA2C
:1005400003FC20FA02F001FA03FE40EA0E0021FA51
:1005500002F11444BDE600BF70B54FF0FF0C4CF43F
:10056000E06C1CEA11541DBF1CEA135594EA0C0FF1
:1005700095EA0C0F00F0DEF82C4481EA030621EA2C
:100580004C5123EA4C5350EA013518BF52EA033567
:1005900041F4801143F4801338D0A0FB02CE4FF019
:1005A0000005E1FB02E506F00042E0FB03E54FF049
:1005B0000006E1FB03569CF0000F18BF4EF0010E41
:1005C000A4F1FF04B6F5007F64F5407404D25FEA3D
:1005D0004E0E6D4146EB060642EAC62141EA5551F0
:1005E0004FEAC52040EA5E504FEACE2EB4F1FD0C32
:1005F00088BFBCF5E06F1ED8BEF1004F08BF5FEAB0
:10060000500E50F1000041EB045170BD06F0004661
:1006100046EA010140EA020081EA0301B4EB5C040E
:10062000C2BFD4EB0C0541EA045170BD41F4801106
:100630004FF0000E013C00F3AB8014F1360FDEBF2B
:10064000002001F0004170BDC4F10004203C35DA07
:100650000C341BDC04F11404C4F1200500FA05F38A
:1006600020FA04F001FA05F240EA020001F000422B
:1006700021F0004110EBD37021FA04F642EB0601A1
:100680005EEA430E08BF20EAD37070BDC4F10C04CB
:10069000C4F1200500FA04F320FA05F001FA04F28F
:1006A00040EA020001F0004110EBD37041F100017B
:1006B0005EEA430E08BF20EAD37070BDC4F1200586
:1006C00000FA05F24EEA020E20FA04F301FA05F2EE
:1006D00043EA020321FA04F001F0004121FA04F296
:1006E00020EA020000EBD3705EEA430E08BF20EA66
:1006F000D37070BD94F0000F0FD101F000464000A0
:1007000041EB010111F4801F08BF013CF7D041EA21
:10071000060195F0000F18BF704703F00046520025
:1007200043EB030313F4801F08BF013DF7D043EAF6
:100730000603704794EA0C0F0CEA135518BF95EAAC
:100740000C0F0CD050EA410618BF52EA4306D1D133
:1007500081EA030101F000414FF0000070BD50EA52
:10076000410606BF1046194652EA430619D094EADC
:100770000C0F02D150EA013613D195EA0C0F05D1C6
:1007800052EA03361CBF104619460AD181EA03011A
:1007900001F0004141F0FE4141F470014FF00000D2
:1007A00070BD41F0FE4141F4780170BD70B54FF06D
:1007B000FF0C4CF4E06C1CEA11541DBF1CEA1355ED
:1007C00094EA0C0F95EA0C0F00F0A7F8A4EB0504CF
:1007D00081EA030E52EA03354FEA013100F08880C6
:1007E0004FEA03334FF0805545EA131343EA12638F
:1007F0004FEA022245EA111545EA10654FEA002644
:100800000EF000419D4208BF964244F1FD0404F5FC
:10081000407402D25B084FEA3202B61A65EB030558
:100820005B084FEA32024FF480104FF4002CB6EB15
:10083000020E75EB030E22BFB61A754640EA0C0095
:100840005B084FEA3202B6EB020E75EB030E22BFD5
:10085000B61A754640EA5C005B084FEA3202B6EB16
:10086000020E75EB030E22BFB61A754640EA9C00D5
:100870005B084FEA3202B6EB020E75EB030E22BFA5
:10088000B61A754640EADC0055EA060E18D04FEA63
:10089000051545EA16754FEA06164FEAC30343EA03
:1008A00052734FEAC2025FEA1C1CC0D111F4801FD0
:1008B0000BD141EA00014FF000004FF0004CB6E7C9
:1008C00011F4801F04BF01430020B4F1FD0C88BF68
:1008D000BCF5E06F3FF6AFAEB5EB030C04BFB6EB73
:1008E000020C5FEA500C50F1000041EB045170BD66
:1008F0000EF0004E4EEA113114EB5C04C2BFD4EB93
:100900000C0541EA045170BD41F480114FF0000E16
:10091000013C90E645EA060E8DE60CEA135594EA92
:100920000C0F08BF95EA0C0F3FF43BAF94EA0C0F95
:100930000AD150EA01347FF434AF95EA0C0F7FF40A
:1009400025AF104619462CE795EA0C0F06D152EA5E
:1009500003353FF4FDAE1046194622E750EA410642
:1009600018BF52EA43067FF4C5AE50EA41047FF453
:100970000DAF52EA43057FF4EBAE12E74FF0FF3CB8
:1009800006E000BF4FF0010C02E000BF4FF0010C89
:100990004DF804CD4FEA410C7FEA6C5C4FEA430C02
:1009A00018BF7FEA6C5C1BD001B050EA410C0CBF51
:1009B00052EA430C91EA030F02BF90EA020F0020B3
:1009C000704710F1000F91EA030F58BF994208BF1A
:1009D00090422CBFD8176FEAE37040F001007047D7
:1009E0004FEA410C7FEA6C5C02D150EA013C07D12E
:1009F0004FEA430C7FEA6C5CD6D152EA033CD3D079
:100A00005DF8040B704700BF8446104662468C4672
:100A10001946634600E000BF01B5FFF7B7FF0028A5
:100A200048BF10F1000F01BD4DF808EDFFF7F4FFCE
:100A30000CBF012000205DF808FB00BF4DF808ED59
:100A4000FFF7EAFF34BF012000205DF808FB00BF7C
:100A50004DF808EDFFF7E0FF94BF012000205DF89E
:100A600008FB00BF4DF808EDFFF7CEFF94BF012053
:100A700000205DF808FB00BF4DF808EDFFF7C4FF4C
:100A800034BF012000205DF808FB00BF4FEA410C95
:100A90007FEA6C5C02D150EA013C0AD14FEA430C78
:100AA0007FEA6C5C02D152EA033C02D14FF00000B5
:100AB00070474FF0010070474FEA410212F50012F3
:100AC00015D211D56FF47873B3EB625212D94FEA95
:100AD000C12343F0004343EA505311F0004F23FA7F
:100AE00002F018BF404270474FF00000704750EAD4
:100AF000013005D111F0004008BF6FF00040704791
:100B00004FF00000704700BF4A0011D212F50012EA
:100B100011D20DD56FF47873B3EB62520ED44FEA55
:100B2000C12343F0004343EA505323FA02F07047D5
:100B30004FF00000704750EA013002D14FF0FF3013
:100B400070474FF0000070474FEA4102B2F1E043B6
:100B500024BFB3F5001CDCF1FE5C0DD901F0004CA4
:100B60004FEAC0024CEA5070B2F1004F40EB8300F4
:100B700008BF20F00100704711F0804F21D113F120
:100B80003872BCBF01F00040704741F480114FEA59
:100B90005252C2F11802C2F1200C10FA0CF320FAE2
:100BA00002F018BF40F001004FEAC1234FEAD323FF
:100BB00003FA0CFC40EA0C0023FA02F34FEA430369
:100BC000CCE77FEA625307D150EA01331EBF4FF0F2
:100BD000FE4040F44000704701F0004040F0FE400D
:100BE00040F40000704700BF0348044B834202D02A
:100BF000034B03B118477047CC010020CC01002003
:100C0000000000000548064B1B1AD90F01EBA30199
:100C1000491002D0034B03B118477047CC010020A4
:100C2000CC0100200000000010B5064C237843B929
:100C3000FFF7DAFF044B13B10448AFF30080012340
:100C4000237010BDCC0100200000000074C8000813
:100C500008B5054B1BB105490548AFF30080BDE859
:100C60000840FFF7CFBF00BF00000000D001002008
:100C700074C8000808B5012006F0EAFB4FF4C06014
:100C800006F0BCFB40F2026006F0B8FB40F20360E5
:100C900006F0B4FB40F2046006F0B0FB4FF4A06035
:100CA00006F0ACFB40F2015006F0A8FB40F21970D0
:100CB00006F0A4FB40F20E7006F0A0FB40F20F70AD
:100CC00006F09CFB40F20B6006F098FB40F20960D6
:100CD00006F094FB40F20A6006F090FB40F20F60D1
:100CE00006F08CFBBDE8084040F2117006F086BBB0
:100CF00070B505F0B9FAFFF7BDFF00F02FFA02F06A
:100D000079F801F0E3FF00F03DFC01F091FF01F004
:100D1000B7FF00F0CFFA00F0BBFB03F0A9F8C5481D
:100D200008F028FDC44808F025FD01230022022117
:100D3000C24808F0B7FCC248062105F07BF8C0485D
:100D400005F062F9002800F0AC81BE4DBE4C6B6925
:100D5000D4ED027A013304BF00236B612B690133A8
:100D600008BF0023F4EE677A08BF2B61F1EE10FA9A
:100D700080F19481BFEE007AF4EE477AF1EE10FA3A
:100D800000F08C81D4ED037AF4EE677AF1EE10FA7C
:100D900080F18181BFEE007AF4EE477AF1EE10FA2D
:100DA00000F07981D4ED067AF4EE677AF1EE10FA6C
:100DB00080F16E81BFEE007AF4EE477AF1EE10FA20
:100DC00000F066816B68D4ED077A013304BF01231C
:100DD0006B60AB68013304BF0023AB60EB68013389
:100DE00008BF4FF47A73F4EE677A08BFEB60F1EE58
:100DF00010FA80F11B81BFEE007AF4EE477AF1EE33
:100E000010FA00F01381D4ED087AF4EE677AF1EE6F
:100E100010FA80F10881BFEE007AF4EE477AF1EE25
:100E200010FA00F00081D4ED097AF4EE677AF1EE61
:100E300010FA80F1F580BFEE007AF4EE477AF1EE19
:100E400010FA00F0ED80D4ED127AF4EE677AF1EE4C
:100E500010FA80F1E280BFEE007AF4EE477AF1EE0C
:100E600010FA00F0DA80D4ED0A7AF4EE677AF1EE47
:100E700010FA80F1CF80BFEE007AF4EE477AF1EEFF
:100E800010FA00F0C780D4ED117AF4EE677AF1EE33
:100E900010FA80F1BB80BFEE007AF4EE477AF1EEF3
:100EA00010FA00F0B380D4ED0E7AF4EE677AF1EE2A
:100EB00010FA80F1A780BFEE007AF4EE477AF1EEE7
:100EC00010FA00F09F80D4ED177AF4EE677AF1EE15
:100ED00010FA80F19480BFEE007AF4EE477AF1EEDA
:100EE00010FA00F08C80D4ED187AF4EE677AF1EE07
:100EF00010FA80F18180BFEE007AF4EE477AF1EECD
:100F000010FA79D0D4ED147A5048514EF4EE677A45
:100F1000D4ED137AF1EE10FA64BF4E4B2365F4EE74
:100F2000677AD4ED167AF1EE10FA64BF4A4BE364A7
:100F3000F4EE677AD4ED157AF1EE10FA64BF474B00
:100F4000A365F4EE677AF1EE10FA64BF444B636573
:100F500003F028FA00214FF44472424808F02BFCB9
:100F60006A69A36AC6F8D82064202A69C6F8D42022
:100F7000B3663D4D05F09AF96421304604F09CFCBF
:100F80003A494FF4007206F1DC0008F061FC95E884
:100F9000070002F06FFE002840F08B80344800F01C
:100FA00011FB344800F028FB00221146282006F0EF
:100FB000D3F901220021142006F0CEF900220121EC
:100FC000192006F0C9F900220221262006F0C4F9F2
:100FD000294B062101221980DA7000244FF47A701F
:100FE00005F064F9AB880134002BF7D095E80700D1
:100FF000234602F055FDF1E7204B236682E7204BA4
:10100000E36570E74FF07E53A3635CE74FF07E53D8
:10101000636448E71B4BA36235E7184BA36422E7E0
:10102000194B63620FE7194B2362FCE60023E3616F
:10103000E9E600BFA8C90008B4C90008D4C900087F
:10104000843900209C3900209C3D002084360020FB
:101050006433002000004841000048C10000824283
:10106000000082C23C2E002058330020B4390020FA
:10107000E8010020FC010020743600200000A040A0
:101080000000FA430000A841000060410000FA425D
:101090000023A36196E6094BE36083E6084BA36057
:1010A00070E60849084800F06FFB084808F062FB4A
:1010B0004BE6074808F05EFB70E700BF00002042E7
:1010C00000007A449C3D00209C390020F0C90008B3
:1010D00040CA000808B514484FF4006106F0B4F89F
:1010E0001248002106F0BAFB002211460F4806F014
:1010F0004DFD0E480022012106F048FD0B4800225C
:10110000022106F043FD00221146084806F0E0FCEB
:1011100006480022012106F0DBFCBDE80840034838
:101120000022022106F0D4BC00080140002C01403E
:10113000024A136803431360FFF7CCBF9C3E0020B4
:10114000014B1868704700BF9C3E0020024A13689C
:1011500023EA0003136070479C3E002010B55048FE
:10116000012106F085F84F48012106F081F84E482C
:101170004FF4A0530122182106F00EF84A484FF40C
:1011800000630122042106F007F84FF40043012216
:101190004648102106F000F844484FF4004106F09C
:1011A00051F843484FF420430122182105F0F4FF81
:1011B0003F484FF480430122482105F0EDFF4FF4F2
:1011C000805301223A48102105F0E6FF38484FF4D9
:1011D000805106F037F835484FF4006302221021A1
:1011E00005F0DAFF4FF4805303223048042105F064
:1011F000D3FF2E484FF4006106F026F82B484FF439
:10120000E0630322182105F0C7FF274803230422C7
:10121000002105F0C1FF264801230422002105F02A
:10122000BBFF21480C230422002105F0B5FF1F4815
:10123000F0230422002105F0AFFF1B4830230422D5
:10124000002105F0A9FF4FF4005302221648102197
:1012500005F0A2FF14484FF4005105F0F5FF1348C4
:1012600004230122182105F097FF082301220F48CB
:10127000042105F091FF01214FF4EA1005F0F8FF79
:101280000B484FF480730222482105F085FFBDE82A
:10129000104007484FF400730322182105F07CBF6B
:1012A0000010200000023000001001400008014042
:1012B000000C014070B5714888B0002105F018FDA0
:1012C0006F4A704B01920024042503934FF400727F
:1012D0004FF400634FF48076029204930DEB050205
:1012E0004FF4805321466548ADF81C60CDE90553A5
:1012F0008DF81E4005F01AFD2146604805F054FDAA
:1013000021465E4805F062FD5F4805F04BF95F48F5
:1013100005F048F94FF4803005F092F931465A480B
:10132000012205F09DF922465748022105F098F95F
:1013300031465648012205F093F9224653480221CE
:1013400005F08EF92146504805F0B2F92A464E487C
:10135000012105F0B7F901224B48022105F0B2F94D
:1013600021464A4805F0A4F92A464848012105F0DB
:10137000A9F946480122022105F0A4F92346214695
:101380004148062205F0BCF923463F480F220121BF
:1013900005F0B6F923463C480722022105F0B0F9D2
:1013A000234639480822032105F0AAF9234621469D
:1013B0003648052205F0A4F9234634480E220121BF
:1013C00005F09EF923462A463048022105F098F997
:1013D00023462E480C22032105F092F92A484FF4A7
:1013E0006022012105F038FA01221146264805F055
:1013F00017FA26484FF46022012105F02DFA012248
:101400001146224805F00CFA234621461E480B22BD
:1014100005F0CEF9234621461C480A2205F0C8F9FA
:1014200019484FF4E042022105F016FA164801224D
:10143000022105F0F5F915484FF4E042022105F0CC
:101440000BFA01220221114805F0EAF90E4805F0D5
:10145000F1F80E4805F0EEF80B4805F0D1F80B480E
:1014600005F0CEF8012004F021FF074805F0D0F880
:10147000064805F0CDF808B070BD00BF000002407E
:101480004C240140A43E00200024014000280140DB
:1014900070B5384888B0042105F02AFC3649374A2F
:1014A00001914FF48063012400254FF4807603926C
:1014B000049301AA4FF480532E4806930421ADF8FB
:1014C0001C6002968DF81E50059405F02FFC2948EB
:1014D000042105F069FC0421264805F077FC284822
:1014E00005F060F822463146254805F0B9F82A464D
:1014F0002348022105F0B4F82946214805F0D8F820
:10150000224621461E4805F0DDF822461C480221ED
:1015100005F0D8F82B46294619480D2205F0F0F8B9
:10152000214617484FF4602205F096F922462146DD
:10153000134805F075F92B46294611480D2205F090
:1015400037F90F484FF4E042022105F085F92246B1
:1015500002210B4805F064F9094805F06BF80848CA
:1015600005F04EF8204604F0A1FE054805F050F8BD
:1015700008B070BD000402404C3C0140A03E002079
:10158000003C014000B585B001A9002005F0BAF982
:101590000A4805F0A5F90A484FF48072CDE9010226
:1015A0004FF4802301A90548039305F0DDF90348B2
:1015B000022105F099FB05B000BD00BF00640040AA
:1015C0000000090300B5014687B0032005F09AF931
:1015D00001A9012005F096F900234FF48031012282
:1015E00001A8CDE90133CDE903318DF8142005F0D0
:1015F0004DFA07B000BD00BF00B583B001460190B1
:10160000022005F07FF9054A0199906808600023DF
:1016100006228A724B600B8103B000BD9C3900200A
:10162000F0B52DED028B1E4D83B00446F0EE608ABE
:10163000B0EE418AD5ED130A95ED141A01911020F0
:1016400003F0B0FF95ED161AD5ED150A0746B0EE7A
:10165000680A0C2003F0A6FFD5ED030A95ED0E7A7B
:10166000D5ED117A60EEC70A064660EEA70AB0EE25
:10167000480AB1EE601A0C2003F094FF031201999E
:10168000E17203EB06137ABA3111E3730023A173FD
:10169000A28120746374A37403B0BDEC028BF0BD0F
:1016A0009C3D002084B0F0B52DED028B83B00AACD8
:1016B00084E80F009DF836309DF835709DF839208C
:1016C0009DF83760BDF833002D4C9DF838E09DF84B
:1016D0003A10D4ED140A94ED130A0F9D9FED298A58
:1016E0004FEA032C1B0943EA07170CF470631E43EF
:1016F000130240BA120903F470630B4342EA0E125C
:1017000080B210210092019303F060FF85ED000A82
:10171000D4ED160A94ED150A38460C2103F056FF55
:1017200085ED010AD4ED170A3046B0EE480A0C21C7
:1017300003F04CFF85ED020AD4ED180A00980C2145
:10174000B0EE480A03F042FF85ED030A94ED030A68
:1017500094ED0E7AD4ED117A019820EE470A0C210F
:1017600020EE270AF1EE400A03F030FF85ED040A6F
:1017700003B0BDEC028BBDE8F04004B0704700BF81
:101780009C3D00200000000070B54FF480620C46C4
:101790000546002108F00FF801264FF48072002161
:1017A000204608F008F86E60002300224FF47A7695
:1017B000C5E904222A60AA60EE60154ADFED156AC9
:1017C0009FED157ADFED157AA3614FF07E51E3614D
:1017D0006363E3632364124BDFF858E0DFF858C01B
:1017E0001048A1636164A2640F49236522660F4B10
:1017F0000F4AC4ED026A84ED037AC4ED087AC4F896
:1018000054E0C4F858C0E164E0656262A36270BD50
:101810000000A04000007A44000020420000FA428C
:10182000000048410000FA43000048C10000A84100
:1018300000006041000082C20000824270B50E4686
:101840001E49A0F1040E00F57F754FF0FF305EF8E1
:10185000044F4FF0000C24FA0CF3DBB2584008227E
:1018600040F300030B40013A83EA5000F8D10CF139
:10187000080CBCF1200FEED17545E8D10F49B646F2
:1018800006F58075DEF800404FF0000C24FA0CF3EA
:10189000DBB25840082240F300030B40013A83EAD0
:1018A0005000F8D10CF1080CBCF1200FEED10EF174
:1018B000040EAE45E6D1C04370BD00BF2083B8ED35
:1018C0000368012B00F22C8243687F2B00F22882F0
:1018D00083687F2B00F22482C368DE4A013B934277
:1018E00000F21E820369DFF8A4C34FF6FF721344AF
:1018F000634500F2158243691A44624500F2108282
:10190000D1ED027A9FEDD47AF0EEE76AF4EE476A01
:10191000F1EE10FA00F20482DFEDDD6AF4EEE67A11
:10192000F1EE10FAC0F2FC81DFEDCC6AF4EEE67A5B
:10193000F1EE10FA00F2F481D1ED037AF0EEE76AED
:10194000F4EE476AF1EE10FA00F2EA819FEDC47AF4
:10195000F4EEC77AF1EE10FAC0F2E2819FEDC17A9F
:10196000F4EEC77AF1EE10FA00F2DA81D1ED064A10
:10197000DFEDB96AB0EEE47AB4EE667AF1EE10FA11
:1019800000F2CE81F5EEC04AF1EE10FAC0F2C88145
:101990009FEDB57AF4EEC74AF1EE10FA00F2C0817D
:1019A00091ED077AB0EEC76AB4EE666AF1EE10FA0E
:1019B00000F2B681B5EEC07AF1EE10FAC0F2B08155
:1019C0009FEDB36AB4EEC67AF1EE10FA00F2A88188
:1019D00091ED087AB0EEC76AB4EE666AF1EE10FADD
:1019E00000F29E81F7EE006AB4EEE67AF1EE10FAAC
:1019F000C0F29681DFED9D6AB4EEE67AF1EE10FA60
:101A000000F28E8191ED095ADFED936AB0EEC57A4E
:101A1000B4EE667AF1EE10FA00F282819FED907AD0
:101A2000B4EEC75AF1EE10FAC0F27A819FED907AC7
:101A3000B4EEC75AF1EE10FA00F2728191ED0A7A13
:101A4000B0EEC76AB4EE666AF1EE10FA00F2688191
:101A5000B7EE006AB4EEC67AF1EE10FAC0F2608119
:101A60009FED846AB4EEC67AF1EE10FA00F2588166
:101A700091ED0D7AB0EEC76AB4EE666AF1EE10FA37
:101A800000F24E81B5EEC07AF1EE10FAC0F2488154
:101A9000DFED7F6AB4EEE67AF1EE10FA00F24081F3
:101AA000D1ED0E6A9FED6C7AB0EEE66AB4EE476A4D
:101AB000F1EE10FA00F234819FED6F6AF4EEC66A1F
:101AC000F1EE10FAC0F22C81B2EE046AF4EEC66AAE
:101AD000F1EE10FA00F22481D1ED0F6AB0EEE66A61
:101AE000B4EE476AF1EE10FA00F21A81F5EEC06A20
:101AF000F1EE10FAC0F214819FED606AF4EEC66A4E
:101B0000F1EE10FA00F20C81D1ED106AB0EEE66A47
:101B1000B4EE476AF1EE10FA00F20281F5EEC06A07
:101B2000F1EE10FAC0F2FC809FED556AF4EEC66A41
:101B3000F1EE10FA00F2F480D1ED116AB0EEE66A2F
:101B4000B4EE476AF1EE10FA00F2EA809FED4D7AAA
:101B5000F4EEC76AF1EE10FAC0F2E2809FED477A28
:101B6000F4EEC76AF1EE10FA00F2DA80D1ED126AF3
:101B70009FED397AB0EEE66AB4EE476AF1EE10FAFC
:101B800000F2CE809FED366AF4EEC66AF1EE10FAEE
:101B9000C0F2C680B3EE046AF4EEC66AF1EE10FA43
:101BA00000F2BE80D1ED135AF0EEE56AF4EE476A1A
:101BB000F1EE10FA00F2B480DFED336AF4EEE65A8B
:101BC000F1EE10FAC0F2AC80F5EEC05AF1EE10FA68
:101BD00000F2A68091ED146AF0EEC66AF4EE476A50
:101BE000F1EE10FA00F29C80B5EEC06AF1EE10FA48
:101BF000C0F296809FED214AB4EEC46AF1EE10FA6D
:101C000000F28E80D1ED156AB0EE473AB0EEE67A7A
:101C1000B4EE437AF1EE10FA00F282809FED1A7A68
:101C2000F4EEC76AF1EE10FA7ADBF5EEC06AF1EE77
:101C300010FA75D891ED167AF0EEC73AF4EE433A01
:101C4000F1EE10FA6CD8B5EEC07AF1EE10FA67DB5F
:101C500020E000BF9F860100FFFF7F7F0000FA4465
:101C6000CDCCCC3D00007042000004420000164381
:101C7000000020420000804217B7D13800007A44AB
:101C80000050C3476F12833A00007AC4FEFF010080
:101C90000000C842B4EEC47AF1EE10FA40D8D1ED9B
:101CA000173AF0EEE32AF4EE432AF1EE10FA37D8B1
:101CB000F5EEC03AF1EE10FA32DBF4EEC43AF1EE92
:101CC00010FA2DD891ED184AF0EE433AB0EEC43A2E
:101CD000B4EE633AF1EE10FA22D8B5EEC04AF1EE56
:101CE00010FA1DDB5FED163AB4EEE34AF1EE10FA9E
:101CF00016D8F4EEE47AF1EE10FA11DBF4EEC57AC0
:101D0000F1EE10FA0CDBF4EEC65AF1EE10FA07D53C
:101D1000F4EEC76AF1EE10FA4CBF012000207047C4
:101D20000020704730B5DFF83CC083B06045069DA9
:101D3000079C02D0002003B030BD0229FAD1B2F5D1
:101D4000A07FF7D1214628460193FFF777FD019B3D
:101D50009842EFD12146284603B0BDE83040FFF756
:101D6000AFBD00BF4154484E401A0028D4BF0020E8
:101D70000120704740B12AB15B1A002BD4BF00206C
:101D8000012070471046704782420CBF4FF0FF3071
:101D90000120704711B10AB1082B01D00020704713
:101DA000009BC01AB3F5006FB0FA80F04FEA5010F4
:101DB00028BF0020704700BF431E00F1060C13F837
:101DC000012FFF2A09D16345F9D1C279131DDBB276
:101DD000022B02D80A70012070470020704700BF14
:101DE00038B5C0F30D0444F4804440F44045204627
:101DF0000AF0FAFC002814BF2846204638BD00BF70
:101E0000084310B5C0F30D0420460AF0EDFC44EA87
:101E1000C03080B210BD00BF10B504460AF0E4FC2B
:101E200028B914F4804F18BF6FF0010010BD4FF0B7
:101E3000FF3010BDC0F30D00C1F30D01401AB0F525
:101E4000005F03DDA0F5804000B2704710F5005F31
:101E5000B8BF00F5804000B2704700BF0378A52BE3
:101E600029D143785A2B26D18378012B23D110B561
:101E700083790C46CBB9DFF84CE0421E811D00236C
:101E800012F801CF83EA0C0391421EF80330F7D118
:101E9000C2799A4212D1C37823700379637043796F
:101EA000A3708379E370002010BDC378072BE2D0C4
:101EB0004FF0FF3010BD4FF0FF3070476FF0010062
:101EC00010BD00BF90C8000890F800C06CF07F0CF7
:101ED00083F800C090F801C083F801C08078987042
:101EE0004FEA122CD970100C110E1A7183F805C02C
:101EF0009871D971704700BF164B1B7803B97047B2
:101F000030B5154C237883B0DBB2CDE900310546FE
:101F100004F0E4F9009B114A019903EB430C4FEAEA
:101F20008C0E013342F80E0002EB8C0203F01F030B
:101F30000B4815719160237003781F2B04D8037828
:101F40000133037003B030BD064A136801331360D8
:101F500003B030BDBE3E0020BD3E0020C03E00208C
:101F6000BC3E0020B83E00202DE9F0418A4C0168BB
:101F7000236840F201720133914288B0236006D198
:101F8000037A23B9437A13B9827A082A05D0A36861
:101F90000133A36008B0BDE8F08102A90B300093C3
:101FA000FFF75CFF18B1E3680133E360F2E704F088
:101FB00095F97A49009B0A68821A132A40F2238114
:101FC000626808609DF8081001320729626000F01D
:101FD0001E81032900F21B86DFE801F08D831902C0
:101FE0009DF80A100F2900F28B80DFE811F0CA007B
:101FF000C800C600F300F100EF00ED00EB0089001F
:10200000E700D100CD00BF00BB008900C3009DF8F0
:102010000A20632A74D8DFE812F0F405ED05E6051E
:102020008E058905850580057300730079055905BE
:1020300055054E0547053D05350530052B05540270
:102040004B027300730073007300F000E200DF00C6
:102050006D02E200F000DF00730073007300730094
:1020600073007300730073007300730073007300D8
:1020700073007300730073007300730073007300C8
:102080007300730073007300730079027302F00031
:10209000AF02A902A2029B0294028D0286027F0275
:1020A0002003190312030B030403FD02F602EF02DF
:1020B000E802E102DA02D302CC02C502BE02B50296
:1020C000D304B8048D0472043904300421040704D5
:1020D000E103C70385036B0354034A03410327034A
:1020E0005D029DF80A20042A00F29485DFE802F0E0
:1020F0003633312F38009DF80A20002A00F0C181C4
:102100000123216901310022216103A90220CDE9C7
:10211000003204F0F7FB00230493ADF8143040F2D2
:10212000817303930823DDE9001202A88DF81630AD
:102130000DF11703FFF7C8FE194803A904F020FDAD
:10214000032800F07981A3690133A36122E7154ACE
:10215000DBE70F22D9E74FF48032D6E7124AD4E703
:10216000124AD2E7124AD2F80823CEE7104AD2F830
:102170000423CAE70F4A1268C7E7A268C5E7626886
:10218000C3E722680B46C0E7094AD2F80023BCE740
:10219000094AD2F8FC22B8E740400020B43E0020B3
:1021A0000064004001D1E0A74154484E01E803001B
:1021B000643300206040002084360020A04AD2F81A
:1021C000FC22A2E7E269A0E7A2699EE762699CE7B8
:1021D00022699AE7E26898E740F2154295E7994A42
:1021E0009FED997AD2ED037A9849994AB4EEE77A4D
:1021F000F1EE10FAB8BF0A4687E7009301F08AF9BA
:10220000009B024681E7636901336361C2E69DF882
:102210000A20013A0B2A00F2FA84DFE812F00601E4
:102220009E00E900A600F1008F00790061004C00DB
:10223000370021000C0087489DF80B2001788A4266
:10224000BFF45EAF8449097800782031091A0A4446
:10225000824902F01F020C2000FB0212926854E730
:102260007C489DF80B2001788A42BFF449AF7A4937
:10227000097800782031091A0A44784902F01F02CF
:102280000C2000FB02121279D2B23EE771489DF891
:102290000B2001788A42BFF433AF6F490978007888
:1022A0002031091A0A4402F01F020C206B4900FB7E
:1022B00002F28A5829E76849664800220A7068498C
:1022C00002700A60674A1278007842EA00220868C1
:1022D000B0F5803F36BF0968634909040A4314E733
:1022E000604A4FF0000C82F800C01178002940F0DD
:1022F000CA8058485A491278007842EA0022086891
:10230000B0F5803F36BF0968574909040A43FCE627
:10231000544A5048012111701178002940F0BD80C5
:102320004F491278007842EA00220868B0F5803FF1
:1023300036BF09684C4909040A43E6E64B4802786F
:1023400041780A43D2B2002A00F098801B21009302
:1023500003F03AF8009B0122D7E6444800936D2130
:1023600003F032F8009B0222CFE69DF80B30013BD0
:10237000DBB2132B00F282803C4A1378527813436D
:1023800013F0FF037AD10093FEF7DAFE002875D12F
:10239000374A9288002A71D1294A92F8DD22002A10
:1023A0006CD0344A92F8F522002A67D000F18040C0
:1023B0004FF4805100F5843004F04EFF00285DD0CA
:1023C0009DF80B309FED2C7A1E4A284807EE903A74
:1023D000F8EE677A632167EE877AC2ED127A02F02F
:1023E000F3FF9DF80B20009B642101FB02F28CE6B9
:1023F0001E480093652102F0E7FF009B032284E65C
:102400001A490A7849780A43D2B2002A36D1009391
:10241000FEF796FE90BB0A4A92F8DD2272B313488B
:102420007A2102F0D1FF009B95E7104800931B2111
:1024300002F0CAFF009B8EE7E3690133E361A9E57F
:10244000643300209C3D002000002042A000800258
:10245000A000C002BC3E0020BD3E0020C03E0020C7
:10246000B83E0020BE3E00200000FFFF7436002072
:102470005833002084360020CDCCCC3D02230022EE
:1024800043E6B54A41E6B549B54881F800C0B549CB
:1024900080F800C0C1F800C02DE7B249AF4D4FF041
:1024A000000C85F800C080F800C0C1F800C038E713
:1024B000AD49D1F83C2CD1F82C1C92B242EA014231
:1024C00023E6A949D1F8342CD1F8381C92B242EA5B
:1024D00001421AE6A54AA2491278097842EA012285
:1024E000A0490868B0F5803F36BF0968A0490904D3
:1024F0000A430AE6009301F0A9FA009B024604E6AB
:10250000009301F001F8009B0246FEE5009300F005
:10251000F5FF009B0246F8E50520009301F00CF85A
:10252000009B0246F1E50420009301F005F8009BB2
:102530000246EAE50320009300F0FEFF009B0246FE
:10254000E3E50220009300F0F7FF009B0246DCE584
:102550000120009300F0F0FF009B0246D5E500202B
:10256000009300F0E9FF009B0246CEE5009300F0E7
:10257000DDFF009B0246C8E5009300F0D1FF009B01
:102580000246C2E57B49CA7848780978120442EAD3
:1025900000220A43B9E50E20009300F0D7FF009B0C
:1025A0000246B2E50D20009300F0D0FF009B0246EA
:1025B000ABE50C20009300F0C9FF009B0246A4E5A8
:1025C0000B20009300F0C2FF009B02469DE50A200D
:1025D000009300F0BBFF009B024696E509200093A4
:1025E00000F0B4FF009B02468FE50820009300F046
:1025F000ADFF009B024688E50720009300F0A6FF90
:10260000009B024681E50620009300F09FFF009B9F
:1026100002467AE50520009300F098FF009B0246F1
:1026200073E50420009300F091FF009B02466CE5E7
:102630000320009300F08AFF009B024665E502201C
:10264000009300F083FF009B02465EE501200093AB
:1026500000F07CFF009B024657E50020009300F04D
:1026600075FF009B024650E5434A9FED447AD2ED48
:10267000127AF4EEC77AF1EE10FA15DA9FED407A8D
:10268000F4EEC77AF1EE10FA0BD99FED3E7A67EEC1
:10269000877AFDEEE77A17EE902A36E53A4AD26954
:1026A00033E54FF0004230E56FF000422DE536494A
:1026B000CA8C087891F82010120442EA00220A43DA
:1026C00023E531492B4A107892F801C00A7C1204A4
:1026D00042EA0C22024391F8210042EA006291F89A
:1026E000220091F8241042EA406242EA81620CE53D
:1026F000264A9FED227AD2ED377AF4EEC77AF1EED0
:1027000010FA48DA9FED1E7AF4EEC77AF1EE10FA6D
:102710003ED99FED1C7A67EE877AFDEEE77A17EED9
:10272000902AF2E4194A9FED157AD2ED367AF4EE4A
:10273000C77AF1EE10FA34DA9FED117AF4EEC77A27
:10274000F1EE10FA2AD99FED0F7A67EE877AFDEE47
:10275000E77A17EE902AD8E44154484EBD3E002057
:10276000BC3E0020B83E002000200140BE3E0020BC
:102770000000FFFF743600209C3D00206C12034ACD
:102780006C1203CA00007A44100200208436002034
:102790004FF00042B9E46FF00042B6E44FF000425F
:1027A000B3E46FF00042B0E4CA4A9FEDCB7AD2EDB9
:1027B000357AF4EEC77AF1EE10FA2CDA9FEDC77A8B
:1027C000F4EEC77AF1EE10FA22D99FEDC57A67EEE2
:1027D000877AFDEEE77A17EE902A96E4BD4A9FEDE0
:1027E000BE7AD2ED347AF4EEC77AF1EE10FA18DA46
:1027F0009FEDBA7AF4EEC77AF1EE10FA0ED99FED9A
:10280000B87A67EE877AFDEEE77A17EE902A7CE4D5
:102810004FF0004279E46FF0004276E44FF000425E
:1028200073E46FF0004270E4AA4A9FEDAB7AD2EDF8
:10283000337AF4EEC77AF1EE10FA1BDA9FEDA77A3D
:10284000F4EEC77AF1EE10FA11D99FEDA57A67EE92
:10285000877AFDEEE77A17EE902A56E4A149D1F87F
:102860003C2CD1F82C1C92B242EA01424DE44FF0CC
:1028700000424AE46FF0004247E49A49D1F8342C10
:10288000D1F8381C92B242EA01423EE491499FEDF0
:10289000967AD1ED057AF4EEC77AF1EE10FA80F26D
:1028A000E4809FED927AF4EEC77AF1EE10FA40F2EE
:1028B000DA809FED8B7A67EE877AFDEEE77A17EE86
:1028C000902AD1ED067A9FED887AF4EEC77AF1EE80
:1028D00010FA92B280F2C4809FED847AF4EEC77A47
:1028E000F1EE10FA40F2BA809FED7D7A67EE877ABA
:1028F000FDEEE77A17EE901A42EA014205E4754AC6
:102900009FED757AD2ED117AF4EEC77AF1EE10FAF6
:102910002FDA9FED727AF4EEC77AF1EE10FA24D92D
:102920009FED6F7A67EE877AFDEEE77A17EE902AD1
:10293000FFF7EBBB674A9FED687AD2ED2A7AF4EE97
:10294000C77AF1EE10FA1CDA9FED647AF4EEC77ADA
:10295000F1EE10FA11D99FED627A67EE877AFDEEFB
:10296000E77A17EE902AFFF7D0BB4FF00042FFF74F
:10297000CCBB6FF00042FFF7C8BB4FF00042FFF73F
:10298000C4BB6FF00042FFF7C0BB594A9FED527ABB
:10299000D2ED037AF4EEC77AF1EE10FA5ADA9FED2F
:1029A0004F7AF4EEC77AF1EE10FA4FD99FED4C7AD8
:1029B00067EE877AFDEEE77A17EE902AFFF7A5BB60
:1029C000009301F043F84B4A9288151E414A92F851
:1029D000F52218BF0125161E474A92F8DD228046CF
:1029E00018BF01264FF40061171E444818BF012785
:1029F00004F038FC011E3B48D0F8442CC2F3C03C24
:102A0000D0F8202CD0F8203CD0F820EC4FEA8212ED
:102A100002F040020EF4807E42EA0E0242EA4502D3
:102A200042EA860242EAC702C3F3001042EA4C12AD
:102A300042EAC01218BF0121B8F1000F18BF42F0DE
:102A40000102009B42EA0112FFF75FBB4FF0004218
:102A5000FFF75BBB6FF00042FFF757BB28494BE71E
:102A600047F6FF7148E7264A2BE747F6FF7228E74B
:102A7000184AD2F8B420FFF748BB224AD2F81824EB
:102A8000FFF743BB1C4991F8DE2252B1D1F8E62290
:102A9000FFF73BBB1C4AD188128942EA0142FFF78B
:102AA00034BB0323FFF731BB174A5188928842EAAF
:102AB0000142FFF72ABB144A5189128842EA0142B7
:102AC000FFF723BB104AD268FFF71FBB014A128AE7
:102AD000FFF71BBB843600206C12034A6C1203CA3A
:102AE00000007A4400200140681103426F1203C2C3
:102AF0009C3D002058330020643300200008014032
:102B00000080FFFF00600040A43E002043490A8986
:102B1000C96842EA0142FFF7F8BA414AD2F8802078
:102B2000FFF7F3BA3E4A926FFFF7EFBA3C4AD2F88A
:102B3000E022FFF7EABA4FF480513A48009304F0DC
:102B40008BFB4FF400610646364804F08BFB031EF6
:102B500035483649D0F8442CC2F3C035D1F8182492
:102B6000D1F818E4D1F81814C1F3800CD0F8201C67
:102B70004FEA42124FEA012101F4807102F0200273
:102B800042EA0102264991F8DD1218BF01230039FB
:102B900018BF012142EA430242EAC1021F49009BD9
:102BA00091F8F512003918BF012142EA0112CEF363
:102BB000400E42EA850242EA8E1242EACC12D0F876
:102BC00020CCD0F8201CCCF3001042EA4022C1F304
:102BD000002142EA8122002E08BF42F0010242F0A9
:102BE0000042FFF792BA0093FEF7AAFA009B024652
:102BF000FFF78BBA009303F071FB009B0246FFF7CF
:102C000084BA06491346D1F8F822FFF77EBA0423A6
:102C1000FFF777BA0B46FFF774BA00BF843600207F
:102C200064330020000801400020014000600040A3
:102C300000B5114889B004F0B7FC9FED0D7B4FF44F
:102C400000724FF4827100234FF40060CDE900134D
:102C5000CDE9020218236946074806938DED047BEF
:102C600004F0D0FC044804F0E7FC09B000BD00BF4C
:102C700000000000010000000038004000000000DB
:102C800000B5114889B004F08FFC9FED0D7B4FF427
:102C900000724FF4827100234FF40060CDE90013FD
:102CA000CDE9020210236946074806938DED047BA7
:102CB00004F0A8FC044804F0BFFC09B000BD00BF4C
:102CC0000000000001000000003C004070B54848D2
:102CD0008CB004F0C3FC08A8002404F035FD0125E5
:102CE0004FF400134FF4FA6208A9414808930A927E
:102CF00009948DF82C5004F02FFD3D4804F086FF18
:102D000021463B4804F06CFF2946394804F070FF27
:102D1000374804F079FD01A804F0AAFD022601AAB3
:102D2000214633480394CDE9014604F0A7FD21462E
:102D30002F48602204F0A4FE21462D48042204F00E
:102D4000FDFE21462A48082204F0D0FE22462146F4
:102D5000274804F0BDFE01AA2946254804F08EFD4F
:102D600029462348602204F08BFE2946204804228D
:102D700004F0E4FE29461E48082204F0B7FE22466D
:102D800029461B4804F0A4FE01AA3146184804F065
:102D900075FD31461648602204F072FE3146144833
:102DA000042204F0CBFE31461148082204F09EFEB6
:102DB000224631460E4804F08BFE04A804F032FD92
:102DC0004FF0005304A90A480694CDE90443ADF836
:102DD0001C4004F02DFD2146054804F03FFD294626
:102DE000034804F017FD024804F008FD0CB070BD64
:102DF000002C014008B50D4804F00EFF0B484FF4BD
:102E0000E13104F055FF0948042104F091FF082145
:102E1000064804F087FF054804F07EFFBDE808403F
:102E2000024840F2053104F099BF00BF0044004061
:102E300038B50546E9B20C4804F080FF41F20104C0
:102E400001E0013C07D00848072104F07FFF00287B
:102E5000F7D0284638BD054A13684FF0FF350133D7
:102E60001360284638BD00BF004400406040002089
:102E7000F0B52DED028B8E4D1446002287B02A60EE
:102E80000E46217C074600295ED0E168DFED896AA5
:102E90005B1A07EE903AF8EEE77AB7EE007A67EE43
:102EA000A67AF4EEC77AF1EE10FAC4ED057A55D49D
:102EB000F0EE006AF4EEE67AF1EE10FA6AD43046EB
:102EC00001F0F8FAD7ED037A94ED067ADFED7A6A2D
:102ED00037EEC78AB0EEC88AB4EE668AF1EE10FA11
:102EE0000DD8DFED766AB4EEE68AF1EE10FA06D47C
:102EF000DFED736AB4EEE68AF1EE10FA62DD304679
:102F000001F0D8FADFED6F7A68EE277A40F201120D
:102F1000FDEEE77A00230120A4F82120237017EEAC
:102F2000901A84F824000A20FEF7E6FF18EE100A33
:102F3000FDF7BAFA024664480B4607B0BDEC028BB7
:102F4000BDE8F04006F0AEBB6048029306F012FC0C
:102F50000122029B22740022E360626104F50052A8
:102F600002F6884002F5496200235949A3600360D4
:102F700013608A6CC6F8A42004F53051C6F8A83056
:102F80002C31304601F008FBFB68A36107B0BDECB3
:102F9000028BF0BD77EEC77A9FED4E7A04F532537F
:102FA00067EE877A04F5305108332C313046C4ED92
:102FB000027AC3ED007A07B0BDEC028BBDE8F040A9
:102FC00001F0EABA9FED430ACDED057A80EE080ADA
:102FD0008DED027A09F0A2FB431E142B9DED027ABF
:102FE000DDED057A07464FF0000242D8B4EEE77AED
:102FF000F1EE10FA2070CDED027A31D5364884F822
:10300000202006F0B7FBDDED027A21783348CDEDC4
:10301000027A06F047FBA069FDF746FA02460B4626
:103020000298CDE90223FDF73FFADDE90223CDE95D
:1030300000012B4806F036FB94F820302B602378F3
:10304000234907EE903AF8EE677A00220123C1ED9A
:103050000A7A227484F8213007B0BDEC028BF0BDEF
:103060000123204884F8203006F084FBDDED027A4D
:10307000CBE7304601F01EFA40F201130022012195
:10308000A4F82130227084F824100A203946FEF773
:1030900033FF18EE100AFDF707FA024612480B46F6
:1030A000394607B0BDEC028BBDE8F04006F0FABA35
:1030B0009C390020D1CB0B38FFFF7F7FCDCC4C3E1D
:1030C000E4CB164100007A44ACCA000888CA000864
:1030D0009C3D0020DB0FC94028CB000858CB0008DE
:1030E0006CCB000840CB0008E8CA00082DE9F0418D
:1030F000C24E96ED0A7A2DED028BF3EE057AB4EE10
:10310000E77AF1EE10FA84B000F312811D46137CC9
:1031100014460F468046002B00F0D880D3689FED00
:10312000B87AEB1A07EE903AF8EEE77AB7EE006A53
:1031300067EE877AF4EEC67AF1EE10FAC2ED057A00
:1031400000F1D2809FEDAF8A96ED0A7A67EE085AB9
:10315000C5EE886A76EE866AF4EEE67AF1EE10FA4B
:1031600078D4DFEDA96A27EE267AC7EE086A36EE34
:10317000867AF4EEC77AF1EE10FA00F1E2800846A2
:1031800001F098F9D6ED0A7ABDEEE77A17EE103A1B
:10319000002B40F3928104EB432303F1280204F156
:1031A0002801002351F8040F91420344FAD107EE9D
:1031B000103AB8EEC77A9FED956AE56A9FED938A5B
:1031C000DFED938A27EE866AD5F58035C7EE066A6D
:1031D00048BF05F2FF156D120027FDEEE66AC4ED4B
:1031E000076A07EE107AF8EEC75A67EE886A65EE4E
:1031F000A75A6FF03F0265EE885A002165EEA85A83
:10320000B7EE005A13E036EEC56AB4EEC76AF1EEC7
:1032100010FA03D537EE667AFDEEC77A17EE903ACC
:1032200004EB83030132DB6A402A194433D007EEF2
:10323000902AF8EEE77A77EEA57AFDEEE77A17EEB8
:10324000903A002BB8EEE77ADDDA37EE267AFDEE1B
:10325000C77AE3E7D2ED027A9FED6E7A77EE877A4E
:1032600002F53253084602F53051C2ED027A2C3194
:10327000C3ED027A01F090F994ED057AD4ED0A7A63
:10328000B4EEE77AF1EE10FA00F3D08004B0BDECB2
:10329000028BBDE8F0810029B8BF7F317F2D4FEA56
:1032A000E1122946C8BFA5F18001E06901F68A2331
:1032B00004EB8303121A5A605748013706F0F2F9FB
:1032C000802F2BD0D6ED0A7A01358AE75348039335
:1032D00006F050FA039BE384002363610123237407
:1032E0004FF07E53E560A36204F532530022A260E2
:1032F0009A60B06CC7F8A40004F53051C7F8A82054
:103300002C31384601F048F9D8F80C206369A261E5
:10331000A36204B0BDEC028BBDE8F0810022012362
:10332000227484F8223004B0BDEC028BBDE8F08139
:103330003B48152104B0BDEC028BBDE8F04106F01E
:10334000B1B9D2ED027A9FED337A77EEC77A0846AB
:10335000C2ED027AB36CC1F8A4300023C1F8A830E2
:1033600002F5325302F53051C3ED027A2C3101F0EF
:1033700013F994ED057AD4ED0A7AB4EEE77AF1EE1A
:1033800010FA83DDE78C002F80D096ED0A7AD4ED19
:10339000027ADFED256AD8F87430A06827EE087A43
:1033A00067EEA66AC6EE877AFDEEE77A17EE902AF8
:1033B0009B1ADD1305F480351D4404EB8703CDED26
:1033C000037AD96A0D4405EBD5756D10DD62FDF702
:1033D0006BF82B46CDE90001039A1248394606F0F6
:1033E00061F9D4ED0A7A9FED0A7AE38C77EE877A59
:1033F000013BE384C4ED0A7A48E700BF9C3D00200E
:10340000D1CB0B38DB0FC940DB0F49410000004333
:103410000000003C5F975B39F0CB0008B8CB000898
:1034200088CB0008E0CB00080000804794ED026ADA
:1034300096ED0A7A5FED046AD8F87430E78C66EE90
:10344000266A27EE087A16EE100AC6EE877AFDEE97
:10345000E77A17EE902A9B1ADD1305F480351D4498
:1034600004EB8703CDED037ADD62FDF71DF82B46F3
:10347000CDE90001039A1248394606F013F99FED91
:10348000116A94ED0A7ADFED106AE38C37EE067A62
:10349000FFEE007A84ED0A7A96ED0A6A07EE103A9A
:1034A000E6EE267AB8EEC77AB4EE677AF1EE10FA55
:1034B0003FF4ECAE0133E384E8E69FED047A7AE66C
:1034C000E0CB00080000003C0000004300000000CA
:1034D000024B1878003818BF01207047C440002004
:1034E000044B1B7823B1044A136843F001031360B3
:1034F000704700BFC4400020C0400020014B186846
:10350000704700BFC0400020014B1868704700BFE3
:10351000BC400020014B1868704700BFB840002035
:10352000014B1868704700BFB4400020014B186879
:10353000704700BFB040002005289DBF024B33F804
:10354000100080B200207047A44000200E289ABFCF
:10355000024B53F820000020704700BF6840002055
:10356000024B1878003818BF0120704764400020D3
:10357000014B01229A6370476840002070B50446F1
:103580004FF6FF7384B03748218063804FF4805139
:10359000164603F059FE00230393039B3F2B06D8E6
:1035A00000BF039B01330393039B3F2BF8D940F6E5
:1035B000010501E0013D40D02B48022104F048F80C
:1035C0000028F7D02188284804F03CF840F601058F
:1035D00001E0013D40D02448012104F039F80028E1
:1035E000F7D0214804F030F840F60105608001E092
:1035F000013D34D01C48802104F02AF80128F7D07E
:1036000000230293029B3F2B4FF000051CD9154865
:103610004FF4805103F016FE00230193019B3F2BD2
:1036200006D800BF019B01330193019B3F2BF8D9C2
:1036300063883380284604B070BD4FF0FF35002307
:103640000293029B3F2BE2D800BF029B01330293FF
:10365000029B3F2BF8D9DAE76FF00105EFE76FF037
:103660000205ECE7000C01400038004070B582B064
:1036700000230DF102024FF40041ADF80230ADF825
:103680000430ADF806300446FFF778FF4FF40841E8
:10369000064601AA2046FFF771FF4FF40841054690
:1036A0000DF106022046FFF769FF46EA05030343D2
:1036B00004D0064A136843F004031360BDF8060003
:1036C000BDF8043043EA004002B070BDC0400020A5
:1036D0002DE9F04F002787B003ACCDE903770194C3
:1036E0003A4EDFF80CA13A4C059780464FF001099D
:1036F0000DF10E0B14F8015B364BADF80A7043EA7E
:10370000C5250DF10A02A9B24046FFF737FF002890
:1037100049D0326842F004024FF000093260A245FD
:103720000BF1020BE6D1019C2B48002334F8022B4D
:1037300020F813200133062BF8D12849DDF80E308C
:10374000C8F806300B602649DDF81240BDF80E209F
:10375000BDF810000C60234CBDF816102160024328
:10376000BDF81230BDF8144025D1C3F30A03A02BD5
:1037700021D11D4B9FED1D7AD3ED037AB4EEE77A8C
:10378000F1EE10FAACBF4FF430734FF420739C424B
:1037900011D140F21543994208BF09F1FF300AD117
:1037A00007B0BDE8F08F5A46A9B24046FFF7E6FEE3
:1037B0000028AED1B3E7054A13684FF0FF3043F05D
:1037C0000803136007B0BDE8F08F00BFC0400020C1
:1037D00008D400080080FFFFA4400020B84000206B
:1037E000B4400020B04000209C3D0020000020425A
:1037F0000DD4000830B585B004AB03E907000F48CD
:10380000002104F02BF80E484FF4006103F01AFD7C
:1038100000230C4A1C4642F8234001330F2BFAD1F7
:10382000094B01251D7002F059FD084B084A18602C
:10383000084B15701C7005B030BD00BF002C014056
:10384000000801406840002064400020C84000207B
:10385000CD400020CC40002030B56D4B89B001AC8C
:1038600084E807001A780AB909B030BD694A1568BA
:1038700002F034FD0A220146284602F097FC002897
:10388000F2D0634B644800224FF480511A7003F069
:10389000E3FC0346002800F08D8094E8070005ABA8
:1038A00003C341F2A1011A8005A80DF11202009391
:1038B000FFF764FE594A9FED5A7AD2ED037A009BD6
:1038C00094E80700B4EEE77AF1EE10FA0DF1140C6B
:1038D000ACE80300A8BF4FF44B511A80B8BF4FF4B7
:1038E0004A510DF1120205A8FFF748FE94E80700BF
:1038F000009B0DF1140CACE8030042F615411A8050
:1039000005A80DF11202FFF739FE2046FFF7E0FE91
:10391000444B021E0CBF012100211546424A19608A
:103920001168424A59601168414A99601168414AD8
:10393000D9605188404889B21961918889B259612A
:10394000D2883E4992B29A61D0F80428DA61D0F860
:103950000C281A62D0F808285A62D0F8042C9A620F
:10396000D0F80C2CDA62D0F8082C1A63D1F80828A9
:103970005A6345D128484FF4805103F06DFC00286C
:103980003ED02F492F4B304801240C702246294647
:103990001D7004F0FBF8224621462B4804F0F6F88F
:1039A00029482246022104F0F1F82748214603F075
:1039B00055FF59E71B49009320460B60FFF756FE61
:1039C00018491D4A4860D2F80408C861D2F80C08AA
:1039D0000862D2F808084862D2F8040C8862D2F86B
:1039E0000C0CC862D2F8082C14480A63154AD0F8A7
:1039F0000848009B4C6320201370FDF799FB33E7C8
:103A0000104B002220201A70FDF792FB09B030BD48
:103A1000CD400020C8400020000801409C3D00200F
:103A20000000204268400020B8400020B440002040
:103A3000B0400020A44000200000014000300040C1
:103A4000CC40002064400020002C0140024B18783C
:103A5000003818BF01207047CC40002000B585B069
:103A600004AB03E907000948002103F0F7FE08480A
:103A70004FF4006103F0E8FB06480749074A0023BA
:103A800003700B70137005B000BD00BF002C014027
:103A900000080140CD400020CC40002064400020C0
:103AA000F0B589B001AC84E8070094E8070005AEE2
:103AB00003C64FF40041328005A80DF112021F46E3
:103AC000FFF75CFD94E8070005AB03C332804FF4B9
:103AD00008410DF1120205A8BDF81250FFF74EFD86
:103AE000BDF8124054EA05031FD12B0743D46F07DA
:103AF00046D4AE0749D4ED074CD460054FD4A10598
:103B000052D4E20555D4230658D467065BD4A606E2
:103B10005ED4E50661D4200764D4610767D4A207A8
:103B20006AD4E3076DD409B0F0BD3B48394605F0CF
:103B3000B9FD6A056BD4AB0502D5384805F0B2FD76
:103B4000EF0502D5364805F0ADFD2E0602D5354805
:103B500005F0A8FD680602D5334805F0A3FDA906C7
:103B600002D5324805F09EFDEA06BED5304805F084
:103B700099FD2B07BBD52F4805F094FD6F07B8D5ED
:103B80002D4805F08FFDAE07B5D52C4805F08AFD10
:103B9000ED07B2D52A4805F085FD6005AFD5294867
:103BA00005F080FDA105ACD5274805F07BFDE205B9
:103BB000A9D5264805F076FD2306A6D5244805F0AC
:103BC00071FD6706A3D5234805F06CFDA606A0D5B8
:103BD000214805F067FDE5069DD5204805F062FD0A
:103BE00020079AD51E4805F05DFD610797D51D4851
:103BF00005F058FDA20794D51B4805F053FDE307D7
:103C000091D51A4809B0BDE8F04005F04BBD184801
:103C100005F048FD8FE700BFFCCB00081CCC000876
:103C200028CC000830CC000838CC000840CC000874
:103C30004CCC000858CC000864CC000870CC0008BC
:103C40007CCC000888CC000890CC000898CC0008F8
:103C5000A0CC0008A8CC0008B0CC0008BCCC000860
:103C6000C8CC0008D4CC0008E0CC0008ECCC00089C
:103C700010CC00082DE9F04188B001AC84E80700C1
:103C80006C4F6D4A6D4D6E4900233B602B60136095
:103C90006C4A13606C4A13601A4621F813200133F2
:103CA000062BFAD1FDF716FA684B9FED697AD3ED32
:103CB000037A684E6848B4EEE77AF1EE10FA4FF0F6
:103CC00001034FF40061A8BF4FF003083370B8BF81
:103CD0004FF0020803F0B6FA0A2002F0E7FA204695
:103CE000FFF7C4FC28602B681BB13B6843F002035C
:103CF0003B6094E8070005AD03C541F2A1012A80AD
:103D000005A80DF11202FFF739FC544800F024FB1E
:103D100094E80700B8F1030F05AB03C314BF4FF4D9
:103D20004A514FF44B512A8005A80DF11202FFF7BA
:103D300025FC94E8070005AB03C32A8042F6154131
:103D40000DF1120205A8FFF719FC94E8070005AB76
:103D500003C341F2A1012A8005A80DF11202FFF769
:103D60000DFC012002F0A2FA3B484FF4805103F011
:103D700073FA18B93B6843F010033B602046FFF725
:103D8000A7FC28B934484FF4805103F065FAE0B934
:103D900094E8070005AB03C341F2A1011A8005A80E
:103DA0000DF11202FFF7EAFB012002F07FFA2A4828
:103DB0004FF4805103F050FA28B32046FFF788FCF7
:103DC00008BB3B6823F008033B6023484FF4805155
:103DD00003F042FA0446B8B12148002103F03EFD49
:103DE0001D484FF4006103F02FFA1E491E4A1F4B75
:103DF00000240C7014701C703470FDF76BF92046B1
:103E000008B0BDE8F081002420203470FDF790F95F
:103E10001348214603F022FD0F484FF4006103F0E0
:103E200013FA1049104A114B0C704FF0FF30147008
:103E30001C70E5E7C0400020B8400020BC400020D6
:103E4000A4400020B4400020B04000209C3D002051
:103E500000002042C44000200008014084360020B9
:103E6000002C0140CD400020CC40002064400020C8
:103E700008B50C21002003F03DFA4FF480500222D7
:103E8000002102F0B5FFBDE808404FF4805003F078
:103E900007B800BF044A072928BF07210023C0E94B
:103EA00001210370704700BF00C0030810B504462D
:103EB00002F0FCFF40F2073003F060F9606803F0A5
:103EC00029F80123237010BD84B00DF1100C0CE90A
:103ED00007000298049900EB830004B003F0BAB81D
:103EE00084B00DF1100C0CE907000298049900EB66
:103EF000830004B003F0AEB884B00DF1100C0CE9EF
:103F00000700029810EE101A00EB830004B003F0D3
:103F1000A1B800BF00B583B0019002F0E7FF01989F
:103F20000023037003B000BD84B00DF1100C0CE948
:103F3000070051F8230004B0704700BF84B00DF1B2
:103F4000100C0CE9070051F8230004B0704700BFC3
:103F500084B00DF1100C0CE9070001EB830292ED27
:103F6000000A04B0704700BF08B590ED167AD0ED96
:103F7000186A1C4BF7EE007A2DED048B37EEC77AEA
:103F80009FED199AD0ED178A1968184827EE097A1B
:103F900077EEE88A37EEE68AFCEEC77A17EE902ACB
:103FA000C9B903F095FD1148012168EE898AFCEE3C
:103FB000E87A17EE902A03F08BFD68EE097ABDECE3
:103FC000048BFCEEE77ABDE80840084817EE902A1B
:103FD000022103F07DBD012103F07AFD0348002199
:103FE000E3E700BF9C3900200000FA44002C0140A8
:103FF00038B5484B1C680546002C7ED12146464802
:1040000002F04EFC0346AB604448214602F048FCF7
:1040100003464148EB60022102F034FC4048022193
:1040200002F030FC40F6010401E0013C50D03A4877
:10403000042102F049FC0028F7D040F6010401E019
:10404000013C45D03648042102F03EFC0028F7D060
:104050003148042102F03EFC3148042102F03AFCD0
:1040600000212F4802F01CFCAA68D5F89810EB68D4
:10407000D5ED1C6ADFED2B5A2861521A07EE102A83
:10408000D5F89C2007EE900A9B1AB8EEE76A07EE77
:10409000903AB8EEC77AF8EEE77A27EE267A67EE1E
:1040A000A67AD5F8F83285ED067AF1EE476A26EE63
:1040B000256A76EEE76A0122013385F8F52285ED5F
:1040C000086AC5ED077AC5ED056AC5F8F83238BD4E
:1040D0001148042102F0FEFB1148042102F0FAFB12
:1040E000D5F8FC320022013385F8F522C5F8FC3200
:1040F0008020BDE83840FDF71BB80021074802F0DA
:10410000CFFB0346AB600448002102F0C9FB034625
:104110007FE700BF9C3900200024014000280140B7
:10412000003C01401833533C00B52DED028B87B0A5
:10413000CDE90210CDED050A8DED041A0192F0EEE5
:10414000408A01F07DFAB0EE408AB0EE680A01F0D4
:1041500051FAF6EE007A67EEC06ADFED175A9FED6E
:10416000176A9DED041ADDED050A03980299019A7C
:1041700067EEC87AB0EE667AA8EE257AE8EE656A50
:10418000F0EE675AE0EE065AE0EE467A21EE477A04
:1041900021EE400A21EE661AA8EE200AA5EEA07ACA
:1041A000A7EEA01A80ED000A81ED007A82ED001AD8
:1041B00007B0BDEC028B00BDD7B35DBFD7B35D3F89
:1041C00000B52DED028B87B0CDE90110CDED050ACC
:1041D0008DED041ACDED031AF0EE408A01F030FAAD
:1041E000B0EE408AB0EE680A01F004FAB6EE007A4A
:1041F00067EE486A27EE407ADFED185A9FED186A9D
:104200009DED041ADDED050ADDED031A0298019912
:10421000F0EE667AB0EE475AA8EE065AE0EE257A3E
:10422000A8EE467A67EE817A21EE451AE0EE656ADD
:10423000E8EE207AA0EE601AE6EEA17AA7EE611A07
:104240009FED086A67EE867A21EE061AC0ED007AC5
:1042500081ED001A07B0BDEC028B00BDD7B35D3F06
:10426000D7B35DBFABAA2A3F00B52DED0A8BB0EEE8
:10427000609A85B0F0EE418AF0EE40AAB0EE611A85
:10428000F0EE680AB0EE490AB0EE618A0192CDE91B
:10429000021001F051F9B0EE481AF0EE680AB0EEE3
:1042A00040AAB0EE490A01F02FF93AEE00AAF6EE64
:1042B000009AAAEE699ADFED24BA9FED24CA9FED19
:1042C00024BA29EE299AF0EE4C0A29EE2B9A89EEAF
:1042D0002A0A9FED209A30EE0B0A01F005F9F0EE64
:1042E000490A01F009F9EAEE698A039880ED000AAB
:1042F00068EEA98AF0EE4C0A68EEAB8A88EEAA0A4C
:1043000030EE0B0A01F0F0F8F0EE490A01F0F4F893
:10431000AAEE698A029981ED000A28EE298AF0EE58
:104320004C0A28EE2B8A88EE2A0A30EE0B0A01F09E
:10433000DBF8F0EE490A01F0DFF8019A82ED000A9D
:1043400005B0BDEC0A8B00BD3333933F0000000085
:10435000D7A3F03ED7A3703FF8B500238365C365AC
:1043600003660446FFF700FE00264FF47A753746D1
:104370002046FFF73DFED4E90223013D17441E44C9
:10438000F6D1074B83FB0721FA17C2EBA11283FB7F
:104390000631F317C3EBA113C4E92623F8BD00BF10
:1043A000D34D62102DE9F843344A354BDFED356AC1
:1043B000DFED355A2DED028BC267C0F8802093EDFA
:1043C000027A324AC0F8842066EEC76AF7EE007AB5
:1043D000B0EE676AA6EEA56A2D4ADFED2E6A126876
:1043E000C0F8C82027EE267AC7EE866A80ED1D7ACF
:1043F00077EEE67A80ED1E7AC0ED227A9FED267A7E
:10440000D3ED037AF4EEC77AF1EE10FA33D8234BEA
:10441000DFF89C90DFED228A9FED228A224F03670E
:104420004FF0804800F1F4050024002607EE904A82
:10443000F8EEE77A013467EEA87AC7EE887A17EECD
:10444000900AFCF731F841EC100B07F0DDFD424615
:1044500051EC100B4B46FCF77FF832463B46FBF71E
:10446000C5FEFCF771FB802C45F8040BDED1BDECDA
:10447000028BBDE8F8830D4BCAE700BFEC51383D15
:104480009C3D0020D1CB0B38DB0FC940BD74933B62
:104490009C39002017B7D13800002042FFFFA43C10
:1044A000000000BC6F12033D0000F03FFFFF243D01
:1044B0003333F33F10B54FF47A72044600211148AC
:1044C00003F006FB0F484FF47A72012103F000FB62
:1044D0004FF47A720B48022103F0FAFA002300220B
:1044E000C4F8A430C4F8A830E36323646364C4F858
:1044F0009030C4F88C3063652365C4F8E830C4F8A4
:10450000EC2010BD002C014090ED397AD0ED387AC6
:1045100090ED3A0ADFED1E0A77EEC77A90ED217A28
:1045200010B5A7EE270A82B0044680ED3A0A00F0E3
:10453000E3FF184BD3ED060AF1EE600A00F0D4FF5A
:1045400094ED3C7A84ED3A0A60EE407A84ED290AD3
:10455000E7EE077AF5EE407AF1EE10FA11D4F1EEBB
:10456000E70A94ED2A0ACDED010A00F0C5FFDDED62
:10457000010AF1EE600A00F0B7FF84ED2A0A02B0EA
:1045800010BDB0EE670A07F08FFDF0EE400AE8E7D5
:10459000000000009C3D002030B52DED028B91ED18
:1045A000170A4B6E904D91ED186AD0ED071A90EDF9
:1045B000061AD0ED050AD1ED036A83B0436380ED9E
:1045C0000B0A95ED117AC6EE077A044600F1400118
:1045D0003C30C4ED0C7A95ED117AC6EE877AC4EDC5
:1045E0000A7AFFF7EDFD9FED815A94ED087ADFED31
:1045F000805AD4ED097A94ED106AD4ED0F6A94EDE7
:10460000114AD4ED124A27EE057A26EE056AA7EE86
:10461000A57A04F1A80104F1A400DFED767A84ED17
:10462000097A67EE277A66EE856A9FED735AE4EEA3
:10463000A56AA4EE256A67EE857ADFED705A84EDEF
:10464000116A67EEA57AC4ED126AC4ED387A95ED69
:10465000030A84ED3C0A00F087FFD4ED0F6AD4ED25
:10466000298A94ED1D7A94ED230ADFED657A94EDA5
:104670002A8AD4ED380A78EEE68AA7EE280A94ED65
:10468000107A30EE270A38EE478A84ED140A00F0DB
:1046900033FFD4ED380AF1EE600A00F025FFD4EDC7
:1046A0001F6A94ED1D7AD4ED237AD4ED380A84ED97
:1046B000140A27EE267AE7EE287AB0EE670AC4EDF0
:1046C000237A00F019FFD4ED380AF1EE600A00F009
:1046D0000BFFD4ED147AD4ED380A84ED230A67EE8B
:1046E000E77AE0EEA07AF5EE407AF1EE10FA6FD4B8
:1046F000F1EEE78A94ED240AD4ED1E7AD4ED206A17
:10470000B0EE407AA7EE887A67EEA67ADFED3C6AD3
:10471000A7EE880A77EE267A84ED240AC4ED157A8E
:1047200000F0EAFED4ED380AF1EE600A00F0DCFE9B
:10473000F0EE406A94ED150A94ED147AC4ED246A03
:1047400060EE007AF0EE680AE7EE077AB1EEE77AFB
:1047500084ED397A00F0D0FEF1EE680A00F0C4FE74
:10476000F0EE407A04F1540194ED380AC4ED157A64
:1047700004F1500000F0F8FEDFED227A94ED0D7A9E
:1047800094ED0B0A94ED151AD4ED140AA7EE270A3E
:1047900004F16C0204F1680104F16400FFF7C4FC49
:1047A00004F15800D4ED1B1A94ED1A1AD4ED190A2D
:1047B00094ED380A04F1600204F15C01FFF754FD46
:1047C000204603B0BDEC028BBDE83040FFF7CCBB08
:1047D000B0EE670ACDED010A07F066FCDDED010AD7
:1047E000F0EE408A86E700BF9C3D0020CDCCCC3D5A
:1047F0006666663F3333933FD7A3703F3ACD133F8E
:1048000000000000BAB1513890ED0A7AD0ED337A49
:10481000D0ED356A90ED370A144BD0ED3C0A77EEB7
:10482000C77A90ED347AA6EEA70A10B5D0ED0C7ACF
:10483000D0ED366A37EE677AD3ED0E7AA6EE870AA8
:10484000044693ED117A67EE877A80EE270A00F02E
:1048500053FED4ED3C0AF1EE600A00F045FE002361
:1048600084ED2A0AC4F8A43010BD00BF9C3D00208E
:104870000023C0F8DC30C0F8D430C0F8D830C0F81D
:10488000CC30C0F8D030C0F8A830704708B50B481D
:1048900001F0DEFA70B1094801F00EFB38B10748AB
:1048A00001F06EFC054801F0AFFB013808BD03487C
:1048B00001F066FC4FF0FF3008BD00BF84390020D6
:1048C00010B54FF4805182B00A4802F0C5FC04468E
:1048D000FCF736FC084A094B094992F8F52293F88F
:1048E000DD3289880092221E18BF012201F04CFCA3
:1048F00002B010BD0008014084360020643300205F
:104900005833002010B503780446052B2AD8DFE879
:1049100003F027032A2927271B4B1A89186859688F
:10492000FFF79CF8194B93F82220CAB91849194A85
:104930000968916203F50053174893F840CFD3F804
:10494000443F1649C0F800C04FF40072436118306C
:1049500004F07EFF114912484FF4007204F078FF12
:104960000123E37010BD084B0122C270186859681A
:104970001A89FFF773F80B48FFF79CFDBDE810405C
:104980000848FFF775BF00BF583300201002002011
:104990004C3100209C3D00209C39002058310020E3
:1049A000403400208436002008B50D4804F0E2FEB3
:1049B0000C4804F0DFFE0C4804F0DCFE0B4804F069
:1049C000D9FE0B4804F0D6FE0A4804F0D3FE0A488C
:1049D00004F0D0FEBDE80840084804F0CBBE00BF9C
:1049E000B0C90008F8CC000804CD000818CD0008B4
:1049F00034CD000844CD00085CCD000878CD000817
:104A000030B56C486C4C6D4D85B004F04BFE6C4875
:104A10006C4B6D4A6D49CDE900046D4C6D4804F056
:104A200041FE6D4804F0A6FE606CFBF73DFD6B4A4D
:104A30006B4B0095CDE902016A496B4804F032FEE8
:104A4000A06BFBF731FD694A654B0095CDE902018A
:104A50006749684804F026FE674804F08BFEA068AA
:104A6000FBF722FD654B664A0093CDE90201654BD9
:104A70006549664804F016FEE068FBF715FD644BD7
:104A8000644A0093CDE90201634B64495F4804F036
:104A900009FE206DFBF708FD2B46CDE90201604AB7
:104AA00000956049594804F0FDFDA06DFBF7FCFC42
:104AB0002B46CDE902015C4A00955C4953485C4DA8
:104AC00004F0F0FDE06DFBF7EFFC5A4B5A4A0093FF
:104AD000CDE90201504B59494C4804F0E3FD206EEA
:104AE000FBF7E2FC564B574A0093CDE902014A4BD3
:104AF0005549464804F0D6FDA069FBF7D5FC534B59
:104B0000534A0093CDE90201434B52493F4804F018
:104B1000C9FD206AFBF7C8FC4F4B504A0093CDE912
:104B200002012F4B4E49394804F0BCFD606AFBF787
:104B3000BBFC4C4B4C4A0093CDE90201364B4B4930
:104B4000324804F0AFFDA06C494CFBF7ADFCCDE959
:104B500002014849304B484A00912C48474904F02B
:104B6000A1FD474804F006FE6368464A46494748A7
:104B7000CDE900531A4B04F095FDA3680193444A14
:104B8000174B44490095414804F08CFDE068424BC6
:104B9000424A4349CDE90030114B424804F082FDBE
:104BA000414804F07FFD414805B0BDE8304004F0C5
:104BB00079BD00BF90CD0008E4CD000838CE0008D4
:104BC000F4CD0008ACCD0008B0CD0008BCCD000885
:104BD0009C3D0020C4CD0008F8CD000808CE000898
:104BE00004CE000814CE000818CE00083CCE000801
:104BF00054CE000858CE000878CE0008C8CE000871
:104C00008CCE000888CE0008A4CE0008A8CE0008EC
:104C1000ECCE0008D4CE0008D0CE0008E8CE0008C4
:104C2000F4CE000810CF000814CF000834CF0008DD
:104C300050D0000858CF000838CF000854CF0008E3
:104C400084CF000860CF000880CF0008A4CF000800
:104C500088CF0008A0CF0008CCCF0008ACCF000858
:104C6000C8CF0008ECCF0008D0CF0008E8CF00087C
:104C70009C39002010D00008F4CF00080CD00008A8
:104C800018D0000824D000082CD0000830D000082C
:104C900054D0000860D00008A4D0000864D00008F8
:104CA00084D0000888D00008ACD00008F8D00008F4
:104CB00000B5037883B0042B2BD8DFE803F02C2059
:104CC000082A030003B05DF804EBFFF799BE0190DA
:104CD000FFF7F6FD034600284ED12B480193C0F89C
:104CE000B830FFF7E7FB2949019A088960F30F0202
:104CF0000868496803B05DF804EBFEF77BBD0190DE
:104D0000FFF7DEFD034658B1019A002101235170DF
:104D1000D37003B000BD03B05DF804EBFFF744BEF1
:104D20001B4ADFF874C01B49DCF828C0A2F8213008
:104D300002F5005082F82430137400F63C7201939F
:104D4000C2F800C04B690A6880F8402FC0F8443FA1
:104D500018314FF4007200F6487004F079FDDFF866
:104D60003CC0019BCCF8D8304FF4007219460CF1CE
:104D7000DC0004F020FDB6E701210620FDF7BCF8B9
:104D80000148FFF775FDBFE7843600205833002047
:104D9000100200209C3900209C3D0020643300203C
:104DA000F0B5037842789A4283B004464FD1022B83
:104DB00055D0052B42D0012B3ED1794B93F82130B1
:104DC000002B7ED0764B93F82230002B00F0C3806E
:104DD000734D95F82430002B00F083807149724B9D
:104DE000D1ED007A714905F50052C1ED0A7A92F8C9
:104DF000401FCDED017A1960D2F8446F5E6103F176
:104E0000180002F648714FF4007204F021FD684862
:104E1000DDED017A6749C0ED1A7AC0F8D8604FF429
:104E20000072DC3004F014FD634804F0A3FC00239E
:104E300085F824306370E37003B0F0BD5F4B5C48CD
:104E4000D3F8B41003B0BDE8F04000F03FBFFFF767
:104E500059FDE378002B3ED12378022BA9D1584B82
:104E6000186859681A89FEF7F7FCFEF7EFFD00286D
:104E7000E2D04D4BDA68002A05DD5049D1F8B81070
:104E80008A42C0F28580FFF71BFD00286DD14B4898
:104E9000FFF7BAFC4948FFF737FB45494748FFF79A
:104EA0007BFB6378022BC7D13F4BDB68002BC3DD54
:104EB0004249D1F8B8209342BEDB0132C1F8B82094
:104EC000BAE73E493A48D1F8B430354A03B0BDE8B4
:104ED000F040FDF7CDBF637823702046FFF7E8FE72
:104EE000BAE72F4B324EDB6996ED1A7A2E4F9FEDC3
:104EF000350A7B615A4207EE902AF8EEE77AF7EE20
:104F0000000A67EE877A1D4627EE800A07F050F800
:104F1000DFED2D7A60EE277A17EE900AFBF7C4FAE0
:104F20000B4602462946294804F0BCFB28494FF4A9
:104F3000007206F1DC0004F08BFC25494FF400728E
:104F400007F1180004F084FCFFF7A0FCE0B900238F
:104F50006370E37070E719491548D1F8B430104A0E
:104F600003B0BDE8F040FEF7C1B800210620FCF711
:104F7000C3FF134B1A8918685968FEF76FFD0022AA
:104F800001236270E37057E7124804F0F3FBDEE799
:104F90000520FCF7B1FF0948FFF76AFCE9E700BF0D
:104FA000100200204C3100209C3900209C3D002044
:104FB00064330020B439002024D100088436002056
:104FC0005833002000008037DB0FC9405CD1000857
:104FD0003C2C002070D1000838B5417BA1F1610361
:104FE0000446172B19D8DFE813F0280047006600A5
:104FF00085001800A000BF00DA00F90018000401C5
:105000001F013E011800180049011800180018007F
:1050100068011800730118009201CF4804F042FBA8
:10502000251DFFF733FC002840F08C81FFF7E8FCDA
:105030000023A38163606B6038BD051D284602F024
:1050400068FF51EC100BFBF77FFDF3EE040A00EE56
:10505000100A07F01FFBDFEDC10A07F0F3FAC04B9F
:1050600010EE100A83ED120AFBF71EFA02460B46F9
:10507000BC4804F017FBD4E7051D284602F049FFA1
:1050800051EC100BFBF760FDDFEDB70A00EE100AE4
:1050900007F000FBDFEDB50A07F0D4FAB04B10EED5
:1050A000100A83ED020AFBF7FFF902460B46B048EF
:1050B00004F0F8FAB5E7051D284602F02AFF51EC86
:1050C000100BFBF741FDDFEDAB0A00EE100A07F015
:1050D000E1FADFEDA20A07F0B5FAA14B10EE100AD3
:1050E00083ED090AFBF7E0F902460B46A24804F0FB
:1050F000D9FA96E7051D284602F00BFF51EC100B7C
:10510000FBF722FDDFED950A00EE100A07F09AFA90
:10511000934B10EE100A83ED180AFBF7C5F902460F
:105120000B46964804F0BEFA7BE7051D284602F0C0
:10513000F0FE51EC100BFBF707FDDFED910A00EEDE
:10514000100A07F0A7FADFED850A07F07BFA844B17
:1051500010EE100A83ED060AFBF7A6F902460B468D
:10516000884804F09FFA5CE7051D284602F0D1FE4E
:1051700051EC100BFBF7E8FCDFED830A00EE100AA0
:1051800007F060FA764B10EE100A83ED110AFBF778
:105190008BF902460B467D4804F084FA41E7051D71
:1051A000284602F0B6FE51EC100BFBF7CDFCDFED0C
:1051B000780A00EE100A07F06DFADFED680A07F0D2
:1051C00041FA674B10EE100A83ED080AFBF76CF901
:1051D00002460B466F4804F065FA22E7051D284693
:1051E00002F09AFE6C4B014659606C4804F05AFA82
:1051F00017E7051D284602F08CFE51EC100BFBF75B
:10520000A3FCDFED670A00EE100A07F01BFA544B0F
:1052100010EE100A83ED0E0AFBF746F902460B4624
:10522000604804F03FFAFCE6051D284602F071FED6
:1052300051EC100BFBF788FCDFED5B0A00EE100A67
:1052400007F028FADFED450A07F0FCF9444B10EEB1
:10525000100A83ED030AFBF727F902460B46534871
:1052600004F020FADDE6051D284602F055FE4A4B03
:10527000014699604E4804F015FAD2E6051D28460D
:1052800002F047FE51EC100BFBF75EFCDFED330A3A
:1052900000EE100A07F0D6F9314BF1EE407A83EDBB
:1052A000140AC3ED137A10EE100AFBF7FDF802465C
:1052B0000B46404804F0F6F9B3E6051D284602F017
:1052C0002BFE354B0146D9603B4804F0EBF9A8E6CC
:1052D000051D284602F01DFE51EC100BFBF734FCB7
:1052E000DFED1E0A00EE100A07F0ACF91C4BF1EEE0
:1052F000407A83ED160AC3ED157A10EE100AFBF71B
:10530000D3F802460B462D4804F0CCF989E6051D7A
:10531000284602F0FEFD51EC100BFBF715FCDFED0B
:105320000F0A00EE100A07F08DF90D4B10EE100A6F
:1053300083ED170AFBF7B8F802460B46204804F045
:10534000B1F96EE61F4804F015FAFFF759FB002388
:10535000A38163606B6038BDE0D2000800000000EC
:105360009C3D00205CD200080000FA440000C842C6
:10537000A8D100080000204244D20008A4D20008AE
:1053800000000442FCD100086F12833A70D200087A
:10539000000016432CD200089C390020BCD1000824
:1053A00017B7D13880D2000800007042E8D1000859
:1053B000D0D10008B8D2000814D20008CCD200081E
:1053C00090D2000870D100081B2908B5034645D0CB
:1053D0006D29027846D052B1042A07D10D294BD04D
:1053E000027B002A45D1417301321A7308BD63392B
:1053F0001729FBD801A252F821F000BF8154000800
:10540000ED5300088B540008ED530008ED530008DD
:10541000ED530008ED530008ED530008ED5300086C
:10542000ED530008ED530008ED530008ED5300085C
:10543000ED530008ED530008ED53000895540008A3
:10544000ED530008ED530008ED530008ED5300083C
:10545000ED530008ED5300089F54000800224270ED
:10546000C27008BD02218A424170BFD00022C270C2
:1054700008BD1044C170B7E7BDE80840FFF7ACBDF8
:10548000012100224170C27008BD05210022417037
:10549000C27008BD042100224170C27008BD0D48D1
:1054A0009FED0D0A0023C0F8D43000F0B3FA09488C
:1054B0000A4B826F1A61FFF7E9F9084B28B919699D
:1054C0000748BDE8084004F0EDB8064804F052F97A
:1054D000024BF4E764330020D1CB0B389C39002019
:1054E00038D3000808D30008B4EEE00AF1EE10FA51
:1054F000D8BFB0EE600A7047F4EEC00AF1EE10FAC1
:10550000D8BFB0EE600A7047B4EEE00AF1EE10FAD0
:1055100007DDB4EEC10AF1EE10FAD8BFB0EE410AD1
:105520007047F4EEC10AF1EE10FAD4BFB0EE410AB2
:10553000B0EE600A704700BFB4EEE00AF1EE10FA78
:1055400007D5B4EEC01AF1EE10FAD8BFB0EE410A9A
:105550007047B4EEE01AF1EE10FAD4BFB0EE410A93
:10556000B0EE600A704700BFD1ED007A90ED007A8E
:1055700067EEA77AE7EE077AF1EEE76AF4EEC06A23
:10558000F1EE10FA0DDD27EE007AC7EE267AC0EDB7
:10559000007AD1ED007A20EE270AC0EE267AC1ED1E
:1055A000007A704701238340013B07EE903A30EECA
:1055B000600AF8EEE77A31EE601A67EE807A87EEDD
:1055C000817AFDEEC77A17EE900A704707EE900ACF
:1055D000012370EEC00AF8EEE77A8B40013B27EE1C
:1055E000A07A07EE903AF8EEE77AC7EE276A36EE31
:1055F000800A704700B5DFED0F0A83B0CDED010AD8
:1056000006F0D6FCB5EEC00AF1EE10FA03D5DDEDDA
:10561000010A30EE200ADFED087A084B20EE270A57
:10562000BDEEC00A10EE102A03EB820393ED000AD0
:1056300003B000BDDB0FC94083F9A24210D40008BB
:1056400000B5DFED117ADFED110A83B037EEC00A45
:10565000CDED010A06F0ACFCB5EEC00AF1EE10FA91
:1056600003D5DDED010A30EE200ADFED097A094BA2
:1056700020EE270ABDEEC00A10EE102A03EB8203CB
:1056800093ED000A03B000BDDB0FC93FDB0FC9403B
:1056900083F9A24210D4000870B5054684B035489D
:1056A0000E464FF4004101F0CFFD00230393039B0E
:1056B0003F2B06D800BF039B01330393039B3F2B73
:1056C000F8D940F6010401E0013C3ED02A4802210D
:1056D00001F0BEFF0028F7D02748294601F0B2FFAD
:1056E00040F6010401E0013C3ED02348012101F0D5
:1056F000AFFF0028F7D0204801F0A6FF40F60104D4
:10570000308001E0013C32D01B48802101F0A0FF35
:105710000128F7D000230293029B3F2B4FF0000497
:105720001AD914484FF4004101F08CFD0023019375
:10573000019B3F2B06D800BF019B01330193019BC6
:105740003F2BF8D9204604B070BD4FF0FF34002342
:105750000293029B3F2BE4D800BF029B01330293CC
:10576000029B3F2BF8D9DCE76FF00104EFE76FF005
:105770000204ECE700080140003C0040F0B506469A
:1057800083B008461746FCF72BFB044643F6FF7030
:10579000FCF726FB01A905462046FFF77DFF48BB25
:1057A0000DF106012846FFF777FF18BBBDF806404C
:1057B0002046FCF731FB431CA6F8E0420BD0023038
:1057C00012D0C4F30D043C8001A92846FFF764FF02
:1057D00080B903B0F0BDD6F800330133C6F800330A
:1057E0006FF0010003B0F0BDD6F804330133C6F802
:1057F0000433F5E7D6F8FC3201334FF48070C6F875
:10580000FC32FBF795FC4FF0FF30E2E770B500216A
:1058100082B006460120FCF7F3FA044643F6FF7017
:10582000FCF7DEFA0DF1060105462046FFF734FFCE
:1058300038B90DF106012846FFF72EFF08B902B06E
:1058400070BDD6F8FC3201334FF48070C6F8FC32DC
:10585000FBF76EFC4FF0FF30F1E700BF10B582B0F0
:105860000DF1020243F6FC710446FFF787FFF0B921
:1058700001AA43F6FD712046FFF780FFB8B90DF18C
:10588000060201212046FFF779FF80B9BDF80630F6
:10589000BDF80210BDF80420A4F8EA32A4F8E6121C
:1058A000A4F8E822012384F8DE3202B010BD002300
:1058B0004FF0FF30F7E700BF2DE9F04F044687B007
:1058C00043F6FF700E46FCF78BFA4FF000080746D0
:1058D0002046FFF79BFF4645A4F8DD82A4F8EC8242
:1058E00040F383800123CDF8088003939A46C14694
:1058F0000DF116013846FFF7CFFE90BB012E44D0C4
:105900004FF0010B00250DF116013846FFF7C4FEDC
:1059100048BBBDF8168001904046FCF77DFA431C59
:10592000019AA4F8E082C8F30D0C05F101053AD004
:10593000023054D00BF1010B5E45A4F8E2C284F8AA
:10594000DDA2A4F8EC22DED11F2D1ED92046FFF7E0
:1059500085FFB0FA80F0400984F8DE0207B0BDE8A8
:10596000F08F4FF0000BD4F8FC12B4F8EC2284F85E
:10597000DD920BF1010B0131013201235E45C4F8C8
:10598000FC12A4F8EC220293BCD1039D032D1AD083
:10599000142000F08BFC6B1C03930023A4F8DD3271
:1059A000A4F8EC32A4E7D4F800230132C4F80023B1
:1059B0000BF1010B5E454FF0000584F8DD92A2D19A
:1059C000039D032DE4D1029A002384F8DD329A422C
:1059D00014BF4FF480704020FBF7AAFBB6E7D4F861
:1059E00004230132C4F80423E2E70125032D4FF01C
:1059F00014000CD0013500F059FC4FF00003032DCA
:105A0000A4F8DD32A4F8EC824FF01400F2D10023A8
:105A10000293D8E770B52DED028B044684B043F6AF
:105A2000FF70B0EE408AFCF7DBF9D4F8F0320133B6
:105A30000DF10E01C4F8F032FFF72EFE002840F001
:105A4000C380BDF80E30019305461846FCF7E4F913
:105A5000019BA4F8E032421C00F00881023000F003
:105A6000DD80D4F8F422C3F30D06002A40F0ED8067
:105A7000002366F30F03D4ED016A012166F31F438F
:105A8000B5000A44C4F8E232002384F8DD12C4F8F9
:105A9000F422A4F8EC32C4ED026A4C2204F10C01A9
:105AA000656704F11000CDED016A03F06BFE6B1227
:105AB0005A1C02F07F0204EB830304EB8202D3F84A
:105AC000DC30D2F8DC209FED7B6ADDED016AC5F3A6
:105AD0000801D21A01FB02F203EB62232B44764940
:105AE000A3670A699A1A07EE102ABAEEC87AFDEE81
:105AF000C77AF8EEE77A37EE677A27EE067AB5EEE0
:105B0000C07AF1EE10FA01D537EE067A4A6994EDC3
:105B10001A6ADFED6A5A9FED675A84ED017A9B1A83
:105B200007EE903AF8EEE77A67EE867A67EEA57AA6
:105B3000FDEEE75AF8EEE55A77EEE57A67EE857AFC
:105B4000F5EEC07AF1EE10FA01D577EE857A77EEB0
:105B5000666ADFED5B5AC4ED177AF4EEE56AF1EEA2
:105B600010FA48DCDFED577AD4F8801094F8DC2284
:105B7000F4EEE76AF1EE10FA4CBF012300230B4468
:105B8000C4F88030002A41D007EE903ADFED496A30
:105B9000F8EEE77A67EEA67A37EE277AD4ED166A42
:105BA00084ED037AF3EE037A77EE666A68EE277A7D
:105BB00086EEA77A26EE076A84ED187A84ED196AD4
:105BC00004B0BDEC028B70BDD4E9BE21B4F8EC3258
:105BD00001310132C4E9BE210020013384F8DD0225
:105BE000A4F8EC324FF4807004B0BDEC028BBDE839
:105BF0007040FBF79DBAD4F8801094F8DC224FF087
:105C0000FF330B44C4F88030002ABDD10123DFEDFF
:105C10002E7AC4F8802084F8DC32BDE7D4F804334F
:105C20000133C4F80433B4F8EC32D4F8F822013369
:105C30009BB201320021022BC4F8F822A4F8EC3206
:105C400084F8DD12BCD94020CEE7B4F8E412304627
:105C5000FCF7F0F800F50070B0F5806F0CD8B4F8E0
:105C6000E432B3421DD0D4F8F42201E7D4F8003373
:105C70000133C4F80033D6E7B4F8EC32D4F8081393
:105C8000D4F8F82284F8DD5201339BB2013101329D
:105C9000022BC4F80813C4F8F822A4F8EC328FD908
:105CA000D1E7D4F80C33D4F8F4220133C4F80C3320
:105CB000DEE600BFDB0FC9409C39002000008037C2
:105CC000DB0F4940DB0F49C00000000070B5224DDA
:105CD0002B6803F51C5310338B4200D970BD04466A
:105CE0000E46416F1D4803F0DDFCA16F1C4803F018
:105CF000D9FC6068FAF7D8FB02460B46194803F056
:105D0000D1FCE068FAF7D0FB02460B46164803F0D8
:105D1000C9FCE06DFAF7C8FB02460B46134803F0D6
:105D2000C1FCD4F88010124803F0BCFC94F8DD12DA
:105D3000104803F0B7FCD4F8FC120F4803F0B2FC93
:105D4000D4F800130D4803F0ADFC0D48D4F804134B
:105D500003F0A8FC2E6070BDD040002060D3000886
:105D60006CD3000884D300089CD30008B0D300088B
:105D7000C4D30008D4D30008E0D30008ECD3000853
:105D8000FCD3000830B585B001AB83E807000E4DA9
:105D9000002401AB93E807002346FEF7C5F8013461
:105DA000B4F5807F45F8040FF3D1084D01AB93E8BB
:105DB00007002346FEF7CCF80134B4F5A07FA5EC2C
:105DC000010AF3D105B030BD983900209C3D002078
:105DD00070B586B003AB83E8070003AA07CA4FF487
:105DE000A073FEF7ABF803AA064640F2411307CAB8
:105DF000FEF7A4F803AA05464FF4A17307CAFEF7FD
:105E00009DF80DF10C0C044640F243139CE807008A
:105E1000FEF794F8054A0192054A0092034622468D
:105E200029463046FBF77EFF06B070BD9C3D002042
:105E30009C39002000B583B00190FEF72BF8019843
:105E400041680022FF23C0E90312838203B000BD32
:105E500030B517498BB004461648FBF731FD0546AF
:105E6000E8B1237D012B1ED900210B46E268637542
:105E700002EB010E94E8070004AB83E807000DF184
:105E8000040CCDF814E08CE8070093E8070007AB9A
:105E900083E8070084E807002046FEF707F8284655
:105EA000A5750BB030BD013303F00103D902DDE766
:105EB0009C3D00209C390020F0B5837D83B00546D1
:105EC0002BB9002400232046AB7503B0F0BD484930
:105ED0004848FBF7F5FC0028F3D045494548464EB5
:105EE000FBF7ACFC0024074656F8043F95E8070092
:105EF000009323460134FDF7E7FFB4F5807FF3D12B
:105F00003B4EB6EC010A234695E807000134FDF745
:105F1000F3FFB4F5A07FF4D10223009395E80700C6
:105F200040F24113FDF7DCFF009495E807004FF4C1
:105F3000A173FDF7D5FF009795E8070040F24313E2
:105F4000FDF7CEFF2A690132009295E807004FF471
:105F5000A273FDF7C5FF294B009395E80700234680
:105F6000FDF7BEFF234926484FF4806203F070FC22
:105F70001F4924484FF4807203F06AFC95E807003B
:105F8000FFF700FF95E80700FFF722FF044660B91E
:105F90001B4918484FF4806203F05AFC1949144811
:105FA0004FF4807203F054FC8BE795E807004FF440
:105FB000A273FDF7C3FF2B69114907464FF48062B6
:105FC0000C485E1C03F044FC0E4909484FF48072F3
:105FD00003F03EFCB7427FF474AF2B696A7D2A75EB
:105FE00001332B6120460023AB7503B0F0BD00BF29
:105FF0009C3D00209C390020983900204154484E97
:10600000D4410020D44000202DE9F04F93B0064643
:106010000DF10C0800274FF0FF0A0CAD09AC0DF193
:10602000100996E807000DF13C0C8CE80700F368B6
:1060300003EBC723109385E807009CE8070084E87A
:106040000700FFF79FFE94E80700FFF7C1FE4FF43B
:10605000A27388F80000834694E80700FDF76EFFFE
:1060600049F827000346002F41D0BBF1000F02D0B2
:10607000BAF1FF0F54D1059B9DF80D2004999DF8AE
:106080000C00FBF777FE002859DB5FFA80F8B8F1C7
:10609000FF0F54D0B8F1000F56D1354935484FF4B1
:1060A000806203F0D5FB344934484FF4807203F02A
:1060B000CFFBF26886F8148002EBC82796E8070049
:1060C00085E807000D9784E8070095E807000FAC06
:1060D00084E807000DEB880394E807001B6933612F
:1060E000012386E80700184613B0BDE8F08FBBF126
:1060F000000F10D01F491E4801934FF4806203F037
:10610000A7FB1E491C484FF4807203F0A1FBBAF1B3
:10611000FF0F04D1BA4608F10108012781E7019B6E
:1061200018460DEB8A031969FBF71EFE08B15FFAEA
:1061300087FA002F9FD108F10108012771E700239A
:10614000184613B0BDE8F08FF26802EBC82396E85A
:1061500007000DF13C0C8CE80700109385E8070060
:106160009CE8070006AF87E80700FFF70BFEA0E7F3
:10617000D44100209C390020D44000209C3D0020C8
:1061800000238375FDF7C6BE9DF800C030B949B93C
:1061900032B14BB1844508BF0520704701207047DC
:1061A000032070470220704704207047081A90426D
:1061B00034BF0020012070470120704708B503F06C
:1061C00015FB162303604FF0FF3008BD08B503F040
:1061D0000DFB16230360FEE770B5161E07DD0C46A7
:1061E0008D19AFF3008004F8010BA542F9D13046B8
:1061F00070BD00BF70B5161E07DD0C468D1914F872
:10620000010BFCF715FEA542F9D1304670BD00BF69
:106210004FF0FF30704700BF4FF400534B60002039
:10622000704700BF01207047002070470C4A08B536
:10623000136833B118446946884208D8106018467C
:1062400008BD084B1360184469468842F6D903F02C
:10625000CDFA0C2303604FF0FF33184608BD00BF92
:10626000D4450020304700200D4B0E4A1B68A2FB8E
:1062700003239B09013BB3F1807F00D3FEE74FF07E
:10628000E02209495361F02081F823004FF0000C0F
:1062900007201023C2F818C0106181F8233070471E
:1062A00000000020D34D621000ED00E0024A1060B3
:1062B0001368002BFCD17047DC4500200549064AD5
:1062C0000B6801330B60136813B11368013B136053
:1062D000704700BFD8450020DC450020014B1868FE
:1062E000704700BFD8450020704700BF08B50220A6
:1062F000FAF71EFFFEE700BF08B50420FAF718FF03
:10630000FEE700BF08B50820FAF712FFFEE700BF5E
:1063100008B51020FAF70CFFFEE700BF704700BF7A
:10632000704700BF704700BFFFF7C8BF70B5524C41
:10633000524884B02246002100F076FC206840F2EA
:106340000173984206D1A36823F07F43B3F5002F71
:1063500000F082804A4D627A217A6B680093B2FA2B
:1063600082F2B1FA81F1A37A52094909FBF712FDD1
:1063700008B904B070BD434A434E444B92ED0E7AC7
:1063800096ED111AD2ED117AD3ED180A93ED030AA6
:1063900029793F4821EE071AC0EEA70A80EE270AA6
:1063A00021EE271AFBF73CF93949344800F0E8FBA5
:1063B000384803A9FBF700FD054600B39DF80C1013
:1063C000FD2941D0FE2912D0FC29D2D10220FBF7B1
:1063D00093FD00233046C6F8B830FEF749FA202076
:1063E000FAF7B4FE2C486D21FEF7EEFFC1E704205A
:1063F000FBF782FD28487A21FEF7E6FFB9E723691B
:1064000006F1CC02CDE9003294E80F00FBF74AF91F
:10641000DFED226AD6ED347A96ED337AC6F8B850BD
:1064200067EEA67A27EE267AFDEEE77ABDEEC77A0A
:1064300017EE903A17EE101A9BB2012043EA014181
:10644000FBF75AFD04B070BD0320FBF755FD124861
:106450001B21FEF7B9FF8CE703A904F10B00FBF742
:10646000FDFC18B99DF80C30072B01D9206871E7A5
:106470002046FBF779FD7CE7E8010020006400403E
:106480009C3900209C3D002084360020643300208D
:10649000FC010020F3010020743600200000C842F7
:1064A000012110B5174801F0B9F917490B880133DC
:1064B00043F697229BB2934212D80B80134C20468E
:1064C000FDF796FD9FED120A1248FFF7A3FA124856
:1064D000FEF766FCD4F8B4300133C4F8B43010BD14
:1064E0000E4B1A7800200880B2FA82F200F1804048
:1064F000520900F588304FF400511A7000F0A6FEE2
:10650000DCE700BF002C0140E2450020843600207B
:10651000D1CB0B386433002074360020E0450020D6
:1065200008B54FF4805000F0BBFC11484FF4805187
:1065300000F092FE00B108BDFDF712F8A0B9FCF71B
:10654000C7FF18B1BDE80840FCF7CABF08484FF4C0
:10655000006100F087FE0028EDD02020FAF7E8FD6A
:10656000044B01229A8008BDBDE80840FDF700B841
:10657000000801405833002008B50749074801F0DA
:10658000F9FB00B908BD054801F0DCFBBDE8084097
:10659000C1B20348FEF718BF0503050000440040E0
:1065A0007436002008B5154B98421BD003F5A05354
:1065B00098420DD0A3F5C05398421DD140F2093046
:1065C00000F02AFFBDE8084040F2093000F032BF79
:1065D00040F20F3000F020FFBDE8084040F20F30DD
:1065E00000F028BF40F20A3000F016FFBDE8084076
:1065F00040F20A3000F01EBF08BD00BF0028014075
:106600008368DB0703D4836843F00103836070472A
:10661000826842F0080200F1080382601A681107DC
:10662000FCD4826842F0040282601A685207FCD4EB
:10663000704700BF836843F480738360704700BF76
:10664000064BD3F8042422F47022C3F80424D3F8B0
:1066500004240243C3F80424704700BF0020014013
:1066600001F480738AB11BB1436843F480734360C3
:106670004B0503D5436843F480634360890715D510
:10668000836843F00203836070471BB1436823F4BF
:10669000807343604A0503D5436823F480634360F5
:1066A0008B0703D5836823F002038360704700BF24
:1066B000836819B143F400638360704723F4006377
:1066C0008360704701290ED0022900D07047836B88
:1066D00023F440138363013A836B120502F44012E2
:1066E0001A4382637047C36A23F47003C362013A9A
:1066F000C36A120502F470021A43C262704700BFF7
:10670000052900B52ED8D0F834C001EB81014FF037
:106710001F0E0EFA01FE2CEA0E0C02FA01F141EAFC
:106720000C014163092A0DD8016902EB42024FF0C6
:10673000070C0CFA02FC21EA0C0103FA02F20A43EC
:10674000026100BD112AFCD80A3AC16802EB42027C
:106750004FF0070C0CFA02FC21EA0C0193400B43AA
:10676000C36000BD0B2910D80639D0F830C001EB4A
:1067700081014FF01F0E0EFA01FE2CEA0E0C02FAF8
:1067800001F141EA0C010163CCE70F29CAD80C39A9
:10679000D0F82CC001EB81014FF01F0E0EFA01FE64
:1067A0002CEA0E0C02FA01F141EA0C01C162B9E7D0
:1067B000D0F838C00331CCF3015CA1EB0C0101EB44
:1067C00081014FF01F0C00B50CFA01FED0F838C063
:1067D00002FA01F12CEA0E0C41EA0C01092A81634C
:1067E0000DD8016902EB42024FF0070C0CFA02FCD3
:1067F00021EA0C0103FA02F20A43026100BD112AE8
:10680000FCD80A3AC16802EB42024FF0070C0CFABE
:1068100002FC21EA0C0193400B43C36000BD00BFA2
:1068200001F001035AB11BB1836843F48013836004
:106830008A070FD5836843F40043836070471BB118
:10684000836823F4801383608B0703D5836823F464
:1068500000438360704700BF01290AD0022900D09D
:106860007047836823F4E043836083681343836045
:106870007047836823F460238360836813438360D5
:10688000704700BFCA0703D5836843F48003836061
:106890008B0703D5836843F400138360704700BF00
:1068A00003290FD8DFE801F00B080502806C80B2E5
:1068B0007047406C80B27047006C80B27047C06B0C
:1068C00080B270470020704703680B4214BF01205C
:1068D00000207047036823EA01030360704700BF8C
:1068E00008B5074B984200D008BD40F2194000F0AF
:1068F00093FDBDE8084040F2194000F09BBD00BF89
:106900000064004029B103282CD8DFE800F00E18FD
:106910002103FEE70023C1F80B30C1F80F308B7262
:106920004B60CB740B810B607047002340F2FF304B
:106930004FF4003248810B810A604B60704700239E
:106940004FF480320B740B604B608B60CA607047F1
:106950000023C1F80B30C1F80F308B724B600B81F4
:106960000B607047FEE700BF036823F0020300B529
:1069700003600368844643F001034CF8043B43681A
:10698000DB07864608D44FF6FF7301E0013B03D0D6
:10699000DCF80020D007F9D5DEF8040010F0010083
:1069A00070D04B788A781B06120402F4702203F030
:1069B000407313430A7843EA8273CA78120502F4DB
:1069C000E00213434A89013AC2F309021343CEF8A5
:1069D0001C300B79012BDEF800300CBF43F0800334
:1069E00023F08003CEF800304B79012BDEF8003025
:1069F0000CBF43F0400323F04003CEF800308B7906
:106A0000012BDEF800300CBF43F0200323F02003FD
:106A1000CEF80030CB79012BDEF800300CBF43F00C
:106A2000100323F01003CEF800300B7A012BDEF8B0
:106A300000300CBF43F0080323F00803CEF8003009
:106A40004B7A012BDEF800300CBF43F0040323F037
:106A50000403CEF80030DEF8003023F00103CEF856
:106A60000030DEF80430DA070DD54FF6FF7000E095
:106A700040B1DCF80030DB0700F1FF30F8D400381B
:106A800018BF012000BD012000BD00BF3B49438964
:106A9000D1F8002642F0010200B5C1F80026D1F875
:106AA0001CC6B0F80EE001229A402CEA020CC1F894
:106AB0001CC6BEF1000F45D1D1F80CC603F100632E
:106AC0002CEA020CC1F80CC603F6C843B0F806C0A5
:106AD0004188DB0041EA0C41B0F804C0196001882C
:106AE00041EA0C415960838924492BBBD1F8043613
:106AF00023EA0203C1F8043603892049B3B9D1F867
:106B0000143623EA0203C1F81436037C012B05D1A5
:106B10001A49D1F81C361343C1F81C36174AD2F86B
:106B2000003623F00103C2F8003600BDD1F8143658
:106B30001343C1F81436E8E7D1F804361343C1F81B
:106B40000436D9E7BEF1010FCDD1D1F80CC603F15F
:106B500000634CEA020CC1F80CC603F6C843B0F857
:106B600000C04188DB0041EA0C41B0F804C0196064
:106B7000C18841EA0C415960B5E700BF00600040A0
:106B800082685201034605D48268120143D510334E
:106B9000012000E00020D3F8802102F0010210B5AE
:106BA000C3F8802191F808E04A7A03F5C07CBEF171
:106BB000000F26D04C6842EAC40242EA0E02D3F823
:106BC00080E142EA0E02C3F88021D3F8842122F04A
:106BD0000F02C3F88421D3F884E18A7A42EA0E02D4
:106BE000C3F88421D1F80B20C3F88821D1F80F20F5
:106BF000C3F88C21DCF8003043F00103CCF80030FE
:106C000010BD0C68D3F880E142EA445242EA0E0219
:106C1000C3F88021D9E78268D20002D52033022050
:106C2000B9E70320704700BF00EB0113D3F8B0C1F0
:106C30000CF0040C82F808C0BCF1000F47D1D3F867
:106C4000B0C14FEA5C5CC2F800C0D3F8B0C10CF030
:106C5000020C82F809C0D3F8B4C14FEA1C2C82F8A8
:106C600013C0D3F8B4C10CF00F0C82F80AC0D3F8EB
:106C7000B8C182F80BC0D3F8B8C14FEA1C2C82F817
:106C80000CC0D3F8B8C14FEA1C4C82F80DC0D3F841
:106C9000B8C14FEA1C6C82F80EC0D3F8BCC182F8B0
:106CA0000FC0D3F8BCC14FEA1C2C82F810C0D3F837
:106CB000BCC14FEA1C4C82F811C0D3F8BC311B0E8A
:106CC000937459B9C36843F02003C3607047D3F885
:106CD000B0C14FEADC0CC2F804C0B6E7036943F068
:106CE00020030361704700BF43690B434361704752
:106CF0000D4B984215D001EB810300EB830300227A
:106D0000D3F808C02CF0010CC3F808C09A60DA6010
:106D10001A615A61426889000F238B401343436014
:106D200070470429E7D9FEE7000402401D4B984252
:106D300034D001EB810100EB8100136810B40361D2
:106D400093684361138AC360D4685368816823439E
:106D5000546921F47C5123430B438360137E012B40
:106D600083680CBF43F0400323F040038360537EED
:106D7000012B83680CBF43F0800323F08003836002
:106D8000937E2BB1836843F0100310BC836070477F
:106D9000836823F0100310BC836070470429C8D9AE
:106DA000FEE700BF00040240074B984208D001EB09
:106DB0008101890008300B5843F020030B507047C5
:106DC0000429F4D9FEE700BF00040240074B9842B3
:106DD00008D001EB8101890008300B5843F0010312
:106DE0000B5070470429F4D9FEE700BF00040240AD
:106DF0002A4BD3F800C42CEA000CC3F800C4D3F823
:106E000004C42CEA000CC3F804C4D3F808C42CEA68
:106E1000000CC3F808C4D3F80CC42CEA000CC3F867
:106E20000CC449B3012905D0012A0BD0022A29D06C
:106E3000AAB17047D3F80414012A41EA0001C3F84B
:106E40000414F3D1154BD3F8082422EA0002C3F846
:106E50000824D3F80C240243C3F80C2470470F4BCA
:106E6000D3F808240243C3F80824D3F80C2422EAF8
:106E70000002C3F80C247047D3F800140143C3F890
:106E80000014D1E7054BD3F808240243C3F80824C3
:106E9000D3F80C240243C3F80C24704700000140CF
:106EA000014BC3F814047047000001400B4B1A69F2
:106EB000110603D50A490B4A59605A600A4BB3F8C8
:106EC000E030B3F5007F07D9044B1A6D120603D5E5
:106ED0000349044A59645A64704700BF00200240C5
:106EE00023016745AB89EFCD00F7FF1F074B08492A
:106EF0001A69B1F8E01042F08002B1F5007F1A6122
:106F000003D91A6D42F080021A65704700200240D2
:106F100000F7FF1F4B4BB3F8E030B3F5007F6AD9A1
:106F2000494B4A4A98424A4B26D2D168C90756D49F
:106F3000D368D90657D4D3685B075AD41169444B38
:106F400041F00201116150611069404940F0400078
:106F50001061CA68D00738D4CB68DB063DD4C86856
:106F6000C0F380004000C0B2384A136923F0020326
:106F700013617047013B34D0D16CC907FAD4D36C8C
:106F8000DB0630D4D36C590733D4136D43F00203BE
:106F900013655065D3699B0748BF50612B4A2C4B42
:106FA000116D41F040011165D16CC9071DD4D36C3E
:106FB000D80643D4D06CC0F380004000C0B2234A4E
:106FC000136D23F0020313657047013B38D0CA6884
:106FD000D007FAD4CB68DB06C1D50320C4E7013B58
:106FE000A3D10420704703207047013BDCD104206B
:106FF000E5E702207047164B144AD168C90719D437
:10700000D368DB06EFD4D3685907F2D41169104B6B
:1070100041F002011161506110690C4940F04000DB
:107020001061CA68D20797D5013B09D0CA68D20758
:10703000FAD491E7013BE0D1042070470320BEE77A
:10704000042091E700F7FF1FFFFF07080020024020
:107050000000FF0F454BB3F8E030B3F5007F8C46DE
:1070600060D9434B434A9842434B23D2D168C90766
:107070004CD4D368D9064DD4D3685B0750D411697A
:107080003D4B41F0010111613A49C0F800C0CA68A6
:10709000D00731D4CB68DB0636D4C868C0F3800093
:1070A0004000C0B2334A136923F0010313617047F3
:1070B000013B2DD0D16CC907FAD4D36CDB0629D49F
:1070C000D36C59072CD4116D2B4B41F00101116584
:1070D0002849C0F800C0CA6CD2071DD4CB6CD806B2
:1070E00040D4C86CC0F380004000C0B2214A136D88
:1070F00023F0010313657047013B35D0CA68D00700
:10710000FAD4CB68DB06C8D50320CBE7013BADD171
:107110000420704703207047013BDCD10420E5E7E1
:1071200002207047144B134AD168C90716D4D3689C
:10713000DB06EFD4D3685907F2D411690E4B41F046
:10714000010111610B49C0F800C0CA68D207A1D57E
:10715000013B09D0CA68D207FAD49BE7013BE3D1CF
:10716000042070470320C1E704209BE700F7FF1FBE
:10717000FFFF0708002002400000FF0F830903F112
:10718000804303F5083300F01F0019680122824094
:107190000A431A60704700BF2DE9F0430C461D46B4
:1071A000E306014604F00F0602D5042A44D0164334
:1071B00000224FF001080F2706E0482C08BF0861A5
:1071C0000B600132082A13D008FA02FC4FEA820E43
:1071D0001CEA050007FA0EF906FA0EFEF1D00B685C
:1071E000282C23EA09034EEA0303E6D14861E7E7C6
:1071F00000234FF001080F2709E0482C08BF086161
:10720000C1F804E00132102A03F1040312D008FA95
:1072100002FC1CEA050007FA03F906FA03FEF1D0A6
:10722000D1F804C0282C2CEA090C4EEA0C0EE4D14B
:107230004861E5E7BDE8F083C36B2B4346F00306E6
:10724000C363B5E701617047416170470AB10161ED
:1072500070474161704700BF83680B4214BF012033
:1072600000207047C3680B4214BF01200020704704
:1072700000281F4B00F4401CB4BFDB695B68BCF501
:10728000401F00B582B227D010F4801F19D14FEAF9
:10729000505C4FEA0C1C02FA0CFC23EA0C0343F08E
:1072A000E0634FEA505C4FEA0C1C02FA0CF21A43FE
:1072B000002918BF13460E4A0028B4BFD36153609B
:1072C00000BDC0F3034E4FF0030C0CFA0EFC23EA92
:1072D0000C0343F0E063E4E7DFF814E0DEF804C0F9
:1072E0002CF0E06C23F0E063CEF804C0D9E700BFD7
:1072F0000000014001F003039B000F22032902FA62
:1073000003F200FA03F0134B07D8996821EA02024E
:107310009A609A6802439A607047072907D8D9682B
:1073200021EA0202DA60DA680243DA6070470B2968
:1073300007D8196921EA02021A611A6902431A611F
:107340007047596921EA02025A615A6902435A6137
:10735000704700BF00000140DFF898C0DCF80C3037
:1073600003F4E063B3F5E06F36D0DCF80C3003F4DF
:10737000E063B3F5C06F1BD0DCF80C3003F4E063BE
:10738000B3F5A06F10D0DCF80C3003F4E063B3F574
:10739000806F25D0DCF80C3003F4E063B3F5407F58
:1073A00022D0134BCCF80C3002F00302022302E08F
:1073B00002F007020323DFF840C0994011430CEBB1
:1073C00000030901420983F8001300F01F000123A4
:1073D00083404CF82230704702F00F020423EAE7A2
:1073E00002F001020123E6E700221346E3E700BFB3
:1073F0000005FA0500ED00E000E100E0830903F17B
:10740000804303F5043300F01F0019680122824015
:107410000A431A60704700BF830903F1804303F5F4
:10742000043300F01F001968012282400A431A60E9
:10743000704700BF830903F1804303F5043300F074
:107440001F001A680121814022EA01021A60704778
:10745000174A5368D26A23F0805323F4404322F042
:1074600000510B2809D8DFE800F0060606060818C8
:1074700008180C0C0C0C43EA80330D4A5360D1629F
:107480007047DFF834C042F000510CEA803C084AF3
:1074900043EA0C035360D1627047064A02EA803225
:1074A0001343034A43F080535360D162704700BFD7
:1074B0000010024000C0FEFF00C0FCFF10B5DFF866
:1074C000E4C086469CE80F0088B008AC04E90F00D1
:1074D000DCE90401CDE90001CDE902012D4A536840
:1074E00003F00C03082B24D02B482A4A5368516818
:1074F0005268C3F303136B441B7C20FA03F3BEF101
:10750000030F44D8DFE80EF00812020AC1F302218B
:107510006944087823FA00F008B010BDC2F3C22213
:107520006A44107A23FA00F008B010BD184608B07B
:1075300010BD5368D90311D4184A164B58685968BE
:107540005B680C01C0F3834014D5590018D540F096
:1075500030003F2812D102FB00F0C6E7D36A5A0080
:107560000C4B58BF0C4A5B6848BF0D4A9B03E4D5DF
:107570005208E2E75B0006D540F020000130EAE760
:1075800040F01000FAE70F28F8D00230E3E70020BF
:10759000C2E700BF0010024000127A0000093D005F
:1075A000006CDC0290C9000808B5154B984212D057
:1075B00003F57443984204D0A3F57843984214D05D
:1075C00008BD4FF44370FFF727FFBDE808404FF4B4
:1075D0004370FFF72FBF40F20F40FFF71DFFBDE8DC
:1075E000084040F20F40FFF725BF40F20E40FFF782
:1075F00013FFBDE8084040F20E40FFF71BBF00BF7D
:10760000003C004010B4D1E901420B68234313430E
:10761000CA680C69D1E905C113432343026843EAF0
:107620000C0302F441520B4313430360C36923F478
:10763000006310BCC3617047036843F040030360FC
:10764000704700BFC1607047C06880B2704700BF1C
:1076500083680B4214BF01200020704708B5374BE8
:1076600098424CD015D8A3F50063984251D039D830
:10767000B0F1804F22D0A3F5806398425DD140F2F3
:107680000140FFF7C9FEBDE8084040F20140FFF7A6
:10769000D1BE2B4B984246D003F50063984217D0D9
:1076A000A3F59033984248D140F20540FFF7B4FE6D
:1076B000BDE8084040F20540FFF7BCBE4FF48060D3
:1076C000FFF7AAFEBDE808404FF48060FFF7B2BEA6
:1076D00040F20D30FFF7A0FEBDE8084040F20D304B
:1076E000FFF7A8BE174B984227D140F20340FFF79F
:1076F00093FEBDE8084040F20340FFF79BBE40F216
:107700000440FFF789FEBDE8084040F20440FFF75F
:1077100091BE40F20240FFF77FFEBDE8084040F214
:107720000240FFF787BE40F20B30FFF775FEBDE861
:10773000084040F20B30FFF77DBE08BD001000404E
:10774000002C0140000C004000234FF6FF72C0E9FE
:107750000033826003737047254B0A888262984227
:1077600015D020F44063B3F1804F10D0214B9842E4
:107770000DD0214B20F4806210B49A428C68C46210
:107780002CD1436943F0010310BC43617047036887
:107790004A8823F070030360D0F800C08B8842EA67
:1077A0000C0202600268134303608B68C3620268C4
:1077B000CB8822F440720260D0F800C00C4A43EA41
:1077C0000C039042036002D00A4B984201D10B7B1C
:1077D0000363436943F00103436170470268CB8848
:1077E00022F440720260026813430360C9E700BFDD
:1077F000002C01400034014000100040036843F0B9
:1078000001030360704700BF036843F08003036017
:10781000704700BFC3680B43C3607047C943016131
:10782000704700BF0023036043608360838170471B
:10783000B1F802C00B888A8843EA0C03B1F806C08D
:1078400013430A8943EA0C03B1F80AC013438A8937
:1078500043EA0C0313439BB243647047436C012912
:107860000CBF43F4004323F400434364704700BF5C
:107870000023036043608360704700BF032929D859
:10788000DFE811F0AF006C0029000400036A1188E2
:10789000B2F804C023F480530362C36923F4407335
:1078A000C361036A43EA01330362036A724923F442
:1078B00000530362036A884243EA0C33036240F0D8
:1078C000D6804368128923F480434360436843EAC7
:1078D000821343607047036A1188B2F804C023F42E
:1078E00080730362C36923F00303C361036A43EA3D
:1078F00001230362036A604923F400730362036A8D
:10790000884243EA0C23036202D05C4B9842E1D1E7
:10791000036AB2F802C0D18823F480630362036A69
:1079200043EA0C230362036A23F400630362036ADD
:1079300043EA0123036243681189528923F4805387
:107940004360436843EA01134360436823F40053F0
:107950004360436843EA021343607047036A118837
:10796000B2F804C023F010030362836923F4407368
:107970008361036A43EA01130362036A3E4923F009
:1079800020030362036A884243EA0C13036202D0B5
:107990003A4B98429ED1036AB2F802C0D18823F0D4
:1079A00040030362036A43EA0C130362036A23F091
:1079B00080030362036A43EA011303624368118987
:1079C000528923F480634360436843EA8103436040
:1079D000436823F400634360436843EA82034360DF
:1079E0007047036A118823F001030362D0F818C0BE
:1079F00093882CF0030CC0F818C0D0F820C041EADE
:107A00000C010162016ADFF870C021F0020101621D
:107A1000016A604543EA0103036203D0174B9842B1
:107A20007FF458AF036A518823F004030362D0F84F
:107A300020C0D38841EA0C010162016A21F00801EB
:107A40000162016A0B4303624368118923F4807366
:107A50004360D0F804C0538941EA0C014160426898
:107A600022F4007242604268134343607047034B44
:107A700098427FF42FAF24E7002C014000340140EE
:107A800003290BD8DFE801F01C130B02C36923F4B0
:107A9000E043C361C36943EA0223C3617047C3691A
:107AA00023F07003C361C3691343C36170478369E3
:107AB00023F4E0438361836943EA022383617047CF
:107AC000836923F070038361836913438361704783
:107AD000032904D8DFE801F00806040202647047B5
:107AE000C2637047826370474263704703290BD8B3
:107AF000DFE801F01C130B02C36923F40063C361C8
:107B0000C36943EA0223C3617047C36923F00803D2
:107B1000C361C3691343C3617047836923F400637E
:107B20008361836943EA022383617047836923F099
:107B300008038361836913438361704703290BD86A
:107B4000DFE801F01C130B02C36923F48063C361F7
:107B5000C36943EA0223C3617047C36923F0040386
:107B6000C361C3691343C3617047836923F48063AE
:107B70008361836943EA022383617047836923F049
:107B800004038361836913438361704703290BD81E
:107B9000DFE801F01D140B02036A23F48053036233
:107BA000036A43EA023303627047036A23F4807373
:107BB0000362036A43EA022303627047036A23F005
:107BC00010030362036A43EA021303627047036A05
:107BD00023F001030362036A13430362704700BF8B
:107BE000436823F07003436043680B43436070476E
:107BF00021B9836843F0800383607047012900D076
:107C00007047836823F0800383607047836823F0A4
:107C100007038360704700BF08B5234B984238D0F4
:107C200010D9224B98422AD003F5684398421BD1C1
:107C300040F20E30FFF7F0FBBDE8084040F20E3096
:107C4000FFF7F8BBA3F5006398420ED003F58063FD
:107C5000984209D140F21240FFF7DEFBBDE8084030
:107C600040F21240FFF7E6BB08BD40F21140FFF7BB
:107C7000D3FBBDE8084040F21140FFF7DBBB40F208
:107C80001440FFF7C9FBBDE8084040F21440FFF77D
:107C9000D1BB40F21340FFF7BFFBBDE8084040F204
:107CA0001340FFF7C7BB00BF004C0040005000402E
:107CB00000B5174B984283B0024617D00ED9154B2A
:107CC000984213D003F5684398421ED1CDE90001D4
:107CD0000320FFF7F3FBDDE900210EE0A3F50063CD
:107CE000984203D003F5806398420ED10220CDE97B
:107CF0000021FFF7E3FBDDE9002100EB5103B3FBBB
:107D0000F1F39BB2936003B000BD0020F5E700BF24
:107D1000004C004000500040C36843F40053C3606F
:107D2000704700BFC36823F008030B43C36070476C
:107D3000C36823F004030B43C3607047C1F3080119
:107D4000416070474068C0F3080070478B0901F03C
:107D50001F011858C84000F0010070478A0901232C
:107D600052F800C001F01F018B4043EA0C0313508E
:107D7000704700BFC1F389128B0D52F800C018582C
:107D8000C1F30442012303FA02F201F01F0102428F
:107D900003FA01F314BF0120002013EA0C0F00F0D6
:107DA000010008BF002070474249434BD1F88820AA
:107DB00042F4700282B0C1F88820196841F00101D4
:107DC00019605968002041F0800159600190019BC1
:107DD00044F61F62934205D8019B01330193019B36
:107DE0009342F9D934494B6823F003034B600B6885
:107DF00023F084734FF41F0223F480330B608A60F6
:107E00000A68002022F480220A604860C8620A687A
:107E100042F001024FF4A0630A6001E0013B02D08E
:107E20000A689007FAD5244B1A68920741D5DA6997
:107E3000224942F08052DA610A6842F440420A6004
:107E40005A685A605A685A605A6842F480625A60A6
:107E50005A6822F0904222F470125A605A6842F036
:107E6000036242F480225A601A6842F080721A60FB
:107E70001A689001FCD5114A136843F480331360EB
:107E80005368D903FCD513680C4943F400331360DD
:107E90004B689A03FCD5084A536823F003035360E8
:107EA000536843F00203536053681B07FCD502B0CC
:107EB0007047FEE700ED00E0001002400070004057
:107EC000DFF834D00D480E490E4A002302E0D458A2
:107ED000C4500433C4188C42F9D30B4A0B4C002312
:107EE00001E013600432A242FBD3FFF75DFF01F013
:107EF00083FCF8F7FDFE7047000001200000002021
:107F0000CC010020B8E00008CC0100203047002060
:107F1000FEE7002101F018BB0A22002101F09ABB04
:107F20002DE9FF4757EC106B002F0C469146DDF80A
:107F300030A019464FF0000203DA07F100431F4654
:107F40002D220D9D0A7025F02005462D04D0452DCB
:107F500000D10134022100E0032103AB019302AB05
:107F6000009347EC106B5346224601F011FD472D5C
:107F700080461AD119F0010F0ED000EB040900223F
:107F8000002330463946F8F74FFD08B1CDF80C9084
:107F90003022039B4B451ED3039B0E9AA3EB080391
:107FA0004046136004B0BDE8F087462D00EB04099D
:107FB000E5D10378302B0AD1002200233046394620
:107FC000F8F732FD18B9C4F10104CAF80040DAF834
:107FD00000309944D3E7591C03911A70D9E7F7B5DB
:107FE0000029BABF49422D232B230929027043706F
:107FF0002ADD0DF10704871CA6460A26A446B1FB1C
:10800000F6F506FB15123032632904F1FF340CF843
:10801000012C2946F2DC3031ACF1020204F8011CDB
:10802000411C144672450AD30DF10903A3EB0C035E
:10803000A64538BF00233B44181A03B0F0BD12F820
:10804000013B01F8013FEDE7302330318370C1700F
:10805000031DF1E72DE9F04F8FB00C46DDF860808D
:1080600016461F46054601F0EFFB036807931846C6
:10807000F8F7AEF800230C93D8F8003094F818A065
:10808000D4F800B00890073323F00703B3EC027B69
:108090008DED047BC8F80030DDE9048323F000494E
:1080A00084ED127B9A4B4FF0FF3240464946F8F779
:1080B000EDFC70BB964B4FF0FF3240464946F8F757
:1080C000C7FC30BBDDE9040100220023F8F7B6FC51
:1080D00010B12D2384F843308E4A8F4BBAF1470FED
:1080E0008CBF90469846032323612BF00403236042
:1080F0004FF00009009733460DAA2146284600F0AC
:10810000CDF9013040F08C804FF0FF300FB0BDE86A
:10811000F08FDDE9042310461946F8F7B7FC40B1AB
:10812000059B7E4A002BBCBF2D2384F843307C4B3B
:10813000D4E763685A1C0AF0DF093BD10623636069
:108140004BF480620023226003930CABCDE901A3C2
:108150000BAB009361689DED040B0DF12B032846DA
:10816000FFF7DEFEB9F1470F0B99804629D1C81CF5
:1081700002DB63688B4241DAAAF1020A5FFA8AFAEB
:108180000139524604F150000B91FFF728FF0C9A79
:108190001318012A8146236102DC2268D20701D527
:1081A000013323619DF82B30002BA3D02D2384F8BD
:1081B00043309FE7B9F1470FC2D1002BC0D1012353
:1081C000BDE7BAF1650FDBD9BAF1660F18D1002906
:1081D00063680BDD216113B92268D00702D5013332
:1081E0000B442361A1654FF00009DBE713B9226856
:1081F000D20701D50233F4E70123F2E74FF0670A13
:108200000C9B8B4205DC23682161D807EAD54B1C07
:10821000E7E70029D4BFC1F1020201221344E0E7DD
:1082200023685A0507D42369424631462846B84791
:10823000013028D168E7BAF1650F40F2DB80D4E95C
:10824000120100220023F8F7EFFB90B3354A012317
:1082500031462846B84701303FF456AFDDE90B38C8
:10826000434502DB2368D8070DD5DDE907233146F6
:108270002846B84701303FF447AF4FF0000908F1F6
:10828000FF38C84509DC23689B0700F10481E068DA
:108290000D9B9842B8BF184638E7012304F11A0233
:1082A00031462846B84701303FF42EAF09F10109A5
:1082B000E7E70B9B834237DC1A4A01233146284605
:1082C000B84701303FF420AFDDE90B3959EA030329
:1082D00002D12368D907D6D5DDE9072331462846E0
:1082E000B84701303FF410AF4FF0000A0B9B5B42E0
:1082F000534501DC4B4697E7012304F11A0231464E
:108300002846B84701303FF4FFAE0AF1010AEDE715
:10831000FFFFEF7F14DC000810DC00081CDC000805
:1083200018DC000820DC0008A36DDDF830B05B45E8
:10833000A8BF5B46002B049337DC4FF0000904F123
:108340001A02049BD4F858A0002BACBFAAEB03037D
:1083500053464B4531DC0B9B9B453ADC2368DA07DF
:1083600037D40B9BABEB0309ABEB0A039945A8BFD2
:108370009946B9F1000F34DC4FF000080B9BB9F1BE
:10838000000FABEB0303A8BFA3EB090343457FF743
:108390007AAF012304F11A0231462846B84701306A
:1083A0003FF4B2AE08F10108E8E7049B42463146CB
:1083B0002846B8470130C0D1A6E6012331462846F9
:1083C0000992B84701303FF49FAE099A09F10109BB
:1083D000B7E7DDE9072331462846B8470130C0D169
:1083E00092E64B4608EB0A0231462846B847013070
:1083F000C2D189E6DDF830A0BAF1010F01DCDB075C
:1084000035D50123424631462846B84701303FF46E
:108410007BAEDDE9072331462846B84701303FF4FB
:1084200073AED4E91201002200230AF1FF3AF8F7F3
:10843000FBFAC8B9534608F1010231462846B8474D
:1084400001300DD160E6012304F11A0231462846BD
:10845000B84701303FF458AE08F10108D045F2DBCF
:108460004B4604F15002E0E64FF00008F6E7012326
:108470004246E2E7012304F1190231462846B84793
:1084800001303FF441AE08F10108E3680D995B1A31
:108490004345EFDCFBE64FF00008F6E72DE9F04737
:1084A000914698468A680B69089E9342B8BF134666
:1084B000C9F8003091F8432007460C4612B1013349
:1084C000C9F800302368990642BFD9F8003002335A
:1084D000C9F80030256815F0060507D104F1190A1E
:1084E000E368D9F800209B1AAB4229DC94F84330AA
:1084F0002268003B18BF012392062ED404F14302E8
:1085000041463846B047013021D02368A16822692E
:1085100003F00603042B01BFE568D9F80030ED1A1B
:1085200025EAE57518BF00258B1A2B449142C8BF78
:108530001D464FF000091A344D451AD1002008E0BD
:108540000123524641463846B047013003D14FF02F
:10855000FF30BDE8F0870135C2E7E1185A1C302032
:1085600081F84300224494F8451082F84310023306
:10857000C4E70123224641463846B0470130E6D0E1
:1085800009F10109D8E700002DE9F04398460B7E78
:1085900085B0782B174606460C9A0C4609D8622BF4
:1085A00001F1430108D8002B00F0DC80582B00F0CB
:1085B000BD8004F1420539E0A3F163001528F8D825
:1085C00001A555F820F000BF218600083586000877
:1085D000B3850008B3850008B3850008B38500089B
:1085E00035860008B3850008B3850008B385000808
:1085F000B38500084587000861860008F3860008F7
:10860000B3850008B38500086D870008B3850008AE
:1086100061860008B3850008B3850008FB86000862
:108620001368191D1B68116004F1420584F842307B
:108630000123A8E013682568181D1060280601D5DD
:108640001B6803E06A06FBD5B3F90030002B03DAA0
:108650002D225B4284F84320DFF878C10A2213E020
:108660002568106815F0800F50F8043B02D16D06A4
:1086700048BF9BB21060227EDFF858C16F2A5DD1DF
:108680000822002084F843006568A560002D05DB02
:1086900020681D4320F00400206051D00D46B3FB3C
:1086A000F2F002FB103E9A421CF80EE005F801EDD4
:1086B0000346F4D9082A0BD12368DA0708D52369C1
:1086C00062689A42DEBF302305F8013C05F1FF35B0
:1086D000491B2161CDF800803B4603AA2146304664
:1086E000FFF7DCFE013053D14FF0FF3005B0BDE89D
:1086F000F083236843F020032360DFF8DCC0782395
:1087000084F845302068156810F0800F55F8043B58
:1087100003D110F0400F18BF9BB21560C50744BFCE
:1087200040F02000206023B11022AAE7DFF8A4C0A7
:10873000E6E7226822F020022260F5E70A22A0E79D
:108740000D46B7E71368D4F800C060691D1D1560B9
:108750001CF0800F1B6801D0186003E01CF0400F74
:10876000FAD01880002323610D46B3E71368191D62
:1087700011601D68626800212846F7F7D9FC08B12E
:10878000401B606063682361002384F84330A1E7E5
:1087900023692A4639463046C0470130A4D02368B1
:1087A0009B0714D4E068039B9842B8BF18469DE726
:1087B000012304F1190239463046C047013093D0F5
:1087C0000135E36803995B1AAB42F1DCEAE7002567
:1087D000F7E700BF22DC000833DC0008002310B5F7
:1087E0000446C0E90033C0E90433836081814366F5
:1087F000C2818361194608225C3000F0DCFF0D4B1A
:1088000063620D4BA3620D4BE3620D4B23630D4B73
:1088100024629C4206D003F16802944202D0D03315
:108820009C4205D104F15800BDE8104001F008B8A1
:1088300010BD00BF37B9000859B9000891B9000848
:10884000B7B90008E4450020024A0349034800F094
:108850000BBF00BF04000020C1BA00088001002047
:1088600041680C4B994210B5044601D003F028F939
:10887000A168094B994202D0204603F021F9E16832
:10888000064B994204D02046BDE8104003F018B9C9
:1088900010BD00BFE44500204C460020B446002037
:1088A00010B50A4B0A4A1A600A4800220421FFF751
:1088B00095FF094801220921FFF790FFBDE810400C
:1088C000064802221221FFF789BF00BF1C47002083
:1088D00049880008E44500204C460020B4460020AA
:1088E000014800F0AEBF00BF21470020014800F062
:1088F000A9BF00BF2147002010B50446FFF7F0FFD5
:10890000236A1BB1BDE81040FFF7F0BF044B2362A0
:10891000044B1B68002BF5D1FFF7C2FFF2E700BF45
:10892000618800081C47002070B504460D4645ECE0
:10893000104B164602F0C2FE51EC100B7EB1C5F38F
:108940000A53C3F16B03002B09DD1B0503F17F55AF
:10895000002405F5401522462B46F7F7FDFD41ECB6
:10896000100B70BD000000002DE9F04F9FB00E46C7
:108970001792002204901A924FF000084FF000095D
:1089800019910A782B2A0D4601F101011CD00AD851
:108990000D2A05D8082AF3D872B100230B9382E080
:1089A000202AEDD0F9E72D2A10D10122691C199156
:1089B0000B926A78002A37D1179B1996002B40F04A
:1089C000A88542464B462AE00022EFE700210B91A2
:1089D000302A40F09D806A7802F0DF02582A5AD18E
:1089E00002930B9B01931AAB0093874A04981BAB2D
:1089F00019A901F009FE10F00F04064605D0062C57
:108A000014D10135002319950B93179B002B40F0CF
:108A100082850B9B002BD4D0424609F1004343ECE6
:108A2000102B1FB0BDE8F08F0D46D1E71A9A3AB16E
:108A300035211CA802F03BFF1A99049802F0F2FAC3
:108A4000013C042C06D8DFE804F014031E211400B6
:108A5000DDE91C89F10548BF49F0004929F00043D0
:108A60001B0D1B05002BD0D100F0C0FE222303609C
:108A7000CBE7DDE91C831B9A23F4801302F2334217
:108A800043EA0259E6E7DFF88891E3E76FF000492F
:108A90004FF0FF38DEE7013519952B78302BFAD0EF
:108AA000002BB2D001234FF0000A07932846CDF8DF
:108AB00038A0D3460A230478A4F13002092A29D920
:108AC0005249012200F07FFE002836D000202246C5
:108AD00006905C460146652A01D0452A16D124B984
:108AE000079B03433FF468AF0024199E731C19933E
:108AF00072782B2A7FD02D2A00F083804FF0000C53
:108B0000A2F13003092B40F2898019960023ACE0D2
:108B10000023C8E7BBF1080FDCBF0E9A03FB02423B
:108B200000F10100D5BF303A03FB0A420E92A2F1D8
:108B3000300A0BF1010B1990BDE7199B5A1C1992D1
:108B40005A78BBF1000F3BD006905C46A2F130038F
:108B5000092B11D90121BEE7199B5A1C19925A7889
:108B60000130302AF8D0A2F13103082B00F2D8846A
:108B70000690199D00200446303A00F1010319D0F7
:108B80000699059419440691A4464FF00A0E0CF17B
:108B90000107391B8B4215DC059920EAE07001447E
:108BA0000134082904441CDC0E990A2303FB012329
:108BB0000E930023199A511C199152781846C5E753
:108BC0005846CEE7BCF1080F05DC0E990EFB01F10B
:108BD0000E91BC46DBE70AFB0EFC102FD8BFE24625
:108BE000F7E70F29DCBF0A2303FB0A2AE1E700238A
:108BF0000693012174E74FF0000CB31C1993B2786F
:108C00007EE74FF0010CF8E734DE000844DC000892
:108C10000000F07F199B5A1C19925A78302AF9D01B
:108C2000A2F13103082B3FF671AFDDF864E0CDF817
:108C300014E0A2F130030A93059B013319931A78CB
:108C40000593A2F13007092F3BD9A3EB0E03082BA4
:108C500044F61F633DDC0A9F9F42A8BF1F4605974D
:108C6000BCF1000F02D0059B5B420593002C51D153
:108C7000079B03437FF4C9AE00297FF49DAE692AA8
:108C80002BD028DC492A28D04E2A7FF495AE9F4964
:108C900019A801F0D7FE00283FF48EAE199B1B786F
:108CA000282B31D19A491CAA19A801F0E0FE052809
:108CB0002AD11D9BDDF8708043F0FF4949F4E0099B
:108CC000A3E60A9B0A2707FB0327A7F130020A92B3
:108CD000B2E70593C4E76E2AD7E78E4919A801F0D9
:108CE000B1FE00283FF468AE199B8B49013B19A8DF
:108CF000199301F0A7FE10B9199B01331993DFF8FE
:108D000028924FF0000880E6844800F0B1FD59EC4D
:108D1000108B7AE6DDE905320E989B1ABBF1000F45
:108D200008BFA346102C0A932646A8BF1026F7F7C3
:108D300099FB092C8046894613DC0A9B002B3FF4E3
:108D400064AE0A9B6FDD162B56DC754901EBC3013F
:108D5000D1E9000142464B46F7F7FEFB80468946C3
:108D600053E66F4B03EBC60353E91223F7F7F4FB0B
:108D7000804650468946F7F775FB02460B4640464B
:108D80004946F7F733FA0F2C80468946D5DD0A9B12
:108D9000A4EB060A9A44BAF1000F40F392802AF03D
:108DA0000F061AF00F0A4DD1B6F59A7F5ADC4946E4
:108DB000DFF87091361140460027012E76D1A1F1DF
:108DC0005479584901EBC70102464B46D1E90001ED
:108DD000F7F7C2FB544B0A460B4054498B4280467E
:108DE00040D8A1F580118B4286BFDFF844914FF047
:108DF000FF3802F1547932E00A9AC4F12503934214
:108E0000C5DB474DC4F10F0405EBC40142464B4698
:108E1000D1E90001F7F7A0FB0A9B1C1B05EBC40579
:108E2000D5E9002398E71633B1DBDDE905239A1A6B
:108E30003B4B03EBC203D3E9002340464946F7F717
:108E4000B5FC8BE7364901EBCA0142464B46D1E9F6
:108E50000001F7F781FB80468946002EA4D100234C
:108E600007939BE0002405940E940694049ADFF87F
:108E7000B890222313604FF000080E9B002B3FF4A4
:108E8000C4AD1A99049802F0CDF80699049802F03E
:108E9000C9F8DDE9040102F0C5F80E99049802F062
:108EA000C1F80498214602F0BDF8AEE5F20703D5FB
:108EB000D9E90023F7F750FB0137761009F10809CB
:108EC0007BE7CCD0CAF1000A4FEA2A161AF00F0A43
:108ED0000DD11F2E2EDD002405940E940694049AC5
:108EE00022234FF000084FF000091360C5E70C4B38
:108EF00003EBCA0340464946D3E90023F7F756FC83
:108F000080468946002EAAD0E3E700BF1DDC00089A
:108F100020DE000815DC000851DC00081FDE000818
:108F2000A8DF000880DF00080000F07F0000A07CC0
:108F3000FFFFEF7F16F0100318BF6A23754F0793EA
:108F400040464946F30703D5D7E90023F7F704FB6A
:108F5000761007F10807F5D1079B80468946ABB12B
:108F6000C1F30A52C2F16B03002B0F460EDD1F2B1B
:108F700055DD342BDEBF4FF0FF33C2F14B0293407F
:108F8000B046CCBF4FF05C7903EA01090022002310
:108F900040464946F7F748FD00289CD10E9B0093B8
:108FA000049823465A46294602F0A4F80E90002859
:108FB0003FF458AFDDE905239B1A0A9A002AA8BF9F
:108FC00000231493002422EAE273169305940E9B67
:108FD0000498596801F0E8FF069000283FF446AF76
:108FE0000E9B1A69023203F10C0192000C3000F062
:108FF0002FFC49EC108B04981CAA1BA9CDE90C8905
:1090000002F0CCFB1A9000283FF430AF0498012105
:1090100002F006F90590034640B9059326E74FF0A4
:10902000FF3202FA03F303EA0008AFE71B9D079A39
:10903000002DABBF149B169B169E149FACBFEF1860
:109040005E1B1C9BAD1A1D44334A013D9542C3F182
:10905000360354DA3149521B8D42A3EB02034FF021
:10906000010140DB01FA02FA002507EB030B1E4465
:10907000079B5F451E443B46A8BF5B46B342A8BF63
:109080003346002BC2BFABEB030BF61AFF1A149B3F
:10909000002B18DD1A46DDE9040102F08DF9059078
:1090A00003460028B9D001461A9A049802F0CEF877
:1090B000034600283FF4DAAE1A9904980F9301F0A2
:1090C000B1FF0F9B1A93BBF1000F1ADC0A9B002B18
:1090D00026DD169A0699049802F06EF9069003466A
:1090E000F0B90693C2E6C5F17F4505F57F0505F5A4
:1090F0007B45E23501FA05F54FF0010AB5E7002599
:10910000FAE71A9904985A4602F0B2F91A90002820
:10911000DCD1ABE648DE000802FCFFFFE3FBFFFF0B
:10912000002E08DD06990498324602F0A1F9069057
:1091300003460028D5D0002F08DDDDE904013A46BA
:1091400002F096F9059000283FF490AE069A1A991D
:10915000049802F01BFA044600283FF487AEC36867
:109160000F9300230599C36002F0F4F900283CDA5C
:109170000F9B53EA08035FD1C9F313034E46002B3C
:109180005AD129F000431B0D1B05B3F1D66F53D9FB
:10919000636913B92369012B4EDD2146012204982E
:1091A00002F066F90599044602F0D4F9002843DD7F
:1091B000AD4B079A3340002A5DD0B3F1D66F5AD831
:1091C000B3F15C7F7FF68BAEA84B40464946002248
:1091D000F7F7C2F9A44B0B4080468946002B7FF479
:1091E00050AE049A222313604BE64E4660D10F9A8C
:1091F000C9F313034AB39E4A934229D1079B4146C0
:10920000F3B1994B09EA0303B3F1D46F4FF0FF3286
:1092100019D81B0DC3F16B0302FA03F3994217D15E
:10922000944B9E4202D101313FF420AE8E4B33402D
:1092300003F580194FF00008079B002BC4D120E6EE
:109240004FF0FF33EAE71346E8E753EA0803AFD0ED
:10925000D5B13542F0D00F9B079A40464946B3B18D
:10926000FFF762FBDDE90C0153EC102BF6F7BEFFB4
:1092700080468946E0E7A3F580136FEA13596FEA49
:1092800009594FF0FF38D7E71AEA080FE2E7FFF76E
:109290004BFBDDE90C0153EC102BF6F7A5FF002288
:1092A000002380468946F7F7BFFB0028C4D016E6A6
:1092B0000599204602F0CAFA5BEC10AB00224FF091
:1092C000804350465946F7F7C3FB002872D00F9BE6
:1092D000002B7DD1B8F1000F58D1C9F31303002B37
:1092E0005AD1654B002250465946F7F7A7FB002894
:1092F0005BD150465946614B0022F7F72DF9824663
:109300008B460BF10043CDF820A00993DDE908233B
:10931000554DCDE9102306EA05031593584B06EA8F
:1093200005029A4240F0B080A6F1547949EC108BC6
:1093300002F0C4F9DDE9082351EC100BF7F70CF942
:1093400042464B46F6F752FF4E4A0D409542804644
:1093500045D90D9A474B9A4203D10C9B01333FF4F8
:1093600085ADDFF810914FF0FF381A99049801F09D
:1093700059FE0699049801F055FEDDE9040101F05B
:1093800051FE0498214601F04DFE20E6B8F1010F90
:1093900002D1002E3FF4A3AD9FED2B7BDFF8D8B0B8
:1093A0008DED087B4FF0000AB0E7DFF8D0B04FF04A
:1093B000000AA6E7314B504659460022F7F7CCF891
:1093C0000F9B82468B46002B9BD0CDE908AB9DE7D7
:1093D0009FED1F7B8DED087B5BEC17AB96E701F1F2
:1093E0005479079B002BC0D1159A29F000431B0D1F
:1093F000B2EB035FB9D15046594603F005FAF7F7CF
:109400007DF802460B4650465946F6F7EDFE0F9A98
:10941000C9F3130343EA0803134306460F4672D009
:109420000DA3D3E90023F7F709FB00287FF429AD4A
:109430000BA3D3E9002330463946F7F71DFB00287C
:1094400093D01EE5AFF30080000000000000F0BFE5
:10945000000000000000F03F9535A094FFFFDF3FC3
:1094600035E5AF350000E03F0000F07F00005039E7
:10947000FFFF0F00FFFFEF7F0000F03F0000E03F25
:109480000000E07FFFFF9F7C079B33B3159BB3F188
:10949000D46F22D828A3D3E9002350465946F7F7C2
:1094A000D7FAA0B159465046F7F72EFB012838BF2E
:1094B0000120F6F7D7FF0F9B82468B4603BB01F1D5
:1094C000004312901393DDE91223CDE91023119B81
:1094D000159A03F1D6639B1A11939DED0C0BDDE9F0
:1094E000106702F0EBF8304653EC102B3946F7F7D3
:1094F00033F8DDE90C23F6F779FE8046894670E7FC
:10950000CDE912ABDFE70EA3D3E90023F7F796FA14
:1095100095E700230B93179A199B1360FFF779BA0D
:10952000652A3FF464AB452A3FF461AB0121FFF7A4
:109530009FBB00BFAFF300800000C0FFFFFFDF4113
:109540009535A094FFFFCF3F0A4601460248034BE2
:109550000068FFF709BA00BF7C010020100000205E
:10956000242B2DE9F047884601D8012B06D100F0C5
:109570003DF9162303600020BDE8F087344E0D4608
:10958000294615F8014B375D17F00807F8D12D2C47
:1095900010D12C7801278D1C33F0100115D1302CFF
:1095A0000DD1297801F0DF01582908D16C780235F6
:1095B00010230AE02B2C04BF2C788D1CECE7002B29
:1095C000F6D1302C14BF0A23082307F1004E0EF108
:1095D000FF3E0021BEFBF3F90E4603FB19EAA4F19E
:1095E000300CBCF1090F10D86446A3421EDDB1F166
:1095F000FF3F07D0B14516D301D1A24513DB06FBCF
:109600000346012115F8014BE9E7A4F1410CBCF137
:10961000190F01D8373CE8E7A4F1610CBCF1190F30
:1096200004D8573CE1E74FF0FF31EBE74B1C05D185
:1096300022230360764632B930469DE707B1764271
:10964000002AF9D009B105F1FF38C2F80080F3E72C
:1096500071DE000813460A46014602480068FFF71B
:109660007FBF00BF7C0100202DE9F843804689467A
:1096700014460026D4E90175013F05D52468002C65
:10968000F8D13046BDE8F883AB89012B07D9B5F98D
:109690000E30013303D029464046C847064368359B
:1096A000EAE700000FB407B5064904AB086853F8B1
:1096B000042B8168019301F057FB03B05DF804EBC4
:1096C00004B070477C010020036A70B584680546C9
:1096D0000E460BB9FFF710F9636EDB0705D4A389BB
:1096E000980502D4A06D00F0ACF8A389190702D543
:1096F0002369002B35D12146284602F047FA80B372
:109700004FF0FF35636EDA0705D4A3899B0502D4B9
:10971000A06D00F097F8284670BD002B04DAA2690E
:10972000934217DB0A2915D023685A1C226019704E
:10973000A36816F8011F013BA3600029EDD18B42FD
:1097400011DA22460A21284602F0E2F90130D7D088
:109750000A25D7E72246284602F0DAF90130E7D198
:10976000CEE7013EE4E723685A1C22600A221A7001
:10977000EEE70000024B01461868FFF7A5BF00BFE7
:109780007C010020884210B501EB020402D984421A
:10979000234607D8431EA14207D011F8012B03F836
:1097A000012FF8E70244824200D110BD13F8011DD9
:1097B00002F8011DF7E702440346934200D17047C7
:1097C00003F8011BF9E710B56AB101398418027872
:1097D00011F8013F9A4204D10130A04201D0002A81
:1097E000F5D1D01A10BD1046FCE70000014B1868F7
:1097F000704700BF7C01002070B50D4B0D4C00265A
:109800001D1BB6EBA50F09D103F034F80A4C0B4B26
:1098100000261D1BB6EBA50F05D170BD54F8043B07
:1098200098470136EDE754F8043B98470136F1E7D5
:10983000B0E00008B0E00008B0E00008B4E00008C4
:1098400070477047704700000048704700010020D3
:109850000A44914200F1FF3300D1704710B511F86E
:10986000014B03F8014F9142F9D110BD00000000F7
:109870009FED010B704700BF000000000000F87F63
:109880002DE9F74F03690C69A34280467EDB013C5A
:1098900001F11407A30000F11405009305EB840304
:1098A000019357F8243055F8242001339A4207EBEE
:1098B0008409B2FBF3F62ED34FF0000ABC46AE4645
:1098C000D3465CF8043B98B206FB00A0020C1B0CCC
:1098D00006FB0323DEF8002080B292B2121A5A442B
:1098E000DEF800004FEA134A9BB2C3EB224303EBBE
:1098F000104392B242EA0342E1454EF8042B4FEA8C
:10990000234BDED2009BEB582BB9019B1A1F9542CB
:1099100030D3C8F81040404601F01CFE002825DB7B
:1099200001362946002057F8042BD1F800C01FFA51
:1099300082FE1FFA8CF3A3EB0E030344120CC2EB5E
:10994000234202EB1C429BB243EA0243B94541F871
:10995000043B4FEA2240E6D255F8242005EB84036D
:1099600022B9043B9D420BD3C8F81040304603B0E7
:10997000BDE8F08F1368002BCBD1043A013CC6E759
:109980001A68002AF0D1043B013CEBE70020EEE727
:109990002DE9F04F99B08DED0E0B0C92C269229C0F
:1099A0000A9157EC106B8146139382B9102001F095
:1099B000FBF80246C9F81C0020B9A94BEF21A948C1
:1099C00002F01AFA0023C0E901330360C360116892
:1099D00059B152684A60012393408B60484601F0B8
:1099E00021FBD9F81C3000221A60B7F10008B5BF7E
:1099F00001230023236023609B4BBCBF28F0004859
:109A0000CDF83C8033EA08031AD1139AC8F313083F
:109A100042F20F7358EA0608136000F06185239B39
:109A200053B9924B21E0924B00930833239A136071
:109A3000009819B0BDE8F08F8C4B00930333F5E725
:109A40009DED0E7B002251EC170B00238DED067B64
:109A5000F6F7EAFF824650B1139A01231360239B65
:109A600013B1239A834B1360834B0093E0E79DED82
:109A7000060B16AA17A9484601F090FE5FEA185493
:109A8000169D019079D0079BCDF850A0C3F3130326
:109A9000DDE9060143F07F5343F44013A4F2FF34A1
:109AA00019460022754BF6F79FFB67A3D3E9002305
:109AB000F6F752FD66A3D3E90023F6F797FB0646B7
:109AC00020460F46F6F7DEFC63A3D3E90023F6F742
:109AD00043FD02460B4630463946F6F787FB0646FD
:109AE0000F46F6F7E9FF002280460023304639464C
:109AF000F6F7A4FF48B14046F6F7C4FC32463B46B1
:109B0000F6F792FF08B908F1FF38B8F1160F51D8EF
:109B10005B4B03EBC803D3E90023DDE90601F6F74D
:109B20008DFF002848D008F1FF38002312932D1B29
:109B30006B1E089343BF0023C5F10107089300275C
:109B4000B8F1000F3ADB089BCDF83480434408930A
:109B5000002309930A9B092B62D8052BC4BF043B41
:109B60000A930A9BA3F10203CCBF00240124032B18
:109B700062D8DFE803F05153362B179C2C4404F2D3
:109B80003243202BC1BFC3F1400308FA03F804F2AB
:109B9000124326FA03F3D6BFC3F1200348EA0300B9
:109BA00006FA03F0F6F75EFC0122A1F1F873013C1E
:109BB000149275E70123B9E71290B8E7C8F10003E2
:109BC00009930023A7EB08070D93C3E701230B9329
:109BD0000C9B434405930133012B0493B8BF01232D
:109BE00006E001230B930C9B002B28DDCDE9043309
:109BF000D9F81C000021042202F114059D4243D92A
:109C00004160484601F0D0F9009000283FD11D4B3B
:109C1000024640F2AF11D2E60023E3E70023D6E785
:109C200001240023CDE90A344FF0FF330022CDE9AF
:109C300004330C921223DBE701230B93F4E7012397
:109C4000CDE904330C93D3E761436F63A787D23F19
:109C5000B3C8608B288AC63FFB799F501344D33F1B
:109C60005BDC000872DC00080000F07F57DC0008B5
:109C70004EDC000821DC000820DC00080000F83F72
:109C8000A8DF0008DFDC000801315200B4E7D9F892
:109C90001C30009A1A60049B0E2B75D8002C73D0D0
:109CA000B8F1000F40F3C4809F4B08F00F0203EBA4
:109CB000C20318F4807FD3E900AB4FEA281500F007
:109CC000A3809A4BDDE90601D3E90823F6F76EFD80
:109CD000CDE9020105F00F050324944E002D40F05C
:109CE000998052465B46DDE90201F6F75FFD824648
:109CF0008B46129B002B00F0C3808D4B00225046F8
:109D00005946F6F79BFE002800F0BA80049B002B12
:109D100000F0B680059B002B36DD08F1FF3302937F
:109D200050465946834B0022F6F716FC059E8246A4
:109D30008B4601342046F6F7A5FB52465B46F6F704
:109D40000BFC7D4B0022F6F751FA0446A1F1507549
:109D5000CDE91045002E40F09780784B0022504608
:109D60005946F6F741FA22462B4682468B46F6F7CD
:109D700083FE002840F0BD82224605F10043504694
:109D80005946F6F75BFE20BB179B002BC0F28D8176
:109D9000B8F10E0F00F38981634B03EBC803D3E9DD
:109DA00000AB0C9B002B80F21B81049B002B00F36B
:109DB00017810ED1614B002250465946F6F7CCFB75
:109DC00002460B46DDE90601F6F742FE002800F0E8
:109DD000938200252C460C9B009EDB430293274672
:109DE00000242946484601F01DF9002F00F0EE80BE
:109DF0002CB1BC4203D02146484601F013F9394644
:109E0000484601F00FF9E1E09DED067B02248DED5F
:109E1000027B62E7E90708D550465946D6E9002398
:109E2000F6F79AFB013482468B466D10083655E7EB
:109E300022D0C8F100053C4B3C4E05F00F0203EB6D
:109E4000C203D3E90023DDE90601F6F785FB2D11F6
:109E500082468B460224002D3FF44BAFEA0708D51B
:109E600050465946D6E90023F6F776FB0134824680
:109E70008B466D100836EEE7DDE906AB022438E7C5
:109E8000049ECDF8088055E7274B03EBC60353E942
:109E900002010B9B002B55D002460B46002028499F
:109EA000F6F784FCDDE91023F6F79EF9009BCDE977
:109EB00010019D191E4659465046F6F7FDFD00F16A
:109EC0003004F6F7DFFA02460B4650465946F6F7DD
:109ED0008BF9DDE9102306F8014B82468B46F6F735
:109EE000ADFD002872D152465B4611490020F6F7BD
:109EF0007BF9DDE91023F6F7A1FD002840F0B680DC
:109F0000AE423FF441AFDDE910010A4B0022F6F703
:109F100023FB084BCDE91001002250465946F6F7C5
:109F20001BFB82468B46C6E7A8DF000880DF0008DF
:109F30000000F03F0000244000001C4000001440DE
:109F40000000E03FDDE91023F6F706FB009B009CD4
:109F5000CDE910013344159359465046F6F7ACFD50
:109F600000F13005F6F78EFA0B4602465946504688
:109F7000F6F73AF904F8015B159B9C4282468B4642
:109F800027D1009B0022DDE910011E44AA4BF6F701
:109F90002DF902460B4650465946F6F76DFD00284E
:109FA00064D1DDE91023A4490020F6F71DF902462B
:109FB0000B4650465946F6F741FD00283FF4E4AE03
:109FC000334616F8012D302AFAD01E46DDF80880F7
:109FD0003AE09A4B0022F6F7BFFA82468B46BBE77F
:109FE000009E52465B46DDE90601F6F7DFFBF6F719
:109FF00063FD0746F6F746FA52465B46F6F7ACFABB
:10A0000002460B46DDE90601F6F7EEF807F1300CE3
:10A01000009C06F801CBA6EB040C049C64450246A8
:10A020000B4633D1F6F7E2F852465B4604460D463E
:10A03000F6F722FDC0B952465B4620462946F6F7A0
:10A04000F3FC08B1FB070FD40199484600F0EAFF82
:10A050000023139A337008F101031360239B002B34
:10A060003FF4E6AC1E60E3E4CDF8088033461E46BC
:10A0700013F8012D392A06D1009A9A42F7D1029A93
:10A0800001320292302201321A709FE76B4B00229C
:10A09000F6F762FA02460B46CDE9062300220023BA
:10A0A000F6F7C2FC00289CD0CEE70B9A002A00F0FD
:10A0B000DF800A9A012A00F3C380149A002A00F074
:10A0C000B78003F23343099D3E46089A01211A44A2
:10A0D00048461F44089201F0A3F8044656B1089B75
:10A0E000002B07DDB342089AA8BF3346FF1AF61AC1
:10A0F000D31A0893099B0BB30B9B002B00F0BF8076
:10A10000002D00F0B98021462A46484601F054F956
:10A11000019A01460446484601F098F801998246A2
:10A12000484600F07FFF099B5B1B099300F0AA8063
:10A13000099A5146484601F03FF9019001214846ED
:10A1400001F06EF80D9B0546002B00F0D0811A46F9
:10A150000146484601F030F90A9B012B054600F301
:10A1600099800E9B002B40F090800F9BC3F313034C
:10A17000002B40F08A800F9B23F000431B0D1B0532
:10A18000002B00F08580089B0133013708934FF0C6
:10A19000010A0D9B002B00F0B0812B6905EB8303B6
:10A1A000186900F0F1FFC0F12000089B184410F07E
:10A1B0001F0076D01B2870DCC0F11C000744064449
:10A1C00003440893002F05DD01993A46484601F003
:10A1D0004FF90190089B002B05DD29461A46484699
:10A1E00001F046F90546129B002B5FD001982946E5
:10A1F00001F0B0F9002859DA08F1FF330293019910
:10A2000000230A22484600F02FFF0B9B0190002BF1
:10A2100000F07581002321460A22484600F024FF01
:10A22000059B002B044671DC0A9B022B47DC6DE08A
:10A23000169BC3F1360346E70000E03F00002440D0
:10A24000049B5D1E099BAB4208DB5D1B049B002B3E
:10A25000BFF63AAF049BFE1A002336E7099B0D9A1E
:10A260000995EB1A1A440D92049B3E4600252CE7F3
:10A27000099D0B9C3E4631E7DDF804A058E7099A9A
:10A28000019957E7CDF804A058E74FF0000A80E79E
:10A290009A467EE74FF0000A7FE71C2892D0C0F173
:10A2A00020001C30089B0744064489E7049BCDF836
:10A2B0000880002B24DC05930A9B022B22DD059BE2
:10A2C000002B7FF488AD2946059B0522484600F007
:10A2D000CBFE01460546019801F03CF900287FF7C6
:10A2E0007AAD009E312306F8013B029B01330293B5
:10A2F00075E535462C46F4E7049DCDF80880F9E76E
:10A30000049B05930B9B002B00F0FD80002E05DDC8
:10A3100021463246484601F0ABF80446BAF1000F38
:10A3200058D06168484600F03FFE064628B9814B88
:10A33000024640F2EF21FFF742BB2269023292004F
:10A3400004F10C010C30FFF783FA01223146484634
:10A3500001F08EF80746009B009A03F10108059B67
:10A36000134406930E9B03F00103089329460198BA
:10A37000FFF786FA2146049000F1300B019801F0B6
:10A38000E9F83A4605902946484601F0FFF8C268C8
:10A3900008F1FF3A0646FAB90146019801F0DAF8E9
:10A3A000024631464846099200F03CFEDDE90923A9
:10A3B00042EA0301089B194346460FD1BBF1390F0E
:10A3C00028D0059B002B02DD049B03F1310B8AF89A
:10A3D00000B006E52746BEE70122E2E7059B002B19
:10A3E00004DB0A990B4308990B4320D1002AEEDDC8
:10A3F00001990122484601F03BF82946019001F0FD
:10A40000A9F8002803DCE2D11BF0010FDFD0BBF17B
:10A41000390FD9D139238AF8003033461E46013B23
:10A4200016F8012C392A52D001321A70D9E4002AC8
:10A4300007DDBBF1390FEDD00BF101038AF80030D5
:10A44000CFE4069B08F801BC43452AD001990023BC
:10A450000A22484600F008FEBC4201904FF000037B
:10A460004FF00A022146484606D100F0FDFD0446A1
:10A47000074608F1010879E700F0F6FD3946044681
:10A4800000230A22484600F0EFFD0746F1E7059B4E
:10A490005E1E002B009BD8BF00265A1C2746164480
:10A4A000002401990122484600F0E2FF294601906C
:10A4B00001F050F80028B0DC02D11BF0010FACD144
:10A4C00033461E4613F8012D302AFAD089E4009A4B
:10A4D0009A42A3D1029B013302933123137080E48B
:10A4E000239B002B7FF49FAA134BFFF7BEBA0A9B56
:10A4F000012B7FF736AEDDF834A0012055E6059B31
:10A50000002B7FF7D9AE009E01982946FFF7B8F9D6
:10A5100000F1300B009B06F801BBF21A059B934239
:10A52000B5DD019900230A22484600F09DFD019007
:10A53000EAE700BFDFDC00084EDC00080369B3EB8C
:10A54000611F2DE9F0434FEA611200F1140443DD6D
:10A5500011F01F0104EB830C04EB82050CD100F118
:10A5600010062946614532D39B1A9B00033DAC453A
:10A5700038BF0023234414E054F82260C1F12008BE
:10A58000CE4005F1040EA146F44515D89A1A920062
:10A59000043A0135AC4538BF0022A318A65006B1D5
:10A5A00004331A1BA3424FEAA20208BF0023026130
:10A5B00008BF4361BDE8F083DEF8007007FA08F7D2
:10A5C000374349F8047B5EF8046BCE40DCE751F872
:10A5D000047B46F8047FC5E72346E2E7A0F1300399
:10A5E000092B02D82038C0B27047A0F16103052BB7
:10A5F00001D84738F7E7A0F14103052B01D82738E8
:10A60000F1E70020704700002DE9F04F85B00F46BC
:10A6100002930B68019091469C1C20783028A0463C
:10A6200004F10104F9D0A8EB0303A3F1020BFFF737
:10A63000D5FF8246002838D19F4901224046FFF7C6
:10A64000C2F80546002863D198F801002646FFF7B6
:10A65000C5FF00285ED020783028A04604F1010410
:10A66000F9D0FFF7BBFFB0FA80F4640935464FF02C
:10A67000010BC24656460AF1010A3078FFF7AEFFD9
:10A680000028F7D18C4901223046FFF79CF878B9B1
:10A6900045B9554656460AF1010A3078FFF79EFF44
:10A6A0000028F7D1AD1BAD0004E000242546E0E70B
:10A6B000002DF7D1337803F0DF03502B37D17378B7
:10A6C0002B2B29D02D2B2BD0711C4FF0000A087892
:10A6D000FFF784FF431EDBB2182B28D8A0F110022D
:10A6E00011F8010FFFF77AFF431EDBB2182B1AD9BE
:10A6F000BAF1000F00D0524215443960CCB1BBF121
:10A70000000F0CBF06270027384605B0BDE8F08FC4
:10A71000464655460124CDE74FF0000AB11CD6E766
:10A720004FF0010AFAE70A2303FB0200D6E731469D
:10A73000E3E7A6EB0803013B2146072B0ADC01985F
:10A7400000F032FC044640B95C4B0246E4215C4810
:10A7500001F052FB01315B10EFE700F1140A002316
:10A7600057469B46B04537D347F804BBA7EB0A07CB
:10A77000BB102361584600F007FDD9F80060C0EB1C
:10A78000C707B74254DDBF1B3946204601F0B2F877
:10A79000804678B17B1E591103F01F025AF8211030
:10A7A0004FF0010808FA02F20A4203D0434536DCB2
:10A7B0004FF0020839462046FFF7C0FE3D44D9F865
:10A7C0000830AB4242DA0198214600F02BFC0E9A89
:10A7D00000231360A32797E716F8012D2E2A12D025
:10A7E000202B04D147F804BB4FF0000B5B463078B8
:10A7F0000393FFF7F3FE039B00F00F0098404BEA32
:10A80000000B0433AEE7B045EAD82B49039301228D
:10A810003046FEF7D8FF039B0028E1D1A2E7B91E1E
:10A82000204601F067F80028C2D04FF00308C1E7C6
:10A8300009DAF71B214601983A4600F019FEED1B94
:10A84000044600F1140A4FF00008B8E7D9F80430C4
:10A85000AB426FDD5D1BAE4234DCD9F80C30022B0D
:10A8600022D0032B24D0012B15D1AE4213D1012EBF
:10A870000BD1029AD9F80430136001232361CAF87E
:10A8800000300E9B62271C603EE7711E204601F0DF
:10A8900031F80028EDD10198214600F0C3FB0E9A53
:10A8A0000023136050272FE70F9B002BF3D1E0E725
:10A8B0000F9B002BDDD1EEE744DC0008DFDC000855
:10A8C000F0DC00086F1EB8F1000F30D127B1394617
:10A8D000204601F00FF880467A1101235AF8222011
:10A8E00007F01F07BB4013422946204618BF48F017
:10A8F0000208761BFFF722FED9F804500227B8F1B0
:10A90000000F42D0D9F80C30022B15D0032B17D0F2
:10A91000012B09D118F0020F06D0DAF8003048EA0E
:10A92000030818F0010F0ED147F010072DE04FF08B
:10A930000108D1E70127E2E70F9BC3F101030F9361
:10A940000F9B002BF0D0D4F810A004F1140303EBFC
:10A950008A0100201A68B2F1FF3F1BD001321A6051
:10A96000022F04F114033CD1D9F80020013AB2427D
:10A9700009D17111012253F8213006F01F0602FAA5
:10A9800006F61E423AD147F020070E9B1C60029B40
:10A990001D60B9E643F8040B9942DBD8A3689A45D9
:10A9A00017DB61680198013100F0FEFA804618B9A2
:10A9B0001A4B02468421CAE62269023204F10C01D4
:10A9C00092000C30FEF744FF2146019800F02AFB6C
:10A9D000444623695A1C04EB8303226101225A6115
:10A9E000BEE7226952450BDD01212046FFF7A6FD97
:10A9F000D9F808300135AB42FFF6E5AE0127C2E7D2
:10AA000016F01F06FAD003EB8A03C6F1200653F8AE
:10AA1000040C00F0B9FBB042E6DBEFE7DFDC000836
:10AA2000C2F10802920070B5C2F1200643680468C2
:10AA300003FA06F52C43D340046040F8043F8842F3
:10AA4000F4D370BD30B503680139013311F8014FFB
:10AA500014B90360012030BD13F8012BA2F14105A8
:10AA6000192D98BF2032A242F0D00020F3E72DE943
:10AA7000F04F0B6887B05E11029013F01F0302EBDA
:10AA800086060193029B18BF04360025371F1968FC
:10AA900046F8045C9046B9463C46AB46AA464A781E
:10AAA0004B1C039332B3104605910492FFF796FDB9
:10AAB000002851D1049A0599202A16D8DA4512DDCA
:10AAC0004C4506D2072D04DC2A4649462046FFF7AE
:10AAD000A7FF444553D90023A4F1040944F8043CDA
:10AAE000D3464C461D460399D9E7292A59D1029BE2
:10AAF00002311960BAF1000F53D04C4506D2072D30
:10AB000004DC2A4649462046FFF78AFF444538D9E7
:10AB1000A8F10402234653F8041B42F8041F9F4285
:10AB2000F9D23B1B23F003030134033EB44288BF38
:10AB3000002308F10402134400211A4604339F4203
:10AB40001160FAD23B681BB9474528D101233B600D
:10AB5000052007B0BDE8F08F0135082D0AF1010A84
:10AB600006DD4445BFD9002344F8043C0125043CDC
:10AB7000226800F00F0040EA02102060B3E70825C9
:10AB8000B1E7019B002BDDD0C3F120034FF0FF3272
:10AB9000DA4056F8043C134046F8043CD2E7043F40
:10ABA000D0E70420D5E70000024B0146186800F00A
:10ABB00025B800BF7C01002070B50F4C0E462168FF
:10ABC000054611B901F0D4F820603146284601F05D
:10ABD000CFF8431C03D14FF0FF34204670BDC41C96
:10ABE00024F00304A042F8D0211A284601F0C0F84E
:10ABF0000130F2D1EFE700BF244700202DE9F843F0
:10AC0000CD1C25F0030508350C2D38BF0C25002D73
:10AC1000064601DBA94204D90C2333600020BDE8BD
:10AC2000F883334F00F0B4F93B681C463CBB29461F
:10AC30003046FFF7C1FF431C044656D13C68A0468E
:10AC4000B8F1000F40D1002C49D02368414630466E
:10AC500004EB030901F08CF8814540D121686D1A9D
:10AC600029463046FFF7A8FF013038D023682B442F
:10AC700023603B685A685ABBC7F800800EE0226820
:10AC8000521B1ED40B2A16D96119A342256018BF86
:10AC90005960636808BF396062514B60304600F00C
:10ACA0007DF904F10B00231D20F00700C21A1CBF20
:10ACB0001B1AA350B3E76268A3420CBF3A605A6004
:10ACC000ECE723466468B1E74446D8F80480B7E768
:10ACD0001A465B68A342FBD100235360DEE70C23D6
:10ACE0003360304600F05AF998E70560D6E700BFB8
:10ACF0002847002082B001B901A942B14BB11378B5
:10AD00000B601278101E18BF012002B07047104669
:10AD1000FBE76FF00100F8E79368013B002B10B4EC
:10AD2000936007DA9469A34201DB0A2902D110BCBF
:10AD300000F0EEBE1368581C10601970084610BC75
:10AD40007047F8B506460F461446D518AC4201D1F7
:10AD5000002007E014F8011B3A463046FFF7DCFFFD
:10AD6000431CF3D1F8BD00002DE9F04706469CB026
:10AD70000D4614461F4618B1036A0BB9FDF7BCFD1A
:10AD80006B6ED90705D4AB899A0502D4A86DFEF77E
:10AD900058FDAB891B0701D52B699BB92946304665
:10ADA00000F0F4FE70B16B6EDE0704D54FF0FF309B
:10ADB0001CB0BDE8F087AB899C05F7D4A86DFEF701
:10ADC00041FDF3E70023099320238DF829300397F1
:10ADD00030236A4F8DF82A304FF0010823461A7845
:10ADE00099461AB1252A03F10103F8D1B9EB040AF7
:10ADF0000BD05346224629463046FFF7A2FF0130CA
:10AE000000F0A380099A5244099299F80030002B6F
:10AE100000F09B8000224FF0FF33CDE9053209F1AD
:10AE20000109049207928DF853201A924C4605228C
:10AE300014F8011B5148F5F77BF9049AD0B9D006F4
:10AE400044BF20238DF85330110744BF2B238DF8C6
:10AE5000533099F800302A2B13D007994B46002025
:10AE60004FF00A0C1A78303A092A1C464AD9A8B180
:10AE7000079113E0C01B08FA00F010430490A146AC
:10AE8000D4E7039B191D1B680391002BBBBF5B42DA
:10AE900042F0020207930793B8BF049223782E2B47
:10AEA0000AD163782A2B32D1039B1A1D1B680392A7
:10AEB00043EAE37302340593DFF8D090217803224C
:10AEC0004846F5F735F938B1049BA0EB090040225C
:10AED0008240134301340493217829488DF82810C7
:10AEE0000622F5F725F900283ED0264818BB039B1B
:10AEF000073323F0070308330393099B034401340A
:10AF000009936BE701330CFB01210120AAE7002321
:10AF10000593611C18464FF00A0C0A78303A092A4A
:10AF20000C4603D9002BC7D00590C5E701310CFBB7
:10AF300000200123F1E703AB00932A46124B04A93A
:10AF40003046FDF787F8431CD7D16B6ED90705D47F
:10AF5000AB899A0502D4A86DFEF774FCAB895B0639
:10AF60003FF524AF099823E703AB00932A46064B2D
:10AF700004A93046FDF708FBE5E700BF65DD0008E2
:10AF80006FDD00085580000843AD00086BDD000848
:10AF90000148FEF756BC00BF204700200148FEF7DD
:10AFA00051BC00BF2047002070B5C46905460E465D
:10AFB00084B91020FFF7F8FD0446E86128B902467D
:10AFC000164B17486B2100F017FF0023C0E901332F
:10AFD0000360C360E36853B921220421284600F0CE
:10AFE00029FFEB69E060DB680BB9002070BD53F806
:10AFF000260030B1026843F826200023C0E903335D
:10B00000F4E7012101FA06F4621D9200284600F0DF
:10B0100011FF0028E9D0C0E90164EEE75BDC00081D
:10B0200076DD000870B5C46906460D4674B9102077
:10B03000FFF7BAFD0246F06120B9094B09488F219C
:10B0400000F0DAFEC0E901440460C4603DB1F36978
:10B050006A68DB6853F82210296043F8225070BDFB
:10B060005BDC000876DD00082DE9F0410D6907463C
:10B070000C461E4601F1140C0020DCF8003099B299
:10B0800002FB01611E0C0B0C02FB063389B201307E
:10B0900001EB034185424CF8041B4FEA1346ECDCFC
:10B0A0000EB3A368AB4219DC616838460131FFF783
:10B0B0007BFF804628B902460C4B0D48BA2100F0B0
:10B0C0009BFE2269023204F10C0192000C30FEF763
:10B0D000BFFB21463846FFF7A5FF444604EB850336
:10B0E00001355E6125612046BDE8F081DFDC0008A6
:10B0F00076DD00082DE9F843884614461F460922EC
:10B100000833064693FBF2F3002101229A4209DB41
:10B110003046FFF749FF40B90246194B1948D32181
:10B1200000F06AFE52000131F0E7089B4361092CF0
:10B130004FF00103036108DC08F10A050924641BD0
:10B140002B199F4212DCBDE8F88308F10905A946D6
:10B15000A04419F8013B0146303B0A223046FFF774
:10B1600083FFC145F5D12544083DE8E715F8013BCB
:10B170000146303B0A223046FFF776FFE0E700BF8A
:10B18000DFDC000876DD0008B0F5803F034636BFFF
:10B19000030400201020B3F1807F3CBF1B02083065
:10B1A000B3F1805F3CBF1B010430B3F1804F3CBF63
:10B1B0009B000230002B04DB5B0001D5013070479F
:10B1C00020207047036813F0070201460BD0DA070E
:10B1D00022D4980749BF5B089B0801200B605CBF25
:10B1E0000B600220704798B2A0B91B0C1020DAB295
:10B1F0000AB908301B0A1A0704BF1B0904309A0752
:10B2000004BF9B080230DA0702D45B0806D0013085
:10B210000B6070471046EAE7002070472020704717
:10B2200010B50C460121FFF7BFFE024628B9054BB9
:10B23000054840F2451100F0DFFD01234461036140
:10B2400010BD00BFDFDC000876DD00082DE9F04FFF
:10B25000D1F81080D2F81090C84585B00E4614463B
:10B2600004DB4B460C46C14616469846A368616807
:10B2700009EB0807BB42B8BF0131FFF795FE30B9B3
:10B2800002464B4B4B484FF4B17100F0B5FD00F155
:10B29000140505EB870B2B4600225B4522D306F1F4
:10B2A000140101EB880304F1140C0CEB890C0293DC
:10B2B00004F1150363458CBF002301230093ACEB1D
:10B2C0000403153B9B080193029B03918B420CD80E
:10B2D000002F03DD5BF8043D002B67D0076105B04C
:10B2E000BDE8F08F43F8042BD7E7B1F800A0BAF11E
:10B2F000000F28D004F11408A9464FF0000E58F8AA
:10B30000042BD9F8003096B29BB20AFB0633D9F869
:10B310000060120C360C73440AFB026606EB1346FF
:10B320009BB243EA0643C44549F8043B4FEA164E34
:10B33000E5D8009A019B002A4FEA830308BF002347
:10B340002B44C3F804E0039BB3F802E00431BEF1E0
:10B35000000F29D02B6804F114069846A9464FF037
:10B36000000A32880EFB02A202EB18429BB243EAAB
:10B37000024349F8043B56F8043BD9F800804FEAF1
:10B38000134A1FFA88F30EFB0A3303EB1243B4454A
:10B390004FEA134AE5D8009E019A002E4FEA820236
:10B3A00008BF00222A44536004358DE7013F8FE730
:10B3B000DFDC000876DD00082DE9F843174612F0BF
:10B3C000030280460D4607D0264C013A002354F86C
:10B3D0002220FFF749FE0546BF103FD0D8F81C4099
:10B3E00094B91020FFF7E0FB0446C8F81C0030B900
:10B3F00002461D4B1D4840F2B31100F0FDFC002336
:10B40000C0E901330360C360A66846B940F2712108
:10B410004046FFF705FF0023A060064603602C4668
:10B420004FF0000907F001037F1053B1294632465F
:10B430004046FFF70BFF214605464046FFF7F2FD69
:10B4400067B1306838B9324631464046FFF7FEFEF4
:10B450003060C0F8009006462C46E3E72846BDE879
:10B46000F88300BF74DF00085BDC000876DD0008AD
:10B470002DE9F84F0C4649682669A36806EB621669
:10B48000074691464FEA621A06F1010843450BDB75
:10B490003846FFF789FD054648B902462B4B2C4834
:10B4A0004FF4EF7100F0A8FC01315B00EEE700F112
:10B4B000140100230A461846534539DB20692AEA5D
:10B4C000EA7A01EB8A0104F1140319F01F098C4692
:10B4D00003EB800030D0C9F1200A4FF0000E1A684B
:10B4E000E34602FA09F242EA0E02CBF8002053F8D2
:10B4F000042B98420CF1040C22FA0AFEEFD8031B2D
:10B50000153B23F0030304F11502904238BF0023DA
:10B510001944C1F804E0BEF1000F00D1B04638462E
:10B52000C5F810802146FFF77DFD2846BDE8F88F5D
:10B5300042F8040B0133BFE753F8041BCCF80010AA
:10B5400098420CF1040CF7D8E8E700BFDFDC0008F4
:10B5500076DD000803690A699B1A30B50ED11430F4
:10B56000143100EB820401EB820154F8045D51F8C0
:10B57000042D954204D006D24FF0FF33184630BD5B
:10B58000A042F2D3FAE70123F8E700002DE9F74FD4
:10B590008A460646114650461446FFF7DBFF051E55
:10B5A00012D129463046FFF7FFFC024628B9414B2D
:10B5B00040F23721404800F01FFC0123C0E9043568
:10B5C000104603B0BDE8F08FBCBF5346A2463046DC
:10B5D000DAF80410BABF1C4601250025FFF7E4FC89
:10B5E000024618B9334B40F24521E3E7DAF8107010
:10B5F0002669C5600AF1140904F1140E00F114055E
:10B600000AF1100309EB87080EEB86060193AB469F
:10B610004FF0000C019B5EF8040B53F804AF01934C
:10B620001FFA8AF183B2CB1A000C6344C0EB1A40B4
:10B6300000EB23409BB243EA004376454BF8043BC2
:10B640004FEA204CE6D8331B153B153423F0030397
:10B65000A64238BF0023E8184B441C1D0430264680
:10B66000A5EB090546450ED308F10301091B21F09E
:10B6700003010133984538BF0021014451F8043DCE
:10B68000ABB117619CE706EB050E56F8041BE246CA
:10B690004FEA11491CFA81FC514409EB2C4989B24B
:10B6A00041EA09414FEA294CCEF80010DAE7013FA0
:10B6B000E4E700BFDFDC000876DD000882B08DED36
:10B6C000000B019A0F4B1340A3F15073002B08DCC1
:10B6D0005B42B3F1A07F4FEA235204DA4FF4002318
:10B6E0001341002208E0A2F114031E2BDABF4FF031
:10B6F0000042DA40012200231946104641EC100BAB
:10B7000002B070470000F07FF8B5056900F114063B
:10B7100006EB85052F1F55F8044C2046FFF734FD36
:10B72000C0F120030A280B6016DCC0F10B0C24FAD0
:10B730000CF1BE4241F07F5334BF55F8081C002184
:10B74000153004FA00F021FA0CF143F440130143E0
:10B750000A4643EC102BF8BDBE423ABF55F8081C10
:10B76000A5F1080700210B3812D0C0F1200521FAFD
:10B7700005F384401C43B74244F07F538CBF57F815
:10B78000044C00248140EC4043F440132143DFE7A4
:10B7900044F07F5343F44013DAE700002DE9F74308
:10B7A0000F46012159EC108B1646FFF7FDFB0546AD
:10B7B00030B90246234B244840F20F3100F01CFB05
:10B7C000C9F30A54C9F313030CB143F48013019372
:10B7D000B8F1000323D068460093FFF7F3FC00990B
:10B7E000D8B1019AC0F1200302FA03F30B43C2401F
:10B7F0006B610192019BAB61002B0CBF0122022205
:10B800002A61A4B1A4F2334404443C60C0F1350081
:10B810003060284603B0BDE8F0836961EAE701A81B
:10B82000FFF7D0FC019B6B6120300122E8E705EBBC
:10B830008203A0F2324038601869FFF7A5FCC0EB24
:10B840004210E5E7DFDC000876DD0008F7B50E46BC
:10B8500069460746FFF758FF01A9304655EC104BE3
:10B86000B0EE407AF0EE607AFFF74EFF33693A6946
:10B87000D21ADDE900369B1B03EB4213002BD4BF29
:10B8800010EE902A17EE902A51EC100BD6BFC3EBA6
:10B89000033302EB035502EB03510B4602462946E4
:10B8A0002046F4F783FF41EC100B03B0F0BD0139E3
:10B8B00070B549111469013102F1140300EB8101E3
:10B8C00003EB8404051FA3420CD3A31A113B23F0FE
:10B8D00003031132944238BF0023184400238842E6
:10B8E00005D370BD53F8046B45F8046FEBE740F8DF
:10B8F000043BF4E700F1140200694B11984210B5C3
:10B9000011DB0ADD11F01F0107D052F8234024FAA1
:10B9100001F000FA01F18C420BD102EB8303934258
:10B9200003D8002010BD0346F7E753F8041D002993
:10B93000F5D00120F6E710B50C46B1F90E1000F075
:10B9400005FA0028ABBF636DA3891B1823F480534D
:10B95000ACBF6365A38110BD2DE9F0411F468B8903
:10B96000DB0505460C46164605D5B1F90E10022337
:10B97000002200F0D9F9A389B4F90E1023F4805302
:10B98000A38132463B462846BDE8F04100F000BAAC
:10B9900010B50C46B1F90E1000F0C6F9B4F90C3030
:10B9A000421C0BBF23F4805343F48053A381A38133
:10B9B00018BF606510BDB1F90E1000F0FBB90000B2
:10B9C000B1F90C202DE9F041160705460C4651D47B
:10B9D0004B68002B02DC0B6C002B49DDE66A002E65
:10B9E00046D0002312F480522F682B6031D0626D54
:10B9F000A389590705D56368D21A636B0BB1236C11
:10BA0000D21A0023E66A216A2846B047421CB4F9DC
:10BA10000C3006D129681D2945D8284ACA40D607C6
:10BA200041D500226260D9042269226004D5421CFB
:10BA300001D12B6803B96065616B2F60C1B104F15E
:10BA40004403994202D0284600F008FA00236363B9
:10BA50000EE0216A01232846B0470246501CC7D198
:10BA60002B68002BC4D01D2B01D0162B1AD12F60B0
:10BA700000201DE00F69002FFAD093070E6808BF61
:10BA80004B690F6018BF0023A6EB07088B60B8F165
:10BA9000000FEDDD216AA66A43463A462846B047C4
:10BAA000002807DCA38943F04003A3814FF0FF3057
:10BAB000BDE8F0810744A8EB0008E8E7010040205A
:10BAC00038B50B6905460C4613B91D46284638BDE6
:10BAD00018B1036A0BB9FCF70FFFB4F90C30002B57
:10BAE000F3D0626ED00704D4990502D4A06DFDF79F
:10BAF000A8FE28462146FFF763FF636EDA07054676
:10BB0000E4D4A3899B05E1D4A06DFDF79BFEDDE79E
:10BB1000F8B505460F46144618B1036A0BB9FCF791
:10BB2000EBFEA369A360A3891A0701D5236943B972
:10BB30002146284600F02AF818B14FF0FF3630466B
:10BB4000F8BD23692068C01A6369834205DC214679
:10BB50002846FFF7B5FF0028EFD1A368013BA3609B
:10BB600023685A1C22601F70636901308342FEB251
:10BB700004D0A389DB07E2D50A2EE0D1214628466E
:10BB8000FFF79EFF0028DAD0D7E7000038B5284B32
:10BB9000054618680C4618B1036A0BB9FCF7ACFEF1
:10BBA000B4F90C30190720D4DA0607D409222A6028
:10BBB00043F04003A3814FF0FF3031E0580711D527
:10BBC000616B41B104F14403994202D0284600F070
:10BBD00045F9002363630022A38962602269226021
:10BBE00023F0240343F00803A38123694BB9A389FD
:10BBF00003F42073B3F5007F03D02146284600F0FC
:10BC00004AF8B4F90C3013F001020AD00022A26005
:10BC100062695242A261226942B913F08000C7D121
:10BC200038BD990758BF6269A260F4E70020F7E7C2
:10BC30007C01002049B1FF2A85BF8A2303600A7076
:10BC40004FF0FF3098BF012070470846704770B52D
:10BC50000E46B1F90E10002996B014461D460ADAB8
:10BC6000B28912F0800213D14FF4806100202A6063
:10BC7000216016B070BD6A4600F0ACF80028EFDB1A
:10BC8000019A02F47042A2F500535A425A41EBE77E
:10BC900000224021EAE78B8973B59E0705460C46D2
:10BCA00007D504F14703236023610123636102B0D8
:10BCB00070BD01AB6A46FFF7CAFF009E28463146B9
:10BCC000FEF79CFFB4F90C3038B99A05EFD423F095
:10BCD000030343F00203A381E3E743F08003A3815E
:10BCE000019B2060C4E90406002BE0D0B4F90E10DB
:10BCF000284600F009F80028D9D0A38923F00303CF
:10BD000043F00103A381D2E738B5064C0023054672
:10BD100008462360FAF786FA431C02D1236803B170
:10BD20002B6038BD2C47002038B5074C0546084627
:10BD30001146002222601A46FAF776FA431C02D115
:10BD4000236803B12B6038BD2C47002038B5074C61
:10BD5000054608461146002222601A46FAF73CFAC8
:10BD6000431C02D1236803B12B6038BD2C4700204F
:10BD700038B5064C0023054608462360FAF756FA04
:10BD8000431C02D1236803B12B6038BD2C4700202F
:10BD900038B5074C054608461146002222601A466F
:10BDA000FAF728FA431C02D1236803B12B6038BD8F
:10BDB0002C47002038B5064C002305460846236072
:10BDC000FAF726FA431C02D1236803B12B6038BD71
:10BDD0002C47002038B5074C00230546084611467D
:10BDE0002360FAF719FA431C02D1236803B12B60D0
:10BDF00038BD00BF2C4700201FB51D46094B1B68EE
:10BE00000646D86852B1084C0091CDE90142074975
:10BE100033462A4600F06EF800F07EF8044C2246C5
:10BE2000F2E700BF7C010020E4DD0008F1DD00083E
:10BE30001FDE000870B5A1FB026535B93146FEF77B
:10BE4000DDFE044628B9204670BD0C2303600024A3
:10BE5000F9E732462946FDF7AEFCF4E737B500298D
:10BE600044D051F8043C0190002BA1F10404B8BF68
:10BE7000E418FFF78DF81E4A0198136833B9636020
:10BE8000146003B0BDE83040FFF788B8A34208D97A
:10BE9000256861198B4201BF19685B6849192160E7
:10BEA000EDE71A465B680BB1A342FAD91168551841
:10BEB000A5420BD1246821445418A3421160E0D15B
:10BEC0001C685B6853600C441460DAE702D90C23E9
:10BED0000360D6E7256861198B4204BF19685B6867
:10BEE000636004BF491921605460CAE703B030BDE4
:10BEF000284700200EB403B5014603AB054853F8AC
:10BF0000042B00680193FEF72FFF02B05DF804EBED
:10BF100003B070477C01002008B5062000F02CF823
:10BF20000120FAF753F91F2938B505460C4604D904
:10BF3000162303604FF0FF3038BDC26B12B152F8C8
:10BF400021304BB9284600F031F8224601462846F8
:10BF5000BDE8384000F018B8012B0AD0591C03D1B5
:10BF6000162303600120E7E7002142F82410204651
:10BF700098470020E0E70000024B01461868FFF7F1
:10BF8000D2BF00BF7C01002038B5074C0023054616
:10BF9000084611462360FAF711F9431C02D12368C1
:10BFA00003B12B6038BD00BF2C470020FAF704B95D
:10BFB00000B52DED028B83B0B0EE408ACDED010AC5
:10BFC00000F07CFADDED010AB4EE608AF1EE10FAC1
:10BFD00006D6DFED0C7AF4EE670AF1EE10FA03D024
:10BFE00003B0BDEC028B00BDCDED017AFDF7FEFB89
:10BFF000DDED017A87EEA70A2123036003B0BDECD3
:10C00000028B00BD0000000008B52DED048BB0EEE2
:10C01000409AF0EE609A00F07FF8B0EE408AF0EEC1
:10C02000608AB0EE490AF0EE690A00F065F878B16E
:10C0300019A3D3E9002351EC190BF4F71DFD70B9D6
:10C0400017A3D3E9002351EC190BF4F7F7FC98B9C7
:10C05000B0EE480AF0EE680ABDEC048B08BD9FED17
:10C060000A8BFDF7C3FBB0EE480AF0EE680ABDECA0
:10C07000048B2223036008BDFDF7B8FB22239FED4C
:10C08000048B0360E4E700BF000000000000F07FC5
:10C090000000000000000000EF39FAFE422E86404A
:10C0A00051302DD5104987C000B52DED028BB0EE73
:10C0B000408A83B000F02CF8B4EE488AF1EE10FA12
:10C0C00006D6DFED0C7AB4EEE78AF1EE10FA03D46F
:10C0D00003B0BDEC028B00BDCDED017AFDF786FB10
:10C0E000DDED017A87EEA70A2123036003B0BDECE2
:10C0F000028B00BD0000000082B08DED000B0198A6
:10C1000040F0004000F58010C00F02B0704700BF43
:10C11000B1EEC00A704700BF2DE9F04755EC104B57
:10C12000D34925F000428A4286B04FEAD5760CD931
:10C13000D0498A4270D9C5F31303234340F0548198
:10C14000002E66D09FEDB20B63E0CB4B9A4200F21B
:10C150001A81CA4B9A4240F2308122462B46204631
:10C160002946F4F7F9F9ACA3D3E9002306460F46B4
:10C17000F4F7F2F9AAA3D3E90023F4F735F832462D
:10C180003B46F4F7E9F9A8A3D3E90023F4F72EF826
:10C1900032463B46F4F7E0F9A5A3D3E90023F4F7D0
:10C1A00023F832463B46F4F7D7F9A3A3D3E900239B
:10C1B000F4F71CF832463B46F4F7CEF902460B463C
:10C1C00020462946F4F710F8CDE90201DDE902899D
:10C1D000204642464B462946F4F7BEF90022064661
:10C1E0000F464FF0804340464946F3F7FDFF0246B5
:10C1F0000B4630463946F4F7D9FA22462B46F3F778
:10C20000F3FF02460B4600209D49F3F7EDFF41EC9A
:10C21000100B06B0BDE8F08789A3D3E900232046C0
:10C220002946F4F729FC0746002840F0E88086A359
:10C23000D3E9002320462946F4F700FC002840F00B
:10C240003781904B204603EBC606294680A3D3E9ED
:10C250000023F4F781F9D6E90023F3F7C7FFF4F7D9
:10C260002BFC0646F4F70EF97BA3D3E9002307461F
:10C270008846F4F771F902460B4620462946F3F743
:10C28000B3FF02460B463846414691469A4674A390
:10C29000D3E90023F4F760F9CDE90001DDE90023DB
:10C2A00048465146F3F7A0FF02460B4604460D46AA
:10C2B000F4F752F958A3D3E9002307468846F4F768
:10C2C0004BF957A3D3E90023F3F78EFF3A464346D1
:10C2D000F4F742F954A3D3E90023F3F787FF3A4672
:10C2E0004346F4F739F952A3D3E90023F3F77CFF6F
:10C2F0003A464346F4F730F94FA3D3E90023F3F766
:10C3000075FF3A464346F4F727F902460B462046A6
:10C310002946F3F769FF07468846204629463A46EC
:10C320004346CDE90278F4F717F9CDE90401002E70
:10C330003FF44CAF3A46434600204FF08041F3F7BC
:10C3400053FF02460B46DDE90401F4F72FFA0246DB
:10C350000B46DDE90001F3F747FF4A465346F3F782
:10C3600043FF0B46024646490020F3F73DFF6FF4BA
:10C370007F739E42C0F28E8001EB065141EC100BA0
:10C3800006B0BDE8F087404B9A423FF65AAF3F4BAC
:10C3900003EBC603D3E9002320462946F3F724FF25
:10C3A0003B4B03EBC60393ED007B86F001038DED61
:10C3B000007B81468A469E1B70E72BA3D3E90023AE
:10C3C00020462946F3F712FF2D4B0022F4F754FBC9
:10C3D00000283FF4C2AE2A4B002220462946F3F73C
:10C3E00005FF41EC100B14E722462B462046294658
:10C3F000F3F7FCFE41EC100B06B0BDE8F08700201F
:10C4000006B0BDE8F04700F0E7B900BFAFF3008029
:10C410000000000000000000D0A4BE726937663E34
:10C42000F16BD2C541BDBB3E2CDE25AF6A56113F34
:10C4300093BDBE166CC1663F3E5555555555C53F1B
:10C44000EF39FAFE422E864051302DD5104987C073
:10C45000FE822B654715F73F0000E0FE422EE63FC7
:10C46000763C7935EF39EA3D9C7500883CE4377EAF
:10C47000412E8640FFFFEF7F422ED63FFFFFEF3D6C
:10C480000000F03F90E00008B1A2F03F80E000081B
:10C4900070E0000806F57A7301EB035100224FF0BB
:10C4A000B873F4F759F841EC100B06B0BDE8F0870B
:10C4B000384606B0BDE8F04700F086B910EE903A75
:10C4C00030B523F00044621EB2F1FF4F3FD210EEB0
:10C4D000101A21F0004EBEF1FF4F38D2A6453ADBCC
:10C4E00001F00042154600F09D8011F0FF4F03F06F
:10C4F000FF4C49D14FEA0E206FF07D02400000282A
:10C5000002F1FF32FADCBCF1000F5BD123026FF0C5
:10C510007D0C5B000CF1FF3CFBD512F17E0F6CDA59
:10C520006FF07D00831AA0EB0C00B2EB0C020EFA48
:10C5300003F104FA00F36DD0013A03E03AD0410070
:10C54000013A09D3C81A0028F8DA4900F8E760EE82
:10C55000200A80EEA00A30BDCB1A48BF0B461BB99B
:10C5600028E05B000CF1FF3CB3F5000FF9DB1CF198
:10C570007E0F38DA6FF07D00A0EB0C00034145EA36
:10C58000030200EE102A30BD4FEAEE52BCF1000F5C
:10C5900016D0E415C1F31601C3F31603121B41F4C0
:10C5A000000143F40003A4F17F0CC5D1CB1A002B8A
:10C5B00018DBD6D1224B03EB557393ED000A30BD47
:10C5C0007F3AA3E7E415A4F17F0C6FF07D01891A8F
:10C5D000C3F31603A2EB0C0243F400030EFA01F1BD
:10C5E000013AAFE70B46A3F500030CF17F0C2B4398
:10C5F00043EACC5300EE103A30BD6FF07D00C1F33A
:10C600001601A0EB0C0041F40001A2EB0C0204FAAD
:10C6100000F391E7CB1A002B0ADBCBD0B3F5000F68
:10C620009FDBABE7064B03EB527393ED000A30BD83
:10C630000029BFD0B1F5000F0B4692DB9EE700BF8B
:10C64000A0E0000808B52DED028BF0EE408AB0EEB8
:10C65000608A00F047F820B9B0EE480ABDEC028BC2
:10C6600008BDB0EE480A00F03DF858B1F4EEC88AB3
:10C67000F1EE10FAC8BFB0EE688AB0EE480ABDEC21
:10C68000028B08BDB0EE688AB0EE480ABDEC028BA2
:10C6900008BD00BF08B52DED028BF0EE408AB0EE6C
:10C6A000608A00F01FF820B9B0EE480ABDEC028B9A
:10C6B00008BDB0EE480A00F015F858B1B4EEE88AAB
:10C6C000F1EE10FAC8BFB0EE688AB0EE480ABDECD1
:10C6D000028B08BDB0EE688AB0EE480ABDEC028B52
:10C6E00008BD00BF10EE103A33F000400ED0A0F5A8
:10C6F0000003B3F1FE4F0DD3074B421E9A4207D9F8
:10C70000A0F1FF40B0FA80F0400970470220704766
:10C710000320704704207047FEFF7F0010EE103AA0
:10C72000C3F3C752002BA2F17F01ACBF01204FF031
:10C73000FF301E290DDC00291ADBC3F3160316296E
:10C7400043F400030ADD963A03FA02F202FB00F01A
:10C750007047FDEEC07A17EE900A70474FF48002E2
:10C760000A411A44C1F11701CA4002FB00F07047A8
:10C77000013118BF0020704710B582B08DED000B5D
:10C780000446FDF733F89DED000B046002B010BDC8
:10C7900000B5034683B051EC100B83B1024601F1A2
:10C7A0000043CDE90023DDE90023F3F7D5FE41EC9A
:10C7B000100B222003B05DF804EBFFF7DDBF02464B
:10C7C0000B46EEE7000000009FED010BFFF7E0BF16
:10C7D00000000000000000109FED010BFFF7D8BF24
:10C7E000000000000000007080EA104080EA102085
:10C7F00080EA101046F6961300F00F0043FA00F09E
:10C8000000F00100704700BF38B500220023044645
:10C810000D46F4F713F928B920462946BDE83840FB
:10C8200000F00AB8204605F1004100F005F840424A
:10C8300061EB410138BD00BF70B50C4B00220446CE
:10C840000D46F3F789FEF4F75FF90646F3F70AFEA3
:10C85000074B0022F3F780FE02460B46204629468E
:10C86000F3F7C2FCF4F750F9314670BD0000F03D1B
:10C870000000F041F8B500BFF8BC08BC9E46704708
:0CC88000F8B500BFF8BC08BC9E4670472D
:10C8900000070E091C1B1215383F363124232A2DA0
:10C8A00070777E796C6B6265484F464154535A5D90
:10C8B000E0E7EEE9FCFBF2F5D8DFD6D1C4C3CACD80
:10C8C00090979E998C8B8285A8AFA6A1B4B3BABD70
:10C8D000C7C0C9CEDBDCD5D2FFF8F1F6E3E4EDEA60
:10C8E000B7B0B9BEABACA5A28F88818693949D9A50
:10C8F0002720292E3B3C35321F18111603040D0A40
:10C900005750595E4B4C45426F68616673747D7A2F
:10C91000898E878095929B9CB1B6BFB8ADAAA3A41F
:10C92000F9FEF7F0E5E2EBECC1C6CFC8DDDAD3D40F
:10C93000696E676075727B7C51565F584D4A4344FF
:10C94000191E171005020B0C21262F283D3A3334EF
:10C950004E49404752555C5B7671787F6A6D6463DF
:10C960003E39303722252C2B0601080F1A1D1413CF
:10C97000AEA9A0A7B2B5BCBB9691989F8A8D8483BF
:10C98000DED9D0D7C2C5CCCBE6E1E8EFFAFDF4F3AF
:10C99000000000000000000001020304060708096F
:10C9A00000000000010203040D0A0D0A0D0A0D0A21
:10C9B0000D0000003E3E2041746865616E204D6FA1
:10C9C000746F7220436F6E74726F6C6C6572203C72
:10C9D0003C0D00003E3E2056657273696F6E3A2032
:10C9E00025642E25642E2564203C3C0D0A000000A1
:10C9F0003E3E20496E76616C69642F756E696E6982
:10CA00007469616C697A656420636F6E66696775C5
:10CA1000726174696F6E3B207573696E6720524155
:10CA20004D2064656661756C7473202843414E2007
:10CA300052583D312054583D3029203C3C0D0000D7
:10CA40003E3E204452563833323320636F6E66695F
:10CA50006775726174696F6E2F726561646261637C
:10CA60006B206661696C65643B206D6F746F72202A
:10CA70006D6F64652072656D61696E73206C6F63A4
:10CA80006B6564203C3C0D00436865636B696E67B1
:10CA9000207068617365207369676E2C20706F6CFD
:10CAA000652070616972730D0000000043616C695C
:10CAB00062726174696F6E206661696C65643A20A8
:10CAC000696E76616C696420656E636F646572205F
:10CAD000646973706C6163656D656E7420252E34B6
:10CAE00066207261640D0A0043616C696272617450
:10CAF000696F6E206661696C65643A206D6561736B
:10CB00007572656420706F6C652070616972732046
:10CB10002564202864656C746120252E346620729B
:10CB20006164290D0A0000005068617365206F720E
:10CB300064657220636F72726563740D000000009B
:10CB40005377617070696E672070686173652073D8
:10CB500069676E0D00000000506F6C6520506169C0
:10CB600072733A2025640D0A00000000537461724C
:10CB7000743A20252E3366202020456E643A202505
:10CB80002E33660D0A000000506F6C6520506169FD
:10CB90007273203E2025642C2072656D616C6C6F71
:10CBA00063206572726F725F6172725B5D20736980
:10CBB0007A652E0D0A0000005374617274696E6705
:10CBC000206F66667365742063616C20616E6420FB
:10CBD0006C696E656172697A6174696F6E0D0000CF
:10CBE000256420256420256420252E33660D0A0047
:10CBF0002564202025640D0A000000006C6F6F7012
:10CC00005F636F756E743A20256C750D0A00000025
:10CC10000A0D4641554C540A0D0000005644535F1E
:10CC20004F43500A0D0000004744460A0D00000023
:10CC300055564C4F0A0D00004F5453440A0D000046
:10CC40005644535F48410A0D000000005644535FAC
:10CC50004C410A0D000000005644535F48420A0D43
:10CC6000000000005644535F4C420A0D00000000D3
:10CC70005644535F48430A0D000000005644535F7A
:10CC80004C430A0D0000000053415F4F430A0D0062
:10CC900053425F4F430A0D0053435F4F430A0D0059
:10CCA0004F54570A0D000000435055560A0D00001E
:10CCB0005647535F48410A0D000000005647535F36
:10CCC0004C410A0D000000005647535F48420A0DD0
:10CCD000000000005647535F4C420A0D0000000060
:10CCE0005647535F48430A0D000000005647535F04
:10CCF0004C430A0D0000000020436F6D6D616E64AF
:10CD0000733A0D00206D2020202D204D6F746F721E
:10CD1000204D6F64650D000020632020202D2043EE
:10CD2000616C69627261746520456E636F646572DF
:10CD30000D00000020732020202D20536574757095
:10CD40000D00000020652020202D20446973706CA8
:10CD5000617920456E636F6465720D00207A202032
:10CD6000202D20536574205A65726F20506F7369AF
:10CD700074696F6E0D00000020657363202D2045DF
:10CD800078697420746F204D656E750D0000000089
:10CD90000D0A20436F6E66696775726174696F6E04
:10CDA000204F7074696F6E73200A0D006D696E00FC
:10CDB000706172616D657465720000007072656605
:10CDC0006978000020252D347320252D3331732000
:10CDD000252D357320252D367320252D32730D0A10
:10CDE0000000000063757272656E742076616C7568
:10CDF000650000006D6178000D0A204D6F746F7240
:10CE00003A0D0000300000004765617220526174E5
:10CE1000696F00006700000020252D347320252D48
:10CE200033317320252D357320252D367320252E83
:10CE300033660A0D000000002D000000546F72716F
:10CE4000756520436F6E7374616E7420284E2D6D6E
:10CE50002F4129006B00000020252D347320252D43
:10CE600033317320252D357320252D367320252E43
:10CE700035660A0D000000000D0A20436F6E7472C3
:10CE80006F6C3A0D00000000313030004375727253
:10CE9000656E742042616E64776964746820284806
:10CEA0007A2900006200000020252D347320252DF2
:10CEB00033317320252D357320252D367320252EF3
:10CEC00031660A0D000000003230303000000000F2
:10CED000302E300043757272656E74204C696D6936
:10CEE00074202841290000006C00000036302E30EC
:10CEF000000000004D617820506F736974696F6E97
:10CF000020536574706F696E742028726164290003
:10CF1000700000004D61782056656C6F636974790C
:10CF200020536574706F696E742028726164292FB4
:10CF300073000000760000004D617820506F736927
:10CF400074696F6E204761696E20284E2D6D2F72B7
:10CF50006164290078000000313030302E3000004C
:10CF60004D61782056656C6F6369747920476169FB
:10CF70006E20284E2D6D2F7261642F7329000000E2
:10CF800064000000352E30004657204375727265EC
:10CF90006E74204C696D69742028412900000000DE
:10CFA0006600000033332E300000000054656D70C1
:10CFB000204375746F666620284329202830203D61
:10CFC000206E6F6E6529000068000000313530006A
:10CFD000436F6E74696E756F7573204375727265F9
:10CFE0006E742028412900006300000034302E3088
:10CFF0000000000043616C6962726174696F6E20A9
:10D0000043757272656E742028412900610000002A
:10D0100032302E30000000000D0A2043414E3A0D00
:10D020000000000043414E20494400006900000018
:10D0300020252D347320252D33317320252D357374
:10D0400020252D367320252D35690A0D000000009E
:10D050003132370043414E205458204944000000EB
:10D060006D00000043414E2054696D656F7574205A
:10D07000286379636C6573292830203D206E6F6EBC
:10D08000652900007400000020252D347320252D13
:10D0900033317320252D357320252D3673202564DB
:10D0A0000A0D00003130303030300000200A0D20F1
:10D0B000546F206368616E676520612076616C75CE
:10D0C000652C2074797065202770726566697827F1
:10D0D0002776616C75652727454E544552270A0D02
:10D0E00020652E672E202762313030302727454EAD
:10D0F000544552270D0A200056414C554553204EA9
:10D100004F542041435449564520554E54494C20D4
:10D11000504F574552204359434C4521200A0D0A90
:10D120000D00000043616C6962726174696F6E206A
:10D1300072656A65637465643B2070726576696FB9
:10D14000757320636F6E66696775726174696F6E5F
:10D1500020726573746F7265642E0D00455F5A45C9
:10D16000524F3A202564202025660D0A0000000059
:10D17000436F6E66696775726174696F6E20736163
:10D1800076652072656A65637465643B20707265BC
:10D1900076696F7573206461746120707265736560
:10D1A000727665642E0D0000495F425720736574E6
:10D1B00020746F2025660D0A0000000043414E5F79
:10D1C00049442073657420746F2025640D0A0000A3
:10D1D00043414E5F54585F49442073657420746F17
:10D1E0002025640D0A000000495F4D4158207365F9
:10D1F0007420746F2025660D0A000000495F4657B1
:10D200005F4D41582073657420746F2025660D0AA8
:10D210000000000043414E5F54494D454F55542096
:10D2200073657420746F2025640D0A0054454D50B9
:10D230005F4D41582073657420746F2025660D0A78
:10D2400000000000495F4D41585F434F4E5420732A
:10D25000657420746F2025660D0A0000495F434104
:10D260004C2073657420746F2025660D0A00000041
:10D2700047522073657420746F2025660D0A0000E4
:10D280004B542073657420746F2025660D0A0000CE
:10D290004B505F4D41582073657420746F20256694
:10D2A0000D0A00004B445F4D415820736574207493
:10D2B0006F2025660D0A0000505F4D4158207365B0
:10D2C0007420746F2025660D0A000000565F4D41E2
:10D2D000582073657420746F2025660D0A000000C5
:10D2E0000D0A2027256327204E6F74206120766168
:10D2F0006C696420636F6D6D616E64207072656629
:10D3000069780D0A0D0A00005A65726F2073617604
:10D31000652072656A65637465643B20707265762A
:10D32000696F7573206461746120707265736572D2
:10D330007665642E0D0000000A0D2020536176658D
:10D3400064206E6577207A65726F20706F736974E0
:10D35000696F6E3A202025640A0D0A0D0000000056
:10D360005261773A202535640000000020204C6986
:10D370006E656172697A656420436F756E743A20D8
:10D3800025356400202053696E676C6520547572E2
:10D390006E3A2520342E33660000000020204D75A3
:10D3A0006C7469205475726E3A2520352E336600F0
:10D3B0002020456C656374726963616C3A25203581
:10D3C0002E33660020205475726E733A2520326425
:10D3D00000000000202056616C69643A2575000049
:10D3E00020205350493A256C7500000020205061E0
:10D3F000726974793A256C7500000000202045465A
:10D400003A256C750D0A00000001020605000000B7
:10D41000000000002975493CDF6EC93C6F0E173DC6
:10D420003160493D8FA97B3D38F4963D6B0EB03D90
:10D430004721C93D5E2EE23DEC2FFB3D7F130A3EA6
:10D44000698C163E76FD223EA5662F3E97CA3B3E6E
:10D450004A29483E807D543EDAC9603E560E6D3EF4
:10D46000F54A793E3CBD823E0FD1883EA4DF8E3E18
:10D47000FBE8943EC4EB9A3EFFE7A03EFCDEA63EEE
:10D480006CCFAC3E4EB9B23EA29CB83E1878BE3EC0
:10D49000B24BC43EBD18CA3EECDDCF3EED99D53E41
:10D4A000614FDB3E59FAE03EC39EE63EB038EC3EAB
:10D4B00071C9F13E5452F73EBBD0FC3E5322013FAE
:10D4C000B2D7033FD387063FB532093F5AD80B3F47
:10D4D000C0780E3F4013113F82A8133FDF37163F3D
:10D4E00055C1183FE5441B3F8FC21D3F543A203FB2
:10D4F0008AAB223FDB16253F9E7B273FD3D9293FAE
:10D500007B312C3FED812E3F79CC303FD00F333F24
:10D51000F14B353F8481373FE2AF393F0AD73B3F7C
:10D52000FDF63D3F130F403F9B20423F9E29443F65
:10D53000132C463F0326483FBD184A3F9B034C3FF0
:10D54000F3E54D3F16C14F3FB493513F745E533FD7
:10D550005721553F0EDB563F8F8D583FE3365A3FDC
:10D56000B2D75B3FA4705D3F69005F3F5188603F69
:10D570000C07623F9A7C633FA3E9643F274E663FF6
:10D580007EA9673F50FC683F4E456A3FC6856B3FAA
:10D5900012BD6C3F31EB6D3F23106F3F412B703F4D
:10D5A000D93D713F9D46723F3546733F9F3C743F66
:10D5B0003529753F9E0C763F32E6763F9AB6773F27
:10D5C0002C7D783FEB39793F7CED793F39977A3F75
:10D5D00022377B3F36CD7B3F75597C3F87DC7C3FD4
:10D5E0001D557D3F87C47D3F74297E3F34857E3F36
:10D5F00077D67E3F8E1E7F3F295C7F3FEF8F7F3F38
:10D6000088BA7F3FA5DA7F3FEDF07F3F61FD7F3F26
:10D610000000803F23F87F3F19E77F3F92CB7F3F99
:10D6200037A67F3FAF777F3FAB3E7F3FD2FB7E3F4A
:10D6300025AF7E3FA3587E3F4DF87D3F228E7D3F34
:10D64000221A7D3F4E9C7C3FA5147C3F27837B3F65
:10D65000D5E77A3F57437A3F0395793FDBDC783F44
:10D66000DF1A783FB54F773FB77A763FE59B753F36
:10D67000E5B3743FB9C2733FB9C7723F8BC3713F03
:10D6800031B6703F029F6F3FA67E6E3F1D556D3FC6
:10D6900068226C3F86E66A3F1FA2693FE353683FFA
:10D6A00022FD663F349D653F1A34643F22C3623FCA
:10D6B0005648613FACC55F3FD6395E3F7AA55C3FB7
:10D6C0009A085B3F3563593F4AB5573F82FF553F44
:10D6D0008E40543F637A523FB4AB503F80D44E3FAC
:10D6E0006FF54C3F280F4B3F5C20493FB329473F24
:10D6F000D42B453F1826433F7E18413FB0033F3FA0
:10D70000ABE73C3F72C43A3F5B99383FB667363F60
:10D71000DC2E343FCCEE313F2FA82F3F5C5A2D3FFB
:10D72000FB052B3F0DAB283F9049263F2EE2233FC0
:10D730009773213F19FF1E3FB6841C3FC5031A3F54
:10D74000957D173FD8F0143FDD5E123FFCC60F3FBA
:10D7500035290D3F2F860A3FECDD073F6A30053F34
:10D76000AA7D023F598BFF3E3012FA3E8A8EF43E6C
:10D770000803EF3E096DE93EDDCDE33E8525DE3E43
:10D780004F75D83E3CBDD23EFCFBCC3EDF32C73E9F
:10D790003563C13E5D8ABB3E47ACB53E05C5AF3E75
:10D7A00084D8A93E75E5A33E89EA9D3E60EA973E8E
:10D7B000F7E4913E02D98B3ECEC7853EB7627F3EED
:10D7C000F52D733EB7EE663EFDA45A3E65534E3EC0
:10D7D000F0F9413E3D9B353E0E32293EA0C31C3E32
:10D7E000F44F103E0AD7033EC4B1EE3DB9A5D53D76
:10D7F000A298BC3D1B82A33D49658A3D6685623D7A
:10D80000D637303DF7C7FB3CC615973C5374C93B30
:10D810005374C9BBC61597BCF7C7FBBCD63730BD20
:10D82000668562BD49658ABD1B82A3BDA298BCBD49
:10D83000B9A5D5BDC4B1EEBD0AD703BEF44F10BE25
:10D84000A0C31CBE0E3229BE3D9B35BEF0F941BEC1
:10D8500065534EBEFDA45ABEB7EE66BEF52D73BE2F
:10D86000B7627FBECEC785BE02D98BBEF7E491BE3C
:10D8700060EA97BE89EA9DBE75E5A3BE84D8A9BEBD
:10D8800005C5AFBE47ACB5BE5D8ABBBE3563C1BE84
:10D89000DF32C7BEFCFBCCBE3CBDD2BE4F75D8BE8E
:10D8A0008525DEBEDDCDE3BE096DE9BE0803EFBE12
:10D8B0008A8EF4BE3012FABE598BFFBEAA7D02BF1B
:10D8C0006A3005BFECDD07BF2F860ABF35290DBFC3
:10D8D000FCC60FBFDD5E12BFD8F014BF957D17BF29
:10D8E000C5031ABFB6841CBF19FF1EBF977321BFA3
:10D8F0002EE223BF904926BF0DAB28BFFB052BBFEF
:10D900005C5A2DBF2FA82FBFCCEE31BFDC2E34BF09
:10D91000B66736BF5B9938BF72C43ABFABE73CBF4E
:10D92000B0033FBF7E1841BF182643BFD42B45BF6D
:10D93000B32947BF5C2049BF280F4BBF6FF54CBFD1
:10D9400080D44EBFB4AB50BF637A52BF8E4054BF39
:10D9500082FF55BF4AB557BF356359BF9A085BBFB1
:10D960007AA55CBFD6395EBFACC55FBF564861BF04
:10D9700022C362BF1A3464BF349D65BF22FD66BFF7
:10D98000E35368BF1FA269BF86E66ABF68226CBF07
:10D990001D556DBFA67E6EBF029F6FBF31B670BFB3
:10D9A0008BC371BFB9C772BFB9C273BFE5B374BFD0
:10D9B000E59B75BFB77A76BFB54F77BFDF1A78BFE3
:10D9C000DBDC78BF039579BF57437ABFD5E77ABFD1
:10D9D00027837BBFA5147CBF4E9C7CBF221A7DBFD2
:10D9E000228E7DBF4DF87DBFA3587EBF25AF7EBF81
:10D9F000D2FB7EBFAB3E7FBFAF777FBF37A67FBF77
:10DA000092CB7FBF19E77FBF23F87FBF000080BFA5
:10DA100061FD7FBFEDF07FBFA5DA7FBF88BA7FBF12
:10DA2000EF8F7FBF295C7FBF8E1E7FBF77D67EBF03
:10DA300034857EBF74297EBF87C47DBF1D557DBFE1
:10DA400087DC7CBF75597CBF36CD7BBF22377BBF5F
:10DA500039977ABF7CED79BFEB3979BF2C7D78BFE0
:10DA60009AB677BF32E676BF9E0C76BF352975BF72
:10DA70009F3C74BF354673BF9D4672BFD93D71BF91
:10DA8000412B70BF23106FBF31EB6DBF12BD6CBF58
:10DA9000C6856BBF4E456ABF50FC68BF7EA967BF95
:10DAA000274E66BFA3E964BF9A7C63BF0C0762BFC1
:10DAB000518860BF69005FBFA4705DBFB2D75BBF14
:10DAC000E3365ABF8F8D58BF0EDB56BF572155BF67
:10DAD000745E53BFB49351BF16C14FBFF3E54DBF42
:10DAE0009B034CBFBD184ABF032648BF132C46BF3B
:10DAF0009E2944BF9B2042BF130F40BFFDF63DBF90
:10DB00000AD73BBFE2AF39BF848137BFF14B35BF86
:10DB1000D00F33BF79CC30BFED812EBF7B312CBF0E
:10DB2000D3D929BF9E7B27BFDB1625BF8AAB22BF77
:10DB3000543A20BF8FC21DBFE5441BBF55C118BF5B
:10DB4000DF3716BF82A813BF401311BFC0780EBFC6
:10DB50005AD80BBFB53209BFD38706BFB2D703BFB0
:10DB6000532201BFBBD0FCBE5452F7BE71C9F1BEF7
:10DB7000B038ECBEC39EE6BE59FAE0BE614FDBBED4
:10DB8000ED99D5BEECDDCFBEBD18CABEB24BC4BE4A
:10DB90001878BEBEA29CB8BE4EB9B2BE6CCFACBEA9
:10DBA000FCDEA6BEFFE7A0BEC4EB9ABEFBE894BEB7
:10DBB000A4DF8EBE0FD188BE3CBD82BEF54A79BEC1
:10DBC000560E6DBEDAC960BE807D54BE4A2948BE7D
:10DBD00097CA3BBEA5662FBE76FD22BE698C16BED7
:10DBE0007F130ABEEC2FFBBD5E2EE2BD4721C9BDEF
:10DBF0006B0EB0BD38F496BD8FA97BBD316049BDB9
:10DC00006F0E17BDDF6EC9BC297549BC000000004E
:10DC1000494E4600696E66004E414E006E616E00D0
:10DC200030003031323334353637383941424344AD
:10DC30004546003031323334353637383961626326
:10DC4000646566002E004300504F53495800496EEA
:10DC500066696E697479004E614E005245454E54B6
:10DC6000206D616C6C6F63207375636365656465BB
:10DC700064002F566F6C756D65732F646174612F2E
:10DC80006A656E6B696E732F776F726B7370616309
:10DC9000652F676E755F746F6F6C636861696E7313
:10DCA0002F61726D5F6275696C64732F61726D2D87
:10DCB00031352F7372632F6E65776C69622D6379CE
:10DCC0006777696E2F6E65776C69622F6C69626326
:10DCD0002F7374646C69622F64746F612E630042E9
:10DCE000616C6C6F63207375636365656465640064
:10DCF0002F566F6C756D65732F646174612F6A6543
:10DD00006E6B696E732F776F726B73706163652FC3
:10DD1000676E755F746F6F6C636861696E732F6196
:10DD2000726D5F6275696C64732F61726D2D313530
:10DD30002F7372632F6E65776C69622D63796777D5
:10DD4000696E2F6E65776C69622F6C6962632F73E1
:10DD500074646C69622F6764746F612D67657468A1
:10DD600065782E6300232D302B2000686C4C0065F5
:10DD70006667454647002F566F6C756D65732F6457
:10DD80006174612F6A656E6B696E732F776F726B4A
:10DD900073706163652F676E755F746F6F6C636816
:10DDA00061696E732F61726D5F6275696C64732F48
:10DDB00061726D2D31352F7372632F6E65776C69CB
:10DDC000622D63796777696E2F6E65776C69622F54
:10DDD0006C6962632F7374646C69622F6D70726515
:10DDE000632E63002C2066756E6374696F6E3A2033
:10DDF00000617373657274696F6E2022257322202F
:10DE00006661696C65643A2066696C6520222573D9
:10DE1000222C206C696E65202564257325730A0009
:10DE200034000000CEFBFFFFCB0300000100000028
:10DE30000000000035000000CEFBFFFFCB03000018
:10DE40000100000000000000BC89D897B2D29C3CC1
:10DE500033A7A8D523F649393DA7F444FD0FA532D1
:10DE60009D978CCF08BA5B25436FAC642806681178
:10DE7000002020202020202020202828282828209A
:10DE80002020202020202020202020202020202092
:10DE900020881010101010101010101010101010FA
:10DEA00010040404040404040404041010101010EA
:10DEB00010104141414141410101010101010101B4
:10DEC0000101010101010101010101011010101006
:10DED0001010424242424242020202020202020286
:10DEE00002020202020202020202020210101010DA
:10DEF0002000000000000000000000000000000002
:10DF00000000000000000000000000000000000011
:10DF10000000000000000000000000000000000001
:10DF200000000000000000000000000000000000F1
:10DF300000000000000000000000000000000000E1
:10DF400000000000000000000000000000000000D1
:10DF500000000000000000000000000000000000C1
:10DF600000000000000000000000000000000000B1
:10DF70000000000005000000190000007D00000006
:10DF80000080E03779C34143176E05B5B5B89346B5
:10DF9000F5F93FE9034F384D321D30F94877825A81
:10DFA0003CBF737FDD4F1575000000000000F03F9F
:10DFB0000000000000002440000000000000594064
:10DFC0000000000000408F40000000000088C340B7
:10DFD00000000000006AF8400000000080842E412C
:10DFE00000000000D01263410000000084D7974178
:10DFF0000000000065CDCD41000000205FA002427E
:10E00000000000E876483742000000A2941A6D42F2
:10E01000000040E59C30A2420000901EC4BCD642E5
:10E0200000003426F56B0C430080E03779C3414390
:10E0300000A0D8855734764300C84E676DC1AB4306
:10E04000003D9160E458E143408CB5781DAF154424
:10E0500050EFE2D6E41A4B4492D54D06CFF08044FF
:10E06000F64AE1C7022DB544B49DD9794378EA4414
:10E07000763C7935EF39EA3D763C7935EF39EABDC2
:10E080000000E0FE422EE63F0000E0FE422EE6BF2A
:10E09000000000000000E03F000000000000E0BFC2
:08E0A0000000000000000080F8
:08E0A8008820FF7F0100000049
:04E0B000510C000807
:04E0B400290C00082B
:10E0B800000E27070000000003000000E4450020D0
:10E0C8004300000000000000000000000000000005
:10E0D8000000000000000000000000000000000038
:10E0E80043000000000000000000000000000000E5
:10E0F8000000000000000000000000000000000018
:10E1080043000000000000000000000000000000C4
:10E1180000000000000000000000000000000000F7
:10E1280043000000000000000000000000000000A4
:10E1380000000000000000000000000000000000D7
:10E148004300000000000000000000000000000084
:10E1580000000000000000000000000000000000B7
:10E168004300000000000000000000000000000064
:10E178000000000000000000000000000000000097
:10E188004300000000000000000000000000000044
:10E198000000000000000000000000000000000077
:10E1A80035BC0008F5AC00080000000070DE00086F
:10E1B80044DC00081FDE00081FDE00081FDE000820
:10E1C8001FDE00081FDE00081FDE00081FDE000833
:10E1D8001FDE00081FDE0008FFFFFFFFFFFFFFFF35
:10E1E800FFFFFFFFFFFF00000100415343494900C3
:10E1F8000000000000000000000000000000000017
:10E20800000000000000000000004153434949009D
:10E2180000000000000000000000000000000000F6
:10E228000000000000000000000000008001002045
:10E2380000000000E44500204C460020B4460020C1
:10E2480000000000000000000000000000000000C6
:10E2580000000000000000000000000000000000B6
:10E2680000000000000000000000000000000000A6
:0CE278000000000000000000000000009A
:0400000508007EC1B0
:00000001FF
