:020000040800F2
:1000000000000120FD6E0008915300089553000880
:10001000A1530008AD530008B953000800000000C8
:10002000000000000000000000000000C5530008B0
:10003000C953000800000000CD530008D153000848
:100040004D6F00084D6F00084D6F00084D6F0008A0
:100050004D6F00084D6F00084D6F00084D6F000890
:100060004D6F00084D6F00084D6F00084D6F000880
:100070004D6F00084D6F00084D6F00084D6F000870
:100080004D6F00084D6F00084D6F00084D6F000860
:10009000D55300084D6F00084D6F00084D6F0008E4
:1000A0004D6F0008F15400084D6F00084D6F0008B7
:1000B0004D6F00084D6F00084D6F00084D6F000830
:1000C0004D6F00084D6F00084D6F00084D6F000820
:1000D0004D6F00084D6F0008B55500084D6F0008C2
:1000E000715500084D6F00084D6F00084D6F0008F6
:1000F0004D6F00084D6F00084D6F00084D6F0008F0
:100100004D6F00084D6F00084D6F00084D6F0008DF
:100110004D6F00084D6F00084D6F00084D6F0008CF
:100120004D6F00084D6F00084D6F00084D6F0008BF
:1001300001F0FF01102A2BDB10F0070F08D010F898
:10014000013B013A8B422DD010F0070F42B3F6D19C
:10015000F0B441EA012141EA014122F007047FF0B5
:1001600000070023F0E80256083C85EA010586EA0C
:10017000010685FA47F5A3FA87F586FA47F6A5FA48
:1001800087F68EB9EED1F0BC01F0FF0102F0070254
:1001900032B110F8013B013A83EA010313B1F8D1FF
:1001A0000020704701387047002D06BF35460338E0
:1001B000073815F0010F07D1013015F4807F02BF19
:1001C000013015F4C03F0130F0BC0138704700BF6A
:1001D000034613F8012B002AFBD1181A0138704787
:1001E00081F0004102E000BF83F0004330B54FEAE8
:1001F00041044FEA430594EA050F08BF90EA020F55
:100200001FBF54EA000C55EA020C7FEA645C7FEAE7
:10021000655C00F0E2804FEA5454D4EB5555B8BF0A
:100220006D420CDD2C4480EA020281EA030382EA7B
:10023000000083EA010180EA020281EA0303362D0D
:1002400088BF30BD11F0004F4FEA01314FF4801CE0
:100250004CEA113102D0404261EB410113F0004FF2
:100260004FEA03334CEA133302D0524263EB4303A9
:1002700094EA050F00F0A780A4F10104D5F1200E47
:100280000DDB02FA0EFC22FA05F2801841F10001A2
:1002900003FA0EF2801843FA05F359410EE0A5F176
:1002A00020050EF1200E012A03FA0EFC28BF4CF0A7
:1002B000020C43FA05F3C01851EBE37101F000455D
:1002C00007D54FF0000EDCF1000C7EEB00006EEB6A
:1002D0000101B1F5801F1BD3B1F5001F0CD34908F4
:1002E0005FEA30004FEA3C0C04F101044FEA44524B
:1002F00012F5800F80F09A80BCF1004F08BF5FEAD2
:10030000500C50F1000041EB045141EA050130BDB1
:100310005FEA4C0C404141EB0101013C28BFB1F5C3
:10032000801FE9D291F0000F04BF01460020B1FA0E
:1003300081F308BF2033A3F10B03B3F120020CDAE1
:100340000C3208DD02F1140CC2F10C0201FA0CF0BF
:1003500021FA02F10CE002F11402D8BFC2F1200C24
:1003600001FA02F120FA0CFCDCBF41EA0C019040DA
:10037000E41AA2BF01EB0451294330BD6FEA040423
:100380001F3C1CDA0C340EDC04F11404C4F120020E
:1003900020FA04F001FA02F340EA030021FA04F320
:1003A00045EA030130BDC4F10C04C4F1200220FA77
:1003B00002F001FA04F340EA0300294630BD21FAB5
:1003C00004F0294630BD94F0000F83F4801306BF7B
:1003D00081F480110134013D4EE77FEA645C18BF6F
:1003E0007FEA655C29D094EA050F08BF90EA020F06
:1003F00005D054EA000C04BF1946104630BD91EAFE
:10040000030F1EBF0021002030BD5FEA545C05D100
:100410004000494128BF41F0004130BD14F580043F
:100420003CBF01F5801130BD01F0004545F0FE41B3
:1004300041F470014FF0000030BD7FEA645C1ABFE8
:10044000194610467FEA655C1CBF0B46024650EA1F
:10045000013406BF52EA033591EA030F41F400214B
:1004600030BD00BF90F0000F04BF0021704730B5D1
:100470004FF4806404F132044FF000054FF00001A6
:1004800050E700BF90F0000F04BF0021704730B567
:100490004FF4806404F1320410F0004548BF40423C
:1004A0004FF000013EE700BF42004FEAE2014FEA91
:1004B00031014FEA02701FBF12F07F4393F07F4F6C
:1004C00081F06051704732F07F4208BF704793F06F
:1004D0007F4F04BF41F40021704730B54FF4607482
:1004E00001F0004521F000411CE700BF50EA010285
:1004F00008BF704730B54FF000050AE050EA01022E
:1005000008BF704730B511F0004502D5404261EB9D
:1005100041014FF4806404F132045FEA915C3FF4DE
:10052000D8AE4FF003025FEADC0C18BF03325FEA7B
:10053000DC0C18BF033202EBDC02C2F1200300FA2C
:1005400003FC20FA02F001FA03FE40EA0E0021FA51
:1005500002F11444BDE600BF70B54FF0FF0C4CF43F
:10056000E06C1CEA11541DBF1CEA135594EA0C0FF1
:1005700095EA0C0F00F0DEF82C4481EA030621EA2C
:100580004C5123EA4C5350EA013518BF52EA033567
:1005900041F4801143F4801338D0A0FB02CE4FF019
:1005A0000005E1FB02E506F00042E0FB03E54FF049
:1005B0000006E1FB03569CF0000F18BF4EF0010E41
:1005C000A4F1FF04B6F5007F64F5407404D25FEA3D
:1005D0004E0E6D4146EB060642EAC62141EA5551F0
:1005E0004FEAC52040EA5E504FEACE2EB4F1FD0C32
:1005F00088BFBCF5E06F1ED8BEF1004F08BF5FEAB0
:10060000500E50F1000041EB045170BD06F0004661
:1006100046EA010140EA020081EA0301B4EB5C040E
:10062000C2BFD4EB0C0541EA045170BD41F4801106
:100630004FF0000E013C00F3AB8014F1360FDEBF2B
:10064000002001F0004170BDC4F10004203C35DA07
:100650000C341BDC04F11404C4F1200500FA05F38A
:1006600020FA04F001FA05F240EA020001F000422B
:1006700021F0004110EBD37021FA04F642EB0601A1
:100680005EEA430E08BF20EAD37070BDC4F10C04CB
:10069000C4F1200500FA04F320FA05F001FA04F28F
:1006A00040EA020001F0004110EBD37041F100017B
:1006B0005EEA430E08BF20EAD37070BDC4F1200586
:1006C00000FA05F24EEA020E20FA04F301FA05F2EE
:1006D00043EA020321FA04F001F0004121FA04F296
:1006E00020EA020000EBD3705EEA430E08BF20EA66
:1006F000D37070BD94F0000F0FD101F000464000A0
:1007000041EB010111F4801F08BF013CF7D041EA21
:10071000060195F0000F18BF704703F00046520025
:1007200043EB030313F4801F08BF013DF7D043EAF6
:100730000603704794EA0C0F0CEA135518BF95EAAC
:100740000C0F0CD050EA410618BF52EA4306D1D133
:1007500081EA030101F000414FF0000070BD50EA52
:10076000410606BF1046194652EA430619D094EADC
:100770000C0F02D150EA013613D195EA0C0F05D1C6
:1007800052EA03361CBF104619460AD181EA03011A
:1007900001F0004141F0FE4141F470014FF00000D2
:1007A00070BD41F0FE4141F4780170BD70B54FF06D
:1007B000FF0C4CF4E06C1CEA11541DBF1CEA1355ED
:1007C00094EA0C0F95EA0C0F00F0A7F8A4EB0504CF
:1007D00081EA030E52EA03354FEA013100F08880C6
:1007E0004FEA03334FF0805545EA131343EA12638F
:1007F0004FEA022245EA111545EA10654FEA002644
:100800000EF000419D4208BF964244F1FD0404F5FC
:10081000407402D25B084FEA3202B61A65EB030558
:100820005B084FEA32024FF480104FF4002CB6EB15
:10083000020E75EB030E22BFB61A754640EA0C0095
:100840005B084FEA3202B6EB020E75EB030E22BFD5
:10085000B61A754640EA5C005B084FEA3202B6EB16
:10086000020E75EB030E22BFB61A754640EA9C00D5
:100870005B084FEA3202B6EB020E75EB030E22BFA5
:10088000B61A754640EADC0055EA060E18D04FEA63
:10089000051545EA16754FEA06164FEAC30343EA03
:1008A00052734FEAC2025FEA1C1CC0D111F4801FD0
:1008B0000BD141EA00014FF000004FF0004CB6E7C9
:1008C00011F4801F04BF01430020B4F1FD0C88BF68
:1008D000BCF5E06F3FF6AFAEB5EB030C04BFB6EB73
:1008E000020C5FEA500C50F1000041EB045170BD66
:1008F0000EF0004E4EEA113114EB5C04C2BFD4EB93
:100900000C0541EA045170BD41F480114FF0000E16
:10091000013C90E645EA060E8DE60CEA135594EA92
:100920000C0F08BF95EA0C0F3FF43BAF94EA0C0F95
:100930000AD150EA01347FF434AF95EA0C0F7FF40A
:1009400025AF104619462CE795EA0C0F06D152EA5E
:1009500003353FF4FDAE1046194622E750EA410642
:1009600018BF52EA43067FF4C5AE50EA41047FF453
:100970000DAF52EA43057FF4EBAE12E74FF0FF3CB8
:1009800006E000BF4FF0010C02E000BF4FF0010C89
:100990004DF804CD4FEA410C7FEA6C5C4FEA430C02
:1009A00018BF7FEA6C5C1BD001B050EA410C0CBF51
:1009B00052EA430C91EA030F02BF90EA020F0020B3
:1009C000704710F1000F91EA030F58BF994208BF1A
:1009D00090422CBFD8176FEAE37040F001007047D7
:1009E0004FEA410C7FEA6C5C02D150EA013C07D12E
:1009F0004FEA430C7FEA6C5CD6D152EA033CD3D079
:100A00005DF8040B704700BF8446104662468C4672
:100A10001946634600E000BF01B5FFF7B7FF0028A5
:100A200048BF10F1000F01BD4DF808EDFFF7F4FFCE
:100A30000CBF012000205DF808FB00BF4DF808ED59
:100A4000FFF7EAFF34BF012000205DF808FB00BF7C
:100A50004DF808EDFFF7E0FF94BF012000205DF89E
:100A600008FB00BF4DF808EDFFF7CEFF94BF012053
:100A700000205DF808FB00BF4DF808EDFFF7C4FF4C
:100A800034BF012000205DF808FB00BF4FEA410C95
:100A90007FEA6C5C02D150EA013C0AD14FEA430C78
:100AA0007FEA6C5C02D152EA033C02D14FF00000B5
:100AB00070474FF0010070474FEA410212F50012F3
:100AC00015D211D56FF47873B3EB625212D94FEA95
:100AD000C12343F0004343EA505311F0004F23FA7F
:100AE00002F018BF404270474FF00000704750EAD4
:100AF000013005D111F0004008BF6FF00040704791
:100B00004FF00000704700BF4A0011D212F50012EA
:100B100011D20DD56FF47873B3EB62520ED44FEA55
:100B2000C12343F0004343EA505323FA02F07047D5
:100B30004FF00000704750EA013002D14FF0FF3013
:100B400070474FF0000070474FEA4102B2F1E043B6
:100B500024BFB3F5001CDCF1FE5C0DD901F0004CA4
:100B60004FEAC0024CEA5070B2F1004F40EB8300F4
:100B700008BF20F00100704711F0804F21D113F120
:100B80003872BCBF01F00040704741F480114FEA59
:100B90005252C2F11802C2F1200C10FA0CF320FAE2
:100BA00002F018BF40F001004FEAC1234FEAD323FF
:100BB00003FA0CFC40EA0C0023FA02F34FEA430369
:100BC000CCE77FEA625307D150EA01331EBF4FF0F2
:100BD000FE4040F44000704701F0004040F0FE400D
:100BE00040F40000704700BF0348044B834202D02A
:100BF000034B03B118477047CC010020CC01002003
:100C0000000000000548064B1B1AD90F01EBA30199
:100C1000491002D0034B03B118477047CC010020A4
:100C2000CC0100200000000010B5064C237843B929
:100C3000FFF7DAFF044B13B10448AFF30080012340
:100C4000237010BDCC01002000000000FCB800089B
:100C500008B5054B1BB105490548AFF30080BDE859
:100C60000840FFF7CFBF00BF00000000D001002008
:100C7000FCB8000808B5012005F008FC4FF4C0607E
:100C800005F0DAFB40F2026005F0D6FB40F20360AB
:100C900005F0D2FB40F2046005F0CEFB4FF4A060FB
:100CA00005F0CAFB40F2015005F0C6FB40F2197096
:100CB00005F0C2FB40F20E7005F0BEFB40F20F7073
:100CC00005F0BAFB40F20B6005F0B6FB40F209609C
:100CD00005F0B2FB40F20A6005F0AEFB40F20F6097
:100CE00005F0AAFBBDE8084040F2117005F0A4BB76
:100CF00070B504F00DFBFFF7BDFF00F027FA01F01F
:100D000099FB01F003FB00F035FC01F0B1FA01F0B2
:100D1000D7FA00F0C7FA00F0B3FB02F0CFF9C548EC
:100D200007F044FDC44807F041FD012300220221E1
:100D3000C24807F0D3FCC248062104F0CFF8C048EF
:100D400004F0B6F9002800F0AC81BE4DBE4C6B69D2
:100D5000D4ED027A013304BF00236B612B690133A8
:100D600008BF0023F4EE677A08BF2B61F1EE10FA9A
:100D700080F19481BFEE007AF4EE477AF1EE10FA3A
:100D800000F08C81D4ED037AF4EE677AF1EE10FA7C
:100D900080F18181BFEE007AF4EE477AF1EE10FA2D
:100DA00000F07981D4ED067AF4EE677AF1EE10FA6C
:100DB00080F16E81BFEE007AF4EE477AF1EE10FA20
:100DC00000F066816B68D4ED077A013304BF01231C
:100DD0006B60AB68013304BF0023AB60EB68013389
:100DE00008BF4FF47A73F4EE677A08BFEB60F1EE58
:100DF00010FA80F11B81BFEE007AF4EE477AF1EE33
:100E000010FA00F01381D4ED087AF4EE677AF1EE6F
:100E100010FA80F10881BFEE007AF4EE477AF1EE25
:100E200010FA00F00081D4ED097AF4EE677AF1EE61
:100E300010FA80F1F580BFEE007AF4EE477AF1EE19
:100E400010FA00F0ED80D4ED127AF4EE677AF1EE4C
:100E500010FA80F1E280BFEE007AF4EE477AF1EE0C
:100E600010FA00F0DA80D4ED0A7AF4EE677AF1EE47
:100E700010FA80F1CF80BFEE007AF4EE477AF1EEFF
:100E800010FA00F0C780D4ED117AF4EE677AF1EE33
:100E900010FA80F1BB80BFEE007AF4EE477AF1EEF3
:100EA00010FA00F0B380D4ED0E7AF4EE677AF1EE2A
:100EB00010FA80F1A780BFEE007AF4EE477AF1EEE7
:100EC00010FA00F09F80D4ED177AF4EE677AF1EE15
:100ED00010FA80F19480BFEE007AF4EE477AF1EEDA
:100EE00010FA00F08C80D4ED187AF4EE677AF1EE07
:100EF00010FA80F18180BFEE007AF4EE477AF1EECD
:100F000010FA79D0D4ED147A5048514EF4EE677A45
:100F1000D4ED137AF1EE10FA64BF4E4B2365F4EE74
:100F2000677AD4ED167AF1EE10FA64BF4A4BE364A7
:100F3000F4EE677AD4ED157AF1EE10FA64BF474B00
:100F4000A365F4EE677AF1EE10FA64BF444B636573
:100F500002F04EFB00214FF44472424807F047FC78
:100F60006A69A36AC6F8D82064202A69C6F8D42022
:100F7000B3663D4D04F0EEF96421304603F0F2FC17
:100F80003A494FF4007206F1DC0007F07DFC95E869
:100F9000070001F0DFFF002840F08B80344800F0AC
:100FA00009FB344800F020FB00221146282005F000
:100FB000F1F901220021142005F0ECF900220121B1
:100FC000192005F0E7F900220221262005F0E2F9B8
:100FD000294B062101221980DA7000244FF47A701F
:100FE00004F0B8F9AB880134002BF7D095E807007E
:100FF000234601F0C5FEF1E7204B236682E7204B34
:10100000E36570E74FF07E53A3635CE74FF07E53D8
:10101000636448E71B4BA36235E7184BA36422E7E0
:10102000194B63620FE7194B2362FCE60023E3616F
:10103000E9E600BF30BA00083CBA00085CBA000814
:101040007837002090370020903B00207834002033
:101050005831002000004841000048C10000824291
:10106000000082C23C2E00204C310020A837002016
:10107000E8010020FC010020683400200000A040AE
:101080000000FA430000A841000060410000FA425D
:101090000023A36196E6094BE36083E6084BA36057
:1010A00070E60849084800F067FB084807F07EFB37
:1010B0004BE6074807F07AFB70E700BF00002042CC
:1010C00000007A44903B00209037002078BA000856
:1010D000C8BA000808B514484FF4006105F0D2F80A
:1010E0001248002105F0D8FB002211460F4805F0F8
:1010F0006BFD0E480022012105F066FD0B48002221
:10110000022105F061FD00221146084805F0FEFCB1
:1011100006480022012105F0F9FCBDE8084003481B
:101120000022022105F0F2BC00080140002C014021
:10113000024A136803431360FFF7CCBF903C0020C2
:10114000014B1868704700BF903C002010B5504814
:10115000012105F0ABF84F48012105F0A7F84E48F2
:101160004FF4A0530122182105F034F84A484FF4F7
:1011700000630122042105F02DF84FF40043012201
:101180004648102105F026F844484FF4004105F088
:1011900077F843484FF420430122182105F01AF84C
:1011A0003F484FF480430122482105F013F84FF4E3
:1011B000805301223A48102105F00CF838484FF4CA
:1011C000805105F05DF835484FF40063022210218C
:1011D00005F000F84FF4805303223048042104F056
:1011E000F9FF2E484FF4006105F04CF82B484FF4FE
:1011F000E0630322182104F0EDFF274803230422B3
:10120000002104F0E7FF264801230422002104F016
:10121000E1FF21480C230422002104F0DBFF1F48DA
:10122000F0230422002104F0D5FF1B4830230422C0
:10123000002104F0CFFF4FF4005302221648102182
:1012400004F0C8FF14484FF4005105F01BF8134890
:1012500004230122182104F0BDFF082301220F48B6
:10126000042104F0B7FF01214FF4EA1005F01EF845
:101270000B484FF480730222482104F0ABFFBDE815
:10128000104007484FF400730322182104F0A2BF56
:101290000010200000023000001001400008014052
:1012A000000C014070B5714888B0002104F03EFD8B
:1012B0006F4A704B01920024042503934FF400728F
:1012C0004FF400634FF48076029204930DEB050215
:1012D0004FF4805321466548ADF81C60CDE90553B5
:1012E0008DF81E4004F040FD2146604804F07AFD70
:1012F00021465E4804F088FD5F4804F071F95F48BC
:1013000004F06EF94FF4803004F0B8F931465A48D1
:10131000012204F0C3F922465748022104F0BEF925
:1013200031465648012204F0B9F9224653480221B9
:1013300004F0B4F92146504804F0D8F92A464E4842
:10134000012104F0DDF901224B48022104F0D8F913
:1013500021464A4804F0CAF92A464848012104F0C7
:10136000CFF946480122022104F0CAF9234621465A
:101370004148062204F0E2F923463F480F220121AA
:1013800004F0DCF923463C480722022104F0D6F998
:10139000234639480822032104F0D0F92346214688
:1013A0003648052204F0CAF9234634480E220121AA
:1013B00004F0C4F923462A463048022104F0BEF95D
:1013C00023462E480C22032104F0B8F92A484FF492
:1013D0006022012104F05EFA01221146264804F041
:1013E0003DFA26484FF46022012104F053FA01220D
:1013F0001146224804F032FA234621461E480B22A9
:1014000004F0F4F9234621461C480A2204F0EEF9C0
:1014100019484FF4E042022104F03CFA1648012238
:10142000022104F01BFA15484FF4E042022104F0B7
:1014300031FA01220221114804F010FA0E4804F09A
:1014400017F90E4804F014F90B4804F0F7F80B48AC
:1014500004F0F4F8012003F07DFF074804F0F6F8EB
:10146000064804F0F3F808B070BD00BF0000024069
:101470004C240140983C00200024014000280140F9
:1014800070B5384888B0042104F050FC3649374A1A
:1014900001914FF48063012400254FF4807603927C
:1014A000049301AA4FF480532E4806930421ADF80B
:1014B0001C6002968DF81E50059404F055FC2948D6
:1014C000042104F08FFC0421264804F09DFC2848E8
:1014D00004F086F822463146254804F0DFF82A4613
:1014E0002348022104F0DAF82946214804F0FEF8E6
:1014F000224621461E4804F003F922461C480221D8
:1015000004F0FEF82B46294619480D2204F016F97E
:10151000214617484FF4602204F0BCF922462146C8
:10152000134804F09BF92B46294611480D2204F07C
:101530005DF90F484FF4E042022104F0ABF9224676
:1015400002210B4804F08AF9094804F091F8084890
:1015500004F074F8204603F0FDFE054804F076F828
:1015600008B070BD000402404C3C0140943C002097
:10157000003C014000B585B001A9002004F0E0F96D
:101580000A4804F0CBF90A484FF48072CDE9010211
:101590004FF4802301A90548039304F003FA03489C
:1015A000022104F0BFFB05B000BD00BF0064004095
:1015B0000000090300B5014687B0032004F0C0F91C
:1015C00001A9012004F0BCF900234FF4803101226D
:1015D00001A8CDE90133CDE903318DF8142004F0E1
:1015E00073FA07B000BD00BF00B583B0014601909B
:1015F000022004F0A5F9054A0199906808600023CB
:1016000006228A724B600B8103B000BD9037002028
:10161000F0B52DED028B1E4D83B00446F0EE608ACE
:10162000B0EE418AD5ED130A95ED141A0191102000
:1016300003F036F895ED161AD5ED150A0746B0EE0B
:10164000680A0C2003F02CF8D5ED030A95ED0E7A0C
:10165000D5ED117A60EEC70A064660EEA70AB0EE35
:10166000480AB1EE601A0C2003F01AF8031201992F
:10167000E17203EB06137ABA3111E3730023A1730D
:10168000A28120746374A37403B0BDEC028BF0BD1F
:10169000903B002084B0F0B52DED028B83B00AACF6
:1016A00084E80F009DF836309DF835709DF839209C
:1016B0009DF83760BDF833002D4C9DF838E09DF85B
:1016C0003A10D4ED140A94ED130A0F9D9FED298A68
:1016D0004FEA032C1B0943EA07170CF470631E43FF
:1016E000130240BA120903F470630B4342EA0E126C
:1016F00080B210210092019302F0E6FF85ED000A0E
:10170000D4ED160A94ED150A38460C2102F0DCFFE0
:1017100085ED010AD4ED170A3046B0EE480A0C21D7
:1017200002F0D2FF85ED020AD4ED180A00980C21D0
:10173000B0EE480A02F0C8FF85ED030A94ED030AF3
:1017400094ED0E7AD4ED117A019820EE470A0C211F
:1017500020EE270AF1EE400A02F0B6FF85ED040AFA
:1017600003B0BDEC028BBDE8F04004B0704700BF91
:10177000903B00200000000070B54FF480620C46E2
:101780000546002107F033F801264FF4807200214E
:10179000204607F02CF86E60002300224FF47A7682
:1017A000C5E904222A60AA60EE60154ADFED156AD9
:1017B0009FED157ADFED157AA3614FF07E51E3615D
:1017C0006363E3632364124BDFF858E0DFF858C02B
:1017D0001048A1636164A2640F49236522660F4B20
:1017E0000F4AC4ED026A84ED037AC4ED087AC4F8A6
:1017F00054E0C4F858C0E164E0656262A36270BD61
:101800000000A04000007A44000020420000FA429C
:10181000000048410000FA43000048C10000A84110
:1018200000006041000082C20000824270B50E4696
:101830001E49A0F1040E00F57F754FF0FF305EF8F1
:10184000044F4FF0000C24FA0CF3DBB2584008228E
:1018500040F300030B40013A83EA5000F8D10CF149
:10186000080CBCF1200FEED17545E8D10F49B64602
:1018700006F58075DEF800404FF0000C24FA0CF3FA
:10188000DBB25840082240F300030B40013A83EAE0
:101890005000F8D10CF1080CBCF1200FEED10EF184
:1018A000040EAE45E6D1C04370BD00BF2083B8ED45
:1018B0000368012B00F22C8243687F2B00F2288200
:1018C00083687F2B00F22482C368DE4A013B934287
:1018D00000F21E820369DFF8A4C34FF6FF721344BF
:1018E000634500F2158243691A44624500F2108292
:1018F000D1ED027A9FEDD47AF0EEE76AF4EE476A12
:10190000F1EE10FA00F20482DFEDDD6AF4EEE67A21
:10191000F1EE10FAC0F2FC81DFEDCC6AF4EEE67A6B
:10192000F1EE10FA00F2F481D1ED037AF0EEE76AFD
:10193000F4EE476AF1EE10FA00F2EA819FEDC47A04
:10194000F4EEC77AF1EE10FAC0F2E2819FEDC17AAF
:10195000F4EEC77AF1EE10FA00F2DA81D1ED064A20
:10196000DFEDB96AB0EEE47AB4EE667AF1EE10FA21
:1019700000F2CE81F5EEC04AF1EE10FAC0F2C88155
:101980009FEDB57AF4EEC74AF1EE10FA00F2C0818D
:1019900091ED077AB0EEC76AB4EE666AF1EE10FA1E
:1019A00000F2B681B5EEC07AF1EE10FAC0F2B08165
:1019B0009FEDB36AB4EEC67AF1EE10FA00F2A88198
:1019C00091ED087AB0EEC76AB4EE666AF1EE10FAED
:1019D00000F29E81F7EE006AB4EEE67AF1EE10FABC
:1019E000C0F29681DFED9D6AB4EEE67AF1EE10FA70
:1019F00000F28E8191ED095ADFED936AB0EEC57A5F
:101A0000B4EE667AF1EE10FA00F282819FED907AE0
:101A1000B4EEC75AF1EE10FAC0F27A819FED907AD7
:101A2000B4EEC75AF1EE10FA00F2728191ED0A7A23
:101A3000B0EEC76AB4EE666AF1EE10FA00F26881A1
:101A4000B7EE006AB4EEC67AF1EE10FAC0F2608129
:101A50009FED846AB4EEC67AF1EE10FA00F2588176
:101A600091ED0D7AB0EEC76AB4EE666AF1EE10FA47
:101A700000F24E81B5EEC07AF1EE10FAC0F2488164
:101A8000DFED7F6AB4EEE67AF1EE10FA00F2408103
:101A9000D1ED0E6A9FED6C7AB0EEE66AB4EE476A5D
:101AA000F1EE10FA00F234819FED6F6AF4EEC66A2F
:101AB000F1EE10FAC0F22C81B2EE046AF4EEC66ABE
:101AC000F1EE10FA00F22481D1ED0F6AB0EEE66A71
:101AD000B4EE476AF1EE10FA00F21A81F5EEC06A30
:101AE000F1EE10FAC0F214819FED606AF4EEC66A5E
:101AF000F1EE10FA00F20C81D1ED106AB0EEE66A58
:101B0000B4EE476AF1EE10FA00F20281F5EEC06A17
:101B1000F1EE10FAC0F2FC809FED556AF4EEC66A51
:101B2000F1EE10FA00F2F480D1ED116AB0EEE66A3F
:101B3000B4EE476AF1EE10FA00F2EA809FED4D7ABA
:101B4000F4EEC76AF1EE10FAC0F2E2809FED477A38
:101B5000F4EEC76AF1EE10FA00F2DA80D1ED126A03
:101B60009FED397AB0EEE66AB4EE476AF1EE10FA0C
:101B700000F2CE809FED366AF4EEC66AF1EE10FAFE
:101B8000C0F2C680B3EE046AF4EEC66AF1EE10FA53
:101B900000F2BE80D1ED135AF0EEE56AF4EE476A2A
:101BA000F1EE10FA00F2B480DFED336AF4EEE65A9B
:101BB000F1EE10FAC0F2AC80F5EEC05AF1EE10FA78
:101BC00000F2A68091ED146AF0EEC66AF4EE476A60
:101BD000F1EE10FA00F29C80B5EEC06AF1EE10FA58
:101BE000C0F296809FED214AB4EEC46AF1EE10FA7D
:101BF00000F28E80D1ED156AB0EE473AB0EEE67A8B
:101C0000B4EE437AF1EE10FA00F282809FED1A7A78
:101C1000F4EEC76AF1EE10FA7ADBF5EEC06AF1EE87
:101C200010FA75D891ED167AF0EEC73AF4EE433A11
:101C3000F1EE10FA6CD8B5EEC07AF1EE10FA67DB6F
:101C400020E000BF9F860100FFFF7F7F0000FA4475
:101C5000CDCCCC3D00007042000004420000164391
:101C6000000020420000804217B7D13800007A44BB
:101C70000050C3476F12833A00007AC4FEFF010090
:101C80000000C842B4EEC47AF1EE10FA40D8D1EDAB
:101C9000173AF0EEE32AF4EE432AF1EE10FA37D8C1
:101CA000F5EEC03AF1EE10FA32DBF4EEC43AF1EEA2
:101CB00010FA2DD891ED184AF0EE433AB0EEC43A3E
:101CC000B4EE633AF1EE10FA22D8B5EEC04AF1EE66
:101CD00010FA1DDB5FED163AB4EEE34AF1EE10FAAE
:101CE00016D8F4EEE47AF1EE10FA11DBF4EEC57AD0
:101CF000F1EE10FA0CDBF4EEC65AF1EE10FA07D54D
:101D0000F4EEC76AF1EE10FA4CBF012000207047D4
:101D10000020704730B5DFF83CC083B06045069DB9
:101D2000079C02D0002003B030BD0229FAD1B2F5E1
:101D3000A07FF7D1214628460193FFF777FD019B4D
:101D40009842EFD12146284603B0BDE83040FFF766
:101D5000AFBD00BF4154484E401A0028D4BF0020F8
:101D60000120704740B12AB15B1A002BD4BF00207C
:101D7000012070471046704782420CBF4FF0FF3081
:101D80000120704711B10AB1082B01D00020704723
:101D9000009BC01AB3F5006FB0FA80F04FEA501004
:101DA00028BF0020704700BF431E00F1060C13F847
:101DB000012FFF2A09D16345F9D1C279131DDBB286
:101DC000022B02D80A70012070470020704700BF24
:101DD00038B5C0F30D0444F4804440F44045204637
:101DE00009F046FD002814BF2846204638BD00BF34
:101DF00010B5044609F03CFD28B914F4804F18BF13
:101E00006FF0010010BD4FF0FF3010BDC0F30D00AA
:101E1000C1F30D01401AB0F5005F03DDA0F580406D
:101E200000B2704710F5005FB8BF00F5804000B207
:101E3000704700BF0378A52B20D143785A2B1DD1C2
:101E40008378012B1AD18379C3B910B5DFF838E054
:101E50000C46421E811D12F801CF83EA0C03914209
:101E60001EF80330F7D1C2799A420AD1C3782370A1
:101E7000037963704379A370002010BD4FF0FF30E9
:101E800070476FF0010010BD18B9000890F800C04D
:101E90006CF07F0C83F800C090F801C083F801C09B
:101EA000807898704FEA122CD970100C110E1A71AC
:101EB00083F805C09871D971704700BF70B5904C18
:101EC0000168236840F201720133914288B02360B7
:101ED00006D1037A23B9437A13B9827A082A04D047
:101EE000A3680133A36008B070BD02A90B30009352
:101EF000FFF7A0FF18B1E3680133E360F3E703F0F5
:101F000041FA8049009B0A68821A132A03D8636940
:101F100001336361E7E7626808609DF808100132E9
:101F20006260032900F29481DFE801F0355F10025E
:101F30009DF80A100F2931D8DFE801F08186848EE0
:101F40008C8A889C30989490A29E30A69DF80A2096
:101F50001E2A23D8DFE812F05F0159015301FD006A
:101F6000F900F600D00022002200CA0073017001BF
:101F70006A016401C400BB00B700B300AA00A1005D
:101F800022002200220022006C005E0070009B00F4
:101F90005E006C0070009DF80A2082B30123216965
:101FA00001310022216103A90220CDE9002303F0C1
:101FB000C7FC00230493ADF8143040F281730393FF
:101FC0000823DDE9002102A88DF816300DF1170372
:101FD000FFF75CFF4C4803A903F0F0FD032800F075
:101FE0003181A3690133A3617DE79DF80A20042AAA
:101FF00000F23081DFE802F003070C050A00434AD3
:10200000D1E7434ACFE74FF48032CCE7414ACAE7F1
:102010000F22C8E7404A9FED417AD2ED037A40494A
:10202000404AB4EEE77AF1EE10FAB8BF0A46BAE7D2
:102030003D4AD2F80620B6E740F21542B3E72268DF
:102040000B46B0E7A268AEE76268ACE7A269AAE710
:102050006269A8E72269A6E7E268A4E7334AD2F8F2
:102060000023A0E7324AD2F8FC229CE72F4AD2F89C
:10207000FC2298E7E26996E72C4AD2F8082392E717
:102080002A4AD2F804238EE72A4A12688BE7009383
:1020900000F050FE009B024685E72749D1F83C2C12
:1020A000D1F82C1C92B242EA01427CE72249D1F8D5
:1020B000342CD1F8381C92B242EA014273E71C4A30
:1020C000D2F8B4206FE71D4AD2F818246BE71749FD
:1020D00091F8DE22002A00F0B980D1F8E62262E70A
:1020E000174AD188128942EA01425CE710490A89FD
:1020F000C96842EA014256E70C4AD2F8802052E70A
:10210000AC3C0020A83C0020006400404154484EF4
:1021100001D1E0A701E80300903B0020000020422D
:10212000A0008002A000C0024C31002058310020E5
:1021300078340020CC3C00200020014000600040AA
:10214000983C0020444A926F2DE7434AD2F8E0229F
:1021500029E74FF480514148009304F09BF84FF475
:10216000006106463D4804F09BF83D493D4A031E88
:10217000D1F8440CC0F3C03ED2F81804D2F818C409
:102180004FEA401000F02005D2F81804D1F8202CB6
:102190004FEA022202F4807218BF01232A4342EA66
:1021A00043022D4B93F8DD32003B18BF012342EA76
:1021B000C3022D4B93F8F532003B18BF012342EACE
:1021C0000312CCF3400C42EA8E02C0F3800042EAD4
:1021D0008C1242EAC012D1F8200CD1F8201C009BCE
:1021E000C0F3001042EA4022C1F3002142EA8122FA
:1021F000002E08BF42F0010242F00042D3E60093F5
:10220000FEF79EFF009B0246CDE6009303F0BAF86E
:10221000009B0246C7E614491346D1F8F822C2E6ED
:10222000124A5188928842EA0142BCE60F4A51891B
:10223000128842EA0142B6E60C4AD268B3E60A4A7C
:10224000128AB0E6E3690133E3614CE60323AAE6B0
:102250000423A4E60B46A2E6583100200008014002
:10226000002001400060004078340020983C0020AD
:1022700000B5114889B004F0B5F99FED0D7B4FF41E
:1022800000724FF4827100234FF40060CDE9001317
:10229000CDE9020218236946074806938DED047BB9
:1022A00004F0CEF9044804F0E5F909B000BD00BF20
:1022B00000000000010000000038004000000000A5
:1022C00000B5114889B004F08DF99FED0D7B4FF4F6
:1022D00000724FF4827100234FF40060CDE90013C7
:1022E000CDE9020210236946074806938DED047B71
:1022F00004F0A6F9044804F0BDF909B000BD00BF20
:102300000000000001000000003C004070B548489B
:102310008CB004F0C1F908A8002404F033FA0125B8
:102320004FF400134FF4FA6208A9414808930A9247
:1023300009948DF82C5004F02DFA3D4804F084FCEB
:1023400021463B4804F06AFC2946394804F06EFCFB
:10235000374804F077FA01A804F0A8FA022601AA87
:10236000214633480394CDE9014604F0A5FA2146FD
:102370002F48602204F0A2FB21462D48042204F0DD
:10238000FBFB21462A48082204F0CEFB22462146C8
:10239000274804F0BBFB01AA2946254804F08CFA23
:1023A00029462348602204F089FB2946204804225C
:1023B00004F0E2FB29461E48082204F0B5FB224641
:1023C00029461B4804F0A2FB01AA3146184804F034
:1023D00073FA31461648602204F070FB3146144807
:1023E000042204F0C9FB31461148082204F09CFB8A
:1023F000224631460E4804F089FB04A804F030FA66
:102400004FF0005304A90A480694CDE90443ADF8FF
:102410001C4004F02BFA2146054804F03DFA2946F9
:10242000034804F015FA024804F006FA0CB070BD37
:10243000002C014008B50D4804F00CFC0B484FF48B
:10244000E13104F053FC0948042104F08FFC082119
:10245000064804F085FC054804F07CFCBDE8084013
:10246000024840F2053104F097BC00BF0044004030
:1024700038B50546E9B20C4804F07EFC41F201048F
:1024800001E0013C07D00848072104F07DFC00284A
:10249000F7D0284638BD054A13684FF0FF350133A1
:1024A0001360284638BD00BF00440040CC3C0020EB
:1024B000F0B52DED028B604D1446002687B02E60DE
:1024C0000A46217C0746002975D0E168DFED5B6A8A
:1024D0005B1A07EE903AF8EEE77AB7EE007A67EE0D
:1024E000A67AF4EEC77AF1EE10FAC4ED057A6ED44E
:1024F000F0EE006AF4EEE67AF1EE10FA00F1838075
:10250000104601F0FDF894ED067A97ED038ADFEDB1
:102510004C6A8DED027A78EE477AF0EEE77AC6EEF5
:10252000A77A17EE900AFDF7BFFF41EC100B08F0F9
:10253000E1FF51EC100BFEF7E7FA9DED027A2070F7
:10254000B4EEC87AF1EE10FA2FD401233D4884F896
:10255000203006F02BF921783B4806F0BFF8A0693F
:10256000FDF7A2FF02460B4618EE100ACDE9022342
:10257000FDF79AFFDDE90223CDE90001334806F0BB
:10258000ADF894F820302B602378314907EE903A6B
:10259000F8EE677A00220123C1ED0A7A227484F8EA
:1025A000213007B0BDEC028BF0BD84F820602948D3
:1025B00006F0FCF8CFE728480593029206F0F6F8FB
:1025C0000121059B2174029AE3600021616104F5F9
:1025D000005101F6884501F5496100231C48A360BC
:1025E0002B600B60806CC2F8A40004F53051C2F877
:1025F000A8302C31104601F0F5F8FB68A36107B054
:10260000BDEC028BF0BD77EEC77A9FED0D7A04F535
:10261000325367EE877A04F5305108332C31104677
:10262000C4ED027AC3ED007A07B0BDEC028BBDE8C1
:10263000F04001F0D7B800BF90370020D1CB0B3865
:10264000DB0FC9404CBB000864BB000878BB000826
:10265000903B002034BB000810BB00082DE9F0417E
:10266000C24E96ED0A7A2DED028BF3EE057AB4EEAA
:10267000E77AF1EE10FA84B000F312811D46137C64
:1026800014460F468046002B00F0D880D3689FED9B
:10269000B87AEB1A07EE903AF8EEE77AB7EE006AEE
:1026A00067EE877AF4EEC67AF1EE10FAC2ED057A9B
:1026B00000F1D2809FEDAF8A96ED0A7A67EE085A54
:1026C000C5EE886A76EE866AF4EEE67AF1EE10FAE6
:1026D00078D4DFEDA96A27EE267AC7EE086A36EECF
:1026E000867AF4EEC77AF1EE10FA00F1E28008463D
:1026F00001F006F8D6ED0A7ABDEEE77A17EE103A49
:10270000002B40F3928104EB432303F1280204F1F0
:102710002801002351F8040F91420344FAD107EE37
:10272000103AB8EEC77A9FED956AE56A9FED938AF5
:10273000DFED938A27EE866AD5F58035C7EE066A07
:1027400048BF05F2FF156D120027FDEEE66AC4EDE5
:10275000076A07EE107AF8EEC75A67EE886A65EEE8
:10276000A75A6FF03F0265EE885A002165EEA85A1D
:10277000B7EE005A13E036EEC56AB4EEC76AF1EE62
:1027800010FA03D537EE667AFDEEC77A17EE903A67
:1027900004EB83030132DB6A402A194433D007EE8D
:1027A000902AF8EEE77A77EEA57AFDEEE77A17EE53
:1027B000903A002BB8EEE77ADDDA37EE267AFDEEB6
:1027C000C77AE3E7D2ED027A9FED6E7A77EE877AE9
:1027D00002F53253084602F53051C2ED027A2C312F
:1027E000C3ED027A00F0FEFF94ED057AD4ED0A7A8B
:1027F000B4EEE77AF1EE10FA00F3D08004B0BDEC4D
:10280000028BBDE8F0810029B8BF7F317F2D4FEAF0
:10281000E1122946C8BFA5F18001E06901F68A23CB
:1028200004EB8303121A5A605748013705F056FF2C
:10283000802F2BD0D6ED0A7A01358AE753480393CF
:1028400005F0B4FF039BA384002363610123237479
:102850004FF07E53E560A36204F532530022A2607C
:102860009A60B06CC7F8A40004F53051C7F8A820EE
:102870002C31384600F0B6FFD8F80C206369A2610D
:10288000A36204B0BDEC028BBDE8F08100220123FD
:10289000227484F8223004B0BDEC028BBDE8F081D4
:1028A0003B48152104B0BDEC028BBDE8F04105F0BA
:1028B00015BFD2ED027A9FED337A77EEC77A0846DC
:1028C000C2ED027AB36CC1F8A4300023C1F8A8307D
:1028D00002F5325302F53051C3ED027A2C3100F08B
:1028E00081FF94ED057AD4ED0A7AB4EEE77AF1EE41
:1028F00010FA83DDA78C002F80D096ED0A7AD4EDF4
:10290000027ADFED256AD8F87430A06827EE087ADD
:1029100067EEA66AC6EE877AFDEEE77A17EE902A92
:102920009B1ADD1305F480351D4404EB8703CDEDC0
:10293000037AD96A0D4405EBD5756D10DD62FDF79C
:10294000B3FD2B46CDE90001039A1248394605F044
:10295000C5FED4ED0A7A9FED0A7AA38C77EE877ACA
:10296000013BA384C4ED0A7A48E700BF903B0020F6
:10297000D1CB0B38DB0FC940DB0F494100000043CE
:102980000000003C5F975B39FCBB0008C4BB00083B
:1029900094BB0008ECBB00080000804794ED026A7D
:1029A00096ED0A7A5FED046AD8F87430A78C66EE6B
:1029B000266A27EE087A16EE100AC6EE877AFDEE32
:1029C000E77A17EE902A9B1ADD1305F480351D4433
:1029D00004EB8703CDED037ADD62FDF765FD2B4641
:1029E000CDE90001039A1248394605F077FE9FEDC4
:1029F000116A94ED0A7ADFED106AA38C37EE067A3D
:102A0000FFEE007A84ED0A7A96ED0A6A07EE103A34
:102A1000E6EE267AB8EEC77AB4EE677AF1EE10FAEF
:102A20003FF4ECAE0133A384E8E69FED047A7AE646
:102A3000ECBB00080000003C000000430000000068
:102A400070B504464FF6FF7384B037482180638029
:102A50004FF48051164603F015FC00230393039BAB
:102A60003F2B06D800BF039B01330393039B3F2BEF
:102A7000F8D940F6010501E0013D40D02B48022184
:102A800003F004FE0028F7D02188284803F0F8FD61
:102A900040F6010501E0013D40D02448012103F04A
:102AA000F5FD0028F7D0214803F0ECFD40F60105C4
:102AB000608001E0013D34D01C48802103F0E6FD38
:102AC0000128F7D000230293029B3F2B4FF0000513
:102AD0001CD915484FF4805103F0D2FB0023019319
:102AE000019B3F2B06D800BF019B01330193019B43
:102AF0003F2BF8D963883380284604B070BD4FF06F
:102B0000FF3500230293029B3F2BE2D800BF029BBC
:102B100001330293029B3F2BF8D9DAE76FF00105EE
:102B2000EFE76FF00205ECE7000C014000380040D1
:102B30002DE9F041002384B0224C0393CDE9013309
:102B4000804601AD04F10C07012634F8021B2A4629
:102B50004046FFF775FF002814BF002606F0010667
:102B6000BC4205F10205F0D1BDF80630BDF80820E1
:102B700013439BB20BBBBDF80A30C3F30A03A02B6F
:102B80001BD1114B9FED117AD3ED037ABDF80C20C8
:102B9000B4EEE77AF1EE10FAACBF4FF430734FF4B5
:102BA00020739A4209D1BDF80E2040F215439A4293
:102BB00003D1701E04B0BDE8F0814FF0FF3004B0C7
:102BC000BDE8F081DCC30008903B002000002042FB
:102BD00000B585B004AB03E907000B48002103F002
:102BE0005BFE4FF40061094803F04AFB02F0CAFBA8
:102BF000074A0849084B08604FF0010C82F800C0F2
:102C000000221A7005B000BD002C014000080140F0
:102C1000D53C0020D03C0020D43C002030B53E4BB9
:102C200089B001AC84E807001A780AB909B030BD50
:102C30003A4A156802F0A6FB0A220146284602F02D
:102C400009FB0028F2D0344B354800224FF4805164
:102C50001A7003F01FFB002858D094E8070005AB5A
:102C600003C341F2A1011A8005A80DF112020093DD
:102C7000FFF7E6FE2B4A9FED2C7AD2ED037A009BFC
:102C800094E80700B4EEE77AF1EE10FA0DF1140CB7
:102C9000ACE80300A8BF4FF44B511A80B8BF4FF403
:102CA0004A510DF1120205A8FFF7CAFE94E8070089
:102CB000009B0DF1140CACE803001A8042F615419C
:102CC0000DF1120205A8FFF7BBFE2046FFF730FF0B
:102CD0000446D8B912484FF4805103F0DBFAA8B18A
:102CE000124B1348012221461A7003F06DFF012296
:102CF00011460F4803F068FF0D480122022103F03E
:102D000063FF0B48012103F0C7FD8FE72020FEF78A
:102D10000FFA09B030BD00BFD53C0020D03C0020E8
:102D200000080140903B002000002042D43C0020DD
:102D3000002C0140024B1878003818BF0120704762
:102D4000D43C002000B585B004AB03E90700084877
:102D5000002103F0A1FD07484FF4006103F092FA4F
:102D60000549064A00230B70137005B000BD00BF73
:102D7000002C014000080140D53C0020D43C00203C
:102D8000F0B589B001AC84E8070094E8070005AE0F
:102D900003C64FF40041328005A80DF112021F4610
:102DA000FFF74EFE94E8070005AB03C332804FF4F3
:102DB00008410DF1120205A8BDF81250FFF740FEC0
:102DC000BDF8124054EA05031FD12B0743D46F0707
:102DD00046D4AE0749D4ED074CD460054FD4A105C5
:102DE00052D4E20555D4230658D467065BD4A60610
:102DF0005ED4E50661D4200764D4610767D4A207D6
:102E00006AD4E3076DD409B0F0BD3B48394605F0FC
:102E100065FC6A056BD4AB0502D5384805F05EFC4D
:102E2000EF0502D5364805F059FC2E0602D5354887
:102E300005F054FC680602D5334805F04FFCA9069E
:102E400002D5324805F04AFCEA06BED5304805F006
:102E500045FC2B07BBD52F4805F040FC6F07B8D5C4
:102E60002D4805F03BFCAE07B5D52C4805F036FCE7
:102E7000ED07B2D52A4805F031FC6005AFD52948E9
:102E800005F02CFCA105ACD5274805F027FCE20590
:102E9000A9D5264805F022FC2306A6D5244805F02E
:102EA0001DFC6706A3D5234805F018FCA606A0D58F
:102EB000214805F013FCE5069DD5204805F00EFCE1
:102EC00020079AD51E4805F009FC610797D51D48D3
:102ED00005F004FCA20794D51B4805F0FFFBE307AF
:102EE00091D51A4809B0BDE8F04005F0F7BB184885
:102EF00005F0F4FB8FE700BF08BC000828BC000801
:102F000034BC00083CBC000844BC00084CBC0008B1
:102F100058BC000864BC000870BC00087CBC0008F9
:102F200088BC000894BC00089CBC0008A4BC000835
:102F3000ACBC0008B4BC0008BCBC0008C8BC00089D
:102F4000D4BC0008E0BC0008ECBC0008F8BC0008D9
:102F50001CBC0008F0B589B001AC84E80700FEF79E
:102F6000B9F84F4BDFED4F7A93ED037AB4EEE77A81
:102F7000F1EE10FA59D84FF400614B4803F080F994
:102F80000A2002F0E7F994E8070005AE03C605AD94
:102F90000DF11207328041F2A1013A462846FFF7AF
:102FA0004FFD94E807002B4603C3328043F2DC2137
:102FB0003A462846FFF744FD3C4800F0F3FA4FF448
:102FC0004B5394E807002E4603C619463280284624
:102FD0003A46FFF735FD94E807002B4603C33280DD
:102FE00042F615413A462846FFF72AFD2E484FF48F
:102FF000805103F04FF900283ED02046FFF798FD9E
:103000000446002838D12A48214603F045FC2648CA
:103010004FF4006103F036F9264A274B14701C70F8
:10302000FEF758F8204609B0F0BD4FF400611E4885
:1030300003F026F90A2002F08DF994E8070005AEA6
:1030400003C605AD0DF11207328041F2A1013A46E7
:103050002846FFF7F5FC94E807002B4603C33280AF
:1030600043F29C213A462846FFF7EAFC0F4800F05D
:1030700099FA4FF44A53A4E72020FEF759F80C4878
:10308000002103F009FC4FF40061074803F0FAF84F
:103090000849094A00230B704FF0FF341370C1E751
:1030A000903B0020000020420008014078340020BE
:1030B000002C0140D53C0020D43C002008B50C2158
:1030C000002003F035F94FF480500222002102F075
:1030D000ADFEBDE808404FF4805002F0FFBE00BFD7
:1030E000044A072928BF07210023C0E901210370F2
:1030F000704700BF00C0030810B5044602F0F4FE9C
:1031000040F2073003F058F8606802F021FF012315
:10311000237010BD84B00DF1100C0CE9070002986B
:10312000049900EB830004B002F0B2BF84B00DF14B
:10313000100C0CE907000298049900EB830004B01E
:1031400002F0A6BF84B00DF1100C0CE90700029844
:1031500010EE101A00EB830004B002F099BF00BF1C
:1031600000B583B0019002F0DFFE019800230370E8
:1031700003B000BD84B00DF1100C0CE9070051F84C
:10318000230004B0704700BF84B00DF1100C0CE9AF
:10319000070051F8230004B0704700BF84B00DF160
:1031A000100C0CE9070001EB830292ED000A04B059
:1031B000704700BF08B590ED167AD0ED186A1C4B29
:1031C000F7EE007A2DED048B37EEC77A9FED199A52
:1031D000D0ED178A1968184827EE097A77EEE88A41
:1031E00037EEE68AFCEEC77A17EE902AC9B903F0EB
:1031F0008DFC1148012168EE898AFCEEE87A17EE11
:10320000902A03F083FC68EE097ABDEC048BFCEE97
:10321000E77ABDE80840084817EE902A022103F03B
:1032200075BC012103F072FC03480021E3E700BFF5
:10323000903700200000FA44002C014038B5484B7C
:103240001C680546002C7ED12146464802F046FB0C
:103250000346AB604448214602F040FB0346414828
:10326000EB60022102F02CFB4048022102F028FB17
:1032700040F6010401E0013C50D03A48042102F03C
:1032800041FB0028F7D040F6010401E0013C45D0A5
:103290003648042102F036FB0028F7D031480421DB
:1032A00002F036FB3148042102F032FB00212F48A6
:1032B00002F014FBAA68D5F89810EB68D5ED1C6AEB
:1032C000DFED2B5A2861521A07EE102AD5F89C2000
:1032D00007EE900A9B1AB8EEE76A07EE903AB8EE4E
:1032E000C77AF8EEE77A27EE267A67EEA67AD5F85F
:1032F000F83285ED067AF1EE476A26EE256A76EE1B
:10330000E76A0122013385F8F52285ED086AC5EDEB
:10331000077AC5ED056AC5F8F83238BD11480421B1
:1033200002F0F6FA1148042102F0F2FAD5F8FC3264
:103330000022013385F8F522C5F8FC328020BDE873
:103340003840FDF7F5BE0021074802F0C7FA0346F2
:10335000AB600448002102F0C1FA03467FE700BFDA
:10336000903700200024014000280140003C01402B
:103370001833533C00B52DED028B87B0CDE9021018
:10338000CDED050A8DED041A0192F0EE408A01F0B0
:10339000D5F9B0EE408AB0EE680A01F0A9F9F6EE70
:1033A000007A67EEC06ADFED175A9FED176A9DED50
:1033B000041ADDED050A03980299019A67EEC87AAE
:1033C000B0EE667AA8EE257AE8EE656AF0EE675A06
:1033D000E0EE065AE0EE467A21EE477A21EE400A08
:1033E00021EE661AA8EE200AA5EEA07AA7EEA01A92
:1033F00080ED000A81ED007A82ED001A07B0BDEC85
:10340000028B00BDD7B35DBFD7B35D3F00B52DEDD7
:10341000028B87B0CDE90110CDED050A8DED041AC0
:10342000CDED031AF0EE408A01F088F9B0EE408A43
:10343000B0EE680A01F05CF9B6EE007A67EE486A11
:1034400027EE407ADFED185A9FED186A9DED041AB9
:10345000DDED050ADDED031A02980199F0EE667ABA
:10346000B0EE475AA8EE065AE0EE257AA8EE467A64
:1034700067EE817A21EE451AE0EE656AE8EE207A81
:10348000A0EE601AE6EEA17AA7EE611A9FED086A37
:1034900067EE867A21EE061AC0ED007A81ED001AF9
:1034A00007B0BDEC028B00BDD7B35D3FD7B35DBFA6
:1034B000ABAA2A3F00B52DED0A8BB0EE609A85B01D
:1034C000F0EE418AF0EE40AAB0EE611AF0EE680A22
:1034D000B0EE490AB0EE618A0192CDE9021001F026
:1034E000A9F8B0EE481AF0EE680AB0EE40AAB0EEC5
:1034F000490A01F087F83AEE00AAF6EE009AAAEE21
:10350000699ADFED24BA9FED24CA9FED24BA29EE13
:10351000299AF0EE4C0A29EE2B9A89EE2A0A9FEDA1
:10352000209A30EE0B0A01F05DF8F0EE490A01F046
:1035300061F8EAEE698A039880ED000A68EEA98ACC
:10354000F0EE4C0A68EEAB8A88EEAA0A30EE0B0A5F
:1035500001F048F8F0EE490A01F04CF8AAEE698A49
:10356000029981ED000A28EE298AF0EE4C0A28EE35
:103570002B8A88EE2A0A30EE0B0A01F033F8F0EEBF
:10358000490A01F037F8019A82ED000A05B0BDEC56
:103590000A8B00BD3333933F00000000D7A3F03EF9
:1035A000D7A3703FF8B500238365C365036604465F
:1035B000FFF700FE00264FF47A7537462046FFF7E6
:1035C0003DFED4E90223013D17441E44F6D1074BCA
:1035D00083FB0721FA17C2EBA11283FB0631F31715
:1035E000C3EBA113C4E92623F8BD00BFD34D62107D
:1035F0002DE9F843344A354BDFED356ADFED355AB6
:103600002DED028BC267C0F8802093ED027A324A1A
:10361000C0F8842066EEC76AF7EE007AB0EE676AFB
:10362000A6EEA56A2D4ADFED2E6A1268C0F8C82002
:1036300027EE267AC7EE866A80ED1D7A77EEE67A67
:1036400080ED1E7AC0ED227A9FED267AD3ED037AC3
:10365000F4EEC77AF1EE10FA33D8234BDFF89C90E2
:10366000DFED228A9FED228A224F03674FF08048C8
:1036700000F1F4050024002607EE904AF8EEE77A00
:10368000013467EEA87AC7EE887A17EE900AFCF745
:103690000BFF41EC100B07F0D3FC424651EC100B32
:1036A0004B46FCF759FF32463B46FCF79FFDFDF7C2
:1036B0004BFA802C45F8040BDED1BDEC028BBDE843
:1036C000F8830D4BCAE700BFEC51383D903B00201A
:1036D000D1CB0B38DB0FC940BD74933B9037002032
:1036E00017B7D13800002042FFFFA43C000000BC07
:1036F0006F12033D0000F03FFFFF243D3333F33FE3
:1037000010B54FF47A7204460021114803F0FEF917
:103710000F484FF47A72012103F0F8F94FF47A72EE
:103720000B48022103F0F2F900230022C4F8A43070
:10373000C4F8A830E36323646364C4F89030C4F829
:103740008C3063652365C4F8E830C4F8EC2010BD04
:10375000002C014090ED397AD0ED387A90ED3A0A9C
:10376000DFED1E0A77EEC77A90ED217A10B5A7EE4D
:10377000270A82B0044680ED3A0A00F03BFF184B5E
:10378000D3ED060AF1EE600A00F02CFF94ED3C7ACE
:1037900084ED3A0A60EE407A84ED290AE7EE077A72
:1037A000F5EE407AF1EE10FA11D4F1EEE70A94ED5D
:1037B0002A0ACDED010A00F01DFFDDED010AF1EE50
:1037C000600A00F00FFF84ED2A0A02B010BDB0EECF
:1037D000670A07F085FCF0EE400AE8E70000000009
:1037E000903B002030B52DED028B91ED170A4B6E0A
:1037F000904D91ED186AD0ED071A90ED061AD0EDB4
:10380000050AD1ED036A83B0436380ED0B0A95EDA1
:10381000117AC6EE077A044600F140013C30C4ED4F
:103820000C7A95ED117AC6EE877AC4ED0A7AFFF725
:10383000EDFD9FED815A94ED087ADFED805AD4EDCD
:10384000097A94ED106AD4ED0F6A94ED114AD4ED23
:10385000124A27EE057A26EE056AA7EEA57A04F14C
:10386000A80104F1A400DFED767A84ED097A67EE11
:10387000277A66EE856A9FED735AE4EEA56AA4EE98
:10388000256A67EE857ADFED705A84ED116A67EE7E
:10389000A57AC4ED126AC4ED387A95ED030A84ED79
:1038A0003C0A00F0DFFED4ED0F6AD4ED298A94EDD6
:1038B0001D7A94ED230ADFED657A94ED2A8AD4ED22
:1038C000380A78EEE68AA7EE280A94ED107A30EEF0
:1038D000270A38EE478A84ED140A00F08BFED4EDF7
:1038E000380AF1EE600A00F07DFED4ED1F6A94ED17
:1038F0001D7AD4ED237AD4ED380A84ED140A27EE2C
:10390000267AE7EE287AB0EE670AC4ED237A00F053
:1039100071FED4ED380AF1EE600A00F063FED4EDDA
:10392000147AD4ED380A84ED230A67EEE77AE0EEE4
:10393000A07AF5EE407AF1EE10FA6FD4F1EEE78A54
:1039400094ED240AD4ED1E7AD4ED206AB0EE407ACC
:10395000A7EE887A67EEA67ADFED3C6AA7EE880AC2
:1039600077EE267A84ED240AC4ED157A00F042FE43
:10397000D4ED380AF1EE600A00F034FEF0EE406A51
:1039800094ED150A94ED147AC4ED246A60EE007A81
:10399000F0EE680AE7EE077AB1EEE77A84ED397A5D
:1039A00000F028FEF1EE680A00F01CFEF0EE407A0E
:1039B00004F1540194ED380AC4ED157A04F1500075
:1039C00000F050FEDFED227A94ED0D7A94ED0B0AB3
:1039D00094ED151AD4ED140AA7EE270A04F16C022F
:1039E00004F1680104F16400FFF7C4FC04F158001D
:1039F000D4ED1B1A94ED1A1AD4ED190A94ED380A75
:103A000004F1600204F15C01FFF754FD204603B0AD
:103A1000BDEC028BBDE83040FFF7CCBBB0EE670ACF
:103A2000CDED010A07F05CFBDDED010AF0EE408A06
:103A300086E700BF903B0020CDCCCC3D6666663F5C
:103A40003333933FD7A3703F3ACD133F00000000BC
:103A5000BAB1513890ED0A7AD0ED337AD0ED356AAB
:103A600090ED370A144BD0ED3C0A77EEC77A90ED13
:103A7000347AA6EEA70A10B5D0ED0C7AD0ED366AEE
:103A800037EE677AD3ED0E7AA6EE870A044693EDF9
:103A9000117A67EE877A80EE270A00F0ABFDD4ED4D
:103AA0003C0AF1EE600A00F09DFD002384ED2A0A35
:103AB000C4F8A43010BD00BF903B00200023C0F824
:103AC000DC30C0F8D430C0F8D830C0F8CC30C0F802
:103AD000D030C0F8A830704708B50B4801F00CFA98
:103AE00070B1094801F03CFA38B1074801F09CFB7D
:103AF000054801F0DDFA013808BD034801F094FBE8
:103B00004FF0FF3008BD00BF7837002010B54FF4EC
:103B1000805182B00A4802F0BDFB0446FDF710FB5D
:103B2000084A094B094992F8F52293F8DD32898851
:103B30000092221E18BF012201F07AFB02B010BDD4
:103B40000008014078340020583100204C3100201A
:103B500010B503780446052B0CD8DFE803F0090301
:103B60000C0B09090C4B186859681A89FFF7EAF819
:103B70000123E37010BD084B0122C2701868596818
:103B80001A89FFF7DFF80548FFF7BAFDBDE81040D6
:103B90000248FFF793BF00BF4C310020783400206B
:103BA00008B50D4804F002FE0C4804F0FFFD0C4877
:103BB00004F0FCFD0B4804F0F9FD0B4804F0F6FDA1
:103BC0000A4804F0F3FD0A4804F0F0FDBDE808409F
:103BD000084804F0EBBD00BF38BA000804BD000877
:103BE00010BD000824BD000840BD000850BD0008FD
:103BF00068BD000884BD000830B56C486C4C6D4D44
:103C000085B004F06BFD6C486C4B6D4A6D49CDE995
:103C100000046D4C6D4804F061FD6D4804F0C6FD74
:103C2000606CFCF741FC6B4A6B4B0095CDE90201DF
:103C30006A496B4804F052FDA06BFCF735FC694AF9
:103C4000654B0095CDE902016749684804F046FDDF
:103C5000674804F0ABFDA068FCF726FC654B664A9C
:103C60000093CDE90201654B6549664804F036FDD5
:103C7000E068FCF719FC644B644A0093CDE902014B
:103C8000634B64495F4804F029FD206DFCF70CFC90
:103C90002B46CDE90201604A00956049594804F07D
:103CA0001DFDA06DFCF700FC2B46CDE902015C4A2E
:103CB00000955C4953485C4D04F010FDE06DFCF745
:103CC000F3FB5A4B5A4A0093CDE90201504B594934
:103CD0004C4804F003FD206EFCF7E6FB564B574AB8
:103CE0000093CDE902014A4B5549464804F0F6FCE1
:103CF000A069FCF7D9FB534B534A0093CDE902016D
:103D0000434B52493F4804F0E9FC206AFCF7CCFBE6
:103D10004F4B504A0093CDE902012F4B4E49394891
:103D200004F0DCFC606AFCF7BFFB4C4B4C4A009390
:103D3000CDE90201364B4B49324804F0CFFCA06C70
:103D4000494CFCF7B1FBCDE902014849304B484AE8
:103D500000912C48474904F0C1FC474804F026FD77
:103D60006368464A46494748CDE900531A4B04F078
:103D7000B5FCA3680193444A174B44490095414858
:103D800004F0ACFCE068424B424A4349CDE90030C4
:103D9000114B424804F0A2FC414804F09FFC41480A
:103DA00005B0BDE8304004F099BC00BF9CBD0008E0
:103DB000F0BD000844BE000800BE0008B8BD000801
:103DC000BCBD0008C8BD0008903B0020D0BD000865
:103DD00004BE000814BE000810BE000820BE000883
:103DE00024BE000848BE000860BE000864BE00088B
:103DF00084BE0008D4BE000898BE000894BE000827
:103E0000B0BE0008B4BE0008F8BE0008E0BE00085E
:103E1000DCBE0008F4BE000800BF00081CBF00089C
:103E200020BF000840BF00085CC0000864BF000855
:103E300044BF000860BF000890BF00086CBF0008C6
:103E40008CBF0008B0BF000894BF0008ACBF0008DA
:103E5000D8BF0008B8BF0008D4BF0008F8BF0008EA
:103E6000DCBF0008F4BF0008903700201CC0000829
:103E700000C0000818C0000824C0000830C00008B6
:103E800038C000083CC0000860C000086CC00008D2
:103E9000B0C0000870C0000890C0000894C00008BE
:103EA000B8C0000804C1000800B5037883B0042B33
:103EB00028D8DFE803F0291D0827030003B05DF8C8
:103EC00004EBFFF799BE0190FFF720FE002835D1E3
:103ED00001901C48FFF714FC1B49019A088960F304
:103EE0000F020868496803B05DF804EBFEF770BE86
:103EF0000190FFF70BFE014658B1019A0021012302
:103F00005170D37003B000BD03B05DF804EBFFF750
:103F100047BE0E480E4BC0F8D8104FF40072DC308C
:103F2000A3F821101974019104F061FC064B019A69
:103F30001889596860F30F021868D4E70148FFF741
:103F4000BDFDDAE7783400204C31002058310020E4
:103F5000100200202DE9F041037842789A4204468D
:103F600045D1022B1CD0052B12D0012B3DD1514A3B
:103F700092F82130002B40D092F82230002B4AD109
:103F80004D494E48D1F8B430BDE8F041FEF766BB6C
:103F9000494B4A48D3F8B410BDE8F04100F0EABEFE
:103FA000474B186859681A89FEF738FEFEF7C2FEBB
:103FB000D8B1444AD268002A71DD3F490D46D1F894
:103FC000B8108A426DDBFFF7A1FD00285CD03C4BA6
:103FD000186859681A89FEF7B5FE00236370E3700C
:103FE000D5F8B8300133C5F8B830BDE8F081FFF737
:103FF000AFFDE3784BB92378B3E72F492F48D1F8C9
:10400000B430BDE8F041FEF753BA63782370204620
:10401000FFF74AFFEFE7D369284E2A4F96ED1A7A49
:104020009FED290A7B615A4207EE902AF8EEE77A63
:10403000F7EE000A67EE877A1D4627EE800A06F043
:10404000D3FFDFED227A60EE277A17EE900AFCF7B5
:104050002BFA0B46024629461D4804F03FFB1D493A
:104060004FF4007206F1DC0004F00EFC19494FF425
:10407000007207F1180004F007FCFFF72DFDA0B94E
:1040800000236370E370B0E70B48FFF7E3FC0A48D6
:10409000FFF760FB09490848FFF7A4FBA0E7064DBE
:1040A00091E72846FFF70AFD91E70B4804F07EFBF5
:1040B000E6E700BF100200207834002058310020CD
:1040C0004C3100209037002000008037DB0FC940C2
:1040D00030C100083C2C002044C1000838B5417BA9
:1040E000A1F161030446172B19D8DFE813F028006B
:1040F0004700660085001800A000BF00DA00F90044
:10410000180004011F013E011800180049011800A1
:104110001800180068011800730118009201CF48B8
:1041200004F0DCFA251DFFF7D7FC002840F08C8155
:10413000FFF762FD0023A38163606B6038BD051D3E
:10414000284602F004FF51EC100BFCF7FDFCF3EEE7
:10415000040A00EE100A07F011FBDFEDC10A07F0B8
:10416000E5FAC04B10EE100A83ED120AFCF79CF939
:1041700002460B46BC4804F0B1FAD4E7051D2846B8
:1041800002F0E5FE51EC100BFCF7DEFCDFEDB70AA8
:1041900000EE100A07F0F2FADFEDB50A07F0C6FAF2
:1041A000B04B10EE100A83ED020AFCF77DF90246CF
:1041B0000B46B04804F092FAB5E7051D284602F018
:1041C000C6FE51EC100BFCF7BFFCDFEDAB0A00EEB6
:1041D000100A07F0D3FADFEDA20A07F0A7FAA14B05
:1041E00010EE100A83ED090AFCF75EF902460B4651
:1041F000A24804F073FA96E7051D284602F0A7FED0
:1042000051EC100BFCF7A0FCDFED950A00EE100A54
:1042100007F08CFA934B10EE100A83ED180AFCF7A6
:1042200043F902460B46964804F058FA7BE7051D11
:10423000284602F08CFE51EC100BFCF785FCDFEDFC
:10424000910A00EE100A07F099FADFED850A07F0EF
:104250006DFA844B10EE100A83ED060AFCF724F980
:1042600002460B46884804F039FA5CE7051D2846EB
:1042700002F06DFE51EC100BFCF766FCDFED830ADB
:1042800000EE100A07F052FA764B10EE100A83ED9A
:10429000110AFCF709F902460B467D4804F01EFAA4
:1042A00041E7051D284602F052FE51EC100BFCF7C9
:1042B0004BFCDFED780A00EE100A07F05FFADFED45
:1042C000680A07F033FA674B10EE100A83ED080A0C
:1042D000FCF7EAF802460B466F4804F0FFF922E7C4
:1042E000051D284602F036FE6C4B014659606C48AD
:1042F00004F0F4F917E7051D284602F028FE51ECFA
:10430000100BFCF721FCDFED670A00EE100A07F046
:104310000DFA544B10EE100A83ED0E0AFCF7C4F8A8
:1043200002460B46604804F0D9F9FCE6051D284614
:1043300002F00DFE51EC100BFCF706FCDFED5B0A02
:1043400000EE100A07F01AFADFED450A07F0EEF961
:10435000444B10EE100A83ED030AFCF7A5F8024661
:104360000B46534804F0BAF9DDE6051D284602F075
:10437000F1FD4A4B014699604E4804F0AFF9D2E690
:10438000051D284602F0E3FD51EC100BFCF7DCFBA9
:10439000DFED330A00EE100A07F0C8F9314BF1EEF9
:1043A000407A83ED140AC3ED137A10EE100AFCF77D
:1043B0007BF802460B46404804F090F9B3E6051D31
:1043C000284602F0C7FD354B0146D9603B4804F052
:1043D00085F9A8E6051D284602F0B9FD51EC100B41
:1043E000FCF7B2FBDFED1E0A00EE100A07F09EF9A3
:1043F0001C4BF1EE407A83ED160AC3ED157A10EEF0
:10440000100AFCF751F802460B462D4804F066F9F5
:1044100089E6051D284602F09AFD51EC100BFCF7C9
:1044200093FBDFED0F0A00EE100A07F07FF90D4B4A
:1044300010EE100A83ED170AFCF736F802460B4619
:10444000204804F04BF96EE61F4804F0AFF9FFF77F
:10445000D3FB0023A38163606B6038BDB4C2000846
:1044600000000000903B002030C200080000FA4429
:104470000000C8427CC100080000204218C20008A9
:1044800078C2000800000442D0C100086F12833ACD
:1044900044C200080000164300C200089037002004
:1044A00090C1000817B7D13854C20008000070420C
:1044B000BCC10008A4C100088CC20008E8C1000803
:1044C000A0C2000864C2000844C100081B2908B546
:1044D000034643D002785AB1042A08D10D2943D0AB
:1044E000027B002A3ED01044C17001321A7308BD0D
:1044F00063391729FBD801A252F821F09D45000825
:10450000EF440008BB450008EF440008EF440008F2
:10451000EF440008EF440008EF440008EF440008AF
:10452000EF440008A7450008EF440008EF440008E6
:10453000EF440008EF440008EF440008B1450008CC
:10454000EF440008EF440008EF440008EF4400087F
:10455000EF440008EF440008714500080022427053
:10456000C27008BD4173C0E7BDE80840FFF7B6BDA3
:1045700017489FED180A0023C0F8D43000F09EFAC7
:104580001348154B826F1A61FFF7A6FA124BC8B990
:1045900019691248BDE8084004F0A0B801210022C2
:1045A0004170C27008BD022100224170C27008BD76
:1045B000042100224170C27008BD05210022417013
:1045C000C27008BD064804F0F1F8034BE0E700BFF5
:1045D00058310020D1CB0B38903700200CC3000895
:1045E000DCC20008B4EEE00AF1EE10FAD8BFB0EE7B
:1045F000600A7047F4EEC00AF1EE10FAD8BFB0EED0
:10460000600A7047B4EEE00AF1EE10FA07DDB4EE8E
:10461000C10AF1EE10FAD8BFB0EE410A7047F4EECD
:10462000C10AF1EE10FAD4BFB0EE410AB0EE600A52
:10463000704700BFB4EEE00AF1EE10FA07D5B4EE11
:10464000C01AF1EE10FAD8BFB0EE410A7047B4EECE
:10465000E01AF1EE10FAD4BFB0EE410AB0EE600AF3
:10466000704700BFD1ED007A90ED007A67EEA77A2F
:10467000E7EE077AF1EEE76AF4EEC06AF1EE10FABF
:104680000DDD27EE007AC7EE267AC0ED007AD1ED77
:10469000007A20EE270AC0EE267AC1ED007A704734
:1046A00001238340013B07EE903A30EE600AF8EEBA
:1046B000E77A31EE601A67EE807A87EE817AFDEE56
:1046C000C77A17EE900A704707EE900A012370EE42
:1046D000C00AF8EEE77A8B40013B27EEA07A07EE9E
:1046E000903AF8EEE77AC7EE276A36EE800A70470E
:1046F00000B5DFED0F0A83B0CDED010A06F074FCC2
:10470000B5EEC00AF1EE10FA03D5DDED010A30EE88
:10471000200ADFED087A084B20EE270ABDEEC00A1A
:1047200010EE102A03EB820393ED000A03B000BDE4
:10473000DB0FC94083F9A242E8C3000800B5DFEDF2
:10474000117ADFED110A83B037EEC00ACDED010A10
:1047500006F04AFCB5EEC00AF1EE10FA03D5DDED25
:10476000010A30EE200ADFED097A094B20EE270A14
:10477000BDEEC00A10EE102A03EB820393ED000A8F
:1047800003B000BDDB0FC93FDB0FC94083F9A24274
:10479000E8C3000870B5054684B035480E464FF4AE
:1047A000004101F06FFD00230393039B3F2B06D8CC
:1047B00000BF039B01330393039B3F2BF8D940F6C3
:1047C000010401E0013C3ED02A48022101F05EFFD5
:1047D0000028F7D02748294601F052FF40F601048F
:1047E00001E0013C3ED02348012101F04FFF0028A9
:1047F000F7D0204801F046FF40F60104308001E088
:10480000013C32D01B48802101F040FF0128F7D045
:1048100000230293029B3F2B4FF000041AD9144847
:104820004FF4004101F02CFD00230193019B3F2B2D
:1048300006D800BF019B01330193019B3F2BF8D9A0
:10484000204604B070BD4FF0FF3400230293029B5A
:104850003F2BE4D800BF029B01330293029B3F2B06
:10486000F8D9DCE76FF00104EFE76FF00204ECE742
:1048700000080140003C0040F0B5064683B0084601
:104880001746FDF7A5FA044643F6FF70FDF7A0FAB8
:1048900001A905462046FFF77DFF48BB0DF1060143
:1048A0002846FFF777FF18BBBDF806402046FDF706
:1048B0009FFA431CA6F8E0420BD0023012D0C4F39A
:1048C0000D043C8001A92846FFF764FF80B903B0BE
:1048D000F0BDD6F800330133C6F800336FF00100A5
:1048E00003B0F0BDD6F804330133C6F80433F5E75E
:1048F000D6F8FC3201334FF48070C6F8FC32FCF776
:1049000017FC4FF0FF30E2E710B582B00DF1020264
:1049100043F6FC710446FFF7AFFFF0B901AA43F676
:10492000FD712046FFF7A8FFB8B90DF1060201217D
:104930002046FFF7A1FF80B9BDF80630BDF8021090
:10494000BDF80420A4F8EA32A4F8E612A4F8E8229C
:10495000012384F8DE3202B010BD00234FF0FF3097
:10496000F7E700BF2DE9F04F04464FF000080E4670
:1049700087B043F6FF70FDF72BFA4645A4F8DD82B9
:10498000A4F8EC8240F3848001230746CDF8088028
:1049900003939A46C1460DF116013846FFF7FAFE19
:1049A00090BB012E44D04FF0010B00250DF11601F4
:1049B0003846FFF7EFFE48BBBDF816800190404631
:1049C000FDF716FA431C019AA4F8E082C8F30D0C17
:1049D00005F101053AD0023054D00BF1010B5E45D0
:1049E000A4F8E2C284F8DDA2A4F8EC22DED11F2DE7
:1049F0001ED92046FFF788FFB0FA80F0400984F8FE
:104A0000DE0207B0BDE8F08F4FF0000BD4F8FC12C7
:104A1000B4F8EC2284F8DD920BF1010B0131013284
:104A200001235E45C4F8FC12A4F8EC220293BCD129
:104A3000039D032D1AD0142000F08CFC6B1C0393F3
:104A40000023A4F8DD32A4F8EC32A4E7D4F8002364
:104A50000132C4F800230BF1010B5E454FF0000555
:104A600084F8DD92A2D1039D032DE4D1029A0023A4
:104A700084F8DD329A4214BF4FF480704020FCF776
:104A800057FBB6E7D4F804230132C4F80423E2E765
:104A90000125032D4FF014000CD0013500F05AFC15
:104AA0004FF00003032DA4F8DD32A4F8EC824FF0A0
:104AB0001400F2D100230293D8E700BF70B52DEDAA
:104AC000028B044684B043F6FF70B0EE408AFDF7D7
:104AD0007FF9D4F8F03201330DF10E01C4F8F03251
:104AE000FFF758FE002840F0C380BDF80E30019358
:104AF00005461846FDF77CF9019BA4F8E032421CFC
:104B000000F00881023000F0DD80D4F8F422C3F315
:104B10000D06002A40F0ED80002366F30F03D4ED6C
:104B2000016A012166F31F43B5000A44C4F8E2326A
:104B3000002384F8DD12C4F8F422A4F8EC32C4EDAA
:104B4000026A4C2204F10C01656704F11000CDEDFE
:104B5000016A03F033FE6B125A1C02F07F0204EB71
:104B6000830304EB8202D3F8DC30D2F8DC209FED23
:104B70007B6ADDED016AC5F30801D21A01FB02F27E
:104B800003EB62232B447649A3670A699A1A07EE5E
:104B9000102ABAEEC87AFDEEC77AF8EEE77A37EE59
:104BA000677A27EE067AB5EEC07AF1EE10FA01D5F3
:104BB00037EE067A4A6994ED1A6ADFED6A5A9FED7C
:104BC000675A84ED017A9B1A07EE903AF8EEE77A7D
:104BD00067EE867A67EEA57AFDEEE75AF8EEE55ABB
:104BE00077EEE57A67EE857AF5EEC07AF1EE10FAA7
:104BF00001D577EE857A77EE666ADFED5B5AC4ED14
:104C0000177AF4EEE56AF1EE10FA48DCDFED577A38
:104C1000D4F8801094F8DC22F4EEE76AF1EE10FA92
:104C20004CBF012300230B44C4F88030002A41D03C
:104C300007EE903ADFED496AF8EEE77A67EEA67A7A
:104C400037EE277AD4ED166A84ED037AF3EE037A11
:104C500077EE666A68EE277A86EEA77A26EE076A0E
:104C600084ED187A84ED196A04B0BDEC028B70BD36
:104C7000D4E9BE21B4F8EC3201310132C4E9BE21DD
:104C80000020013384F8DD02A4F8EC324FF4807088
:104C900004B0BDEC028BBDE87040FCF749BAD4F813
:104CA000801094F8DC224FF0FF330B44C4F88030BE
:104CB000002ABDD10123DFED2E7AC4F8802084F8CC
:104CC000DC32BDE7D4F804330133C4F80433B4F85C
:104CD000EC32D4F8F82201339BB201320021022BCE
:104CE000C4F8F822A4F8EC3284F8DD12BCD94020D4
:104CF000CEE7B4F8E4123046FDF788F800F500700E
:104D0000B0F5806F0CD8B4F8E432B3421DD0D4F8BB
:104D1000F42201E7D4F800330133C4F80033D6E7B6
:104D2000B4F8EC32D4F80813D4F8F82284F8DD5241
:104D300001339BB201310132022BC4F80813C4F8CD
:104D4000F822A4F8EC328FD9D1E7D4F80C33D4F898
:104D5000F4220133C4F80C33DEE600BFDB0FC94098
:104D60009037002000008037DB0F4940DB0F49C03F
:104D70000000000070B5224D2B6803F51C53103362
:104D80008B4200D970BD04460E46416F1D4803F0AA
:104D9000A5FCA16F1C4803F0A1FC6068FBF784FB35
:104DA00002460B46194803F099FCE068FBF77CFBD0
:104DB00002460B46164803F091FCE06DFBF774FBCE
:104DC00002460B46134803F089FCD4F880101248C1
:104DD00003F084FC94F8DD12104803F07FFCD4F853
:104DE000FC120F4803F07AFCD4F800130D4803F0CE
:104DF00075FC0D48D4F8041303F070FC2E6070BDF0
:104E0000D83C002034C3000840C3000858C3000841
:104E100070C3000884C3000898C30008A8C3000832
:104E2000B4C30008C0C30008D0C3000830B585B0C3
:104E300001AB83E807000E4D002401AB93E80700A7
:104E40002346FEF797F90134B4F5807F45F8040F47
:104E5000F3D1084D01AB93E807002346FEF79EF916
:104E60000134B4F5A07FA5EC010AF3D105B030BD43
:104E70008C370020903B002070B586B003AB83E8F0
:104E8000070003AA07CA4FF4A073FEF77DF903AA2F
:104E9000064640F2411307CAFEF776F903AA054613
:104EA0004FF4A17307CAFEF76FF90DF10C0C04461D
:104EB00040F243139CE80700FEF766F9054A0192A9
:104EC000054A00920346224629463046FCF722FF57
:104ED00006B070BD903B00209037002000B583B035
:104EE0000190FEF7FDF8019841680022FF23C0E918
:104EF0000312838203B000BD30B517498BB004465E
:104F00001648FCF7D5FC0546E8B1237D012B1ED9D8
:104F100000210B46E268637502EB010E94E807007E
:104F200004AB83E807000DF1040CCDF814E08CE825
:104F3000070093E8070007AB83E8070084E8070051
:104F40002046FEF7D9F82846A5750BB030BD0133D1
:104F500003F00103D902DDE7903B002090370020E9
:104F6000F0B5837D83B005462BB90024002320468D
:104F7000AB7503B0F0BD48494848FCF799FC0028E0
:104F8000F3D045494548464EFCF750FC00240746FF
:104F900056F8043F95E80700009323460134FEF7D6
:104FA000B9F8B4F5807FF3D13B4EB6EC010A234645
:104FB00095E807000134FEF7C5F8B4F5A07FF4D1F9
:104FC0000223009395E8070040F24113FEF7AEF884
:104FD000009495E807004FF4A173FEF7A7F8009737
:104FE00095E8070040F24313FEF7A0F82A69013262
:104FF000009295E807004FF4A273FEF797F8294B4B
:10500000009395E807002346FEF790F823492648C9
:105010004FF4806203F038FC1F4924484FF480723B
:1050200003F032FC95E80700FFF700FF95E8070062
:10503000FFF722FF044660B91B4918484FF480620D
:1050400003F022FC194914484FF4807203F01CFC51
:105050008BE795E807004FF4A273FEF795F82B69EC
:10506000114907464FF480620C485E1C03F00CFCAB
:105070000E4909484FF4807203F006FCB7427FF4F2
:1050800074AF2B696A7D2A7501332B61204600239A
:10509000AB7503B0F0BD00BF903B002090370020FF
:1050A0008C3700204154484EDC3D0020DC3C002081
:1050B0002DE9F04F93B006460DF10C0800274FF094
:1050C000FF0A0CAD09AC0DF1100996E807000DF1CF
:1050D0003C0C8CE80700F36803EBC723109385E8CA
:1050E00007009CE8070084E80700FFF79FFE94E8AC
:1050F0000700FFF7C1FE4FF4A27388F80000834653
:1051000094E80700FEF740F849F827000346002F0F
:1051100041D0BBF1000F02D0BAF1FF0F54D1059B73
:105120009DF80D2004999DF80C00FCF71BFE00284B
:1051300059DB5FFA80F8B8F1FF0F54D0B8F1000FD7
:1051400056D1354935484FF4806203F09DFB344910
:1051500034484FF4807203F097FBF26886F81480AD
:1051600002EBC82796E8070085E807000D9784E85A
:10517000070095E807000FAC84E807000DEB8803F3
:1051800094E807001B693361012386E8070018468D
:1051900013B0BDE8F08FBBF1000F10D01F491E48BF
:1051A00001934FF4806203F06FFB1E491C484FF4DB
:1051B000807203F069FBBAF1FF0F04D1BA4608F11F
:1051C0000108012781E7019B18460DEB8A03196945
:1051D000FCF7C2FD08B15FFA87FA002F9FD108F1F2
:1051E0000108012771E70023184613B0BDE8F08FCE
:1051F000F26802EBC82396E807000DF13C0C8CE83E
:105200000700109385E807009CE8070006AF87E8D1
:105210000700FFF70BFEA0E7DC3D002090370020E1
:10522000DC3C0020903B002000238375FDF798BFF5
:105230009DF800C030B949B932B14BB1844508BFBF
:1052400005207047012070470320704702207047F7
:1052500004207047081A904234BF00200120704794
:105260000120704708B503F0DDFA162303604FF004
:10527000FF3008BD08B503F0D5FA16230360FEE73A
:1052800070B5161E07DD0C468D19AFF3008004F8CB
:10529000010BA542F9D1304670BD00BF70B5161E96
:1052A00007DD0C468D1914F8010BFDF7E1F8A54256
:1052B000F9D1304670BD00BF4FF0FF30704700BFDE
:1052C0004FF400534B600020704700BF012070472F
:1052D000002070470C4A08B5136833B1184469467A
:1052E000884208D81060184608BD084B136018445F
:1052F00069468842F6D903F095FA0C2303604FF013
:10530000FF33184608BD00BFDC41002038430020B1
:105310000D4B0E4A1B68A2FB03239B09013BB3F113
:10532000807F00D3FEE74FF0E02209495361F0206F
:1053300081F823004FF0000C07201023C2F818C09A
:10534000106181F82330704700000020D34D6210B7
:1053500000ED00E0024A10601368002BFCD170479A
:10536000E44100200549064A0B6801330B601368CD
:1053700013B11368013B1360704700BFE041002088
:10538000E4410020014B1868704700BFE041002055
:10539000704700BF08B50220FBF7CAFEFEE700BF5A
:1053A00008B50420FBF7C4FEFEE700BF08B50820DF
:1053B000FBF7BEFEFEE700BF08B51020FBF7B8FE06
:1053C000FEE700BF704700BF704700BF704700BFD7
:1053D000FFF7C8BF70B53D4C3D4884B02246002160
:1053E00000F040FC206840F20173984205D1A368A8
:1053F00023F07F43B3F5002F58D0364D627A217ADF
:105400006B680093B2FA82F2B1FA81F1A37A520981
:105410004909FCF7B7FC08B904B070BD2E4A2F4902
:105420002F4B92ED0E7A91ED111AD2ED117AD3ED48
:10543000180A93ED030A29792A4821EE071AC0EECB
:10544000A70A80EE270A21EE271AFCF7E1F8254982
:105450001F4800F0B3FB244803A9FCF7A5FC054650
:1054600088B19DF80C30FD2B1BD0FE2B06D0FC2BF9
:10547000D2D11E486D21FFF729F8CDE71B487A21CC
:10548000FFF724F8C8E7154E236906F1CC02CDE9F1
:10549000003294E80F00FCF7FDF8C6F8B85004B0ED
:1054A00070BD12481B21FFF711F8B5E703A904F1FD
:1054B0000B00FCF7BFFC18B99DF80C30032B01D989
:1054C00020689AE72046FCF7F9FCA5E7E8010020F0
:1054D0000064004090370020903B0020783400208A
:1054E00058310020FC010020F30100206834002026
:1054F000012110B5174801F0AFF917490B880133A6
:1055000043F697229BB2934212D80B80134C20464D
:10551000FDF794FE9FED120A1248FFF7CFFA1248EA
:10552000FEF718FDD4F8B4300133C4F8B43010BD20
:105530000E4B1A7800200880B2FA82F200F1804007
:10554000520900F588304FF400511A7000F09CFEAB
:10555000DCE700BF002C0140EA4100207834002045
:10556000D1CB0B385831002068340020E8410020AE
:1055700008B54FF4805000F0B1FC0C484FF4805156
:1055800000F088FE00B108BD00F1804000F58430D5
:105590004FF4006100F084FE0028F4D02020FBF7D7
:1055A000C7FD034B01229A8008BD00BF00080140DF
:1055B0004C31002008B50749074801F0F9FB00B954
:1055C00008BD054801F0DCFBBDE80840C1B2034856
:1055D000FEF77CBF0503050000440040683400204E
:1055E00008B5154B98421BD003F5A05398420DD037
:1055F000A3F5C05398421DD140F2093000F02AFFB4
:10560000BDE8084040F2093000F032BF40F20F30F0
:1056100000F020FFBDE8084040F20F3000F028BF46
:1056200040F20A3000F016FFBDE8084040F20A30B0
:1056300000F01EBF08BD00BF002801408368DB07E3
:1056400003D4836843F0010383607047826842F0AB
:10565000080200F1080382601A681107FCD482680E
:1056600042F0040282601A685207FCD4704700BFFF
:10567000836843F480738360704700BF064BD3F8A0
:10568000042422F47022C3F80424D3F8042402432F
:10569000C3F80424704700BF0020014001F4807368
:1056A0008AB11BB1436843F4807343604B0503D553
:1056B000436843F480634360890715D5836843F0EA
:1056C0000203836070471BB1436823F48073436017
:1056D0004A0503D5436823F4806343608B0703D5F1
:1056E000836823F002038360704700BF836819B1A9
:1056F00043F400638360704723F400638360704762
:1057000001290ED0022900D07047836B23F4401387
:105710008363013A836B120502F440121A438263D9
:105720007047C36A23F47003C362013AC36A120567
:1057300002F470021A43C262704700BF052900B527
:105740002ED8D0F834C001EB81014FF01F0E0EFAB5
:1057500001FE2CEA0E0C02FA01F141EA0C01416350
:10576000092A0DD8016902EB42024FF0070C0CFA2E
:1057700002FC21EA0C0103FA02F20A43026100BDB5
:10578000112AFCD80A3AC16802EB42024FF0070C1A
:105790000CFA02FC21EA0C0193400B43C36000BDEC
:1057A0000B2910D80639D0F830C001EB81014FF039
:1057B0001F0E0EFA01FE2CEA0E0C02FA01F141EA6C
:1057C0000C010163CCE70F29CAD80C39D0F82CC0E2
:1057D00001EB81014FF01F0E0EFA01FE2CEA0E0CB8
:1057E00002FA01F141EA0C01C162B9E7D0F838C010
:1057F0000331CCF3015CA1EB0C0101EB81014FF013
:105800001F0C00B50CFA01FED0F838C002FA01F105
:105810002CEA0E0C41EA0C01092A81630DD80169BA
:1058200002EB42024FF0070C0CFA02FC21EA0C01D9
:1058300003FA02F20A43026100BD112AFCD80A3AB7
:10584000C16802EB42024FF0070C0CFA02FC21EA9D
:105850000C0193400B43C36000BD00BF01F0010386
:105860005AB11BB1836843F4801383608A070FD554
:10587000836843F40043836070471BB1836823F45B
:10588000801383608B0703D5836823F40043836010
:10589000704700BF01290AD0022900D070478368F1
:1058A00023F4E04383608368134383607047836815
:1058B00023F460238360836813438360704700BFD1
:1058C000CA0703D5836843F4800383608B0703D53D
:1058D000836843F400138360704700BF03290FD827
:1058E000DFE801F00B080502806C80B27047406C65
:1058F00080B27047006C80B27047C06B80B2704756
:105900000020704703680B4214BF0120002070473D
:10591000036823EA01030360704700BF08B5074B23
:10592000984200D008BD40F2194000F093FDBDE858
:10593000084040F2194000F09BBD00BF00640040E9
:1059400029B103282CD8DFE800F00E182103FEE768
:105950000023C1F80B30C1F80F308B724B60CB7451
:105960000B810B607047002340F2FF304FF4003290
:1059700048810B810A604B60704700234FF48032EE
:105980000B740B604B608B60CA6070470023C1F8DA
:105990000B30C1F80F308B724B600B810B6070477E
:1059A000FEE700BF036823F0020300B5036003684D
:1059B000844643F001034CF8043B4368DB0786460A
:1059C00008D44FF6FF7301E0013B03D0DCF8002060
:1059D000D007F9D5DEF8040010F0010070D04B7844
:1059E0008A781B06120402F4702203F040731343FA
:1059F0000A7843EA8273CA78120502F4E00213437C
:105A00004A89013AC2F309021343CEF81C300B79DC
:105A1000012BDEF800300CBF43F0800323F080033D
:105A2000CEF800304B79012BDEF800300CBF43F08C
:105A3000400323F04003CEF800308B79012BDEF8D1
:105A400000300CBF43F0200323F02003CEF80030D9
:105A5000CB79012BDEF800300CBF43F0100323F0AC
:105A60001003CEF800300B7A012BDEF800300CBFAB
:105A700043F0080323F00803CEF800304B7A012BE3
:105A8000DEF800300CBF43F0040323F00403CEF82B
:105A90000030DEF8003023F00103CEF80030DEF8ED
:105AA0000430DA070DD54FF6FF7000E040B1DCF8A6
:105AB0000030DB0700F1FF30F8D4003818BF0120B8
:105AC00000BD012000BD00BF3B494389D1F800263D
:105AD00042F0010200B5C1F80026D1F81CC6B0F8AA
:105AE0000EE001229A402CEA020CC1F81CC6BEF15D
:105AF000000F45D1D1F80CC603F100632CEA020C6B
:105B0000C1F80CC603F6C843B0F806C04188DB00F4
:105B100041EA0C41B0F804C01960018841EA0C4127
:105B20005960838924492BBBD1F8043623EA020348
:105B3000C1F8043603892049B3B9D1F8143623EAF1
:105B40000203C1F81436037C012B05D11A49D1F8A0
:105B50001C361343C1F81C36174AD2F8003623F01E
:105B60000103C2F8003600BDD1F814361343C1F862
:105B70001436E8E7D1F804361343C1F80436D9E700
:105B8000BEF1010FCDD1D1F80CC603F100634CEA90
:105B9000020CC1F80CC603F6C843B0F800C0418837
:105BA000DB0041EA0C41B0F804C01960C18841EA49
:105BB0000C415960B5E700BF0060004082685201A7
:105BC000034605D48268120143D51033012000E05A
:105BD0000020D3F8802102F0010210B5C3F8802123
:105BE00091F808E04A7A03F5C07CBEF1000F26D098
:105BF0004C6842EAC40242EA0E02D3F880E142EA6B
:105C00000E02C3F88021D3F8842122F00F02C3F8DA
:105C10008421D3F884E18A7A42EA0E02C3F884210F
:105C2000D1F80B20C3F88821D1F80F20C3F88C21BC
:105C3000DCF8003043F00103CCF8003010BD0C68F4
:105C4000D3F880E142EA445242EA0E02C3F88021CE
:105C5000D9E78268D20002D520330220B9E70320B9
:105C6000704700BF00EB0113D3F8B0C10CF0040C77
:105C700082F808C0BCF1000F47D1D3F8B0C14FEA99
:105C80005C5CC2F800C0D3F8B0C10CF0020C82F822
:105C900009C0D3F8B4C14FEA1C2C82F813C0D3F862
:105CA000B4C10CF00F0C82F80AC0D3F8B8C182F866
:105CB0000BC0D3F8B8C14FEA1C2C82F80CC0D3F843
:105CC000B8C14FEA1C4C82F80DC0D3F8B8C14FEAF6
:105CD0001C6C82F80EC0D3F8BCC182F80FC0D3F898
:105CE000BCC14FEA1C2C82F810C0D3F8BCC14FEAEB
:105CF0001C4C82F811C0D3F8BC311B0E937459B9F7
:105D0000C36843F02003C3607047D3F8B0C14FEAC3
:105D1000DC0CC2F804C0B6E7036943F0200303615A
:105D2000704700BF43690B43436170470D4B984276
:105D300015D001EB810300EB83030022D3F808C0E8
:105D40002CF0010CC3F808C09A60DA601A615A613D
:105D5000426889000F238B40134343607047042936
:105D6000E7D9FEE7000402401D4B984234D001EB16
:105D7000810100EB8100136810B4036193684361F3
:105D8000138AC360D468536881682343546921F43B
:105D90007C5123430B438360137E012B83680CBF2C
:105DA00043F0400323F040038360537E012B83685C
:105DB0000CBF43F0800323F080038360937E2BB1FC
:105DC000836843F0100310BC83607047836823F03E
:105DD000100310BC836070470429C8D9FEE700BFD8
:105DE00000040240074B984208D001EB8101890072
:105DF00008300B5843F020030B5070470429F4D9A6
:105E0000FEE700BF00040240074B984208D001EBB8
:105E10008101890008300B5843F001030B50704793
:105E20000429F4D9FEE700BF000402402A4BD3F84E
:105E300000C42CEA000CC3F800C4D3F804C42CEA54
:105E4000000CC3F804C4D3F808C42CEA000CC3F84F
:105E500008C4D3F80CC42CEA000CC3F80CC449B332
:105E6000012905D0012A0BD0022A29D0AAB17047F6
:105E7000D3F80414012A41EA0001C3F80414F3D151
:105E8000154BD3F8082422EA0002C3F80824D3F8FB
:105E90000C240243C3F80C2470470F4BD3F808249A
:105EA0000243C3F80824D3F80C2422EA0002C3F802
:105EB0000C247047D3F800140143C3F80014D1E751
:105EC000054BD3F808240243C3F80824D3F80C2464
:105ED0000243C3F80C24704700000140014BC3F893
:105EE00014047047000001400B4B1A69110603D5DA
:105EF0000A490B4A59605A600A4BB3F8E030B3F5CF
:105F0000007F07D9044B1A6D120603D50349044AD2
:105F100059645A64704700BF00200240230167455E
:105F2000AB89EFCD00F7FF1F074B08491A69B1F89D
:105F3000E01042F08002B1F5007F1A6103D91A6DBA
:105F400042F080021A6570470020024000F7FF1FF0
:105F50004B4BB3F8E030B3F5007F6AD9494B4A4A5E
:105F600098424A4B26D2D168C90756D4D368D9067D
:105F700057D4D3685B075AD41169444B41F00201EE
:105F8000116150611069404940F040001061CA68D9
:105F9000D00738D4CB68DB063DD4C868C0F3800096
:105FA0004000C0B2384A136923F0020313617047FE
:105FB000013B34D0D16CC907FAD4D36CDB0630D4A2
:105FC000D36C590733D4136D43F002031365506546
:105FD000D3699B0748BF50612B4A2C4B116D41F090
:105FE00040011165D16CC9071DD4D36CD80643D4C8
:105FF000D06CC0F380004000C0B2234A136D23F080
:10600000020313657047013B38D0CA68D007FAD441
:10601000CB68DB06C1D50320C4E7013BA3D1042034
:10602000704703207047013BDCD10420E5E70220E4
:106030007047164B144AD168C90719D4D368DB06D8
:10604000EFD4D3685907F2D41169104B41F0020123
:106050001161506110690C4940F040001061CA683C
:10606000D20797D5013B09D0CA68D207FAD491E785
:10607000013BE0D1042070470320BEE7042091E7F4
:1060800000F7FF1FFFFF0708002002400000FF0F7E
:10609000454BB3F8E030B3F5007F8C4660D9434BF5
:1060A000434A9842434B23D2D168C9074CD4D368A2
:1060B000D9064DD4D3685B0750D411693D4B41F0EC
:1060C000010111613A49C0F800C0CA68D00731D453
:1060D000CB68DB0636D4C868C0F380004000C0B28D
:1060E000334A136923F0010313617047013B2DD03C
:1060F000D16CC907FAD4D36CDB0629D4D36C590709
:106100002CD4116D2B4B41F0010111652849C0F8C9
:1061100000C0CA6CD2071DD4CB6CD80640D4C86C62
:10612000C0F380004000C0B2214A136D23F0010388
:1061300013657047013B35D0CA68D007FAD4CB68E5
:10614000DB06C8D50320CBE7013BADD10420704767
:1061500003207047013BDCD10420E5E702207047B3
:10616000144B134AD168C90716D4D368DB06EFD4A1
:10617000D3685907F2D411690E4B41F00101116146
:106180000B49C0F800C0CA68D207A1D5013B09D0AD
:10619000CA68D207FAD49BE7013BE3D104207047D9
:1061A0000320C1E704209BE700F7FF1FFFFF07085C
:1061B000002002400000FF0F830903F1804303F534
:1061C000083300F01F001968012282400A431A6058
:1061D000704700BF2DE9F0430C461D46E30601461B
:1061E00004F00F0602D5042A44D0164300224FF0D3
:1061F00001080F2706E0482C08BF08610B60013238
:10620000082A13D008FA02FC4FEA820E1CEA0500A5
:1062100007FA0EF906FA0EFEF1D00B68282C23EAD5
:1062200009034EEA0303E6D14861E7E700234FF094
:1062300001080F2709E0482C08BF0861C1F804E0F5
:106240000132102A03F1040312D008FA02FC1CEAFE
:10625000050007FA03F906FA03FEF1D0D1F804C0ED
:10626000282C2CEA090C4EEA0C0EE4D14861E5E733
:10627000BDE8F083C36B2B4346F00306C363B5E769
:1062800001617047416170470AB101617047416126
:10629000704700BF83680B4214BF01200020704785
:1062A000C3680B4214BF01200020704700281F4B19
:1062B00000F4401CB4BFDB695B68BCF5401F00B54F
:1062C00082B227D010F4801F19D14FEA505C4FEAF8
:1062D0000C1C02FA0CFC23EA0C0343F0E0634FEAC7
:1062E000505C4FEA0C1C02FA0CF21A43002918BF4A
:1062F00013460E4A0028B4BFD361536000BDC0F3FB
:10630000034E4FF0030C0CFA0EFC23EA0C0343F08F
:10631000E063E4E7DFF814E0DEF804C02CF0E06CA2
:1063200023F0E063CEF804C0D9E700BF00000140CD
:1063300001F003039B000F22032902FA03F200FA83
:1063400003F0134B07D8996821EA02029A609A6811
:1063500002439A607047072907D8D96821EA0202E8
:10636000DA60DA680243DA6070470B2907D81969E6
:1063700021EA02021A611A6902431A6170475969D7
:1063800021EA02025A615A6902435A61704700BF0A
:1063900000000140DFF898C0DCF80C3003F4E06343
:1063A000B3F5E06F36D0DCF80C3003F4E063B3F5FE
:1063B000C06F1BD0DCF80C3003F4E063B3F5A06FC2
:1063C00010D0DCF80C3003F4E063B3F5806F25D017
:1063D000DCF80C3003F4E063B3F5407F22D0134BBC
:1063E000CCF80C3002F00302022302E002F00702B4
:1063F0000323DFF840C0994011430CEB000309016F
:10640000420983F8001300F01F00012383404CF879
:106410002230704702F00F020423EAE702F0010283
:106420000123E6E700221346E3E700BF0005FA0573
:1064300000ED00E000E100E0830903F1804303F593
:10644000043300F01F001968012282400A431A60D9
:10645000704700BF830903F1804303F5043300F064
:106460001F001968012282400A431A60704700BF6A
:10647000830903F1804303F5043300F01F001A6819
:106480000121814022EA01021A607047174A5368CD
:10649000D26A23F0805323F4404322F000510B28AA
:1064A00009D8DFE800F006060606081808180C0CE4
:1064B0000C0C43EA80330D4A5360D1627047DFF819
:1064C00034C042F000510CEA803C084A43EA0C0315
:1064D0005360D1627047064A02EA80321343034A8E
:1064E00043F080535360D162704700BF00100240F8
:1064F00000C0FEFF00C0FCFF10B5DFF8E4C0864618
:106500009CE80F0088B008AC04E90F00DCE9040146
:10651000CDE90001CDE902012D4A536803F00C03D7
:10652000082B24D02B482A4A536851685268C3F379
:1065300003136B441B7C20FA03F3BEF1030F44D812
:10654000DFE80EF00812020AC1F30221694408785C
:1065500023FA00F008B010BDC2F3C2226A44107AD8
:1065600023FA00F008B010BD184608B010BD5368FB
:10657000D90311D4184A164B586859685B680C0146
:10658000C0F3834014D5590018D540F030003F289F
:1065900012D102FB00F0C6E7D36A5A000C4B58BF79
:1065A0000C4A5B6848BF0D4A9B03E4D55208E2E7FA
:1065B0005B0006D540F020000130EAE740F0100013
:1065C000FAE70F28F8D00230E3E70020C2E700BF67
:1065D0000010024000127A0000093D00006CDC024D
:1065E00018BA000808B5154B984212D003F5744349
:1065F000984204D0A3F57843984214D008BD4FF4D4
:106600004370FFF727FFBDE808404FF44370FFF7E2
:106610002FBF40F20F40FFF71DFFBDE8084040F2DA
:106620000F40FFF725BF40F20E40FFF713FFBDE814
:10663000084040F20E40FFF71BBF00BF003C004087
:1066400010B4D1E901420B6823431343CA680C69B3
:10665000D1E905C113432343026843EA0C0302F462
:1066600041520B4313430360C36923F4006310BC1E
:10667000C3617047036843F040030360704700BF85
:10668000C1607047C06880B2704700BF83680B422A
:1066900014BF01200020704708B5374B98424CD0FA
:1066A00015D8A3F50063984251D039D8B0F1804F86
:1066B00022D0A3F5806398425DD140F20140FFF7FC
:1066C000C9FEBDE8084040F20140FFF7D1BE2B4BA8
:1066D000984246D003F50063984217D0A3F5903353
:1066E000984248D140F20540FFF7B4FEBDE80840AB
:1066F00040F20540FFF7BCBE4FF48060FFF7AAFEF2
:10670000BDE808404FF48060FFF7B2BE40F20D30A4
:10671000FFF7A0FEBDE8084040F20D30FFF7A8BE2D
:10672000174B984227D140F20340FFF793FEBDE894
:10673000084040F20340FFF79BBE40F20440FFF7E1
:1067400089FEBDE8084040F20440FFF791BE40F2E8
:106750000240FFF77FFEBDE8084040F20240FFF72D
:1067600087BE40F20B30FFF775FEBDE8084040F2EF
:106770000B30FFF77DBE08BD00100040002C01402B
:10678000000C004000234FF6FF72C0E90033826026
:1067900003737047254B0A888262984215D020F413
:1067A0004063B3F1804F10D0214B98420DD0214B64
:1067B00020F4806210B49A428C68C4622CD1436980
:1067C00043F0010310BC4361704703684A8823F01B
:1067D00070030360D0F800C08B8842EA0C020260AC
:1067E0000268134303608B68C3620268CB8822F49B
:1067F00040720260D0F800C00C4A43EA0C03904299
:10680000036002D00A4B984201D10B7B03634369BA
:1068100043F00103436170470268CB8822F4407261
:106820000260026813430360C9E700BF002C014007
:106830000034014000100040036843F0010303608E
:10684000704700BF036843F080030360704700BFD8
:10685000C3680B43C3607047C9430161704700BF01
:10686000002303604360836083817047B1F802C0F6
:106870000B888A8843EA0C03B1F806C013430A89DF
:1068800043EA0C03B1F80AC013438A8943EA0C03B4
:1068900013439BB243647047436C01290CBF43F41C
:1068A000004323F400434364704700BF00230360A8
:1068B00043608360704700BF032929D8DFE811F0E7
:1068C000AF006C0029000400036A1188B2F804C00C
:1068D00023F480530362C36923F44073C361036AE2
:1068E00043EA01330362036A724923F400530362EB
:1068F000036A884243EA0C33036240F0D68043685F
:10690000128923F480434360436843EA821343605F
:106910007047036A1188B2F804C023F480730362DD
:10692000C36923F00303C361036A43EA01230362DB
:10693000036A604923F400730362036A884243EAEE
:106940000C23036202D05C4B9842E1D1036AB2F897
:1069500002C0D18823F480630362036A43EA0C23F4
:106960000362036A23F400630362036A43EA0123B8
:10697000036243681189528923F48053436043685A
:1069800043EA01134360436823F4005343604368C0
:1069900043EA021343607047036A1188B2F804C0E7
:1069A00023F010030362836923F440738361036A55
:1069B00043EA01130362036A3E4923F020030362A2
:1069C000036A884243EA0C13036202D03A4B9842AE
:1069D0009ED1036AB2F802C0D18823F0400303625B
:1069E000036A43EA0C130362036A23F08003036221
:1069F000036A43EA0113036243681189528923F44D
:106A000080634360436843EA81034360436823F43F
:106A100000634360436843EA820343607047036A4C
:106A2000118823F001030362D0F818C093882CF07A
:106A3000030CC0F818C0D0F820C041EA0C01016274
:106A4000016ADFF870C021F002010162016A60454D
:106A500043EA0103036203D0174B98427FF458AF17
:106A6000036A518823F004030362D0F820C0D3885E
:106A700041EA0C010162016A21F008010162016A28
:106A80000B4303624368118923F480734360D0F899
:106A900004C0538941EA0C014160426822F400724B
:106AA00042604268134343607047034B98427FF44F
:106AB0002FAF24E7002C01400034014003290BD8FC
:106AC000DFE801F01C130B02C36923F4E043C36148
:106AD000C36943EA0223C3617047C36923F07003AB
:106AE000C361C3691343C3617047836923F4E043FF
:106AF0008361836943EA022383617047836923F0DA
:106B0000700383618369134383617047032904D849
:106B1000DFE801F00806040202647047C2637047B0
:106B2000826370474263704703290BD8DFE801F0A6
:106B30001C130B02C36923F40063C361C36943EAF6
:106B40000223C3617047C36923F00803C361C369AB
:106B50001343C3617047836923F4006383618369CE
:106B600043EA022383617047836923F0080383614A
:106B7000836913438361704703290BD8DFE801F071
:106B80001C130B02C36923F48063C361C36943EA26
:106B90000223C3617047C36923F00403C361C3695F
:106BA0001343C3617047836923F4806383618369FE
:106BB00043EA022383617047836923F004038361FE
:106BC000836913438361704703290BD8DFE801F021
:106BD0001D140B02036A23F480530362036A43EA21
:106BE000023303627047036A23F480730362036A0B
:106BF00043EA022303627047036A23F0100303622F
:106C0000036A43EA021303627047036A23F0010335
:106C10000362036A13430362704700BF436823F0B3
:106C20007003436043680B434360704721B9836836
:106C300043F0800383607047012900D07047836868
:106C400023F0800383607047836823F00703836029
:106C5000704700BF08B5234B984238D010D9224B5B
:106C600098422AD003F5684398421BD140F20E3077
:106C7000FFF7F0FBBDE8084040F20E30FFF7F8BB2D
:106C8000A3F5006398420ED003F58063984209D1C2
:106C900040F21240FFF7DEFBBDE8084040F2124030
:106CA000FFF7E6BB08BD40F21140FFF7D3FBBDE89C
:106CB000084040F21140FFF7DBBB40F21440FFF701
:106CC000C9FBBDE8084040F21440FFF7D1BB40F2D9
:106CD0001340FFF7BFFBBDE8084040F21340FFF749
:106CE000C7BB00BF004C00400050004000B5174B30
:106CF000984283B0024617D00ED9154B984213D054
:106D000003F5684398421ED1CDE900010320FFF747
:106D1000F3FBDDE900210EE0A3F50063984203D008
:106D200003F5806398420ED10220CDE90021FFF7E0
:106D3000E3FBDDE9002100EB5103B3FBF1F39BB270
:106D4000936003B000BD0020F5E700BF004C004099
:106D500000500040C36843F40053C360704700BF55
:106D6000C36823F008030B43C3607047C36823F074
:106D700004030B43C3607047C1F3080141607047CF
:106D80004068C0F3080070478B0901F01F011858D4
:106D9000C84000F0010070478A09012352F800C082
:106DA00001F01F018B4043EA0C031350704700BFF2
:106DB000C1F389128B0D52F800C01858C1F3044278
:106DC000012303FA02F201F01F01024203FA01F368
:106DD00014BF0120002013EA0C0F00F0010008BFCF
:106DE000002070474249434BD1F8882042F470029A
:106DF00082B0C1F88820196841F001011960596812
:106E0000002041F0800159600190019B44F61F620F
:106E1000934205D8019B01330193019B9342F9D919
:106E200034494B6823F003034B600B6823F08473F1
:106E30004FF41F0223F480330B608A600A6800203D
:106E400022F480220A604860C8620A6842F00102A7
:106E50004FF4A0630A6001E0013B02D00A6890078A
:106E6000FAD5244B1A68920741D5DA69224942F0D3
:106E70008052DA610A6842F440420A605A685A60F5
:106E80005A685A605A6842F480625A605A6822F01E
:106E9000904222F470125A605A6842F0036242F43F
:106EA00080225A601A6842F080721A601A68900153
:106EB000FCD5114A136843F4803313605368D90337
:106EC000FCD513680C4943F4003313604B689A03F4
:106ED000FCD5084A536823F003035360536843F01A
:106EE0000203536053681B07FCD502B07047FEE7EE
:106EF00000ED00E00010024000700040DFF834D0E8
:106F00000D480E490E4A002302E0D458C450043301
:106F1000C4188C42F9D30B4A0B4C002301E01360D8
:106F20000432A242FBD3FFF75DFF01F081FCF9F7C9
:106F3000DFFE70470000012000000020CC0100208F
:106F400070D00008CC01002038430020FEE700216B
:106F500001F016BB0A22002101F098BB2DE9FF4782
:106F600057EC106B002F0C469146DDF830A0194607
:106F70004FF0000203DA07F100431F462D220D9D5A
:106F80000A7025F02005462D04D0452D00D101348E
:106F9000022100E0032103AB019302AB009347EC15
:106FA000106B5346224601F00FFD472D80461AD143
:106FB00019F0010F0ED000EB040900220023304627
:106FC0003946F9F731FD08B1CDF80C903022039B1A
:106FD0004B451ED3039B0E9AA3EB08034046136058
:106FE00004B0BDE8F087462D00EB0409E5D1037835
:106FF000302B0AD10022002330463946F9F714FD20
:1070000018B9C4F10104CAF80040DAF80030994414
:10701000D3E7591C03911A70D9E7F7B50029BABF15
:1070200049422D232B230929027043702ADD0DF1DB
:107030000704871CA6460A26A446B1FBF6F506FB04
:1070400015123032632904F1FF340CF8012C294663
:10705000F2DC3031ACF1020204F8011C411C144690
:1070600072450AD30DF10903A3EB0C03A64538BF03
:1070700000233B44181A03B0F0BD12F8013B01F89D
:10708000013FEDE7302330318370C170031DF1E71C
:107090002DE9F04F8FB00C46DDF8608016461F4694
:1070A000054601F0EDFB036807931846F9F790F8E1
:1070B00000230C93D8F8003094F818A0D4F800B04E
:1070C0000890073323F00703B3EC027B8DED047BBC
:1070D000C8F80030DDE9048323F0004984ED127B19
:1070E0009A4B4FF0FF3240464946F9F7CFFC70BB50
:1070F000964B4FF0FF3240464946F9F7A9FC30BBAA
:10710000DDE9040100220023F9F798FC10B12D23DA
:1071100084F843308E4A8F4BBAF1470F8CBF9046AC
:107120009846032323612BF0040323604FF00009EA
:10713000009733460DAA2146284600F0CDF90130CC
:1071400040F08C804FF0FF300FB0BDE8F08FDDE9EC
:10715000042310461946F9F799FC40B1059B7E4A75
:10716000002BBCBF2D2384F843307C4BD4E76368ED
:107170005A1C0AF0DF093BD1062363604BF480629E
:107180000023226003930CABCDE901A30BAB00936A
:1071900061689DED040B0DF12B032846FFF7DEFE21
:1071A000B9F1470F0B99804629D1C81C02DB6368EF
:1071B0008B4241DAAAF1020A5FFA8AFA0139524691
:1071C00004F150000B91FFF728FF0C9A1318012AC5
:1071D0008146236102DC2268D20701D50133236195
:1071E0009DF82B30002BA3D02D2384F843309FE74C
:1071F000B9F1470FC2D1002BC0D10123BDE7BAF1CD
:10720000650FDBD9BAF1660F18D1002963680BDD71
:10721000216113B92268D00702D501330B442361E1
:10722000A1654FF00009DBE713B92268D20701D549
:107230000233F4E70123F2E74FF0670A0C9B8B421D
:1072400005DC23682161D807EAD54B1CE7E7002954
:10725000D4BFC1F1020201221344E0E723685A05BA
:1072600007D42369424631462846B847013028D121
:1072700068E7BAF1650F40F2DB80D4E91201002221
:107280000023F9F7D1FB90B3354A01233146284654
:10729000B84701303FF456AFDDE90B38434502DB18
:1072A0002368D8070DD5DDE9072331462846B847BE
:1072B00001303FF447AF4FF0000908F1FF38C845EF
:1072C00009DC23689B0700F10481E0680D9B98426C
:1072D000B8BF184638E7012304F11A0231462846A0
:1072E000B84701303FF42EAF09F10109E7E70B9BE6
:1072F000834237DC1A4A012331462846B847013019
:107300003FF420AFDDE90B3959EA030302D12368CA
:10731000D907D6D5DDE9072331462846B8470130DD
:107320003FF410AF4FF0000A0B9B5B42534501DC6A
:107330004B4697E7012304F11A0231462846B84725
:1073400001303FF4FFAE0AF1010AEDE7FFFFEF7FE6
:10735000ECCB0008E8CB0008F4CB0008F0CB000829
:10736000F8CB0008A36DDDF830B05B45A8BF5B46E5
:10737000002B049337DC4FF0000904F11A02049B40
:10738000D4F858A0002BACBFAAEB030353464B45DF
:1073900031DC0B9B9B453ADC2368DA0737D40B9B27
:1073A000ABEB0309ABEB0A039945A8BF9946B9F1CA
:1073B000000F34DC4FF000080B9BB9F1000FABEB72
:1073C0000303A8BFA3EB090343457FF77AAF01236B
:1073D00004F11A0231462846B84701303FF4B2AEF4
:1073E00008F10108E8E7049B424631462846B847C1
:1073F0000130C0D1A6E60123314628460992B8479C
:1074000001303FF49FAE099A09F10109B7E7DDE9C0
:10741000072331462846B8470130C0D192E64B4693
:1074200008EB0A0231462846B8470130C2D189E646
:10743000DDF830A0BAF1010F01DCDB0735D50123FF
:10744000424631462846B84701303FF47BAEDDE97D
:10745000072331462846B84701303FF473AED4E9DC
:107460001201002200230AF1FF3AF9F7DDFAC8B948
:10747000534608F1010231462846B84701300DD184
:1074800060E6012304F11A0231462846B84701306C
:107490003FF458AE08F10108D045F2DB4B4604F149
:1074A0005002E0E64FF00008F6E701234246E2E72B
:1074B000012304F1190231462846B84701303FF450
:1074C00041AE08F10108E3680D995B1A4345EFDC12
:1074D000FBE64FF00008F6E72DE9F04791469846A5
:1074E0008A680B69089E9342B8BF1346C9F80030FA
:1074F00091F8432007460C4612B10133C9F8003019
:107500002368990642BFD9F800300233C9F8003029
:10751000256815F0060507D104F1190AE368D9F8C2
:1075200000209B1AAB4229DC94F843302268003BD0
:1075300018BF012392062ED404F143024146384677
:10754000B047013021D02368A168226903F0060307
:10755000042B01BFE568D9F80030ED1A25EAE5757E
:1075600018BF00258B1A2B449142C8BF1D464FF00F
:1075700000091A344D451AD1002008E00123524673
:1075800041463846B047013003D14FF0FF30BDE8E7
:10759000F0870135C2E7E1185A1C302081F843001A
:1075A000224494F8451082F843100233C4E70123C3
:1075B000224641463846B0470130E6D009F101097C
:1075C000D8E700002DE9F04398460B7E85B0782B74
:1075D000174606460C9A0C4609D8622B01F1430166
:1075E00008D8002B00F0DC80582B00F0BD8004F19F
:1075F000420539E0A3F163001528F8D801A555F834
:1076000020F000BF5D76000871760008EF75000875
:10761000EF750008EF750008EF7500087176000837
:10762000EF750008EF750008EF750008EF750008AA
:10763000817700089D7600082F770008EF75000815
:10764000EF750008A9770008EF7500089D7600081F
:10765000EF750008EF750008377700081368191DEB
:107660001B68116004F1420584F842300123A8E050
:1076700013682568181D1060280601D51B6803E0F3
:107680006A06FBD5B3F90030002B03DA2D225B42EA
:1076900084F84320DFF878C10A2213E025681068D7
:1076A00015F0800F50F8043B02D16D0648BF9BB225
:1076B0001060227EDFF858C16F2A5DD108220020B9
:1076C00084F843006568A560002D05DB20681D4334
:1076D00020F00400206051D00D46B3FBF2F002FB15
:1076E000103E9A421CF80EE005F801ED0346F4D96D
:1076F000082A0BD12368DA0708D5236962689A4201
:10770000DEBF302305F8013C05F1FF35491B21613F
:10771000CDF800803B4603AA21463046FFF7DCFE49
:10772000013053D14FF0FF3005B0BDE8F08323683E
:1077300043F020032360DFF8DCC0782384F8453071
:107740002068156810F0800F55F8043B03D110F045
:10775000400F18BF9BB21560C50744BF40F0200022
:10776000206023B11022AAE7DFF8A4C0E6E7226870
:1077700022F020022260F5E70A22A0E70D46B7E7D3
:107780001368D4F800C060691D1D15601CF0800FDF
:107790001B6801D0186003E01CF0400FFAD018807D
:1077A000002323610D46B3E71368191D11601D689E
:1077B000626800212846F8F7BBFC08B1401B6060F6
:1077C00063682361002384F84330A1E723692A46D4
:1077D00039463046C0470130A4D023689B0714D4F3
:1077E000E068039B9842B8BF18469DE7012304F167
:1077F000190239463046C047013093D00135E3685D
:1078000003995B1AAB42F1DCEAE70025F7E700BF1A
:10781000FACB00080BCC0008002310B50446C0E9E1
:107820000033C0E90433836081814366C281836190
:10783000194608225C3000F0DAFF0D4B63620D4BF5
:10784000A3620D4BE3620D4B23630D4B24629C42FC
:1078500006D003F16802944202D0D0339C4205D195
:1078600004F15800BDE8104001F006B810BD00BF9B
:107870006FA9000891A90008C9A90008EFA900088C
:10788000EC410020024A0349034800F009BF00BF51
:1078900004000020F9AA00088001002041680C4B78
:1078A000994210B5044601D003F026F9A168094BAE
:1078B000994202D0204603F01FF9E168064B994235
:1078C00004D02046BDE8104003F016B910BD00BF3B
:1078D000EC41002054420020BC42002010B50A4B6D
:1078E0000A4A1A600A4800220421FFF795FF094856
:1078F00001220921FFF790FFBDE81040064802224F
:107900001221FFF789BF00BF2443002085780008BB
:10791000EC41002054420020BC420020014800F00D
:10792000ACBF00BF29430020014800F0A7BF00BF43
:107930002943002010B50446FFF7F0FF236A1BB16E
:10794000BDE81040FFF7F0BF044B2362044B1B68F7
:10795000002BF5D1FFF7C2FFF2E700BF9D780008CA
:107960002443002070B504460D4645EC104B1646E6
:1079700002F0C0FE51EC100B7EB1C5F30A53C3F107
:107980006B03002B09DD1B0503F17F55002405F572
:10799000401522462B46F8F7DFFD41EC100B70BD79
:1079A0002DE9F04F9FB00E461792002204901A92D4
:1079B0004FF000084FF0000919910A782B2A0D4664
:1079C00001F101011CD00AD80D2A05D8082AF3D8E4
:1079D00072B100230B9382E0202AEDD0F9E72D2A23
:1079E00010D10122691C19910B926A78002A37D1B3
:1079F000179B1996002B40F0A88542464B462AE07B
:107A00000022EFE700210B91302A40F09D806A7838
:107A100002F0DF02582A5AD102930B9B01931AAB52
:107A20000093874A04981BAB19A901F009FE10F0D6
:107A30000F04064605D0062C14D1013500231995F4
:107A40000B93179B002B40F082850B9B002BD4D00F
:107A5000424609F1004343EC102B1FB0BDE8F08F04
:107A60000D46D1E71A9A3AB135211CA802F03BFF26
:107A70001A99049802F0F2FA013C042C06D8DFE8C7
:107A800004F014031E211400DDE91C89F10548BF30
:107A900049F0004929F000431B0D1B05002BD0D1F4
:107AA00000F0C0FE22230360CBE7DDE91C831B9AB4
:107AB00023F4801302F2334243EA0259E6E7DFF887
:107AC0008891E3E76FF000494FF0FF38DEE70135BA
:107AD00019952B78302BFAD0002BB2D001234FF020
:107AE000000A07932846CDF838A0D3460A23047825
:107AF000A4F13002092A29D95249012200F07FFE5F
:107B0000002836D00020224606905C460146652AB1
:107B100001D0452A16D124B9079B03433FF468AF2F
:107B20000024199E731C199372782B2A7FD02D2A5A
:107B300000F083804FF0000CA2F13003092B40F2DB
:107B4000898019960023ACE00023C8E7BBF1080F39
:107B5000DCBF0E9A03FB024200F10100D5BF303AB0
:107B600003FB0A420E92A2F1300A0BF1010B1990AD
:107B7000BDE7199B5A1C19925A78BBF1000F3BD0F4
:107B800006905C46A2F13003092B11D90121BEE712
:107B9000199B5A1C19925A780130302AF8D0A2F158
:107BA0003103082B00F2D8840690199D002004466A
:107BB000303A00F1010319D0069905941944069151
:107BC000A4464FF00A0E0CF10107391B8B4215DC5D
:107BD000059920EAE07001440134082904441CDCC2
:107BE0000E990A2303FB01230E930023199A511CBB
:107BF000199152781846C5E75846CEE7BCF1080FF0
:107C000005DC0E990EFB01F10E91BC46DBE70AFB89
:107C10000EFC102FD8BFE246F7E70F29DCBF0A237E
:107C200003FB0A2AE1E700230693012174E74FF0E2
:107C3000000CB31C1993B2787EE74FF0010CF8E703
:107C4000E8CD00081CCC00080000F07F199B5A1CEE
:107C500019925A78302AF9D0A2F13103082B3FF655
:107C600071AFDDF864E0CDF814E0A2F130030A93BF
:107C7000059B013319931A780593A2F13007092F58
:107C80003BD9A3EB0E03082B44F61F633DDC0A9F90
:107C90009F42A8BF1F460597BCF1000F02D0059B6D
:107CA0005B420593002C51D1079B03437FF4C9AE7F
:107CB00000297FF49DAE692A2BD028DC492A28D0E0
:107CC0004E2A7FF495AE9F4919A801F0D7FE0028EF
:107CD0003FF48EAE199B1B78282B31D19A491CAAF0
:107CE00019A801F0E0FE05282AD11D9BDDF870805F
:107CF00043F0FF4949F4E009A3E60A9B0A2707FB82
:107D00000327A7F130020A92B2E70593C4E76E2A6F
:107D1000D7E78E4919A801F0B1FE00283FF468AEFC
:107D2000199B8B49013B19A8199301F0A7FE10B9C3
:107D3000199B01331993DFF828924FF0000880E671
:107D4000844800F0B1FD59EC108B7AE6DDE905328C
:107D50000E989B1ABBF1000F08BFA346102C0A9384
:107D60002646A8BF1026F8F77DFB092C80468946D9
:107D700013DC0A9B002B3FF464AE0A9B6FDD162BCD
:107D800056DC754901EBC301D1E9000142464B467F
:107D9000F8F7E2FB8046894653E66F4B03EBC603D8
:107DA00053E91223F8F7D8FB804650468946F8F786
:107DB00059FB02460B4640464946F8F717FA0F2C86
:107DC00080468946D5DD0A9BA4EB060A9A44BAF19F
:107DD000000F40F392802AF00F061AF00F0A4DD1DF
:107DE000B6F59A7F5ADC4946DFF870913611404665
:107DF0000027012E76D1A1F15479584901EBC70132
:107E000002464B46D1E90001F8F7A6FB544B0A465F
:107E10000B4054498B42804640D8A1F580118B42DB
:107E200086BFDFF844914FF0FF3802F1547932E019
:107E30000A9AC4F125039342C5DB474DC4F10F04F0
:107E400005EBC40142464B46D1E90001F8F784FB3B
:107E50000A9B1C1B05EBC405D5E9002398E71633E4
:107E6000B1DBDDE905239A1A3B4B03EBC203D3E9EF
:107E7000002340464946F8F799FC8BE7364901EB69
:107E8000CA0142464B46D1E90001F8F765FB80463E
:107E90008946002EA4D1002307939BE0002405947B
:107EA0000E940694049ADFF8B890222313604FF0E2
:107EB00000080E9B002B3FF4C4AD1A99049802F001
:107EC000CDF80699049802F0C9F8DDE9040102F042
:107ED000C5F80E99049802F0C1F80498214602F002
:107EE000BDF8AEE5F20703D5D9E90023F8F734FB76
:107EF0000137761009F108097BE7CCD0CAF1000AF6
:107F00004FEA2A161AF00F0A0DD11F2E2EDD00247B
:107F100005940E940694049A22234FF000084FF023
:107F200000091360C5E70C4B03EBCA034046494602
:107F3000D3E90023F8F73AFC80468946002EAAD000
:107F4000E3E700BFF5CB0008D4CD0008EDCB000877
:107F500029CC0008D3CD000860CF000838CF000836
:107F60000000F07F0000A07CFFFFEF7F16F0100301
:107F700018BF6A23754F079340464946F30703D558
:107F8000D7E90023F8F7E8FA761007F10807F5D1EA
:107F9000079B80468946ABB1C1F30A52C2F16B031D
:107FA000002B0F460EDD1F2B55DD342BDEBF4FF0AF
:107FB000FF33C2F14B029340B046CCBF4FF05C7927
:107FC00003EA01090022002340464946F8F72CFD48
:107FD00000289CD10E9B0093049823465A462946BC
:107FE00002F0A4F80E9000283FF458AFDDE9052315
:107FF0009B1A0A9A002AA8BF00231493002422EA9D
:10800000E273169305940E9B0498596801F0E8FFFB
:10801000069000283FF446AF0E9B1A69023203F126
:108020000C0192000C3000F02FFC49EC108B0498EE
:108030001CAA1BA9CDE90C8902F0CCFB1A900028E0
:108040003FF430AF0498012102F006F90590034691
:1080500040B9059326E74FF0FF3202FA03F303EA33
:108060000008AFE71B9D079A002DABBF149B169B22
:10807000169E149FACBFEF185E1B1C9BAD1A1D44CF
:10808000334A013D9542C3F1360354DA3149521B5C
:108090008D42A3EB02034FF0010140DB01FA02FA2B
:1080A000002507EB030B1E44079B5F451E443B4620
:1080B000A8BF5B46B342A8BF3346002BC2BFABEBA1
:1080C000030BF61AFF1A149B002B18DD1A46DDE984
:1080D000040102F08DF9059003460028B9D001464D
:1080E0001A9A049802F0CEF8034600283FF4DAAE5C
:1080F0001A9904980F9301F0B1FF0F9B1A93BBF1EB
:10810000000F1ADC0A9B002B26DD169A06990498AC
:1081100002F06EF906900346F0B90693C2E6C5F187
:108120007F4505F57F0505F57B45E23501FA05F547
:108130004FF0010AB5E70025FAE71A9904985A4664
:1081400002F0B2F91A900028DCD1ABE600CE0008AC
:1081500002FCFFFFE3FBFFFF002E08DD06990498F9
:10816000324602F0A1F9069003460028D5D0002F30
:1081700008DDDDE904013A4602F096F90590002891
:108180003FF490AE069A1A99049802F01BFA04463E
:1081900000283FF487AEC3680F9300230599C3609E
:1081A00002F0F4F900283CDA0F9B53EA08035FD190
:1081B000C9F313034E46002B5AD129F000431B0D7F
:1081C0001B05B3F1D66F53D9636913B92369012B2A
:1081D0004EDD21460122049802F066F90599044615
:1081E00002F0D4F9002843DDAD4B079A3340002A52
:1081F0005DD0B3F1D66F5AD8B3F15C7F7FF68BAE0A
:10820000A84B404649460022F8F7A6F9A44B0B407C
:1082100080468946002B7FF450AE049A22231360D7
:108220004BE64E4660D10F9AC9F313034AB39E4AF8
:10823000934229D1079B4146F3B1994B09EA0303C5
:10824000B3F1D46F4FF0FF3219D81B0DC3F16B039C
:1082500002FA03F3994217D1944B9E4202D10131A5
:108260003FF420AE8E4B334003F580194FF00008E9
:10827000079B002BC4D120E64FF0FF33EAE71346FB
:10828000E8E753EA0803AFD0D5B13542F0D00F9BF1
:10829000079A40464946B3B1FFF764FBDDE90C019C
:1082A00053EC102BF7F7A2FF80468946E0E7A3F5D1
:1082B00080136FEA13596FEA09594FF0FF38D7E777
:1082C0001AEA080FE2E7FFF74DFBDDE90C0153EC7A
:1082D000102BF7F789FF0022002380468946F8F724
:1082E000A3FB0028C4D016E60599204602F0CAFA7E
:1082F0005BEC10AB00224FF0804350465946F8F734
:10830000A7FB002872D00F9B002B7DD1B8F1000F86
:1083100058D1C9F31303002B5AD1654B00225046A4
:108320005946F8F78BFB00285BD150465946614B04
:108330000022F8F711F982468B460BF10043CDF885
:1083400020A00993DDE90823554DCDE9102306EA65
:1083500005031593584B06EA05029A4240F0B08097
:10836000A6F1547949EC108B02F0C4F9DDE9082339
:1083700051EC100BF8F7F0F842464B46F7F736FF92
:108380004E4A0D409542804645D90D9A474B9A4238
:1083900003D10C9B01333FF485ADDFF810914FF012
:1083A000FF381A99049801F059FE0699049801F0D3
:1083B00055FEDDE9040101F051FE0498214601F06B
:1083C0004DFE20E6B8F1010F02D1002E3FF4A3AD1F
:1083D0009FED2B7BDFF8D8B08DED087B4FF0000AC6
:1083E000B0E7DFF8D0B04FF0000AA6E7314B5046B7
:1083F00059460022F8F7B0F80F9B82468B46002BB7
:108400009BD0CDE908AB9DE79FED1F7B8DED087BF1
:108410005BEC17AB96E701F15479079B002BC0D1B9
:10842000159A29F000431B0DB2EB035FB9D15046FA
:10843000594603F02DFAF8F761F802460B4650460C
:108440005946F7F7D1FE0F9AC9F3130343EA08031D
:10845000134306460F4672D00DA3D3E90023F8F765
:10846000EDFA00287FF429AD0BA3D3E900233046B1
:108470003946F8F701FB002893D01EE5AFF30080E2
:10848000000000000000F0BF000000000000F03F0E
:108490009535A094FFFFDF3F35E5AF350000E03FA5
:1084A0000000F07F00005039FFFF0F00FFFFEF7F5B
:1084B0000000F03F0000E03F0000E07FFFFF9F7CF6
:1084C000079B33B3159BB3F1D46F22D828A3D3E90C
:1084D000002350465946F8F7BBFAA0B1594650461A
:1084E000F8F712FB012838BF0120F7F7BBFF0F9BFD
:1084F00082468B4603BB01F1004312901393DDE9E2
:108500001223CDE91023119B159A03F1D6639B1A10
:1085100011939DED0C0BDDE9106702F0EBF830468E
:1085200053EC102B3946F8F717F8DDE90C23F7F771
:108530005DFE8046894670E7CDE912ABDFE70EA30A
:10854000D3E90023F8F77AFA95E700230B93179AFB
:10855000199B1360FFF779BA652A3FF464AB452A8B
:108560003FF461AB0121FFF79FBB00BFAFF3008079
:108570000000C0FFFFFFDF419535A094FFFFCF3F14
:108580000A4601460248034B0068FFF709BA00BFDC
:108590007C01002010000020242B2DE9F0478846A4
:1085A00001D8012B06D100F03DF91623036000200D
:1085B000BDE8F087344E0D46294615F8014B375D6E
:1085C00017F00807F8D12D2C10D12C7801278D1C1D
:1085D00033F0100115D1302C0DD1297801F0DF01D5
:1085E000582908D16C78023510230AE02B2C04BFDF
:1085F0002C788D1CECE7002BF6D1302C14BF0A230D
:10860000082307F1004E0EF1FF3E0021BEFBF3F9F7
:108610000E4603FB19EAA4F1300CBCF1090F10D887
:108620006446A3421EDDB1F1FF3F07D0B14516D32A
:1086300001D1A24513DB06FB0346012115F8014BCE
:10864000E9E7A4F1410CBCF1190F01D8373CE8E788
:10865000A4F1610CBCF1190F04D8573CE1E74FF0CD
:10866000FF31EBE74B1C05D122230360764632B97C
:1086700030469DE707B17642002AF9D009B105F1ED
:10868000FF38C2F80080F3E729CE000813460A46F7
:10869000014602480068FFF77FBF00BF7C01002051
:1086A0002DE9F8438046894614460026D4E9017531
:1086B000013F05D52468002CF8D13046BDE8F88389
:1086C000AB89012B07D9B5F90E30013303D0294608
:1086D0004046C84706436835EAE700000FB407B5CF
:1086E000064904AB086853F8042B8168019301F034
:1086F00057FB03B05DF804EB04B070477C01002029
:10870000036A70B5846805460E460BB9FFF712F987
:10871000636EDB0705D4A389980502D4A06D00F031
:10872000ACF8A389190702D52369002B35D121465E
:10873000284602F047FA80B34FF0FF35636EDA0740
:1087400005D4A3899B0502D4A06D00F097F82846B4
:1087500070BD002B04DAA269934217DB0A2915D0F9
:1087600023685A1C22601970A36816F8011F013B88
:10877000A3600029EDD18B4211DA22460A21284656
:1087800002F0E2F90130D7D00A25D7E72246284681
:1087900002F0DAF90130E7D1CEE7013EE4E72368E1
:1087A0005A1C22600A221A70EEE70000024B0146B2
:1087B0001868FFF7A5BF00BF7C010020884210B5F4
:1087C00001EB020402D98442234607D8431EA1428A
:1087D00007D011F8012B03F8012FF8E70244824279
:1087E00000D110BD13F8011D02F8011DF7E7024486
:1087F0000346934200D1704703F8011BF9E710B517
:108800006AB101398418027811F8013F9A4204D103
:108810000130A04201D0002AF5D1D01A10BD104677
:10882000FCE70000014B1868704700BF7C01002086
:1088300070B50D4B0D4C00261D1BB6EBA50F09D1D5
:1088400003F05CF80A4C0B4B00261D1BB6EBA50F82
:1088500005D170BD54F8043B98470136EDE754F854
:10886000043B98470136F1E768D0000868D000085B
:1088700068D000086CD0000870477047704700004F
:1088800000487047000100200A44914200F1FF3384
:1088900000D1704710B511F8014B03F8014F914218
:1088A000F9D110BD000000009FED010B704700BF23
:1088B000000000000000F87F2DE9F74F03690C6904
:1088C000A34280467EDB013C01F11407A30000F1C6
:1088D0001405009305EB8403019357F8243055F8F1
:1088E000242001339A4207EB8409B2FBF3F62ED31E
:1088F0004FF0000ABC46AE46D3465CF8043B98B243
:1089000006FB00A0020C1B0C06FB0323DEF8002074
:1089100080B292B2121A5A44DEF800004FEA134AAB
:108920009BB2C3EB224303EB104392B242EA0342F1
:10893000E1454EF8042B4FEA234BDED2009BEB5867
:108940002BB9019B1A1F954230D3C8F810404046FE
:1089500001F01CFE002825DB01362946002057F8CF
:10896000042BD1F800C01FFA82FE1FFA8CF3A3EB90
:108970000E030344120CC2EB234202EB1C429BB2D7
:1089800043EA0243B94541F8043B4FEA2240E6D2AC
:1089900055F8242005EB840322B9043B9D420BD3F8
:1089A000C8F81040304603B0BDE8F08F1368002BC4
:1089B000CBD1043A013CC6E71A68002AF0D1043B47
:1089C000013CEBE70020EEE72DE9F04F99B08DED8B
:1089D0000E0B0C92C269229C0A9157EC106B8146D7
:1089E000139382B9102001F0FBF80246C9F81C006D
:1089F00020B9A94BEF21A94802F01AFA0023C0E9D7
:108A000001330360C360116859B152684A600123A1
:108A100093408B60484601F021FBD9F81C300022BE
:108A20001A60B7F10008B5BF01230023236023605B
:108A30009B4BBCBF28F00048CDF83C8033EA0803CC
:108A40001AD1139AC8F3130842F20F7358EA0608B2
:108A5000136000F06185239B53B9924B21E0924B48
:108A600000930833239A1360009819B0BDE8F08F83
:108A70008C4B00930333F5E79DED0E7B002251EC08
:108A8000170B00238DED067BF7F7CEFF824650B122
:108A9000139A01231360239B13B1239A834B136012
:108AA000834B0093E0E79DED060B16AA17A94846F5
:108AB00001F090FE5FEA1854169D019079D0079B53
:108AC000CDF850A0C3F31303DDE9060143F07F5353
:108AD00043F44013A4F2FF3419460022754BF7F714
:108AE00083FB67A3D3E90023F7F736FD66A3D3E939
:108AF0000023F7F77BFB064620460F46F7F7C2FC3C
:108B000063A3D3E90023F7F727FD02460B4630465F
:108B10003946F7F76BFB06460F46F7F7CDFF002205
:108B20008046002330463946F7F788FF48B1404673
:108B3000F7F7A8FC32463B46F7F776FF08B908F18D
:108B4000FF38B8F1160F51D85B4B03EBC803D3E9DC
:108B50000023DDE90601F7F771FF002848D008F18E
:108B6000FF38002312932D1B6B1E089343BF002375
:108B7000C5F1010708930027B8F1000F3ADB089B05
:108B8000CDF8348043440893002309930A9B092BB2
:108B900062D8052BC4BF043B0A930A9BA3F10203CE
:108BA000CCBF00240124032B62D8DFE803F051532B
:108BB000362B179C2C4404F23243202BC1BFC3F147
:108BC000400308FA03F804F2124326FA03F3D6BF6F
:108BD000C3F1200348EA030006FA03F0F7F742FC6A
:108BE0000122A1F1F873013C149275E70123B9E762
:108BF0001290B8E7C8F1000309930023A7EB080718
:108C00000D93C3E701230B930C9B4344059301335E
:108C1000012B0493B8BF012306E001230B930C9BA7
:108C2000002B28DDCDE90433D9F81C0000210422F3
:108C300002F114059D4243D94160484601F0D0F944
:108C4000009000283FD11D4B024640F2AF11D2E602
:108C50000023E3E70023D6E701240023CDE90A340B
:108C60004FF0FF330022CDE904330C921223DBE7EF
:108C700001230B93F4E70123CDE904330C93D3E7ED
:108C800061436F63A787D23FB3C8608B288AC63F12
:108C9000FB799F501344D33F33CC00084ACC0008E3
:108CA0000000F07F2FCC000826CC0008F9CB00088C
:108CB000F8CB00080000F83F60CF0008ABCC0008FC
:108CC00001315200B4E7D9F81C30009A1A60049BB5
:108CD0000E2B75D8002C73D0B8F1000F40F3C48070
:108CE0009F4B08F00F0203EBC20318F4807FD3E917
:108CF00000AB4FEA281500F0A3809A4BDDE906018E
:108D0000D3E90823F7F752FDCDE9020105F00F057D
:108D10000324944E002D40F0998052465B46DDE9D5
:108D20000201F7F743FD82468B46129B002B00F0B1
:108D3000C3808D4B002250465946F7F77FFE00282E
:108D400000F0BA80049B002B00F0B680059B002B3E
:108D500036DD08F1FF33029350465946834B00221B
:108D6000F7F7FAFB059E82468B4601342046F7F75B
:108D700089FB52465B46F7F7EFFB7D4B0022F7F786
:108D800035FA0446A1F15075CDE91045002E40F0AA
:108D90009780784B002250465946F7F725FA22462D
:108DA0002B4682468B46F7F767FE002840F0BD82CF
:108DB000224605F1004350465946F7F73FFE20BBD7
:108DC000179B002BC0F28D81B8F10E0F00F3898143
:108DD000634B03EBC803D3E900AB0C9B002B80F281
:108DE0001B81049B002B00F317810ED1614B0022E5
:108DF00050465946F7F7B0FB02460B46DDE906013F
:108E0000F7F726FE002800F0938200252C460C9BE5
:108E1000009EDB430293274600242946484601F082
:108E20001DF9002F00F0EE802CB1BC4203D021468A
:108E3000484601F013F93946484601F00FF9E1E0E0
:108E40009DED067B02248DED027B62E7E90708D5E4
:108E500050465946D6E90023F7F77EFB0134824697
:108E60008B466D10083655E722D0C8F100053C4B03
:108E70003C4E05F00F0203EBC203D3E90023DDE90A
:108E80000601F7F769FB2D1182468B460224002D5F
:108E90003FF44BAFEA0708D550465946D6E90023C0
:108EA000F7F75AFB013482468B466D100836EEE721
:108EB000DDE906AB022438E7049ECDF8088055E7CB
:108EC000274B03EBC60353E902010B9B002B55D044
:108ED00002460B4600202849F7F768FCDDE910231D
:108EE000F7F782F9009BCDE910019D191E465946FE
:108EF0005046F7F7E1FD00F13004F7F7C3FA0246F8
:108F00000B4650465946F7F76FF9DDE9102306F88E
:108F1000014B82468B46F7F791FD002872D15246ED
:108F20005B4611490020F7F75FF9DDE91023F7F7F9
:108F300085FD002840F0B680AE423FF441AFDDE948
:108F400010010A4B0022F7F707FB084BCDE910018F
:108F5000002250465946F7F7FFFA82468B46C6E78D
:108F600060CF000838CF00080000F03F0000244028
:108F700000001C40000014400000E03FDDE9102329
:108F8000F7F7EAFA009B009CCDE9100133441593F2
:108F900059465046F7F790FD00F13005F7F772FAA1
:108FA0000B46024659465046F7F71EF904F8015B96
:108FB000159B9C4282468B4627D1009B0022DDE90F
:108FC00010011E44AA4BF7F711F902460B46504612
:108FD0005946F7F751FD002864D1DDE91023A44973
:108FE0000020F7F701F902460B4650465946F7F7BD
:108FF00025FD00283FF4E4AE334616F8012D302A53
:10900000FAD01E46DDF808803AE09A4B0022F7F7C6
:10901000A3FA82468B46BBE7009E52465B46DDE9DB
:109020000601F7F7C3FBF7F747FD0746F7F72AFAFC
:1090300052465B46F7F790FA02460B46DDE9060119
:10904000F7F7D2F807F1300C009C06F801CBA6EB3D
:10905000040C049C644502460B4633D1F7F7C6F86E
:1090600052465B4604460D46F7F706FDC0B9524628
:109070005B4620462946F7F7D7FC08B1FB070FD41B
:109080000199484600F0EAFF0023139A337008F173
:1090900001031360239B002B3FF4E6AC1E60E3E466
:1090A000CDF8088033461E4613F8012D392A06D123
:1090B000009A9A42F7D1029A01320292302201328A
:1090C0001A709FE76B4B0022F7F746FA02460B46F1
:1090D000CDE9062300220023F7F7A6FC00289CD048
:1090E000CEE70B9A002A00F0DF800A9A012A00F3EB
:1090F000C380149A002A00F0B78003F23343099D1D
:109100003E46089A01211A4448461F44089201F03D
:10911000A3F8044656B1089B002B07DDB342089A1A
:10912000A8BF3346FF1AF61AD31A0893099B0BB34C
:109130000B9B002B00F0BF80002D00F0B980214672
:109140002A46484601F054F9019A01460446484629
:1091500001F098F801998246484600F07FFF099B8C
:109160005B1B099300F0AA80099A5146484601F01A
:109170003FF901900121484601F06EF80D9B05462C
:10918000002B00F0D0811A460146484601F030F924
:109190000A9B012B054600F399800E9B002B40F0A3
:1091A00090800F9BC3F31303002B40F08A800F9B2A
:1091B00023F000431B0D1B05002B00F08580089B4E
:1091C0000133013708934FF0010A0D9B002B00F08B
:1091D000B0812B6905EB8303186900F0F1FFC0F142
:1091E0002000089B184410F01F0076D01B2870DC6C
:1091F000C0F11C000744064403440893002F05DD1A
:1092000001993A46484601F04FF90190089B002B1E
:1092100005DD29461A46484601F046F90546129BE7
:10922000002B5FD00198294601F0B0F9002859DAE7
:1092300008F1FF330293019900230A22484600F007
:109240002FFF0B9B0190002B00F07581002321461E
:109250000A22484600F024FF059B002B044671DCDF
:109260000A9B022B47DC6DE0169BC3F1360346E7F1
:109270000000E03F00002440049B5D1E099BAB42C0
:1092800008DB5D1B049B002BBFF63AAF049BFE1A64
:10929000002336E7099B0D9A0995EB1A1A440D92A3
:1092A000049B3E4600252CE7099D0B9C3E4631E77A
:1092B000DDF804A058E7099A019957E7CDF804A012
:1092C00058E74FF0000A80E79A467EE74FF0000A21
:1092D0007FE71C2892D0C0F120001C30089B074477
:1092E000064489E7049BCDF80880002B24DC059315
:1092F0000A9B022B22DD059B002B7FF488AD2946BB
:10930000059B0522484600F0CBFE01460546019824
:1093100001F03CF900287FF77AAD009E312306F872
:10932000013B029B0133029375E535462C46F4E779
:10933000049DCDF80880F9E7049B05930B9B002B57
:1093400000F0FD80002E05DD21463246484601F042
:10935000ABF80446BAF1000F58D06168484600F0F7
:109360003FFE064628B9814B024640F2EF21FFF747
:1093700042BB22690232920004F10C010C30FFF76B
:1093800083FA01223146484601F08EF80746009BD9
:10939000009A03F10108059B134406930E9B03F00A
:1093A0000103089329460198FFF786FA21460490A5
:1093B00000F1300B019801F0E9F83A460590294692
:1093C000484601F0FFF8C26808F1FF3A0646FAB9CC
:1093D0000146019801F0DAF8024631464846099202
:1093E00000F03CFEDDE9092342EA0301089B194332
:1093F00046460FD1BBF1390F28D0059B002B02DD6B
:10940000049B03F1310B8AF800B006E52746BEE75E
:109410000122E2E7059B002B04DB0A990B43089924
:109420000B4320D1002AEEDD01990122484601F0CC
:109430003BF82946019001F0A9F8002803DCE2D1AD
:109440001BF0010FDFD0BBF1390FD9D139238AF8D6
:10945000003033461E46013B16F8012C392A52D003
:1094600001321A70D9E4002A07DDBBF1390FEDD0C3
:109470000BF101038AF80030CFE4069B08F801BC29
:1094800043452AD0019900230A22484600F008FEED
:10949000BC4201904FF000034FF00A0221464846BB
:1094A00006D100F0FDFD0446074608F1010879E702
:1094B00000F0F6FD3946044600230A22484600F033
:1094C000EFFD0746F1E7059B5E1E002B009BD8BF12
:1094D00000265A1C274616440024019901224846BA
:1094E00000F0E2FF2946019001F050F80028B0DCBE
:1094F00002D11BF0010FACD133461E4613F8012DEB
:10950000302AFAD089E4009A9A42A3D1029B01330F
:1095100002933123137080E4239B002B7FF49FAAD6
:10952000134BFFF7BEBA0A9B012B7FF736AEDDF86F
:1095300034A0012055E6059B002B7FF7D9AE009E95
:1095400001982946FFF7B8F900F1300B009B06F8A7
:1095500001BBF21A059B9342B5DD019900230A2253
:10956000484600F09DFD0190EAE700BFABCC000843
:1095700026CC00080369B3EB611F2DE9F0434FEAE5
:10958000611200F1140443DD11F01F0104EB830CA0
:1095900004EB82050CD100F110062946614532D357
:1095A0009B1A9B00033DAC4538BF0023234414E0C5
:1095B00054F82260C1F12008CE4005F1040EA14606
:1095C000F44515D89A1A9200043A0135AC4538BFD3
:1095D0000022A318A65006B104331A1BA3424FEA77
:1095E000A20208BF0023026108BF4361BDE8F08307
:1095F000DEF8007007FA08F7374349F8047B5EF895
:10960000046BCE40DCE751F8047B46F8047FC5E7E5
:109610002346E2E7A0F13003092B02D82038C0B27C
:109620007047A0F16103052B01D84738F7E7A0F197
:109630004103052B01D82738F1E7002070470000CF
:109640002DE9F04F85B00F4602930B6801909146CB
:109650009C1C20783028A04604F10104F9D0A8EB26
:109660000303A3F1020BFFF7D5FF8246002838D190
:109670009F4901224046FFF7C2F80546002863D102
:1096800098F801002646FFF7C5FF00285ED0207835
:109690003028A04604F10104F9D0FFF7BBFFB0FA6F
:1096A00080F4640935464FF0010BC24656460AF174
:1096B000010A3078FFF7AEFF0028F7D18C4901226C
:1096C0003046FFF79CF878B945B9554656460AF139
:1096D000010A3078FFF79EFF0028F7D1AD1BAD00DF
:1096E00004E000242546E0E7002DF7D1337803F0AD
:1096F000DF03502B37D173782B2B29D02D2B2BD078
:10970000711C4FF0000A0878FFF784FF431EDBB29C
:10971000182B28D8A0F1100211F8010FFFF77AFFDB
:10972000431EDBB2182B1AD9BAF1000F00D05242F7
:1097300015443960CCB1BBF1000F0CBF06270027E0
:10974000384605B0BDE8F08F464655460124CDE7C2
:109750004FF0000AB11CD6E74FF0010AFAE70A23DE
:1097600003FB0200D6E73146E3E7A6EB0803013B23
:109770002146072B0ADC019800F032FC044640B970
:109780005C4B0246E4215C4801F052FB01315B1066
:10979000EFE700F1140A002357469B46B04537D344
:1097A00047F804BBA7EB0A07BB102361584600F03B
:1097B00007FDD9F80060C0EBC707B74254DDBF1BF7
:1097C0003946204601F0B2F8804678B17B1E591127
:1097D00003F01F025AF821104FF0010808FA02F2B4
:1097E0000A4203D0434536DC4FF002083946204692
:1097F000FFF7C0FE3D44D9F80830AB4242DA019889
:10980000214600F02BFC0E9A00231360A32797E754
:1098100016F8012D2E2A12D0202B04D147F804BBB4
:109820004FF0000B5B4630780393FFF7F3FE039B8A
:1098300000F00F0098404BEA000B0433AEE7B04550
:10984000EAD82B49039301223046FEF7D8FF039B49
:109850000028E1D1A2E7B91E204601F067F80028F0
:10986000C2D04FF00308C1E709DAF71B214601987F
:109870003A4600F019FEED1B044600F1140A4FF0C1
:109880000008B8E7D9F80430AB426FDD5D1BAE428B
:1098900034DCD9F80C30022B22D0032B24D0012B3E
:1098A00015D1AE4213D1012E0BD1029AD9F8043052
:1098B000136001232361CAF800300E9B62271C60ED
:1098C0003EE7711E204601F031F80028EDD10198E5
:1098D000214600F0C3FB0E9A0023136050272FE7A8
:1098E0000F9B002BF3D1E0E70F9B002BDDD1EEE7C0
:1098F0001CCC0008ABCC0008BCCC00086F1EB8F133
:10990000000F30D127B13946204601F00FF88046CC
:109910007A1101235AF8222007F01F07BB40134297
:109920002946204618BF48F00208761BFFF722FEA2
:10993000D9F804500227B8F1000F42D0D9F80C3002
:10994000022B15D0032B17D0012B09D118F0020FD1
:1099500006D0DAF8003048EA030818F0010F0ED1FB
:1099600047F010072DE04FF00108D1E70127E2E7AB
:109970000F9BC3F101030F930F9B002BF0D0D4F882
:1099800010A004F1140303EB8A0100201A68B2F15D
:10999000FF3F1BD001321A60022F04F114033CD1A7
:1099A000D9F80020013AB24209D17111012253F8CD
:1099B000213006F01F0602FA06F61E423AD147F0A1
:1099C00020070E9B1C60029B1D60B9E643F8040B48
:1099D0009942DBD8A3689A4517DB61680198013189
:1099E00000F0FEFA804618B91A4B02468421CAE6F6
:1099F0002269023204F10C0192000C30FEF744FFA0
:109A00002146019800F02AFB444623695A1C04EBC6
:109A10008303226101225A61BEE7226952450BDDB0
:109A200001212046FFF7A6FDD9F808300135AB42E9
:109A3000FFF6E5AE0127C2E716F01F06FAD003EBEA
:109A40008A03C6F1200653F8040C00F0B9FBB042BB
:109A5000E6DBEFE7ABCC0008C2F10802920070B57C
:109A6000C2F120064368046803FA06F52C43D3408C
:109A7000046040F8043F8842F4D370BD30B50368F9
:109A80000139013311F8014F14B90360012030BDD1
:109A900013F8012BA2F14105192D98BF2032A242E3
:109AA000F0D00020F3E72DE9F04F0B6887B05E118E
:109AB000029013F01F0302EB86060193029B18BF6E
:109AC00004360025371F196846F8045C9046B946ED
:109AD0003C46AB46AA464A784B1C039332B3104629
:109AE00005910492FFF796FD002851D1049A05993B
:109AF000202A16D8DA4512DD4C4506D2072D04DCA3
:109B00002A4649462046FFF7A7FF444553D900237C
:109B1000A4F1040944F8043CD3464C461D4603997D
:109B2000D9E7292A59D1029B02311960BAF1000FF5
:109B300053D04C4506D2072D04DC2A464946204620
:109B4000FFF78AFF444538D9A8F10402234653F8A9
:109B5000041B42F8041F9F42F9D23B1B23F003036E
:109B60000134033EB44288BF002308F104021344C9
:109B700000211A4604339F421160FAD23B681BB998
:109B8000474528D101233B60052007B0BDE8F08F91
:109B90000135082D0AF1010A06DD4445BFD900232D
:109BA00044F8043C0125043C226800F00F0040EA20
:109BB00002102060B3E70825B1E7019B002BDDD040
:109BC000C3F120034FF0FF32DA4056F8043C134053
:109BD00046F8043CD2E7043FD0E70420D5E7000074
:109BE000024B0146186800F025B800BF7C01002038
:109BF00070B50F4C0E462168054611B901F0D4F836
:109C000020603146284601F0CFF8431C03D14FF0C5
:109C1000FF34204670BDC41C24F00304A042F8D0D9
:109C2000211A284601F0C0F80130F2D1EFE700BF59
:109C30002C4300202DE9F843CD1C25F00305083501
:109C40000C2D38BF0C25002D064601DBA94204D996
:109C50000C2333600020BDE8F883334F00F0B4F9E3
:109C60003B681C463CBB29463046FFF7C1FF431CFE
:109C7000044656D13C68A046B8F1000F40D1002CF4
:109C800049D023684146304604EB030901F08CF8C3
:109C9000814540D121686D1A29463046FFF7A8FF5B
:109CA000013038D023682B4423603B685A685ABB84
:109CB000C7F800800EE02268521B1ED40B2A16D96A
:109CC0006119A342256018BF5960636808BF3960F5
:109CD00062514B60304600F07DF904F10B00231D0A
:109CE00020F00700C21A1CBF1B1AA350B3E762681A
:109CF000A3420CBF3A605A60ECE723466468B1E7C0
:109D00004446D8F80480B7E71A465B68A342FBD103
:109D100000235360DEE70C233360304600F05AF92D
:109D200098E70560D6E700BF3043002082B001B954
:109D300001A942B14BB113780B601278101E18BF05
:109D4000012002B070471046FBE76FF00100F8E712
:109D50009368013B002B10B4936007DA9469A34227
:109D600001DB0A2902D110BC00F0EEBE1368581CBA
:109D700010601970084610BC7047F8B506460F46CB
:109D80001446D518AC4201D1002007E014F8011B9D
:109D90003A463046FFF7DCFF431CF3D1F8BD000024
:109DA0002DE9F04706469CB00D4614461F4618B1F3
:109DB000036A0BB9FDF7BEFD6B6ED90705D4AB89FD
:109DC0009A0502D4A86DFEF758FDAB891B0701D593
:109DD0002B699BB92946304600F0F4FE70B16B6EDA
:109DE000DE0704D54FF0FF301CB0BDE8F087AB892B
:109DF0009C05F7D4A86DFEF741FDF3E70023099316
:109E000020238DF82930039730236A4F8DF82A30AC
:109E10004FF0010823461A7899461AB1252A03F112
:109E20000103F8D1B9EB040A0BD053462246294668
:109E30003046FFF7A2FF013000F0A380099A524498
:109E4000099299F80030002B00F09B8000224FF01F
:109E5000FF33CDE9053209F10109049207928DF82B
:109E600053201A924C46052214F8011B5148F6F76C
:109E70005FF9049AD0B9D00644BF20238DF853303F
:109E8000110744BF2B238DF8533099F800302A2B4B
:109E900013D007994B4600204FF00A0C1A78303A3D
:109EA000092A1C464AD9A8B1079113E0C01B08FA39
:109EB00000F010430490A146D4E7039B191D1B68D2
:109EC0000391002BBBBF5B4242F002020793079352
:109ED000B8BF049223782E2B0AD163782A2B32D173
:109EE000039B1A1D1B68039243EAE3730234059334
:109EF000DFF8D090217803224846F6F719F938B1F7
:109F0000049BA0EB090040228240134301340493D8
:109F1000217829488DF828100622F6F709F900283B
:109F20003ED0264818BB039B073323F007030833B2
:109F30000393099B0344013409936BE701330CFB42
:109F400001210120AAE700230593611C18464FF068
:109F50000A0C0A78303A092A0C4603D9002BC7D0DC
:109F60000590C5E701310CFB00200123F1E703ABAD
:109F700000932A46124B04A93046FDF789F8431C8A
:109F8000D7D16B6ED90705D4AB899A0502D4A86DD9
:109F9000FEF774FCAB895B063FF524AF099823E715
:109FA00003AB00932A46064B04A93046FDF70AFB93
:109FB000E5E700BF25CD00082FCD0008917000080F
:109FC0007B9D00082BCD00080148FEF756BC00BF62
:109FD000284300200148FEF751BC00BF2843002061
:109FE00070B5C46905460E4684B91020FFF7F8FD28
:109FF0000446E86128B90246164B17486B2100F069
:10A0000017FF0023C0E901330360C360E36853B95D
:10A0100021220421284600F029FFEB69E060DB687B
:10A020000BB9002070BD53F8260030B1026843F828
:10A0300026200023C0E90333F4E7012101FA06F4E6
:10A04000621D9200284600F011FF0028E9D0C0E907
:10A050000164EEE733CC000836CD000870B5C46962
:10A0600006460D4674B91020FFF7BAFD0246F061AE
:10A0700020B9094B09488F2100F0DAFEC0E90144FC
:10A080000460C4603DB1F3696A68DB6853F822106C
:10A09000296043F8225070BD33CC000836CD00084B
:10A0A0002DE9F0410D6907460C461E4601F1140CDE
:10A0B0000020DCF8003099B202FB01611E0C0B0C91
:10A0C00002FB063389B2013001EB034185424CF8B3
:10A0D000041B4FEA1346ECDC0EB3A368AB4219DC59
:10A0E000616838460131FFF77BFF804628B9024698
:10A0F0000C4B0D48BA2100F09BFE2269023204F19C
:10A100000C0192000C30FEF7BFFB21463846FFF7EA
:10A11000A5FF444604EB850301355E6125612046B9
:10A12000BDE8F081ABCC000836CD00082DE9F8433E
:10A13000884614461F4609220833064693FBF2F36D
:10A14000002101229A4209DB3046FFF749FF40B95E
:10A150000246194B1948D32100F06AFE5200013122
:10A16000F0E7089B4361092C4FF00103036108DC11
:10A1700008F10A050924641B2B199F4212DCBDE873
:10A18000F88308F10905A946A04419F8013B0146E6
:10A19000303B0A223046FFF783FFC145F5D1254405
:10A1A000083DE8E715F8013B0146303B0A223046FE
:10A1B000FFF776FFE0E700BFABCC000836CD000824
:10A1C000B0F5803F034636BF030400201020B3F1F2
:10A1D000807F3CBF1B020830B3F1805F3CBF1B0196
:10A1E0000430B3F1804F3CBF9B000230002B04DBF6
:10A1F0005B0001D50130704720207047036813F0E1
:10A20000070201460BD0DA0722D4980749BF5B0842
:10A210009B0801200B605CBF0B600220704798B266
:10A22000A0B91B0C1020DAB20AB908301B0A1A07B1
:10A2300004BF1B0904309A0704BF9B080230DA07E9
:10A2400002D45B0806D001300B6070471046EAE785
:10A25000002070472020704710B50C460121FFF701
:10A26000BFFE024628B9054B054840F2451100F0F3
:10A27000DFFD01234461036110BD00BFABCC0008CA
:10A2800036CD00082DE9F04FD1F81080D2F81090AB
:10A29000C84585B00E46144604DB4B460C46C14605
:10A2A00016469846A368616809EB0807BB42B8BF29
:10A2B0000131FFF795FE30B902464B4B4B484FF446
:10A2C000B17100F0B5FD00F1140505EB870B2B46CD
:10A2D00000225B4522D306F1140101EB880304F14F
:10A2E000140C0CEB890C029304F1150363458CBF2D
:10A2F000002301230093ACEB0403153B9B0801935F
:10A30000029B03918B420CD8002F03DD5BF8043DC8
:10A31000002B67D0076105B0BDE8F08F43F8042B30
:10A32000D7E7B1F800A0BAF1000F28D004F1140863
:10A33000A9464FF0000E58F8042BD9F8003096B219
:10A340009BB20AFB0633D9F80060120C360C73443A
:10A350000AFB026606EB13469BB243EA0643C4457A
:10A3600049F8043B4FEA164EE5D8009A019B002AB3
:10A370004FEA830308BF00232B44C3F804E0039B88
:10A38000B3F802E00431BEF1000F29D02B6804F1CC
:10A3900014069846A9464FF0000A32880EFB02A226
:10A3A00002EB18429BB243EA024349F8043B56F8D9
:10A3B000043BD9F800804FEA134A1FFA88F30EFBDA
:10A3C0000A3303EB1243B4454FEA134AE5D8009E23
:10A3D000019A002E4FEA820208BF00222A445360ED
:10A3E00004358DE7013F8FE7ABCC000836CD000880
:10A3F0002DE9F843174612F0030280460D4607D0B8
:10A40000264C013A002354F82220FFF749FE054666
:10A41000BF103FD0D8F81C4094B91020FFF7E0FBE4
:10A420000446C8F81C0030B902461D4B1D4840F2D6
:10A43000B31100F0FDFC0023C0E901330360C360E9
:10A44000A66846B940F271214046FFF705FF002398
:10A45000A060064603602C464FF0000907F0010398
:10A460007F1053B1294632464046FFF70BFF214685
:10A4700005464046FFF7F2FD67B1306838B932460D
:10A4800031464046FFF7FEFE3060C0F800900646B9
:10A490002C46E3E72846BDE8F88300BF2CCF000830
:10A4A00033CC000836CD00082DE9F84F0C4649683A
:10A4B0002669A36806EB6216074691464FEA621AC0
:10A4C00006F1010843450BDB3846FFF789FD0546D9
:10A4D00048B902462B4B2C484FF4EF7100F0A8FC12
:10A4E00001315B00EEE700F1140100230A46184633
:10A4F000534539DB20692AEAEA7A01EB8A0104F143
:10A50000140319F01F098C4603EB800030D0C9F109
:10A51000200A4FF0000E1A68E34602FA09F242EAF6
:10A520000E02CBF8002053F8042B98420CF1040CD7
:10A5300022FA0AFEEFD8031B153B23F0030304F1B4
:10A540001502904238BF00231944C1F804E0BEF15F
:10A55000000F00D1B0463846C5F810802146FFF7FD
:10A560007DFD2846BDE8F88F42F8040B0133BFE7B4
:10A5700053F8041BCCF8001098420CF1040CF7D8E7
:10A58000E8E700BFABCC000836CD000803690A69D4
:10A590009B1A30B50ED11430143100EB820401EB5C
:10A5A000820154F8045D51F8042D954204D006D27E
:10A5B0004FF0FF33184630BDA042F2D3FAE7012333
:10A5C000F8E700002DE9F74F8A4606461146504647
:10A5D0001446FFF7DBFF051E12D129463046FFF770
:10A5E000FFFC024628B9414B40F23721404800F0B9
:10A5F0001FFC0123C0E90435104603B0BDE8F08F0D
:10A60000BCBF5346A2463046DAF80410BABF1C4617
:10A6100001250025FFF7E4FC024618B9334B40F250
:10A620004521E3E7DAF810702669C5600AF11409DC
:10A6300004F1140E00F114050AF1100309EB870868
:10A640000EEB86060193AB464FF0000C019B5EF8C3
:10A65000040B53F804AF01931FFA8AF183B2CB1AAB
:10A66000000C6344C0EB1A4000EB23409BB243EA6A
:10A67000004376454BF8043B4FEA204CE6D8331BA9
:10A68000153B153423F00303A64238BF0023E81816
:10A690004B441C1D04302646A5EB090546450ED348
:10A6A00008F10301091B21F003010133984538BF6C
:10A6B0000021014451F8043DABB117619CE706EB62
:10A6C000050E56F8041BE2464FEA11491CFA81FCBC
:10A6D000514409EB2C4989B241EA09414FEA294C1E
:10A6E000CEF80010DAE7013FE4E700BFABCC00088A
:10A6F00036CD000882B08DED000B019A0F4B134050
:10A70000A3F15073002B08DC5B42B3F1A07F4FEA4A
:10A71000235204DA4FF400231341002208E0A2F18F
:10A7200014031E2BDABF4FF00042DA40012200234F
:10A730001946104641EC100B02B070470000F07F44
:10A74000F8B5056900F1140606EB85052F1F55F8CD
:10A75000044C2046FFF734FDC0F120030A280B60AB
:10A7600016DCC0F10B0C24FA0CF1BE4241F07F5311
:10A7700034BF55F8081C0021153004FA00F021FA06
:10A780000CF143F4401301430A4643EC102BF8BD8F
:10A79000BE423ABF55F8081CA5F1080700210B3846
:10A7A00012D0C0F1200521FA05F384401C43B742C2
:10A7B00044F07F538CBF57F8044C00248140EC4098
:10A7C00043F440132143DFE744F07F5343F4401345
:10A7D000DAE700002DE9F7430F46012159EC108B11
:10A7E0001646FFF7FDFB054630B90246234B2448C9
:10A7F00040F20F3100F01CFBC9F30A54C9F31303F4
:10A800000CB143F480130193B8F1000323D06846E0
:10A810000093FFF7F3FC0099D8B1019AC0F120032F
:10A8200002FA03F30B43C2406B610192019BAB61DF
:10A83000002B0CBF012202222A61A4B1A4F23344EE
:10A8400004443C60C0F135003060284603B0BDE8E8
:10A85000F0836961EAE701A8FFF7D0FC019B6B6117
:10A8600020300122E8E705EB8203A0F23240386095
:10A870001869FFF7A5FCC0EB4210E5E7ABCC000878
:10A8800036CD0008F7B50E4669460746FFF758FF74
:10A8900001A9304655EC104BB0EE407AF0EE607AEC
:10A8A000FFF74EFF33693A69D21ADDE900369B1B88
:10A8B00003EB4213002BD4BF10EE902A17EE902A20
:10A8C00051EC100BD6BFC3EB033302EB035502EB85
:10A8D00003510B46024629462046F5F767FF41EC37
:10A8E000100B03B0F0BD013970B549111469013185
:10A8F00002F1140300EB810103EB8404051FA34262
:10A900000CD3A31A113B23F003031132944238BF36
:10A91000002318440023884205D370BD53F8046B0C
:10A9200045F8046FEBE740F8043BF4E700F114024C
:10A9300000694B11984210B511DB0ADD11F01F01BF
:10A9400007D052F8234024FA01F000FA01F18C42BA
:10A950000BD102EB8303934203D8002010BD0346C2
:10A96000F7E753F8041D0029F5D00120F6E710B5EC
:10A970000C46B1F90E1000F005FA0028ABBF636D6C
:10A98000A3891B1823F48053ACBF6365A38110BD5A
:10A990002DE9F0411F468B89DB0505460C4616461E
:10A9A00005D5B1F90E100223002200F0D9F9A389D0
:10A9B000B4F90E1023F48053A38132463B46284657
:10A9C000BDE8F04100F000BA10B50C46B1F90E1028
:10A9D00000F0C6F9B4F90C30421C0BBF23F48053CD
:10A9E00043F48053A381A38118BF606510BDB1F902
:10A9F0000E1000F0FBB90000B1F90C202DE9F04178
:10AA0000160705460C4651D44B68002B02DC0B6C34
:10AA1000002B49DDE66A002E46D0002312F4805256
:10AA20002F682B6031D0626DA389590705D5636803
:10AA3000D21A636B0BB1236CD21A0023E66A216A27
:10AA40002846B047421CB4F90C3006D129681D29AC
:10AA500045D8284ACA40D60741D500226260D904A9
:10AA60002269226004D5421C01D12B6803B96065BC
:10AA7000616B2F60C1B104F14403994202D02846B2
:10AA800000F008FA002363630EE0216A01232846E0
:10AA9000B0470246501CC7D12B68002BC4D01D2BD9
:10AAA00001D0162B1AD12F6000201DE00F69002F56
:10AAB000FAD093070E6808BF4B690F6018BF0023D8
:10AAC000A6EB07088B60B8F1000FEDDD216AA66ADE
:10AAD00043463A462846B047002807DCA38943F09E
:10AAE0004003A3814FF0FF30BDE8F0810744A8EB9D
:10AAF0000008E8E70100402038B50B6905460C4620
:10AB000013B91D46284638BD18B1036A0BB9FCF7C6
:10AB100011FFB4F90C30002BF3D0626ED00704D4CF
:10AB2000990502D4A06DFDF7A8FE28462146FFF73F
:10AB300063FF636EDA070546E4D4A3899B05E1D47D
:10AB4000A06DFDF79BFEDDE7F8B505460F46144600
:10AB500018B1036A0BB9FCF7EDFEA369A360A389E2
:10AB60001A0701D5236943B92146284600F02AF87F
:10AB700018B14FF0FF363046F8BD23692068C01A7F
:10AB80006369834205DC21462846FFF7B5FF0028AC
:10AB9000EFD1A368013BA36023685A1C22601F7099
:10ABA000636901308342FEB204D0A389DB07E2D59A
:10ABB0000A2EE0D121462846FFF79EFF0028DAD072
:10ABC000D7E7000038B5284B054618680C4618B181
:10ABD000036A0BB9FCF7AEFEB4F90C30190720D4A8
:10ABE000DA0607D409222A6043F04003A3814FF01C
:10ABF000FF3031E0580711D5616B41B104F14403D6
:10AC0000994202D0284600F045F9002363630022F0
:10AC1000A38962602269226023F0240343F00803C1
:10AC2000A38123694BB9A38903F42073B3F5007F93
:10AC300003D02146284600F04AF8B4F90C3013F04E
:10AC400001020AD00022A26062695242A261226916
:10AC500042B913F08000C7D138BD990758BF626967
:10AC6000A260F4E70020F7E77C01002049B1FF2A49
:10AC700085BF8A2303600A704FF0FF3098BF012020
:10AC800070470846704770B50E46B1F90E1000299E
:10AC900096B014461D460ADAB28912F0800213D12A
:10ACA0004FF4806100202A60216016B070BD6A46B2
:10ACB00000F0ACF80028EFDB019A02F47042A2F534
:10ACC00000535A425A41EBE700224021EAE78B89C0
:10ACD00073B59E0705460C4607D504F1470323606C
:10ACE00023610123636102B070BD01AB6A46FFF7C7
:10ACF000CAFF009E28463146FEF79CFFB4F90C308F
:10AD000038B99A05EFD423F0030343F00203A3817B
:10AD1000E3E743F08003A381019B2060C4E90406BC
:10AD2000002BE0D0B4F90E10284600F009F80028F6
:10AD3000D9D0A38923F0030343F00103A381D2E711
:10AD400038B5064C0023054608462360FAF7BEFADC
:10AD5000431C02D1236803B12B6038BD344300206B
:10AD600038B5074C054608461146002222601A46AF
:10AD7000FAF7AEFA431C02D1236803B12B6038BD49
:10AD80003443002038B5074C0546084611460022DA
:10AD900022601A46FAF774FA431C02D1236803B101
:10ADA0002B6038BD3443002038B5064C00230546DF
:10ADB00008462360FAF78EFA431C02D1236803B1D8
:10ADC0002B6038BD3443002038B5074C0546084693
:10ADD0001146002222601A46FAF760FA431C02D19B
:10ADE000236803B12B6038BD3443002038B5064CCE
:10ADF0000023054608462360FAF75EFA431C02D199
:10AE0000236803B12B6038BD3443002038B5074CAC
:10AE100000230546084611462360FAF751FA431C01
:10AE200002D1236803B12B6038BD00BF344300203A
:10AE30001FB51D46094B1B680646D86852B1084C21
:10AE40000091CDE90142074933462A4600F06EF8E9
:10AE500000F07EF8044C2246F2E700BF7C0100209F
:10AE600098CD0008A5CD0008D3CD000870B5A1FB92
:10AE7000026535B93146FEF7DDFE044628B92046A5
:10AE800070BD0C2303600024F9E732462946FDF724
:10AE9000AEFCF4E737B5002944D051F8043C0190EA
:10AEA000002BA1F10404B8BFE418FFF78DF81E4A87
:10AEB0000198136833B96360146003B0BDE8304093
:10AEC000FFF788B8A34208D9256861198B4201BFF2
:10AED00019685B6849192160EDE71A465B680BB198
:10AEE000A342FAD911685518A5420BD12468214410
:10AEF0005418A3421160E0D11C685B6853600C4495
:10AF00001460DAE702D90C230360D6E725686119DB
:10AF10008B4204BF19685B68636004BF49192160F4
:10AF20005460CAE703B030BD304300200EB403B50F
:10AF3000014603AB054853F8042B00680193FEF764
:10AF40002FFF02B05DF804EB03B070477C010020D6
:10AF500008B5062000F02CF80120FAF78BF91F291C
:10AF600038B505460C4604D9162303604FF0FF3070
:10AF700038BDC26B12B152F821304BB9284600F0EF
:10AF800031F8224601462846BDE8384000F018B89E
:10AF9000012B0AD0591C03D1162303600120E7E7D7
:10AFA000002142F82410204698470020E0E70000E6
:10AFB000024B01461868FFF7D2BF00BF7C0100209A
:10AFC00038B5074C00230546084611462360FAF7BA
:10AFD00049F9431C02D1236803B12B6038BD00BF7F
:10AFE00034430020FAF73CB900B52DED028B83B055
:10AFF000B0EE408ACDED010A00F0D4FADDED010A91
:10B00000B4EE608AF1EE10FA06D6DFED0C7AF4EEBB
:10B01000670AF1EE10FA03D003B0BDEC028B00BD5D
:10B02000CDED017AFDF7FEFBDDED017A87EEA70A93
:10B030002123036003B0BDEC028B00BD00000000C3
:10B0400008B52DED048BB0EE409AF0EE609A00F05A
:10B050007FF8B0EE408AF0EE608AB0EE490AF0EE7A
:10B06000690A00F065F878B119A3D3E9002351EC1F
:10B07000190BF5F701FD70B917A3D3E9002351ECC3
:10B08000190BF5F7DBFC98B9B0EE480AF0EE680A48
:10B09000BDEC048B08BD9FED0A8BFDF7C3FBB0EE42
:10B0A000480AF0EE680ABDEC048B2223036008BD59
:10B0B000FDF7B8FB22239FED048B0360E4E700BF9C
:10B0C000000000000000F07F000000000000000011
:10B0D000EF39FAFE422E864051302DD5104987C0F7
:10B0E00000B52DED028BB0EE408A83B000F02CF855
:10B0F000B4EE488AF1EE10FA06D6DFED0C7AB4EE23
:10B10000E78AF1EE10FA03D403B0BDEC028B00BD68
:10B11000CDED017AFDF786FBDDED017A87EEA70A1A
:10B120002123036003B0BDEC028B00BD00000000D2
:10B1300082B08DED000B019840F0004000F58010CA
:10B14000C00F02B0704700BFB1EEC00A704700BF29
:10B150002DE9F04755EC104BD34925F000428A42C7
:10B1600086B04FEAD5760CD9D0498A4270D9C5F35A
:10B170001303234340F05481002E66D09FEDB20BA1
:10B1800063E0CB4B9A4200F21A81CA4B9A4240F2DA
:10B19000308122462B4620462946F5F7DDF9ACA33F
:10B1A000D3E9002306460F46F5F7D6F9AAA3D3E95B
:10B1B0000023F5F719F832463B46F5F7CDF9A8A379
:10B1C000D3E90023F5F712F832463B46F5F7C4F908
:10B1D000A5A3D3E90023F5F707F832463B46F5F778
:10B1E000BBF9A3A3D3E90023F5F700F832463B46A9
:10B1F000F5F7B2F902460B4620462946F4F7F4FF6C
:10B20000CDE90201DDE90289204642464B46294646
:10B21000F5F7A2F9002206460F464FF0804340465C
:10B220004946F4F7E1FF02460B4630463946F5F74A
:10B23000BDFA22462B46F4F7D7FF02460B46002004
:10B240009D49F4F7D1FF41EC100B06B0BDE8F08743
:10B2500089A3D3E9002320462946F5F70DFC0746CC
:10B26000002840F0E88086A3D3E900232046294641
:10B27000F5F7E4FB002840F03781904B204603EBC4
:10B28000C606294680A3D3E90023F5F765F9D6E978
:10B290000023F4F7ABFFF5F70FFC0646F5F7F2F8DD
:10B2A0007BA3D3E9002307468846F5F755F9024604
:10B2B0000B4620462946F4F797FF02460B463846D0
:10B2C000414691469A4674A3D3E90023F5F744F921
:10B2D000CDE90001DDE9002348465146F4F784FF3B
:10B2E00002460B4604460D46F5F736F958A3D3E956
:10B2F000002307468846F5F72FF957A3D3E9002323
:10B30000F4F772FF3A464346F5F726F954A3D3E91A
:10B310000023F4F76BFF3A464346F5F71DF952A3B5
:10B32000D3E90023F4F760FF3A464346F5F714F9F2
:10B330004FA3D3E90023F4F759FF3A464346F5F704
:10B340000BF902460B4620462946F4F74DFF074607
:10B350008846204629463A464346CDE90278F5F725
:10B36000FBF8CDE90401002E3FF44CAF3A464346CA
:10B3700000204FF08041F4F737FF02460B46DDE92D
:10B380000401F5F713FA02460B46DDE90001F4F774
:10B390002BFF4A465346F4F727FF0B460246464921
:10B3A0000020F4F721FF6FF47F739E42C0F28E807D
:10B3B00001EB065141EC100B06B0BDE8F087404BA5
:10B3C0009A423FF65AAF3F4B03EBC603D3E9002343
:10B3D00020462946F4F708FF3B4B03EBC60393EDE9
:10B3E000007B86F001038DED007B81468A469E1B23
:10B3F00070E72BA3D3E9002320462946F4F7F6FE95
:10B400002D4B0022F5F738FB00283FF4C2AE2A4B43
:10B41000002220462946F4F7E9FE41EC100B14E720
:10B4200022462B4620462946F4F7E0FE41EC100B5D
:10B4300006B0BDE8F087002006B0BDE8F04700F098
:10B440000FBA00BFAFF30080000000000000000052
:10B45000D0A4BE726937663EF16BD2C541BDBB3E1A
:10B460002CDE25AF6A56113F93BDBE166CC1663FF8
:10B470003E5555555555C53FEF39FAFE422E86408B
:10B4800051302DD5104987C0FE822B654715F73FF7
:10B490000000E0FE422EE63F763C7935EF39EA3D8A
:10B4A0009C7500883CE4377E412E8640FFFFEF7F8D
:10B4B000422ED63FFFFFEF3D0000F03F48D000088E
:10B4C000B1A2F03F38D0000828D0000806F57A7302
:10B4D00001EB035100224FF0B873F5F73DF841EC52
:10B4E000100B06B0BDE8F087384606B0BDE8F0475F
:10B4F00000F0AEB900B583B08DED000B0199DDF819
:10B5000000C0C1F30A52A2F2FF33132B0CDC002B54
:10B510002CDB2348184100EA010252EA0C022BD12D
:10B520009DED000B03B000BD332B0BDDB3F5806F39
:10B53000F6D1DDE9002310461946F4F757FE41EC39
:10B54000100BEFE7A2F213424FF0FF3020FA02F2A5
:10B5500012EA0C0FE4D0C3F133030120984010EB42
:10B560000C0028BF013120EA02000DE0013301F098
:10B5700000410FD0002007E04FF4002242FA03F30D
:10B580000B4423EA000100200B46024643EC102B3B
:10B5900003B000BD41F07F5141F440110020F3E7BA
:10B5A000FFFF0F0010EE903A30B523F00044621E0A
:10B5B000B2F1FF4F3FD210EE101A21F0004EBEF153
:10B5C000FF4F38D2A6453ADB01F00042154600F0A5
:10B5D0009D8011F0FF4F03F0FF4C49D14FEA0E2040
:10B5E0006FF07D024000002802F1FF32FADCBCF16E
:10B5F000000F5BD123026FF07D0C5B000CF1FF3C70
:10B60000FBD512F17E0F6CDA6FF07D00831AA0EB90
:10B610000C00B2EB0C020EFA03F104FA00F36DD049
:10B62000013A03E03AD04100013A09D3C81A002890
:10B63000F8DA4900F8E760EE200A80EEA00A30BD93
:10B64000CB1A48BF0B461BB928E05B000CF1FF3C4E
:10B65000B3F5000FF9DB1CF17E0F38DA6FF07D00D7
:10B66000A0EB0C00034145EA030200EE102A30BDB6
:10B670004FEAEE52BCF1000F16D0E415C1F31601EB
:10B68000C3F31603121B41F4000143F40003A4F1B9
:10B690007F0CC5D1CB1A002B18DBD6D1224B03EB84
:10B6A000557393ED000A30BD7F3AA3E7E415A4F18A
:10B6B0007F0C6FF07D01891AC3F31603A2EB0C0215
:10B6C00043F400030EFA01F1013AAFE70B46A3F58C
:10B6D00000030CF17F0C2B4343EACC5300EE103AED
:10B6E00030BD6FF07D00C1F31601A0EB0C0041F4FA
:10B6F0000001A2EB0C0204FA00F391E7CB1A002B35
:10B700000ADBCBD0B3F5000F9FDBABE7064B03EBB7
:10B71000527393ED000A30BD0029BFD0B1F5000F80
:10B720000B4692DB9EE700BF58D0000808B52DED10
:10B73000028BF0EE408AB0EE608A00F047F820B944
:10B74000B0EE480ABDEC028B08BDB0EE480A00F02E
:10B750003DF858B1F4EEC88AF1EE10FAC8BFB0EE69
:10B76000688AB0EE480ABDEC028B08BDB0EE688A6C
:10B77000B0EE480ABDEC028B08BD00BF08B52DED48
:10B78000028BF0EE408AB0EE608A00F01FF820B91C
:10B79000B0EE480ABDEC028B08BDB0EE480A00F0DE
:10B7A00015F858B1B4EEE88AF1EE10FAC8BFB0EE61
:10B7B000688AB0EE480ABDEC028B08BDB0EE688A1C
:10B7C000B0EE480ABDEC028B08BD00BF10EE103A87
:10B7D00033F000400ED0A0F50003B3F1FE4F0DD3BF
:10B7E000074B421E9A4207D9A0F1FF40B0FA80F001
:10B7F00040097047022070470320704704207047BB
:10B80000FEFF7F0010B582B08DED000B0446FDF702
:10B8100009F89DED000B046002B010BD00B50346B1
:10B8200083B051EC100B83B1024601F10043CDE926
:10B830000023DDE90023F4F78FFE41EC100B2220FA
:10B8400003B05DF804EBFFF7DDBF02460B46EEE701
:10B850009FED010BFFF7E2BF0000000000000010A9
:10B860009FED010BFFF7DABF000000000000007041
:10B8700080EA104080EA102080EA101046F6961305
:10B8800000F00F0043FA00F000F00100704700BF25
:10B8900038B50022002304460D46F5F7CFF828B945
:10B8A00020462946BDE8384000F00AB8204605F198
:10B8B000004100F005F8404261EB410138BD00BF96
:10B8C00070B50C4B002204460D46F4F745FEF5F723
:10B8D0001BF90646F4F7C6FD074B0022F4F73CFEC1
:10B8E00002460B4620462946F4F77EFCF5F70CF994
:10B8F000314670BD0000F03D0000F041F8B500BFDA
:10B90000F8BC08BC9E467047F8B500BFF8BC08BC40
:04B910009E46704798
:10B9180000070E091C1B1215383F363124232A2D27
:10B9280070777E796C6B6265484F464154535A5D17
:10B93800E0E7EEE9FCFBF2F5D8DFD6D1C4C3CACD07
:10B9480090979E998C8B8285A8AFA6A1B4B3BABDF7
:10B95800C7C0C9CEDBDCD5D2FFF8F1F6E3E4EDEAE7
:10B96800B7B0B9BEABACA5A28F88818693949D9AD7
:10B978002720292E3B3C35321F18111603040D0AC7
:10B988005750595E4B4C45426F68616673747D7AB7
:10B99800898E878095929B9CB1B6BFB8ADAAA3A4A7
:10B9A800F9FEF7F0E5E2EBECC1C6CFC8DDDAD3D497
:10B9B800696E676075727B7C51565F584D4A434487
:10B9C800191E171005020B0C21262F283D3A333477
:10B9D8004E49404752555C5B7671787F6A6D646367
:10B9E8003E39303722252C2B0601080F1A1D141357
:10B9F800AEA9A0A7B2B5BCBB9691989F8A8D848347
:10BA0800DED9D0D7C2C5CCCBE6E1E8EFFAFDF4F336
:10BA180000000000000000000102030406070809F6
:10BA280000000000010203040D0A0D0A0D0A0D0AA8
:10BA38000D0000003E3E2041746865616E204D6F28
:10BA4800746F7220436F6E74726F6C6C6572203CF9
:10BA58003C0D00003E3E2056657273696F6E3A20B9
:10BA680025642E25642E2564203C3C0D0A00000028
:10BA78003E3E20496E76616C69642F756E696E6909
:10BA88007469616C697A656420636F6E666967754D
:10BA9800726174696F6E3B207573696E67205241DD
:10BAA8004D2064656661756C7473202843414E208F
:10BAB80052583D312054583D3029203C3C0D00005F
:10BAC8003E3E204452563833323320636F6E6669E7
:10BAD8006775726174696F6E2F7265616462616304
:10BAE8006B206661696C65643B206D6F746F7220B2
:10BAF8006D6F64652072656D61696E73206C6F632C
:10BB08006B6564203C3C0D00436865636B696E6738
:10BB1800207068617365207369676E2C20706F6C84
:10BB2800652070616972730D0000000050686173D0
:10BB380065206F7264657220636F72726563740D3D
:10BB4800000000005377617070696E67207068614B
:10BB58007365207369676E0D00000000506F6C6597
:10BB68002050616972733A2025640D0A00000000B4
:10BB780053746172743A20252E3366202020456E56
:10BB8800643A20252E33660D0A000000506F6C655C
:10BB9800205061697273203E2025642C2072656DE7
:10BBA800616C6C6F63206572726F725F6172725B39
:10BBB8005D2073697A652E0D0A0000005374617266
:10BBC80074696E67206F66667365742063616C20A4
:10BBD800616E64206C696E656172697A6174696FFF
:10BBE8006E0D0000256420256420256420252E3351
:10BBF800660D0A002564202025640D0A0000000057
:10BC08006C6F6F705F636F756E743A20256C750D7D
:10BC18000A0000000A0D4641554C540A0D00000068
:10BC28005644535F4F43500A0D0000004744460AEC
:10BC38000D00000055564C4F0A0D00004F54534458
:10BC48000A0D00005644535F48410A0D00000000E9
:10BC58005644535F4C410A0D000000005644535FA0
:10BC680048420A0D000000005644535F4C420A0D3A
:10BC7800000000005644535F48430A0D00000000CE
:10BC88005644535F4C430A0D0000000053415F4F78
:10BC9800430A0D0053425F4F430A0D0053435F4F61
:10BCA800430A0D004F54570A0D00000043505556E3
:10BCB8000A0D00005647535F48410A0D0000000076
:10BCC8005647535F4C410A0D000000005647535F2A
:10BCD80048420A0D000000005647535F4C420A0DC7
:10BCE800000000005647535F48430A0D000000005B
:10BCF8005647535F4C430A0D0000000020436F6D08
:10BD08006D616E64733A0D00206D2020202D204D4A
:10BD18006F746F72204D6F64650D000020632020E2
:10BD2800202D2043616C69627261746520456E63E1
:10BD38006F6465720D00000020732020202D2053B1
:10BD4800657475700D00000020652020202D2044AA
:10BD58006973706C617920456E636F6465720D005C
:10BD6800207A2020202D20536574205A65726F2078
:10BD7800506F736974696F6E0D00000020657363FE
:10BD8800202D204578697420746F204D656E750DDF
:10BD9800000000000D0A20436F6E666967757261C6
:10BDA80074696F6E204F7074696F6E73200A0D008E
:10BDB8006D696E00706172616D6574657200000076
:10BDC800707265666978000020252D347320252D52
:10BDD80033317320252D357320252D367320252DDD
:10BDE80032730D0A0000000063757272656E74206C
:10BDF80076616C75650000006D6178000D0A204D54
:10BE08006F746F723A0D0000300000004765617270
:10BE180020526174696F00006700000020252D34EE
:10BE28007320252D33317320252D357320252D368C
:10BE38007320252E33660A0D000000002D00000037
:10BE4800546F7271756520436F6E7374616E7420E0
:10BE5800284E2D6D2F4129006B00000020252D3420
:10BE68007320252D33317320252D357320252D364C
:10BE78007320252E35660A0D000000000D0A2043A8
:10BE88006F6E74726F6C3A0D000000003130300034
:10BE980043757272656E742042616E64776964746A
:10BEA800682028487A2900006200000020252D34E7
:10BEB8007320252D33317320252D357320252D36FC
:10BEC8007320252E31660A0D000000003230303014
:10BED80000000000302E300043757272656E7420C9
:10BEE8004C696D6974202841290000006C0000002D
:10BEF80036302E30000000004D617820506F736995
:10BF080074696F6E20536574706F696E742028723F
:10BF180061642900700000004D61782056656C6FDF
:10BF28006369747920536574706F696E7420287220
:10BF38006164292F73000000760000004D617820AD
:10BF4800506F736974696F6E204761696E20284E5F
:10BF58002D6D2F7261642900780000003130303077
:10BF68002E3000004D61782056656C6F63697479D6
:10BF7800204761696E20284E2D6D2F7261642F73E2
:10BF88002900000064000000352E30004657204389
:10BF9800757272656E74204C696D69742028412928
:10BFA800000000006600000033332E30000000005F
:10BFB80054656D70204375746F6666202843292088
:10BFC8002830203D206E6F6E652900006800000053
:10BFD80031353000436F6E74696E756F7573204329
:10BFE800757272656E742028412900006300000094
:10BFF80034302E300000000043616C696272617455
:10C00800696F6E2043757272656E7420284129002D
:10C018006100000032302E30000000000D0A20437D
:10C02800414E3A0D0000000043414E2049440000B3
:10C038006900000020252D347320252D333173200D
:10C04800252D357320252D367320252D35690A0DAC
:10C05800000000003132370043414E205458204937
:10C06800440000006D00000043414E2054696D6596
:10C078006F757420286379636C6573292830203DB7
:10C08800206E6F6E652900007400000020252D3495
:10C098007320252D33317320252D357320252D361A
:10C0A800732025640A0D0000313030303030000034
:10C0B800200A0D20546F206368616E676520612037
:10C0C80076616C75652C20747970652027707265AF
:10C0D800666978272776616C75652727454E54452C
:10C0E80052270A0D20652E672E2027623130303006
:10C0F8002727454E544552270D0A200056414C55D6
:10C108004553204E4F542041435449564520554EDF
:10C1180054494C20504F574552204359434C4521D0
:10C12800200A0D0A0D000000455F5A45524F3A207B
:10C138002564202025660D0A00000000436F6E6606
:10C14800696775726174696F6E20736176652072B4
:10C15800656A65637465643B2070726576696F759E
:10C1680073206461746120707265736572766564AA
:10C178002E0D0000495F42572073657420746F20AC
:10C1880025660D0A0000000043414E5F49442073B4
:10C19800657420746F2025640D0A000043414E5FCA
:10C1A80054585F49442073657420746F2025640DCA
:10C1B8000A000000495F4D41582073657420746F70
:10C1C8002025660D0A000000495F46575F4D41581B
:10C1D8002073657420746F2025660D0A0000000026
:10C1E80043414E5F54494D454F5554207365742063
:10C1F800746F2025640D0A0054454D505F4D415819
:10C208002073657420746F2025660D0A00000000F5
:10C21800495F4D41585F434F4E54207365742074F5
:10C228006F2025660D0A0000495F43414C20736565
:10C238007420746F2025660D0A0000004752207391
:10C24800657420746F2025660D0A00004B54207316
:10C25800657420746F2025660D0A00004B505F4DF1
:10C2680041582073657420746F2025660D0A0000FC
:10C278004B445F4D41582073657420746F202566C8
:10C288000D0A0000505F4D41582073657420746F8B
:10C298002025660D0A000000565F4D415820736541
:10C2A8007420746F2025660D0A0000000D0A2027EF
:10C2B800256327204E6F7420612076616C696420A5
:10C2C800636F6D6D616E64207072656669780D0AC2
:10C2D8000D0A00005A65726F2073617665207265D9
:10C2E8006A65637465643B2070726576696F7573FF
:10C2F8002064617461207072657365727665642E5E
:10C308000D0000000A0D20205361766564206E65DB
:10C3180077207A65726F20706F736974696F6E3AEF
:10C32800202025640A0D0A0D000000005261773AAA
:10C33800202535640000000020204C696E6561727C
:10C34800697A656420436F756E743A2025356400F8
:10C35800202053696E676C65205475726E3A2520EB
:10C36800342E33660000000020204D756C7469205F
:10C378005475726E3A2520352E3366002020456CA0
:10C38800656374726963616C3A2520352E336600E3
:10C3980020205475726E733A252032640000000024
:10C3A800202056616C69643A25750000202053509E
:10C3B800493A256C75000000202050617269747933
:10C3C8003A256C7500000000202045463A256C751A
:10C3D8000D0A000000800088009000B000A800A8A6
:10C3E800000000002975493CDF6EC93C6F0E173DFF
:10C3F8003160493D8FA97B3D38F4963D6B0EB03DC9
:10C408004721C93D5E2EE23DEC2FFB3D7F130A3EDE
:10C41800698C163E76FD223EA5662F3E97CA3B3EA6
:10C428004A29483E807D543EDAC9603E560E6D3E2C
:10C43800F54A793E3CBD823E0FD1883EA4DF8E3E50
:10C44800FBE8943EC4EB9A3EFFE7A03EFCDEA63E26
:10C458006CCFAC3E4EB9B23EA29CB83E1878BE3EF8
:10C46800B24BC43EBD18CA3EECDDCF3EED99D53E79
:10C47800614FDB3E59FAE03EC39EE63EB038EC3EE3
:10C4880071C9F13E5452F73EBBD0FC3E5322013FE6
:10C49800B2D7033FD387063FB532093F5AD80B3F7F
:10C4A800C0780E3F4013113F82A8133FDF37163F75
:10C4B80055C1183FE5441B3F8FC21D3F543A203FEA
:10C4C8008AAB223FDB16253F9E7B273FD3D9293FE6
:10C4D8007B312C3FED812E3F79CC303FD00F333F5D
:10C4E800F14B353F8481373FE2AF393F0AD73B3FB5
:10C4F800FDF63D3F130F403F9B20423F9E29443F9E
:10C50800132C463F0326483FBD184A3F9B034C3F28
:10C51800F3E54D3F16C14F3FB493513F745E533F0F
:10C528005721553F0EDB563F8F8D583FE3365A3F14
:10C53800B2D75B3FA4705D3F69005F3F5188603FA1
:10C548000C07623F9A7C633FA3E9643F274E663F2E
:10C558007EA9673F50FC683F4E456A3FC6856B3FE2
:10C5680012BD6C3F31EB6D3F23106F3F412B703F85
:10C57800D93D713F9D46723F3546733F9F3C743F9E
:10C588003529753F9E0C763F32E6763F9AB6773F5F
:10C598002C7D783FEB39793F7CED793F39977A3FAD
:10C5A80022377B3F36CD7B3F75597C3F87DC7C3F0C
:10C5B8001D557D3F87C47D3F74297E3F34857E3F6E
:10C5C80077D67E3F8E1E7F3F295C7F3FEF8F7F3F70
:10C5D80088BA7F3FA5DA7F3FEDF07F3F61FD7F3F5F
:10C5E8000000803F23F87F3F19E77F3F92CB7F3FD2
:10C5F80037A67F3FAF777F3FAB3E7F3FD2FB7E3F83
:10C6080025AF7E3FA3587E3F4DF87D3F228E7D3F6C
:10C61800221A7D3F4E9C7C3FA5147C3F27837B3F9D
:10C62800D5E77A3F57437A3F0395793FDBDC783F7C
:10C63800DF1A783FB54F773FB77A763FE59B753F6E
:10C64800E5B3743FB9C2733FB9C7723F8BC3713F3B
:10C6580031B6703F029F6F3FA67E6E3F1D556D3FFE
:10C6680068226C3F86E66A3F1FA2693FE353683F32
:10C6780022FD663F349D653F1A34643F22C3623F02
:10C688005648613FACC55F3FD6395E3F7AA55C3FEF
:10C698009A085B3F3563593F4AB5573F82FF553F7C
:10C6A8008E40543F637A523FB4AB503F80D44E3FE4
:10C6B8006FF54C3F280F4B3F5C20493FB329473F5C
:10C6C800D42B453F1826433F7E18413FB0033F3FD8
:10C6D800ABE73C3F72C43A3F5B99383FB667363F99
:10C6E800DC2E343FCCEE313F2FA82F3F5C5A2D3F34
:10C6F800FB052B3F0DAB283F9049263F2EE2233FF9
:10C708009773213F19FF1E3FB6841C3FC5031A3F8C
:10C71800957D173FD8F0143FDD5E123FFCC60F3FF2
:10C7280035290D3F2F860A3FECDD073F6A30053F6C
:10C73800AA7D023F598BFF3E3012FA3E8A8EF43EA4
:10C748000803EF3E096DE93EDDCDE33E8525DE3E7B
:10C758004F75D83E3CBDD23EFCFBCC3EDF32C73ED7
:10C768003563C13E5D8ABB3E47ACB53E05C5AF3EAD
:10C7780084D8A93E75E5A33E89EA9D3E60EA973EC6
:10C78800F7E4913E02D98B3ECEC7853EB7627F3E25
:10C79800F52D733EB7EE663EFDA45A3E65534E3EF8
:10C7A800F0F9413E3D9B353E0E32293EA0C31C3E6A
:10C7B800F44F103E0AD7033EC4B1EE3DB9A5D53DAE
:10C7C800A298BC3D1B82A33D49658A3D6685623DB2
:10C7D800D637303DF7C7FB3CC615973C5374C93B69
:10C7E8005374C9BBC61597BCF7C7FBBCD63730BD59
:10C7F800668562BD49658ABD1B82A3BDA298BCBD82
:10C80800B9A5D5BDC4B1EEBD0AD703BEF44F10BE5D
:10C81800A0C31CBE0E3229BE3D9B35BEF0F941BEF9
:10C8280065534EBEFDA45ABEB7EE66BEF52D73BE67
:10C83800B7627FBECEC785BE02D98BBEF7E491BE74
:10C8480060EA97BE89EA9DBE75E5A3BE84D8A9BEF5
:10C8580005C5AFBE47ACB5BE5D8ABBBE3563C1BEBC
:10C86800DF32C7BEFCFBCCBE3CBDD2BE4F75D8BEC6
:10C878008525DEBEDDCDE3BE096DE9BE0803EFBE4A
:10C888008A8EF4BE3012FABE598BFFBEAA7D02BF53
:10C898006A3005BFECDD07BF2F860ABF35290DBFFB
:10C8A800FCC60FBFDD5E12BFD8F014BF957D17BF61
:10C8B800C5031ABFB6841CBF19FF1EBF977321BFDB
:10C8C8002EE223BF904926BF0DAB28BFFB052BBF27
:10C8D8005C5A2DBF2FA82FBFCCEE31BFDC2E34BF42
:10C8E800B66736BF5B9938BF72C43ABFABE73CBF87
:10C8F800B0033FBF7E1841BF182643BFD42B45BFA6
:10C90800B32947BF5C2049BF280F4BBF6FF54CBF09
:10C9180080D44EBFB4AB50BF637A52BF8E4054BF71
:10C9280082FF55BF4AB557BF356359BF9A085BBFE9
:10C938007AA55CBFD6395EBFACC55FBF564861BF3C
:10C9480022C362BF1A3464BF349D65BF22FD66BF2F
:10C95800E35368BF1FA269BF86E66ABF68226CBF3F
:10C968001D556DBFA67E6EBF029F6FBF31B670BFEB
:10C978008BC371BFB9C772BFB9C273BFE5B374BF08
:10C98800E59B75BFB77A76BFB54F77BFDF1A78BF1B
:10C99800DBDC78BF039579BF57437ABFD5E77ABF09
:10C9A80027837BBFA5147CBF4E9C7CBF221A7DBF0A
:10C9B800228E7DBF4DF87DBFA3587EBF25AF7EBFB9
:10C9C800D2FB7EBFAB3E7FBFAF777FBF37A67FBFAF
:10C9D80092CB7FBF19E77FBF23F87FBF000080BFDE
:10C9E80061FD7FBFEDF07FBFA5DA7FBF88BA7FBF4B
:10C9F800EF8F7FBF295C7FBF8E1E7FBF77D67EBF3C
:10CA080034857EBF74297EBF87C47DBF1D557DBF19
:10CA180087DC7CBF75597CBF36CD7BBF22377BBF97
:10CA280039977ABF7CED79BFEB3979BF2C7D78BF18
:10CA38009AB677BF32E676BF9E0C76BF352975BFAA
:10CA48009F3C74BF354673BF9D4672BFD93D71BFC9
:10CA5800412B70BF23106FBF31EB6DBF12BD6CBF90
:10CA6800C6856BBF4E456ABF50FC68BF7EA967BFCD
:10CA7800274E66BFA3E964BF9A7C63BF0C0762BFF9
:10CA8800518860BF69005FBFA4705DBFB2D75BBF4C
:10CA9800E3365ABF8F8D58BF0EDB56BF572155BF9F
:10CAA800745E53BFB49351BF16C14FBFF3E54DBF7A
:10CAB8009B034CBFBD184ABF032648BF132C46BF73
:10CAC8009E2944BF9B2042BF130F40BFFDF63DBFC8
:10CAD8000AD73BBFE2AF39BF848137BFF14B35BFBF
:10CAE800D00F33BF79CC30BFED812EBF7B312CBF47
:10CAF800D3D929BF9E7B27BFDB1625BF8AAB22BFB0
:10CB0800543A20BF8FC21DBFE5441BBF55C118BF93
:10CB1800DF3716BF82A813BF401311BFC0780EBFFE
:10CB28005AD80BBFB53209BFD38706BFB2D703BFE8
:10CB3800532201BFBBD0FCBE5452F7BE71C9F1BE2F
:10CB4800B038ECBEC39EE6BE59FAE0BE614FDBBE0C
:10CB5800ED99D5BEECDDCFBEBD18CABEB24BC4BE82
:10CB68001878BEBEA29CB8BE4EB9B2BE6CCFACBEE1
:10CB7800FCDEA6BEFFE7A0BEC4EB9ABEFBE894BEEF
:10CB8800A4DF8EBE0FD188BE3CBD82BEF54A79BEF9
:10CB9800560E6DBEDAC960BE807D54BE4A2948BEB5
:10CBA80097CA3BBEA5662FBE76FD22BE698C16BE0F
:10CBB8007F130ABEEC2FFBBD5E2EE2BD4721C9BD27
:10CBC8006B0EB0BD38F496BD8FA97BBD316049BDF1
:10CBD8006F0E17BDDF6EC9BC297549BC0000000087
:10CBE800494E4600696E66004E414E006E616E0009
:10CBF80030003031323334353637383941424344E6
:10CC0800454600303132333435363738396162635E
:10CC1800646566002E004300504F53495800496E22
:10CC280066696E697479004E614E005245454E54EE
:10CC3800206D616C6C6F63207375636365656465F3
:10CC480064002F566F6C756D65732F646174612F66
:10CC58006A656E6B696E732F776F726B7370616341
:10CC6800652F474E552D746F6F6C636861696E2F21
:10CC780061726D2D31352F7372632F6E65776C6914
:10CC8800622D63796777696E2F6E65776C69622F9D
:10CC98006C6962632F7374646C69622F64746F616A
:10CCA8002E630042616C6C6F632073756363656506
:10CCB800646564002F566F6C756D65732F646174BD
:10CCC800612F6A656E6B696E732F776F726B737005
:10CCD8006163652F474E552D746F6F6C636861698A
:10CCE8006E2F61726D2D31352F7372632F6E6577DC
:10CCF8006C69622D63796777696E2F6E65776C69E9
:10CD0800622F6C6962632F7374646C69622F676445
:10CD1800746F612D6765746865782E6300232D3004
:10CD28002B2000686C4C00656667454647002F5607
:10CD38006F6C756D65732F646174612F6A656E6BB6
:10CD4800696E732F776F726B73706163652F474ECF
:10CD5800552D746F6F6C636861696E2F61726D2DEC
:10CD680031352F7372632F6E65776C69622D637925
:10CD78006777696E2F6E65776C69622F6C6962637D
:10CD88002F7374646C69622F6D707265632E630013
:10CD98002C2066756E6374696F6E3A200061737338
:10CDA800657274696F6E2022257322206661696C32
:10CDB80065643A2066696C6520222573222C206CF4
:10CDC800696E65202564257325730A003400000008
:10CDD800CEFBFFFFCB0300000100000000000000B5
:10CDE80035000000CEFBFFFFCB0300000100000070
:10CDF8000000000000000000BC89D897B2D29C3C1B
:10CE080033A7A8D523F649393DA7F444FD0FA53229
:10CE18009D978CCF08BA5B25436FAC6428066811D0
:10CE280000202020202020202020282828282820F2
:10CE380020202020202020202020202020202020EA
:10CE48002088101010101010101010101010101052
:10CE58001004040404040404040404101010101042
:10CE6800101041414141414101010101010101010C
:10CE7800010101010101010101010101101010105E
:10CE880010104242424242420202020202020202DE
:10CE98000202020202020202020202021010101032
:10CEA800200000000000000000000000000000005A
:10CEB800000000000000000000000000000000006A
:10CEC800000000000000000000000000000000005A
:10CED800000000000000000000000000000000004A
:10CEE800000000000000000000000000000000003A
:10CEF800000000000000000000000000000000002A
:10CF08000000000000000000000000000000000019
:10CF18000000000000000000000000000000000009
:10CF28000000000005000000190000007D0000005E
:10CF38000080E03779C34143176E05B5B5B893460D
:10CF4800F5F93FE9034F384D321D30F94877825AD9
:10CF58003CBF737FDD4F1575000000000000F03FF7
:10CF680000000000000024400000000000005940BC
:10CF78000000000000408F40000000000088C3400F
:10CF880000000000006AF8400000000080842E4184
:10CF980000000000D01263410000000084D79741D0
:10CFA8000000000065CDCD41000000205FA00242D6
:10CFB800000000E876483742000000A2941A6D424B
:10CFC800000040E59C30A2420000901EC4BCD6423E
:10CFD80000003426F56B0C430080E03779C34143E9
:10CFE80000A0D8855734764300C84E676DC1AB435F
:10CFF800003D9160E458E143408CB5781DAF15447D
:10D0080050EFE2D6E41A4B4492D54D06CFF0804457
:10D01800F64AE1C7022DB544B49DD9794378EA446C
:10D02800763C7935EF39EA3D763C7935EF39EABD1A
:10D038000000E0FE422EE63F0000E0FE422EE6BF82
:10D04800000000000000E03F000000000000E0BF1A
:08D05800000000000000008050
:08D06000D030FF7F0100000049
:04D06800510C00085F
:04D06C00290C000883
:10D07000000E27070000000003000000EC41002024
:10D08000430000000000000000000000000000005D
:10D090000000000000000000000000000000000090
:10D0A000430000000000000000000000000000003D
:10D0B0000000000000000000000000000000000070
:10D0C000430000000000000000000000000000001D
:10D0D0000000000000000000000000000000000050
:10D0E00043000000000000000000000000000000FD
:10D0F0000000000000000000000000000000000030
:10D1000043000000000000000000000000000000DC
:10D11000000000000000000000000000000000000F
:10D1200043000000000000000000000000000000BC
:10D1300000000000000000000000000000000000EF
:10D14000430000000000000000000000000000009C
:10D1500000000000000000000000000000000000CF
:10D160006DAC00082D9D00080000000028CE0008CE
:10D170001CCC0008D3CD0008D3CD0008D3CD0008C7
:10D18000D3CD0008D3CD0008D3CD0008D3CD0008FF
:10D19000D3CD0008D3CD0008FFFFFFFFFFFFFFFF47
:10D1A000FFFFFFFFFFFF000001004153434949001B
:10D1B000000000000000000000000000000000006F
:10D1C00000000000000000000000415343494900F6
:10D1D000000000000000000000000000000000004F
:10D1E000000000000000000000000000800100209E
:10D1F00000000000EC41002054420020BC4200200E
:10D20000000000000000000000000000000000001E
:10D21000000000000000000000000000000000000E
:10D2200000000000000000000000000000000000FE
:0CD23000000000000000000000000000F2
:0400000508006EFD84
:00000001FF
