:020000040800F2
:100000000000012089830008896700088D670008C7
:1000100099670008A5670008B167000800000000A4
:10002000000000000000000000000000BD670008A4
:10003000C167000800000000C5670008C967000824
:10004000D9830008D9830008D9830008D983000820
:10005000D9830008D9830008D9830008D983000810
:10006000D9830008D9830008D9830008D983000800
:10007000D9830008D9830008D9830008D9830008F0
:10008000D9830008D9830008D9830008D9830008E0
:10009000CD670008D9830008D9830008D9830008F8
:1000A000D983000869690008D9830008D98300084A
:1000B000D9830008D9830008D9830008D9830008B0
:1000C000D9830008D9830008D9830008D9830008A0
:1000D000D9830008D9830008416A0008D983000841
:1000E000E9690008D9830008D9830008D98300088A
:1000F000D9830008D9830008D9830008D983000870
:10010000D9830008D9830008D9830008D98300085F
:10011000D9830008D9830008D9830008D98300084F
:10012000D9830008D9830008D9830008D98300083F
:1001300001F0FF01102A2BDB10F0070F08D010F898
:10014000013B013A8B422DD010F0070F42B3F6D19C
:10015000F0B441EA012141EA014122F007047FF0B5
:1001600000070023F0E80256083C85EA010586EA0C
:10017000010685FA47F5A3FA87F586FA47F6A5FA48
:1001800087F68EB9EED1F0BC01F0FF0102F0070254
:1001900032B110F8013B013A83EA010313B1F8D1FF
:1001A0000020704701387047002D06BF35460338E0
:1001B000073815F0010F07D1013015F4807F02BF19
:1001C000013015F4C03F0130F0BC0138704700BF6A
:1001D000034613F8012B002AFBD1181A0138704787
:1001E00081F0004102E000BF83F0004330B54FEAE8
:1001F00041044FEA430594EA050F08BF90EA020F55
:100200001FBF54EA000C55EA020C7FEA645C7FEAE7
:10021000655C00F0E2804FEA5454D4EB5555B8BF0A
:100220006D420CDD2C4480EA020281EA030382EA7B
:10023000000083EA010180EA020281EA0303362D0D
:1002400088BF30BD11F0004F4FEA01314FF4801CE0
:100250004CEA113102D0404261EB410113F0004FF2
:100260004FEA03334CEA133302D0524263EB4303A9
:1002700094EA050F00F0A780A4F10104D5F1200E47
:100280000DDB02FA0EFC22FA05F2801841F10001A2
:1002900003FA0EF2801843FA05F359410EE0A5F176
:1002A00020050EF1200E012A03FA0EFC28BF4CF0A7
:1002B000020C43FA05F3C01851EBE37101F000455D
:1002C00007D54FF0000EDCF1000C7EEB00006EEB6A
:1002D0000101B1F5801F1BD3B1F5001F0CD34908F4
:1002E0005FEA30004FEA3C0C04F101044FEA44524B
:1002F00012F5800F80F09A80BCF1004F08BF5FEAD2
:10030000500C50F1000041EB045141EA050130BDB1
:100310005FEA4C0C404141EB0101013C28BFB1F5C3
:10032000801FE9D291F0000F04BF01460020B1FA0E
:1003300081F308BF2033A3F10B03B3F120020CDAE1
:100340000C3208DD02F1140CC2F10C0201FA0CF0BF
:1003500021FA02F10CE002F11402D8BFC2F1200C24
:1003600001FA02F120FA0CFCDCBF41EA0C019040DA
:10037000E41AA2BF01EB0451294330BD6FEA040423
:100380001F3C1CDA0C340EDC04F11404C4F120020E
:1003900020FA04F001FA02F340EA030021FA04F320
:1003A00045EA030130BDC4F10C04C4F1200220FA77
:1003B00002F001FA04F340EA0300294630BD21FAB5
:1003C00004F0294630BD94F0000F83F4801306BF7B
:1003D00081F480110134013D4EE77FEA645C18BF6F
:1003E0007FEA655C29D094EA050F08BF90EA020F06
:1003F00005D054EA000C04BF1946104630BD91EAFE
:10040000030F1EBF0021002030BD5FEA545C05D100
:100410004000494128BF41F0004130BD14F580043F
:100420003CBF01F5801130BD01F0004545F0FE41B3
:1004300041F470014FF0000030BD7FEA645C1ABFE8
:10044000194610467FEA655C1CBF0B46024650EA1F
:10045000013406BF52EA033591EA030F41F400214B
:1004600030BD00BF90F0000F04BF0021704730B5D1
:100470004FF4806404F132044FF000054FF00001A6
:1004800050E700BF90F0000F04BF0021704730B567
:100490004FF4806404F1320410F0004548BF40423C
:1004A0004FF000013EE700BF42004FEAE2014FEA91
:1004B00031014FEA02701FBF12F07F4393F07F4F6C
:1004C00081F06051704732F07F4208BF704793F06F
:1004D0007F4F04BF41F40021704730B54FF4607482
:1004E00001F0004521F000411CE700BF50EA010285
:1004F00008BF704730B54FF000050AE050EA01022E
:1005000008BF704730B511F0004502D5404261EB9D
:1005100041014FF4806404F132045FEA915C3FF4DE
:10052000D8AE4FF003025FEADC0C18BF03325FEA7B
:10053000DC0C18BF033202EBDC02C2F1200300FA2C
:1005400003FC20FA02F001FA03FE40EA0E0021FA51
:1005500002F11444BDE600BF70B54FF0FF0C4CF43F
:10056000E06C1CEA11541DBF1CEA135594EA0C0FF1
:1005700095EA0C0F00F0DEF82C4481EA030621EA2C
:100580004C5123EA4C5350EA013518BF52EA033567
:1005900041F4801143F4801338D0A0FB02CE4FF019
:1005A0000005E1FB02E506F00042E0FB03E54FF049
:1005B0000006E1FB03569CF0000F18BF4EF0010E41
:1005C000A4F1FF04B6F5007F64F5407404D25FEA3D
:1005D0004E0E6D4146EB060642EAC62141EA5551F0
:1005E0004FEAC52040EA5E504FEACE2EB4F1FD0C32
:1005F00088BFBCF5E06F1ED8BEF1004F08BF5FEAB0
:10060000500E50F1000041EB045170BD06F0004661
:1006100046EA010140EA020081EA0301B4EB5C040E
:10062000C2BFD4EB0C0541EA045170BD41F4801106
:100630004FF0000E013C00F3AB8014F1360FDEBF2B
:10064000002001F0004170BDC4F10004203C35DA07
:100650000C341BDC04F11404C4F1200500FA05F38A
:1006600020FA04F001FA05F240EA020001F000422B
:1006700021F0004110EBD37021FA04F642EB0601A1
:100680005EEA430E08BF20EAD37070BDC4F10C04CB
:10069000C4F1200500FA04F320FA05F001FA04F28F
:1006A00040EA020001F0004110EBD37041F100017B
:1006B0005EEA430E08BF20EAD37070BDC4F1200586
:1006C00000FA05F24EEA020E20FA04F301FA05F2EE
:1006D00043EA020321FA04F001F0004121FA04F296
:1006E00020EA020000EBD3705EEA430E08BF20EA66
:1006F000D37070BD94F0000F0FD101F000464000A0
:1007000041EB010111F4801F08BF013CF7D041EA21
:10071000060195F0000F18BF704703F00046520025
:1007200043EB030313F4801F08BF013DF7D043EAF6
:100730000603704794EA0C0F0CEA135518BF95EAAC
:100740000C0F0CD050EA410618BF52EA4306D1D133
:1007500081EA030101F000414FF0000070BD50EA52
:10076000410606BF1046194652EA430619D094EADC
:100770000C0F02D150EA013613D195EA0C0F05D1C6
:1007800052EA03361CBF104619460AD181EA03011A
:1007900001F0004141F0FE4141F470014FF00000D2
:1007A00070BD41F0FE4141F4780170BD70B54FF06D
:1007B000FF0C4CF4E06C1CEA11541DBF1CEA1355ED
:1007C00094EA0C0F95EA0C0F00F0A7F8A4EB0504CF
:1007D00081EA030E52EA03354FEA013100F08880C6
:1007E0004FEA03334FF0805545EA131343EA12638F
:1007F0004FEA022245EA111545EA10654FEA002644
:100800000EF000419D4208BF964244F1FD0404F5FC
:10081000407402D25B084FEA3202B61A65EB030558
:100820005B084FEA32024FF480104FF4002CB6EB15
:10083000020E75EB030E22BFB61A754640EA0C0095
:100840005B084FEA3202B6EB020E75EB030E22BFD5
:10085000B61A754640EA5C005B084FEA3202B6EB16
:10086000020E75EB030E22BFB61A754640EA9C00D5
:100870005B084FEA3202B6EB020E75EB030E22BFA5
:10088000B61A754640EADC0055EA060E18D04FEA63
:10089000051545EA16754FEA06164FEAC30343EA03
:1008A00052734FEAC2025FEA1C1CC0D111F4801FD0
:1008B0000BD141EA00014FF000004FF0004CB6E7C9
:1008C00011F4801F04BF01430020B4F1FD0C88BF68
:1008D000BCF5E06F3FF6AFAEB5EB030C04BFB6EB73
:1008E000020C5FEA500C50F1000041EB045170BD66
:1008F0000EF0004E4EEA113114EB5C04C2BFD4EB93
:100900000C0541EA045170BD41F480114FF0000E16
:10091000013C90E645EA060E8DE60CEA135594EA92
:100920000C0F08BF95EA0C0F3FF43BAF94EA0C0F95
:100930000AD150EA01347FF434AF95EA0C0F7FF40A
:1009400025AF104619462CE795EA0C0F06D152EA5E
:1009500003353FF4FDAE1046194622E750EA410642
:1009600018BF52EA43067FF4C5AE50EA41047FF453
:100970000DAF52EA43057FF4EBAE12E74FF0FF3CB8
:1009800006E000BF4FF0010C02E000BF4FF0010C89
:100990004DF804CD4FEA410C7FEA6C5C4FEA430C02
:1009A00018BF7FEA6C5C1BD001B050EA410C0CBF51
:1009B00052EA430C91EA030F02BF90EA020F0020B3
:1009C000704710F1000F91EA030F58BF994208BF1A
:1009D00090422CBFD8176FEAE37040F001007047D7
:1009E0004FEA410C7FEA6C5C02D150EA013C07D12E
:1009F0004FEA430C7FEA6C5CD6D152EA033CD3D079
:100A00005DF8040B704700BF8446104662468C4672
:100A10001946634600E000BF01B5FFF7B7FF0028A5
:100A200048BF10F1000F01BD4DF808EDFFF7F4FFCE
:100A30000CBF012000205DF808FB00BF4DF808ED59
:100A4000FFF7EAFF34BF012000205DF808FB00BF7C
:100A50004DF808EDFFF7E0FF94BF012000205DF89E
:100A600008FB00BF4DF808EDFFF7CEFF94BF012053
:100A700000205DF808FB00BF4DF808EDFFF7C4FF4C
:100A800034BF012000205DF808FB00BF4FEA410C95
:100A90007FEA6C5C02D150EA013C0AD14FEA430C78
:100AA0007FEA6C5C02D152EA033C02D14FF00000B5
:100AB00070474FF0010070474FEA410212F50012F3
:100AC00015D211D56FF47873B3EB625212D94FEA95
:100AD000C12343F0004343EA505311F0004F23FA7F
:100AE00002F018BF404270474FF00000704750EAD4
:100AF000013005D111F0004008BF6FF00040704791
:100B00004FF00000704700BF4A0011D212F50012EA
:100B100011D20DD56FF47873B3EB62520ED44FEA55
:100B2000C12343F0004343EA505323FA02F07047D5
:100B30004FF00000704750EA013002D14FF0FF3013
:100B400070474FF0000070474FEA4102B2F1E043B6
:100B500024BFB3F5001CDCF1FE5C0DD901F0004CA4
:100B60004FEAC0024CEA5070B2F1004F40EB8300F4
:100B700008BF20F00100704711F0804F21D113F120
:100B80003872BCBF01F00040704741F480114FEA59
:100B90005252C2F11802C2F1200C10FA0CF320FAE2
:100BA00002F018BF40F001004FEAC1234FEAD323FF
:100BB00003FA0CFC40EA0C0023FA02F34FEA430369
:100BC000CCE77FEA625307D150EA01331EBF4FF0F2
:100BD000FE4040F44000704701F0004040F0FE400D
:100BE00040F40000704700BF0348044B834202D02A
:100BF000034B03B118477047CC010020CC01002003
:100C0000000000000548064B1B1AD90F01EBA30199
:100C1000491002D0034B03B118477047CC010020A4
:100C2000CC0100200000000010B5064C237843B929
:100C3000FFF7DAFF044B13B10448AFF30080012340
:100C4000237010BDCC010020000000003CCD000846
:100C500008B5054B1BB105490548AFF30080BDE859
:100C60000840FFF7CFBF00BF00000000D001002008
:100C70003CCD000808B5012006F04EFE4FF4C060E0
:100C800006F020FE40F2026006F01CFE40F2036017
:100C900006F018FE40F2046006F014FE4FF4A06067
:100CA00006F010FE40F2015006F00CFE40F2197002
:100CB00006F008FE40F20E7006F004FE40F20F70DF
:100CC00006F000FE40F20B6006F0FCFD40F2096009
:100CD00006F0F8FD40F20A6006F0F4FD40F20F6005
:100CE00006F0F0FDBDE8084040F2117006F0EABDE4
:100CF00070B505F009FDFFF7BDFF00F02FFA02F017
:100D000035FA02F09FF900F03DFC02F04DF902F0D7
:100D100073F900F0CFFA00F0BBFB03F08FFAC5487F
:100D200008F08CFFC44808F089FF0123002202214B
:100D3000C24808F01BFFC248062105F0CBFAC048A4
:100D400005F0B2FB002800F0AC81BE4DBE4C6B69D3
:100D5000D4ED027A013304BF00236B612B690133A8
:100D600008BF0023F4EE677A08BF2B61F1EE10FA9A
:100D700080F19481BFEE007AF4EE477AF1EE10FA3A
:100D800000F08C81D4ED037AF4EE677AF1EE10FA7C
:100D900080F18181BFEE007AF4EE477AF1EE10FA2D
:100DA00000F07981D4ED067AF4EE677AF1EE10FA6C
:100DB00080F16E81BFEE007AF4EE477AF1EE10FA20
:100DC00000F066816B68D4ED077A013304BF01231C
:100DD0006B60AB68013304BF0023AB60EB68013389
:100DE00008BF4FF47A73F4EE677A08BFEB60F1EE58
:100DF00010FA80F11B81BFEE007AF4EE477AF1EE33
:100E000010FA00F01381D4ED087AF4EE677AF1EE6F
:100E100010FA80F10881BFEE007AF4EE477AF1EE25
:100E200010FA00F00081D4ED097AF4EE677AF1EE61
:100E300010FA80F1F580BFEE007AF4EE477AF1EE19
:100E400010FA00F0ED80D4ED127AF4EE677AF1EE4C
:100E500010FA80F1E280BFEE007AF4EE477AF1EE0C
:100E600010FA00F0DA80D4ED0A7AF4EE677AF1EE47
:100E700010FA80F1CF80BFEE007AF4EE477AF1EEFF
:100E800010FA00F0C780D4ED117AF4EE677AF1EE33
:100E900010FA80F1BB80BFEE007AF4EE477AF1EEF3
:100EA00010FA00F0B380D4ED0E7AF4EE677AF1EE2A
:100EB00010FA80F1A780BFEE007AF4EE477AF1EEE7
:100EC00010FA00F09F80D4ED177AF4EE677AF1EE15
:100ED00010FA80F19480BFEE007AF4EE477AF1EEDA
:100EE00010FA00F08C80D4ED187AF4EE677AF1EE07
:100EF00010FA80F18180BFEE007AF4EE477AF1EECD
:100F000010FA79D0D4ED147A5048514EF4EE677A45
:100F1000D4ED137AF1EE10FA64BF4E4B2365F4EE74
:100F2000677AD4ED167AF1EE10FA64BF4A4BE364A7
:100F3000F4EE677AD4ED157AF1EE10FA64BF474B00
:100F4000A365F4EE677AF1EE10FA64BF444B636573
:100F500003F00EFC00214FF44472424808F08FFE6B
:100F60006A69A36AC6F8D82064202A69C6F8D42022
:100F7000B3663D4D05F0EAFB6421304604F0ECFE1B
:100F80003A494FF4007206F1DC0008F0C5FE95E81E
:100F9000070003F055F8002840F08B80344800F03B
:100FA00011FB344800F028FB00221146282006F0EF
:100FB00037FC01220021142006F032FC002201211E
:100FC000192006F02DFC00220221262006F028FC24
:100FD000294B062101221980DA7000244FF47A701F
:100FE00005F0B4FBAB880134002BF7D095E807007F
:100FF000234602F03BFFF1E7204B236682E7204BBC
:10100000E36570E74FF07E53A3635CE74FF07E53D8
:10101000636448E71B4BA36235E7184BA36422E7E0
:10102000194B63620FE7194B2362FCE60023E3616F
:10103000E9E600BF70CE00087CCE00089CCE000818
:10104000BC390020D4390020D43D0020BC3600201B
:101050009833002000004841000048C1000082424F
:10106000000082C2442E00208C330020EC39002086
:10107000E8010020FC010020A83600200000A0406C
:101080000000FA430000A841000060410000FA425D
:101090000023A36196E6094BE36083E6084BA36057
:1010A00070E60849084800F06FFB084808F0C6FDE4
:1010B0004BE6074808F0C2FD70E700BF0000204281
:1010C00000007A44D43D0020D4390020B8CE000876
:1010D00008CF000808B514484FF4006106F018FB6B
:1010E0001248002106F01EFE002211460F4806F0AD
:1010F000B1FF0E480022012106F0ACFF0B48002290
:10110000022106F0A7FF00221146084806F044FF1E
:1011100006480022012106F03FFFBDE808400348D1
:101120000022022106F038BF00080140002C0140D7
:10113000024A136803431360FFF7CCBFD43E00207C
:10114000014B1868704700BFD43E0020024A136864
:1011500023EA000313607047D43E002010B55048C6
:10116000012106F0E9FA4F48012106F0E5FA4E4860
:101170004FF4A0530122182106F072FA4A484FF4A6
:1011800000630122042106F06BFA4FF400430122B0
:101190004648102106F064FA44484FF4004106F036
:1011A000B5FA43484FF420430122182106F058FABB
:1011B0003F484FF480430122482106F051FA4FF492
:1011C000805301223A48102106F04AFA38484FF479
:1011D000805106F09BFA35484FF40063022210213B
:1011E00006F03EFA4FF4805303223048042106F003
:1011F00037FA2E484FF4006106F08AFA2B484FF474
:10120000E0630322182106F02BFA27480323042267
:10121000002106F025FA264801230422002106F0C9
:101220001FFA21480C230422002106F019FA1F4856
:10123000F0230422002106F013FA1B483023042275
:10124000002106F00DFA4FF4005302221648102137
:1012500006F006FA14484FF4005106F059FA134804
:1012600004230122182106F0FBF9082301220F486C
:10127000042106F0F5F901214FF4EA1006F05CFABA
:101280000B484FF480730222482106F0E9F9BDE8CB
:10129000104007484FF400730322182106F0E0B90C
:1012A0000010200000023000001001400008014042
:1012B000000C014070B5714888B0002105F07CFF3A
:1012C0006F4A704B01920024042503934FF400727F
:1012D0004FF400634FF48076029204930DEB050205
:1012E0004FF4805321466548ADF81C60CDE90553A5
:1012F0008DF81E4005F07EFF2146604805F0B8FFDE
:1013000021465E4805F0C6FF5F4805F0AFFB5F4829
:1013100005F0ACFB4FF4803005F0F6FB31465A483F
:10132000012205F001FC22465748022105F0FCFB92
:1013300031465648012205F0F7FB22465348022168
:1013400005F0F2FB2146504805F016FC2A464E48AF
:10135000012105F01BFC01224B48022105F016FC7F
:1013600021464A4805F008FC2A464848012105F074
:101370000DFC46480122022105F008FC23462146C7
:101380004148062205F020FC23463F480F22012158
:1013900005F01AFC23463C480722022105F014FC04
:1013A000234639480822032105F00EFC2346214636
:1013B0003648052205F008FC234634480E22012158
:1013C00005F002FC23462A463048022105F0FCFBCA
:1013D00023462E480C22032105F0F6FB2A484FF441
:1013E0006022012105F09CFC01221146264805F0EF
:1013F0007BFC26484FF46022012105F091FC01227C
:101400001146224805F070FC234621461E480B2257
:1014100005F032FC234621461C480A2205F02CFC2C
:1014200019484FF4E042022105F07AFC16480122E7
:10143000022105F059FC15484FF4E042022105F065
:101440006FFC01220221114805F04EFC0E4805F008
:1014500055FB0E4805F052FB0B4805F035FB0B48D9
:1014600005F032FB012005F071F9074805F034FB67
:10147000064805F031FB08B070BD00BF0000024017
:101480004C240140DC3E00200024014000280140A3
:1014900070B5384888B0042105F08EFE3649374AC9
:1014A00001914FF48063012400254FF4807603926C
:1014B000049301AA4FF480532E4806930421ADF8FB
:1014C0001C6002968DF81E50059405F093FE294885
:1014D000042105F0CDFE0421264805F0DBFE284856
:1014E00005F0C4FA22463146254805F01DFB2A4680
:1014F0002348022105F018FB2946214805F03CFB52
:10150000224621461E4805F041FB22461C48022186
:1015100005F03CFB2B46294619480D2205F054FBEB
:10152000214617484FF4602205F0FAFB2246214677
:10153000134805F0D9FB2B46294611480D2205F02A
:101540009BFB0F484FF4E042022105F0E9FB2246E5
:1015500002210B4805F0C8FB094805F0CFFA0848FE
:1015600005F0B2FA204605F0F1F8054805F0B4FAA6
:1015700008B070BD000402404C3C0140D83E002041
:10158000003C014000B585B001A9002005F01EFC1B
:101590000A4805F009FC0A484FF48072CDE90102BF
:1015A0004FF4802301A90548039305F041FC03484B
:1015B000022105F0FDFD05B000BD00BF0064004044
:1015C0000000090300B5014687B0032005F0FEFBCB
:1015D00001A9012005F0FAFB00234FF4803101221C
:1015E00001A8CDE90133CDE903318DF8142005F0D0
:1015F000B1FC07B000BD00BF00B583B0014601904B
:10160000022005F0E3FB054A019990680860002379
:1016100006228A724B600B8103B000BDD4390020D2
:10162000F0B52DED028B1E4D83B00446F0EE608ABE
:10163000B0EE418AD5ED130A95ED141A01911020F0
:1016400004F000FA95ED161AD5ED150A0746B0EE2E
:10165000680A0C2004F0F6F9D5ED030A95ED0E7A30
:10166000D5ED117A60EEC70A064660EEA70AB0EE25
:10167000480AB1EE601A0C2004F0E4F90312019953
:10168000E17203EB06137ABA3111E3730023A173FD
:10169000A28120746374A37403B0BDEC028BF0BD0F
:1016A000D43D002084B0F0B52DED028B83B00AACA0
:1016B00084E80F009DF836309DF835709DF839208C
:1016C0009DF83760BDF833002D4C9DF838E09DF84B
:1016D0003A10D4ED140A94ED130A0F9D9FED298A58
:1016E0004FEA032C1B0943EA07170CF470631E43EF
:1016F000130240BA120903F470630B4342EA0E125C
:1017000080B210210092019304F0B0F985ED000A37
:10171000D4ED160A94ED150A38460C2104F0A6F90A
:1017200085ED010AD4ED170A3046B0EE480A0C21C7
:1017300004F09CF985ED020AD4ED180A00980C21FA
:10174000B0EE480A04F092F985ED030A94ED030A1D
:1017500094ED0E7AD4ED117A019820EE470A0C210F
:1017600020EE270AF1EE400A04F080F985ED040A24
:1017700003B0BDEC028BBDE8F04004B0704700BF81
:10178000D43D00200000000070B54FF480620C468C
:101790000546002108F073FA01264FF480720021FB
:1017A000204608F06CFA6E60002300224FF47A762F
:1017B000C5E904222A60AA60EE60154ADFED156AC9
:1017C0009FED157ADFED157AA3614FF07E51E3614D
:1017D0006363E3632364124BDFF858E0DFF858C01B
:1017E0001048A1636164A2640F49236522660F4B10
:1017F0000F4AC4ED026A84ED037AC4ED087AC4F896
:1018000054E0C4F858C0E164E0656262A36270BD50
:101810000000A04000007A44000020420000FA428C
:10182000000048410000FA43000048C10000A84100
:1018300000006041000082C20000824270B50E4686
:101840001E49A0F1040E00F57F754FF0FF305EF8E1
:10185000044F4FF0000C24FA0CF3DBB2584008227E
:1018600040F300030B40013A83EA5000F8D10CF139
:10187000080CBCF1200FEED17545E8D10F49B646F2
:1018800006F58075DEF800404FF0000C24FA0CF3EA
:10189000DBB25840082240F300030B40013A83EAD0
:1018A0005000F8D10CF1080CBCF1200FEED10EF174
:1018B000040EAE45E6D1C04370BD00BF2083B8ED35
:1018C0000368012B00F22C8243687F2B00F22882F0
:1018D00083687F2B00F22482C368DE4A013B934277
:1018E00000F21E820369DFF8A4C34FF6FF721344AF
:1018F000634500F2158243691A44624500F2108282
:10190000D1ED027A9FEDD47AF0EEE76AF4EE476A01
:10191000F1EE10FA00F20482DFEDDD6AF4EEE67A11
:10192000F1EE10FAC0F2FC81DFEDCC6AF4EEE67A5B
:10193000F1EE10FA00F2F481D1ED037AF0EEE76AED
:10194000F4EE476AF1EE10FA00F2EA819FEDC47AF4
:10195000F4EEC77AF1EE10FAC0F2E2819FEDC17A9F
:10196000F4EEC77AF1EE10FA00F2DA81D1ED064A10
:10197000DFEDB96AB0EEE47AB4EE667AF1EE10FA11
:1019800000F2CE81F5EEC04AF1EE10FAC0F2C88145
:101990009FEDB57AF4EEC74AF1EE10FA00F2C0817D
:1019A00091ED077AB0EEC76AB4EE666AF1EE10FA0E
:1019B00000F2B681B5EEC07AF1EE10FAC0F2B08155
:1019C0009FEDB36AB4EEC67AF1EE10FA00F2A88188
:1019D00091ED087AB0EEC76AB4EE666AF1EE10FADD
:1019E00000F29E81F7EE006AB4EEE67AF1EE10FAAC
:1019F000C0F29681DFED9D6AB4EEE67AF1EE10FA60
:101A000000F28E8191ED095ADFED936AB0EEC57A4E
:101A1000B4EE667AF1EE10FA00F282819FED907AD0
:101A2000B4EEC75AF1EE10FAC0F27A819FED907AC7
:101A3000B4EEC75AF1EE10FA00F2728191ED0A7A13
:101A4000B0EEC76AB4EE666AF1EE10FA00F2688191
:101A5000B7EE006AB4EEC67AF1EE10FAC0F2608119
:101A60009FED846AB4EEC67AF1EE10FA00F2588166
:101A700091ED0D7AB0EEC76AB4EE666AF1EE10FA37
:101A800000F24E81B5EEC07AF1EE10FAC0F2488154
:101A9000DFED7F6AB4EEE67AF1EE10FA00F24081F3
:101AA000D1ED0E6A9FED6C7AB0EEE66AB4EE476A4D
:101AB000F1EE10FA00F234819FED6F6AF4EEC66A1F
:101AC000F1EE10FAC0F22C81B2EE046AF4EEC66AAE
:101AD000F1EE10FA00F22481D1ED0F6AB0EEE66A61
:101AE000B4EE476AF1EE10FA00F21A81F5EEC06A20
:101AF000F1EE10FAC0F214819FED606AF4EEC66A4E
:101B0000F1EE10FA00F20C81D1ED106AB0EEE66A47
:101B1000B4EE476AF1EE10FA00F20281F5EEC06A07
:101B2000F1EE10FAC0F2FC809FED556AF4EEC66A41
:101B3000F1EE10FA00F2F480D1ED116AB0EEE66A2F
:101B4000B4EE476AF1EE10FA00F2EA809FED4D7AAA
:101B5000F4EEC76AF1EE10FAC0F2E2809FED477A28
:101B6000F4EEC76AF1EE10FA00F2DA80D1ED126AF3
:101B70009FED397AB0EEE66AB4EE476AF1EE10FAFC
:101B800000F2CE809FED366AF4EEC66AF1EE10FAEE
:101B9000C0F2C680B3EE046AF4EEC66AF1EE10FA43
:101BA00000F2BE80D1ED135AF0EEE56AF4EE476A1A
:101BB000F1EE10FA00F2B480DFED336AF4EEE65A8B
:101BC000F1EE10FAC0F2AC80F5EEC05AF1EE10FA68
:101BD00000F2A68091ED146AF0EEC66AF4EE476A50
:101BE000F1EE10FA00F29C80B5EEC06AF1EE10FA48
:101BF000C0F296809FED214AB4EEC46AF1EE10FA6D
:101C000000F28E80D1ED156AB0EE473AB0EEE67A7A
:101C1000B4EE437AF1EE10FA00F282809FED1A7A68
:101C2000F4EEC76AF1EE10FA7ADBF5EEC06AF1EE77
:101C300010FA75D891ED167AF0EEC73AF4EE433A01
:101C4000F1EE10FA6CD8B5EEC07AF1EE10FA67DB5F
:101C500020E000BF9F860100FFFF7F7F0000FA4465
:101C6000CDCCCC3D00007042000004420000164381
:101C7000000020420000804217B7D13800007A44AB
:101C80000050C3476F12833A00007AC4FEFF010080
:101C90000000C842B4EEC47AF1EE10FA40D8D1ED9B
:101CA000173AF0EEE32AF4EE432AF1EE10FA37D8B1
:101CB000F5EEC03AF1EE10FA32DBF4EEC43AF1EE92
:101CC00010FA2DD891ED184AF0EE433AB0EEC43A2E
:101CD000B4EE633AF1EE10FA22D8B5EEC04AF1EE56
:101CE00010FA1DDB5FED163AB4EEE34AF1EE10FA9E
:101CF00016D8F4EEE47AF1EE10FA11DBF4EEC57AC0
:101D0000F1EE10FA0CDBF4EEC65AF1EE10FA07D53C
:101D1000F4EEC76AF1EE10FA4CBF012000207047C4
:101D20000020704730B5DFF83CC083B06045069DA9
:101D3000079C02D0002003B030BD0229FAD1B2F5D1
:101D4000A07FF7D1214628460193FFF777FD019B3D
:101D50009842EFD12146284603B0BDE83040FFF756
:101D6000AFBD00BF4154484E401A0028D4BF0020E8
:101D70000120704740B12AB15B1A002BD4BF00206C
:101D8000012070471046704782420CBF4FF0FF3071
:101D90000120704711B10AB1082B01D00020704713
:101DA000009BC01AB3F5006FB0FA80F04FEA5010F4
:101DB00028BF0020704700BF431E00F1060C13F837
:101DC000012FFF2A09D16345F9D1C279131DDBB276
:101DD000022B02D80A70012070470020704700BF14
:101DE00038B5C0F30D0444F4804440F44045204627
:101DF0000AF05EFF002814BF2846204638BD00BF09
:101E0000084310B5C0F30D0420460AF051FF44EA20
:101E1000C03080B210BD00BF10B504460AF048FFC4
:101E200028B914F4804F18BF6FF0010010BD4FF0B7
:101E3000FF3010BDC0F30D00C1F30D01401AB0F525
:101E4000005F03DDA0F5804000B2704710F5005F31
:101E5000B8BF00F5804000B2704700BF0378A52BE3
:101E600029D143785A2B26D18378012B23D110B561
:101E700083790C46CBB9DFF84CE0421E811D00236C
:101E800012F801CF83EA0C0391421EF80330F7D118
:101E9000C2799A4212D1C37823700379637043796F
:101EA000A3708379E370002010BDC378072BE2D0C4
:101EB0004FF0FF3010BD4FF0FF3070476FF0010062
:101EC00010BD00BF58CD000890F800C06CF07F0C2A
:101ED00083F800C090F801C083F801C08078987042
:101EE0004FEA122CD970100C110E1A7183F805C02C
:101EF0009871D971704700BF164B1B7803B97047B2
:101F000030B5154C237883B0DBB2CDE900310546FE
:101F100004F034FC009B114A019903EB430C4FEA97
:101F20008C0E013342F80E0002EB8C0203F01F030B
:101F30000B4815719160237003781F2B04D8037828
:101F40000133037003B030BD064A136801331360D8
:101F500003B030BDF63E0020F53E0020F83E0020E4
:101F6000F43E0020F03E00202DE9F0418A4C01684B
:101F7000236840F201720133914288B0236006D198
:101F8000037A23B9437A13B9827A082A05D0A36861
:101F90000133A36008B0BDE8F08102A90B300093C3
:101FA000FFF75CFF18B1E3680133E360F2E704F088
:101FB000E5FB7A49009B0A68821A132A40F23181B4
:101FC000626808609DF8081001320729626000F01D
:101FD0002C81032900F2D687DFE801F09E941902D4
:101FE0009DF80A100F2900F29C80DFE811F0EA004A
:101FF000E800E6000101FF00FD00FB00F9009A0087
:10200000F500F100ED00D000CC009A00E3009DF84F
:102010000A20732A00F28580DFE812F0EA02E40267
:10202000DE028702830280027C0283008300760244
:10203000730270026A0264025C02550251024D0290
:1020400018030F038300830083008300FD00EF006B
:10205000EC00FD02EF00FD00EC0083008300830034
:102060008300830083008300830083008300830058
:102070008300830083008300830083008300830048
:10208000830083008300830083008300090303032C
:10209000FD0051034B0344033D0336032F03280384
:1020A0002103DD03D603CF03C803C103BA03B3037F
:1020B000AC03A5039E037C0375036E0367036003F3
:1020C00057035C072D070207E706AD06A306910636
:1020D00076064B0630060506EA05D205C705BB05A0
:1020E000A005640549051E050305E004C5049A041E
:1020F0007F04590442042F041504FB03EF03EC038F
:10210000E403EF029DF80A20042A00F23E87DFE88C
:1021100002F03633312F38009DF80A20002A00F0F3
:102120005F810123216901310022216103A902207D
:10213000CDE9003204F04AFE00230493ADF81430D8
:1021400040F2817303930823DDE9001202A88DF8A1
:1021500016300DF11703FFF7B7FE114803A904F07D
:1021600073FF032800F03881A3690133A36111E7ED
:102170000C4ADBE70F22D9E74FF48032D6E70A4A50
:10218000D4E70A4AD2E70A4AD2F80823CEE7084A37
:10219000D2F80423CAE700BF78400020EC3E0020BC
:1021A0000064004001D1E0A74154484E01E803001B
:1021B00098330020964A1268B8E7A268B6E76268CA
:1021C000B4E722680B46B1E7924AD2F80023ADE7A4
:1021D000914AD2F8FC22A9E78E4AD2F8FC22A5E760
:1021E000E269A3E7A269A1E762699FE722699DE727
:1021F000E2689BE740F2154298E7884A9FED887AAB
:10220000D2ED037A8749884AB4EEE77AF1EE10FA04
:10221000B8BF0A468AE7009301F052FB009B0246D2
:1022200084E7636901336361B4E69DF80A20013AEB
:102230000B2A00F2A786DFE812F0B4009700AC008A
:102240009F00BB008D00780061004C00370021002A
:102250000C0076489DF80B2001788A42BFF461AFEC
:102260007349097800782031091A0A44714902F04B
:102270001F020C2000FB0212926857E76B489DF882
:102280000B2001788A42BFF44CAF69490978007885
:102290002031091A0A44674902F01F020C2000FB92
:1022A00002121279D2B241E760489DF80B20017802
:1022B0008A42BFF436AF5E49097800782031091AA6
:1022C0000A4402F01F020C205A4900FB02F28A580D
:1022D0002CE75749554800220A70574902700A6096
:1022E000564A1278007842EA00220868B0F5803F2A
:1022F00036BF0968524909040A4317E74F4A4FF0AD
:10230000000C82F800C0117800296BD147484A4977
:102310001278007842EA00220868B0F5803F36BFA4
:102320000968474909040A4300E7444A3F48012134
:102330001170117800295FD13F491278007842EA84
:1023400000220868B0F5803F36BF09683C4909049F
:102350000A43EBE63B480288C2B11B21009303F01D
:102360007FFA009B0122E1E6364800936D2103F0DD
:1023700077FA009B0222D9E69DF80B20013AD2B2EF
:10238000132A03D82F4A1288002A5FD00223002282
:10239000CCE62C480093652103F062FA009B0322EF
:1023A000C4E6284800931B2103F05AFA009BD9E7A2
:1023B000244A11880029E9D10093FEF7C1FE0028C4
:1023C000E4D1144991F8DD120029DFD01D487A21AB
:1023D00003F046FA009BC5E7E3690133E361D9E501
:1023E000194AA3E61249114881F800C0124980F841
:1023F00000C0C1F800C08BE70F490D4D4FF0000C35
:1024000085F800C080F800C0C1F800C095E700BFA3
:102410009840002098330020BC360020D43D002096
:1024200000002042A0008002A000C002F43E002074
:10243000F53E0020F83E0020F03E0020F63E002051
:102440000000FFFFA83600204154484E0093FEF7DD
:1024500077FE00289AD1B34A9288002A96D1B24AD0
:1024600092F8DD22002A91D0B04A92F8F522002A93
:102470008CD000F180404FF4805100F5843005F09D
:102480004FF9002882D09DF80B309FEDA97AA94A18
:10249000A94807EE903AF8EE677A632167EE877AEB
:1024A000C2ED127A03F0DCF99DF80B20009B642149
:1024B00001FB02F23AE69D4AD2F8B42036E69F4A82
:1024C000D2F8182432E6984991F8DE2242B1D1F8C8
:1024D000E6222BE69A4AD188128942EA014225E691
:1024E000032323E6964A5188928842EA01421DE678
:1024F000934A5189128842EA014217E6904AD2680B
:1025000014E68A4A128A11E688490A89C96842EAA9
:1025100001420BE6844AD2F8802007E6824A926F95
:1025200004E6814AD2F8E02200E64FF48051854863
:10253000009305F0F5F84FF400610646814805F078
:10254000F5F8031E80487D49D0F8442CC2F3C0350D
:10255000D1F81824D1F818E4D1F81814C1F3800C7C
:10256000D0F8201C4FEA42124FEA012101F4807199
:1025700002F0200242EA01026B4991F8DD1218BF15
:102580000123003918BF012142EA430242EAC10295
:102590006649009B91F8F512003918BF012142EA03
:1025A0000112CEF3400E42EA850242EA8E1242EA5E
:1025B000CC12D0F820CCD0F8201CCCF3001042EA8A
:1025C0004022C1F3002142EA8122002E08BF42F0DE
:1025D000010242F00042A9E50093FEF7B1FD009B25
:1025E0000246A3E5009304F0C9F8009B02469DE56E
:1025F0004E491346D1F8F82298E55449544ADFF879
:1026000054C101F5007E51F8040F42408E450CFB89
:1026100002F2F8D18AE5009301F0FEFB009B02462E
:1026200084E5009301F046F9009B02467EE50093A5
:1026300001F03AF9009B024678E54349D1F83C2C79
:10264000D1F82C1C92B242EA01426FE53E49D1F822
:10265000342CD1F8381C92B242EA014266E50520DA
:10266000009301F03FF9009B02465FE504200093D0
:1026700001F038F9009B024658E50320009301F071
:1026800031F9009B024651E50220009301F02AF93E
:10269000009B02464AE50120009301F023F9009BCC
:1026A000024643E50020009301F01CF9009B02461E
:1026B0003CE5009301F010F9009B024636E50093DB
:1026C00001F004F9009B024630E51B49CA784878BE
:1026D0000978120442EA00220A4327E50E200093FB
:1026E00001F00AF9009B024620E50D20009301F05D
:1026F00003F9009B024619E50C20009301F0FCF859
:10270000009B024612E50B20009301F0F5F8009BB8
:1027100002460BE50A20009301F0EEF8009B02460A
:1027200004E500BF8C33002098330020BC36002025
:10273000CDCCCC3DD43D0020A83600200060004028
:10274000DC3E00200008014000200140E839002064
:10275000C59D1C81930100010920009301F0CCF874
:10276000009B0246E2E40820009301F0C5F8009BBC
:102770000246DBE40720009301F0BEF8009B02460E
:10278000D4E40620009301F0B7F8009B0246CDE4A4
:102790000520009301F0B0F8009B0246C6E4042037
:1027A000009301F0A9F8009B0246BFE403200093C8
:1027B00001F0A2F8009B0246B8E40220009301F069
:1027C0009BF8009B0246B1E40120009301F094F8CD
:1027D000009B0246AAE40020009301F08DF8009BC4
:1027E0000246A3E4D049D1480093FFF727F8009BA5
:1027F00002469BE4CD4A526998E4CD49CB4AD1EDDB
:102800001A7A1268FCEEE77A17EE901A42EA014251
:102810008CE4C54A9FEDC77AD2ED0A7AF4EEC77A06
:10282000F1EE10FA70DA9FEDC47AF4EEC77AF1EEA9
:1028300010FA66D99FEDC17A67EE877AFDEEE77AE6
:1028400017EE902A72E4BE4A9FEDBA7AD2ED557A1D
:10285000F4EEC77AF1EE10FA1FDA9FEDB77AF4EED4
:10286000C77AF1EE10FA15D99FEDB47A67EE877A40
:10287000FDEEE77A17EE902A58E4B14A9FEDB17A5F
:10288000D2ED5E7A67EE877AFCEEE77A17EE902A51
:1028900092B24BE44FF0004248E46FF0004245E44E
:1028A000A74ADFEDA86AD2ED5C7A92ED5D7A67EE19
:1028B000A67A27EE267AFCEEE77ABCEEC77A17EE08
:1028C000902A17EE101A92B242EA01422EE49C4A74
:1028D0009FED987AD2ED5B7AF4EEC77AF1EE10FABA
:1028E00018DA9FED957AF4EEC77AF1EE10FA0ED968
:1028F0009FED927A67EE877AFDEEE77A17EE902ADF
:1029000014E44FF0004211E46FF000420EE44FF087
:1029100000420BE46FF0004208E4894A9FED857A9B
:10292000D2ED5A7AF4EEC77AF1EE10FA2FDA9FED73
:10293000827AF4EEC77AF1EE10FA24D99FED7F7A0D
:1029400067EE877AFDEEE77A17EE902AFFF7EEBB87
:102950007B4A9FED787AD2ED597AF4EEC77AF1EEA0
:1029600010FA1CDA9FED747AF4EEC77AF1EE10FAE1
:1029700011D99FED727A67EE877AFDEEE77A17EE4E
:10298000902AFFF7D3BB4FF00042FFF7CFBB6FF0A9
:102990000042FFF7CBBB4FF00042FFF7C7BB6FF021
:1029A0000042FFF7C3BB664A9FED627AD2ED587AC8
:1029B000F4EEC77AF1EE10FA2FDA9FED5F7AF4EEBB
:1029C000C77AF1EE10FA24D99FED5C7A67EE877A28
:1029D000FDEEE77A17EE902AFFF7A8BB584A9FED65
:1029E000557AD2ED577AF4EEC77AF1EE10FA5ADA48
:1029F0009FED517AF4EEC77AF1EE10FA4FD99FEDC0
:102A00004F7A67EE877AFDEEE77A17EE902AFFF7A6
:102A10008DBB4FF00042FFF789BB6FF00042FFF71C
:102A200085BB474A9FED437AD2ED567AF4EEC77ADA
:102A3000F1EE10FA2FDA9FED407AF4EEC77AF1EE5C
:102A400010FA24D99FED3D7A67EE877AFDEEE77A9A
:102A500017EE902AFFF76ABB394A9FED367AD2ED1E
:102A6000547AF4EEC77AF1EE10FA58DA9FED327A22
:102A7000F4EEC77AF1EE10FA4DD99FED307A67EE99
:102A8000877AFDEEE77A17EE902AFFF74FBB4FF0FB
:102A90000042FFF74BBB6FF00042FFF747BB4FF020
:102AA0000042FFF743BB6FF00042FFF73FBB264AEF
:102AB0009FED207AD2ED067AF4EEC77AF1EE10FAA5
:102AC00025DA9FED1D7AF4EEC77AF1EE10FA1AD9E5
:102AD0009FED1A7A67EE877AFDEEE77A17EE902A75
:102AE000FFF724BB194A1A491278097842EA0122F1
:102AF00018490868B0F5803F36BF096816490904CF
:102B00000A43FFF713BB4FF00042FFF70FBB6FF014
:102B10000042FFF70BBB4FF00042FFF707BB6FF01F
:102B20000042FFF703BB00BFD43D0020D439002092
:102B3000983300206C12034A6C1203CA00007A44D6
:102B40001032002000401C4610020020F63E0020FB
:102B5000F43E0020F03E00200000FFFFD34A9FED2E
:102B6000D47AD2ED127AF4EEC77AF1EE10FA18DACE
:102B70009FEDD07AF4EEC77AF1EE10FA0DD99FED01
:102B8000CE7A67EE877AFDEEE77A17EE902AFFF7A6
:102B9000CDBACA4AD269FFF7C9BA4FF00042FFF76F
:102BA000C5BA6FF00042FFF7C1BAC4498A8D0878F0
:102BB00091F82010120442EA00220A43FFF7B6BA45
:102BC000BE49BF4A107892F801C00A7C120442EA5A
:102BD0000C22024391F8210042EA006291F822009F
:102BE00091F8241042EA406242EA8162FFF79EBAFD
:102BF000B44A9FEDAF7AD2ED377AF4EEC77AF1EEB0
:102C000010FA2FDA9FEDAB7AF4EEC77AF1EE10FAF4
:102C100024D99FEDA97A67EE877AFDEEE77A17EE61
:102C2000902AFFF783BAA74A9FEDA17AD2ED367AB0
:102C3000F4EEC77AF1EE10FA1CDA9FED9E7AF4EE0C
:102C4000C77AF1EE10FA11D99FED9B7A67EE877A79
:102C5000FDEEE77A17EE902AFFF768BA4FF00042D0
:102C6000FFF764BA6FF00042FFF760BA4FF000421E
:102C7000FFF75CBA6FF00042FFF758BA914A9FED38
:102C80008C7AD2ED357AF4EEC77AF1EE10FA2FDABB
:102C90009FED887AF4EEC77AF1EE10FA24D99FED11
:102CA000867A67EE877AFDEEE77A17EE902AFFF7CD
:102CB0003DBA844A9FED7E7AD2ED347AF4EEC77A3B
:102CC000F1EE10FA1CDA9FED7B7AF4EEC77AF1EEA2
:102CD00010FA11D99FED787A67EE877AFDEEE77AE0
:102CE00017EE902AFFF722BA4FF00042FFF71EBA04
:102CF0006FF00042FFF71ABA4FF00042FFF716BA22
:102D00006FF00042FFF712BA6E4A9FED697AD2ED7A
:102D1000337AF4EEC77AF1EE10FA1EDA9FED657A97
:102D2000F4EEC77AF1EE10FA13D99FED637A67EEED
:102D3000877AFDEEE77A17EE902AFFF7F7B9624936
:102D4000D1F83C2CD1F82C1C92B242EA0142FFF798
:102D5000EDB94FF00042FFF7E9B96FF00042FFF71D
:102D6000E5B95949D1F8342CD1F8381C92B242EA6D
:102D70000142FFF7DBB953499FED547AD1ED057A53
:102D8000F4EEC77AF1EE10FA80F2F9809FED507AF6
:102D9000F4EEC77AF1EE10FA40F2EF809FED467A3A
:102DA00067EE877AFDEEE77A17EE902AD1ED067A84
:102DB0009FED467AF4EEC77AF1EE10FA92B280F205
:102DC000D9809FED437AF4EEC77AF1EE10FA40F223
:102DD000CF809FED397A67EE877AFDEEE77A17EEBE
:102DE000901A42EA0142FFF7A1B9364A9FED307AC4
:102DF000D2ED117AF4EEC77AF1EE10FA2FDA9FEDE8
:102E00002D7AF4EEC77AF1EE10FA24D99FED2A7AE2
:102E100067EE877AFDEEE77A17EE902AFFF786B91C
:102E2000284A9FED237AD2ED2A7AF4EEC77AF1EEA2
:102E300010FA1CDA9FED1F7AF4EEC77AF1EE10FA61
:102E400011D99FED1D7A67EE877AFDEEE77A17EECE
:102E5000902AFFF76BB94FF00042FFF767B96FF0A8
:102E60000042FFF763B94FF00042FFF75FB96FF020
:102E70000042FFF75BB90D4A9FED0D7AD2ED037A60
:102E8000F4EEC77AF1EE10FA6EDA9FED0A7AF4EEFC
:102E9000C77AF1EE10FA63D99FED077A67EE877A69
:102EA000FDEEE77A17EE902AFFF740B9D43D0020F7
:102EB0006C12034A6C1203CA00007A44100200200C
:102EC000A8360020BC3600200020014068110342D3
:102ED0006F1203C2009300F09FFF2D4A9288151EC7
:102EE0002C4A92F8F52218BF0125161E2A4A92F89C
:102EF000DD22804618BF01264FF40061171E2748C7
:102F000018BF012704F012FC011E2548D0F8442CFC
:102F1000C2F3C03CD0F8202CD0F8203CD0F820ECF4
:102F20004FEA821202F040020EF4807E42EA0E0264
:102F300042EA450242EA860242EAC702C3F30010AF
:102F400042EA4C1242EAC01218BF0121B8F1000F48
:102F500018BF42F00102009B42EA0112FFF7E6B8F7
:102F60004FF00042FFF7E2B86FF00042FFF7DEB823
:102F70000C4936E747F6FF7133E70A4A16E747F68A
:102F8000FF7213E70423FFF7CDB80B46FFF7CAB86B
:102F90008C330020BC36002098330020000801400C
:102FA000002001400080FFFF00B5114889B004F007
:102FB0005FFD9FED0D7B4FF400724FF48271002393
:102FC0004FF40060CDE90013CDE9020218236946F1
:102FD000074806938DED047B04F078FD044804F067
:102FE0008FFD09B000BD00BF00000000010000001F
:102FF000003800400000000000B5114889B004F01E
:1030000037FD9FED0D7B4FF400724FF4827100236A
:103010004FF40060CDE90013CDE9020210236946A8
:10302000074806938DED047B04F050FD044804F03E
:1030300067FD09B000BD00BF0000000001000000F6
:10304000003C004070B548488CB004F06BFD08A807
:10305000002404F0DDFD01254FF400134FF4FA6263
:1030600008A9414808930A9209948DF82C5004F05D
:10307000D7FD3D4805F02EF821463B4805F014F8F1
:103080002946394805F018F8374804F021FE01A810
:1030900004F052FE022601AA214633480394CDE9EA
:1030A000014604F04FFE21462F48602204F04CFFF9
:1030B00021462D48042204F0A5FF21462A48082273
:1030C00004F078FF22462146274804F065FF01AA54
:1030D0002946254804F036FE29462348602204F09C
:1030E00033FF29462048042204F08CFF29461E485D
:1030F000082204F05FFF224629461B4804F04CFFDB
:1031000001AA3146184804F01DFE314616486022D7
:1031100004F01AFF31461448042204F073FF3146CC
:103120001148082204F046FF224631460E4804F0BA
:1031300033FF04A804F0DAFD4FF0005304A90A4855
:103140000694CDE90443ADF81C4004F0D5FD2146BA
:10315000054804F0E7FD2946034804F0BFFD024896
:1031600004F0B0FD0CB070BD002C014008B50D4856
:1031700004F0B6FF0B484FF4E13104F0FDFF0948BD
:10318000042105F039F80821064805F02FF8054814
:1031900005F026F8BDE80840024840F2053105F088
:1031A00041B800BF0044004038B50546E9B20C48BC
:1031B00005F028F841F2010401E0013C07D008487D
:1031C000072105F027F80028F7D0284638BD054A22
:1031D00013684FF0FF3501331360284638BD00BF38
:1031E0000044004098400020F0B52DED028B9B4D2F
:1031F0001446002285B02A600E46217C074600292D
:1032000000F08480E168DFED966A5B1A07EE903A81
:10321000F8EEE77AB7EE007A67EEA67AF4EEC77AB0
:10322000F1EE10FAC4ED057A7AD4F0EE006AF4EE0D
:10323000E67AF1EE10FA00F18F8004F54053A168B0
:10324000D0ED037A94ED068AC3F85411D6F8A41091
:10325000C3F85C11F16BC3F86011316CC3F86411F1
:10326000316DC3F86811716DC3F86C1137EEC88AFF
:10327000B16DC3F87011F16DC3F87411B0EEC88A66
:10328000316EC3ED547A83ED568AC3F87811304617
:10329000F0EE678A01F0F4FADFED727AB4EE678A35
:1032A000F1EE10FA0DD8DFED707AB4EEE78AF1EEA8
:1032B00010FA06D4DFED6D7AB4EEE78AF1EE10FA7B
:1032C00062DD304601F0DCFADFED697A68EE277ADC
:1032D00040F20112FDEEE77A00230120A4F821203C
:1032E000237017EE901A84F824000A20FEF704FEDB
:1032F00018EE100AFDF7D8F802465E480B4605B0F6
:10330000BDEC028BBDE8F04006F030BC5A48029399
:1033100006F094FC0122029B22740022E3606261A9
:1033200004F5005202F5496002F698420023534921
:10333000A360036013608A6CC6F8A42004F53051C2
:10334000C6F8A8303431304601F00CFBFB68A361AD
:1033500005B0BDEC028BF0BD77EEC77A9FED487AE1
:1033600004F5325367EE877A04F530511033343167
:103370003046C4ED027AC3ED007A05B0BDEC028B95
:10338000BDE8F04001F0EEBA9FED3D0A80EE080A7C
:1033900009F028FC431E142B07464FF000023DD8CD
:1033A0002070D4ED067AF4EEE87AF1EE10FA2ED51C
:1033B000344884F8202006F041FC2178324806F099
:1033C000D5FBA069FDF770F802460B4618EE900A8F
:1033D000CDE90223FDF768F8DDE90223CDE900011C
:1033E0002A4806F0C3FB94F820302B602378234949
:1033F00007EE903AF8EE677A00220123C1ED0A7ACF
:10340000227484F8213005B0BDEC028BF0BD01239D
:1034100084F820301E4806F011FCCEE7304601F05B
:103420002FFA40F2011300220121A4F8213022706A
:1034300084F824100A203946FEF75EFD18EE100AC3
:10344000FDF732F8024613480B46394605B0BDEC8D
:10345000028BBDE8F04006F089BB00BFD4390020E4
:10346000D1CB0B38FFFF7F7FCDCC4C3EE4CB164158
:1034700000007A4474CF000850CF0008D43D0020EB
:10348000DB0FC940F0CF000820D0000834D000087E
:1034900008D00008B0CF00082DE9F041C24E96EDEB
:1034A0000A7A2DED028BF3EE057AB4EEE77AF1EEAF
:1034B00010FA84B000F312811D46137C14460F46A7
:1034C0008046002B00F0D880D3689FEDB87AEB1AC5
:1034D00007EE903AF8EEE77AB7EE006A67EE877A81
:1034E000F4EEC67AF1EE10FAC2ED057A00F1D28060
:1034F0009FEDAF8A96ED0A7A67EE085AC5EE886AA4
:1035000076EE866AF4EEE67AF1EE10FA78D4DFED24
:10351000A96A27EE267AC7EE086A36EE867AF4EEB6
:10352000C77AF1EE10FA00F1E280084601F0A8F93E
:10353000D6ED0A7ABDEEE77A17EE103A002B40F38B
:10354000928104EB432303F1300204F130010023A4
:1035500051F8040F91420344FAD107EE103AB8EE45
:10356000C77A9FED956A656B9FED938ADFED938A2D
:1035700027EE866AD5F58035C7EE066A48BF05F2A4
:10358000FF156D120027FDEEE66AC4ED076A07EE2F
:10359000107AF8EEC75A67EE886A65EEA75A6FF0A0
:1035A0003F0265EE885A002165EEA85AB7EE005A30
:1035B00013E036EEC56AB4EEC76AF1EE10FA03D531
:1035C00037EE667AFDEEC77A17EE903A04EB830386
:1035D00001325B6B402A194433D007EE902AF8EE93
:1035E000E77A77EEA57AFDEEE77A17EE903A002BB0
:1035F000B8EEE77ADDDA37EE267AFDEEC77AE3E752
:10360000D2ED027A9FED6E7A77EE877A02F5325329
:10361000084602F53051C2ED027A3431C3ED047A26
:1036200001F0A0F994ED057AD4ED0C7AB4EEE77AC6
:10363000F1EE10FA00F3D08004B0BDEC028BBDE8CF
:10364000F0810029B8BF7F317F2D4FEAE112294672
:10365000C8BFA5F18001E06901F68C2304EB830368
:10366000121A5A605748013706F080FA802F2BD083
:10367000D6ED0A7A01358AE75348039306F0DEFA5D
:10368000039BA38500236361012323744FF07E53C2
:10369000E560236304F532530022A2601A61B06C26
:1036A000C7F8A40004F53051C7F8A82034313846D3
:1036B00001F058F9D8F80C206369A261236304B0C3
:1036C000BDEC028BBDE8F08100220123227484F856
:1036D000223004B0BDEC028BBDE8F0813B481521DF
:1036E00004B0BDEC028BBDE8F04106F03FBAD2ED6C
:1036F000027A9FED337A77EEC77A0846C2ED027AF6
:10370000B36CC1F8A4300023C1F8A83002F53253DD
:1037100002F53051C3ED047A343101F023F994ED10
:10372000057AD4ED0C7AB4EEE77AF1EE10FA83DD87
:10373000A78D002F80D096ED0A7AD4ED027ADFEDC6
:10374000256AD8F87430A06827EE087A67EEA66A72
:10375000C6EE877AFDEEE77A17EE902A9B1ADD1304
:1037600005F480351D4404EB8703CDED037A596BD6
:103770000D4405EBD5756D105D63FCF795FE2B468A
:10378000CDE90001039A1248394606F0EFF9D4ED6D
:103790000C7A9FED0A7AA38D77EE877A013BA38599
:1037A000C4ED0C7A48E700BFD43D0020D1CB0B38E4
:1037B000DB0FC940DB0F4941000000430000003C23
:1037C0005F975B39B8D0000880D0000850D000085F
:1037D000A8D000080000804794ED026A96ED0A7AAE
:1037E0005FED046AD8F87430A78D66EE266A27EE7E
:1037F000087A16EE100AC6EE877AFDEEE77A17EE23
:10380000902A9B1ADD1305F480351D4404EB8703D1
:10381000CDED037A5D63FCF747FE2B46CDE9000151
:10382000039A1248394606F0A1F99FED116A94ED0A
:103830000C7ADFED106AA38D37EE067AFFEE007A80
:1038400084ED0C7A96ED0A6A07EE103AE6EE267AD7
:10385000B8EEC77AB4EE677AF1EE10FA3FF4ECAE48
:103860000133A385E8E69FED047A7AE6A8D0000844
:103870000000003C0000004300000000024B1878EC
:10388000003818BF01207047FC400020044B1B7813
:1038900023B1044A136843F001031360704700BF6B
:1038A000FC400020F8400020014B1868704700BF22
:1038B000F8400020014B1868704700BFF44000201A
:1038C000014B1868704700BFF0400020014B18689A
:1038D000704700BFEC400020014B1868704700BFE4
:1038E000E840002005289DBF024B33F8100080B24D
:1038F00000207047DC4000200E289ABF024B53F88E
:1039000020000020704700BFA0400020024B187824
:10391000003818BF012070479C400020014B012255
:103920009A637047A040002070B504464FF6FF73BD
:1039300084B03748218063804FF48051164603F0ED
:10394000E7FE00230393039B3F2B06D800BF039B96
:1039500001330393039B3F2BF8D940F6010501E0A7
:10396000013D40D02B48022104F0D6F80028F7D0C2
:103970002188284804F0CAF840F6010501E0013D1D
:1039800040D02448012104F0C7F80028F7D021488E
:1039900004F0BEF840F60105608001E0013D34D03E
:1039A0001C48802104F0B8F80128F7D000230293C6
:1039B000029B3F2B4FF000051CD915484FF4805156
:1039C00003F0A4FE00230193019B3F2B06D800BF08
:1039D000019B01330193019B3F2BF8D9638833800E
:1039E000284604B070BD4FF0FF3500230293029BC0
:1039F0003F2BE2D800BF029B01330293029B3F2B77
:103A0000F8D9DAE76FF00105EFE76FF00205ECE7B0
:103A1000000C01400038004070B582B000230DF169
:103A200002024FF40041ADF80230ADF80430ADF8B9
:103A300006300446FFF778FF4FF40841064601AA16
:103A40002046FFF771FF4FF4084105460DF10602CD
:103A50002046FFF769FF46EA0503034304D0064A00
:103A6000136843F004031360BDF80600BDF804308A
:103A700043EA004002B070BDF84000202DE9F04F4D
:103A8000002787B003ACCDE9037701943A4EDFF805
:103A90000CA13A4C059780464FF001090DF10E0B31
:103AA00014F8015B364BADF80A7043EAC5250DF1F9
:103AB0000A02A9B24046FFF737FF002849D0326812
:103AC00042F004024FF000093260A2450BF1020BF4
:103AD000E6D1019C2B48002334F8022B20F8132058
:103AE0000133062BF8D12849DDF80E30C8F806302E
:103AF0000B602649DDF81240BDF80E20BDF810001D
:103B00000C60234CBDF8161021600243BDF8123042
:103B1000BDF8144025D1C3F30A03A02B21D11D4BBE
:103B20009FED1D7AD3ED037AB4EEE77AF1EE10FA49
:103B3000ACBF4FF430734FF420739C4211D140F26C
:103B40001543994208BF09F1FF300AD107B0BDE81B
:103B5000F08F5A46A9B24046FFF7E6FE0028AED1E4
:103B6000B3E7054A13684FF0FF3043F008031360D2
:103B700007B0BDE8F08F00BFF8400020D0D80008A3
:103B80000080FFFFDC400020F0400020EC400020DF
:103B9000E8400020D43D002000002042D5D8000895
:103BA00030B585B004AB03E907000F48002104F0ED
:103BB000B9F80E484FF4006103F0A8FD00230C4A49
:103BC0001C4642F8234001330F2BFAD1094B012543
:103BD0001D7002F0D3FD084B084A1860084B1570A1
:103BE0001C7005B030BD00BF002C01400008014032
:103BF000A04000209C400020004100200541002002
:103C00000441002070B5754D88B02B7801AC84E874
:103C100007000BB908B070BD714B1E6802F0AEFD15
:103C20000A220146304602F011FD0028F2D000239E
:103C30006C482B704FF4805103F072FD034600284E
:103C400000F08D8094E8070005AB03C341F2A101A9
:103C50001A8005A80DF112020093FFF765FE624A73
:103C60009FED627AD2ED037A009B94E80700B4EEF0
:103C7000E77AF1EE10FA0DF1140CACE80300A8BFDE
:103C80004FF44B511A80B8BF4FF44A510DF1120254
:103C900005A8FFF749FE94E80700009B0DF1140CFE
:103CA000ACE8030042F615411A8005A80DF1120296
:103CB000FFF73AFE2046FFF7E1FE4D4B4D4A041E4A
:103CC0000CBF01210021196011684B4A596012682C
:103CD0004A499A6009684A4AD960518889B219618B
:103CE000918889B25961D188464A89B29961D2F8DE
:103CF0000418D961D2F80C181962D2F80818596260
:103D0000D2F8041C9962D2F80C1CD962D2F8081CB3
:103D10001963A2F55042D2F808285A6344D13148B9
:103D20004FF4805103F0FCFC00283DD03649374B5E
:103D3000374801250D702A4621461C7004F08AF987
:103D40002A462946324804F085F931482A4602219C
:103D500004F080F92E48294603F0E4FF5AE7244D89
:103D6000009320462B60FFF757FE264A6860D2F882
:103D70000418E961D2F80C182962D2F808186962AF
:103D8000D2F8041CA962D2F80C1CE962D2F8082C03
:103D900020492A631D4AD1F80818009B6963202036
:103DA0001370FDF7C5F935E7184B002420201C706F
:103DB000FDF7BEF9012221461548ADF8082003F0B1
:103DC000B1FF08484FF4006103F0A2FC0E4A0F4B0C
:103DD0002C7014701C7008B070BD00BF054100202D
:103DE0000041002000080140D43D00200000204296
:103DF000A0400020F0400020EC400020E8400020DF
:103E0000DC40002000000140044100209C400020D4
:103E1000002C014000300040024B1878003818BFD9
:103E2000012070470441002000B585B004AB03E9D0
:103E300007000948002103F075FF08484FF40061AE
:103E400003F066FC06480749074A002303700B701D
:103E5000137005B000BD00BF002C014000080140F8
:103E600005410020044100209C400020F0B589B0AD
:103E700001AC84E8070094E8070005AE03C64FF4E0
:103E80000041328005A80DF112021F46FFF74CFDDC
:103E900094E8070005AB03C332804FF408410DF1ED
:103EA000120205A8BDF81250FFF73EFDBDF8124002
:103EB00054EA05031FD12B0743D46F0746D4AE073E
:103EC00049D4ED074CD460054FD4A10552D4E20586
:103ED00055D4230658D467065BD4A6065ED4E506FF
:103EE00061D4200764D4610767D4A2076AD4E307CA
:103EF0006DD409B0F0BD3B48394605F037FE6A0580
:103F00006BD4AB0502D5384805F030FEEF0502D57D
:103F1000364805F02BFE2E0602D5354805F026FE64
:103F2000680602D5334805F021FEA90602D53248BD
:103F300005F01CFEEA06BED5304805F017FE2B073B
:103F4000BBD52F4805F012FE6F07B8D52D4805F0F8
:103F50000DFEAE07B5D52C4805F008FEED07B2D52D
:103F60002A4805F003FE6005AFD5294805F0FEFD9F
:103F7000A105ACD5274805F0F9FDE205A9D52648ED
:103F800005F0F4FD2306A6D5244805F0EFFD6706ED
:103F9000A3D5234805F0EAFDA606A0D5214805F0E3
:103FA000E5FDE5069DD5204805F0E0FD20079AD502
:103FB0001E4805F0DBFD610797D51D4805F0D6FDCD
:103FC000A20794D51B4805F0D1FDE30791D51A4807
:103FD00009B0BDE8F04005F0C9BD184805F0C6FDC0
:103FE0008FE700BFC4D00008E4D00008F0D000087C
:103FF000F8D0000800D1000808D1000814D100084A
:1040000020D100082CD1000838D1000844D1000884
:1040100050D1000858D1000860D1000868D10008CC
:1040200070D1000878D1000884D1000890D1000830
:104030009CD10008A8D10008B4D10008D8D000084D
:104040002DE9F04188B001AC84E807006C4F6D4A5F
:104050006D4D6E4900233B602B6013606C4A13600A
:104060006C4A13601A4621F813200133062BFAD14B
:10407000FDF730F8684B9FED697AD3ED037A684E0F
:104080006848B4EEE77AF1EE10FA4FF001034FF40E
:104090000061A8BF4FF003083370B8BF4FF00208AB
:1040A00003F034FB0A2002F051FB2046FFF7B4FC7A
:1040B00028602B681BB13B6843F002033B6094E827
:1040C000070005AD03C541F2A1012A8005A80DF145
:1040D0001202FFF729FC544800F024FB94E8070083
:1040E000B8F1030F05AB03C314BF4FF44A514FF4AB
:1040F0004B512A8005A80DF11202FFF715FC94E838
:10410000070005AB03C32A8042F615410DF11202E8
:1041100005A8FFF709FC94E8070005AB03C341F2CB
:10412000A1012A8005A80DF11202FFF7FDFB012075
:1041300002F00CFB3B484FF4805103F0F1FA18B940
:104140003B6843F010033B602046FFF797FC28B91B
:1041500034484FF4805103F0E3FAE0B994E80700E3
:1041600005AB03C341F2A1011A8005A80DF11202AB
:10417000FFF7DAFB012002F0E9FA2A484FF48051F8
:1041800003F0CEFA28B32046FFF778FC08BB3B6863
:1041900023F008033B6023484FF4805103F0C0FA3A
:1041A0000446B8B12148002103F0BCFD1D484FF47E
:1041B000006103F0ADFA1E491E4A1F4B00240C702B
:1041C00014701C703470FCF785FF204608B0BDE801
:1041D000F081002420203470FCF7AAFF1348214608
:1041E00003F0A0FD0F484FF4006103F091FA10496D
:1041F000104A114B0C704FF0FF3014701C70E5E743
:10420000F8400020F0400020F4400020DC40002076
:10421000EC400020E8400020D43D00200000204277
:10422000FC40002000080140BC360020002C01406A
:1042300005410020044100209C40002008B50C21CD
:10424000002003F0BBFA4FF480500222002103F05B
:1042500033F8BDE808404FF4805003F085B800BF44
:10426000044A072928BF07210023C0E90121037060
:10427000704700BF00C0030810B5044603F07AF889
:1042800040F2073003F0DEF9606803F0A7F801237D
:10429000237010BD84B00DF1100C0CE907000298DA
:1042A000049900EB830004B003F038B984B00DF139
:1042B000100C0CE907000298049900EB830004B08D
:1042C00003F02CB984B00DF1100C0CE90700029832
:1042D00010EE101A00EB830004B003F01FB900BF0A
:1042E00000B583B0019003F065F8019800230370D6
:1042F00003B000BD84B00DF1100C0CE9070051F8BB
:10430000230004B0704700BF84B00DF1100C0CE91D
:10431000070051F8230004B0704700BF84B00DF1CE
:10432000100C0CE9070001EB830292ED000A04B0C7
:10433000704700BF08B590ED167AD0ED186A1C4B97
:10434000F7EE007A2DED048B37EEC77A9FED199AC0
:10435000D0ED178A1968184827EE097A77EEE88AAF
:1043600037EEE68AFCEEC77A17EE902AC9B903F059
:1043700013FE1148012168EE898AFCEEE87A17EEF7
:10438000902A03F009FE68EE097ABDEC048BFCEE7E
:10439000E77ABDE80840084817EE902A022103F0AA
:1043A000FBBD012103F0F8FD03480021E3E700BF56
:1043B000D43900200000FA44002C014038B5484BA5
:1043C0001C680546002C7ED12146464802F0CCFCF4
:1043D0000346AB604448214602F0C6FC0346414810
:1043E000EB60022102F0B2FC4048022102F0AEFC78
:1043F00040F6010401E0013C50D03A48042102F0AB
:10440000C7FC0028F7D040F6010401E0013C45D08C
:104410003648042102F0BCFC0028F7D031480421C2
:1044200002F0BCFC3148042102F0B8FC00212F4806
:1044300002F09AFCAA68D5F89810EB68D5ED1C6AD2
:10444000DFED2B5A2861521A07EE102AD5F89C206E
:1044500007EE900A9B1AB8EEE76A07EE903AB8EEBC
:10446000C77AF8EEE77A27EE267A67EEA67AD5F8CD
:10447000F83285ED067AF1EE476A26EE256A76EE89
:10448000E76A0122013385F8F52285ED086AC5ED5A
:10449000077AC5ED056AC5F8F83238BD1148042120
:1044A00002F07CFC1148042102F078FCD5F8FC32C3
:1044B0000022013385F8F522C5F8FC328020BDE8E2
:1044C0003840FCF735BE0021074802F04DFC03469A
:1044D000AB600448002102F047FC03467FE700BFC1
:1044E000D43900200024014000280140003C014054
:1044F0001833533C00B52DED028B87B0CDE9021087
:10450000CDED050A8DED041A0192F0EE408A01F01E
:10451000E7FAB0EE408AB0EE680A01F0BBFAF6EEB8
:10452000007A67EEC06ADFED175A9FED176A9DEDBE
:10453000041ADDED050A03980299019A67EEC87A1C
:10454000B0EE667AA8EE257AE8EE656AF0EE675A74
:10455000E0EE065AE0EE467A21EE477A21EE400A76
:1045600021EE661AA8EE200AA5EEA07AA7EEA01A00
:1045700080ED000A81ED007A82ED001A07B0BDECF3
:10458000028B00BDD7B35DBFD7B35D3F00B52DED46
:10459000028B87B0CDE90110CDED050A8DED041A2F
:1045A000CDED031AF0EE408A01F09AFAB0EE408A9F
:1045B000B0EE680A01F06EFAB6EE007A67EE486A6D
:1045C00027EE407ADFED185A9FED186A9DED041A28
:1045D000DDED050ADDED031A02980199F0EE667A29
:1045E000B0EE475AA8EE065AE0EE257AA8EE467AD3
:1045F00067EE817A21EE451AE0EE656AE8EE207AF0
:10460000A0EE601AE6EEA17AA7EE611A9FED086AA5
:1046100067EE867A21EE061AC0ED007A81ED001A67
:1046200007B0BDEC028B00BDD7B35D3FD7B35DBF14
:10463000ABAA2A3F00B52DED0A8BB0EE609A85B08B
:10464000F0EE418AF0EE40AAB0EE611AF0EE680A90
:10465000B0EE490AB0EE618A0192CDE9021001F094
:10466000BBF9B0EE481AF0EE680AB0EE40AAB0EE20
:10467000490A01F099F93AEE00AAF6EE009AAAEE7C
:10468000699ADFED24BA9FED24CA9FED24BA29EE82
:10469000299AF0EE4C0A29EE2B9A89EE2A0A9FED10
:1046A000209A30EE0B0A01F06FF9F0EE490A01F0A2
:1046B00073F9EAEE698A039880ED000A68EEA98A28
:1046C000F0EE4C0A68EEAB8A88EEAA0A30EE0B0ACE
:1046D00001F05AF9F0EE490A01F05EF9AAEE698A92
:1046E000029981ED000A28EE298AF0EE4C0A28EEA4
:1046F0002B8A88EE2A0A30EE0B0A01F045F9F0EE1B
:10470000490A01F049F9019A82ED000A05B0BDECB1
:104710000A8B00BD3333933F00000000D7A3F03E67
:10472000D7A3703FF8B500238365C36503660446CD
:10473000FFF700FE00264FF47A7537462046FFF754
:104740003DFED4E90223013D17441E44F6D1074B38
:1047500083FB0721FA17C2EBA11283FB0631F31783
:10476000C3EBA113C4E92623F8BD00BFD34D6210EB
:104770002DE9F843344A354BDFED356ADFED355A24
:104780002DED028BC267C0F8802093ED027A324A89
:10479000C0F8842066EEC76AF7EE007AB0EE676A6A
:1047A000A6EEA56A2D4ADFED2E6A1268C0F8C82071
:1047B00027EE267AC7EE866A80ED1D7A77EEE67AD6
:1047C00080ED1E7AC0ED227A9FED267AD3ED037A32
:1047D000F4EEC77AF1EE10FA33D8234BDFF89C9051
:1047E000DFED228A9FED228A224F03674FF0804837
:1047F00000F1F4050024002607EE904AF8EEE77A6F
:10480000013467EEA87AC7EE887A17EE900AFBF7B4
:104810004BFE41EC100B07F05BFE424651EC100BD7
:104820004B46FBF799FE32463B46FBF7DFFCFCF7B5
:104830008BF9802C45F8040BDED1BDEC028BBDE872
:10484000F8830D4BCAE700BFEC51383DD43D002042
:10485000D1CB0B38DB0FC940BD74933BD43900205A
:1048600017B7D13800002042FFFFA43C000000BC75
:104870006F12033D0000F03FFFFF243D3333F33F51
:1048800010B54FF47A7204460021114803F084FBFE
:104890000F484FF47A72012103F07EFB4FF47A72D5
:1048A0000B48022103F078FB00230022C4F8A43057
:1048B000C4F8A830E36323646364C4F89030C4F898
:1048C0008C3063652365C4F8E830C4F8EC2010BD73
:1048D000002C014090ED397AD0ED387A90ED3A0A0B
:1048E000DFED1E0A77EEC77A90ED217A10B5A7EEBC
:1048F000270A82B0044680ED3A0A01F04DF8184BC1
:10490000D3ED060AF1EE600A01F03EF894ED3C7A30
:1049100084ED3A0A60EE407A84ED290AE7EE077AE0
:10492000F5EE407AF1EE10FA11D4F1EEE70A94EDCB
:104930002A0ACDED010A01F02FF8DDED010AF1EEB2
:10494000600A01F021F884ED2A0A02B010BDB0EE31
:10495000670A07F00DFEF0EE400AE8E700000000ED
:10496000D43D002030B52DED028B91ED170A4B6E32
:10497000904D91ED186AD0ED071A90ED061AD0ED22
:10498000050AD1ED036A83B0436380ED0B0A95ED10
:10499000117AC6EE077A044600F140013C30C4EDBE
:1049A0000C7A95ED117AC6EE877AC4ED0A7AFFF794
:1049B000EDFD9FED815A94ED087ADFED805AD4ED3C
:1049C000097A94ED106AD4ED0F6A94ED114AD4ED92
:1049D000124A27EE057A26EE056AA7EEA57A04F1BB
:1049E000A80104F1A400DFED767A84ED097A67EE80
:1049F000277A66EE856A9FED735AE4EEA56AA4EE07
:104A0000256A67EE857ADFED705A84ED116A67EEEC
:104A1000A57AC4ED126AC4ED387A95ED030A84EDE7
:104A20003C0A00F0F1FFD4ED0F6AD4ED298A94ED31
:104A30001D7A94ED230ADFED657A94ED2A8AD4ED90
:104A4000380A78EEE68AA7EE280A94ED107A30EE5E
:104A5000270A38EE478A84ED140A00F09DFFD4ED52
:104A6000380AF1EE600A00F08FFFD4ED1F6A94ED72
:104A70001D7AD4ED237AD4ED380A84ED140A27EE9A
:104A8000267AE7EE287AB0EE670AC4ED237A00F0C2
:104A900083FFD4ED380AF1EE600A00F075FFD4ED23
:104AA000147AD4ED380A84ED230A67EEE77AE0EE53
:104AB000A07AF5EE407AF1EE10FA6FD4F1EEE78AC3
:104AC00094ED240AD4ED1E7AD4ED206AB0EE407A3B
:104AD000A7EE887A67EEA67ADFED3C6AA7EE880A31
:104AE00077EE267A84ED240AC4ED157A00F054FF9F
:104AF000D4ED380AF1EE600A00F046FFF0EE406AAD
:104B000094ED150A94ED147AC4ED246A60EE007AEF
:104B1000F0EE680AE7EE077AB1EEE77A84ED397ACB
:104B200000F03AFFF1EE680A00F02EFFF0EE407A56
:104B300004F1540194ED380AC4ED157A04F15000E3
:104B400000F062FFDFED227A94ED0D7A94ED0B0A0E
:104B500094ED151AD4ED140AA7EE270A04F16C029D
:104B600004F1680104F16400FFF7C4FC04F158008B
:104B7000D4ED1B1A94ED1A1AD4ED190A94ED380AE3
:104B800004F1600204F15C01FFF754FD204603B01C
:104B9000BDEC028BBDE83040FFF7CCBBB0EE670A3E
:104BA000CDED010A07F0E4FCDDED010AF0EE408AEC
:104BB00086E700BFD43D0020CDCCCC3D6666663F85
:104BC0003333933FD7A3703F3ACD133F000000002B
:104BD000BAB1513890ED0A7AD0ED337AD0ED356A1A
:104BE00090ED370A144BD0ED3C0A77EEC77A90ED82
:104BF000347AA6EEA70A10B5D0ED0C7AD0ED366A5D
:104C000037EE677AD3ED0E7AA6EE870A044693ED67
:104C1000117A67EE877A80EE270A00F0BDFED4EDA8
:104C20003C0AF1EE600A00F0AFFE002384ED2A0A90
:104C3000C4F8A43010BD00BFD43D00200023C0F84C
:104C4000DC30C0F8D430C0F8D830C0F8CC30C0F870
:104C5000D030C0F8A830704708B50B4801F048FBC9
:104C600070B1094801F078FB38B1074801F0D8FC71
:104C7000054801F019FC013808BD034801F0D0FCDB
:104C80004FF0FF3008BD00BFBC39002010B54FF415
:104C9000805182B00A4802F043FD0446FCF750FA06
:104CA000084A094B094992F8F52293F8DD328988C0
:104CB0000092221E18BF012201F0B6FC02B010BD06
:104CC00000080140BC360020983300208C330020BF
:104CD00010B503780446052B2AD8DFE803F0270334
:104CE0002A2927271B4B1A8918685968FFF79CF84F
:104CF000194B93F82220CAB91849194A09689162D8
:104D000003F50053174893F848CFD3F84C3F1649A2
:104D1000C0F800C04FF400724361183004F0FCFF8B
:104D2000114912484FF4007204F0F6FF0123E370BA
:104D300010BD084B0122C270186859681A89FFF724
:104D400073F80B48FFF79CFDBDE810400848FFF7DB
:104D500075BF00BF8C3300201002002054310020AA
:104D6000D43D0020D439002060310020743400206C
:104D7000BC36002008B50D4804F060FF0C4804F074
:104D80005DFF0C4804F05AFF0B4804F057FF0B4836
:104D900004F054FF0A4804F051FF0A4804F04EFFA3
:104DA000BDE80840084804F049BF00BF78CE0008BD
:104DB000C0D10008CCD10008E0D10008FCD1000827
:104DC0000CD2000824D2000840D2000830B56C484C
:104DD0006C4C6D4D85B004F0C9FE6C486C4B6D4A4F
:104DE0006D49CDE900046D4C6D4804F0BFFE6D487F
:104DF00004F024FF606CFBF757FB6B4A6B4B00958C
:104E0000CDE902016A496B4804F0B0FEA06BFBF7E4
:104E10004BFB694A654B0095CDE90201674968483B
:104E200004F0A4FE674804F009FFA068FBF73CFB10
:104E3000654B664A0093CDE90201654B65496648BA
:104E400004F094FEE068FBF72FFB644B644A009388
:104E5000CDE90201634B64495F4804F087FE206D91
:104E6000FBF722FB2B46CDE90201604A0095604921
:104E7000594804F07BFEA06DFBF716FB2B46CDE9ED
:104E800002015C4A00955C4953485C4D04F06EFE9B
:104E9000E06DFBF709FB5A4B5A4A0093CDE902013A
:104EA000504B59494C4804F061FE206EFBF7FCFA68
:104EB000564B574A0093CDE902014A4B55494648A3
:104EC00004F054FEA069FBF7EFFA534B534A0093EA
:104ED000CDE90201434B52493F4804F047FE206AA6
:104EE000FBF7E2FA4F4B504A0093CDE902012F4BFA
:104EF0004E49394804F03AFE606AFBF7D5FA4C4B4C
:104F00004C4A0093CDE90201364B4B49324804F03C
:104F10002DFEA06C494CFBF7C7FACDE902014849C8
:104F2000304B484A00912C48474904F01FFE47483F
:104F300004F084FE6368464A46494748CDE9005379
:104F40001A4B04F013FEA3680193444A174B4449DB
:104F50000095414804F00AFEE068424B424A43494A
:104F6000CDE90030114B424804F000FE414804F006
:104F7000FDFD414805B0BDE8304004F0F7BD00BF7D
:104F800058D20008ACD2000800D30008BCD20008F8
:104F900074D2000878D2000884D20008D43D0020E2
:104FA0008CD20008C0D20008D0D20008CCD20008B1
:104FB000DCD20008E0D2000804D300081CD30008AB
:104FC00020D3000840D3000890D3000854D3000831
:104FD00050D300086CD3000870D30008B4D3000885
:104FE0009CD3000898D30008B0D30008BCD30008B5
:104FF000D8D30008DCD30008FCD3000818D500087B
:1050000020D4000800D400081CD400084CD40008A8
:1050100028D4000848D400086CD4000850D40008F4
:1050200068D4000894D4000874D4000890D4000810
:10503000B4D4000898D40008B0D40008D4390020B3
:10504000D8D40008BCD40008D4D40008E0D40008A8
:10505000ECD40008F4D40008F8D400081CD50008EB
:1050600028D500086CD500082CD500084CD50008C0
:1050700050D5000874D50008C0D5000800B50378E5
:1050800083B0042B2BD8DFE803F02C20082A030080
:1050900003B05DF804EBFFF799BE0190FFF7F6FD52
:1050A0000346002852D12D480193C0F8B830FFF7CD
:1050B000E7FB2B49019A088960F30F0208684968E9
:1050C00003B05DF804EBFEF76BBD0190FFF7DEFD6A
:1050D000034658B1019A002101235170D37003B0E7
:1050E00000BD03B05DF804EBFFF744BE1B4A1D484A
:1050F000DFF878C01C49D2F8B420DCF828E0A0F82A
:10510000213080F824300374826200F500500A6870
:1051100080F8482F4A69C0F84C2F00F6447C1831BB
:105120004FF4007200F575600193CCF800E004F0D4
:10513000F3FDDFF83CC0019BCCF8D8304FF400728F
:1051400019460CF1DC0004F09AFDB2E701210620BB
:10515000FCF7D2FE0148FFF771FDBBE7BC3600202B
:105160008C33002010020020D4390020D43D0020D0
:1051700098330020F0B5837B83B00446002B67D1C1
:10518000437822789A427DD1022B00F08580052B4E
:1051900000F0B480012B59D1A94A019310685168DD
:1051A0001289FEF72FFDFEF737FE0546002800F0B6
:1051B000C180A44B93F82130002B00F02181A14B3A
:1051C00093F82230002B00F02C819E4D95F824306E
:1051D000002B40F0E6809B4B9B4EDB6996ED1A7AE4
:1051E0009A4F9FED9B0A7B615A4207EE902AF8EE98
:1051F000E77AF7EE000A67EE877A1D4627EE800A07
:1052000007F03AF9DFED937A60EE277A17EE900A0D
:10521000FBF74AF90B46024629468F4804F0A6FCE4
:105220008E494FF4007206F1DC0004F075FD8B49E5
:105230004FF4007207F1180004F06EFDFFF70CFD4B
:10524000002840F0F88000236370E37003B0F0BDE5
:1052500083484FF4805102F063FA7B4B93F8DD32C0
:10526000002B54D1238A40F6B732591C9342218235
:10527000ECD9227800230121A37323826370E170AB
:10528000002AE3D02046FFF723FDE378002B73D1FB
:105290002378022B7FF47BAF694B186859681A8911
:1052A000FEF7B0FCFEF7B8FD0028CFD0674BDA68F8
:1052B000002A05DD6B49D1F8B8108A42C0F2AA80F5
:1052C000FFF7E4FC00285DD16648FFF783FC6548E2
:1052D000FFF700FB5C496348FFF744FB6378022B50
:1052E000B4D15A4BDB68002BB0DD5E49D1F8B82051
:1052F0009342ABDB0132C1F8B820A7E7594B5248C3
:10530000D3F8B41003B0BDE8F04000F02FBF554B08
:1053100093F8F532002BA5D00028A3D0484B0022EB
:105320004FF4F0709A80FBF711FF00226378A273AC
:10533000228226E74B4A434BD2F8B420986A41F2C6
:105340007071121A8A4281D902210620FCF7D4FD1D
:105350003B4B198918682A4661F30F025968FEF71A
:1053600063FD3849019B81F8243040F20112A1F815
:1053700021206570E37069E7637823702046FFF7AA
:105380007DFE85E700210620FCF7B6FD2C4B1A892F
:1053900018685968FEF748FD002201236270E37027
:1053A00054E73149294BD1ED007A304905F50052D7
:1053B000C1ED0A7A92F8481FCDED017A1960D2F852
:1053C0004C6F5E6103F1180002F575614FF40072D5
:1053D00004F0A2FC1C48DDED017A2549C0ED1A7AE3
:1053E000C0F8D8604FF40072DC3004F095FC21481E
:1053F00004F024FC002385F824306370E37025E773
:1054000018491148D1F8B4300E4A03B0BDE8F04055
:10541000FDF7EABE0520FCF76FFD1248FFF70EFC12
:10542000B4E710490848D1F8B430064A03B0BDE8E3
:10543000F040FEF731B8104804F000FC03E700BF6D
:105440008C3300201002002098330020D439002033
:1054500000008037DB0FC94024D60008442C002010
:1054600000080140BC36002054310020D43D00200B
:10547000EC390020ECD5000838D6000838B5417B5F
:10548000A1F161030446172B19D8DFE813F02800B7
:105490004700660085001800A000BF00DA00F90090
:1054A000180004011F013E011800180049011800EE
:1054B0001800180068011800730118009201CC4808
:1054C00004F054FB251DFFF7C7FB002840F08C813A
:1054D000FFF77CFC0023A38163606B6038BD051D72
:1054E000284602F07AFF51EC100BFBF72DFBF3EE90
:1054F000040A00EE100A07F031FBDFEDBE0A07F0E8
:1055000005FBBD4B10EE100A83ED120AFAF7CCFF33
:1055100002460B46B94804F029FBD4E7051D28468E
:1055200002F05BFF51EC100BFBF70EFBDFEDB40A52
:1055300000EE100A07F012FBDFEDB20A07F0E6FA00
:10554000AD4B10EE100A83ED020AFAF7ADFF0246EA
:105550000B46AD4804F00AFBB5E7051D284602F0EE
:105560003CFF51EC100BFBF7EFFADFEDA80A00EE61
:10557000100A07F0F3FADFED9F0A07F0C7FA9E4B17
:1055800010EE100A83ED090AFAF78EFF02460B4669
:105590009F4804F0EBFA96E7051D284602F01DFF30
:1055A00051EC100BFBF7D0FADFED920A00EE100A77
:1055B00007F0ACFA904B10EE100A83ED180AFAF7D8
:1055C00073FF02460B46934804F0D0FA7BE7051DB3
:1055D000284602F002FF51EC100BFBF7B5FADFEDA5
:1055E0008E0A00EE100A07F0B9FADFED820A07F022
:1055F0008DFA814B10EE100A83ED060AFAF754FF7C
:1056000002460B46854804F0B1FA5CE7051D2846C2
:1056100002F0E3FE51EC100BFBF796FADFED800A87
:1056200000EE100A07F072FA734B10EE100A83EDC9
:10563000110AFAF739FF02460B467A4804F096FA47
:1056400041E7051D284602F0C8FE51EC100BFBF7A0
:105650007BFADFED750A00EE100A07F07FFADFED46
:10566000650A07F053FA644B10EE100A83ED080A3E
:10567000FAF71AFF02460B466C4804F077FA22E765
:10568000051D284602F0ACFE694B01465960694889
:1056900004F06CFA17E7051D284602F09EFE51EC57
:1056A000100BFBF751FADFED640A00EE100A07F069
:1056B0002DFA514B10EE100A83ED0E0AFAF7F4FEA4
:1056C00002460B465D4804F051FAFCE6051D2846EB
:1056D00002F083FE51EC100BFBF736FADFED580AAF
:1056E00000EE100A07F03AFADFED420A07F00EFA70
:1056F000414B10EE100A83ED030AFAF7D5FE02467D
:105700000B46504804F032FADDE6051D284602F04B
:1057100067FE474B014699604B4804F027FAD2E6F2
:10572000051D284602F059FE51EC100BFBF70CFA50
:10573000DFED300A00EE100A07F0E8F92E4BF1EE2B
:10574000407A83ED140AC3ED137A10EE100AFAF7CB
:10575000ABFE02460B463D4804F008FAB3E6051DD1
:10576000284602F03DFE324B0146D960384804F02D
:10577000FDF9A8E6051D284602F02FFE51EC100B9E
:10578000FBF7E2F9DFED1B0A00EE100A07F0BEF9A5
:10579000194BF1EE407A83ED160AC3ED157A10EE3F
:1057A000100AFAF781FE02460B462A4804F0DEF999
:1057B00089E6051D284602F010FE51EC100BFBF7A0
:1057C000C3F9DFED0C0A00EE100A07F09FF90A4B4F
:1057D00010EE100A83ED170AFAF766FE02460B4632
:1057E0001D4804F0C3F96EE61C4804F027FA6FE682
:1057F000A8D7000800000000D43D002024D70008EE
:105800000000FA440000C84270D6000800002042A0
:105810000CD700086CD7000800000442C4D600086A
:105820006F12833A38D7000800001643F4D60008F8
:10583000D439002084D6000817B7D13848D70008DB
:1058400000007042B0D6000898D6000880D7000843
:10585000DCD6000894D7000858D7000838D60008CE
:105860001B2908B5034645D06D29027846D052B1B0
:10587000042A07D10D294ED0027B002A48D141735A
:1058800001321A7308BD63391729FBD801A252F8F7
:1058900021F000BF1F590008855800082959000849
:1058A0008558000885580008855800088558000864
:1058B0008558000885580008855800088558000854
:1058C0008558000885580008855800088558000844
:1058D0008558000833590008855800088558000885
:1058E0008558000885580008855800088558000824
:1058F0003D59000800224270C27008BD02218A4250
:105900004170BFD000220121C2708173028208BDA4
:105910001044C170B4E7BDE80840FFF7AFBD0121F6
:1059200000224170C27008BD052100224170C27082
:1059300008BD042100224170C27008BD0D489FEDD2
:105940000E0A0023C0F8D43000F0B4FA09480B4B1B
:10595000826F1A61FFF780F9084B28B91969084866
:10596000BDE8084004F002B9064804F067F9034BAB
:10597000F4E700BF98330020D1CB0B38D439002096
:1059800000D80008D0D70008B4EEE00AF1EE10FA13
:10599000D8BFB0EE600A7047F4EEC00AF1EE10FA1C
:1059A000D8BFB0EE600A7047B4EEE00AF1EE10FA2C
:1059B00007DDB4EEC10AF1EE10FAD8BFB0EE410A2D
:1059C0007047F4EEC10AF1EE10FAD4BFB0EE410A0E
:1059D000B0EE600A704700BFB4EEE00AF1EE10FAD4
:1059E00007D5B4EEC01AF1EE10FAD8BFB0EE410AF6
:1059F0007047B4EEE01AF1EE10FAD4BFB0EE410AEF
:105A0000B0EE600A704700BFD1ED007A90ED007AE9
:105A100067EEA77AE7EE077AF1EEE76AF4EEC06A7E
:105A2000F1EE10FA0DDD27EE007AC7EE267AC0ED12
:105A3000007AD1ED007A20EE270AC0EE267AC1ED79
:105A4000007A704701238340013B07EE903A30EE25
:105A5000600AF8EEE77A31EE601A67EE807A87EE38
:105A6000817AFDEEC77A17EE900A704707EE900A2A
:105A7000012370EEC00AF8EEE77A8B40013B27EE77
:105A8000A07A07EE903AF8EEE77AC7EE276A36EE8C
:105A9000800A704700B5DFED0F0A83B0CDED010A33
:105AA00006F0EAFCB5EEC00AF1EE10FA03D5DDED22
:105AB000010A30EE200ADFED087A084B20EE270AB3
:105AC000BDEEC00A10EE102A03EB820393ED000A2C
:105AD00003B000BDDB0FC94083F9A242D8D800084B
:105AE00000B5DFED117ADFED110A83B037EEC00AA1
:105AF000CDED010A06F0C0FCB5EEC00AF1EE10FAD9
:105B000003D5DDED010A30EE200ADFED097A094BFD
:105B100020EE270ABDEEC00A10EE102A03EB820326
:105B200093ED000A03B000BDDB0FC93FDB0FC94096
:105B300083F9A242D8D8000870B5054684B035482C
:105B40000E464FF4004101F0E3FD00230393039B55
:105B50003F2B06D800BF039B01330393039B3F2BCE
:105B6000F8D940F6010401E0013C3ED02A48022168
:105B700001F0D2FF0028F7D02748294601F0C6FFE0
:105B800040F6010401E0013C3ED02348012101F030
:105B9000C3FF0028F7D0204801F0BAFF40F6010407
:105BA000308001E0013C32D01B48802101F0B4FF7D
:105BB0000128F7D000230293029B3F2B4FF00004F3
:105BC0001AD914484FF4004101F0A0FD00230193BD
:105BD000019B3F2B06D800BF019B01330193019B22
:105BE0003F2BF8D9204604B070BD4FF0FF3400239E
:105BF0000293029B3F2BE4D800BF029B0133029328
:105C0000029B3F2BF8D9DCE76FF00104EFE76FF060
:105C10000204ECE700080140003C0040F0B50646F5
:105C200083B008461746FCF7DBF8044643F6FF70DE
:105C3000FCF7D6F801A905462046FFF77DFF48BBD3
:105C40000DF106012846FFF777FF18BBBDF80640A7
:105C50002046FCF7E1F8431CA6F8E0420BD00230E6
:105C600012D0C4F30D043C8001A92846FFF764FF5D
:105C700080B903B0F0BDD6F800330133C6F8003365
:105C80006FF0010003B0F0BDD6F804330133C6F85D
:105C90000433F5E7D6F8FC3201334FF48070C6F8D0
:105CA000FC32FBF745FA4FF0FF30E2E770B5002118
:105CB00082B006460120FCF7A3F8044643F6FF70C5
:105CC000FCF78EF80DF1060105462046FFF734FF7C
:105CD00038B90DF106012846FFF72EFF08B902B0CA
:105CE00070BDD6F8FC3201334FF48070C6F8FC3238
:105CF000FBF71EFA4FF0FF30F1E700BF10B582B09E
:105D00000DF1020243F6FC710446FFF787FFF0B97C
:105D100001AA43F6FD712046FFF780FFB8B90DF1E7
:105D2000060201212046FFF779FF80B9BDF8063051
:105D3000BDF80210BDF80420A4F8EA32A4F8E61277
:105D4000A4F8E822012384F8DE3202B010BD00235B
:105D50004FF0FF30F7E700BF2DE9F04F044687B062
:105D600043F6FF700E46FCF73BF84FF0000807467D
:105D70002046FFF79BFF4645A4F8DD82A4F8EC829D
:105D800040F383800123CDF8088003939A46C146EF
:105D90000DF116013846FFF7CFFE90BB012E44D01F
:105DA0004FF0010B00250DF116013846FFF7C4FE38
:105DB00048BBBDF8168001904046FCF72DF8431C07
:105DC000019AA4F8E082C8F30D0C05F101053AD060
:105DD000023054D00BF1010B5E45A4F8E2C284F806
:105DE000DDA2A4F8EC22DED11F2D1ED92046FFF73C
:105DF00085FFB0FA80F0400984F8DE0207B0BDE804
:105E0000F08F4FF0000BD4F8FC12B4F8EC2284F8B9
:105E1000DD920BF1010B0131013201235E45C4F823
:105E2000FC12A4F8EC220293BCD1039D032D1AD0DE
:105E3000142000F08BFC6B1C03930023A4F8DD32CC
:105E4000A4F8EC32A4E7D4F800230132C4F800230C
:105E50000BF1010B5E454FF0000584F8DD92A2D1F5
:105E6000039D032DE4D1029A002384F8DD329A4287
:105E700014BF4FF480704020FBF75AF9B6E7D4F80E
:105E800004230132C4F80423E2E70125032D4FF077
:105E900014000CD0013500F059FC4FF00003032D25
:105EA000A4F8DD32A4F8EC824FF01400F2D1002304
:105EB0000293D8E770B52DED028B044684B043F60B
:105EC000FF70B0EE408AFBF78BFFD4F8F03201335D
:105ED0000DF10E01C4F8F032FFF72EFE002840F05D
:105EE000C380BDF80E30019305461846FBF794FFBA
:105EF000019BA4F8E032421C00F00881023000F05F
:105F0000DD80D4F8F422C3F30D06002A40F0ED80C2
:105F1000002366F30F03D4ED016A012166F31F43EA
:105F2000B5000A44C4F8E232002384F8DD12C4F854
:105F3000F422A4F8EC32C4ED026A4C2204F10C0104
:105F4000656704F11000CDED016A03F07FFE6B126E
:105F50005A1C02F07F0204EB830304EB8202D3F8A5
:105F6000DC30D2F8DC209FED7B6ADDED016AC5F301
:105F70000801D21A01FB02F203EB62232B4476499B
:105F8000A3670A699A1A07EE102ABAEEC87AFDEEDC
:105F9000C77AF8EEE77A37EE677A27EE067AB5EE3B
:105FA000C07AF1EE10FA01D537EE067A4A6994ED1F
:105FB0001A6ADFED6A5A9FED675A84ED017A9B1ADF
:105FC00007EE903AF8EEE77A67EE867A67EEA57A02
:105FD000FDEEE75AF8EEE55A77EEE57A67EE857A58
:105FE000F5EEC07AF1EE10FA01D577EE857A77EE0C
:105FF000666ADFED5B5AC4ED177AF4EEE56AF1EEFE
:1060000010FA48DCDFED577AD4F8801094F8DC22DF
:10601000F4EEE76AF1EE10FA4CBF012300230B44C3
:10602000C4F88030002A41D007EE903ADFED496A8B
:10603000F8EEE77A67EEA67A37EE277AD4ED166A9D
:1060400084ED037AF3EE037A77EE666A68EE277AD8
:1060500086EEA77A26EE076A84ED187A84ED196A2F
:1060600004B0BDEC028B70BDD4E9BE21B4F8EC32B3
:1060700001310132C4E9BE210020013384F8DD0280
:10608000A4F8EC324FF4807004B0BDEC028BBDE894
:106090007040FBF74DB8D4F8801094F8DC224FF034
:1060A000FF330B44C4F88030002ABDD10123DFED5B
:1060B0002E7AC4F8802084F8DC32BDE7D4F80433AB
:1060C0000133C4F80433B4F8EC32D4F8F8220133C5
:1060D0009BB201320021022BC4F8F822A4F8EC3262
:1060E00084F8DD12BCD94020CEE7B4F8E412304683
:1060F000FBF7A0FE00F50070B0F5806F0CD8B4F887
:10610000E432B3421DD0D4F8F42201E7D4F80033CE
:106110000133C4F80033D6E7B4F8EC32D4F80813EE
:10612000D4F8F82284F8DD5201339BB201310132F8
:10613000022BC4F80813C4F8F822A4F8EC328FD963
:10614000D1E7D4F80C33D4F8F4220133C4F80C337B
:10615000DEE600BFDB0FC940D439002000008037E5
:10616000DB0F4940DB0F49C00000000070B5224D35
:106170002B6803F51C5310338B4200D970BD0446C5
:106180000E46416F1D4803F0F1FCA16F1C4803F05F
:10619000EDFC6068FAF788F902460B46194803F0EF
:1061A000E5FCE068FAF780F902460B46164803F072
:1061B000DDFCE06DFAF778F902460B46134803F070
:1061C000D5FCD4F88010124803F0D0FC94F8DD120E
:1061D000104803F0CBFCD4F8FC120F4803F0C6FCC7
:1061E000D4F800130D4803F0C1FC0D48D4F8041393
:1061F00003F0BCFC2E6070BD0841002028D80008C8
:1062000034D800084CD8000864D8000878D80008B2
:106210008CD800089CD80008A8D80008B4D800087A
:10622000C4D8000830B585B001AB83E807000E4D37
:10623000002401AB93E807002346FEF75BF8013426
:10624000B4F5807F45F8040FF3D1084D01AB93E816
:1062500007002346FEF762F80134B4F5A07FA5ECF1
:10626000010AF3D105B030BDD0390020D43D002063
:1062700070B586B003AB83E8070003AA07CA4FF4E2
:10628000A073FEF741F803AA064640F2411307CA7D
:10629000FEF73AF803AA05464FF4A17307CAFEF7C2
:1062A00033F80DF10C0C044640F243139CE8070050
:1062B000FEF72AF8054A0192054A00920346224653
:1062C00029463046FBF72EFD06B070BDD43D0020B8
:1062D000D439002000B583B00190FDF7C1FF0198CB
:1062E00041680022FF23C0E90312838203B000BD8E
:1062F00030B517498BB004461648FBF7E1FA05465E
:10630000E8B1237D012B1ED900210B46E26863759D
:1063100002EB010E94E8070004AB83E807000DF1DF
:10632000040CCDF814E08CE8070093E8070007ABF5
:1063300083E8070084E807002046FDF79DFF284614
:10634000A5750BB030BD013303F00103D902DDE7C1
:10635000D43D0020D4390020F0B5837D83B00546BC
:106360002BB9002400232046AB7503B0F0BD48498B
:106370004848FBF7A5FA0028F3D045494548464E62
:10638000FBF75CFA0024074656F8043F95E807003F
:10639000009323460134FDF77DFFB4F5807FF3D1F0
:1063A0003B4EB6EC010A234695E807000134FDF7A1
:1063B00089FFB4F5A07FF4D10223009395E807008C
:1063C00040F24113FDF772FF009495E807004FF487
:1063D000A173FDF76BFF009795E8070040F24313A8
:1063E000FDF764FF2A690132009295E807004FF437
:1063F000A273FDF75BFF294B009395E80700234646
:10640000FDF754FF234926484FF4806203F084FCD3
:106410001F4924484FF4807203F07EFC95E8070082
:10642000FFF700FF95E80700FFF722FF044660B979
:106430001B4918484FF4806203F06EFC1949144858
:106440004FF4807203F068FC8BE795E807004FF487
:10645000A273FDF759FF2B69114907464FF480627B
:106460000C485E1C03F058FC0E4909484FF480723A
:1064700003F052FCB7427FF474AF2B696A7D2A7532
:1064800001332B6120460023AB7503B0F0BD00BF84
:10649000D43D0020D4390020D03900204154484E4A
:1064A0000C4200200C4100202DE9F04F93B006462D
:1064B0000DF10C0800274FF0FF0A0CAD09AC0DF1EF
:1064C000100996E807000DF13C0C8CE80700F36812
:1064D00003EBC723109385E807009CE8070084E8D6
:1064E0000700FFF79FFE94E80700FFF7C1FE4FF497
:1064F000A27388F80000834694E80700FDF704FFC4
:1065000049F827000346002F41D0BBF1000F02D00D
:10651000BAF1FF0F54D1059B9DF80D2004999DF809
:106520000C00FBF727FC002859DB5FFA80F8B8F174
:10653000FF0F54D0B8F1000F56D1354935484FF40C
:10654000806203F0E9FB344934484FF4807203F071
:10655000E3FBF26886F8148002EBC82796E8070090
:1065600085E807000D9784E8070095E807000FAC61
:1065700084E807000DEB880394E807001B6933618A
:10658000012386E80700184613B0BDE8F08FBBF181
:10659000000F10D01F491E4801934FF4806203F092
:1065A000BBFB1E491C484FF4807203F0B5FBBAF1E7
:1065B000FF0F04D1BA4608F10108012781E7019BCA
:1065C00018460DEB8A031969FBF7CEFB08B15FFA99
:1065D00087FA002F9FD108F10108012771E70023F6
:1065E000184613B0BDE8F08FF26802EBC82396E8B6
:1065F00007000DF13C0C8CE80700109385E80700BC
:106600009CE8070006AF87E80700FFF70BFEA0E74E
:106610000C420020D43900200C410020D43D002041
:1066200000238375FDF75CBE9DF800C030B949B901
:1066300032B14BB1844508BF052070470120704737
:10664000032070470220704704207047081A9042C8
:1066500034BF0020012070470120704708B503F0C7
:1066600029FB162303604FF0FF3008BD08B503F087
:1066700021FB16230360FEE770B5161E07DD0C46EE
:106680008D19AFF3008004F8010BA542F9D1304613
:1066900070BD00BF70B5161E07DD0C468D1914F8CD
:1066A000010BFCF781FDA542F9D1304670BD00BF5A
:1066B0004FF0FF30704700BF4FF400534B60002095
:1066C000704700BF01207047002070470C4A08B592
:1066D000136833B118446946884208D810601846D8
:1066E00008BD084B1360184469468842F6D903F088
:1066F000E1FA0C2303604FF0FF33184608BD00BFDA
:106700000C460020684700200D4B0E4A1B68A2FB78
:1067100003239B09013BB3F1807F00D3FEE74FF0D9
:10672000E02209495361F02081F823004FF0000C6A
:1067300007201023C2F818C0106181F82330704779
:1067400000000020D34D621000ED00E0024A10600E
:106750001368002BFCD17047144600200549064AF7
:106760000B6801330B60136813B11368013B1360AE
:10677000704700BF1046002014460020014B1868E7
:10678000704700BF10460020704700BF08B50220C8
:10679000FAF7CEFCFEE700BF08B50420FAF7C8FC04
:1067A000FEE700BF08B50820FAF7C2FCFEE700BF0D
:1067B00008B51020FAF7BCFCFEE700BF704700BF29
:1067C000704700BF704700BFFFF7C8BF70B55A4C95
:1067D0005A4884B02246002100F08AFC206840F22A
:1067E0000173984206D1A36823F07F43B3F5002FCD
:1067F00000F08C80524D627A217A6B680093B2FA75
:1068000082F2B1FA81F1A37A52094909FBF7C2FA7F
:1068100008B904B070BD4B4A4B4E4C4B92ED0E7A0A
:1068200096ED111AD2ED117AD3ED180A93ED030A01
:106830002979474821EE071AC0EEA70A80EE270AF9
:1068400021EE271AFAF7ECFE41493C4800F0FCFB28
:10685000404803A9FBF7B0FA054650B39DF80C1069
:10686000FD294BD0FE291CD0FC29D2D13A4C022064
:10687000FBF742FB00253046C6F8B850FEF7DEF9BC
:10688000206861682289FDF7CFFA34484FF48051BF
:1068900000F046FF002845D131486D21FEF7E0FFAA
:1068A000B7E70420FBF728FB2D487A21FEF7D8FF35
:1068B000AFE7236906F1CC02CDE9003294E80F007E
:1068C000FAF7F0FEDFED276AD6ED347A96ED337AEB
:1068D000C6F8B85067EEA67A27EE267AFDEEE77A7C
:1068E000BDEEC77A17EE903A17EE101A9BB2012050
:1068F00043EA0141FBF700FB04B070BD0320FBF746
:10690000FBFA17481B21FEF7ABFF82E703A904F14E
:106910000B00FBF7A3FA18B99DF80C30072B06D92A
:10692000206867E72020A580FAF710FCB4E720462E
:10693000FBF71AFB6DE700BFE80100200064004090
:10694000D4390020D43D0020BC36002098330020EC
:10695000FC010020F30100208C33002000080140DE
:10696000A83600200000C842012110B5174801F0E8
:10697000B9F917490B88013343F697229BB293422A
:1069800012D80B80134C2046FDF718FD9FED120A1C
:106990001248FFF78FFA1248FEF7ECFBD4F8B43038
:1069A0000133C4F8B43010BD0E4B1A7800200880B3
:1069B000B2FA82F200F18040520900F588304FF4BB
:1069C00000511A7000F0A6FEDCE700BF002C014069
:1069D0001A460020BC360020D1CB0B38983300205B
:1069E000A83600201846002008B54FF4805000F06B
:1069F000BBFC11484FF4805100F092FE00B108BD7D
:106A0000FCF784FFA0B9FCF739FF18B1BDE80840D6
:106A1000FCF73CBF08484FF4006100F087FE0028F7
:106A2000EDD02020FAF784FB044B01229A8008BDA8
:106A3000BDE80840FCF772BF000801408C3300201D
:106A400008B50749074801F0F9FB00B908BD05483A
:106A500001F0DCFBBDE80840C1B20348FEF700BF0F
:106A60000503050000440040A836002008B5154B7A
:106A700098421BD003F5A05398420DD0A3F5C05304
:106A800098421DD140F2093000F02AFFBDE80840CD
:106A900040F2093000F032BF40F20F3000F020FF2A
:106AA000BDE8084040F20F3000F028BF40F20A3045
:106AB00000F016FFBDE8084040F20A3000F01EBFAB
:106AC00008BD00BF002801408368DB0703D483684A
:106AD00043F0010383607047826842F0080200F1CE
:106AE000080382601A681107FCD4826842F004022D
:106AF00082601A685207FCD4704700BF836843F471
:106B000080738360704700BF064BD3F8042422F4DF
:106B10007022C3F80424D3F804240243C3F80424E5
:106B2000704700BF0020014001F480738AB11BB19F
:106B3000436843F4807343604B0503D5436843F4D3
:106B400080634360890715D5836843F0020383603F
:106B500070471BB1436823F4807343604A0503D533
:106B6000436823F4806343608B0703D5836823F075
:106B700002038360704700BF836819B143F4006368
:106B80008360704723F400638360704701290ED04F
:106B9000022900D07047836B23F440138363013ACA
:106BA000836B120502F440121A4382637047C36A72
:106BB00023F47003C362013AC36A120502F470023F
:106BC0001A43C262704700BF052900B52ED8D0F81D
:106BD00034C001EB81014FF01F0E0EFA01FE2CEACA
:106BE0000E0C02FA01F141EA0C014163092A0DD8A9
:106BF000016902EB42024FF0070C0CFA02FC21EA99
:106C00000C0103FA02F20A43026100BD112AFCD80A
:106C10000A3AC16802EB42024FF0070C0CFA02FC80
:106C200021EA0C0193400B43C36000BD0B2910D82F
:106C30000639D0F830C001EB81014FF01F0E0EFA7B
:106C400001FE2CEA0E0C02FA01F141EA0C0101638B
:106C5000CCE70F29CAD80C39D0F82CC001EB810140
:106C60004FF01F0E0EFA01FE2CEA0E0C02FA01F193
:106C700041EA0C01C162B9E7D0F838C00331CCF366
:106C8000015CA1EB0C0101EB81014FF01F0C00B581
:106C90000CFA01FED0F838C002FA01F12CEA0E0C11
:106CA00041EA0C01092A81630DD8016902EB420215
:106CB0004FF0070C0CFA02FC21EA0C0103FA02F275
:106CC0000A43026100BD112AFCD80A3AC16802EBEE
:106CD00042024FF0070C0CFA02FC21EA0C0193402F
:106CE0000B43C36000BD00BF01F001035AB11BB1EB
:106CF000836843F4801383608A070FD5836843F465
:106D00000043836070471BB1836823F48013836062
:106D10008B0703D5836823F400438360704700BF6B
:106D200001290AD0022900D07047836823F4E04388
:106D300083608368134383607047836823F4602310
:106D40008360836813438360704700BFCA0703D51D
:106D5000836843F4800383608B0703D5836843F41F
:106D600000138360704700BF03290FD8DFE801F0EC
:106D70000B080502806C80B27047406C80B270478F
:106D8000006C80B27047C06B80B2704700207047C3
:106D900003680B4214BF012000207047036823EAF8
:106DA00001030360704700BF08B5074B984200D04D
:106DB00008BD40F2194000F093FDBDE8084040F2E4
:106DC000194000F09BBD00BF0064004029B10328BA
:106DD0002CD8DFE800F00E182103FEE70023C1F8ED
:106DE0000B30C1F80F308B724B60CB740B810B6092
:106DF0007047002340F2FF304FF4003248810B818E
:106E00000A604B60704700234FF480320B740B60B4
:106E10004B608B60CA6070470023C1F80B30C1F82B
:106E20000F308B724B600B810B607047FEE700BF29
:106E3000036823F0020300B503600368844643F04F
:106E400001034CF8043B4368DB07864608D44FF641
:106E5000FF7301E0013B03D0DCF80020D007F9D537
:106E6000DEF8040010F0010070D04B788A781B0621
:106E7000120402F4702203F0407313430A7843EAC9
:106E80008273CA78120502F4E00213434A89013A78
:106E9000C2F309021343CEF81C300B79012BDEF844
:106EA00000300CBF43F0800323F08003CEF80030A5
:106EB0004B79012BDEF800300CBF43F0400323F088
:106EC0004003CEF800308B79012BDEF800300CBF88
:106ED00043F0200323F02003CEF80030CB79012BC0
:106EE000DEF800300CBF43F0100323F01003CEF89F
:106EF00000300B7A012BDEF800300CBF43F00803A2
:106F000023F00803CEF800304B7A012BDEF8003076
:106F10000CBF43F0040323F00403CEF80030DEF886
:106F2000003023F00103CEF80030DEF80430DA0739
:106F30000DD54FF6FF7000E040B1DCF80030DB0704
:106F400000F1FF30F8D4003818BF012000BD012047
:106F500000BD00BF3B494389D1F8002642F0010241
:106F600000B5C1F80026D1F81CC6B0F80EE0012229
:106F70009A402CEA020CC1F81CC6BEF1000F45D1A4
:106F8000D1F80CC603F100632CEA020CC1F80CC660
:106F900003F6C843B0F806C04188DB0041EA0C4163
:106FA000B0F804C01960018841EA0C415960838936
:106FB00024492BBBD1F8043623EA0203C1F8043676
:106FC00003892049B3B9D1F8143623EA0203C1F882
:106FD0001436037C012B05D11A49D1F81C36134312
:106FE000C1F81C36174AD2F8003623F00103C2F864
:106FF000003600BDD1F814361343C1F81436E8E763
:10700000D1F804361343C1F80436D9E7BEF1010FB5
:10701000CDD1D1F80CC603F100634CEA020CC1F8E3
:107020000CC603F6C843B0F800C04188DB0041EA53
:107030000C41B0F804C01960C18841EA0C415960A4
:10704000B5E700BF0060004082685201034605D4E6
:107050008268120143D51033012000E00020D3F8EC
:10706000802102F0010210B5C3F8802191F808E0F8
:107070004A7A03F5C07CBEF1000F26D04C6842EA84
:10708000C40242EA0E02D3F880E142EA0E02C3F8DB
:107090008021D3F8842122F00F02C3F88421D3F891
:1070A00084E18A7A42EA0E02C3F88421D1F80B20E7
:1070B000C3F88821D1F80F20C3F88C21DCF8003008
:1070C00043F00103CCF8003010BD0C68D3F880E128
:1070D00042EA445242EA0E02C3F88021D9E78268AC
:1070E000D20002D520330220B9E70320704700BF49
:1070F00000EB0113D3F8B0C10CF0040C82F808C007
:10710000BCF1000F47D1D3F8B0C14FEA5C5CC2F8C4
:1071100000C0D3F8B0C10CF0020C82F809C0D3F85B
:10712000B4C14FEA1C2C82F813C0D3F8B4C10CF0E0
:107130000F0C82F80AC0D3F8B8C182F80BC0D3F89C
:10714000B8C14FEA1C2C82F80CC0D3F8B8C14FEA82
:107150001C4C82F80DC0D3F8B8C14FEA1C6C82F801
:107160000EC0D3F8BCC182F80FC0D3F8BCC14FEA3F
:107170001C2C82F810C0D3F8BCC14FEA1C4C82F81A
:1071800011C0D3F8BC311B0E937459B9C36843F0D6
:107190002003C3607047D3F8B0C14FEADC0CC2F8DB
:1071A00004C0B6E7036943F020030361704700BFE2
:1071B00043690B43436170470D4B984215D001EB77
:1071C000810300EB83030022D3F808C02CF0010CEC
:1071D000C3F808C09A60DA601A615A61426889008F
:1071E0000F238B401343436070470429E7D9FEE720
:1071F000000402401D4B984234D001EB810100EBAA
:107200008100136810B4036193684361138AC360FB
:10721000D468536881682343546921F47C51234323
:107220000B438360137E012B83680CBF43F0400344
:1072300023F040038360537E012B83680CBF43F02F
:10724000800323F080038360937E2BB1836843F037
:10725000100310BC83607047836823F0100310BCD8
:10726000836070470429C8D9FEE700BF00040240CC
:10727000074B984208D001EB8101890008300B5878
:1072800043F020030B5070470429F4D9FEE700BFF8
:1072900000040240074B984208D001EB81018900AD
:1072A00008300B5843F001030B5070470429F4D900
:1072B000FEE700BF000402402A4BD3F800C42CEACA
:1072C000000CC3F800C4D3F804C42CEA000CC3F8C3
:1072D00004C4D3F808C42CEA000CC3F808C4D3F8DB
:1072E0000CC42CEA000CC3F80CC449B3012905D026
:1072F000012A0BD0022A29D0AAB17047D3F804146E
:10730000012A41EA0001C3F80414F3D1154BD3F864
:10731000082422EA0002C3F80824D3F80C2402430C
:10732000C3F80C2470470F4BD3F808240243C3F86A
:107330000824D3F80C2422EA0002C3F80C24704776
:10734000D3F800140143C3F80014D1E7054BD3F878
:1073500008240243C3F80824D3F80C240243C3F8DA
:107360000C24704700000140014BC3F8140470471F
:10737000000001400B4B1A69110603D50A490B4A5C
:1073800059605A600A4BB3F8E030B3F5007F07D973
:10739000044B1A6D120603D50349044A59645A6412
:1073A000704700BF0020024023016745AB89EFCD45
:1073B00000F7FF1F074B08491A69B1F8E01042F0C7
:1073C0008002B1F5007F1A6103D91A6D42F0800284
:1073D0001A6570470020024000F7FF1F4B4BB3F8BF
:1073E000E030B3F5007F6AD9494B4A4A98424A4B8C
:1073F00026D2D168C90756D4D368D90657D4D368E2
:107400005B075AD41169444B41F00201116150618C
:107410001069404940F040001061CA68D00738D474
:10742000CB68DB063DD4C868C0F380004000C0B222
:10743000384A136923F0020313617047013B34D0CB
:10744000D16CC907FAD4D36CDB0630D4D36C59079E
:1074500033D4136D43F0020313655065D3699B0762
:1074600048BF50612B4A2C4B116D41F04001116512
:10747000D16CC9071DD4D36CD80643D4D06CC0F3EB
:1074800080004000C0B2234A136D23F0020313654D
:107490007047013B38D0CA68D007FAD4CB68DB0606
:1074A000C1D50320C4E7013BA3D1042070470320CA
:1074B0007047013BDCD10420E5E702207047164B02
:1074C000144AD168C90719D4D368DB06EFD4D3684E
:1074D0005907F2D41169104B41F00201116150615A
:1074E00010690C4940F040001061CA68D20797D576
:1074F000013B09D0CA68D207FAD491E7013BE0D139
:10750000042070470320BEE7042091E700F7FF1F27
:10751000FFFF0708002002400000FF0F454BB3F8B3
:10752000E030B3F5007F8C4660D9434B434A984224
:10753000434B23D2D168C9074CD4D368D9064DD464
:10754000D3685B0750D411693D4B41F001011161D3
:107550003A49C0F800C0CA68D00731D4CB68DB060E
:1075600036D4C868C0F380004000C0B2334A136903
:1075700023F0010313617047013B2DD0D16CC90783
:10758000FAD4D36CDB0629D4D36C59072CD4116DF3
:107590002B4B41F0010111652849C0F800C0CA6CAD
:1075A000D2071DD4CB6CD80640D4C86CC0F3800081
:1075B0004000C0B2214A136D23F0010313657047E8
:1075C000013B35D0CA68D007FAD4CB68DB06C8D5F2
:1075D0000320CBE7013BADD1042070470320704767
:1075E000013BDCD10420E5E702207047144B134A2D
:1075F000D168C90716D4D368DB06EFD4D36859071E
:10760000F2D411690E4B41F0010111610B49C0F830
:1076100000C0CA68D207A1D5013B09D0CA68D20709
:10762000FAD49BE7013BE3D1042070470320C1E774
:1076300004209BE700F7FF1FFFFF07080020024020
:107640000000FF0F830903F1804303F5083300F0C6
:107650001F001968012282400A431A60704700BF68
:107660002DE9F0430C461D46E306014604F00F06E3
:1076700002D5042A44D0164300224FF001080F27F8
:1076800006E0482C08BF08610B600132082A13D0BD
:1076900008FA02FC4FEA820E1CEA050007FA0EF90E
:1076A00006FA0EFEF1D00B68282C23EA09034EEAF5
:1076B0000303E6D14861E7E700234FF001080F27F5
:1076C00009E0482C08BF0861C1F804E00132102A23
:1076D00003F1040312D008FA02FC1CEA050007FAC1
:1076E00003F906FA03FEF1D0D1F804C0282C2CEAE5
:1076F000090C4EEA0C0EE4D14861E5E7BDE8F083E1
:10770000C36B2B4346F00306C363B5E701617047C3
:10771000416170470AB1016170474161704700BF24
:1077200083680B4214BF012000207047C3680B42DE
:1077300014BF01200020704700281F4B00F4401C9C
:10774000B4BFDB695B68BCF5401F00B582B227D0CF
:1077500010F4801F19D14FEA505C4FEA0C1C02FA5A
:107760000CFC23EA0C0343F0E0634FEA505C4FEA61
:107770000C1C02FA0CF21A43002918BF13460E4AD9
:107780000028B4BFD361536000BDC0F3034E4FF077
:10779000030C0CFA0EFC23EA0C0343F0E063E4E76D
:1077A000DFF814E0DEF804C02CF0E06C23F0E063B6
:1077B000CEF804C0D9E700BF0000014001F0030388
:1077C0009B000F22032902FA03F200FA03F0134B85
:1077D00007D8996821EA02029A609A6802439A607F
:1077E0007047072907D8D96821EA0202DA60DA6807
:1077F0000243DA6070470B2907D8196921EA0202AF
:107800001A611A6902431A617047596921EA020232
:107810005A615A6902435A61704700BF0000014033
:10782000DFF898C0DCF80C3003F4E063B3F5E06FE8
:1078300036D0DCF80C3003F4E063B3F5C06F1BD036
:10784000DCF80C3003F4E063B3F5A06F10D0DCF883
:107850000C3003F4E063B3F5806F25D0DCF80C3016
:1078600003F4E063B3F5407F22D0134BCCF80C3027
:1078700002F00302022302E002F007020323DFF812
:1078800040C0994011430CEB00030901420983F801
:10789000001300F01F00012383404CF82230704792
:1078A00002F00F020423EAE702F001020123E6E7F7
:1078B00000221346E3E700BF0005FA0500ED00E0F3
:1078C00000E100E0830903F1804303F5043300F095
:1078D0001F001968012282400A431A60704700BFE6
:1078E000830903F1804303F5043300F01F00196896
:1078F000012282400A431A60704700BF830903F1E6
:10790000804303F5043300F01F001A680121814011
:1079100022EA01021A607047174A5368D26A23F0BC
:10792000805323F4404322F000510B2809D8DFE8AC
:1079300000F006060606081808180C0C0C0C43EAA2
:1079400080330D4A5360D1627047DFF834C042F093
:1079500000510CEA803C084A43EA0C035360D162B0
:107960007047064A02EA80321343034A43F08053C9
:107970005360D162704700BF0010024000C0FEFF9C
:1079800000C0FCFF10B5DFF8E4C086469CE80F009D
:1079900088B008AC04E90F00DCE90401CDE900017E
:1079A000CDE902012D4A536803F00C03082B24D0C3
:1079B0002B482A4A536851685268C3F303136B4437
:1079C0001B7C20FA03F3BEF1030F44D8DFE80EF06E
:1079D0000812020AC1F302216944087823FA00F070
:1079E00008B010BDC2F3C2226A44107A23FA00F034
:1079F00008B010BD184608B010BD5368D90311D4A3
:107A0000184A164B586859685B680C01C0F38340EC
:107A100014D5590018D540F030003F2812D102FB90
:107A200000F0C6E7D36A5A000C4B58BF0C4A5B689B
:107A300048BF0D4A9B03E4D55208E2E75B0006D538
:107A400040F020000130EAE740F01000FAE70F288C
:107A5000F8D00230E3E70020C2E700BF0010024088
:107A600000127A0000093D00006CDC0258CE0008CC
:107A700008B5154B984212D003F57443984204D0D0
:107A8000A3F57843984214D008BD4FF44370FFF734
:107A900027FFBDE808404FF44370FFF72FBF40F2C7
:107AA0000F40FFF71DFFBDE8084040F20F40FFF711
:107AB00025BF40F20E40FFF713FFBDE8084040F23B
:107AC0000E40FFF71BBF00BF003C004010B4D1E9DF
:107AD00001420B6823431343CA680C69D1E905C10D
:107AE00013432343026843EA0C0302F441520B435D
:107AF00013430360C36923F4006310BCC361704780
:107B0000036843F040030360704700BFC1607047E3
:107B1000C06880B2704700BF83680B4214BF012069
:107B20000020704708B5374B98424CD015D8A3F5C4
:107B30000063984251D039D8B0F1804F22D0A3F5DC
:107B4000806398425DD140F20140FFF7C9FEBDE875
:107B5000084040F20140FFF7D1BE2B4B984246D07F
:107B600003F50063984217D0A3F59033984248D1AB
:107B700040F20540FFF7B4FEBDE8084040F2054082
:107B8000FFF7BCBE4FF48060FFF7AAFEBDE80840D7
:107B90004FF48060FFF7B2BE40F20D30FFF7A0FE59
:107BA000BDE8084040F20D30FFF7A8BE174B9842E1
:107BB00027D140F20340FFF793FEBDE8084040F2B2
:107BC0000340FFF79BBE40F20440FFF789FEBDE88B
:107BD000084040F20440FFF791BE40F20240FFF738
:107BE0007FFEBDE8084040F20240FFF787BE40F24A
:107BF0000B30FFF775FEBDE8084040F20B30FFF791
:107C00007DBE08BD00100040002C0140000C00406B
:107C100000234FF6FF72C0E90033826003737047A0
:107C2000254B0A888262984215D020F44063B3F154
:107C3000804F10D0214B98420DD0214B20F4806210
:107C400010B49A428C68C4622CD1436943F001039A
:107C500010BC4361704703684A8823F070030360D7
:107C6000D0F800C08B8842EA0C020260026813431D
:107C700003608B68C3620268CB8822F440720260A2
:107C8000D0F800C00C4A43EA0C039042036002D0D3
:107C90000A4B984201D10B7B0363436943F0010314
:107CA000436170470268CB8822F440720260026828
:107CB00013430360C9E700BF002C014000340140BA
:107CC00000100040036843F001030360704700BFE9
:107CD000036843F080030360704700BFC3680B4331
:107CE000C3607047C9430161704700BF0023036050
:107CF0004360836083817047B1F802C00B888A8833
:107D000043EA0C03B1F806C013430A8943EA0C03A3
:107D1000B1F80AC013438A8943EA0C0313439BB2A8
:107D200043647047436C01290CBF43F4004323F4C0
:107D300000434364704700BF0023036043608360D7
:107D4000704700BF032929D8DFE811F0AF006C00AD
:107D500029000400036A1188B2F804C023F4805398
:107D60000362C36923F44073C361036A43EA0133C6
:107D70000362036A724923F400530362036A884270
:107D800043EA0C33036240F0D6804368128923F43F
:107D900080434360436843EA821343607047036A49
:107DA0001188B2F804C023F480730362C36923F01E
:107DB0000303C361036A43EA01230362036A604960
:107DC00023F400730362036A884243EA0C230362CC
:107DD00002D05C4B9842E1D1036AB2F802C0D1886C
:107DE00023F480630362036A43EA0C230362036A99
:107DF00023F400630362036A43EA012303624368D6
:107E00001189528923F480534360436843EA011384
:107E10004360436823F400534360436843EA02131A
:107E200043607047036A1188B2F804C023F010035E
:107E30000362836923F440738361036A43EA011395
:107E40000362036A3E4923F020030362036A884207
:107E500043EA0C13036202D03A4B98429ED1036A64
:107E6000B2F802C0D18823F040030362036A43EAF8
:107E70000C130362036A23F080030362036A43EA7C
:107E80000113036243681189528923F480634360BC
:107E9000436843EA81034360436823F4006343601B
:107EA000436843EA820343607047036A118823F002
:107EB00001030362D0F818C093882CF0030CC0F8BB
:107EC00018C0D0F820C041EA0C010162016ADFF855
:107ED00070C021F002010162016A604543EA0103BA
:107EE000036203D0174B98427FF458AF036A51885E
:107EF00023F004030362D0F820C0D38841EA0C01C8
:107F00000162016A21F008010162016A0B43036208
:107F10004368118923F480734360D0F804C0538907
:107F200041EA0C014160426822F4007242604268FA
:107F3000134343607047034B98427FF42FAF24E70D
:107F4000002C01400034014003290BD8DFE801F088
:107F50001C130B02C36923F4E043C361C36943EA02
:107F60000223C3617047C36923F07003C361C3690F
:107F70001343C3617047836923F4E04383618369DA
:107F800043EA022383617047836923F070038361AE
:107F90008369134383617047032904D8DFE801F044
:107FA0000806040202647047C26370478263704728
:107FB0004263704703290BD8DFE801F01C130B0262
:107FC000C36923F40063C361C36943EA0223C36145
:107FD0007047C36923F00803C361C3691343C361D6
:107FE0007047836923F400638361836943EA022352
:107FF00083617047836923F00803836183691343B6
:108000008361704703290BD8DFE801F01C130B02D2
:10801000C36923F48063C361C36943EA0223C36174
:108020007047C36923F00403C361C3691343C36189
:108030007047836923F480638361836943EA022381
:1080400083617047836923F0040383618369134369
:108050008361704703290BD8DFE801F01D140B0280
:10806000036A23F480530362036A43EA0233036220
:108070007047036A23F480730362036A43EA0223AE
:1080800003627047036A23F010030362036A43EA42
:10809000021303627047036A23F001030362036A59
:1080A00013430362704700BF436823F070034360CB
:1080B00043680B434360704721B9836843F08003F2
:1080C00083607047012900D07047836823F08003E4
:1080D00083607047836823F007038360704700BFA5
:1080E00008B5234B984238D010D9224B98422AD059
:1080F00003F5684398421BD140F20E30FFF7F0FBC6
:10810000BDE8084040F20E30FFF7F8BBA3F500636E
:1081100098420ED003F58063984209D140F2124094
:10812000FFF7DEFBBDE8084040F21240FFF7E6BB78
:1081300008BD40F21140FFF7D3FBBDE8084040F214
:108140001140FFF7DBBB40F21440FFF7C9FBBDE86D
:10815000084040F21440FFF7D1BB40F21340FFF754
:10816000BFFBBDE8084040F21340FFF7C7BB00BFAC
:10817000004C00400050004000B5174B984283B0BF
:10818000024617D00ED9154B984213D003F5684319
:1081900098421ED1CDE900010320FFF7F3FBDDE992
:1081A00000210EE0A3F50063984203D003F580633D
:1081B00098420ED10220CDE90021FFF7E3FBDDE973
:1081C000002100EB5103B3FBF1F39BB2936003B0CA
:1081D00000BD0020F5E700BF004C0040005000400B
:1081E000C36843F40053C360704700BFC36823F003
:1081F00008030B43C3607047C36823F004030B43B9
:10820000C3607047C1F30801416070474068C0F324
:10821000080070478B0901F01F011858C84000F092
:10822000010070478A09012352F800C001F01F01C4
:108230008B4043EA0C031350704700BFC1F389120F
:108240008B0D52F800C01858C1F30442012303FA01
:1082500002F201F01F01024203FA01F314BF0120F0
:10826000002013EA0C0F00F0010008BF0020704747
:108270004249434BD1F8882042F4700282B0C1F8E1
:108280008820196841F0010119605968002041F007
:10829000800159600190019B44F61F62934205D80A
:1082A000019B01330193019B9342F9D934494B68F7
:1082B00023F003034B600B6823F084734FF41F0219
:1082C00023F480330B608A600A68002022F4802245
:1082D0000A604860C8620A6842F001024FF4A06375
:1082E0000A6001E0013B02D00A689007FAD5244BEE
:1082F0001A68920741D5DA69224942F08052DA6160
:108300000A6842F440420A605A685A605A685A60E1
:108310005A6842F480625A605A6822F0904222F40D
:1083200070125A605A6842F0036242F480225A6026
:108330001A6842F080721A601A689001FCD5114ADE
:10834000136843F4803313605368D903FCD5136872
:108350000C4943F4003313604B689A03FCD5084A78
:10836000536823F003035360536843F002035360E0
:1083700053681B07FCD502B07047FEE700ED00E034
:108380000010024000700040DFF834D00D480E4964
:108390000E4A002302E0D458C4500433C4188C425F
:1083A000F9D30B4A0B4C002301E013600432A242C4
:1083B000FBD3FFF75DFF01F083FCF8F799FC7047F2
:1083C0000000012000000020CC01002060E5000832
:1083D000CC01002068470020FEE7002101F018BB17
:1083E0000A22002101F09ABB2DE9FF4757EC106BE0
:1083F000002F0C469146DDF830A019464FF00002E0
:1084000003DA07F100431F462D220D9D0A7025F067
:108410002005462D04D0452D00D10134022100E075
:10842000032103AB019302AB009347EC106B53465F
:10843000224601F011FD472D80461AD119F0010F97
:108440000ED000EB04090022002330463946F8F72D
:10845000EBFA08B1CDF80C903022039B4B451ED3AC
:10846000039B0E9AA3EB08034046136004B0BDE8DB
:10847000F087462D00EB0409E5D10378302B0AD1B3
:108480000022002330463946F8F7CEFA18B9C4F175
:108490000104CAF80040DAF800309944D3E7591CC7
:1084A00003911A70D9E7F7B50029BABF49422D23C5
:1084B0002B230929027043702ADD0DF10704871C64
:1084C000A6460A26A446B1FBF6F506FB1512303285
:1084D000632904F1FF340CF8012C2946F2DC303119
:1084E000ACF1020204F8011C411C144672450AD387
:1084F0000DF10903A3EB0C03A64538BF00233B4451
:10850000181A03B0F0BD12F8013B01F8013FEDE786
:10851000302330318370C170031DF1E72DE9F04F36
:108520008FB00C46DDF8608016461F46054601F008
:10853000EFFB036807931846F7F74AFE00230C93F6
:10854000D8F8003094F818A0D4F800B00890073399
:1085500023F00703B3EC027B8DED047BC8F80030F9
:10856000DDE9048323F0004984ED127B9A4B4FF040
:10857000FF3240464946F8F789FA70BB964B4FF0F8
:10858000FF3240464946F8F763FA30BBDDE90401A3
:1085900000220023F8F752FA10B12D2384F843305B
:1085A0008E4A8F4BBAF1470F8CBF904698460323F3
:1085B00023612BF0040323604FF00009009733463A
:1085C0000DAA2146284600F0CDF9013040F08C80FC
:1085D0004FF0FF300FB0BDE8F08FDDE90423104607
:1085E0001946F8F753FA40B1059B7E4A002BBCBFF1
:1085F0002D2384F843307C4BD4E763685A1C0AF07F
:10860000DF093BD1062363604BF4806200232260C4
:1086100003930CABCDE901A30BAB009361689DED17
:10862000040B0DF12B032846FFF7DEFEB9F1470FCF
:108630000B99804629D1C81C02DB63688B4241DA62
:10864000AAF1020A5FFA8AFA0139524604F150008F
:108650000B91FFF728FF0C9A1318012A814623611A
:1086600002DC2268D20701D5013323619DF82B304B
:10867000002BA3D02D2384F843309FE7B9F1470F97
:10868000C2D1002BC0D10123BDE7BAF1650FDBD900
:10869000BAF1660F18D1002963680BDD216113B9A7
:1086A0002268D00702D501330B442361A1654FF046
:1086B0000009DBE713B92268D20701D50233F4E7DA
:1086C0000123F2E74FF0670A0C9B8B4205DC23681D
:1086D0002161D807EAD54B1CE7E70029D4BFC1F1D7
:1086E000020201221344E0E723685A0507D42369F4
:1086F000424631462846B847013028D168E7BAF1EA
:10870000650F40F2DB80D4E9120100220023F8F764
:108710008BF990B3354A012331462846B8470130DA
:108720003FF456AFDDE90B38434502DB2368D80739
:108730000DD5DDE9072331462846B84701303FF41F
:1087400047AF4FF0000908F1FF38C84509DC23683E
:108750009B0700F10481E0680D9B9842B8BF184662
:1087600038E7012304F11A0231462846B8470130A0
:108770003FF42EAF09F10109E7E70B9B834237DC99
:108780001A4A012331462846B84701303FF420AF4A
:10879000DDE90B3959EA030302D12368D907D6D59D
:1087A000DDE9072331462846B84701303FF410AFD2
:1087B0004FF0000A0B9B5B42534501DC4B4697E7A9
:1087C000012304F11A0231462846B84701303FF42C
:1087D000FFAE0AF1010AEDE7FFFFEF7FDCE00008E2
:1087E000D8E00008E4E00008E0E00008E8E0000865
:1087F000A36DDDF830B05B45A8BF5B46002B04934A
:1088000037DC4FF0000904F11A02049BD4F858A099
:10881000002BACBFAAEB030353464B4531DC0B9B4B
:108820009B453ADC2368DA0737D40B9BABEB030993
:10883000ABEB0A039945A8BF9946B9F1000F34DCA8
:108840004FF000080B9BB9F1000FABEB0303A8BF7F
:10885000A3EB090343457FF77AAF012304F11A0222
:1088600031462846B84701303FF4B2AE08F101085E
:10887000E8E7049B424631462846B8470130C0D15C
:10888000A6E60123314628460992B84701303FF455
:108890009FAE099A09F10109B7E7DDE907233146DF
:1088A0002846B8470130C0D192E64B4608EB0A0291
:1088B00031462846B8470130C2D189E6DDF830A0FC
:1088C000BAF1010F01DCDB0735D501234246314601
:1088D0002846B84701303FF47BAEDDE90723314637
:1088E0002846B84701303FF473AED4E912010022A4
:1088F00000230AF1FF3AF8F797F8C8B9534608F190
:10890000010231462846B84701300DD160E6012307
:1089100004F11A0231462846B84701303FF458AEF8
:1089200008F10108D045F2DB4B4604F15002E0E6C5
:108930004FF00008F6E701234246E2E7012304F185
:10894000190231462846B84701303FF441AE08F1DC
:108950000108E3680D995B1A4345EFDCFBE64FF035
:108960000008F6E72DE9F047914698468A680B69BA
:10897000089E9342B8BF1346C9F8003091F84320CF
:1089800007460C4612B10133C9F800302368990636
:1089900042BFD9F800300233C9F80030256815F01D
:1089A000060507D104F1190AE368D9F800209B1ADB
:1089B000AB4229DC94F843302268003B18BF012306
:1089C00092062ED404F1430241463846B0470130A6
:1089D00021D02368A168226903F00603042B01BF9C
:1089E000E568D9F80030ED1A25EAE57518BF0025CD
:1089F0008B1A2B449142C8BF1D464FF000091A3410
:108A00004D451AD1002008E0012352464146384620
:108A1000B047013003D14FF0FF30BDE8F08701359A
:108A2000C2E7E1185A1C302081F84300224494F830
:108A3000451082F843100233C4E701232246414621
:108A40003846B0470130E6D009F10109D8E7000007
:108A50002DE9F04398460B7E85B0782B17460646E5
:108A60000C9A0C4609D8622B01F1430108D8002B5F
:108A700000F0DC80582B00F0BD8004F1420539E0A5
:108A8000A3F163001528F8D801A555F820F000BF20
:108A9000E98A0008FD8A00087B8A00087B8A0008B2
:108AA0007B8A00087B8A0008FD8A00087B8A000810
:108AB0007B8A00087B8A00087B8A00080D8C0008EE
:108AC000298B0008BB8B00087B8A00087B8A000882
:108AD000358C00087B8A0008298B00087B8A0008F7
:108AE0007B8A0008C38B00081368191D1B6811607E
:108AF00004F1420584F842300123A8E01368256898
:108B0000181D1060280601D51B6803E06A06FBD516
:108B1000B3F90030002B03DA2D225B4284F84320A6
:108B2000DFF878C10A2213E02568106815F0800F7D
:108B300050F8043B02D16D0648BF9BB21060227E04
:108B4000DFF858C16F2A5DD10822002084F8430065
:108B50006568A560002D05DB20681D4320F004003A
:108B6000206051D00D46B3FBF2F002FB103E9A425A
:108B70001CF80EE005F801ED0346F4D9082A0BD1E4
:108B80002368DA0708D5236962689A42DEBF30237A
:108B900005F8013C05F1FF35491B2161CDF8008046
:108BA0003B4603AA21463046FFF7DCFE013053D195
:108BB0004FF0FF3005B0BDE8F083236843F0200399
:108BC0002360DFF8DCC0782384F84530206815681E
:108BD00010F0800F55F8043B03D110F0400F18BF80
:108BE0009BB21560C50744BF40F02000206023B150
:108BF0001022AAE7DFF8A4C0E6E7226822F02002EC
:108C00002260F5E70A22A0E70D46B7E71368D4F81B
:108C100000C060691D1D15601CF0800F1B6801D02D
:108C2000186003E01CF0400FFAD018800023236185
:108C30000D46B3E71368191D11601D6862680021B5
:108C40002846F7F775FA08B1401B60606368236136
:108C5000002384F84330A1E723692A463946304689
:108C6000C0470130A4D023689B0714D4E068039B5D
:108C70009842B8BF18469DE7012304F1190239460E
:108C80003046C047013093D00135E36803995B1A41
:108C9000AB42F1DCEAE70025F7E700BFEAE00008B5
:108CA000FBE00008002310B50446C0E90033C0E92A
:108CB0000433836081814366C2818361194608223F
:108CC0005C3000F0DCFF0D4B63620D4BA3620D4B7B
:108CD000E3620D4B23630D4B24629C4206D003F1EB
:108CE0006802944202D0D0339C4205D104F158006E
:108CF000BDE8104001F008B810BD00BFFFBD00087E
:108D000021BE000859BE00087FBE00081C46002096
:108D1000024A0349034800F00BBF00BF04000020D3
:108D200089BF00088001002041680C4B994210B5B2
:108D3000044601D003F028F9A168094B994202D0FA
:108D4000204603F021F9E168064B994204D0204601
:108D5000BDE8104003F018B910BD00BF1C4600204C
:108D600084460020EC46002010B50A4B0A4A1A60DF
:108D70000A4800220421FFF795FF09480122092132
:108D8000FFF790FFBDE81040064802221221FFF7CE
:108D900089BF00BF54470020118D00081C460020E9
:108DA00084460020EC460020014800F0AEBF00BF22
:108DB00059470020014800F0A9BF00BF59470020D3
:108DC00010B50446FFF7F0FF236A1BB1BDE8104061
:108DD000FFF7F0BF044B2362044B1B68002BF5D157
:108DE000FFF7C2FFF2E700BF298D000854470020BB
:108DF00070B504460D4645EC104B164602F0C2FE17
:108E000051EC100B7EB1C5F30A53C3F16B03002B79
:108E100009DD1B0503F17F55002405F540152246A9
:108E20002B46F7F799FB41EC100B70BD00000000DA
:108E30002DE9F04F9FB00E461792002204901A922F
:108E40004FF000084FF0000919910A782B2A0D46BF
:108E500001F101011CD00AD80D2A05D8082AF3D83F
:108E600072B100230B9382E0202AEDD0F9E72D2A7E
:108E700010D10122691C19910B926A78002A37D10E
:108E8000179B1996002B40F0A88542464B462AE0D6
:108E90000022EFE700210B91302A40F09D806A7894
:108EA00002F0DF02582A5AD102930B9B01931AABAE
:108EB0000093874A04981BAB19A901F009FE10F032
:108EC0000F04064605D0062C14D101350023199550
:108ED0000B93179B002B40F082850B9B002BD4D06B
:108EE000424609F1004343EC102B1FB0BDE8F08F60
:108EF0000D46D1E71A9A3AB135211CA802F03BFF82
:108F00001A99049802F0F2FA013C042C06D8DFE822
:108F100004F014031E211400DDE91C89F10548BF8B
:108F200049F0004929F000431B0D1B05002BD0D14F
:108F300000F0C0FE22230360CBE7DDE91C831B9A0F
:108F400023F4801302F2334243EA0259E6E7DFF8E2
:108F50008891E3E76FF000494FF0FF38DEE7013515
:108F600019952B78302BFAD0002BB2D001234FF07B
:108F7000000A07932846CDF838A0D3460A23047880
:108F8000A4F13002092A29D95249012200F07FFEBA
:108F9000002836D00020224606905C460146652A0D
:108FA00001D0452A16D124B9079B03433FF468AF8B
:108FB0000024199E731C199372782B2A7FD02D2AB6
:108FC00000F083804FF0000CA2F13003092B40F237
:108FD000898019960023ACE00023C8E7BBF1080F95
:108FE000DCBF0E9A03FB024200F10100D5BF303A0C
:108FF00003FB0A420E92A2F1300A0BF1010B199009
:10900000BDE7199B5A1C19925A78BBF1000F3BD04F
:1090100006905C46A2F13003092B11D90121BEE76D
:10902000199B5A1C19925A780130302AF8D0A2F1B3
:109030003103082B00F2D8840690199D00200446C5
:10904000303A00F1010319D00699059419440691AC
:10905000A4464FF00A0E0CF10107391B8B4215DCB8
:10906000059920EAE07001440134082904441CDC1D
:109070000E990A2303FB01230E930023199A511C16
:10908000199152781846C5E75846CEE7BCF1080F4B
:1090900005DC0E990EFB01F10E91BC46DBE70AFBE5
:1090A0000EFC102FD8BFE246F7E70F29DCBF0A23DA
:1090B00003FB0A2AE1E700230693012174E74FF03E
:1090C000000CB31C1993B2787EE74FF0010CF8E75F
:1090D000D8E200080CE100080000F07F199B5A1C40
:1090E00019925A78302AF9D0A2F13103082B3FF6B1
:1090F00071AFDDF864E0CDF814E0A2F130030A931B
:10910000059B013319931A780593A2F13007092FB3
:109110003BD9A3EB0E03082B44F61F633DDC0A9FEB
:109120009F42A8BF1F460597BCF1000F02D0059BC8
:109130005B420593002C51D1079B03437FF4C9AEDA
:1091400000297FF49DAE692A2BD028DC492A28D03B
:109150004E2A7FF495AE9F4919A801F0D7FE00284A
:109160003FF48EAE199B1B78282B31D19A491CAA4B
:1091700019A801F0E0FE05282AD11D9BDDF87080BA
:1091800043F0FF4949F4E009A3E60A9B0A2707FBDD
:109190000327A7F130020A92B2E70593C4E76E2ACB
:1091A000D7E78E4919A801F0B1FE00283FF468AE58
:1091B000199B8B49013B19A8199301F0A7FE10B91F
:1091C000199B01331993DFF828924FF0000880E6CD
:1091D000844800F0B1FD59EC108B7AE6DDE90532E8
:1091E0000E989B1ABBF1000F08BFA346102C0A93E0
:1091F0002646A8BF1026F7F735F9092C8046894680
:1092000013DC0A9B002B3FF464AE0A9B6FDD162B28
:1092100056DC754901EBC301D1E9000142464B46DA
:10922000F7F79AF98046894653E66F4B03EBC6037E
:1092300053E91223F7F790F9804650468946F7F72D
:1092400011F902460B4640464946F6F7CFFF0F2C70
:1092500080468946D5DD0A9BA4EB060A9A44BAF1FA
:10926000000F40F392802AF00F061AF00F0A4DD13A
:10927000B6F59A7F5ADC4946DFF8709136114046C0
:109280000027012E76D1A1F15479584901EBC7018D
:1092900002464B46D1E90001F7F75EF9544B0A4606
:1092A0000B4054498B42804640D8A1F580118B4237
:1092B00086BFDFF844914FF0FF3802F1547932E075
:1092C0000A9AC4F125039342C5DB474DC4F10F044C
:1092D00005EBC40142464B46D1E90001F7F73CF9E2
:1092E0000A9B1C1B05EBC405D5E9002398E7163340
:1092F000B1DBDDE905239A1A3B4B03EBC203D3E94B
:10930000002340464946F7F751FA8BE7364901EB0F
:10931000CA0142464B46D1E90001F7F71DF98046E4
:109320008946002EA4D1002307939BE000240594D6
:109330000E940694049ADFF8B890222313604FF03D
:1093400000080E9B002B3FF4C4AD1A99049802F05C
:10935000CDF80699049802F0C9F8DDE9040102F09D
:10936000C5F80E99049802F0C1F80498214602F05D
:10937000BDF8AEE5F20703D5D9E90023F7F7ECF81D
:109380000137761009F108097BE7CCD0CAF1000A51
:109390004FEA2A161AF00F0A0DD11F2E2EDD0024D7
:1093A00005940E940694049A22234FF000084FF07F
:1093B00000091360C5E70C4B03EBCA03404649465E
:1093C000D3E90023F7F7F2F980468946002EAAD0A8
:1093D000E3E700BFE5E00008C4E20008DDE00008C4
:1093E00019E10008C3E2000850E4000828E400087E
:1093F0000000F07F0000A07CFFFFEF7F16F010035D
:1094000018BF6A23754F079340464946F30703D5B3
:10941000D7E90023F7F7A0F8761007F10807F5D190
:10942000079B80468946ABB1C1F30A52C2F16B0378
:10943000002B0F460EDD1F2B55DD342BDEBF4FF00A
:10944000FF33C2F14B029340B046CCBF4FF05C7982
:1094500003EA01090022002340464946F7F7E4FAEF
:1094600000289CD10E9B0093049823465A46294617
:1094700002F0A4F80E9000283FF458AFDDE9052370
:109480009B1A0A9A002AA8BF00231493002422EAF8
:10949000E273169305940E9B0498596801F0E8FF57
:1094A000069000283FF446AF0E9B1A69023203F182
:1094B0000C0192000C3000F02FFC49EC108B04984A
:1094C0001CAA1BA9CDE90C8902F0CCFB1A9000283C
:1094D0003FF430AF0498012102F006F905900346ED
:1094E00040B9059326E74FF0FF3202FA03F303EA8F
:1094F0000008AFE71B9D079A002DABBF149B169B7E
:10950000169E149FACBFEF185E1B1C9BAD1A1D442A
:10951000334A013D9542C3F1360354DA3149521BB7
:109520008D42A3EB02034FF0010140DB01FA02FA86
:10953000002507EB030B1E44079B5F451E443B467B
:10954000A8BF5B46B342A8BF3346002BC2BFABEBFC
:10955000030BF61AFF1A149B002B18DD1A46DDE9DF
:10956000040102F08DF9059003460028B9D00146A8
:109570001A9A049802F0CEF8034600283FF4DAAEB7
:109580001A9904980F9301F0B1FF0F9B1A93BBF146
:10959000000F1ADC0A9B002B26DD169A0699049808
:1095A00002F06EF906900346F0B90693C2E6C5F1E3
:1095B0007F4505F57F0505F57B45E23501FA05F5A3
:1095C0004FF0010AB5E70025FAE71A9904985A46C0
:1095D00002F0B2F91A900028DCD1ABE6F0E2000804
:1095E00002FCFFFFE3FBFFFF002E08DD0699049855
:1095F000324602F0A1F9069003460028D5D0002F8C
:1096000008DDDDE904013A4602F096F905900028EC
:109610003FF490AE069A1A99049802F01BFA044699
:1096200000283FF487AEC3680F9300230599C360F9
:1096300002F0F4F900283CDA0F9B53EA08035FD1EB
:10964000C9F313034E46002B5AD129F000431B0DDA
:109650001B05B3F1D66F53D9636913B92369012B85
:109660004EDD21460122049802F066F90599044670
:1096700002F0D4F9002843DDAD4B079A3340002AAD
:109680005DD0B3F1D66F5AD8B3F15C7F7FF68BAE65
:10969000A84B404649460022F6F75EFFA44B0B401C
:1096A00080468946002B7FF450AE049A2223136033
:1096B0004BE64E4660D10F9AC9F313034AB39E4A54
:1096C000934229D1079B4146F3B1994B09EA030321
:1096D000B3F1D46F4FF0FF3219D81B0DC3F16B03F8
:1096E00002FA03F3994217D1944B9E4202D1013101
:1096F0003FF420AE8E4B334003F580194FF0000845
:10970000079B002BC4D120E64FF0FF33EAE7134656
:10971000E8E753EA0803AFD0D5B13542F0D00F9B4C
:10972000079A40464946B3B1FFF762FBDDE90C01F9
:1097300053EC102BF6F75AFD80468946E0E7A3F577
:1097400080136FEA13596FEA09594FF0FF38D7E7D2
:109750001AEA080FE2E7FFF74BFBDDE90C0153ECD7
:10976000102BF6F741FD0022002380468946F7F7CB
:109770005BF90028C4D016E60599204602F0CAFA23
:109780005BEC10AB00224FF0804350465946F7F790
:109790005FF9002872D00F9B002B7DD1B8F1000F2C
:1097A00058D1C9F31303002B5AD1654B0022504600
:1097B0005946F7F743F900285BD150465946614BAB
:1097C0000022F6F7C9FE82468B460BF10043CDF826
:1097D00020A00993DDE90823554DCDE9102306EAC1
:1097E00005031593584B06EA05029A4240F0B080F3
:1097F000A6F1547949EC108B02F0C4F9DDE9082395
:1098000051EC100BF6F7A8FE42464B46F6F7EEFC7D
:109810004E4A0D409542804645D90D9A474B9A4293
:1098200003D10C9B01333FF485ADDFF810914FF06D
:10983000FF381A99049801F059FE0699049801F02E
:1098400055FEDDE9040101F051FE0498214601F0C6
:109850004DFE20E6B8F1010F02D1002E3FF4A3AD7A
:109860009FED2B7BDFF8D8B08DED087B4FF0000A21
:10987000B0E7DFF8D0B04FF0000AA6E7314B504612
:1098800059460022F6F768FE0F9B82468B46002B56
:109890009BD0CDE908AB9DE79FED1F7B8DED087B4D
:1098A0005BEC17AB96E701F15479079B002BC0D115
:1098B000159A29F000431B0DB2EB035FB9D1504656
:1098C000594603F005FAF6F719FE02460B465046D4
:1098D0005946F6F789FC0F9AC9F3130343EA0803C4
:1098E000134306460F4672D00DA3D3E90023F7F7C2
:1098F000A5F800287FF429AD0BA3D3E90023304657
:109900003946F7F7B9F8002893D01EE5AFF3008089
:10991000000000000000F0BF000000000000F03F69
:109920009535A094FFFFDF3F35E5AF350000E03F00
:109930000000F07F00005039FFFF0F00FFFFEF7FB6
:109940000000F03F0000E03F0000E07FFFFF9F7C51
:10995000079B33B3159BB3F1D46F22D828A3D3E967
:10996000002350465946F7F773F8A0B159465046C0
:10997000F7F7CAF8012838BF0120F6F773FD0F9BEF
:1099800082468B4603BB01F1004312901393DDE93D
:109990001223CDE91023119B159A03F1D6639B1A6C
:1099A00011939DED0C0BDDE9106702F0EBF83046EA
:1099B00053EC102B3946F6F7CFFDDDE90C23F6F713
:1099C00015FC8046894670E7CDE912ABDFE70EA3B0
:1099D000D3E90023F7F732F895E700230B93179AA2
:1099E000199B1360FFF779BA652A3FF464AB452AE7
:1099F0003FF461AB0121FFF79FBB00BFAFF30080D5
:109A00000000C0FFFFFFDF419535A094FFFFCF3F6F
:109A10000A4601460248034B0068FFF709BA00BF37
:109A20007C01002010000020242B2DE9F0478846FF
:109A300001D8012B06D100F03DF916230360002068
:109A4000BDE8F087344E0D46294615F8014B375DC9
:109A500017F00807F8D12D2C10D12C7801278D1C78
:109A600033F0100115D1302C0DD1297801F0DF0130
:109A7000582908D16C78023510230AE02B2C04BF3A
:109A80002C788D1CECE7002BF6D1302C14BF0A2368
:109A9000082307F1004E0EF1FF3E0021BEFBF3F953
:109AA0000E4603FB19EAA4F1300CBCF1090F10D8E3
:109AB0006446A3421EDDB1F1FF3F07D0B14516D386
:109AC00001D1A24513DB06FB0346012115F8014B2A
:109AD000E9E7A4F1410CBCF1190F01D8373CE8E7E4
:109AE000A4F1610CBCF1190F04D8573CE1E74FF029
:109AF000FF31EBE74B1C05D122230360764632B9D8
:109B000030469DE707B17642002AF9D009B105F148
:109B1000FF38C2F80080F3E719E3000813460A464D
:109B2000014602480068FFF77FBF00BF7C010020AC
:109B30002DE9F8438046894614460026D4E901758C
:109B4000013F05D52468002CF8D13046BDE8F883E4
:109B5000AB89012B07D9B5F90E30013303D0294663
:109B60004046C84706436835EAE700000FB407B52A
:109B7000064904AB086853F8042B8168019301F08F
:109B800057FB03B05DF804EB04B070477C01002084
:109B9000036A70B5846805460E460BB9FFF710F9E5
:109BA000636EDB0705D4A389980502D4A06D00F08D
:109BB000ACF8A389190702D52369002B35D12146BA
:109BC000284602F047FA80B34FF0FF35636EDA079C
:109BD00005D4A3899B0502D4A06D00F097F8284610
:109BE00070BD002B04DAA269934217DB0A2915D055
:109BF00023685A1C22601970A36816F8011F013BE4
:109C0000A3600029EDD18B4211DA22460A212846B1
:109C100002F0E2F90130D7D00A25D7E722462846DC
:109C200002F0DAF90130E7D1CEE7013EE4E723683C
:109C30005A1C22600A221A70EEE70000024B01460D
:109C40001868FFF7A5BF00BF7C010020884210B54F
:109C500001EB020402D98442234607D8431EA142E5
:109C600007D011F8012B03F8012FF8E702448242D4
:109C700000D110BD13F8011D02F8011DF7E70244E1
:109C80000346934200D1704703F8011BF9E710B572
:109C90006AB101398418027811F8013F9A4204D15F
:109CA0000130A04201D0002AF5D1D01A10BD1046D3
:109CB000FCE70000014B1868704700BF7C010020E2
:109CC00070B50D4B0D4C00261D1BB6EBA50F09D131
:109CD00003F034F80A4C0B4B00261D1BB6EBA50F06
:109CE00005D170BD54F8043B98470136EDE754F8B0
:109CF000043B98470136F1E758E5000858E50008AD
:109D000058E500085CE500087047704770470000A0
:109D100000487047000100200A44914200F1FF33DF
:109D200000D1704710B511F8014B03F8014F914273
:109D3000F9D110BD000000009FED010B704700BF7E
:109D4000000000000000F87F2DE9F74F03690C695F
:109D5000A34280467EDB013C01F11407A30000F121
:109D60001405009305EB8403019357F8243055F84C
:109D7000242001339A4207EB8409B2FBF3F62ED379
:109D80004FF0000ABC46AE46D3465CF8043B98B29E
:109D900006FB00A0020C1B0C06FB0323DEF80020D0
:109DA00080B292B2121A5A44DEF800004FEA134A07
:109DB0009BB2C3EB224303EB104392B242EA03424D
:109DC000E1454EF8042B4FEA234BDED2009BEB58C3
:109DD0002BB9019B1A1F954230D3C8F8104040465A
:109DE00001F01CFE002825DB01362946002057F82B
:109DF000042BD1F800C01FFA82FE1FFA8CF3A3EBEC
:109E00000E030344120CC2EB234202EB1C429BB232
:109E100043EA0243B94541F8043B4FEA2240E6D207
:109E200055F8242005EB840322B9043B9D420BD353
:109E3000C8F81040304603B0BDE8F08F1368002B1F
:109E4000CBD1043A013CC6E71A68002AF0D1043BA2
:109E5000013CEBE70020EEE72DE9F04F99B08DEDE6
:109E60000E0B0C92C269229C0A9157EC106B814632
:109E7000139382B9102001F0FBF80246C9F81C00C8
:109E800020B9A94BEF21A94802F01AFA0023C0E932
:109E900001330360C360116859B152684A600123FD
:109EA00093408B60484601F021FBD9F81C3000221A
:109EB0001A60B7F10008B5BF0123002323602360B7
:109EC0009B4BBCBF28F00048CDF83C8033EA080328
:109ED0001AD1139AC8F3130842F20F7358EA06080E
:109EE000136000F06185239B53B9924B21E0924BA4
:109EF00000930833239A1360009819B0BDE8F08FDF
:109F00008C4B00930333F5E79DED0E7B002251EC63
:109F1000170B00238DED067BF6F786FD824650B1C8
:109F2000139A01231360239B13B1239A834B13606D
:109F3000834B0093E0E79DED060B16AA17A9484650
:109F400001F090FE5FEA1854169D019079D0079BAE
:109F5000CDF850A0C3F31303DDE9060143F07F53AE
:109F600043F44013A4F2FF3419460022754BF6F770
:109F70003BF967A3D3E90023F6F7EEFA66A3D3E92A
:109F80000023F6F733F9064620460F46F6F77AFA2D
:109F900063A3D3E90023F6F7DFFA02460B46304607
:109FA0003946F6F723F906460F46F6F785FD0022F7
:109FB0008046002330463946F6F740FD48B140461A
:109FC000F6F760FA32463B46F6F72EFD08B908F17F
:109FD000FF38B8F1160F51D85B4B03EBC803D3E938
:109FE0000023DDE90601F6F729FD002848D008F135
:109FF000FF38002312932D1B6B1E089343BF0023D1
:10A00000C5F1010708930027B8F1000F3ADB089B60
:10A01000CDF8348043440893002309930A9B092B0D
:10A0200062D8052BC4BF043B0A930A9BA3F1020329
:10A03000CCBF00240124032B62D8DFE803F0515386
:10A04000362B179C2C4404F23243202BC1BFC3F1A2
:10A05000400308FA03F804F2124326FA03F3D6BFCA
:10A06000C3F1200348EA030006FA03F0F6F7FAF911
:10A070000122A1F1F873013C149275E70123B9E7BD
:10A080001290B8E7C8F1000309930023A7EB080773
:10A090000D93C3E701230B930C9B434405930133BA
:10A0A000012B0493B8BF012306E001230B930C9B03
:10A0B000002B28DDCDE90433D9F81C00002104224F
:10A0C00002F114059D4243D94160484601F0D0F9A0
:10A0D000009000283FD11D4B024640F2AF11D2E65E
:10A0E0000023E3E70023D6E701240023CDE90A3467
:10A0F0004FF0FF330022CDE904330C921223DBE74B
:10A1000001230B93F4E70123CDE904330C93D3E748
:10A1100061436F63A787D23FB3C8608B288AC63F6D
:10A12000FB799F501344D33F23E100083AE1000834
:10A130000000F07F1FE1000816E10008E9E00008D8
:10A14000E8E000080000F83F50E400089BE1000848
:10A1500001315200B4E7D9F81C30009A1A60049B10
:10A160000E2B75D8002C73D0B8F1000F40F3C480CB
:10A170009F4B08F00F0203EBC20318F4807FD3E972
:10A1800000AB4FEA281500F0A3809A4BDDE90601E9
:10A19000D3E90823F6F70AFBCDE9020105F00F0524
:10A1A0000324944E002D40F0998052465B46DDE931
:10A1B0000201F6F7FBFA82468B46129B002B00F059
:10A1C000C3808D4B002250465946F6F737FC0028D5
:10A1D00000F0BA80049B002B00F0B680059B002B9A
:10A1E00036DD08F1FF33029350465946834B002277
:10A1F000F6F7B2F9059E82468B4601342046F6F703
:10A2000041F952465B46F6F7A7F97D4B0022F5F778
:10A21000EDFF0446A1F15075CDE91045002E40F048
:10A220009780784B002250465946F5F7DDFF2246CD
:10A230002B4682468B46F6F71FFC002840F0BD8275
:10A24000224605F1004350465946F6F7F7FB20BB7E
:10A25000179B002BC0F28D81B8F10E0F00F389819E
:10A26000634B03EBC803D3E900AB0C9B002B80F2DC
:10A270001B81049B002B00F317810ED1614B002240
:10A2800050465946F6F768F902460B46DDE90601E5
:10A29000F6F7DEFB002800F0938200252C460C9B8D
:10A2A000009EDB430293274600242946484601F0DE
:10A2B0001DF9002F00F0EE802CB1BC4203D02146E6
:10A2C000484601F013F93946484601F00FF9E1E03C
:10A2D0009DED067B02248DED027B62E7E90708D540
:10A2E00050465946D6E90023F6F736F9013482463E
:10A2F0008B466D10083655E722D0C8F100053C4B5F
:10A300003C4E05F00F0203EBC203D3E90023DDE965
:10A310000601F6F721F92D1182468B460224002D05
:10A320003FF44BAFEA0708D550465946D6E900231B
:10A33000F6F712F9013482468B466D100836EEE7C7
:10A34000DDE906AB022438E7049ECDF8088055E726
:10A35000274B03EBC60353E902010B9B002B55D09F
:10A3600002460B4600202849F6F720FADDE91023C3
:10A37000F5F73AFF009BCDE910019D191E4659469D
:10A380005046F6F799FB00F13004F6F77BF80246E9
:10A390000B4650465946F5F727FFDDE9102306F82E
:10A3A000014B82468B46F6F749FB002872D1524694
:10A3B0005B4611490020F5F717FFDDE91023F6F79A
:10A3C0003DFB002840F0B680AE423FF441AFDDE9EE
:10A3D00010010A4B0022F6F7BFF8084BCDE9100137
:10A3E000002250465946F6F7B7F882468B46C6E734
:10A3F00050E4000828E400080000F03F000024407A
:10A4000000001C40000014400000E03FDDE9102384
:10A41000F6F7A2F8009B009CCDE910013344159398
:10A4200059465046F6F748FB00F13005F6F72AF892
:10A430000B46024659465046F5F7D6FE04F8015B36
:10A44000159B9C4282468B4627D1009B0022DDE96A
:10A4500010011E44AA4BF5F7C9FE02460B465046B2
:10A460005946F6F709FB002864D1DDE91023A44919
:10A470000020F5F7B9FE02460B4650465946F6F75E
:10A48000DDFA00283FF4E4AE334616F8012D302AF9
:10A49000FAD01E46DDF808803AE09A4B0022F6F723
:10A4A0005BF882468B46BBE7009E52465B46DDE981
:10A4B0000601F6F77BF9F6F7FFFA0746F5F7E2FF34
:10A4C00052465B46F6F748F802460B46DDE90601C0
:10A4D000F5F78AFE07F1300C009C06F801CBA6EBDD
:10A4E000040C049C644502460B4633D1F5F77EFE0E
:10A4F00052465B4604460D46F6F7BEFAC0B95246D0
:10A500005B4620462946F6F78FFA08B1FB070FD4C1
:10A510000199484600F0EAFF0023139A337008F1CE
:10A5200001031360239B002B3FF4E6AC1E60E3E4C1
:10A53000CDF8088033461E4613F8012D392A06D17E
:10A54000009A9A42F7D1029A0132029230220132E5
:10A550001A709FE76B4B0022F5F7FEFF02460B4691
:10A56000CDE9062300220023F6F75EFA00289CD0EE
:10A57000CEE70B9A002A00F0DF800A9A012A00F346
:10A58000C380149A002A00F0B78003F23343099D78
:10A590003E46089A01211A4448461F44089201F099
:10A5A000A3F8044656B1089B002B07DDB342089A76
:10A5B000A8BF3346FF1AF61AD31A0893099B0BB3A8
:10A5C0000B9B002B00F0BF80002D00F0B9802146CE
:10A5D0002A46484601F054F9019A01460446484685
:10A5E00001F098F801998246484600F07FFF099BE8
:10A5F0005B1B099300F0AA80099A5146484601F076
:10A600003FF901900121484601F06EF80D9B054687
:10A61000002B00F0D0811A460146484601F030F97F
:10A620000A9B012B054600F399800E9B002B40F0FE
:10A6300090800F9BC3F31303002B40F08A800F9B85
:10A6400023F000431B0D1B05002B00F08580089BA9
:10A650000133013708934FF0010A0D9B002B00F0E6
:10A66000B0812B6905EB8303186900F0F1FFC0F19D
:10A670002000089B184410F01F0076D01B2870DCC7
:10A68000C0F11C000744064403440893002F05DD75
:10A6900001993A46484601F04FF90190089B002B7A
:10A6A00005DD29461A46484601F046F90546129B43
:10A6B000002B5FD00198294601F0B0F9002859DA43
:10A6C00008F1FF330293019900230A22484600F063
:10A6D0002FFF0B9B0190002B00F07581002321467A
:10A6E0000A22484600F024FF059B002B044671DC3B
:10A6F0000A9B022B47DC6DE0169BC3F1360346E74D
:10A700000000E03F00002440049B5D1E099BAB421B
:10A7100008DB5D1B049B002BBFF63AAF049BFE1ABF
:10A72000002336E7099B0D9A0995EB1A1A440D92FE
:10A73000049B3E4600252CE7099D0B9C3E4631E7D5
:10A74000DDF804A058E7099A019957E7CDF804A06D
:10A7500058E74FF0000A80E79A467EE74FF0000A7C
:10A760007FE71C2892D0C0F120001C30089B0744D2
:10A77000064489E7049BCDF80880002B24DC059370
:10A780000A9B022B22DD059B002B7FF488AD294616
:10A79000059B0522484600F0CBFE01460546019880
:10A7A00001F03CF900287FF77AAD009E312306F8CE
:10A7B000013B029B0133029375E535462C46F4E7D5
:10A7C000049DCDF80880F9E7049B05930B9B002BB3
:10A7D00000F0FD80002E05DD21463246484601F09E
:10A7E000ABF80446BAF1000F58D06168484600F053
:10A7F0003FFE064628B9814B024640F2EF21FFF7A3
:10A8000042BB22690232920004F10C010C30FFF7C6
:10A8100083FA01223146484601F08EF80746009B34
:10A82000009A03F10108059B134406930E9B03F065
:10A830000103089329460198FFF786FA2146049000
:10A8400000F1300B019801F0E9F83A4605902946ED
:10A85000484601F0FFF8C26808F1FF3A0646FAB927
:10A860000146019801F0DAF802463146484609925D
:10A8700000F03CFEDDE9092342EA0301089B19438D
:10A8800046460FD1BBF1390F28D0059B002B02DDC6
:10A89000049B03F1310B8AF800B006E52746BEE7BA
:10A8A0000122E2E7059B002B04DB0A990B43089980
:10A8B0000B4320D1002AEEDD01990122484601F028
:10A8C0003BF82946019001F0A9F8002803DCE2D109
:10A8D0001BF0010FDFD0BBF1390FD9D139238AF832
:10A8E000003033461E46013B16F8012C392A52D05F
:10A8F00001321A70D9E4002A07DDBBF1390FEDD01F
:10A900000BF101038AF80030CFE4069B08F801BC84
:10A9100043452AD0019900230A22484600F008FE48
:10A92000BC4201904FF000034FF00A022146484616
:10A9300006D100F0FDFD0446074608F1010879E75D
:10A9400000F0F6FD3946044600230A22484600F08E
:10A95000EFFD0746F1E7059B5E1E002B009BD8BF6D
:10A9600000265A1C27461644002401990122484615
:10A9700000F0E2FF2946019001F050F80028B0DC19
:10A9800002D11BF0010FACD133461E4613F8012D46
:10A99000302AFAD089E4009A9A42A3D1029B01336B
:10A9A00002933123137080E4239B002B7FF49FAA32
:10A9B000134BFFF7BEBA0A9B012B7FF736AEDDF8CB
:10A9C00034A0012055E6059B002B7FF7D9AE009EF1
:10A9D00001982946FFF7B8F900F1300B009B06F803
:10A9E00001BBF21A059B9342B5DD019900230A22AF
:10A9F000484600F09DFD0190EAE700BF9BE100089A
:10AA000016E100080369B3EB611F2DE9F0434FEA3B
:10AA1000611200F1140443DD11F01F0104EB830CFB
:10AA200004EB82050CD100F110062946614532D3B2
:10AA30009B1A9B00033DAC4538BF0023234414E020
:10AA400054F82260C1F12008CE4005F1040EA14661
:10AA5000F44515D89A1A9200043A0135AC4538BF2E
:10AA60000022A318A65006B104331A1BA3424FEAD2
:10AA7000A20208BF0023026108BF4361BDE8F08362
:10AA8000DEF8007007FA08F7374349F8047B5EF8F0
:10AA9000046BCE40DCE751F8047B46F8047FC5E741
:10AAA0002346E2E7A0F13003092B02D82038C0B2D8
:10AAB0007047A0F16103052B01D84738F7E7A0F1F3
:10AAC0004103052B01D82738F1E70020704700002B
:10AAD0002DE9F04F85B00F4602930B680190914627
:10AAE0009C1C20783028A04604F10104F9D0A8EB82
:10AAF0000303A3F1020BFFF7D5FF8246002838D1EC
:10AB00009F4901224046FFF7C2F80546002863D15D
:10AB100098F801002646FFF7C5FF00285ED0207890
:10AB20003028A04604F10104F9D0FFF7BBFFB0FACA
:10AB300080F4640935464FF0010BC24656460AF1CF
:10AB4000010A3078FFF7AEFF0028F7D18C490122C7
:10AB50003046FFF79CF878B945B9554656460AF194
:10AB6000010A3078FFF79EFF0028F7D1AD1BAD003A
:10AB700004E000242546E0E7002DF7D1337803F008
:10AB8000DF03502B37D173782B2B29D02D2B2BD0D3
:10AB9000711C4FF0000A0878FFF784FF431EDBB2F8
:10ABA000182B28D8A0F1100211F8010FFFF77AFF37
:10ABB000431EDBB2182B1AD9BAF1000F00D0524253
:10ABC00015443960CCB1BBF1000F0CBF062700273C
:10ABD000384605B0BDE8F08F464655460124CDE71E
:10ABE0004FF0000AB11CD6E74FF0010AFAE70A233A
:10ABF00003FB0200D6E73146E3E7A6EB0803013B7F
:10AC00002146072B0ADC019800F032FC044640B9CB
:10AC10005C4B0246E4215C4801F052FB01315B10C1
:10AC2000EFE700F1140A002357469B46B04537D39F
:10AC300047F804BBA7EB0A07BB102361584600F096
:10AC400007FDD9F80060C0EBC707B74254DDBF1B52
:10AC50003946204601F0B2F8804678B17B1E591182
:10AC600003F01F025AF821104FF0010808FA02F20F
:10AC70000A4203D0434536DC4FF0020839462046ED
:10AC8000FFF7C0FE3D44D9F80830AB4242DA0198E4
:10AC9000214600F02BFC0E9A00231360A32797E7B0
:10ACA00016F8012D2E2A12D0202B04D147F804BB10
:10ACB0004FF0000B5B4630780393FFF7F3FE039BE6
:10ACC00000F00F0098404BEA000B0433AEE7B045AC
:10ACD000EAD82B49039301223046FEF7D8FF039BA5
:10ACE0000028E1D1A2E7B91E204601F067F800284C
:10ACF000C2D04FF00308C1E709DAF71B21460198DB
:10AD00003A4600F019FEED1B044600F1140A4FF01C
:10AD10000008B8E7D9F80430AB426FDD5D1BAE42E6
:10AD200034DCD9F80C30022B22D0032B24D0012B99
:10AD300015D1AE4213D1012E0BD1029AD9F80430AD
:10AD4000136001232361CAF800300E9B62271C6048
:10AD50003EE7711E204601F031F80028EDD1019840
:10AD6000214600F0C3FB0E9A0023136050272FE703
:10AD70000F9B002BF3D1E0E70F9B002BDDD1EEE71B
:10AD80000CE100089BE10008ACE100086F1EB8F17F
:10AD9000000F30D127B13946204601F00FF8804628
:10ADA0007A1101235AF8222007F01F07BB401342F3
:10ADB0002946204618BF48F00208761BFFF722FEFE
:10ADC000D9F804500227B8F1000F42D0D9F80C305E
:10ADD000022B15D0032B17D0012B09D118F0020F2D
:10ADE00006D0DAF8003048EA030818F0010F0ED157
:10ADF00047F010072DE04FF00108D1E70127E2E707
:10AE00000F9BC3F101030F930F9B002BF0D0D4F8DD
:10AE100010A004F1140303EB8A0100201A68B2F1B8
:10AE2000FF3F1BD001321A60022F04F114033CD102
:10AE3000D9F80020013AB24209D17111012253F828
:10AE4000213006F01F0602FA06F61E423AD147F0FC
:10AE500020070E9B1C60029B1D60B9E643F8040BA3
:10AE60009942DBD8A3689A4517DB616801980131E4
:10AE700000F0FEFA804618B91A4B02468421CAE651
:10AE80002269023204F10C0192000C30FEF744FFFB
:10AE90002146019800F02AFB444623695A1C04EB22
:10AEA0008303226101225A61BEE7226952450BDD0C
:10AEB00001212046FFF7A6FDD9F808300135AB4245
:10AEC000FFF6E5AE0127C2E716F01F06FAD003EB46
:10AED0008A03C6F1200653F8040C00F0B9FBB04217
:10AEE000E6DBEFE79BE10008C2F10802920070B5D3
:10AEF000C2F120064368046803FA06F52C43D340E8
:10AF0000046040F8043F8842F4D370BD30B5036854
:10AF10000139013311F8014F14B90360012030BD2C
:10AF200013F8012BA2F14105192D98BF2032A2423E
:10AF3000F0D00020F3E72DE9F04F0B6887B05E11E9
:10AF4000029013F01F0302EB86060193029B18BFC9
:10AF500004360025371F196846F8045C9046B94648
:10AF60003C46AB46AA464A784B1C039332B3104684
:10AF700005910492FFF796FD002851D1049A059996
:10AF8000202A16D8DA4512DD4C4506D2072D04DCFE
:10AF90002A4649462046FFF7A7FF444553D90023D8
:10AFA000A4F1040944F8043CD3464C461D460399D9
:10AFB000D9E7292A59D1029B02311960BAF1000F51
:10AFC00053D04C4506D2072D04DC2A46494620467C
:10AFD000FFF78AFF444538D9A8F10402234653F805
:10AFE000041B42F8041F9F42F9D23B1B23F00303CA
:10AFF0000134033EB44288BF002308F10402134425
:10B0000000211A4604339F421160FAD23B681BB9F3
:10B01000474528D101233B60052007B0BDE8F08FEC
:10B020000135082D0AF1010A06DD4445BFD9002388
:10B0300044F8043C0125043C226800F00F0040EA7B
:10B0400002102060B3E70825B1E7019B002BDDD09B
:10B05000C3F120034FF0FF32DA4056F8043C1340AE
:10B0600046F8043CD2E7043FD0E70420D5E70000CF
:10B07000024B0146186800F025B800BF7C01002093
:10B0800070B50F4C0E462168054611B901F0D4F891
:10B0900020603146284601F0CFF8431C03D14FF021
:10B0A000FF34204670BDC41C24F00304A042F8D035
:10B0B000211A284601F0C0F80130F2D1EFE700BFB5
:10B0C0005C4700202DE9F843CD1C25F00305083529
:10B0D0000C2D38BF0C25002D064601DBA94204D9F2
:10B0E0000C2333600020BDE8F883334F00F0B4F93F
:10B0F0003B681C463CBB29463046FFF7C1FF431C5A
:10B10000044656D13C68A046B8F1000F40D1002C4F
:10B1100049D023684146304604EB030901F08CF81E
:10B12000814540D121686D1A29463046FFF7A8FFB6
:10B13000013038D023682B4423603B685A685ABBDF
:10B14000C7F800800EE02268521B1ED40B2A16D9C5
:10B150006119A342256018BF5960636808BF396050
:10B1600062514B60304600F07DF904F10B00231D65
:10B1700020F00700C21A1CBF1B1AA350B3E7626875
:10B18000A3420CBF3A605A60ECE723466468B1E71B
:10B190004446D8F80480B7E71A465B68A342FBD15F
:10B1A00000235360DEE70C233360304600F05AF989
:10B1B00098E70560D6E700BF6047002082B001B97C
:10B1C00001A942B14BB113780B601278101E18BF61
:10B1D000012002B070471046FBE76FF00100F8E76E
:10B1E0009368013B002B10B4936007DA9469A34283
:10B1F00001DB0A2902D110BC00F0EEBE1368581C16
:10B2000010601970084610BC7047F8B506460F4626
:10B210001446D518AC4201D1002007E014F8011BF8
:10B220003A463046FFF7DCFF431CF3D1F8BD00007F
:10B230002DE9F04706469CB00D4614461F4618B14E
:10B24000036A0BB9FDF7BCFD6B6ED90705D4AB895A
:10B250009A0502D4A86DFEF758FDAB891B0701D5EE
:10B260002B699BB92946304600F0F4FE70B16B6E35
:10B27000DE0704D54FF0FF301CB0BDE8F087AB8986
:10B280009C05F7D4A86DFEF741FDF3E70023099371
:10B2900020238DF82930039730236A4F8DF82A3008
:10B2A0004FF0010823461A7899461AB1252A03F16E
:10B2B0000103F8D1B9EB040A0BD0534622462946C4
:10B2C0003046FFF7A2FF013000F0A380099A5244F4
:10B2D000099299F80030002B00F09B8000224FF07B
:10B2E000FF33CDE9053209F10109049207928DF887
:10B2F00053201A924C46052214F8011B5148F4F7CA
:10B3000017FF049AD0B9D00644BF20238DF85330DC
:10B31000110744BF2B238DF8533099F800302A2BA6
:10B3200013D007994B4600204FF00A0C1A78303A98
:10B33000092A1C464AD9A8B1079113E0C01B08FA94
:10B3400000F010430490A146D4E7039B191D1B682D
:10B350000391002BBBBF5B4242F0020207930793AD
:10B36000B8BF049223782E2B0AD163782A2B32D1CE
:10B37000039B1A1D1B68039243EAE373023405938F
:10B38000DFF8D090217803224846F4F7D1FE38B197
:10B39000049BA0EB09004022824013430134049334
:10B3A000217829488DF828100622F4F7C1FE0028DC
:10B3B0003ED0264818BB039B073323F0070308330E
:10B3C0000393099B0344013409936BE701330CFB9E
:10B3D00001210120AAE700230593611C18464FF0C4
:10B3E0000A0C0A78303A092A0C4603D9002BC7D038
:10B3F0000590C5E701310CFB00200123F1E703AB09
:10B4000000932A46124B04A93046FDF787F8431CE7
:10B41000D7D16B6ED90705D4AB899A0502D4A86D34
:10B42000FEF774FCAB895B063FF524AF099823E770
:10B4300003AB00932A46064B04A93046FDF708FBF0
:10B44000E5E700BF15E200081FE200081D850008BF
:10B450000BB200081BE200080148FEF756BC00BF13
:10B46000584700200148FEF751BC00BF5847002054
:10B4700070B5C46905460E4684B91020FFF7F8FD83
:10B480000446E86128B90246164B17486B2100F0C4
:10B4900017FF0023C0E901330360C360E36853B9B9
:10B4A00021220421284600F029FFEB69E060DB68D7
:10B4B0000BB9002070BD53F8260030B1026843F884
:10B4C00026200023C0E90333F4E7012101FA06F442
:10B4D000621D9200284600F011FF0028E9D0C0E963
:10B4E0000164EEE723E1000826E2000870B5C469B4
:10B4F00006460D4674B91020FFF7BAFD0246F0610A
:10B5000020B9094B09488F2100F0DAFEC0E9014457
:10B510000460C4603DB1F3696A68DB6853F82210C7
:10B52000296043F8225070BD23E1000826E200089C
:10B530002DE9F0410D6907460C461E4601F1140C39
:10B540000020DCF8003099B202FB01611E0C0B0CEC
:10B5500002FB063389B2013001EB034185424CF80E
:10B56000041B4FEA1346ECDC0EB3A368AB4219DCB4
:10B57000616838460131FFF77BFF804628B90246F3
:10B580000C4B0D48BA2100F09BFE2269023204F1F7
:10B590000C0192000C30FEF7BFFB21463846FFF746
:10B5A000A5FF444604EB850301355E612561204615
:10B5B000BDE8F0819BE1000826E200082DE9F84390
:10B5C000884614461F4609220833064693FBF2F3C9
:10B5D000002101229A4209DB3046FFF749FF40B9BA
:10B5E0000246194B1948D32100F06AFE520001317E
:10B5F000F0E7089B4361092C4FF00103036108DC6D
:10B6000008F10A050924641B2B199F4212DCBDE8CE
:10B61000F88308F10905A946A04419F8013B014641
:10B62000303B0A223046FFF783FFC145F5D1254460
:10B63000083DE8E715F8013B0146303B0A22304659
:10B64000FFF776FFE0E700BF9BE1000826E2000875
:10B65000B0F5803F034636BF030400201020B3F14D
:10B66000807F3CBF1B020830B3F1805F3CBF1B01F1
:10B670000430B3F1804F3CBF9B000230002B04DB51
:10B680005B0001D50130704720207047036813F03C
:10B69000070201460BD0DA0722D4980749BF5B089E
:10B6A0009B0801200B605CBF0B600220704798B2C2
:10B6B000A0B91B0C1020DAB20AB908301B0A1A070D
:10B6C00004BF1B0904309A0704BF9B080230DA0745
:10B6D00002D45B0806D001300B6070471046EAE7E1
:10B6E000002070472020704710B50C460121FFF75D
:10B6F000BFFE024628B9054B054840F2451100F04F
:10B70000DFFD01234461036110BD00BF9BE1000820
:10B7100026E200082DE9F04FD1F81080D2F8109001
:10B72000C84585B00E46144604DB4B460C46C14660
:10B7300016469846A368616809EB0807BB42B8BF84
:10B740000131FFF795FE30B902464B4B4B484FF4A1
:10B75000B17100F0B5FD00F1140505EB870B2B4628
:10B7600000225B4522D306F1140101EB880304F1AA
:10B77000140C0CEB890C029304F1150363458CBF88
:10B78000002301230093ACEB0403153B9B080193BA
:10B79000029B03918B420CD8002F03DD5BF8043D24
:10B7A000002B67D0076105B0BDE8F08F43F8042B8C
:10B7B000D7E7B1F800A0BAF1000F28D004F11408BF
:10B7C000A9464FF0000E58F8042BD9F8003096B275
:10B7D0009BB20AFB0633D9F80060120C360C734496
:10B7E0000AFB026606EB13469BB243EA0643C445D6
:10B7F00049F8043B4FEA164EE5D8009A019B002A0F
:10B800004FEA830308BF00232B44C3F804E0039BE3
:10B81000B3F802E00431BEF1000F29D02B6804F127
:10B8200014069846A9464FF0000A32880EFB02A281
:10B8300002EB18429BB243EA024349F8043B56F834
:10B84000043BD9F800804FEA134A1FFA88F30EFB35
:10B850000A3303EB1243B4454FEA134AE5D8009E7E
:10B86000019A002E4FEA820208BF00222A44536048
:10B8700004358DE7013F8FE79BE1000826E20008D1
:10B880002DE9F843174612F0030280460D4607D013
:10B89000264C013A002354F82220FFF749FE0546C2
:10B8A000BF103FD0D8F81C4094B91020FFF7E0FB40
:10B8B0000446C8F81C0030B902461D4B1D4840F232
:10B8C000B31100F0FDFC0023C0E901330360C36045
:10B8D000A66846B940F271214046FFF705FF0023F4
:10B8E000A060064603602C464FF0000907F00103F4
:10B8F0007F1053B1294632464046FFF70BFF2146E1
:10B9000005464046FFF7F2FD67B1306838B9324668
:10B9100031464046FFF7FEFE3060C0F80090064614
:10B920002C46E3E72846BDE8F88300BF1CE4000886
:10B9300023E1000826E200082DE9F84F0C4649688B
:10B940002669A36806EB6216074691464FEA621A1B
:10B9500006F1010843450BDB3846FFF789FD054634
:10B9600048B902462B4B2C484FF4EF7100F0A8FC6D
:10B9700001315B00EEE700F1140100230A4618468E
:10B98000534539DB20692AEAEA7A01EB8A0104F19E
:10B99000140319F01F098C4603EB800030D0C9F165
:10B9A000200A4FF0000E1A68E34602FA09F242EA52
:10B9B0000E02CBF8002053F8042B98420CF1040C33
:10B9C00022FA0AFEEFD8031B153B23F0030304F110
:10B9D0001502904238BF00231944C1F804E0BEF1BB
:10B9E000000F00D1B0463846C5F810802146FFF759
:10B9F0007DFD2846BDE8F88F42F8040B0133BFE710
:10BA000053F8041BCCF8001098420CF1040CF7D842
:10BA1000E8E700BF9BE1000826E2000803690A6925
:10BA20009B1A30B50ED11430143100EB820401EBB7
:10BA3000820154F8045D51F8042D954204D006D2D9
:10BA40004FF0FF33184630BDA042F2D3FAE701238E
:10BA5000F8E700002DE9F74F8A46064611465046A2
:10BA60001446FFF7DBFF051E12D129463046FFF7CB
:10BA7000FFFC024628B9414B40F23721404800F014
:10BA80001FFC0123C0E90435104603B0BDE8F08F68
:10BA9000BCBF5346A2463046DAF80410BABF1C4673
:10BAA00001250025FFF7E4FC024618B9334B40F2AC
:10BAB0004521E3E7DAF810702669C5600AF1140938
:10BAC00004F1140E00F114050AF1100309EB8708C4
:10BAD0000EEB86060193AB464FF0000C019B5EF81F
:10BAE000040B53F804AF01931FFA8AF183B2CB1A07
:10BAF000000C6344C0EB1A4000EB23409BB243EAC6
:10BB0000004376454BF8043B4FEA204CE6D8331B04
:10BB1000153B153423F00303A64238BF0023E81871
:10BB20004B441C1D04302646A5EB090546450ED3A3
:10BB300008F10301091B21F003010133984538BFC7
:10BB40000021014451F8043DABB117619CE706EBBD
:10BB5000050E56F8041BE2464FEA11491CFA81FC17
:10BB6000514409EB2C4989B241EA09414FEA294C79
:10BB7000CEF80010DAE7013FE4E700BF9BE10008E0
:10BB800026E2000882B08DED000B019A0F4B1340A6
:10BB9000A3F15073002B08DC5B42B3F1A07F4FEAA6
:10BBA000235204DA4FF400231341002208E0A2F1EB
:10BBB00014031E2BDABF4FF00042DA4001220023AB
:10BBC0001946104641EC100B02B070470000F07FA0
:10BBD000F8B5056900F1140606EB85052F1F55F829
:10BBE000044C2046FFF734FDC0F120030A280B6007
:10BBF00016DCC0F10B0C24FA0CF1BE4241F07F536D
:10BC000034BF55F8081C0021153004FA00F021FA61
:10BC10000CF143F4401301430A4643EC102BF8BDEA
:10BC2000BE423ABF55F8081CA5F1080700210B38A1
:10BC300012D0C0F1200521FA05F384401C43B7421D
:10BC400044F07F538CBF57F8044C00248140EC40F3
:10BC500043F440132143DFE744F07F5343F44013A0
:10BC6000DAE700002DE9F7430F46012159EC108B6C
:10BC70001646FFF7FDFB054630B90246234B244824
:10BC800040F20F3100F01CFBC9F30A54C9F313034F
:10BC90000CB143F480130193B8F1000323D068463C
:10BCA0000093FFF7F3FC0099D8B1019AC0F120038B
:10BCB00002FA03F30B43C2406B610192019BAB613B
:10BCC000002B0CBF012202222A61A4B1A4F233444A
:10BCD00004443C60C0F135003060284603B0BDE844
:10BCE000F0836961EAE701A8FFF7D0FC019B6B6173
:10BCF00020300122E8E705EB8203A0F232403860F1
:10BD00001869FFF7A5FCC0EB4210E5E79BE10008CE
:10BD100026E20008F7B50E4669460746FFF758FFCA
:10BD200001A9304655EC104BB0EE407AF0EE607A47
:10BD3000FFF74EFF33693A69D21ADDE900369B1BE3
:10BD400003EB4213002BD4BF10EE902A17EE902A7B
:10BD500051EC100BD6BFC3EB033302EB035502EBE0
:10BD600003510B46024629462046F4F71FFD41ECDD
:10BD7000100B03B0F0BD013970B5491114690131E0
:10BD800002F1140300EB810103EB8404051FA342BD
:10BD90000CD3A31A113B23F003031132944238BF92
:10BDA000002318440023884205D370BD53F8046B68
:10BDB00045F8046FEBE740F8043BF4E700F11402A8
:10BDC00000694B11984210B511DB0ADD11F01F011B
:10BDD00007D052F8234024FA01F000FA01F18C4216
:10BDE0000BD102EB8303934203D8002010BD03461E
:10BDF000F7E753F8041D0029F5D00120F6E710B548
:10BE00000C46B1F90E1000F005FA0028ABBF636DC7
:10BE1000A3891B1823F48053ACBF6365A38110BDB5
:10BE20002DE9F0411F468B89DB0505460C46164679
:10BE300005D5B1F90E100223002200F0D9F9A3892B
:10BE4000B4F90E1023F48053A38132463B462846B2
:10BE5000BDE8F04100F000BA10B50C46B1F90E1083
:10BE600000F0C6F9B4F90C30421C0BBF23F4805328
:10BE700043F48053A381A38118BF606510BDB1F95D
:10BE80000E1000F0FBB90000B1F90C202DE9F041D3
:10BE9000160705460C4651D44B68002B02DC0B6C90
:10BEA000002B49DDE66A002E46D0002312F48052B2
:10BEB0002F682B6031D0626DA389590705D563685F
:10BEC000D21A636B0BB1236CD21A0023E66A216A83
:10BED0002846B047421CB4F90C3006D129681D2908
:10BEE00045D8284ACA40D60741D500226260D90405
:10BEF0002269226004D5421C01D12B6803B9606518
:10BF0000616B2F60C1B104F14403994202D028460D
:10BF100000F008FA002363630EE0216A012328463B
:10BF2000B0470246501CC7D12B68002BC4D01D2B34
:10BF300001D0162B1AD12F6000201DE00F69002FB1
:10BF4000FAD093070E6808BF4B690F6018BF002333
:10BF5000A6EB07088B60B8F1000FEDDD216AA66A39
:10BF600043463A462846B047002807DCA38943F0F9
:10BF70004003A3814FF0FF30BDE8F0810744A8EBF8
:10BF80000008E8E70100402038B50B6905460C467B
:10BF900013B91D46284638BD18B1036A0BB9FCF722
:10BFA0000FFFB4F90C30002BF3D0626ED00704D42D
:10BFB000990502D4A06DFDF7A8FE28462146FFF79B
:10BFC00063FF636EDA070546E4D4A3899B05E1D4D9
:10BFD000A06DFDF79BFEDDE7F8B505460F4614465C
:10BFE00018B1036A0BB9FCF7EBFEA369A360A38940
:10BFF0001A0701D5236943B92146284600F02AF8DB
:10C0000018B14FF0FF363046F8BD23692068C01ADA
:10C010006369834205DC21462846FFF7B5FF002807
:10C02000EFD1A368013BA36023685A1C22601F70F4
:10C03000636901308342FEB204D0A389DB07E2D5F5
:10C040000A2EE0D121462846FFF79EFF0028DAD0CD
:10C05000D7E7000038B5284B054618680C4618B1DC
:10C06000036A0BB9FCF7ACFEB4F90C30190720D405
:10C07000DA0607D409222A6043F04003A3814FF077
:10C08000FF3031E0580711D5616B41B104F1440331
:10C09000994202D0284600F045F90023636300224C
:10C0A000A38962602269226023F0240343F008031D
:10C0B000A38123694BB9A38903F42073B3F5007FEF
:10C0C00003D02146284600F04AF8B4F90C3013F0AA
:10C0D00001020AD00022A26062695242A261226972
:10C0E00042B913F08000C7D138BD990758BF6269C3
:10C0F000A260F4E70020F7E77C01002049B1FF2AA5
:10C1000085BF8A2303600A704FF0FF3098BF01207B
:10C1100070470846704770B50E46B1F90E100029F9
:10C1200096B014461D460ADAB28912F0800213D185
:10C130004FF4806100202A60216016B070BD6A460D
:10C1400000F0ACF80028EFDB019A02F47042A2F58F
:10C1500000535A425A41EBE700224021EAE78B891B
:10C1600073B59E0705460C4607D504F147032360C7
:10C1700023610123636102B070BD01AB6A46FFF722
:10C18000CAFF009E28463146FEF79CFFB4F90C30EA
:10C1900038B99A05EFD423F0030343F00203A381D7
:10C1A000E3E743F08003A381019B2060C4E9040618
:10C1B000002BE0D0B4F90E10284600F009F8002852
:10C1C000D9D0A38923F0030343F00103A381D2E76D
:10C1D00038B5064C0023054608462360FAF772FA84
:10C1E000431C02D1236803B12B6038BD6447002093
:10C1F00038B5074C054608461146002222601A460B
:10C20000FAF762FA431C02D1236803B12B6038BDF0
:10C210006447002038B5074C054608461146002201
:10C2200022601A46FAF728FA431C02D1236803B1A8
:10C230002B6038BD6447002038B5064C0023054606
:10C2400008462360FAF742FA431C02D1236803B17F
:10C250002B6038BD6447002038B5074C05460846BA
:10C260001146002222601A46FAF714FA431C02D142
:10C27000236803B12B6038BD6447002038B5064CF5
:10C280000023054608462360FAF712FA431C02D140
:10C29000236803B12B6038BD6447002038B5074CD4
:10C2A00000230546084611462360FAF705FA431CA9
:10C2B00002D1236803B12B6038BD00BF6447002062
:10C2C0001FB51D46094B1B680646D86852B1084C7D
:10C2D0000091CDE90142074933462A4600F06EF845
:10C2E00000F07EF8044C2246F2E700BF7C010020FB
:10C2F00088E2000895E20008C3E2000870B5A1FBDF
:10C30000026535B93146FEF7DDFE044628B9204600
:10C3100070BD0C2303600024F9E732462946FDF77F
:10C32000AEFCF4E737B5002944D051F8043C019045
:10C33000002BA1F10404B8BFE418FFF78DF81E4AE2
:10C340000198136833B96360146003B0BDE83040EE
:10C35000FFF788B8A34208D9256861198B4201BF4D
:10C3600019685B6849192160EDE71A465B680BB1F3
:10C37000A342FAD911685518A5420BD1246821446B
:10C380005418A3421160E0D11C685B6853600C44F0
:10C390001460DAE702D90C230360D6E72568611937
:10C3A0008B4204BF19685B68636004BF4919216050
:10C3B0005460CAE703B030BD604700200EB403B537
:10C3C000014603AB054853F8042B00680193FEF7C0
:10C3D0002FFF02B05DF804EB03B070477C01002032
:10C3E00008B5062000F02CF80120FAF73FF91F29C4
:10C3F00038B505460C4604D9162303604FF0FF30CC
:10C4000038BDC26B12B152F821304BB9284600F04A
:10C4100031F8224601462846BDE8384000F018B8F9
:10C42000012B0AD0591C03D1162303600120E7E732
:10C43000002142F82410204698470020E0E7000041
:10C44000024B01461868FFF7D2BF00BF7C010020F5
:10C4500038B5074C00230546084611462360FAF715
:10C46000FDF8431C02D1236803B12B6038BD00BF27
:10C4700064470020FAF7F0B800B52DED028B83B0C9
:10C48000B0EE408ACDED010A00F07CFADDED010A44
:10C49000B4EE608AF1EE10FA06D6DFED0C7AF4EE17
:10C4A000670AF1EE10FA03D003B0BDEC028B00BDB9
:10C4B000CDED017AFDF7FEFBDDED017A87EEA70AEF
:10C4C0002123036003B0BDEC028B00BD000000001F
:10C4D00008B52DED048BB0EE409AF0EE609A00F0B6
:10C4E0007FF8B0EE408AF0EE608AB0EE490AF0EED6
:10C4F000690A00F065F878B119A3D3E9002351EC7B
:10C50000190BF4F7B9FA70B917A3D3E9002351EC6A
:10C51000190BF4F793FA98B9B0EE480AF0EE680AEE
:10C52000BDEC048B08BD9FED0A8BFDF7C3FBB0EE9D
:10C53000480AF0EE680ABDEC048B2223036008BDB4
:10C54000FDF7B8FB22239FED048B0360E4E700BFF7
:10C55000000000000000F07F00000000000000006C
:10C56000EF39FAFE422E864051302DD5104987C052
:10C5700000B52DED028BB0EE408A83B000F02CF8B0
:10C58000B4EE488AF1EE10FA06D6DFED0C7AB4EE7E
:10C59000E78AF1EE10FA03D403B0BDEC028B00BDC4
:10C5A000CDED017AFDF786FBDDED017A87EEA70A76
:10C5B0002123036003B0BDEC028B00BD000000002E
:10C5C00082B08DED000B019840F0004000F5801026
:10C5D000C00F02B0704700BFB1EEC00A704700BF85
:10C5E0002DE9F04755EC104BD34925F000428A4223
:10C5F00086B04FEAD5760CD9D0498A4270D9C5F3B6
:10C600001303234340F05481002E66D09FEDB20BFC
:10C6100063E0CB4B9A4200F21A81CA4B9A4240F235
:10C62000308122462B4620462946F3F795FFACA3DE
:10C63000D3E9002306460F46F3F78EFFAAA3D3E9FA
:10C640000023F3F7D1FD32463B46F3F785FFA8A35D
:10C65000D3E90023F3F7CAFD32463B46F3F77CFFEC
:10C66000A5A3D3E90023F3F7BFFD32463B46F3F71A
:10C6700073FFA3A3D3E90023F3F7B8FD32463B468B
:10C68000F3F76AFF02460B4620462946F3F7ACFD56
:10C69000CDE90201DDE90289204642464B462946A2
:10C6A000F3F75AFF002206460F464FF080434046FC
:10C6B0004946F3F799FD02460B4630463946F4F7F2
:10C6C00075F822462B46F3F78FFD02460B460020F5
:10C6D0009D49F3F789FD41EC100B06B0BDE8F087EA
:10C6E00089A3D3E9002320462946F4F7C5F9074674
:10C6F000002840F0E88086A3D3E90023204629469D
:10C70000F4F79CF9002840F03781904B204603EB6A
:10C71000C606294680A3D3E90023F3F71DFFD6E917
:10C720000023F3F763FDF4F7C7F90646F3F7AAFE13
:10C730007BA3D3E9002307468846F3F70DFF0246A3
:10C740000B4620462946F3F74FFD02460B46384676
:10C75000414691469A4674A3D3E90023F3F7FCFEC1
:10C76000CDE90001DDE9002348465146F3F73CFDE1
:10C7700002460B4604460D46F3F7EEFE58A3D3E9F6
:10C78000002307468846F3F7E7FE57A3D3E90023C3
:10C79000F3F72AFD3A464346F3F7DEFE54A3D3E906
:10C7A0000023F3F723FD3A464346F3F7D5FE52A3A1
:10C7B000D3E90023F3F718FD3A464346F3F7CCFEDE
:10C7C0004FA3D3E90023F3F711FD3A464346F3F7AD
:10C7D000C3FE02460B4620462946F3F705FD0746F1
:10C7E0008846204629463A464346CDE90278F3F783
:10C7F000B3FECDE90401002E3FF44CAF3A46434668
:10C8000000204FF08041F3F7EFFC02460B46DDE9D4
:10C810000401F3F7CBFF02460B46DDE90001F3F715
:10C82000E3FC4A465346F3F7DFFC0B460246464913
:10C830000020F3F7D9FC6FF47F739E42C0F28E8024
:10C8400001EB065141EC100B06B0BDE8F087404B00
:10C850009A423FF65AAF3F4B03EBC603D3E900239E
:10C8600020462946F3F7C0FC3B4B03EBC60393ED90
:10C87000007B86F001038DED007B81468A469E1B7E
:10C8800070E72BA3D3E9002320462946F3F7AEFC3B
:10C890002D4B0022F4F7F0F800283FF4C2AE2A4BEB
:10C8A000002220462946F3F7A1FC41EC100B14E7C7
:10C8B00022462B4620462946F3F798FC41EC100B04
:10C8C00006B0BDE8F087002006B0BDE8F04700F0F4
:10C8D000E7B900BFAFF300800000000000000000D7
:10C8E000D0A4BE726937663EF16BD2C541BDBB3E76
:10C8F0002CDE25AF6A56113F93BDBE166CC1663F54
:10C900003E5555555555C53FEF39FAFE422E8640E6
:10C9100051302DD5104987C0FE822B654715F73F52
:10C920000000E0FE422EE63F763C7935EF39EA3DE5
:10C930009C7500883CE4377E412E8640FFFFEF7FE8
:10C94000422ED63FFFFFEF3D0000F03F38E50008E4
:10C95000B1A2F03F28E5000818E5000806F57A7353
:10C9600001EB035100224FF0B873F3F7F5FD41ECF2
:10C97000100B06B0BDE8F087384606B0BDE8F047BA
:10C9800000F086B910EE903A30B523F00044621EF4
:10C99000B2F1FF4F3FD210EE101A21F0004EBEF15F
:10C9A000FF4F38D2A6453ADB01F00042154600F0B1
:10C9B0009D8011F0FF4F03F0FF4C49D14FEA0E204C
:10C9C0006FF07D024000002802F1FF32FADCBCF17A
:10C9D000000F5BD123026FF07D0C5B000CF1FF3C7C
:10C9E000FBD512F17E0F6CDA6FF07D00831AA0EB9D
:10C9F0000C00B2EB0C020EFA03F104FA00F36DD056
:10CA0000013A03E03AD04100013A09D3C81A00289C
:10CA1000F8DA4900F8E760EE200A80EEA00A30BD9F
:10CA2000CB1A48BF0B461BB928E05B000CF1FF3C5A
:10CA3000B3F5000FF9DB1CF17E0F38DA6FF07D00E3
:10CA4000A0EB0C00034145EA030200EE102A30BDC2
:10CA50004FEAEE52BCF1000F16D0E415C1F31601F7
:10CA6000C3F31603121B41F4000143F40003A4F1C5
:10CA70007F0CC5D1CB1A002B18DBD6D1224B03EB90
:10CA8000557393ED000A30BD7F3AA3E7E415A4F196
:10CA90007F0C6FF07D01891AC3F31603A2EB0C0221
:10CAA00043F400030EFA01F1013AAFE70B46A3F598
:10CAB00000030CF17F0C2B4343EACC5300EE103AF9
:10CAC00030BD6FF07D00C1F31601A0EB0C0041F406
:10CAD0000001A2EB0C0204FA00F391E7CB1A002B41
:10CAE0000ADBCBD0B3F5000F9FDBABE7064B03EBC4
:10CAF000527393ED000A30BD0029BFD0B1F5000F8D
:10CB00000B4692DB9EE700BF48E5000808B52DED17
:10CB1000028BF0EE408AB0EE608A00F047F820B950
:10CB2000B0EE480ABDEC028B08BDB0EE480A00F03A
:10CB30003DF858B1F4EEC88AF1EE10FAC8BFB0EE75
:10CB4000688AB0EE480ABDEC028B08BDB0EE688A78
:10CB5000B0EE480ABDEC028B08BD00BF08B52DED54
:10CB6000028BF0EE408AB0EE608A00F01FF820B928
:10CB7000B0EE480ABDEC028B08BDB0EE480A00F0EA
:10CB800015F858B1B4EEE88AF1EE10FAC8BFB0EE6D
:10CB9000688AB0EE480ABDEC028B08BDB0EE688A28
:10CBA000B0EE480ABDEC028B08BD00BF10EE103A93
:10CBB00033F000400ED0A0F50003B3F1FE4F0DD3CB
:10CBC000074B421E9A4207D9A0F1FF40B0FA80F00D
:10CBD00040097047022070470320704704207047C7
:10CBE000FEFF7F0010EE103AC3F3C752002BA2F1F4
:10CBF0007F01ACBF01204FF0FF301E290DDC002962
:10CC00001ADBC3F31603162943F400030ADD963A30
:10CC100003FA02F202FB00F07047FDEEC07A17EE55
:10CC2000900A70474FF480020A411A44C1F117017B
:10CC3000CA4002FB00F07047013118BF0020704766
:10CC400010B582B08DED000B0446FDF733F89DED75
:10CC5000000B046002B010BD00B5034683B051EC78
:10CC6000100B83B1024601F10043CDE90023DDE959
:10CC70000023F3F771FC41EC100B222003B05DF8A8
:10CC800004EBFFF7DDBF02460B46EEE700000000B5
:10CC90009FED010BFFF7E0BF000000000000001057
:10CCA0009FED010BFFF7D8BF0000000000000070EF
:10CCB00080EA104080EA102080EA101046F69613B1
:10CCC00000F00F0043FA00F000F00100704700BFD1
:10CCD00038B50022002304460D46F3F7AFFE28B90D
:10CCE00020462946BDE8384000F00AB8204605F144
:10CCF000004100F005F8404261EB410138BD00BF42
:10CD000070B50C4B002204460D46F3F725FCF3F7F3
:10CD1000FBFE0646F3F7A6FB074B0022F3F71CFCCD
:10CD200002460B4620462946F3F75EFAF3F7ECFE7F
:10CD3000314670BD0000F03D0000F041F8B500BF85
:10CD4000F8BC08BC9E467047F8B500BFF8BC08BCEC
:04CD50009E46704744
:10CD580000070E091C1B1215383F363124232A2DD3
:10CD680070777E796C6B6265484F464154535A5DC3
:10CD7800E0E7EEE9FCFBF2F5D8DFD6D1C4C3CACDB3
:10CD880090979E998C8B8285A8AFA6A1B4B3BABDA3
:10CD9800C7C0C9CEDBDCD5D2FFF8F1F6E3E4EDEA93
:10CDA800B7B0B9BEABACA5A28F88818693949D9A83
:10CDB8002720292E3B3C35321F18111603040D0A73
:10CDC8005750595E4B4C45426F68616673747D7A63
:10CDD800898E878095929B9CB1B6BFB8ADAAA3A453
:10CDE800F9FEF7F0E5E2EBECC1C6CFC8DDDAD3D443
:10CDF800696E676075727B7C51565F584D4A434433
:10CE0800191E171005020B0C21262F283D3A333422
:10CE18004E49404752555C5B7671787F6A6D646312
:10CE28003E39303722252C2B0601080F1A1D141302
:10CE3800AEA9A0A7B2B5BCBB9691989F8A8D8483F2
:10CE4800DED9D0D7C2C5CCCBE6E1E8EFFAFDF4F3E2
:10CE580000000000000000000102030406070809A2
:10CE680000000000010203040D0A0D0A0D0A0D0A54
:10CE78000D0000003E3E2041746865616E204D6FD4
:10CE8800746F7220436F6E74726F6C6C6572203CA5
:10CE98003C0D00003E3E2056657273696F6E3A2065
:10CEA80025642E25642E2564203C3C0D0A000000D4
:10CEB8003E3E20496E76616C69642F756E696E69B5
:10CEC8007469616C697A656420636F6E66696775F9
:10CED800726174696F6E3B207573696E6720524189
:10CEE8004D2064656661756C7473202843414E203B
:10CEF80052583D312054583D3029203C3C0D00000B
:10CF08003E3E204452563833323320636F6E666992
:10CF18006775726174696F6E2F72656164626163AF
:10CF28006B206661696C65643B206D6F746F72205D
:10CF38006D6F64652072656D61696E73206C6F63D7
:10CF48006B6564203C3C0D00436865636B696E67E4
:10CF5800207068617365207369676E2C20706F6C30
:10CF6800652070616972730D0000000043616C698F
:10CF780062726174696F6E206661696C65643A20DB
:10CF8800696E76616C696420656E636F6465722092
:10CF9800646973706C6163656D656E7420252E34E9
:10CFA80066207261640D0A0043616C696272617483
:10CFB800696F6E206661696C65643A206D6561739E
:10CFC8007572656420706F6C65207061697273207A
:10CFD8002564202864656C746120252E34662072CF
:10CFE8006164290D0A0000005068617365206F7242
:10CFF80064657220636F72726563740D00000000CF
:10D008005377617070696E6720706861736520730B
:10D0180069676E0D00000000506F6C6520506169F3
:10D0280072733A2025640D0A00000000537461727F
:10D03800743A20252E3366202020456E643A202538
:10D048002E33660D0A000000506F6C652050616930
:10D058007273203E2025642C2072656D616C6C6FA4
:10D0680063206572726F725F6172725B5D207369B3
:10D078007A652E0D0A0000005374617274696E6738
:10D08800206F66667365742063616C20616E64202E
:10D098006C696E656172697A6174696F6E0D000002
:10D0A800256420256420256420252E33660D0A007A
:10D0B8002564202025640D0A000000006C6F6F7045
:10D0C8005F636F756E743A20256C750D0A00000059
:10D0D8000A0D4641554C540A0D0000005644535F52
:10D0E8004F43500A0D0000004744460A0D00000057
:10D0F80055564C4F0A0D00004F5453440A0D00007A
:10D108005644535F48410A0D000000005644535FDF
:10D118004C410A0D000000005644535F48420A0D76
:10D12800000000005644535F4C420A0D0000000006
:10D138005644535F48430A0D000000005644535FAD
:10D148004C430A0D0000000053415F4F430A0D0095
:10D1580053425F4F430A0D0053435F4F430A0D008C
:10D168004F54570A0D000000435055560A0D000051
:10D178005647535F48410A0D000000005647535F69
:10D188004C410A0D000000005647535F48420A0D03
:10D19800000000005647535F4C420A0D0000000093
:10D1A8005647535F48430A0D000000005647535F37
:10D1B8004C430A0D0000000020436F6D6D616E64E2
:10D1C800733A0D00206D2020202D204D6F746F7252
:10D1D800204D6F64650D000020632020202D204322
:10D1E800616C69627261746520456E636F64657213
:10D1F8000D00000020732020202D205365747570C9
:10D208000D00000020652020202D20446973706CDB
:10D21800617920456E636F6465720D00207A202065
:10D22800202D20536574205A65726F20506F7369E2
:10D2380074696F6E0D00000020657363202D204512
:10D2480078697420746F204D656E750D00000000BC
:10D258000D0A20436F6E66696775726174696F6E37
:10D26800204F7074696F6E73200A0D006D696E002F
:10D27800706172616D657465720000007072656638
:10D288006978000020252D347320252D3331732033
:10D29800252D357320252D367320252D32730D0A43
:10D2A8000000000063757272656E742076616C759B
:10D2B800650000006D6178000D0A204D6F746F7273
:10D2C8003A0D000030000000476561722052617419
:10D2D800696F00006700000020252D347320252D7C
:10D2E80033317320252D357320252D367320252EB7
:10D2F80033660A0D000000002D000000546F7271A3
:10D30800756520436F6E7374616E7420284E2D6DA1
:10D318002F4129006B00000020252D347320252D76
:10D3280033317320252D357320252D367320252E76
:10D3380035660A0D000000000D0A20436F6E7472F6
:10D348006F6C3A0D00000000313030004375727286
:10D35800656E742042616E64776964746820284839
:10D368007A2900006200000020252D347320252D25
:10D3780033317320252D357320252D367320252E26
:10D3880031660A0D00000000323030300000000025
:10D39800302E300043757272656E74204C696D6969
:10D3A80074202841290000006C00000036302E301F
:10D3B800000000004D617820506F736974696F6ECA
:10D3C80020536574706F696E742028726164290037
:10D3D800700000004D61782056656C6F6369747940
:10D3E80020536574706F696E742028726164292FE8
:10D3F80073000000760000004D617820506F73695B
:10D4080074696F6E204761696E20284E2D6D2F72EA
:10D418006164290078000000313030302E3000007F
:10D428004D61782056656C6F63697479204761692E
:10D438006E20284E2D6D2F7261642F732900000015
:10D4480064000000352E300046572043757272651F
:10D458006E74204C696D6974202841290000000011
:10D468006600000033332E300000000054656D70F4
:10D47800204375746F666620284329202830203D94
:10D48800206E6F6E6529000068000000313530009D
:10D49800436F6E74696E756F75732043757272652C
:10D4A8006E742028412900006300000034302E30BB
:10D4B8000000000043616C6962726174696F6E20DC
:10D4C80043757272656E742028412900610000005E
:10D4D80032302E30000000000D0A2043414E3A0D34
:10D4E8000000000043414E2049440000690000004C
:10D4F80020252D347320252D33317320252D3573A8
:10D5080020252D367320252D35690A0D00000000D1
:10D518003132370043414E2054582049440000001E
:10D528006D00000043414E2054696D656F7574208D
:10D53800286379636C6573292830203D206E6F6EEF
:10D54800652900007400000020252D347320252D46
:10D5580033317320252D357320252D36732025640E
:10D568000A0D00003130303030300000200A0D2024
:10D57800546F206368616E676520612076616C7501
:10D58800652C207479706520277072656669782724
:10D598002776616C75652727454E544552270A0D35
:10D5A80020652E672E202762313030302727454EE0
:10D5B800544552270D0A200056414C554553204EDC
:10D5C8004F542041435449564520554E54494C2008
:10D5D800504F574552204359434C4521200A0D0AC4
:10D5E8000D00000043616C6962726174696F6E209E
:10D5F80072656A65637465643B2070726576696FED
:10D60800757320636F6E66696775726174696F6E92
:10D6180020726573746F7265642E0D00455F5A45FC
:10D62800524F3A202564202025660D0A000000008C
:10D63800436F6E66696775726174696F6E20736196
:10D6480076652072656A65637465643B20707265EF
:10D6580076696F7573206461746120707265736593
:10D66800727665642E0D0000495F42572073657419
:10D6780020746F2025660D0A0000000043414E5FAC
:10D6880049442073657420746F2025640D0A0000D6
:10D6980043414E5F54585F49442073657420746F4A
:10D6A8002025640D0A000000495F4D41582073652C
:10D6B8007420746F2025660D0A000000495F4657E4
:10D6C8005F4D41582073657420746F2025660D0ADC
:10D6D8000000000043414E5F54494D454F555420CA
:10D6E80073657420746F2025640D0A0054454D50ED
:10D6F8005F4D41582073657420746F2025660D0AAC
:10D7080000000000495F4D41585F434F4E5420735D
:10D71800657420746F2025660D0A0000495F434137
:10D728004C2073657420746F2025660D0A00000074
:10D7380047522073657420746F2025660D0A000017
:10D748004B542073657420746F2025660D0A000001
:10D758004B505F4D41582073657420746F202566C7
:10D768000D0A00004B445F4D4158207365742074C6
:10D778006F2025660D0A0000505F4D4158207365E3
:10D788007420746F2025660D0A000000565F4D4115
:10D79800582073657420746F2025660D0A000000F8
:10D7A8000D0A2027256327204E6F7420612076619B
:10D7B8006C696420636F6D6D616E6420707265665C
:10D7C80069780D0A0D0A00005A65726F2073617638
:10D7D800652072656A65637465643B20707265765E
:10D7E800696F757320646174612070726573657206
:10D7F8007665642E0D0000000A0D202053617665C1
:10D8080064206E6577207A65726F20706F73697413
:10D81800696F6E3A202025640A0D0A0D0000000089
:10D828005261773A202535640000000020204C69B9
:10D838006E656172697A656420436F756E743A200B
:10D8480025356400202053696E676C652054757215
:10D858006E3A2520342E33660000000020204D75D6
:10D868006C7469205475726E3A2520352E33660023
:10D878002020456C656374726963616C3A252035B4
:10D888002E33660020205475726E733A2520326458
:10D8980000000000202056616C69643A257500007C
:10D8A80020205350493A256C750000002020506113
:10D8B800726974793A256C7500000000202045468D
:10D8C8003A256C750D0A00000001020605000000EB
:10D8D800000000002975493CDF6EC93C6F0E173DFA
:10D8E8003160493D8FA97B3D38F4963D6B0EB03DC4
:10D8F8004721C93D5E2EE23DEC2FFB3D7F130A3EDA
:10D90800698C163E76FD223EA5662F3E97CA3B3EA1
:10D918004A29483E807D543EDAC9603E560E6D3E27
:10D92800F54A793E3CBD823E0FD1883EA4DF8E3E4B
:10D93800FBE8943EC4EB9A3EFFE7A03EFCDEA63E21
:10D948006CCFAC3E4EB9B23EA29CB83E1878BE3EF3
:10D95800B24BC43EBD18CA3EECDDCF3EED99D53E74
:10D96800614FDB3E59FAE03EC39EE63EB038EC3EDE
:10D9780071C9F13E5452F73EBBD0FC3E5322013FE1
:10D98800B2D7033FD387063FB532093F5AD80B3F7A
:10D99800C0780E3F4013113F82A8133FDF37163F70
:10D9A80055C1183FE5441B3F8FC21D3F543A203FE5
:10D9B8008AAB223FDB16253F9E7B273FD3D9293FE1
:10D9C8007B312C3FED812E3F79CC303FD00F333F58
:10D9D800F14B353F8481373FE2AF393F0AD73B3FB0
:10D9E800FDF63D3F130F403F9B20423F9E29443F99
:10D9F800132C463F0326483FBD184A3F9B034C3F24
:10DA0800F3E54D3F16C14F3FB493513F745E533F0A
:10DA18005721553F0EDB563F8F8D583FE3365A3F0F
:10DA2800B2D75B3FA4705D3F69005F3F5188603F9C
:10DA38000C07623F9A7C633FA3E9643F274E663F29
:10DA48007EA9673F50FC683F4E456A3FC6856B3FDD
:10DA580012BD6C3F31EB6D3F23106F3F412B703F80
:10DA6800D93D713F9D46723F3546733F9F3C743F99
:10DA78003529753F9E0C763F32E6763F9AB6773F5A
:10DA88002C7D783FEB39793F7CED793F39977A3FA8
:10DA980022377B3F36CD7B3F75597C3F87DC7C3F07
:10DAA8001D557D3F87C47D3F74297E3F34857E3F69
:10DAB80077D67E3F8E1E7F3F295C7F3FEF8F7F3F6B
:10DAC80088BA7F3FA5DA7F3FEDF07F3F61FD7F3F5A
:10DAD8000000803F23F87F3F19E77F3F92CB7F3FCD
:10DAE80037A67F3FAF777F3FAB3E7F3FD2FB7E3F7E
:10DAF80025AF7E3FA3587E3F4DF87D3F228E7D3F68
:10DB0800221A7D3F4E9C7C3FA5147C3F27837B3F98
:10DB1800D5E77A3F57437A3F0395793FDBDC783F77
:10DB2800DF1A783FB54F773FB77A763FE59B753F69
:10DB3800E5B3743FB9C2733FB9C7723F8BC3713F36
:10DB480031B6703F029F6F3FA67E6E3F1D556D3FF9
:10DB580068226C3F86E66A3F1FA2693FE353683F2D
:10DB680022FD663F349D653F1A34643F22C3623FFD
:10DB78005648613FACC55F3FD6395E3F7AA55C3FEA
:10DB88009A085B3F3563593F4AB5573F82FF553F77
:10DB98008E40543F637A523FB4AB503F80D44E3FDF
:10DBA8006FF54C3F280F4B3F5C20493FB329473F57
:10DBB800D42B453F1826433F7E18413FB0033F3FD3
:10DBC800ABE73C3F72C43A3F5B99383FB667363F94
:10DBD800DC2E343FCCEE313F2FA82F3F5C5A2D3F2F
:10DBE800FB052B3F0DAB283F9049263F2EE2233FF4
:10DBF8009773213F19FF1E3FB6841C3FC5031A3F88
:10DC0800957D173FD8F0143FDD5E123FFCC60F3FED
:10DC180035290D3F2F860A3FECDD073F6A30053F67
:10DC2800AA7D023F598BFF3E3012FA3E8A8EF43E9F
:10DC38000803EF3E096DE93EDDCDE33E8525DE3E76
:10DC48004F75D83E3CBDD23EFCFBCC3EDF32C73ED2
:10DC58003563C13E5D8ABB3E47ACB53E05C5AF3EA8
:10DC680084D8A93E75E5A33E89EA9D3E60EA973EC1
:10DC7800F7E4913E02D98B3ECEC7853EB7627F3E20
:10DC8800F52D733EB7EE663EFDA45A3E65534E3EF3
:10DC9800F0F9413E3D9B353E0E32293EA0C31C3E65
:10DCA800F44F103E0AD7033EC4B1EE3DB9A5D53DA9
:10DCB800A298BC3D1B82A33D49658A3D6685623DAD
:10DCC800D637303DF7C7FB3CC615973C5374C93B64
:10DCD8005374C9BBC61597BCF7C7FBBCD63730BD54
:10DCE800668562BD49658ABD1B82A3BDA298BCBD7D
:10DCF800B9A5D5BDC4B1EEBD0AD703BEF44F10BE59
:10DD0800A0C31CBE0E3229BE3D9B35BEF0F941BEF4
:10DD180065534EBEFDA45ABEB7EE66BEF52D73BE62
:10DD2800B7627FBECEC785BE02D98BBEF7E491BE6F
:10DD380060EA97BE89EA9DBE75E5A3BE84D8A9BEF0
:10DD480005C5AFBE47ACB5BE5D8ABBBE3563C1BEB7
:10DD5800DF32C7BEFCFBCCBE3CBDD2BE4F75D8BEC1
:10DD68008525DEBEDDCDE3BE096DE9BE0803EFBE45
:10DD78008A8EF4BE3012FABE598BFFBEAA7D02BF4E
:10DD88006A3005BFECDD07BF2F860ABF35290DBFF6
:10DD9800FCC60FBFDD5E12BFD8F014BF957D17BF5C
:10DDA800C5031ABFB6841CBF19FF1EBF977321BFD6
:10DDB8002EE223BF904926BF0DAB28BFFB052BBF22
:10DDC8005C5A2DBF2FA82FBFCCEE31BFDC2E34BF3D
:10DDD800B66736BF5B9938BF72C43ABFABE73CBF82
:10DDE800B0033FBF7E1841BF182643BFD42B45BFA1
:10DDF800B32947BF5C2049BF280F4BBF6FF54CBF05
:10DE080080D44EBFB4AB50BF637A52BF8E4054BF6C
:10DE180082FF55BF4AB557BF356359BF9A085BBFE4
:10DE28007AA55CBFD6395EBFACC55FBF564861BF37
:10DE380022C362BF1A3464BF349D65BF22FD66BF2A
:10DE4800E35368BF1FA269BF86E66ABF68226CBF3A
:10DE58001D556DBFA67E6EBF029F6FBF31B670BFE6
:10DE68008BC371BFB9C772BFB9C273BFE5B374BF03
:10DE7800E59B75BFB77A76BFB54F77BFDF1A78BF16
:10DE8800DBDC78BF039579BF57437ABFD5E77ABF04
:10DE980027837BBFA5147CBF4E9C7CBF221A7DBF05
:10DEA800228E7DBF4DF87DBFA3587EBF25AF7EBFB4
:10DEB800D2FB7EBFAB3E7FBFAF777FBF37A67FBFAA
:10DEC80092CB7FBF19E77FBF23F87FBF000080BFD9
:10DED80061FD7FBFEDF07FBFA5DA7FBF88BA7FBF46
:10DEE800EF8F7FBF295C7FBF8E1E7FBF77D67EBF37
:10DEF80034857EBF74297EBF87C47DBF1D557DBF15
:10DF080087DC7CBF75597CBF36CD7BBF22377BBF92
:10DF180039977ABF7CED79BFEB3979BF2C7D78BF13
:10DF28009AB677BF32E676BF9E0C76BF352975BFA5
:10DF38009F3C74BF354673BF9D4672BFD93D71BFC4
:10DF4800412B70BF23106FBF31EB6DBF12BD6CBF8B
:10DF5800C6856BBF4E456ABF50FC68BF7EA967BFC8
:10DF6800274E66BFA3E964BF9A7C63BF0C0762BFF4
:10DF7800518860BF69005FBFA4705DBFB2D75BBF47
:10DF8800E3365ABF8F8D58BF0EDB56BF572155BF9A
:10DF9800745E53BFB49351BF16C14FBFF3E54DBF75
:10DFA8009B034CBFBD184ABF032648BF132C46BF6E
:10DFB8009E2944BF9B2042BF130F40BFFDF63DBFC3
:10DFC8000AD73BBFE2AF39BF848137BFF14B35BFBA
:10DFD800D00F33BF79CC30BFED812EBF7B312CBF42
:10DFE800D3D929BF9E7B27BFDB1625BF8AAB22BFAB
:10DFF800543A20BF8FC21DBFE5441BBF55C118BF8F
:10E00800DF3716BF82A813BF401311BFC0780EBFF9
:10E018005AD80BBFB53209BFD38706BFB2D703BFE3
:10E02800532201BFBBD0FCBE5452F7BE71C9F1BE2A
:10E03800B038ECBEC39EE6BE59FAE0BE614FDBBE07
:10E04800ED99D5BEECDDCFBEBD18CABEB24BC4BE7D
:10E058001878BEBEA29CB8BE4EB9B2BE6CCFACBEDC
:10E06800FCDEA6BEFFE7A0BEC4EB9ABEFBE894BEEA
:10E07800A4DF8EBE0FD188BE3CBD82BEF54A79BEF4
:10E08800560E6DBEDAC960BE807D54BE4A2948BEB0
:10E0980097CA3BBEA5662FBE76FD22BE698C16BE0A
:10E0A8007F130ABEEC2FFBBD5E2EE2BD4721C9BD22
:10E0B8006B0EB0BD38F496BD8FA97BBD316049BDEC
:10E0C8006F0E17BDDF6EC9BC297549BC0000000082
:10E0D800494E4600696E66004E414E006E616E0004
:10E0E80030003031323334353637383941424344E1
:10E0F800454600303132333435363738396162635A
:10E10800646566002E004300504F53495800496E1D
:10E1180066696E697479004E614E005245454E54E9
:10E12800206D616C6C6F63207375636365656465EE
:10E1380064002F566F6C756D65732F646174612F61
:10E148006A656E6B696E732F776F726B737061633C
:10E15800652F474E552D746F6F6C636861696E2F1C
:10E1680061726D2D31352F7372632F6E65776C690F
:10E17800622D63796777696E2F6E65776C69622F98
:10E188006C6962632F7374646C69622F64746F6165
:10E198002E630042616C6C6F632073756363656501
:10E1A800646564002F566F6C756D65732F646174B8
:10E1B800612F6A656E6B696E732F776F726B737000
:10E1C8006163652F474E552D746F6F6C6368616985
:10E1D8006E2F61726D2D31352F7372632F6E6577D7
:10E1E8006C69622D63796777696E2F6E65776C69E4
:10E1F800622F6C6962632F7374646C69622F676441
:10E20800746F612D6765746865782E6300232D30FF
:10E218002B2000686C4C00656667454647002F5602
:10E228006F6C756D65732F646174612F6A656E6BB1
:10E23800696E732F776F726B73706163652F474ECA
:10E24800552D746F6F6C636861696E2F61726D2DE7
:10E2580031352F7372632F6E65776C69622D637920
:10E268006777696E2F6E65776C69622F6C69626378
:10E278002F7374646C69622F6D707265632E63000E
:10E288002C2066756E6374696F6E3A200061737333
:10E29800657274696F6E2022257322206661696C2D
:10E2A80065643A2066696C6520222573222C206CEF
:10E2B800696E65202564257325730A003400000003
:10E2C800CEFBFFFFCB0300000100000000000000B0
:10E2D80035000000CEFBFFFFCB030000010000006B
:10E2E8000000000000000000BC89D897B2D29C3C16
:10E2F80033A7A8D523F649393DA7F444FD0FA53225
:10E308009D978CCF08BA5B25436FAC6428066811CB
:10E3180000202020202020202020282828282820ED
:10E3280020202020202020202020202020202020E5
:10E33800208810101010101010101010101010104D
:10E34800100404040404040404040410101010103D
:10E358001010414141414141010101010101010107
:10E368000101010101010101010101011010101059
:10E3780010104242424242420202020202020202D9
:10E38800020202020202020202020202101010102D
:10E398002000000000000000000000000000000055
:10E3A8000000000000000000000000000000000065
:10E3B8000000000000000000000000000000000055
:10E3C8000000000000000000000000000000000045
:10E3D8000000000000000000000000000000000035
:10E3E8000000000000000000000000000000000025
:10E3F8000000000000000000000000000000000015
:10E408000000000000000000000000000000000004
:10E418000000000005000000190000007D00000059
:10E428000080E03779C34143176E05B5B5B8934608
:10E43800F5F93FE9034F384D321D30F94877825AD4
:10E448003CBF737FDD4F1575000000000000F03FF2
:10E4580000000000000024400000000000005940B7
:10E468000000000000408F40000000000088C3400A
:10E4780000000000006AF8400000000080842E417F
:10E4880000000000D01263410000000084D79741CB
:10E498000000000065CDCD41000000205FA00242D1
:10E4A800000000E876483742000000A2941A6D4246
:10E4B800000040E59C30A2420000901EC4BCD64239
:10E4C80000003426F56B0C430080E03779C34143E4
:10E4D80000A0D8855734764300C84E676DC1AB435A
:10E4E800003D9160E458E143408CB5781DAF154478
:10E4F80050EFE2D6E41A4B4492D54D06CFF0804453
:10E50800F64AE1C7022DB544B49DD9794378EA4467
:10E51800763C7935EF39EA3D763C7935EF39EABD15
:10E528000000E0FE422EE63F0000E0FE422EE6BF7D
:10E53800000000000000E03F000000000000E0BF15
:08E5480000000000000000804B
:08E55000E01BFF7F0100000049
:04E55800510C00085A
:04E55C00290C00087E
:10E56000000E270700000000030000001C460020EA
:10E570004300000000000000000000000000000058
:10E58000000000000000000000000000000000008B
:10E590004300000000000000000000000000000038
:10E5A000000000000000000000000000000000006B
:10E5B0004300000000000000000000000000000018
:10E5C000000000000000000000000000000000004B
:10E5D00043000000000000000000000000000000F8
:10E5E000000000000000000000000000000000002B
:10E5F00043000000000000000000000000000000D8
:10E60000000000000000000000000000000000000A
:10E6100043000000000000000000000000000000B7
:10E6200000000000000000000000000000000000EA
:10E630004300000000000000000000000000000097
:10E6400000000000000000000000000000000000CA
:10E65000FDC00008BDB100080000000018E300087C
:10E660000CE10008C3E20008C3E20008C3E20008AE
:10E67000C3E20008C3E20008C3E20008C3E20008E6
:10E68000C3E20008C3E20008FFFFFFFFFFFFFFFF38
:10E69000FFFFFFFFFFFF0000010041534349490016
:10E6A000000000000000000000000000000000006A
:10E6B00000000000000000000000415343494900F1
:10E6C000000000000000000000000000000000004A
:10E6D0000000000000000000000000008001002099
:10E6E000000000001C46002084460020EC4600206C
:10E6F000000000000000000000000000000000001A
:10E700000000000000000000000000000000000009
:10E7100000000000000000000000000000000000F9
:0CE72000000000000000000000000000ED
:0400000508008389E3
:00000001FF
