:020000040800F2
:1000000000000120756E00085D5300086153000870
:100010006D53000879530008855300080000000064
:1000200000000000000000000000000091530008E4
:100030009553000800000000995300089D530008E4
:10004000C56E0008C56E0008C56E0008C56E0008C4
:10005000C56E0008C56E0008C56E0008C56E0008B4
:10006000C56E0008C56E0008C56E0008C56E0008A4
:10007000C56E0008C56E0008C56E0008C56E000894
:10008000C56E0008C56E0008C56E0008C56E000884
:10009000A1530008C56E0008C56E0008C56E0008B3
:1000A000C56E0008BD540008C56E0008C56E000886
:1000B000C56E0008C56E0008C56E0008C56E000854
:1000C000C56E0008C56E0008C56E0008C56E000844
:1000D000C56E0008C56E000881550008C56E000891
:1000E0003D550008C56E0008C56E0008C56E0008C5
:1000F000C56E0008C56E0008C56E0008C56E000814
:10010000C56E0008C56E0008C56E0008C56E000803
:10011000C56E0008C56E0008C56E0008C56E0008F3
:10012000C56E0008C56E0008C56E0008C56E0008E3
:1001300001F0FF01102A2BDB10F0070F08D010F898
:10014000013B013A8B422DD010F0070F42B3F6D19C
:10015000F0B441EA012141EA014122F007047FF0B5
:1001600000070023F0E80256083C85EA010586EA0C
:10017000010685FA47F5A3FA87F586FA47F6A5FA48
:1001800087F68EB9EED1F0BC01F0FF0102F0070254
:1001900032B110F8013B013A83EA010313B1F8D1FF
:1001A0000020704701387047002D06BF35460338E0
:1001B000073815F0010F07D1013015F4807F02BF19
:1001C000013015F4C03F0130F0BC0138704700BF6A
:1001D000034613F8012B002AFBD1181A0138704787
:1001E00081F0004102E000BF83F0004330B54FEAE8
:1001F00041044FEA430594EA050F08BF90EA020F55
:100200001FBF54EA000C55EA020C7FEA645C7FEAE7
:10021000655C00F0E2804FEA5454D4EB5555B8BF0A
:100220006D420CDD2C4480EA020281EA030382EA7B
:10023000000083EA010180EA020281EA0303362D0D
:1002400088BF30BD11F0004F4FEA01314FF4801CE0
:100250004CEA113102D0404261EB410113F0004FF2
:100260004FEA03334CEA133302D0524263EB4303A9
:1002700094EA050F00F0A780A4F10104D5F1200E47
:100280000DDB02FA0EFC22FA05F2801841F10001A2
:1002900003FA0EF2801843FA05F359410EE0A5F176
:1002A00020050EF1200E012A03FA0EFC28BF4CF0A7
:1002B000020C43FA05F3C01851EBE37101F000455D
:1002C00007D54FF0000EDCF1000C7EEB00006EEB6A
:1002D0000101B1F5801F1BD3B1F5001F0CD34908F4
:1002E0005FEA30004FEA3C0C04F101044FEA44524B
:1002F00012F5800F80F09A80BCF1004F08BF5FEAD2
:10030000500C50F1000041EB045141EA050130BDB1
:100310005FEA4C0C404141EB0101013C28BFB1F5C3
:10032000801FE9D291F0000F04BF01460020B1FA0E
:1003300081F308BF2033A3F10B03B3F120020CDAE1
:100340000C3208DD02F1140CC2F10C0201FA0CF0BF
:1003500021FA02F10CE002F11402D8BFC2F1200C24
:1003600001FA02F120FA0CFCDCBF41EA0C019040DA
:10037000E41AA2BF01EB0451294330BD6FEA040423
:100380001F3C1CDA0C340EDC04F11404C4F120020E
:1003900020FA04F001FA02F340EA030021FA04F320
:1003A00045EA030130BDC4F10C04C4F1200220FA77
:1003B00002F001FA04F340EA0300294630BD21FAB5
:1003C00004F0294630BD94F0000F83F4801306BF7B
:1003D00081F480110134013D4EE77FEA645C18BF6F
:1003E0007FEA655C29D094EA050F08BF90EA020F06
:1003F00005D054EA000C04BF1946104630BD91EAFE
:10040000030F1EBF0021002030BD5FEA545C05D100
:100410004000494128BF41F0004130BD14F580043F
:100420003CBF01F5801130BD01F0004545F0FE41B3
:1004300041F470014FF0000030BD7FEA645C1ABFE8
:10044000194610467FEA655C1CBF0B46024650EA1F
:10045000013406BF52EA033591EA030F41F400214B
:1004600030BD00BF90F0000F04BF0021704730B5D1
:100470004FF4806404F132044FF000054FF00001A6
:1004800050E700BF90F0000F04BF0021704730B567
:100490004FF4806404F1320410F0004548BF40423C
:1004A0004FF000013EE700BF42004FEAE2014FEA91
:1004B00031014FEA02701FBF12F07F4393F07F4F6C
:1004C00081F06051704732F07F4208BF704793F06F
:1004D0007F4F04BF41F40021704730B54FF4607482
:1004E00001F0004521F000411CE700BF50EA010285
:1004F00008BF704730B54FF000050AE050EA01022E
:1005000008BF704730B511F0004502D5404261EB9D
:1005100041014FF4806404F132045FEA915C3FF4DE
:10052000D8AE4FF003025FEADC0C18BF03325FEA7B
:10053000DC0C18BF033202EBDC02C2F1200300FA2C
:1005400003FC20FA02F001FA03FE40EA0E0021FA51
:1005500002F11444BDE600BF70B54FF0FF0C4CF43F
:10056000E06C1CEA11541DBF1CEA135594EA0C0FF1
:1005700095EA0C0F00F0DEF82C4481EA030621EA2C
:100580004C5123EA4C5350EA013518BF52EA033567
:1005900041F4801143F4801338D0A0FB02CE4FF019
:1005A0000005E1FB02E506F00042E0FB03E54FF049
:1005B0000006E1FB03569CF0000F18BF4EF0010E41
:1005C000A4F1FF04B6F5007F64F5407404D25FEA3D
:1005D0004E0E6D4146EB060642EAC62141EA5551F0
:1005E0004FEAC52040EA5E504FEACE2EB4F1FD0C32
:1005F00088BFBCF5E06F1ED8BEF1004F08BF5FEAB0
:10060000500E50F1000041EB045170BD06F0004661
:1006100046EA010140EA020081EA0301B4EB5C040E
:10062000C2BFD4EB0C0541EA045170BD41F4801106
:100630004FF0000E013C00F3AB8014F1360FDEBF2B
:10064000002001F0004170BDC4F10004203C35DA07
:100650000C341BDC04F11404C4F1200500FA05F38A
:1006600020FA04F001FA05F240EA020001F000422B
:1006700021F0004110EBD37021FA04F642EB0601A1
:100680005EEA430E08BF20EAD37070BDC4F10C04CB
:10069000C4F1200500FA04F320FA05F001FA04F28F
:1006A00040EA020001F0004110EBD37041F100017B
:1006B0005EEA430E08BF20EAD37070BDC4F1200586
:1006C00000FA05F24EEA020E20FA04F301FA05F2EE
:1006D00043EA020321FA04F001F0004121FA04F296
:1006E00020EA020000EBD3705EEA430E08BF20EA66
:1006F000D37070BD94F0000F0FD101F000464000A0
:1007000041EB010111F4801F08BF013CF7D041EA21
:10071000060195F0000F18BF704703F00046520025
:1007200043EB030313F4801F08BF013DF7D043EAF6
:100730000603704794EA0C0F0CEA135518BF95EAAC
:100740000C0F0CD050EA410618BF52EA4306D1D133
:1007500081EA030101F000414FF0000070BD50EA52
:10076000410606BF1046194652EA430619D094EADC
:100770000C0F02D150EA013613D195EA0C0F05D1C6
:1007800052EA03361CBF104619460AD181EA03011A
:1007900001F0004141F0FE4141F470014FF00000D2
:1007A00070BD41F0FE4141F4780170BD70B54FF06D
:1007B000FF0C4CF4E06C1CEA11541DBF1CEA1355ED
:1007C00094EA0C0F95EA0C0F00F0A7F8A4EB0504CF
:1007D00081EA030E52EA03354FEA013100F08880C6
:1007E0004FEA03334FF0805545EA131343EA12638F
:1007F0004FEA022245EA111545EA10654FEA002644
:100800000EF000419D4208BF964244F1FD0404F5FC
:10081000407402D25B084FEA3202B61A65EB030558
:100820005B084FEA32024FF480104FF4002CB6EB15
:10083000020E75EB030E22BFB61A754640EA0C0095
:100840005B084FEA3202B6EB020E75EB030E22BFD5
:10085000B61A754640EA5C005B084FEA3202B6EB16
:10086000020E75EB030E22BFB61A754640EA9C00D5
:100870005B084FEA3202B6EB020E75EB030E22BFA5
:10088000B61A754640EADC0055EA060E18D04FEA63
:10089000051545EA16754FEA06164FEAC30343EA03
:1008A00052734FEAC2025FEA1C1CC0D111F4801FD0
:1008B0000BD141EA00014FF000004FF0004CB6E7C9
:1008C00011F4801F04BF01430020B4F1FD0C88BF68
:1008D000BCF5E06F3FF6AFAEB5EB030C04BFB6EB73
:1008E000020C5FEA500C50F1000041EB045170BD66
:1008F0000EF0004E4EEA113114EB5C04C2BFD4EB93
:100900000C0541EA045170BD41F480114FF0000E16
:10091000013C90E645EA060E8DE60CEA135594EA92
:100920000C0F08BF95EA0C0F3FF43BAF94EA0C0F95
:100930000AD150EA01347FF434AF95EA0C0F7FF40A
:1009400025AF104619462CE795EA0C0F06D152EA5E
:1009500003353FF4FDAE1046194622E750EA410642
:1009600018BF52EA43067FF4C5AE50EA41047FF453
:100970000DAF52EA43057FF4EBAE12E74FF0FF3CB8
:1009800006E000BF4FF0010C02E000BF4FF0010C89
:100990004DF804CD4FEA410C7FEA6C5C4FEA430C02
:1009A00018BF7FEA6C5C1BD001B050EA410C0CBF51
:1009B00052EA430C91EA030F02BF90EA020F0020B3
:1009C000704710F1000F91EA030F58BF994208BF1A
:1009D00090422CBFD8176FEAE37040F001007047D7
:1009E0004FEA410C7FEA6C5C02D150EA013C07D12E
:1009F0004FEA430C7FEA6C5CD6D152EA033CD3D079
:100A00005DF8040B704700BF8446104662468C4672
:100A10001946634600E000BF01B5FFF7B7FF0028A5
:100A200048BF10F1000F01BD4DF808EDFFF7F4FFCE
:100A30000CBF012000205DF808FB00BF4DF808ED59
:100A4000FFF7EAFF34BF012000205DF808FB00BF7C
:100A50004DF808EDFFF7E0FF94BF012000205DF89E
:100A600008FB00BF4DF808EDFFF7CEFF94BF012053
:100A700000205DF808FB00BF4DF808EDFFF7C4FF4C
:100A800034BF012000205DF808FB00BF4FEA410C95
:100A90007FEA6C5C02D150EA013C0AD14FEA430C78
:100AA0007FEA6C5C02D152EA033C02D14FF00000B5
:100AB00070474FF0010070474FEA410212F50012F3
:100AC00015D211D56FF47873B3EB625212D94FEA95
:100AD000C12343F0004343EA505311F0004F23FA7F
:100AE00002F018BF404270474FF00000704750EAD4
:100AF000013005D111F0004008BF6FF00040704791
:100B00004FF00000704700BF4A0011D212F50012EA
:100B100011D20DD56FF47873B3EB62520ED44FEA55
:100B2000C12343F0004343EA505323FA02F07047D5
:100B30004FF00000704750EA013002D14FF0FF3013
:100B400070474FF0000070474FEA4102B2F1E043B6
:100B500024BFB3F5001CDCF1FE5C0DD901F0004CA4
:100B60004FEAC0024CEA5070B2F1004F40EB8300F4
:100B700008BF20F00100704711F0804F21D113F120
:100B80003872BCBF01F00040704741F480114FEA59
:100B90005252C2F11802C2F1200C10FA0CF320FAE2
:100BA00002F018BF40F001004FEAC1234FEAD323FF
:100BB00003FA0CFC40EA0C0023FA02F34FEA430369
:100BC000CCE77FEA625307D150EA01331EBF4FF0F2
:100BD000FE4040F44000704701F0004040F0FE400D
:100BE00040F40000704700BF0348044B834202D02A
:100BF000034B03B118477047CC010020CC01002003
:100C0000000000000548064B1B1AD90F01EBA30199
:100C1000491002D0034B03B118477047CC010020A4
:100C2000CC0100200000000010B5064C237843B929
:100C3000FFF7DAFF044B13B10448AFF30080012340
:100C4000237010BDCC0100200000000074B8000823
:100C500008B5054B1BB105490548AFF30080BDE859
:100C60000840FFF7CFBF00BF00000000D001002008
:100C700074B8000808B5012005F0EEFB4FF4C06021
:100C800005F0C0FB40F2026005F0BCFB40F20360DF
:100C900005F0B8FB40F2046005F0B4FB4FF4A0602F
:100CA00005F0B0FB40F2015005F0ACFB40F21970CA
:100CB00005F0A8FB40F20E7005F0A4FB40F20F70A7
:100CC00005F0A0FB40F20B6005F09CFB40F20960D0
:100CD00005F098FB40F20A6005F094FB40F20F60CB
:100CE00005F090FBBDE8084040F2117005F08ABBAA
:100CF00070B504F0F3FAFFF7BDFF00F019FA01F048
:100D00008DFB01F0F7FA00F027FC01F0A5FA01F0E5
:100D1000CBFA00F0B9FA00F0A5FB02F0B5F9C5482E
:100D200007F000FDC44807F0FDFC0123002202216A
:100D3000C24807F08FFCC248062104F0B5F8C0484D
:100D400004F09CF9002800F0AC81BE4DBE4C6B69EC
:100D5000D4ED027A013304BF00236B612B690133A8
:100D600008BF0023F4EE677A08BF2B61F1EE10FA9A
:100D700080F19481BFEE007AF4EE477AF1EE10FA3A
:100D800000F08C81D4ED037AF4EE677AF1EE10FA7C
:100D900080F18181BFEE007AF4EE477AF1EE10FA2D
:100DA00000F07981D4ED067AF4EE677AF1EE10FA6C
:100DB00080F16E81BFEE007AF4EE477AF1EE10FA20
:100DC00000F066816B68D4ED077A013304BF01231C
:100DD0006B60AB68013304BF0023AB60EB68013389
:100DE00008BF4FF47A73F4EE677A08BFEB60F1EE58
:100DF00010FA80F11B81BFEE007AF4EE477AF1EE33
:100E000010FA00F01381D4ED087AF4EE677AF1EE6F
:100E100010FA80F10881BFEE007AF4EE477AF1EE25
:100E200010FA00F00081D4ED097AF4EE677AF1EE61
:100E300010FA80F1F580BFEE007AF4EE477AF1EE19
:100E400010FA00F0ED80D4ED127AF4EE677AF1EE4C
:100E500010FA80F1E280BFEE007AF4EE477AF1EE0C
:100E600010FA00F0DA80D4ED0A7AF4EE677AF1EE47
:100E700010FA80F1CF80BFEE007AF4EE477AF1EEFF
:100E800010FA00F0C780D4ED117AF4EE677AF1EE33
:100E900010FA80F1BB80BFEE007AF4EE477AF1EEF3
:100EA00010FA00F0B380D4ED0E7AF4EE677AF1EE2A
:100EB00010FA80F1A780BFEE007AF4EE477AF1EEE7
:100EC00010FA00F09F80D4ED177AF4EE677AF1EE15
:100ED00010FA80F19480BFEE007AF4EE477AF1EEDA
:100EE00010FA00F08C80D4ED187AF4EE677AF1EE07
:100EF00010FA80F18180BFEE007AF4EE477AF1EECD
:100F000010FA79D0D4ED147A5048514EF4EE677A45
:100F1000D4ED137AF1EE10FA64BF4E4B2365F4EE74
:100F2000677AD4ED167AF1EE10FA64BF4A4BE364A7
:100F3000F4EE677AD4ED157AF1EE10FA64BF474B00
:100F4000A365F4EE677AF1EE10FA64BF444B636573
:100F500002F034FB00214FF44472424807F003FCD6
:100F60006A69A36AC6F8D82064202A69C6F8D42022
:100F7000B3663D4D04F0D4F96421304603F0D8FC4B
:100F80003A494FF4007206F1DC0007F039FC95E8AD
:100F9000070001F0C5FF002840F08B80344800F0C6
:100FA000FBFA344800F012FB00221146282005F01D
:100FB000D7F901220021142005F0D2F900220121E5
:100FC000192005F0CDF900220221262005F0C8F9EC
:100FD000294B062101221980DA7000244FF47A701F
:100FE00004F09EF9AB880134002BF7D095E8070098
:100FF000234601F0ABFEF1E7204B236682E7204B4E
:10100000E36570E74FF07E53A3635CE74FF07E53D8
:10101000636448E71B4BA36235E7184BA36422E7E0
:10102000194B63620FE7194B2362FCE60023E3616F
:10103000E9E600BFA8B90008B4B90008D4B90008AF
:101040007837002090370020903B00207834002033
:101050005831002000004841000048C10000824291
:10106000000082C23C2E00204C310020A837002016
:10107000E8010020FC010020683400200000A040AE
:101080000000FA430000A841000060410000FA425D
:101090000023A36196E6094BE36083E6084BA36057
:1010A00070E60849084800F059FB084807F03AFB89
:1010B0004BE6074807F036FB70E700BF0000204210
:1010C00000007A44903B002090370020F0B90008DF
:1010D00040BA000808B50D484FF4006105F0B8F8B3
:1010E0000B48002105F0BEFB00221146084805F020
:1010F000F3FC07480022012105F0EEFCBDE80840A2
:1011000003480022022105F0E7BC00BF00080140AF
:10111000002C0140024A136803431360FFF7DABF53
:10112000903C0020014B1868704700BF903C0020A5
:1011300010B55048012105F09FF84F48012105F0F6
:101140009BF84E484FF4A0530122182105F028F8CF
:101150004A484FF400630122042105F021F84FF4BE
:10116000004301224648102105F01AF844484FF484
:10117000004105F06BF843484FF420430122182149
:1011800005F00EF83F484FF480430122482105F056
:1011900007F84FF4805301223A48102105F000F877
:1011A00038484FF4805105F051F835484FF400634A
:1011B0000222102104F0F4FF4FF480530322304840
:1011C000042104F0EDFF2E484FF4006105F040F8D3
:1011D0002B484FF4E0630322182104F0E1FF274875
:1011E00003230422002104F0DBFF2648012304220C
:1011F000002104F0D5FF21480C230422002104F033
:10120000CFFF1F48F0230422002104F0C9FF1B4830
:1012100030230422002104F0C3FF4FF400530222C4
:101220001648102104F0BCFF14484FF4005105F09B
:101230000FF8134804230122182104F0B1FF0823FA
:1012400001220F48042104F0ABFF01214FF4EA1002
:1012500005F012F80B484FF480730222482104F085
:101260009FFFBDE8104007484FF400730322182188
:1012700004F096BF00102000000230000010014072
:1012800000080140000C014070B5714888B0002191
:1012900004F032FD6F4A704B019200240425039341
:1012A0004FF400724FF400634FF48076029204937F
:1012B0000DEB05024FF4805321466548ADF81C60E4
:1012C000CDE905538DF81E4004F034FD21466048F9
:1012D00004F06EFD21465E4804F07CFD5F4804F09A
:1012E00065F95F4804F062F94FF4803004F0ACF91E
:1012F00031465A48012204F0B7F9224657480221E4
:1013000004F0B2F931465648012204F0ADF9224604
:101310005348022104F0A8F92146504804F0CCF9C2
:101320002A464E48012104F0D1F901224B480221FE
:1013300004F0CCF921464A4804F0BEF92A46484850
:10134000012104F0C3F946480122022104F0BEF94C
:10135000234621464148062204F0D6F923463F4859
:101360000F22012104F0D0F923463C480722022134
:1013700004F0CAF9234639480822032104F0C4F9CD
:10138000234621463648052204F0BEF92346344858
:101390000E22012104F0B8F923462A4630480221E2
:1013A00004F0B2F923462E480C22032104F0ACF9D4
:1013B0002A484FF46022012104F052FA012211461A
:1013C000264804F031FA26484FF46022012104F047
:1013D00047FA01221146224804F026FA2346214604
:1013E0001E480B2204F0E8F9234621461C480A2235
:1013F00004F0E2F919484FF4E042022104F030FA17
:1014000016480122022104F00FFA15484FF4E04279
:10141000022104F025FA01220221114804F004FA05
:101420000E4804F00BF90E4804F008F90B4804F0DC
:10143000EBF80B4804F0E8F8012003F071FF0748CF
:1014400004F0EAF8064804F0E7F808B070BD00BF01
:10145000000002404C240140983C00200024014040
:101460000028014070B5384888B0042104F044FCDD
:101470003649374A01914FF48063012400254FF427
:1014800080760392049301AA4FF480532E4806936A
:101490000421ADF81C6002968DF81E50059404F0EE
:1014A00049FC2948042104F083FC0421264804F067
:1014B00091FC284804F07AF822463146254804F089
:1014C000D3F82A462348022104F0CEF829462148C1
:1014D00004F0F2F8224621461E4804F0F7F82246AE
:1014E0001C48022104F0F2F82B46294619480D2227
:1014F00004F00AF9214617484FF4602204F0B0F9CD
:1015000022462146134804F08FF92B4629461148FC
:101510000D2204F051F90F484FF4E042022104F08B
:101520009FF9224602210B4804F07EF9094804F095
:1015300085F8084804F068F8204603F0F1FE0548F5
:1015400004F06AF808B070BD000402404C3C014051
:10155000943C0020003C014000B585B001A900206A
:1015600004F0D4F90A4804F0BFF90A484FF4807235
:10157000CDE901024FF4802301A90548039304F04B
:10158000F7F90348022104F0B3FB05B000BD00BF2A
:10159000006400400000090300B5014687B0032045
:1015A00004F0B4F901A9012004F0B0F900234FF4CC
:1015B0008031012201A8CDE90133CDE903318DF855
:1015C000142004F067FA07B000BD00BF00B583B077
:1015D00001460190022004F099F9054A01999068AA
:1015E0000860002306228A724B600B8103B000BDA5
:1015F00090370020F0B52DED028B1E4D83B00446D0
:10160000F0EE608AB0EE418AD5ED130A95ED141A1A
:101610000191102003F02AF895ED161AD5ED150A60
:101620000746B0EE680A0C2003F020F8D5ED030A57
:1016300095ED0E7AD5ED117A60EEC70A064660EE9A
:10164000A70AB0EE480AB1EE601A0C2003F00EF8BB
:1016500003120199E17203EB06137ABA3111E373B5
:101660000023A173A28120746374A37403B0BDEC42
:10167000028BF0BD903B002084B0F0B52DED028BC5
:1016800083B00AAC84E80F009DF836309DF83570C1
:101690009DF839209DF83760BDF833002D4C9DF83A
:1016A00038E09DF83A10D4ED140A94ED130A0F9D1A
:1016B0009FED298A4FEA032C1B0943EA07170CF414
:1016C00070631E43130240BA120903F470630B43A4
:1016D00042EA0E1280B210210092019302F0DAFF6A
:1016E00085ED000AD4ED160A94ED150A38460C2152
:1016F00002F0D0FF85ED010AD4ED170A3046B0EEB6
:10170000480A0C2102F0C6FF85ED020AD4ED180A42
:1017100000980C21B0EE480A02F0BCFF85ED030AE8
:1017200094ED030A94ED0E7AD4ED117A019820EE2F
:10173000470A0C2120EE270AF1EE400A02F0AAFF28
:1017400085ED040A03B0BDEC028BBDE8F04004B0A7
:10175000704700BF903B00200000000070B54FF4C0
:1017600080620C460546002106F0FDFF01264FF47D
:1017700080720021204606F0F6FF6E6000230022F2
:101780004FF47A76C5E904222A60AA60EE60154A11
:10179000DFED156A9FED157ADFED157AA3614FF045
:1017A0007E51E3616363E3632364124BDFF858E027
:1017B000DFF858C01048A1636164A2640F49236533
:1017C00022660F4B0F4AC4ED026A84ED037AC4ED22
:1017D000087AC4F854E0C4F858C0E164E065626275
:1017E000A36270BD0000A04000007A4400002042C7
:1017F0000000FA42000048410000FA43000048C1DE
:101800000000A84100006041000082C20000824246
:1018100070B50E461E49A0F1040E00F57F754FF01D
:10182000FF305EF8044F4FF0000C24FA0CF3DBB2EB
:101830005840082240F300030B40013A83EA50006D
:10184000F8D10CF1080CBCF1200FEED17545E8D1B0
:101850000F49B64606F58075DEF800404FF0000CE3
:1018600024FA0CF3DBB25840082240F300030B408B
:10187000013A83EA5000F8D10CF1080CBCF1200FBA
:10188000EED10EF1040EAE45E6D1C04370BD00BFEF
:101890002083B8ED0368012B00F22C8243687F2B74
:1018A00000F2288283687F2B00F22482C368DE4A1C
:1018B000013B934200F21E820369DFF8A4C34FF696
:1018C000FF721344634500F2158243691A4462456E
:1018D00000F21082D1ED027A9FEDD47AF0EEE76A41
:1018E000F4EE476AF1EE10FA00F20482DFEDDD6AF1
:1018F000F4EEE67AF1EE10FAC0F2FC81DFEDCC6A8C
:10190000F4EEE67AF1EE10FA00F2F481D1ED037A0A
:10191000F0EEE76AF4EE476AF1EE10FA00F2EA81BF
:101920009FEDC47AF4EEC77AF1EE10FAC0F2E281CC
:101930009FEDC17AF4EEC77AF1EE10FA00F2DA8187
:10194000D1ED064ADFEDB96AB0EEE47AB4EE667A1C
:10195000F1EE10FA00F2CE81F5EEC04AF1EE10FA87
:10196000C0F2C8819FEDB57AF4EEC74AF1EE10FAE5
:1019700000F2C08191ED077AB0EEC76AB4EE666AF4
:10198000F1EE10FA00F2B681B5EEC07AF1EE10FA7F
:10199000C0F2B0819FEDB36AB4EEC67AF1EE10FAF0
:1019A00000F2A88191ED087AB0EEC76AB4EE666ADB
:1019B000F1EE10FA00F29E81F7EE006AB4EEE67ADC
:1019C000F1EE10FAC0F29681DFED9D6AB4EEE67A90
:1019D000F1EE10FA00F28E8191ED095ADFED936A73
:1019E000B0EEC57AB4EE667AF1EE10FA00F28281BA
:1019F0009FED907AB4EEC75AF1EE10FAC0F27A81F8
:101A00009FED907AB4EEC75AF1EE10FA00F27281AF
:101A100091ED0A7AB0EEC76AB4EE666AF1EE10FA9A
:101A200000F26881B7EE006AB4EEC67AF1EE10FA01
:101A3000C0F260819FED846AB4EEC67AF1EE10FACE
:101A400000F2588191ED0D7AB0EEC76AB4EE666A85
:101A5000F1EE10FA00F24E81B5EEC07AF1EE10FA16
:101A6000C0F24881DFED7F6AB4EEE67AF1EE10FA5B
:101A700000F24081D1ED0E6A9FED6C7AB0EEE66A1D
:101A8000B4EE476AF1EE10FA00F234819FED6F6A0E
:101A9000F4EEC66AF1EE10FAC0F22C81B2EE046ADE
:101AA000F4EEC66AF1EE10FA00F22481D1ED0F6A6D
:101AB000B0EEE66AB4EE476AF1EE10FA00F21A816F
:101AC000F5EEC06AF1EE10FAC0F214819FED606A83
:101AD000F4EEC66AF1EE10FA00F20C81D1ED106A54
:101AE000B0EEE66AB4EE476AF1EE10FA00F2028157
:101AF000F5EEC06AF1EE10FAC0F2FC809FED556A77
:101B0000F4EEC66AF1EE10FA00F2F480D1ED116A3B
:101B1000B0EEE66AB4EE476AF1EE10FA00F2EA803F
:101B20009FED4D7AF4EEC76AF1EE10FAC0F2E28052
:101B30009FED477AF4EEC76AF1EE10FA00F2DA8010
:101B4000D1ED126A9FED397AB0EEE66AB4EE476ADB
:101B5000F1EE10FA00F2CE809FED366AF4EEC66A1E
:101B6000F1EE10FAC0F2C680B3EE046AF4EEC66A73
:101B7000F1EE10FA00F2BE80D1ED135AF0EEE56AF4
:101B8000F4EE476AF1EE10FA00F2B480DFED336A4A
:101B9000F4EEE65AF1EE10FAC0F2AC80F5EEC05A5F
:101BA000F1EE10FA00F2A68091ED146AF0EEC66A2A
:101BB000F4EE476AF1EE10FA00F29C80B5EEC06ACE
:101BC000F1EE10FAC0F296809FED214AB4EEC46A9D
:101BD000F1EE10FA00F28E80D1ED156AB0EE473AC0
:101BE000B0EEE67AB4EE437AF1EE10FA00F28280BB
:101BF0009FED1A7AF4EEC76AF1EE10FA7ADBF5EE91
:101C0000C06AF1EE10FA75D891ED167AF0EEC73A87
:101C1000F4EE433AF1EE10FA6CD8B5EEC07AF1EE7C
:101C200010FA67DB20E000BF9F860100FFFF7F7F87
:101C30000000FA44CDCCCC3D0000704200000442CC
:101C400000001643000020420000804217B7D13840
:101C500000007A440050C3476F12833A00007AC4F0
:101C6000FEFF01000000C842B4EEC47AF1EE10FAA3
:101C700040D8D1ED173AF0EEE32AF4EE432AF1EE24
:101C800010FA37D8F5EEC03AF1EE10FA32DBF4EE86
:101C9000C43AF1EE10FA2DD891ED184AF0EE433A1D
:101CA000B0EEC43AB4EE633AF1EE10FA22D8B5EED3
:101CB000C04AF1EE10FA1DDB5FED163AB4EEE34ACE
:101CC000F1EE10FA16D8F4EEE47AF1EE10FA11DB28
:101CD000F4EEC57AF1EE10FA0CDBF4EEC65AF1EE32
:101CE00010FA07D5F4EEC76AF1EE10FA4CBF0120E6
:101CF000002070470020704730B5DFF83CC083B04B
:101D00006045069D079C02D0002003B030BD02292B
:101D1000FAD1B2F5A07FF7D1214628460193FFF70B
:101D200077FD019B9842EFD12146284603B0BDE8DC
:101D30003040FFF7AFBD00BF4154484E401A002865
:101D4000D4BF00200120704740B12AB15B1A002B9C
:101D5000D4BF0020012070471046704782420CBF5C
:101D60004FF0FF300120704711B10AB1082B01D0AC
:101D700000207047009BC01AB3F5006FB0FA80F0E6
:101D80004FEA501028BF0020704700BF431E00F1EB
:101D9000060C13F8012FFF2A09D16345F9D1C27946
:101DA000131DDBB2022B02D80A70012070470020FD
:101DB000704700BF38B5C0F30D0444F4804440F4CC
:101DC0004045204609F010FD002814BF2846204653
:101DD00038BD00BF10B5044609F006FD28B914F45B
:101DE000804F18BF6FF0010010BD4FF0FF3010BDE5
:101DF000C0F30D00C1F30D01401AB0F5005F03DD23
:101E0000A0F5804000B2704710F5005FB8BF00F544
:101E1000804000B2704700BF0378A52B20D14378E3
:101E20005A2B1DD18378012B1AD18379C3B910B5F0
:101E3000DFF838E00C46421E811D12F801CF83EA1C
:101E40000C0391421EF80330F7D1C2799A420AD1AD
:101E5000C3782370037963704379A370002010BDA9
:101E60004FF0FF3070476FF0010010BD90B80008D0
:101E700090F800C06CF07F0C83F800C090F801C0AF
:101E800083F801C0807898704FEA122CD970100C3A
:101E9000110E1A7183F805C09871D971704700BF8F
:101EA00070B5904C0168236840F201720133914291
:101EB00088B0236006D1037A23B9437A13B9827AB2
:101EC000082A04D0A3680133A36008B070BD02A93A
:101ED0000B300093FFF7A0FF18B1E3680133E36014
:101EE000F3E703F035FA8049009B0A68821A132A47
:101EF00003D8636901336361E7E7626808609DF8AE
:101F0000081001326260032900F29481DFE801F0D9
:101F1000355F10029DF80A100F2931D8DFE801F073
:101F20008186848E8C8A889C30989490A29E30A65C
:101F30009DF80A201E2A23D8DFE812F05F0159011C
:101F40005301FD00F900F600D00022002200CA0073
:101F5000730170016A016401C400BB00B700B300E3
:101F6000AA00A10022002200220022006C005E00D4
:101F700070009B005E006C0070009DF80A2082B328
:101F80000123216901310022216103A90220CDE949
:101F9000002303F0BBFC00230493ADF8143040F29F
:101FA000817303930823DDE9002102A88DF8163020
:101FB0000DF11703FFF75CFF4C4803A903F0E4FDA4
:101FC000032800F03181A3690133A3617DE79DF807
:101FD0000A20042A00F23081DFE802F003070C0532
:101FE0000A00434AD1E7434ACFE74FF48032CCE7B7
:101FF000414ACAE70F22C8E7404A9FED417AD2ED35
:10200000037A4049404AB4EEE77AF1EE10FAB8BFDD
:102010000A46BAE73D4AD2F80620B6E740F2154232
:10202000B3E722680B46B0E7A268AEE76268ACE7A8
:10203000A269AAE76269A8E72269A6E7E268A4E7BD
:10204000334AD2F80023A0E7324AD2F8FC229CE7B8
:102050002F4AD2F8FC2298E7E26996E72C4AD2F898
:10206000082392E72A4AD2F804238EE72A4A126804
:102070008BE7009300F044FE009B024685E727496A
:10208000D1F83C2CD1F82C1C92B242EA01427CE7F8
:102090002249D1F8342CD1F8381C92B242EA0142DC
:1020A00073E71C4AD2F8B4206FE71D4AD2F818240F
:1020B0006BE7174991F8DE22002A00F0B980D1F8C9
:1020C000E62262E7174AD188128942EA01425CE7B8
:1020D00010490A89C96842EA014256E70C4AD2F817
:1020E000802052E7AC3C0020A83C00200064004067
:1020F0004154484E01D1E0A701E80300903B002085
:1021000000002042A0008002A000C0024C3100204C
:102110005831002078340020CC3C002000200140C1
:1021200000600040983C0020444A926F2DE7434AEB
:10213000D2F8E02229E74FF480514148009304F09F
:102140008FF84FF4006106463D4804F08FF83D4992
:102150003D4A031ED1F8440CC0F3C03ED2F8180427
:10216000D2F818C44FEA401000F02005D2F8180445
:10217000D1F8202C4FEA022202F4807218BF01230A
:102180002A4342EA43022D4B93F8DD32003B18BF4D
:10219000012342EAC3022D4B93F8F532003B18BFEE
:1021A000012342EA0312CCF3400C42EA8E02C0F350
:1021B000800042EA8C1242EAC012D1F8200CD1F819
:1021C000201C009BC0F3001042EA4022C1F3002112
:1021D00042EA8122002E08BF42F0010242F0004292
:1021E000D3E60093FEF79EFF009B0246CDE60093E8
:1021F00003F0AEF8009B0246C7E614491346D1F837
:10220000F822C2E6124A5188928842EA0142BCE6AC
:102210000F4A5189128842EA0142B6E60C4AD26856
:10222000B3E60A4A128AB0E6E3690133E3614CE699
:102230000323AAE60423A4E60B46A2E658310020B5
:102240000008014000200140006000407834002078
:10225000983C00200000000000B5114889B004F04F
:10226000A7F99FED0D7B4FF400724FF482710023AC
:102270004FF40060CDE90013CDE90202182369464E
:10228000074806938DED047B04F0C0F9044804F080
:10229000D7F909B000BD00BF000000000100000038
:1022A000003800400000000000B5114889B004F07B
:1022B0007FF99FED0D7B4FF400724FF48271002384
:1022C0004FF40060CDE90013CDE902021023694606
:1022D000074806938DED047B04F098F9044804F058
:1022E000AFF909B000BD00BF000000000100000010
:1022F000003C004070B548488CB004F0B3F908A821
:10230000002404F025FA01254FF400134FF4FA627B
:1023100008A9414808930A9209948DF82C5004F0BA
:102320001FFA3D4804F04CFC21463B4804F032FCC7
:102330002946394804F036FC374804F069FA01A808
:1023400004F09AFA022601AA214633480394CDE903
:10235000015604F097FA21462F48602204F094FBBE
:1023600021462D48042204F0EDFB21462A4808228C
:1023700004F0C0FB22462146274804F0ADFB01AA29
:102380002946254804F07EFA29462348602204F0B5
:102390007BFB29462048042204F0D4FB29461E4832
:1023A000082204F0A7FB224629461B4804F094FBB0
:1023B00001AA3146184804F065FA314616486022F1
:1023C00004F062FB31461448042204F0BBFB3146A2
:1023D0001148082204F08EFB224631460E4804F0D4
:1023E0007BFB04A804F022FA4FF0005304A90A482A
:1023F0000694CDE90443ADF81C4004F01DFA2146D3
:10240000054804F02FFA2946034804F007FA024869
:1024100004F0F8F90CB070BD002C014008B50D486F
:1024200004F0D4FB0B484FF4E13104F01BFC0948E5
:10243000042104F057FC0821064804F04DFC05482F
:1024400004F044FCBDE80840024840F2053104F0C5
:102450005FBC00BF0044004038B50546E9B20C48F7
:1024600004F046FC41F2010401E0013C07D00848B9
:10247000072104F045FC0028F7D0284638BD054A5E
:1024800013684FF0FF3501331360284638BD00BF95
:1024900000440040CC3C0020F0B52DED028B604D97
:1024A0001446002687B02E600A46217C0746002984
:1024B00075D0E168DFED5B6A5B1A07EE903AF8EEE3
:1024C000E77AB7EE007A67EEA67AF4EEC77AF1EE15
:1024D00010FAC4ED057A6ED4F0EE006AF4EEE67AF6
:1024E000F1EE10FA00F18380104601F0EFF894ED60
:1024F000067A97ED038ADFED4C6A8DED027A78EE6D
:10250000477AF0EEE77AC6EEA77A17EE900AFDF763
:10251000CBFF41EC100B08F0A9FF51EC100BFEF7BC
:10252000F3FA9DED027A2070B4EEC87AF1EE10FA5B
:102530002FD401233D4884F8203006F0F3F82178A9
:102540003B4806F087F8A069FDF7AEFF02460B4650
:1025500018EE100ACDE90223FDF7A6FFDDE90223FC
:10256000CDE90001334806F075F894F820302B606F
:102570002378314907EE903AF8EE677A002201237A
:10258000C1ED0A7A227484F8213007B0BDEC028BC9
:10259000F0BD84F82060294806F0C4F8CFE7284849
:1025A0000593029206F0BEF80121059B2174029A60
:1025B000E3600021616104F5005101F6884501F5F1
:1025C000496100231C48A3602B600B60806CC2F83B
:1025D000A40004F53051C2F8A8302C31104601F0A7
:1025E000E7F8FB68A36107B0BDEC028BF0BD77EEA6
:1025F000C77A9FED0D7A04F5325367EE877A04F5BA
:10260000305108332C311046C4ED027AC3ED007A04
:1026100007B0BDEC028BBDE8F04001F0C9B800BFC7
:1026200090370020D1CB0B38DB0FC940C4BA00086B
:10263000DCBA0008F0BA0008903B0020ACBA0008F1
:1026400088BA00082DE9F041C24E96ED0A7A2DEDC8
:10265000028BF3EE057AB4EEE77AF1EE10FA84B06D
:1026600000F312811D46137C14460F468046002B52
:1026700000F0D880D3689FEDB87AEB1A07EE903A55
:10268000F8EEE77AB7EE006A67EE877AF4EEC67A7C
:10269000F1EE10FAC2ED057A00F1D2809FEDAF8A1B
:1026A00096ED0A7A67EE085AC5EE886A76EE866A73
:1026B000F4EEE67AF1EE10FA78D4DFEDA96A27EEAF
:1026C000267AC7EE086A36EE867AF4EEC77AF1EE1D
:1026D00010FA00F1E280084600F0F8FFD6ED0A7A21
:1026E000BDEEE77A17EE103A002B40F3928104EB2F
:1026F000432303F1280204F12801002351F8040FB9
:1027000091420344FAD107EE103AB8EEC77A9FED32
:10271000956AE56A9FED938ADFED938A27EE866AD4
:10272000D5F58035C7EE066A48BF05F2FF156D1274
:102730000027FDEEE66AC4ED076A07EE107AF8EEB0
:10274000C75A67EE886A65EEA75A6FF03F0265EEDA
:10275000885A002165EEA85AB7EE005A13E036EE0B
:10276000C56AB4EEC76AF1EE10FA03D537EE667AA1
:10277000FDEEC77A17EE903A04EB83030132DB6A71
:10278000402A194433D007EE902AF8EEE77A77EE24
:10279000A57AFDEEE77A17EE903A002BB8EEE77ACD
:1027A000DDDA37EE267AFDEEC77AE3E7D2ED027A7C
:1027B0009FED6E7A77EE877A02F53253084602F57E
:1027C0003051C2ED027A2C31C3ED027A00F0F0FFF5
:1027D00094ED057AD4ED0A7AB4EEE77AF1EE10FAC8
:1027E00000F3D08004B0BDEC028BBDE8F08100297D
:1027F000B8BF7F317F2D4FEAE1122946C8BFA5F14E
:102800008001E06901F68A2304EB8303121A5A60FF
:102810005748013705F01EFF802F2BD0D6ED0A7ADE
:1028200001358AE75348039305F07CFF039BA3849B
:1028300000236361012323744FF07E53E560A3629C
:1028400004F532530022A2609A60B06CC7F8A4006D
:1028500004F53051C7F8A8202C31384600F0A8FF05
:10286000D8F80C206369A261A36204B0BDEC028BAE
:10287000BDE8F08100220123227484F8223004B0E4
:10288000BDEC028BBDE8F0813B48152104B0BDECE6
:10289000028BBDE8F04105F0DDBED2ED027A9FED7E
:1028A000337A77EEC77A0846C2ED027AB36CC1F884
:1028B000A4300023C1F8A83002F5325302F530519C
:1028C000C3ED027A2C3100F073FF94ED057AD4ED5C
:1028D0000A7AB4EEE77AF1EE10FA83DDA78C002FC6
:1028E00080D096ED0A7AD4ED027ADFED256AD8F829
:1028F0007430A06827EE087A67EEA66AC6EE877A7B
:10290000FDEEE77A17EE902A9B1ADD1305F4803569
:102910001D4404EB8703CDED037AD96A0D4405EB22
:10292000D5756D10DD62FDF7BFFD2B46CDE90001C9
:10293000039A1248394605F08DFED4ED0A7A9FEDD0
:102940000A7AA38C77EE877A013BA384C4ED0A7AD6
:1029500048E700BF903B0020D1CB0B38DB0FC940CC
:10296000DB0F4941000000430000003C5F975B39EA
:1029700074BB00083CBB00080CBB000864BB00082B
:102980000000804794ED026A96ED0A7A5FED046AD2
:10299000D8F87430A78C66EE266A27EE087A16EE11
:1029A000100AC6EE877AFDEEE77A17EE902A9B1A98
:1029B000DD1305F480351D4404EB8703CDED037A68
:1029C000DD62FDF771FD2B46CDE90001039A124847
:1029D000394605F03FFE9FED116A94ED0A7ADFED6E
:1029E000106AA38C37EE067AFFEE007A84ED0A7A3D
:1029F00096ED0A6A07EE103AE6EE267AB8EEC77A46
:102A0000B4EE677AF1EE10FA3FF4ECAE0133A38432
:102A1000E8E69FED047A7AE664BB00080000003C1B
:102A2000000000430000000070B504464FF6FF733D
:102A300084B03748218063804FF48051164603F0FC
:102A400007FC00230393039B3F2B06D800BF039B87
:102A500001330393039B3F2BF8D940F6010501E0B6
:102A6000013D40D02B48022103F0F6FD0028F7D0AD
:102A70002188284803F0EAFD40F6010501E0013D08
:102A800040D02448012103F0E7FD0028F7D0214879
:102A900003F0DEFD40F60105608001E0013D34D029
:102AA0001C48802103F0D8FD0128F7D000230293B1
:102AB000029B3F2B4FF000051CD915484FF4805165
:102AC00003F0C4FB00230193019B3F2B06D800BFFA
:102AD000019B01330193019B3F2BF8D9638833801D
:102AE000284604B070BD4FF0FF3500230293029BCF
:102AF0003F2BE2D800BF029B01330293029B3F2B86
:102B0000F8D9DAE76FF00105EFE76FF00205ECE7BF
:102B1000000C0140003800402DE9F041002384B052
:102B2000224C0393CDE90133804601AD04F10C073B
:102B3000012634F8021B2A464046FFF775FF00289D
:102B400014BF002606F00106BC4205F10205F0D1D3
:102B5000BDF80630BDF8082013439BB20BBBBDF88F
:102B60000A30C3F30A03A02B1BD1114B9FED117A3E
:102B7000D3ED037ABDF80C20B4EEE77AF1EE10FA4B
:102B8000ACBF4FF430734FF420739A4209D1BDF8B3
:102B90000E2040F215439A4203D1701E04B0BDE8E6
:102BA000F0814FF0FF3004B0BDE8F08154C300085D
:102BB000903B00200000204200B585B004AB03E943
:102BC00007000B48002103F04DFE4FF40061094857
:102BD00003F03CFB02F0BCFB074A0849084B0860C5
:102BE0004FF0010C82F800C000221A7005B000BD41
:102BF000002C014000080140D53C0020D03C0020C2
:102C0000D43C002030B5374B89B001AC84E80700D4
:102C10001A780AB909B030BD334A156802F098FB3A
:102C20000A220146284602F0FBFA0028F2D02D4B7A
:102C30002E4800224FF480511A7003F011FB002837
:102C40004BD094E8070005AB03C341F2A1011A8001
:102C500005A80DF112020093FFF7E6FE244A9FED4E
:102C6000257AD2ED037A009B94E80700B4EEE77A68
:102C7000F1EE10FA0DF1140CACE80300A8BF4FF40C
:102C80004B511A80B8BF4FF44A510DF1120205A8FA
:102C9000FFF7CAFE94E80700009B0DF1140CACE8A6
:102CA00003001A8042F615410DF1120205A8FFF744
:102CB000BBFE2046FFF730FF78B900F1804000F5F9
:102CC00084304FF4805103F0CBFA30B10A4B0B48FB
:102CD0000121197003F0C6FD9CE72020FEF71AFAC7
:102CE00009B030BDD53C0020D03C00200008014098
:102CF000903B002000002042D43C0020002C0140EA
:102D0000024B1878003818BF01207047D43C0020CF
:102D100000B585B004AB03E907000848002103F0C3
:102D2000A1FD07484FF4006103F092FA0549064AF5
:102D300000230B70137005B000BD00BF002C0140D4
:102D400000080140D53C0020D43C0020F0B589B0FB
:102D500001AC84E8070094E8070005AE03C64FF411
:102D60000041328005A80DF112021F46FFF75CFEFC
:102D700094E8070005AB03C332804FF408410DF11E
:102D8000120205A8BDF81250FFF74EFEBDF8124022
:102D900054EA05031FD12B0743D46F0746D4AE076F
:102DA00049D4ED074CD460054FD4A10552D4E205B7
:102DB00055D4230658D467065BD4A6065ED4E50630
:102DC00061D4200764D4610767D4A2076AD4E307FB
:102DD0006DD409B0F0BD3B48394605F03BFC6A05AF
:102DE0006BD4AB0502D5384805F034FCEF0502D5AD
:102DF000364805F02FFC2E0602D5354805F02AFC92
:102E0000680602D5334805F025FCA90602D53248EC
:102E100005F020FCEA06BED5304805F01BFC2B0768
:102E2000BBD52F4805F016FC6F07B8D52D4805F027
:102E300011FCAE07B5D52C4805F00CFCED07B2D55A
:102E40002A4805F007FC6005AFD5294805F002FCCB
:102E5000A105ACD5274805F0FDFBE205A9D526481C
:102E600005F0F8FB2306A6D5244805F0F3FB67061A
:102E7000A3D5234805F0EEFBA606A0D5214805F012
:102E8000E9FBE5069DD5204805F0E4FB20079AD52F
:102E90001E4805F0DFFB610797D51D4805F0DAFBFA
:102EA000A20794D51B4805F0D5FBE30791D51A4836
:102EB00009B0BDE8F04005F0CDBB184805F0CAFBED
:102EC0008FE700BF80BB0008A0BB0008ACBB0008B8
:102ED000B4BB0008BCBB0008C4BB0008D0BB0008E2
:102EE000DCBB0008E8BB0008F4BB000800BC00081D
:102EF0000CBC000814BC00081CBC000824BC000862
:102F00002CBC000834BC000840BC00084CBC0008C5
:102F100058BC000864BC000870BC000894BB0008E2
:102F2000F0B589B001AC84E80700FEF7D3F84F4B49
:102F3000DFED4F7A93ED037AB4EEE77AF1EE10FA13
:102F400059D84FF400614B4803F080F90A2002F091
:102F5000E7F994E8070005AE03C605AD0DF11207C9
:102F6000328041F2A1013A462846FFF75DFD94E820
:102F700007002B4603C3328043F2DC213A46284641
:102F8000FFF752FD3C4800F0F3FA4FF44B5394E83E
:102F900007002E4603C61946328028463A46FFF7F8
:102FA00043FD94E807002B4603C3328042F61541E7
:102FB0003A462846FFF738FD2E484FF4805103F07B
:102FC0004FF900283ED02046FFF7A6FD0446002812
:102FD00038D12A48214603F045FC26484FF40061C9
:102FE00003F036F9264A274B14701C70FEF772F86E
:102FF000204609B0F0BD4FF400611E4803F026F9E9
:103000000A2002F08DF994E8070005AE03C605AD6D
:103010000DF11207328041F2A1013A462846FFF72E
:1030200003FD94E807002B4603C3328043F29C2142
:103030003A462846FFF7F8FC0F4800F099FA4FF49B
:103040004A53A4E72020FEF765F80C48002103F05E
:1030500009FC4FF40061074803F0FAF80849094AEF
:1030600000230B704FF0FF341370C1E7903B00203A
:10307000000020420008014078340020002C01406C
:10308000D53C0020D43C002008B50C21002003F0E2
:1030900035F94FF480500222002102F0ADFEBDE868
:1030A00008404FF4805002F0FFBE00BF044A0729D9
:1030B00028BF07210023C0E901210370704700BF2A
:1030C00000C0030810B5044602F0F4FE40F20730D9
:1030D00003F058F8606802F021FF0123237010BD4F
:1030E00084B00DF1100C0CE907000298049900EB74
:1030F000830004B002F0B2BF84B00DF1100C0CE9F3
:1031000007000298049900EB830004B002F0A6BF08
:1031100084B00DF1100C0CE90700029810EE101AA3
:1031200000EB830004B002F099BF00BF00B583B08C
:10313000019002F0DFFE01980023037003B000BD90
:1031400084B00DF1100C0CE9070051F8230004B015
:10315000704700BF84B00DF1100C0CE9070051F866
:10316000230004B0704700BF84B00DF1100C0CE9CF
:10317000070001EB830292ED000A04B0704700BF24
:1031800008B590ED167AD0ED186A1C4BF7EE007A70
:103190002DED048B37EEC77A9FED199AD0ED178A83
:1031A0001968184827EE097A77EEE88A37EEE68A3A
:1031B000FCEEC77A17EE902AC9B903F08DFC1148CE
:1031C000012168EE898AFCEEE87A17EE902A03F076
:1031D00083FC68EE097ABDEC048BFCEEE77ABDE86F
:1031E0000840084817EE902A022103F075BC01211F
:1031F00003F072FC03480021E3E700BF9037002092
:103200000000FA44002C014038B5484B1C680546C4
:10321000002C7ED12146464802F046FB0346AB60B7
:103220004448214602F040FB03464148EB6002213E
:1032300002F02CFB4048022102F028FB40F601047A
:1032400001E0013C50D03A48042102F041FB002843
:10325000F7D040F6010401E0013C45D03648042196
:1032600002F036FB0028F7D03148042102F036FB8B
:103270003148042102F032FB00212F4802F014FBF8
:10328000AA68D5F89810EB68D5ED1C6ADFED2B5ACB
:103290002861521A07EE102AD5F89C2007EE900AF2
:1032A0009B1AB8EEE76A07EE903AB8EEC77AF8EEE6
:1032B000E77A27EE267A67EEA67AD5F8F83285ED1A
:1032C000067AF1EE476A26EE256A76EEE76A012273
:1032D000013385F8F52285ED086AC5ED077AC5ED5D
:1032E000056AC5F8F83238BD1148042102F0F6FA33
:1032F0001148042102F0F2FAD5F8FC320022013321
:1033000085F8F522C5F8FC328020BDE83840FDF78D
:1033100001BF0021074802F0C7FA0346AB6004482A
:10332000002102F0C1FA03467FE700BF903700207A
:103330000024014000280140003C01401833533C68
:1033400000B52DED028B87B0CDE90210CDED050A59
:103350008DED041A0192F0EE408A01F0D5F9B0EE3D
:10336000408AB0EE680A01F0A9F9F6EE007A67EE3D
:10337000C06ADFED175A9FED176A9DED041ADDED67
:10338000050A03980299019A67EEC87AB0EE667A48
:10339000A8EE257AE8EE656AF0EE675AE0EE065A86
:1033A000E0EE467A21EE477A21EE400A21EE661AD7
:1033B000A8EE200AA5EEA07AA7EEA01A80ED000ADA
:1033C00081ED007A82ED001A07B0BDEC028B00BDE2
:1033D000D7B35DBFD7B35D3F00B52DED028B87B08E
:1033E000CDE90110CDED050A8DED041ACDED031ADE
:1033F000F0EE408A01F088F9B0EE408AB0EE680A3B
:1034000001F05CF9B6EE007A67EE486A27EE407A82
:10341000DFED185A9FED186A9DED041ADDED050ADF
:10342000DDED031A02980199F0EE667AB0EE475A84
:10343000A8EE065AE0EE257AA8EE467A67EE817A83
:1034400021EE451AE0EE656AE8EE207AA0EE601AF9
:10345000E6EEA17AA7EE611A9FED086A67EE867A1A
:1034600021EE061AC0ED007A81ED001A07B0BDEC1E
:10347000028B00BDD7B35D3FD7B35DBFABAA2A3F78
:1034800000B52DED0A8BB0EE609A85B0F0EE418A62
:10349000F0EE40AAB0EE611AF0EE680AB0EE490A0A
:1034A000B0EE618A0192CDE9021001F0A9F8B0EE08
:1034B000481AF0EE680AB0EE40AAB0EE490A01F0F0
:1034C00087F83AEE00AAF6EE009AAAEE699ADFEDC6
:1034D00024BA9FED24CA9FED24BA29EE299AF0EE72
:1034E0004C0A29EE2B9A89EE2A0A9FED209A30EE9B
:1034F0000B0A01F05DF8F0EE490A01F061F8EAEE1E
:10350000698A039880ED000A68EEA98AF0EE4C0AF9
:1035100068EEAB8A88EEAA0A30EE0B0A01F048F892
:10352000F0EE490A01F04CF8AAEE698A029981EDA1
:10353000000A28EE298AF0EE4C0A28EE2B8A88EE43
:103540002A0A30EE0B0A01F033F8F0EE490A01F0D6
:1035500037F8019A82ED000A05B0BDEC0A8B00BD78
:103560003333933F00000000D7A3F03ED7A3703F52
:10357000F8B500238365C36503660446FFF700FEC4
:1035800000264FF47A7537462046FFF73DFED4E912
:103590000223013D17441E44F6D1074B83FB07214C
:1035A000FA17C2EBA11283FB0631F317C3EBA11389
:1035B000C4E92623F8BD00BFD34D62102DE9F843BE
:1035C000344A354BDFED356ADFED355A2DED028B90
:1035D000C267C0F8802093ED027A324AC0F8842096
:1035E00066EEC76AF7EE007AB0EE676AA6EEA56AE5
:1035F0002D4ADFED2E6A1268C0F8C82027EE267A21
:10360000C7EE866A80ED1D7A77EEE67A80ED1E7A47
:10361000C0ED227A9FED267AD3ED037AF4EEC77AD5
:10362000F1EE10FA33D8234BDFF89C90DFED228ABD
:103630009FED228A224F03674FF0804800F1F40586
:103640000024002607EE904AF8EEE77A013467EE90
:10365000A87AC7EE887A17EE900AFCF725FF41ECAE
:10366000100B07F0A9FC424651EC100B4B46FCF73F
:1036700073FF32463B46FCF7B9FDFDF765FA802C37
:1036800045F8040BDED1BDEC028BBDE8F8830D4B91
:10369000CAE700BFEC51383D903B0020D1CB0B383E
:1036A000DB0FC940BD74933B9037002017B7D1386A
:1036B00000002042FFFFA43C000000BC6F12033D4D
:1036C0000000F03FFFFF243D3333F33F10B54FF4CC
:1036D0007A7204460021114803F0FEF90F484FF4B6
:1036E0007A72012103F0F8F94FF47A720B48022143
:1036F00003F0F2F900230022C4F8A430C4F8A83083
:10370000E36323646364C4F89030C4F88C30636569
:103710002365C4F8E830C4F8EC2010BD002C01404B
:1037200090ED397AD0ED387A90ED3A0ADFED1E0A45
:1037300077EEC77A90ED217A10B5A7EE270A82B00E
:10374000044680ED3A0A00F03BFF184BD3ED060A21
:10375000F1EE600A00F02CFF94ED3C7A84ED3A0A19
:1037600060EE407A84ED290AE7EE077AF5EE407ABA
:10377000F1EE10FA11D4F1EEE70A94ED2A0ACDED3C
:10378000010A00F01DFFDDED010AF1EE600A00F014
:103790000FFF84ED2A0A02B010BDB0EE670A07F0F1
:1037A0005BFCF0EE400AE8E700000000903B0020E0
:1037B00030B52DED028B91ED170A4B6E904D91EDCA
:1037C000186AD0ED071A90ED061AD0ED050AD1ED72
:1037D000036A83B0436380ED0B0A95ED117AC6EE60
:1037E000077A044600F140013C30C4ED0C7A95EDB7
:1037F000117AC6EE877AC4ED0A7AFFF7EDFD9FEDE8
:10380000815A94ED087ADFED805AD4ED097A94ED6F
:10381000106AD4ED0F6A94ED114AD4ED124A27EEE6
:10382000057A26EE056AA7EEA57A04F1A80104F14F
:10383000A400DFED767A84ED097A67EE277A66EEEA
:10384000856A9FED735AE4EEA56AA4EE256A67EED9
:10385000857ADFED705A84ED116A67EEA57AC4EDC2
:10386000126AC4ED387A95ED030A84ED3C0A00F043
:10387000DFFED4ED0F6AD4ED298A94ED1D7A94ED24
:10388000230ADFED657A94ED2A8AD4ED380A78EEC2
:10389000E68AA7EE280A94ED107A30EE270A38EE71
:1038A000478A84ED140A00F08BFED4ED380AF1EE5D
:1038B000600A00F07DFED4ED1F6A94ED1D7AD4ED10
:1038C000237AD4ED380A84ED140A27EE267AE7EE3F
:1038D000287AB0EE670AC4ED237A00F071FED4EDC9
:1038E000380AF1EE600A00F063FED4ED147AD4EDEC
:1038F000380A84ED230A67EEE77AE0EEA07AF5EE67
:10390000407AF1EE10FA6FD4F1EEE78A94ED240AD2
:10391000D4ED1E7AD4ED206AB0EE407AA7EE887A14
:1039200067EEA67ADFED3C6AA7EE880A77EE267A84
:1039300084ED240AC4ED157A00F042FED4ED380A75
:10394000F1EE600A00F034FEF0EE406A94ED150AE4
:1039500094ED147AC4ED246A60EE007AF0EE680A01
:10396000E7EE077AB1EEE77A84ED397A00F028FEC7
:10397000F1EE680A00F01CFEF0EE407A04F154010A
:1039800094ED380AC4ED157A04F1500000F050FEB1
:10399000DFED227A94ED0D7A94ED0B0A94ED151A71
:1039A000D4ED140AA7EE270A04F16C0204F16801B1
:1039B00004F16400FFF7C4FC04F15800D4ED1B1AB5
:1039C00094ED1A1AD4ED190A94ED380A04F1600244
:1039D00004F15C01FFF754FD204603B0BDEC028BFF
:1039E000BDE83040FFF7CCBBB0EE670ACDED010A71
:1039F00007F032FBDDED010AF0EE408A86E700BFFA
:103A0000903B0020CDCCCC3D6666663F3333933F80
:103A1000D7A3703F3ACD133F00000000BAB1513830
:103A200090ED0A7AD0ED337AD0ED356A90ED370A11
:103A3000144BD0ED3C0A77EEC77A90ED347AA6EEBF
:103A4000A70A10B5D0ED0C7AD0ED366A37EE677A5A
:103A5000D3ED0E7AA6EE870A044693ED117A67EE4F
:103A6000877A80EE270A00F0ABFDD4ED3C0AF1EE38
:103A7000600A00F09DFD002384ED2A0AC4F8A430FA
:103A800010BD00BF903B00200023C0F8DC30C0F820
:103A9000D430C0F8D830C0F8CC30C0F8D030C0F83E
:103AA000A830704708B50B4801F00CFA70B109480E
:103AB00001F03CFA38B1074801F09CFB054801F0E1
:103AC000DDFA013808BD034801F094FB4FF0FF30E8
:103AD00008BD00BF7837002010B54FF4805182B088
:103AE0000A4802F0BDFB0446FDF71CFB084A094BDF
:103AF000094992F8F52293F8DD3289880092221E56
:103B000018BF012201F07AFB02B010BD000801408D
:103B100078340020583100204C31002010B5037853
:103B20000446052B0CD8DFE803F009030C0B090948
:103B30000C4B186859681A89FFF7EAF80123E370FB
:103B400010BD084B0122C270186859681A89FFF726
:103B5000DFF80548FFF7BAFDBDE810400248FFF75F
:103B600093BF00BF4C3100207834002008B50D48C9
:103B700004F0D8FD0C4804F0D5FD0C4804F0D2FD4B
:103B80000B4804F0CFFD0B4804F0CCFD0A4804F0CC
:103B9000C9FD0A4804F0C6FDBDE80840084804F025
:103BA000C1BD00BFB0B900087CBC000888BC0008DB
:103BB0009CBC0008B8BC0008C8BC0008E0BC0008F9
:103BC000FCBC000830B56C486C4C6D4D85B004F001
:103BD00041FD6C486C4B6D4A6D49CDE900046D4C5C
:103BE0006D4804F037FD6D4804F09CFD606CFCF7F7
:103BF0005BFC6B4A6B4B0095CDE902016A496B484F
:103C000004F028FDA06BFCF74FFC694A654B00955A
:103C1000CDE902016749684804F01CFD674804F0DB
:103C200081FDA068FCF740FC654B664A0093CDE936
:103C30000201654B6549664804F00CFDE068FCF73D
:103C400033FC644B644A0093CDE90201634B644941
:103C50005F4804F0FFFC206DFCF726FC2B46CDE905
:103C60000201604A00956049594804F0F3FCA06DD8
:103C7000FCF71AFC2B46CDE902015C4A00955C4931
:103C800053485C4D04F0E6FCE06DFCF70DFC5A4B2C
:103C90005A4A0093CDE90201504B59494C4804F06F
:103CA000D9FC206EFCF700FC564B574A0093CDE937
:103CB00002014A4B5549464804F0CCFCA069FCF788
:103CC000F3FB534B534A0093CDE90201434B524956
:103CD0003F4804F0BFFC206AFCF7E6FB4F4B504A1C
:103CE0000093CDE902012F4B4E49394804F0B2FC54
:103CF000606AFCF7D9FB4C4B4C4A0093CDE90201BA
:103D0000364B4B49324804F0A5FCA06C494CFCF7FB
:103D1000CBFBCDE902014849304B484A00912C4881
:103D2000474904F097FC474804F0FCFC6368464AA6
:103D300046494748CDE900531A4B04F08BFCA36871
:103D40000193444A174B44490095414804F082FCD2
:103D5000E068424B424A4349CDE90030114B4248AA
:103D600004F078FC414804F075FC414805B0BDE81A
:103D7000304004F06FBC00BF14BD000868BD0008EF
:103D8000BCBD000878BD000830BD000834BD000887
:103D900040BD0008903B002048BD00087CBD0008E5
:103DA0008CBD000888BD000898BD00089CBD0008B7
:103DB000C0BD0008D8BD0008DCBD0008FCBD00087F
:103DC0004CBE000810BE00080CBE000828BE00084B
:103DD0002CBE000870BE000858BE000854BE000883
:103DE0006CBE000878BE000894BE000898BE0008AB
:103DF000B8BE0008D4BF0008DCBE0008BCBE000886
:103E0000D8BE000808BF0008E4BE000804BF0008D0
:103E100028BF00080CBF000824BF000850BF0008DE
:103E200030BF00084CBF000870BF000854BF000836
:103E30006CBF00089037002094BF000878BF0008CE
:103E400090BF00089CBF0008A8BF0008B0BF0008D2
:103E5000B4BF0008D8BF0008E4BF000828C00008AD
:103E6000E8BF000808C000080CC0000830C0000807
:103E70007CC0000800B5037883B0042B28D8DFE8A5
:103E800003F0291D0827030003B05DF804EBFFF7DA
:103E900099BE0190FFF720FE002835D101901C4803
:103EA000FFF714FC1B49019A088960F30F020868A8
:103EB000496803B05DF804EBFEF77EBE0190FFF7A2
:103EC0000BFE014658B1019A002101235170D370B5
:103ED00003B000BD03B05DF804EBFFF747BE0E482A
:103EE0000E4BC0F8D8104FF40072DC30A3F821104C
:103EF0001974019104F037FC064B019A188959682E
:103F000060F30F021868D4E70148FFF7BDFDDAE758
:103F1000783400204C31002058310020100200205D
:103F20002DE9F041037842789A42044645D1022BAC
:103F30001CD0052B12D0012B3DD1514A92F82130D3
:103F4000002B40D092F82230002B4AD14D494E48E8
:103F5000D1F8B430BDE8F041FEF774BB494B4A4894
:103F6000D3F8B410BDE8F04100F0EABE474B186842
:103F700059681A89FEF746FEFEF7C2FED8B1444AD8
:103F8000D268002A71DD3F490D46D1F8B8108A4247
:103F90006DDBFFF7A1FD00285CD03C4B1868596829
:103FA0001A89FEF7B5FE00236370E370D5F8B830C8
:103FB0000133C5F8B830BDE8F081FFF7AFFDE37815
:103FC0004BB92378B3E72F492F48D1F8B430BDE877
:103FD000F041FEF761BA637823702046FFF74AFF8D
:103FE000EFE7D369284E2A4F96ED1A7A9FED290AFA
:103FF0007B615A4207EE902AF8EEE77AF7EE000A64
:1040000067EE877A1D4627EE800A06F0A9FFDFEDEE
:10401000227A60EE277A17EE900AFCF745FA0B46F3
:10402000024629461D4804F015FB1D494FF4007255
:1040300006F1DC0004F0E4FB19494FF4007207F1CB
:10404000180004F0DDFBFFF72DFDA0B9002363701D
:10405000E370B0E70B48FFF7E3FC0A48FFF760FBAB
:1040600009490848FFF7A4FBA0E7064D91E7284659
:10407000FFF70AFD91E70B4804F054FBE6E700BFA9
:104080001002002078340020583100204C310020EC
:104090009037002000008037DB0FC940A8C000081F
:1040A0003C2C0020BCC0000838B5417BA1F1610365
:1040B0000446172B19D8DFE813F0280047006600E4
:1040C00085001800A000BF00DA00F9001800040104
:1040D0001F013E01180018004901180018001800BF
:1040E00068011800730118009201CF4804F0B2FA79
:1040F000251DFFF7D7FC002840F08C81FFF762FDFB
:104100000023A38163606B6038BD051D284602F063
:10411000DAFE51EC100BFCF717FDF3EE040A00EE8B
:10412000100A07F0E7FADFEDC10A07F0BBFAC04B4F
:1041300010EE100A83ED120AFCF7B6F902460B46A0
:10414000BC4804F087FAD4E7051D284602F0BBFE00
:1041500051EC100BFCF7F8FCDFEDB70A00EE100A8B
:1041600007F0C8FADFEDB50A07F09CFAB04B10EE85
:10417000100A83ED020AFCF797F902460B46B04895
:1041800004F068FAB5E7051D284602F09CFE51ECE4
:10419000100BFCF7D9FCDFEDAB0A00EE100A07F0BC
:1041A000A9FADFEDA20A07F07DFAA14B10EE100A82
:1041B00083ED090AFCF778F902460B46A24804F0A1
:1041C00049FA96E7051D284602F07DFE51EC100BDA
:1041D000FCF7BAFCDFED950A00EE100A07F062FA70
:1041E000934B10EE100A83ED180AFCF75DF90246B6
:1041F0000B46964804F02EFA7BE7051D284602F090
:1042000062FE51EC100BFCF79FFCDFED910A00EE13
:10421000100A07F06FFADFED850A07F043FA844BC6
:1042200010EE100A83ED060AFCF73EF902460B4633
:10423000884804F00FFA5CE7051D284602F043FEAB
:1042400051EC100BFCF780FCDFED830A00EE100A46
:1042500007F028FA764B10EE100A83ED110AFCF7EE
:1042600023F902460B467D4804F0F4F941E7051DA9
:10427000284602F028FE51EC100BFCF765FCDFED40
:10428000780A00EE100A07F035FADFED680A07F049
:1042900009FA674B10EE100A83ED080AFCF704F9DF
:1042A00002460B466F4804F0D5F922E7051D284663
:1042B00002F00CFE6C4B014659606C4804F0CAF9E0
:1042C00017E7051D284602F0FEFD51EC100BFCF728
:1042D0003BFCDFED670A00EE100A07F0E3F9544BF0
:1042E00010EE100A83ED0E0AFCF7DEF802460B46CC
:1042F000604804F0AFF9FCE6051D284602F0E3FD36
:1043000051EC100BFCF720FCDFED5B0A00EE100A0D
:1043100007F0F0F9DFED450A07F0C4F9444B10EE61
:10432000100A83ED030AFCF7BFF802460B46534818
:1043300004F090F9DDE6051D284602F0C7FD4A4B62
:10434000014699604E4804F085F9D2E6051D2846DD
:1043500002F0B9FD51EC100BFCF7F6FBDFED330A70
:1043600000EE100A07F09EF9314BF1EE407A83ED32
:10437000140AC3ED137A10EE100AFCF795F8024602
:104380000B46404804F066F9B3E6051D284602F0E6
:104390009DFD354B0146D9603B4804F05BF9A8E62A
:1043A000051D284602F08FFD51EC100BFCF7CCFBED
:1043B000DFED1E0A00EE100A07F074F91C4BF1EE57
:1043C000407A83ED160AC3ED157A10EE100AFCF759
:1043D0006BF802460B462D4804F03CF989E6051DB2
:1043E000284602F070FD51EC100BFCF7ADFBDFED41
:1043F0000F0A00EE100A07F055F90D4B10EE100AE7
:1044000083ED170AFCF750F802460B46204804F0EB
:1044100021F96EE61F4804F085F9FFF7D3FB00236E
:10442000A38163606B6038BD2CC2000800000000EF
:10443000903B0020A8C100080000FA440000C842D8
:10444000F4C000080000204290C10008F0C100083C
:104450000000044248C100086F12833ABCC1000842
:104460000000164378C100089037002008C10008FA
:1044700017B7D138CCC100080000704234C1000821
:104480001CC1000804C2000860C1000818C200086E
:10449000DCC10008BCC000081B2908B5034643D096
:1044A00002785AB1042A08D10D2943D0027B002A90
:1044B0003ED01044C17001321A7308BD6339172908
:1044C000FBD801A252F821F069450008BB4400085E
:1044D00087450008BB440008BB440008BB440008F3
:1044E000BB440008BB440008BB440008BB440008B0
:1044F00073450008BB440008BB440008BB440008E7
:10450000BB440008BB4400087D450008BB440008CC
:10451000BB440008BB440008BB440008BB4400087F
:10452000BB4400083D45000800224270C27008BD2F
:104530004173C0E7BDE80840FFF7B6BD17489FEDDF
:10454000180A0023C0F8D43000F09EFA1348154B27
:10455000826F1A61FFF7A6FA124BC8B9196912489F
:10456000BDE8084004F076B8012100224170C27015
:1045700008BD022100224170C27008BD0421002242
:104580004170C27008BD052100224170C27008BD93
:10459000064804F0C7F8034BE0E700BF583100209D
:1045A000D1CB0B389037002084C2000854C20008D9
:1045B000B4EEE00AF1EE10FAD8BFB0EE600A704730
:1045C000F4EEC00AF1EE10FAD8BFB0EE600A704700
:1045D000B4EEE00AF1EE10FA07DDB4EEC10AF1EE36
:1045E00010FAD8BFB0EE410A7047F4EEC10AF1EEFE
:1045F00010FAD4BFB0EE410AB0EE600A704700BFB7
:10460000B4EEE00AF1EE10FA07D5B4EEC01AF1EEFE
:1046100010FAD8BFB0EE410A7047B4EEE01AF1EEDE
:1046200010FAD4BFB0EE410AB0EE600A704700BF86
:10463000D1ED007A90ED007A67EEA77AE7EE077A7F
:10464000F1EEE76AF4EEC06AF1EE10FA0DDD27EE46
:10465000007AC7EE267AC0ED007AD1ED007A20EE1E
:10466000270AC0EE267AC1ED007A70470123834005
:10467000013B07EE903A30EE600AF8EEE77A31EE51
:10468000601A67EE807A87EE817AFDEEC77A17EEC0
:10469000900A704707EE900A012370EEC00AF8EE08
:1046A000E77A8B40013B27EEA07A07EE903AF8EECE
:1046B000E77AC7EE276A36EE800A704700B5DFED6D
:1046C0000F0A83B0CDED010A06F04AFCB5EEC00A30
:1046D000F1EE10FA03D5DDED010A30EE200ADFED30
:1046E000087A084B20EE270ABDEEC00A10EE102A09
:1046F00003EB820393ED000A03B000BDDB0FC9405A
:1047000083F9A24260C3000800B5DFED117ADFED46
:10471000110A83B037EEC00ACDED010A06F020FC85
:10472000B5EEC00AF1EE10FA03D5DDED010A30EE68
:10473000200ADFED097A094B20EE270ABDEEC00AF8
:1047400010EE102A03EB820393ED000A03B000BDC4
:10475000DB0FC93FDB0FC94083F9A24260C30008E9
:1047600070B5054684B035480E464FF4004101F05F
:104770006FFD00230393039B3F2B06D800BF039BD1
:1047800001330393039B3F2BF8D940F6010401E06A
:10479000013C3ED02A48022101F05EFF0028F7D0FC
:1047A0002748294601F052FF40F6010401E0013C90
:1047B0003ED02348012101F04FFF0028F7D02048C8
:1047C00001F046FF40F60104308001E0013C32D0A8
:1047D0001B48802101F040FF0128F7D000230293FD
:1047E000029B3F2B4FF000041AD914484FF40041AC
:1047F00001F02CFD00230193019B3F2B06D800BF45
:10480000019B01330193019B3F2BF8D9204604B053
:1048100070BD4FF0FF3400230293029B3F2BE4D87E
:1048200000BF029B01330293029B3F2BF8D9DCE7C8
:104830006FF00104EFE76FF00204ECE700080140BD
:10484000003C0040F0B5064683B008461746FDF729
:10485000B1FA044643F6FF70FDF7ACFA01A905462C
:104860002046FFF77DFF48BB0DF106012846FFF704
:1048700077FF18BBBDF806402046FDF7ABFA431C96
:10488000A6F8E0420BD0023012D0C4F30D043C80F5
:1048900001A92846FFF764FF80B903B0F0BDD6F840
:1048A00000330133C6F800336FF0010003B0F0BDF0
:1048B000D6F804330133C6F80433F5E7D6F8FC32F2
:1048C00001334FF48070C6F8FC32FCF723FC4FF044
:1048D000FF30E2E710B582B00DF1020243F6FC7141
:1048E0000446FFF7AFFFF0B901AA43F6FD71204679
:1048F000FFF7A8FFB8B90DF1060201212046FFF726
:10490000A1FF80B9BDF80630BDF80210BDF8042043
:10491000A4F8EA32A4F8E612A4F8E822012384F805
:10492000DE3202B010BD00234FF0FF30F7E700BFCA
:104930002DE9F04F04464FF000080E4687B043F6CD
:10494000FF70FDF737FA4645A4F8DD82A4F8EC8243
:1049500040F3848001230746CDF8088003939A46EC
:10496000C1460DF116013846FFF7FAFE90BB012E45
:1049700044D04FF0010B00250DF116013846FFF72A
:10498000EFFE48BBBDF8168001904046FDF722FAC5
:10499000431C019AA4F8E082C8F30D0C05F101054F
:1049A0003AD0023054D00BF1010B5E45A4F8E2C2BC
:1049B00084F8DDA2A4F8EC22DED11F2D1ED92046FA
:1049C000FFF788FFB0FA80F0400984F8DE0207B0F4
:1049D000BDE8F08F4FF0000BD4F8FC12B4F8EC22D5
:1049E00084F8DD920BF1010B0131013201235E45A8
:1049F000C4F8FC12A4F8EC220293BCD1039D032D51
:104A00001AD0142000F08CFC6B1C03930023A4F834
:104A1000DD32A4F8EC32A4E7D4F800230132C4F864
:104A200000230BF1010B5E454FF0000584F8DD9289
:104A3000A2D1039D032DE4D1029A002384F8DD3234
:104A40009A4214BF4FF480704020FCF763FBB6E736
:104A5000D4F804230132C4F80423E2E70125032D2E
:104A60004FF014000CD0013500F05AFC4FF0000359
:104A7000032DA4F8DD32A4F8EC824FF01400F2D13B
:104A800000230293D8E700BF70B52DED028B0446DA
:104A900084B043F6FF70B0EE408AFDF78BF9D4F88E
:104AA000F03201330DF10E01C4F8F032FFF758FE79
:104AB000002840F0C380BDF80E300193054618462B
:104AC000FDF788F9019BA4F8E032421C00F0088150
:104AD000023000F0DD80D4F8F422C3F30D06002A82
:104AE00040F0ED80002366F30F03D4ED016A01214D
:104AF00066F31F43B5000A44C4F8E232002384F889
:104B0000DD12C4F8F422A4F8EC32C4ED026A4C229F
:104B100004F10C01656704F11000CDED016A03F0AA
:104B200009FE6B125A1C02F07F0204EB830304EBB4
:104B30008202D3F8DC30D2F8DC209FED7B6ADDED19
:104B4000016AC5F30801D21A01FB02F203EB6223EA
:104B50002B447649A3670A699A1A07EE102ABAEE1F
:104B6000C87AFDEEC77AF8EEE77A37EE677A27EE75
:104B7000067AB5EEC07AF1EE10FA01D537EE067A74
:104B80004A6994ED1A6ADFED6A5A9FED675A84ED1F
:104B9000017A9B1A07EE903AF8EEE77A67EE867A8A
:104BA00067EEA57AFDEEE75AF8EEE55A77EEE57A7C
:104BB00067EE857AF5EEC07AF1EE10FA01D577EE60
:104BC000857A77EE666ADFED5B5AC4ED177AF4EE0C
:104BD000E56AF1EE10FA48DCDFED577AD4F8801080
:104BE00094F8DC22F4EEE76AF1EE10FA4CBF0123F0
:104BF00000230B44C4F88030002A41D007EE903ADD
:104C0000DFED496AF8EEE77A67EEA67A37EE277AA3
:104C1000D4ED166A84ED037AF3EE037A77EE666AD2
:104C200068EE277A86EEA77A26EE076A84ED187A70
:104C300084ED196A04B0BDEC028B70BDD4E9BE21CD
:104C4000B4F8EC3201310132C4E9BE210020013355
:104C500084F8DD02A4F8EC324FF4807004B0BDECAF
:104C6000028BBDE87040FCF755BAD4F8801094F878
:104C7000DC224FF0FF330B44C4F88030002ABDD152
:104C80000123DFED2E7AC4F8802084F8DC32BDE702
:104C9000D4F804330133C4F80433B4F8EC32D4F854
:104CA000F82201339BB201320021022BC4F8F82212
:104CB000A4F8EC3284F8DD12BCD94020CEE7B4F879
:104CC000E4123046FDF794F800F50070B0F5806FFF
:104CD0000CD8B4F8E432B3421DD0D4F8F42201E782
:104CE000D4F800330133C4F80033D6E7B4F8EC321B
:104CF000D4F80813D4F8F82284F8DD5201339BB2BB
:104D000001310132022BC4F80813C4F8F822A4F8C8
:104D1000EC328FD9D1E7D4F80C33D4F8F422013334
:104D2000C4F80C33DEE600BFDB0FC940903700202B
:104D300000008037DB0F4940DB0F49C00000000056
:104D400070B5224D2B6803F51C5310338B4200D9EC
:104D500070BD04460E46416F1D4803F07BFCA16FF9
:104D60001C4803F077FC6068FBF79EFB02460B468D
:104D7000194803F06FFCE068FBF796FB02460B4610
:104D8000164803F067FCE06DFBF78EFB02460B460E
:104D9000134803F05FFCD4F88010124803F05AFC6B
:104DA00094F8DD12104803F055FCD4F8FC120F48BB
:104DB00003F050FCD4F800130D4803F04BFC0D48F1
:104DC000D4F8041303F046FC2E6070BDD83C0020DC
:104DD000ACC20008B8C20008D0C20008E8C200088F
:104DE000FCC2000810C3000820C300082CC3000840
:104DF00038C3000848C3000830B585B001AB83E86C
:104E000007000E4D002401AB93E807002346FEF790
:104E100097F90134B4F5807F45F8040FF3D1084DBC
:104E200001AB93E807002346FEF79EF90134B4F581
:104E3000A07FA5EC010AF3D105B030BD8C3700206E
:104E4000903B002070B586B003AB83E8070003AA4F
:104E500007CA4FF4A073FEF77DF903AA064640F295
:104E6000411307CAFEF776F903AA05464FF4A1736A
:104E700007CAFEF76FF90DF10C0C044640F243131C
:104E80009CE80700FEF766F9054A0192054A009280
:104E90000346224629463046FCF72EFF06B070BD79
:104EA000903B00209037002000B583B00190FEF7C2
:104EB000FDF8019841680022FF23C0E903128382B4
:104EC00003B000BD30B517498BB004461648FCF757
:104ED000E1FC0546E8B1237D012B1ED900210B46DC
:104EE000E268637502EB010E94E8070004AB83E807
:104EF00007000DF1040CCDF814E08CE8070093E8EE
:104F0000070007AB83E8070084E807002046FEF7A8
:104F1000D9F82846A5750BB030BD013303F0010365
:104F2000D902DDE7903B002090370020F0B5837D6B
:104F300083B005462BB9002400232046AB7503B08F
:104F4000F0BD48494848FCF7A5FC0028F3D0454986
:104F50004548464EFCF75CFC0024074656F8043FE3
:104F600095E80700009323460134FEF7B9F8B4F53D
:104F7000807FF3D13B4EB6EC010A234695E807004B
:104F80000134FEF7C5F8B4F5A07FF4D102230093F5
:104F900095E8070040F24113FEF7AEF8009495E85B
:104FA00007004FF4A173FEF7A7F8009795E80700F4
:104FB00040F24313FEF7A0F82A690132009295E807
:104FC00007004FF4A273FEF797F8294B009395E87A
:104FD00007002346FEF790F8234926484FF48062E5
:104FE00003F00EFC1F4924484FF4807203F008FCC4
:104FF00095E80700FFF700FF95E80700FFF722FF9D
:10500000044660B91B4918484FF4806203F0F8FB6E
:10501000194914484FF4807203F0F2FB8BE795E8CE
:1050200007004FF4A273FEF795F82B691149074664
:105030004FF480620C485E1C03F0E2FB0E49094805
:105040004FF4807203F0DCFBB7427FF474AF2B693E
:105050006A7D2A7501332B6120460023AB7503B0AE
:10506000F0BD00BF903B0020903700208C3700201F
:105070004154484EDC3D0020DC3C00202DE9F04F3F
:1050800093B006460DF10C0800274FF0FF0A0CAD57
:1050900009AC0DF1100996E807000DF13C0C8CE805
:1050A0000700F36803EBC723109385E807009CE82B
:1050B000070084E80700FFF79FFE94E80700FFF76A
:1050C000C1FE4FF4A27388F80000834694E80700FD
:1050D000FEF740F849F827000346002F41D0BBF106
:1050E000000F02D0BAF1FF0F54D1059B9DF80D209F
:1050F00004999DF80C00FCF727FE002859DB5FFAA5
:1051000080F8B8F1FF0F54D0B8F1000F56D13549EF
:1051100035484FF4806203F073FB344934484FF450
:10512000807203F06DFBF26886F8148002EBC827EA
:1051300096E8070085E807000D9784E8070095E8E2
:1051400007000FAC84E807000DEB880394E8070024
:105150001B693361012386E80700184613B0BDE8D8
:10516000F08FBBF1000F10D01F491E4801934FF480
:10517000806203F045FB1E491C484FF4807203F027
:105180003FFBBAF1FF0F04D1BA4608F1010801272D
:1051900081E7019B18460DEB8A031969FCF7CEFDE8
:1051A00008B15FFA87FA002F9FD108F101080127A3
:1051B00071E70023184613B0BDE8F08FF26802EBE8
:1051C000C82396E807000DF13C0C8CE8070010930B
:1051D00085E807009CE8070006AF87E80700FFF7AF
:1051E0000BFEA0E7DC3D002090370020DC3C0020D7
:1051F000903B002000238375FDF798BF9DF800C009
:1052000030B949B932B14BB1844508BF0520704768
:105210000120704703207047022070470420704728
:10522000081A904234BF00200120704701207047C7
:1052300008B503F0B3FA162303604FF0FF3008BD42
:1052400008B503F0ABFA16230360FEE770B5161E2F
:1052500007DD0C468D19AFF3008004F8010BA54261
:10526000F9D1304670BD00BF70B5161E07DD0C4683
:105270008D1914F8010BFDF7EFF8A542F9D130466E
:1052800070BD00BF4FF0FF30704700BF4FF40053B8
:105290004B600020704700BF01207047002070471E
:1052A0000C4A08B5136833B118446946884208D8D7
:1052B0001060184608BD084B1360184469468842C0
:1052C000F6D903F06BFA0C2303604FF0FF33184656
:1052D00008BD00BFDC410020384300200D4B0E4AC2
:1052E0001B68A2FB03239B09013BB3F1807F00D322
:1052F000FEE74FF0E02209495361F02081F82300D6
:105300004FF0000C07201023C2F818C0106181F87C
:105310002330704700000020D34D621000ED00E004
:10532000024A10601368002BFCD17047E441002052
:105330000549064A0B6801330B60136813B1136803
:10534000013B1360704700BFE0410020E4410020B2
:10535000014B1868704700BFE0410020704700BF54
:1053600008B50220FBF7D6FEFEE700BF08B5042013
:10537000FBF7D0FEFEE700BF08B50820FBF7CAFE2A
:10538000FEE700BF08B51020FBF7C4FEFEE700BF34
:10539000704700BF704700BF704700BFFFF7C8BF2E
:1053A00070B53D4C3D4884B02246002100F040FCE1
:1053B000206840F20173984205D1A36823F07F432F
:1053C000B3F5002F58D0364D627A217A6B6800937E
:1053D000B2FA82F2B1FA81F1A37A52094909FCF7D3
:1053E000C3FC08B904B070BD2E4A2F492F4B92ED73
:1053F0000E7A91ED111AD2ED117AD3ED180A93EDD0
:10540000030A29792A4821EE071AC0EEA70A80EE7E
:10541000270A21EE271AFCF7EDF825491F4800F06E
:10542000B3FB244803A9FCF7B1FC054688B19DF8FD
:105430000C30FD2B1BD0FE2B06D0FC2BD2D11E48EE
:105440006D21FFF729F8CDE71B487A21FFF724F8F3
:10545000C8E7154E236906F1CC02CDE9003294E885
:105460000F00FCF709F9C6F8B85004B070BD124837
:105470001B21FFF711F8B5E703A904F10B00FCF7B6
:10548000CBFC18B99DF80C30032B01D920689AE7A2
:105490002046FCF705FDA5E7E80100200064004078
:1054A00090370020903B00207834002058310020B5
:1054B000FC010020F301002068340020012110B518
:1054C000174801F0AFF917490B88013343F69722CB
:1054D0009BB2934212D80B80134C2046FDF794FEEA
:1054E0009FED120A1248FFF7CFFA1248FEF718FD97
:1054F000D4F8B4300133C4F8B43010BD0E4B1A7870
:1055000000200880B2FA82F200F18040520900F5D2
:1055100088304FF400511A7000F09CFEDCE700BFA9
:10552000002C0140EA41002078340020D1CB0B3818
:105530005831002068340020E841002008B54FF4BD
:10554000805000F0B1FC0C484FF4805100F088FE10
:1055500000B108BD00F1804000F584304FF40061D7
:1055600000F084FE0028F4D02020FBF7D3FD034B8D
:1055700001229A8008BD00BF000801404C31002084
:1055800008B50749074801F0CFFB00B908BD054839
:1055900001F0B2FBBDE80840C1B20348FEF77CBF92
:1055A00005030500004400406834002008B5154B91
:1055B00098421BD003F5A05398420DD0A3F5C053D9
:1055C00098421DD140F2093000F02AFFBDE80840A2
:1055D00040F2093000F032BF40F20F3000F020FFFF
:1055E000BDE8084040F20F3000F028BF40F20A301A
:1055F00000F016FFBDE8084040F20A3000F01EBF80
:1056000008BD00BF002801408368DB0703D483681E
:1056100043F0010383607047826842F0080200F1A2
:10562000080382601A681107FCD4826842F0040201
:1056300082601A685207FCD4704700BF836843F445
:1056400080738360704700BF064BD3F8042422F4B4
:105650007022C3F80424D3F804240243C3F80424BA
:10566000704700BF0020014001F480738AB11BB174
:10567000436843F4807343604B0503D5436843F4A8
:1056800080634360890715D5836843F00203836014
:1056900070471BB1436823F4807343604A0503D508
:1056A000436823F4806343608B0703D5836823F04A
:1056B00002038360704700BF836819B143F400633D
:1056C0008360704723F400638360704701290ED024
:1056D000022900D07047836B23F440138363013A9F
:1056E000836B120502F440121A4382637047C36A47
:1056F00023F47003C362013AC36A120502F4700214
:105700001A43C262704700BF052900B52ED8D0F8F1
:1057100034C001EB81014FF01F0E0EFA01FE2CEA9E
:105720000E0C02FA01F141EA0C014163092A0DD87D
:10573000016902EB42024FF0070C0CFA02FC21EA6D
:105740000C0103FA02F20A43026100BD112AFCD8DF
:105750000A3AC16802EB42024FF0070C0CFA02FC55
:1057600021EA0C0193400B43C36000BD0B2910D804
:105770000639D0F830C001EB81014FF01F0E0EFA50
:1057800001FE2CEA0E0C02FA01F141EA0C01016360
:10579000CCE70F29CAD80C39D0F82CC001EB810115
:1057A0004FF01F0E0EFA01FE2CEA0E0C02FA01F168
:1057B00041EA0C01C162B9E7D0F838C00331CCF33B
:1057C000015CA1EB0C0101EB81014FF01F0C00B556
:1057D0000CFA01FED0F838C002FA01F12CEA0E0CE6
:1057E00041EA0C01092A81630DD8016902EB4202EA
:1057F0004FF0070C0CFA02FC21EA0C0103FA02F24A
:105800000A43026100BD112AFCD80A3AC16802EBC2
:1058100042024FF0070C0CFA02FC21EA0C01934003
:105820000B43C36000BD00BF01F001035AB11BB1BF
:10583000836843F4801383608A070FD5836843F439
:105840000043836070471BB1836823F48013836037
:105850008B0703D5836823F400438360704700BF40
:1058600001290AD0022900D07047836823F4E0435D
:1058700083608368134383607047836823F46023E5
:105880008360836813438360704700BFCA0703D5F2
:10589000836843F4800383608B0703D5836843F4F4
:1058A00000138360704700BF03290FD8DFE801F0C1
:1058B0000B080502806C80B27047406C80B2704764
:1058C000006C80B27047C06B80B270470020704798
:1058D00003680B4214BF012000207047036823EACD
:1058E00001030360704700BF08B5074B984200D022
:1058F00008BD40F2194000F093FDBDE8084040F2B9
:10590000194000F09BBD00BF0064004029B103288E
:105910002CD8DFE800F00E182103FEE70023C1F8C1
:105920000B30C1F80F308B724B60CB740B810B6066
:105930007047002340F2FF304FF4003248810B8162
:105940000A604B60704700234FF480320B740B6089
:105950004B608B60CA6070470023C1F80B30C1F800
:105960000F308B724B600B810B607047FEE700BFFE
:10597000036823F0020300B503600368844643F024
:1059800001034CF8043B4368DB07864608D44FF616
:10599000FF7301E0013B03D0DCF80020D007F9D50C
:1059A000DEF8040010F0010070D04B788A781B06F6
:1059B000120402F4702203F0407313430A7843EA9E
:1059C0008273CA78120502F4E00213434A89013A4D
:1059D000C2F309021343CEF81C300B79012BDEF819
:1059E00000300CBF43F0800323F08003CEF800307A
:1059F0004B79012BDEF800300CBF43F0400323F05D
:105A00004003CEF800308B79012BDEF800300CBF5C
:105A100043F0200323F02003CEF80030CB79012B94
:105A2000DEF800300CBF43F0100323F01003CEF873
:105A300000300B7A012BDEF800300CBF43F0080376
:105A400023F00803CEF800304B7A012BDEF800304B
:105A50000CBF43F0040323F00403CEF80030DEF85B
:105A6000003023F00103CEF80030DEF80430DA070E
:105A70000DD54FF6FF7000E040B1DCF80030DB07D9
:105A800000F1FF30F8D4003818BF012000BD01201C
:105A900000BD00BF3B494389D1F8002642F0010216
:105AA00000B5C1F80026D1F81CC6B0F80EE00122FE
:105AB0009A402CEA020CC1F81CC6BEF1000F45D179
:105AC000D1F80CC603F100632CEA020CC1F80CC635
:105AD00003F6C843B0F806C04188DB0041EA0C4138
:105AE000B0F804C01960018841EA0C41596083890B
:105AF00024492BBBD1F8043623EA0203C1F804364B
:105B000003892049B3B9D1F8143623EA0203C1F856
:105B10001436037C012B05D11A49D1F81C361343E6
:105B2000C1F81C36174AD2F8003623F00103C2F838
:105B3000003600BDD1F814361343C1F81436E8E737
:105B4000D1F804361343C1F80436D9E7BEF1010F8A
:105B5000CDD1D1F80CC603F100634CEA020CC1F8B8
:105B60000CC603F6C843B0F800C04188DB0041EA28
:105B70000C41B0F804C01960C18841EA0C41596079
:105B8000B5E700BF0060004082685201034605D4BB
:105B90008268120143D51033012000E00020D3F8C1
:105BA000802102F0010210B5C3F8802191F808E0CD
:105BB0004A7A03F5C07CBEF1000F26D04C6842EA59
:105BC000C40242EA0E02D3F880E142EA0E02C3F8B0
:105BD0008021D3F8842122F00F02C3F88421D3F866
:105BE00084E18A7A42EA0E02C3F88421D1F80B20BC
:105BF000C3F88821D1F80F20C3F88C21DCF80030DD
:105C000043F00103CCF8003010BD0C68D3F880E1FC
:105C100042EA445242EA0E02C3F88021D9E7826880
:105C2000D20002D520330220B9E70320704700BF1D
:105C300000EB0113D3F8B0C10CF0040C82F808C0DB
:105C4000BCF1000F47D1D3F8B0C14FEA5C5CC2F899
:105C500000C0D3F8B0C10CF0020C82F809C0D3F830
:105C6000B4C14FEA1C2C82F813C0D3F8B4C10CF0B5
:105C70000F0C82F80AC0D3F8B8C182F80BC0D3F871
:105C8000B8C14FEA1C2C82F80CC0D3F8B8C14FEA57
:105C90001C4C82F80DC0D3F8B8C14FEA1C6C82F8D6
:105CA0000EC0D3F8BCC182F80FC0D3F8BCC14FEA14
:105CB0001C2C82F810C0D3F8BCC14FEA1C4C82F8EF
:105CC00011C0D3F8BC311B0E937459B9C36843F0AB
:105CD0002003C3607047D3F8B0C14FEADC0CC2F8B0
:105CE00004C0B6E7036943F020030361704700BFB7
:105CF00043690B43436170470D4B984215D001EB4C
:105D0000810300EB83030022D3F808C02CF0010CC0
:105D1000C3F808C09A60DA601A615A614268890063
:105D20000F238B401343436070470429E7D9FEE7F4
:105D3000000402401D4B984234D001EB810100EB7E
:105D40008100136810B4036193684361138AC360D0
:105D5000D468536881682343546921F47C512343F8
:105D60000B438360137E012B83680CBF43F0400319
:105D700023F040038360537E012B83680CBF43F004
:105D8000800323F080038360937E2BB1836843F00C
:105D9000100310BC83607047836823F0100310BCAD
:105DA000836070470429C8D9FEE700BF00040240A1
:105DB000074B984208D001EB8101890008300B584D
:105DC00043F020030B5070470429F4D9FEE700BFCD
:105DD00000040240074B984208D001EB8101890082
:105DE00008300B5843F001030B5070470429F4D9D5
:105DF000FEE700BF000402402A4BD3F800C42CEA9F
:105E0000000CC3F800C4D3F804C42CEA000CC3F897
:105E100004C4D3F808C42CEA000CC3F808C4D3F8AF
:105E20000CC42CEA000CC3F80CC449B3012905D0FA
:105E3000012A0BD0022A29D0AAB17047D3F8041442
:105E4000012A41EA0001C3F80414F3D1154BD3F839
:105E5000082422EA0002C3F80824D3F80C240243E1
:105E6000C3F80C2470470F4BD3F808240243C3F83F
:105E70000824D3F80C2422EA0002C3F80C2470474B
:105E8000D3F800140143C3F80014D1E7054BD3F84D
:105E900008240243C3F80824D3F80C240243C3F8AF
:105EA0000C24704700000140014BC3F814047047F4
:105EB000000001400B4B1A69110603D50A490B4A31
:105EC00059605A600A4BB3F8E030B3F5007F07D948
:105ED000044B1A6D120603D50349044A59645A64E7
:105EE000704700BF0020024023016745AB89EFCD1A
:105EF00000F7FF1F074B08491A69B1F8E01042F09C
:105F00008002B1F5007F1A6103D91A6D42F0800258
:105F10001A6570470020024000F7FF1F4B4BB3F893
:105F2000E030B3F5007F6AD9494B4A4A98424A4B60
:105F300026D2D168C90756D4D368D90657D4D368B6
:105F40005B075AD41169444B41F002011161506161
:105F50001069404940F040001061CA68D00738D449
:105F6000CB68DB063DD4C868C0F380004000C0B2F7
:105F7000384A136923F0020313617047013B34D0A0
:105F8000D16CC907FAD4D36CDB0630D4D36C590773
:105F900033D4136D43F0020313655065D3699B0737
:105FA00048BF50612B4A2C4B116D41F040011165E7
:105FB000D16CC9071DD4D36CD80643D4D06CC0F3C0
:105FC00080004000C0B2234A136D23F00203136522
:105FD0007047013B38D0CA68D007FAD4CB68DB06DB
:105FE000C1D50320C4E7013BA3D10420704703209F
:105FF0007047013BDCD10420E5E702207047164BD7
:10600000144AD168C90719D4D368DB06EFD4D36822
:106010005907F2D41169104B41F00201116150612E
:1060200010690C4940F040001061CA68D20797D54A
:10603000013B09D0CA68D207FAD491E7013BE0D10D
:10604000042070470320BEE7042091E700F7FF1FFC
:10605000FFFF0708002002400000FF0F454BB3F888
:10606000E030B3F5007F8C4660D9434B434A9842F9
:10607000434B23D2D168C9074CD4D368D9064DD439
:10608000D3685B0750D411693D4B41F001011161A8
:106090003A49C0F800C0CA68D00731D4CB68DB06E3
:1060A00036D4C868C0F380004000C0B2334A1369D8
:1060B00023F0010313617047013B2DD0D16CC90758
:1060C000FAD4D36CDB0629D4D36C59072CD4116DC8
:1060D0002B4B41F0010111652849C0F800C0CA6C82
:1060E000D2071DD4CB6CD80640D4C86CC0F3800056
:1060F0004000C0B2214A136D23F0010313657047BD
:10610000013B35D0CA68D007FAD4CB68DB06C8D5C6
:106110000320CBE7013BADD104207047032070473B
:10612000013BDCD10420E5E702207047144B134A01
:10613000D168C90716D4D368DB06EFD4D3685907F2
:10614000F2D411690E4B41F0010111610B49C0F805
:1061500000C0CA68D207A1D5013B09D0CA68D207DE
:10616000FAD49BE7013BE3D1042070470320C1E749
:1061700004209BE700F7FF1FFFFF070800200240F5
:106180000000FF0F830903F1804303F5083300F09B
:106190001F001968012282400A431A60704700BF3D
:1061A0002DE9F0430C461D46E306014604F00F06B8
:1061B00002D5042A44D0164300224FF001080F27CD
:1061C00006E0482C08BF08610B600132082A13D092
:1061D00008FA02FC4FEA820E1CEA050007FA0EF9E3
:1061E00006FA0EFEF1D00B68282C23EA09034EEACA
:1061F0000303E6D14861E7E700234FF001080F27CA
:1062000009E0482C08BF0861C1F804E00132102AF7
:1062100003F1040312D008FA02FC1CEA050007FA95
:1062200003F906FA03FEF1D0D1F804C0282C2CEAB9
:10623000090C4EEA0C0EE4D14861E5E7BDE8F083B5
:10624000C36B2B4346F00306C363B5E70161704798
:10625000416170470AB1016170474161704700BFF9
:1062600083680B4214BF012000207047C3680B42B3
:1062700014BF01200020704700281F4B00F4401C71
:10628000B4BFDB695B68BCF5401F00B582B227D0A4
:1062900010F4801F19D14FEA505C4FEA0C1C02FA2F
:1062A0000CFC23EA0C0343F0E0634FEA505C4FEA36
:1062B0000C1C02FA0CF21A43002918BF13460E4AAE
:1062C0000028B4BFD361536000BDC0F3034E4FF04C
:1062D000030C0CFA0EFC23EA0C0343F0E063E4E742
:1062E000DFF814E0DEF804C02CF0E06C23F0E0638B
:1062F000CEF804C0D9E700BF0000014001F003035D
:106300009B000F22032902FA03F200FA03F0134B59
:1063100007D8996821EA02029A609A6802439A6053
:106320007047072907D8D96821EA0202DA60DA68DB
:106330000243DA6070470B2907D8196921EA020283
:106340001A611A6902431A617047596921EA020207
:106350005A615A6902435A61704700BF0000014008
:10636000DFF898C0DCF80C3003F4E063B3F5E06FBD
:1063700036D0DCF80C3003F4E063B3F5C06F1BD00B
:10638000DCF80C3003F4E063B3F5A06F10D0DCF858
:106390000C3003F4E063B3F5806F25D0DCF80C30EB
:1063A00003F4E063B3F5407F22D0134BCCF80C30FC
:1063B00002F00302022302E002F007020323DFF8E7
:1063C00040C0994011430CEB00030901420983F8D6
:1063D000001300F01F00012383404CF82230704767
:1063E00002F00F020423EAE702F001020123E6E7CC
:1063F00000221346E3E700BF0005FA0500ED00E0C8
:1064000000E100E0830903F1804303F5043300F069
:106410001F001968012282400A431A60704700BFBA
:10642000830903F1804303F5043300F01F0019686A
:10643000012282400A431A60704700BF830903F1BA
:10644000804303F5043300F01F001A6801218140E6
:1064500022EA01021A607047174A5368D26A23F091
:10646000805323F4404322F000510B2809D8DFE881
:1064700000F006060606081808180C0C0C0C43EA77
:1064800080330D4A5360D1627047DFF834C042F068
:1064900000510CEA803C084A43EA0C035360D16285
:1064A0007047064A02EA80321343034A43F080539E
:1064B0005360D162704700BF0010024000C0FEFF71
:1064C00000C0FCFF10B5DFF8E4C086469CE80F0072
:1064D00088B008AC04E90F00DCE90401CDE9000153
:1064E000CDE902012D4A536803F00C03082B24D098
:1064F0002B482A4A536851685268C3F303136B440C
:106500001B7C20FA03F3BEF1030F44D8DFE80EF042
:106510000812020AC1F302216944087823FA00F044
:1065200008B010BDC2F3C2226A44107A23FA00F008
:1065300008B010BD184608B010BD5368D90311D477
:10654000184A164B586859685B680C01C0F38340C1
:1065500014D5590018D540F030003F2812D102FB65
:1065600000F0C6E7D36A5A000C4B58BF0C4A5B6870
:1065700048BF0D4A9B03E4D55208E2E75B0006D50D
:1065800040F020000130EAE740F01000FAE70F2861
:10659000F8D00230E3E70020C2E700BF001002405D
:1065A00000127A0000093D00006CDC0290B900087E
:1065B00008B5154B984212D003F57443984204D0A5
:1065C000A3F57843984214D008BD4FF44370FFF709
:1065D00027FFBDE808404FF44370FFF72FBF40F29C
:1065E0000F40FFF71DFFBDE8084040F20F40FFF7E6
:1065F00025BF40F20E40FFF713FFBDE8084040F210
:106600000E40FFF71BBF00BF003C004010B4D1E9B3
:1066100001420B6823431343CA680C69D1E905C1E1
:1066200013432343026843EA0C0302F441520B4331
:1066300013430360C36923F4006310BCC361704754
:10664000036843F040030360704700BFC1607047B8
:10665000C06880B2704700BF83680B4214BF01203E
:106660000020704708B5374B98424CD015D8A3F599
:106670000063984251D039D8B0F1804F22D0A3F5B1
:10668000806398425DD140F20140FFF7C9FEBDE84A
:10669000084040F20140FFF7D1BE2B4B984246D054
:1066A00003F50063984217D0A3F59033984248D180
:1066B00040F20540FFF7B4FEBDE8084040F2054057
:1066C000FFF7BCBE4FF48060FFF7AAFEBDE80840AC
:1066D0004FF48060FFF7B2BE40F20D30FFF7A0FE2E
:1066E000BDE8084040F20D30FFF7A8BE174B9842B6
:1066F00027D140F20340FFF793FEBDE8084040F287
:106700000340FFF79BBE40F20440FFF789FEBDE85F
:10671000084040F20440FFF791BE40F20240FFF70C
:106720007FFEBDE8084040F20240FFF787BE40F21E
:106730000B30FFF775FEBDE8084040F20B30FFF765
:106740007DBE08BD00100040002C0140000C004040
:1067500000234FF6FF72C0E9003382600373704775
:10676000254B0A888262984215D020F44063B3F129
:10677000804F10D0214B98420DD0214B20F48062E5
:1067800010B49A428C68C4622CD1436943F001036F
:1067900010BC4361704703684A8823F070030360AC
:1067A000D0F800C08B8842EA0C02026002681343F2
:1067B00003608B68C3620268CB8822F44072026077
:1067C000D0F800C00C4A43EA0C039042036002D0A8
:1067D0000A4B984201D10B7B0363436943F00103E9
:1067E000436170470268CB8822F4407202600268FD
:1067F00013430360C9E700BF002C0140003401408F
:1068000000100040036843F001030360704700BFBD
:10681000036843F080030360704700BFC3680B4305
:10682000C3607047C9430161704700BF0023036024
:106830004360836083817047B1F802C00B888A8807
:1068400043EA0C03B1F806C013430A8943EA0C0378
:10685000B1F80AC013438A8943EA0C0313439BB27D
:1068600043647047436C01290CBF43F4004323F495
:1068700000434364704700BF0023036043608360AC
:10688000704700BF032929D8DFE811F0AF006C0082
:1068900029000400036A1188B2F804C023F480536D
:1068A0000362C36923F44073C361036A43EA01339B
:1068B0000362036A724923F400530362036A884245
:1068C00043EA0C33036240F0D6804368128923F414
:1068D00080434360436843EA821343607047036A1E
:1068E0001188B2F804C023F480730362C36923F0F3
:1068F0000303C361036A43EA01230362036A604935
:1069000023F400730362036A884243EA0C230362A0
:1069100002D05C4B9842E1D1036AB2F802C0D18840
:1069200023F480630362036A43EA0C230362036A6D
:1069300023F400630362036A43EA012303624368AA
:106940001189528923F480534360436843EA011359
:106950004360436823F400534360436843EA0213EF
:1069600043607047036A1188B2F804C023F0100333
:106970000362836923F440738361036A43EA01136A
:106980000362036A3E4923F020030362036A8842DC
:1069900043EA0C13036202D03A4B98429ED1036A39
:1069A000B2F802C0D18823F040030362036A43EACD
:1069B0000C130362036A23F080030362036A43EA51
:1069C0000113036243681189528923F48063436091
:1069D000436843EA81034360436823F400634360F0
:1069E000436843EA820343607047036A118823F0D7
:1069F00001030362D0F818C093882CF0030CC0F890
:106A000018C0D0F820C041EA0C010162016ADFF829
:106A100070C021F002010162016A604543EA01038E
:106A2000036203D0174B98427FF458AF036A518832
:106A300023F004030362D0F820C0D38841EA0C019C
:106A40000162016A21F008010162016A0B430362DD
:106A50004368118923F480734360D0F804C05389DC
:106A600041EA0C014160426822F4007242604268CF
:106A7000134343607047034B98427FF42FAF24E7E2
:106A8000002C01400034014003290BD8DFE801F05D
:106A90001C130B02C36923F4E043C361C36943EAD7
:106AA0000223C3617047C36923F07003C361C369E4
:106AB0001343C3617047836923F4E04383618369AF
:106AC00043EA022383617047836923F07003836183
:106AD0008369134383617047032904D8DFE801F019
:106AE0000806040202647047C263704782637047FD
:106AF0004263704703290BD8DFE801F01C130B0237
:106B0000C36923F40063C361C36943EA0223C36119
:106B10007047C36923F00803C361C3691343C361AA
:106B20007047836923F400638361836943EA022326
:106B300083617047836923F008038361836913438A
:106B40008361704703290BD8DFE801F01C130B02A7
:106B5000C36923F48063C361C36943EA0223C36149
:106B60007047C36923F00403C361C3691343C3615E
:106B70007047836923F480638361836943EA022356
:106B800083617047836923F004038361836913433E
:106B900083617047436823F07003436043680B438D
:106BA0004360704721B9836843F080038360704776
:106BB000012900D07047836823F080038360704709
:106BC000836823F007038360704700BF08B5234B39
:106BD000984238D010D9224B98422AD003F5684306
:106BE00098421BD140F20E30FFF71AFCBDE8084076
:106BF00040F20E30FFF722BCA3F5006398420ED09E
:106C000003F58063984209D140F21240FFF708FC77
:106C1000BDE8084040F21240FFF710BC08BD40F24A
:106C20001140FFF7FDFBBDE8084040F21140FFF7BF
:106C300005BC40F21440FFF7F3FBBDE8084040F20A
:106C40001440FFF7FBBB40F21340FFF7E9FBBDE840
:106C5000084040F21340FFF7F1BB00BF004C00407A
:106C60000050004000B5174B984283B0024617D041
:106C70000ED9154B984213D003F5684398421ED1A4
:106C8000CDE900010320FFF71DFCDDE900210EE046
:106C9000A3F50063984203D003F5806398420ED1B8
:106CA0000220CDE90021FFF70DFCDDE9002100EB1A
:106CB0005103B3FBF1F39BB2936003B000BD00201E
:106CC000F5E700BF004C004000500040C36843F4AB
:106CD0000053C360704700BFC36823F008030B4331
:106CE000C3607047C36823F004030B43C36070475D
:106CF000C1F30801416070474068C0F30800704765
:106D00008B0901F01F011858C84000F001007047BE
:106D10008A09012352F800C001F01F018B4043EAA9
:106D20000C031350704700BFC1F389128B0D52F84A
:106D300000C01858C1F30442012303FA02F201F023
:106D40001F01024203FA01F314BF0120002013EADD
:106D50000C0F00F0010008BF002070474249434B70
:106D6000D1F8882042F4700282B0C1F888201968F6
:106D700041F0010119605968002041F0800159601B
:106D80000190019B44F61F62934205D8019B013399
:106D90000193019B9342F9D934494B6823F00303D3
:106DA0004B600B6823F084734FF41F0223F480338D
:106DB0000B608A600A68002022F480220A60486022
:106DC000C8620A6842F001024FF4A0630A6001E061
:106DD000013B02D00A689007FAD5244B1A68920743
:106DE00041D5DA69224942F08052DA610A6842F4F8
:106DF00040420A605A685A605A685A605A6842F4B7
:106E000080625A605A6822F0904222F470125A60EE
:106E10005A6842F0036242F480225A601A6842F0D3
:106E200080721A601A689001FCD5114A136843F405
:106E3000803313605368D903FCD513680C4943F4BD
:106E4000003313604B689A03FCD5084A536823F05B
:106E500003035360536843F00203536053681B07F6
:106E6000FCD502B07047FEE700ED00E000100240E4
:106E700000700040DFF834D00D480E490E4A002360
:106E800002E0D458C4500433C4188C42F9D30B4ADE
:106E90000B4C002301E013600432A242FBD3FFF746
:106EA0005DFF01F081FCF9F723FF7047000001202E
:106EB00000000020CC010020E8CF0008CC01002019
:106EC00038430020FEE7002101F016BB0A22002112
:106ED00001F098BB2DE9FF4757EC106B002F0C46D3
:106EE0009146DDF830A019464FF0000203DA07F1B1
:106EF00000431F462D220D9D0A7025F02005462DCA
:106F000004D0452D00D10134022100E0032103AB60
:106F1000019302AB009347EC106B5346224601F0FD
:106F20000FFD472D80461AD119F0010F0ED000EB4E
:106F300004090022002330463946F9F775FD08B1EF
:106F4000CDF80C903022039B4B451ED3039B0E9A29
:106F5000A3EB08034046136004B0BDE8F087462D5C
:106F600000EB0409E5D10378302B0AD1002200237D
:106F700030463946F9F758FD18B9C4F10104CAF88A
:106F80000040DAF800309944D3E7591C03911A7095
:106F9000D9E7F7B50029BABF49422D232B23092988
:106FA000027043702ADD0DF10704871CA6460A26ED
:106FB000A446B1FBF6F506FB15123032632904F145
:106FC000FF340CF8012C2946F2DC3031ACF102021E
:106FD00004F8011C411C144672450AD30DF1090343
:106FE000A3EB0C03A64538BF00233B44181A03B09B
:106FF000F0BD12F8013B01F8013FEDE730233031DD
:107000008370C170031DF1E72DE9F04F8FB00C467E
:10701000DDF8608016461F46054601F0EDFB03686B
:1070200007931846F9F7D4F800230C93D8F80030EA
:1070300094F818A0D4F800B00890073323F00703A1
:10704000B3EC027B8DED047BC8F80030DDE90483EE
:1070500023F0004984ED127B9A4B4FF0FF324046FB
:107060004946F9F713FD70BB964B4FF0FF3240468F
:107070004946F9F7EDFC30BBDDE9040100220023AD
:10708000F9F7DCFC10B12D2384F843308E4A8F4B86
:10709000BAF1470F8CBF90469846032323612BF02B
:1070A000040323604FF00009009733460DAA2146E0
:1070B000284600F0CDF9013040F08C804FF0FF30D1
:1070C0000FB0BDE8F08FDDE9042310461946F9F74B
:1070D000DDFC40B1059B7E4A002BBCBF2D2384F80C
:1070E00043307C4BD4E763685A1C0AF0DF093BD17C
:1070F000062363604BF480620023226003930CAB91
:10710000CDE901A30BAB009361689DED040B0DF17C
:107110002B032846FFF7DEFEB9F1470F0B99804697
:1071200029D1C81C02DB63688B4241DAAAF1020A4A
:107130005FFA8AFA0139524604F150000B91FFF7C9
:1071400028FF0C9A1318012A8146236102DC226869
:10715000D20701D5013323619DF82B30002BA3D03A
:107160002D2384F843309FE7B9F1470FC2D1002B9C
:10717000C0D10123BDE7BAF1650FDBD9BAF1660FC3
:1071800018D1002963680BDD216113B92268D0078B
:1071900002D501330B442361A1654FF00009DBE701
:1071A00013B92268D20701D50233F4E70123F2E7CD
:1071B0004FF0670A0C9B8B4205DC23682161D807DE
:1071C000EAD54B1CE7E70029D4BFC1F10202012236
:1071D0001344E0E723685A0507D423694246314641
:1071E0002846B847013028D168E7BAF1650F40F268
:1071F000DB80D4E9120100220023F9F715FC90B3DB
:10720000354A012331462846B84701303FF456AF8E
:10721000DDE90B38434502DB2368D8070DD5DDE9EE
:10722000072331462846B84701303FF447AF4FF0B7
:10723000000908F1FF38C84509DC23689B0700F105
:107240000481E0680D9B9842B8BF184638E70123D7
:1072500004F11A0231462846B84701303FF42EAFF8
:1072600009F10109E7E70B9B834237DC1A4A012346
:1072700031462846B84701303FF420AFDDE90B39ED
:1072800059EA030302D12368D907D6D5DDE90723DC
:1072900031462846B84701303FF410AF4FF0000A9E
:1072A0000B9B5B42534501DC4B4697E7012304F1FE
:1072B0001A0231462846B84701303FF4FFAE0AF1C2
:1072C000010AEDE7FFFFEF7F64CB000860CB000809
:1072D0006CCB000868CB000870CB0008A36DDDF80C
:1072E00030B05B45A8BF5B46002B049337DC4FF002
:1072F000000904F11A02049BD4F858A0002BACBF7B
:10730000AAEB030353464B4531DC0B9B9B453ADC10
:107310002368DA0737D40B9BABEB0309ABEB0A030B
:107320009945A8BF9946B9F1000F34DC4FF0000829
:107330000B9BB9F1000FABEB0303A8BFA3EB090351
:1073400043457FF77AAF012304F11A0231462846FC
:10735000B84701303FF4B2AE08F10108E8E7049BFA
:10736000424631462846B8470130C0D1A6E601233F
:10737000314628460992B84701303FF49FAE099A3A
:1073800009F10109B7E7DDE9072331462846B84787
:107390000130C0D192E64B4608EB0A02314628463E
:1073A000B8470130C2D189E6DDF830A0BAF1010F4B
:1073B00001DCDB0735D50123424631462846B84774
:1073C00001303FF47BAEDDE9072331462846B8475C
:1073D00001303FF473AED4E91201002200230AF118
:1073E000FF3AF9F721FBC8B9534608F101023146CB
:1073F0002846B84701300DD160E6012304F11A0296
:1074000031462846B84701303FF458AE08F101082C
:10741000D045F2DB4B4604F15002E0E64FF00008A5
:10742000F6E701234246E2E7012304F1190231465F
:107430002846B84701303FF441AE08F10108E3683F
:107440000D995B1A4345EFDCFBE64FF00008F6E7C9
:107450002DE9F047914698468A680B69089E934249
:10746000B8BF1346C9F8003091F8432007460C46D0
:1074700012B10133C9F800302368990642BFD9F828
:1074800000300233C9F80030256815F0060507D131
:1074900004F1190AE368D9F800209B1AAB4229DCF1
:1074A00094F843302268003B18BF012392062ED483
:1074B00004F1430241463846B047013021D02368E9
:1074C000A168226903F00603042B01BFE568D9F81F
:1074D0000030ED1A25EAE57518BF00258B1A2B44FC
:1074E0009142C8BF1D464FF000091A344D451AD1CC
:1074F000002008E00123524641463846B04701309B
:1075000003D14FF0FF30BDE8F0870135C2E7E11845
:107510005A1C302081F84300224494F8451082F828
:1075200043100233C4E70123224641463846B047A0
:107530000130E6D009F10109D8E700002DE9F04358
:1075400098460B7E85B0782B174606460C9A0C465B
:1075500009D8622B01F1430108D8002B00F0DC8030
:10756000582B00F0BD8004F1420539E0A3F163001F
:107570001528F8D801A555F820F000BFD5750008EA
:10758000E9750008677500086775000867750008E9
:1075900067750008E97500086775000867750008D9
:1075A0006775000867750008F97600081576000809
:1075B000A77600086775000867750008217700083E
:1075C000677500081576000867750008677500087C
:1075D000AF7600081368191D1B68116004F142059D
:1075E00084F842300123A8E013682568181D106054
:1075F000280601D51B6803E06A06FBD5B3F9003005
:10760000002B03DA2D225B4284F84320DFF878C197
:107610000A2213E02568106815F0800F50F8043B2B
:1076200002D16D0648BF9BB21060227EDFF858C1C0
:107630006F2A5DD10822002084F843006568A560A8
:10764000002D05DB20681D4320F00400206051D090
:107650000D46B3FBF2F002FB103E9A421CF80EE01E
:1076600005F801ED0346F4D9082A0BD12368DA079F
:1076700008D5236962689A42DEBF302305F8013CD1
:1076800005F1FF35491B2161CDF800803B4603AA77
:1076900021463046FFF7DCFE013053D14FF0FF307A
:1076A00005B0BDE8F083236843F020032360DFF8D2
:1076B000DCC0782384F845302068156810F0800F0E
:1076C00055F8043B03D110F0400F18BF9BB2156072
:1076D000C50744BF40F02000206023B11022AAE774
:1076E000DFF8A4C0E6E7226822F020022260F5E776
:1076F0000A22A0E70D46B7E71368D4F800C0606916
:107700001D1D15601CF0800F1B6801D0186003E080
:107710001CF0400FFAD01880002323610D46B3E718
:107720001368191D11601D68626800212846F8F76A
:10773000FFFC08B1401B606063682361002384F88C
:107740004330A1E723692A4639463046C047013015
:10775000A4D023689B0714D4E068039B9842B8BF69
:1077600018469DE7012304F1190239463046C04707
:10777000013093D00135E36803995B1AAB42F1DC29
:10778000EAE70025F7E700BF72CB000883CB0008CB
:10779000002310B50446C0E90033C0E90433836018
:1077A00081814366C2818361194608225C3000F002
:1077B000DAFF0D4B63620D4BA3620D4BE3620D4B81
:1077C00023630D4B24629C4206D003F1680294426D
:1077D00002D0D0339C4205D104F15800BDE81040DE
:1077E00001F006B810BD00BFE7A8000809A900080D
:1077F00041A9000867A90008EC410020024A03499A
:10780000034800F009BF00BF0400002071AA00086F
:107810008001002041680C4B994210B5044601D00C
:1078200003F026F9A168094B994202D0204603F0E3
:107830001FF9E168064B994204D02046BDE810408C
:1078400003F016B910BD00BFEC41002054420020E7
:10785000BC42002010B50A4B0A4A1A600A480022AE
:107860000421FFF795FF094801220921FFF790FF46
:10787000BDE81040064802221221FFF789BF00BF71
:1078800024430020FD770008EC41002054420020F2
:10789000BC420020014800F0ACBF00BF29430020DB
:1078A000014800F0A7BF00BF2943002010B50446DF
:1078B000FFF7F0FF236A1BB1BDE81040FFF7F0BFF0
:1078C000044B2362044B1B68002BF5D1FFF7C2FF6A
:1078D000F2E700BF157800082443002070B5044685
:1078E0000D4645EC104B164602F0C0FE51EC100B55
:1078F0007EB1C5F30A53C3F16B03002B09DD1B05F1
:1079000003F17F55002405F5401522462B46F8F774
:1079100023FE41EC100B70BD2DE9F04F9FB00E46D9
:107920001792002204901A924FF000084FF00009BD
:1079300019910A782B2A0D4601F101011CD00AD8B1
:107940000D2A05D8082AF3D872B100230B9382E0E0
:10795000202AEDD0F9E72D2A10D10122691C1991B6
:107960000B926A78002A37D1179B1996002B40F0AA
:10797000A88542464B462AE00022EFE700210B9102
:10798000302A40F09D806A7802F0DF02582A5AD1EE
:1079900002930B9B01931AAB0093874A04981BAB8D
:1079A00019A901F009FE10F00F04064605D0062CB7
:1079B00014D10135002319950B93179B002B40F030
:1079C00082850B9B002BD4D0424609F1004343EC47
:1079D000102B1FB0BDE8F08F0D46D1E71A9A3AB1CF
:1079E00035211CA802F03BFF1A99049802F0F2FA24
:1079F000013C042C06D8DFE804F014031E21140017
:107A0000DDE91C89F10548BF49F0004929F0004330
:107A10001B0D1B05002BD0D100F0C0FE22230360FC
:107A2000CBE7DDE91C831B9A23F4801302F2334277
:107A300043EA0259E6E7DFF88891E3E76FF000498F
:107A40004FF0FF38DEE7013519952B78302BFAD04F
:107A5000002BB2D001234FF0000A07932846CDF83F
:107A600038A0D3460A230478A4F13002092A29D980
:107A70005249012200F07FFE002836D00020224625
:107A800006905C460146652A01D0452A16D124B9E4
:107A9000079B03433FF468AF0024199E731C19939E
:107AA00072782B2A7FD02D2A00F083804FF0000CB3
:107AB000A2F13003092B40F2898019960023ACE033
:107AC0000023C8E7BBF1080FDCBF0E9A03FB02429C
:107AD00000F10100D5BF303A03FB0A420E92A2F139
:107AE000300A0BF1010B1990BDE7199B5A1C199232
:107AF0005A78BBF1000F3BD006905C46A2F13003F0
:107B0000092B11D90121BEE7199B5A1C19925A78E9
:107B10000130302AF8D0A2F13103082B00F2D884CA
:107B20000690199D00200446303A00F1010319D057
:107B30000699059419440691A4464FF00A0E0CF1DB
:107B40000107391B8B4215DC059920EAE0700144DE
:107B50000134082904441CDC0E990A2303FB012389
:107B60000E930023199A511C199152781846C5E7B3
:107B70005846CEE7BCF1080F05DC0E990EFB01F16B
:107B80000E91BC46DBE70AFB0EFC102FD8BFE24685
:107B9000F7E70F29DCBF0A2303FB0A2AE1E70023EA
:107BA0000693012174E74FF0000CB31C1993B278CF
:107BB0007EE74FF0010CF8E760CD000894CB000899
:107BC0000000F07F199B5A1C19925A78302AF9D07C
:107BD000A2F13103082B3FF671AFDDF864E0CDF878
:107BE00014E0A2F130030A93059B013319931A782C
:107BF0000593A2F13007092F3BD9A3EB0E03082B05
:107C000044F61F633DDC0A9F9F42A8BF1F460597AD
:107C1000BCF1000F02D0059B5B420593002C51D1B3
:107C2000079B03437FF4C9AE00297FF49DAE692A08
:107C30002BD028DC492A28D04E2A7FF495AE9F49C4
:107C400019A801F0D7FE00283FF48EAE199B1B78CF
:107C5000282B31D19A491CAA19A801F0E0FE052869
:107C60002AD11D9BDDF8708043F0FF4949F4E009FB
:107C7000A3E60A9B0A2707FB0327A7F130020A9213
:107C8000B2E70593C4E76E2AD7E78E4919A801F039
:107C9000B1FE00283FF468AE199B8B49013B19A83F
:107CA000199301F0A7FE10B9199B01331993DFF85E
:107CB00028924FF0000880E6844800F0B1FD59ECAE
:107CC000108B7AE6DDE905320E989B1ABBF1000FA6
:107CD00008BFA346102C0A932646A8BF1026F8F723
:107CE000C1FB092C8046894613DC0A9B002B3FF41C
:107CF00064AE0A9B6FDD162B56DC754901EBC301A0
:107D0000D1E9000142464B46F8F726FC80468946F9
:107D100053E66F4B03EBC60353E91223F8F71CFC41
:107D2000804650468946F8F79DFB02460B46404682
:107D30004946F8F75BFA0F2C80468946D5DD0A9B49
:107D4000A4EB060A9A44BAF1000F40F392802AF09D
:107D50000F061AF00F0A4DD1B6F59A7F5ADC494644
:107D6000DFF87091361140460027012E76D1A1F13F
:107D70005479584901EBC70102464B46D1E900014D
:107D8000F8F7EAFB544B0A460B4054498B428046B5
:107D900040D8A1F580118B4286BFDFF844914FF0A7
:107DA000FF3802F1547932E00A9AC4F12503934274
:107DB000C5DB474DC4F10F0405EBC40142464B46F9
:107DC000D1E90001F8F7C8FB0A9B1C1B05EBC405B1
:107DD000D5E9002398E71633B1DBDDE905239A1ACC
:107DE0003B4B03EBC203D3E9002340464946F8F777
:107DF000DDFC8BE7364901EBCA0142464B46D1E92F
:107E00000001F8F7A9FB80468946002EA4D1002383
:107E100007939BE0002405940E940694049ADFF8DF
:107E2000B890222313604FF000080E9B002B3FF404
:107E3000C4AD1A99049802F0CDF80699049802F09E
:107E4000C9F8DDE9040102F0C5F80E99049802F0C2
:107E5000C1F80498214602F0BDF8AEE5F20703D55B
:107E6000D9E90023F8F778FB0137761009F1080902
:107E70007BE7CCD0CAF1000A4FEA2A161AF00F0AA3
:107E80000DD11F2E2EDD002405940E940694049A25
:107E900022234FF000084FF000091360C5E70C4B98
:107EA00003EBCA0340464946D3E90023F8F77EFCBA
:107EB00080468946002EAAD0E3E700BF6DCB0008BC
:107EC0004CCD000865CB0008A1CB00084BCD0008C5
:107ED000D8CE0008B0CE00080000F07F0000A07CE3
:107EE000FFFFEF7F16F0100318BF6A23754F07934B
:107EF00040464946F30703D5D7E90023F8F72CFBA2
:107F0000761007F10807F5D1079B80468946ABB18B
:107F1000C1F30A52C2F16B03002B0F460EDD1F2B7B
:107F200055DD342BDEBF4FF0FF33C2F14B029340DF
:107F3000B046CCBF4FF05C7903EA01090022002370
:107F400040464946F8F770FD00289CD10E9B0093EF
:107F5000049823465A46294602F0A4F80E900028B9
:107F60003FF458AFDDE905239B1A0A9A002AA8BFFF
:107F700000231493002422EAE273169305940E9BC7
:107F80000498596801F0E8FF069000283FF446AFD6
:107F90000E9B1A69023203F10C0192000C3000F0C2
:107FA0002FFC49EC108B04981CAA1BA9CDE90C8965
:107FB00002F0CCFB1A9000283FF430AF0498012166
:107FC00002F006F90590034640B9059326E74FF005
:107FD000FF3202FA03F303EA0008AFE71B9D079A9A
:107FE000002DABBF149B169B169E149FACBFEF18C1
:107FF0005E1B1C9BAD1A1D44334A013D9542C3F1E3
:10800000360354DA3149521B8D42A3EB02034FF081
:10801000010140DB01FA02FA002507EB030B1E44C5
:10802000079B5F451E443B46A8BF5B46B342A8BFC3
:108030003346002BC2BFABEB030BF61AFF1A149B9F
:10804000002B18DD1A46DDE9040102F08DF90590D8
:1080500003460028B9D001461A9A049802F0CEF8D7
:10806000034600283FF4DAAE1A9904980F9301F002
:10807000B1FF0F9B1A93BBF1000F1ADC0A9B002B78
:1080800026DD169A0699049802F06EF906900346CA
:10809000F0B90693C2E6C5F17F4505F57F0505F504
:1080A0007B45E23501FA05F54FF0010AB5E70025F9
:1080B000FAE71A9904985A4602F0B2F91A90002881
:1080C000DCD1ABE678CD000802FCFFFFE3FBFFFF4D
:1080D000002E08DD06990498324602F0A1F90690B8
:1080E00003460028D5D0002F08DDDDE904013A461B
:1080F00002F096F9059000283FF490AE069A1A997E
:10810000049802F01BFA044600283FF487AEC368C7
:108110000F9300230599C36002F0F4F900283CDABC
:108120000F9B53EA08035FD1C9F313034E46002B9C
:108130005AD129F000431B0D1B05B3F1D66F53D95B
:10814000636913B92369012B4EDD2146012204988E
:1081500002F066F90599044602F0D4F9002843DDDF
:10816000AD4B079A3340002A5DD0B3F1D66F5AD891
:10817000B3F15C7F7FF68BAEA84B404649460022A8
:10818000F8F7EAF9A44B0B4080468946002B7FF4B0
:1081900050AE049A222313604BE64E4660D10F9AEC
:1081A000C9F313034AB39E4A934229D1079B414620
:1081B000F3B1994B09EA0303B3F1D46F4FF0FF32E7
:1081C00019D81B0DC3F16B0302FA03F3994217D1BF
:1081D000944B9E4202D101313FF420AE8E4B33408E
:1081E00003F580194FF00008079B002BC4D120E64F
:1081F0004FF0FF33EAE71346E8E753EA0803AFD04E
:10820000D5B13542F0D00F9B079A40464946B3B1ED
:10821000FFF764FBDDE90C0153EC102BF7F7E6FFE9
:1082200080468946E0E7A3F580136FEA13596FEAA9
:1082300009594FF0FF38D7E71AEA080FE2E7FFF7CE
:108240004DFBDDE90C0153EC102BF7F7CDFF0022BD
:10825000002380468946F8F7E7FB0028C4D016E6DD
:108260000599204602F0CAFA5BEC10AB00224FF0F1
:10827000804350465946F8F7EBFB002872D00F9B1D
:10828000002B7DD1B8F1000F58D1C9F31303002B97
:108290005AD1654B002250465946F8F7CFFB0028CB
:1082A0005BD150465946614B0022F8F755F982469A
:1082B0008B460BF10043CDF820A00993DDE908239C
:1082C000554DCDE9102306EA05031593584B06EAF0
:1082D00005029A4240F0B080A6F1547949EC108B27
:1082E00002F0C4F9DDE9082351EC100BF8F734F97A
:1082F00042464B46F7F77AFF4E4A0D40954280467C
:1083000045D90D9A474B9A4203D10C9B01333FF458
:1083100085ADDFF810914FF0FF381A99049801F0FD
:1083200059FE0699049801F055FEDDE9040101F0BB
:1083300051FE0498214601F04DFE20E6B8F1010FF0
:1083400002D1002E3FF4A3AD9FED2B7BDFF8D8B018
:108350008DED087B4FF0000AB0E7DFF8D0B04FF0AA
:10836000000AA6E7314B504659460022F8F7F4F8C8
:108370000F9B82468B46002B9BD0CDE908AB9DE737
:108380009FED1F7B8DED087B5BEC17AB96E701F152
:108390005479079B002BC0D1159A29F000431B0D7F
:1083A000B2EB035FB9D15046594603F02DFAF8F706
:1083B000A5F802460B4650465946F7F715FF0F9AA7
:1083C000C9F3130343EA0803134306460F4672D06A
:1083D0000DA3D3E90023F8F731FB00287FF429AD82
:1083E0000BA3D3E9002330463946F8F745FB0028B4
:1083F00093D01EE5AFF30080000000000000F0BF46
:10840000000000000000F03F9535A094FFFFDF3F23
:1084100035E5AF350000E03F0000F07F0000503947
:10842000FFFF0F00FFFFEF7F0000F03F0000E03F85
:108430000000E07FFFFF9F7C079B33B3159BB3F1E8
:10844000D46F22D828A3D3E9002350465946F8F721
:10845000FFFAA0B159465046F8F756FB012838BF3D
:108460000120F7F7FFFF0F9B82468B4603BB01F10C
:10847000004312901393DDE91223CDE91023119BE1
:10848000159A03F1D6639B1A11939DED0C0BDDE950
:10849000106702F0EBF8304653EC102B3946F8F732
:1084A0005BF8DDE90C23F7F7A1FE8046894670E70B
:1084B000CDE912ABDFE70EA3D3E90023F8F7BEFA4C
:1084C00095E700230B93179A199B1360FFF779BA6E
:1084D000652A3FF464AB452A3FF461AB0121FFF705
:1084E0009FBB00BFAFF300800000C0FFFFFFDF4174
:1084F0009535A094FFFFCF3F0A4601460248034B43
:108500000068FFF709BA00BF7C01002010000020BE
:10851000242B2DE9F047884601D8012B06D100F025
:108520003DF9162303600020BDE8F087344E0D4668
:10853000294615F8014B375D17F00807F8D12D2CA7
:1085400010D12C7801278D1C33F0100115D1302C5F
:108550000DD1297801F0DF01582908D16C78023556
:1085600010230AE02B2C04BF2C788D1CECE7002B89
:10857000F6D1302C14BF0A23082307F1004E0EF168
:10858000FF3E0021BEFBF3F90E4603FB19EAA4F1FE
:10859000300CBCF1090F10D86446A3421EDDB1F1C6
:1085A000FF3F07D0B14516D301D1A24513DB06FB2F
:1085B0000346012115F8014BE9E7A4F1410CBCF198
:1085C000190F01D8373CE8E7A4F1610CBCF1190F91
:1085D00004D8573CE1E74FF0FF31EBE74B1C05D1E6
:1085E00022230360764632B930469DE707B17642D2
:1085F000002AF9D009B105F1FF38C2F80080F3E78D
:10860000A1CD000813460A46014602480068FFF75C
:108610007FBF00BF7C0100202DE9F84380468946DA
:1086200014460026D4E90175013F05D52468002CC5
:10863000F8D13046BDE8F883AB89012B07D9B5F9ED
:108640000E30013303D029464046C84706436835FB
:10865000EAE700000FB407B5064904AB086853F811
:10866000042B8168019301F057FB03B05DF804EB24
:1086700004B070477C010020036A70B58468054629
:108680000E460BB9FFF712F9636EDB0705D4A38919
:10869000980502D4A06D00F0ACF8A389190702D5A3
:1086A0002369002B35D12146284602F047FA80B3D2
:1086B0004FF0FF35636EDA0705D4A3899B0502D41A
:1086C000A06D00F097F8284670BD002B04DAA2696F
:1086D000934217DB0A2915D023685A1C22601970AF
:1086E000A36816F8011F013BA3600029EDD18B425E
:1086F00011DA22460A21284602F0E2F90130D7D0E9
:108700000A25D7E72246284602F0DAF90130E7D1F8
:10871000CEE7013EE4E723685A1C22600A221A7061
:10872000EEE70000024B01461868FFF7A5BF00BF47
:108730007C010020884210B501EB020402D984427A
:10874000234607D8431EA14207D011F8012B03F896
:10875000012FF8E70244824200D110BD13F8011D39
:1087600002F8011DF7E702440346934200D1704727
:1087700003F8011BF9E710B56AB1013984180278D2
:1087800011F8013F9A4204D10130A04201D0002AE1
:10879000F5D1D01A10BD1046FCE70000014B186857
:1087A000704700BF7C01002070B50D4B0D4C0026BA
:1087B0001D1BB6EBA50F09D103F05CF80A4C0B4B5F
:1087C00000261D1BB6EBA50F05D170BD54F8043B68
:1087D00098470136EDE754F8043B98470136F1E736
:1087E000E0CF0008E0CF0008E0CF0008E4CF0008A9
:1087F0007047704770470000004870470001002034
:108800000A44914200F1FF3300D1704710B511F8CE
:10881000014B03F8014F9142F9D110BD0000000057
:108820009FED010B704700BF000000000000F87FC3
:108830002DE9F74F03690C69A34280467EDB013CBA
:1088400001F11407A30000F11405009305EB840364
:10885000019357F8243055F8242001339A4207EB4E
:108860008409B2FBF3F62ED34FF0000ABC46AE46A5
:10887000D3465CF8043B98B206FB00A0020C1B0C2C
:1088800006FB0323DEF8002080B292B2121A5A448B
:10889000DEF800004FEA134A9BB2C3EB224303EB1E
:1088A000104392B242EA0342E1454EF8042B4FEAEC
:1088B000234BDED2009BEB582BB9019B1A1F95422C
:1088C00030D3C8F81040404601F01CFE002825DBDC
:1088D00001362946002057F8042BD1F800C01FFAB2
:1088E00082FE1FFA8CF3A3EB0E030344120CC2EBBF
:1088F000234202EB1C429BB243EA0243B94541F8D2
:10890000043B4FEA2240E6D255F8242005EB8403CD
:1089100022B9043B9D420BD3C8F81040304603B047
:10892000BDE8F08F1368002BCBD1043A013CC6E7B9
:108930001A68002AF0D1043B013CEBE70020EEE787
:108940002DE9F04F99B08DED0E0B0C92C269229C6F
:108950000A9157EC106B8146139382B9102001F0F5
:10896000FBF80246C9F81C0020B9A94BEF21A94821
:1089700002F01AFA0023C0E901330360C3601168F2
:1089800059B152684A60012393408B60484601F018
:1089900021FBD9F81C3000221A60B7F10008B5BFDE
:1089A00001230023236023609B4BBCBF28F00048B9
:1089B000CDF83C8033EA08031AD1139AC8F31308A0
:1089C00042F20F7358EA0608136000F06185239B9A
:1089D00053B9924B21E0924B00930833239A1360D2
:1089E000009819B0BDE8F08F8C4B00930333F5E786
:1089F0009DED0E7B002251EC170B00238DED067BC5
:108A0000F8F712F8824650B1139A01231360239BA2
:108A100013B1239A834B1360834B0093E0E79DEDE2
:108A2000060B16AA17A9484601F090FE5FEA1854F3
:108A3000169D019079D0079BCDF850A0C3F3130386
:108A4000DDE9060143F07F5343F44013A4F2FF3401
:108A500019460022754BF7F7C7FB67A3D3E900233C
:108A6000F7F77AFD66A3D3E90023F7F7BFFB0646C5
:108A700020460F46F7F706FD63A3D3E90023F7F777
:108A80006BFD02460B4630463946F7F7AFFB06460C
:108A90000F46F8F711F80022804600233046394689
:108AA000F7F7CCFF48B14046F7F7ECFC32463B46BF
:108AB000F7F7BAFF08B908F1FF38B8F1160F51D827
:108AC0005B4B03EBC803D3E90023DDE90601F7F7AD
:108AD000B5FF002848D008F1FF38002312932D1B62
:108AE0006B1E089343BF0023C5F1010708930027BD
:108AF000B8F1000F3ADB089BCDF83480434408936B
:108B0000002309930A9B092B62D8052BC4BF043BA1
:108B10000A930A9BA3F10203CCBF00240124032B78
:108B200062D8DFE803F05153362B179C2C4404F233
:108B30003243202BC1BFC3F1400308FA03F804F20B
:108B4000124326FA03F3D6BFC3F1200348EA030019
:108B500006FA03F0F7F786FC0122A1F1F873013C55
:108B6000149275E70123B9E71290B8E7C8F1000342
:108B700009930023A7EB08070D93C3E701230B9389
:108B80000C9B434405930133012B0493B8BF01238D
:108B900006E001230B930C9B002B28DDCDE9043369
:108BA000D9F81C000021042202F114059D4243D98A
:108BB0004160484601F0D0F9009000283FD11D4B9C
:108BC000024640F2AF11D2E60023E3E70023D6E7E6
:108BD00001240023CDE90A344FF0FF330022CDE910
:108BE00004330C921223DBE701230B93F4E70123F8
:108BF000CDE904330C93D3E761436F63A787D23F7A
:108C0000B3C8608B288AC63FFB799F501344D33F7B
:108C1000ABCB0008C2CB00080000F07FA7CB000858
:108C20009ECB000871CB000870CB00080000F83F15
:108C3000D8CE000823CC000801315200B4E7D9F89F
:108C40001C30009A1A60049B0E2B75D8002C73D030
:108C5000B8F1000F40F3C4809F4B08F00F0203EB04
:108C6000C20318F4807FD3E900AB4FEA281500F067
:108C7000A3809A4BDDE90601D3E90823F7F796FDB7
:108C8000CDE9020105F00F050324944E002D40F0BC
:108C9000998052465B46DDE90201F7F787FD82467F
:108CA0008B46129B002B00F0C3808D4B0022504658
:108CB0005946F7F7C3FE002800F0BA80049B002B4A
:108CC00000F0B680059B002B36DD08F1FF330293E0
:108CD00050465946834B0022F7F73EFC059E8246DC
:108CE0008B4601342046F7F7CDFB52465B46F7F73B
:108CF00033FC7D4B0022F7F779FA0446A1F1507559
:108D0000CDE91045002E40F09780784B0022504668
:108D10005946F7F769FA22462B4682468B46F7F703
:108D2000ABFE002840F0BD82224605F100435046CC
:108D30005946F7F783FE20BB179B002BC0F28D81AD
:108D4000B8F10E0F00F38981634B03EBC803D3E93D
:108D500000AB0C9B002B80F21B81049B002B00F3CB
:108D600017810ED1614B002250465946F7F7F4FBAC
:108D700002460B46DDE90601F7F76AFE002800F01F
:108D8000938200252C460C9B009EDB4302932746D2
:108D900000242946484601F01DF9002F00F0EE801E
:108DA0002CB1BC4203D02146484601F013F93946A4
:108DB000484601F00FF9E1E09DED067B02248DEDC0
:108DC000027B62E7E90708D550465946D6E90023F9
:108DD000F7F7C2FB013482468B466D10083655E723
:108DE00022D0C8F100053C4B3C4E05F00F0203EBCE
:108DF000C203D3E90023DDE90601F7F7ADFB2D112E
:108E000082468B460224002D3FF44BAFEA0708D57B
:108E100050465946D6E90023F7F79EFB01348246B7
:108E20008B466D100836EEE7DDE906AB022438E725
:108E3000049ECDF8088055E7274B03EBC60353E9A2
:108E400002010B9B002B55D002460B4600202849FF
:108E5000F7F7ACFCDDE91023F7F7C6F9009BCDE985
:108E600010019D191E4659465046F7F725FE00F1A0
:108E70003004F7F707FB02460B4650465946F7F712
:108E8000B3F9DDE9102306F8014B82468B46F7F76C
:108E9000D5FD002872D152465B4611490020F7F7F4
:108EA000A3F9DDE91023F7F7C9FD002840F0B680EB
:108EB000AE423FF441AFDDE910010A4B0022F7F763
:108EC0004BFB084BCDE91001002250465946F7F7FD
:108ED00043FB82468B46C6E7D8CE0008B0CE0008DA
:108EE0000000F03F0000244000001C40000014403F
:108EF0000000E03FDDE91023F7F72EFB009B009C0C
:108F0000CDE910013344159359465046F7F7D4FD87
:108F100000F13005F7F7B6FA0B46024659465046BF
:108F2000F7F762F904F8015B159B9C4282468B4679
:108F300027D1009B0022DDE910011E44AA4BF7F760
:108F400055F902460B4650465946F7F795FD00285D
:108F500064D1DDE91023A4490020F7F745F9024662
:108F60000B4650465946F7F769FD00283FF4E4AE3A
:108F7000334616F8012D302AFAD01E46DDF8088057
:108F80003AE09A4B0022F7F7E7FA82468B46BBE7B6
:108F9000009E52465B46DDE90601F7F707FCF7F74E
:108FA0008BFD0746F7F76EFA52465B46F7F7D4FAA1
:108FB00002460B46DDE90601F7F716F907F1300C1A
:108FC000009C06F801CBA6EB040C049C6445024609
:108FD0000B4633D1F7F70AF952465B4604460D4675
:108FE000F7F74AFDC0B952465B4620462946F7F7D7
:108FF0001BFD08B1FB070FD40199484600F0EAFFBA
:109000000023139A337008F101031360239B002B94
:109010003FF4E6AC1E60E3E4CDF8088033461E461C
:1090200013F8012D392A06D1009A9A42F7D1029AF3
:1090300001320292302201321A709FE76B4B0022FC
:10904000F7F78AFA02460B46CDE9062300220023F1
:10905000F7F7EAFC00289CD0CEE70B9A002A00F034
:10906000DF800A9A012A00F3C380149A002A00F0D4
:10907000B78003F23343099D3E46089A01211A4402
:1090800048461F44089201F0A3F8044656B1089BD5
:10909000002B07DDB342089AA8BF3346FF1AF61A21
:1090A000D31A0893099B0BB30B9B002B00F0BF80D6
:1090B000002D00F0B98021462A46484601F054F9B7
:1090C000019A01460446484601F098F80199824603
:1090D000484600F07FFF099B5B1B099300F0AA80C4
:1090E000099A5146484601F03FF90190012148464E
:1090F00001F06EF80D9B0546002B00F0D0811A465A
:109100000146484601F030F90A9B012B054600F361
:1091100099800E9B002B40F090800F9BC3F31303AC
:10912000002B40F08A800F9B23F000431B0D1B0592
:10913000002B00F08580089B0133013708934FF026
:10914000010A0D9B002B00F0B0812B6905EB830316
:10915000186900F0F1FFC0F12000089B184410F0DE
:109160001F0076D01B2870DCC0F11C0007440644A9
:1091700003440893002F05DD01993A46484601F063
:109180004FF90190089B002B05DD29461A464846F9
:1091900001F046F90546129B002B5FD00198294645
:1091A00001F0B0F9002859DA08F1FF330293019970
:1091B00000230A22484600F02FFF0B9B0190002B52
:1091C00000F07581002321460A22484600F024FF62
:1091D000059B002B044671DC0A9B022B47DC6DE0EB
:1091E000169BC3F1360346E70000E03F0000244031
:1091F000049B5D1E099BAB4208DB5D1B049B002B9F
:10920000BFF63AAF049BFE1A002336E7099B0D9A7E
:109210000995EB1A1A440D92049B3E4600252CE753
:10922000099D0B9C3E4631E7DDF804A058E7099AFA
:10923000019957E7CDF804A058E74FF0000A80E7FE
:109240009A467EE74FF0000A7FE71C2892D0C0F1D3
:1092500020001C30089B0744064489E7049BCDF896
:109260000880002B24DC05930A9B022B22DD059B42
:10927000002B7FF488AD2946059B0522484600F067
:10928000CBFE01460546019801F03CF900287FF726
:109290007AAD009E312306F8013B029B0133029315
:1092A00075E535462C46F4E7049DCDF80880F9E7CE
:1092B000049B05930B9B002B00F0FD80002E05DD29
:1092C00021463246484601F0ABF80446BAF1000F99
:1092D00058D06168484600F03FFE064628B9814BE9
:1092E000024640F2EF21FFF742BB226902329200B0
:1092F00004F10C010C30FFF783FA01223146484695
:1093000001F08EF80746009B009A03F10108059BC7
:10931000134406930E9B03F001030893294601981A
:10932000FFF786FA2146049000F1300B019801F016
:10933000E9F83A4605902946484601F0FFF8C26828
:1093400008F1FF3A0646FAB90146019801F0DAF849
:10935000024631464846099200F03CFEDDE9092309
:1093600042EA0301089B194346460FD1BBF1390F6E
:1093700028D0059B002B02DD049B03F1310B8AF8FA
:1093800000B006E52746BEE70122E2E7059B002B79
:1093900004DB0A990B4308990B4320D1002AEEDD28
:1093A00001990122484601F03BF82946019001F05D
:1093B000A9F8002803DCE2D11BF0010FDFD0BBF1DC
:1093C000390FD9D139238AF8003033461E46013B84
:1093D00016F8012C392A52D001321A70D9E4002A29
:1093E00007DDBBF1390FEDD00BF101038AF8003036
:1093F000CFE4069B08F801BC43452AD0019900231D
:109400000A22484600F008FEBC4201904FF00003DB
:109410004FF00A022146484606D100F0FDFD044601
:10942000074608F1010879E700F0F6FD39460446E1
:1094300000230A22484600F0EFFD0746F1E7059BAE
:109440005E1E002B009BD8BF00265A1C27461644E0
:10945000002401990122484600F0E2FF29460190CC
:1094600001F050F80028B0DC02D11BF0010FACD1A4
:1094700033461E4613F8012D302AFAD089E4009AAB
:109480009A42A3D1029B013302933123137080E4EB
:10949000239B002B7FF49FAA134BFFF7BEBA0A9BB6
:1094A000012B7FF736AEDDF834A0012055E6059B91
:1094B000002B7FF7D9AE009E01982946FFF7B8F937
:1094C00000F1300B009B06F801BBF21A059B93429A
:1094D000B5DD019900230A22484600F09DFD019068
:1094E000EAE700BF23CC00089ECB00080369B3EB7A
:1094F000611F2DE9F0434FEA611200F1140443DDCE
:1095000011F01F0104EB830C04EB82050CD100F178
:1095100010062946614532D39B1A9B00033DAC459A
:1095200038BF0023234414E054F82260C1F120081E
:10953000CE4005F1040EA146F44515D89A1A9200C2
:10954000043A0135AC4538BF0022A318A65006B135
:1095500004331A1BA3424FEAA20208BF0023026190
:1095600008BF4361BDE8F083DEF8007007FA08F732
:10957000374349F8047B5EF8046BCE40DCE751F8D2
:10958000047B46F8047FC5E72346E2E7A0F13003F9
:10959000092B02D82038C0B27047A0F16103052B17
:1095A00001D84738F7E7A0F14103052B01D8273848
:1095B000F1E70020704700002DE9F04F85B00F461D
:1095C00002930B68019091469C1C20783028A0469D
:1095D00004F10104F9D0A8EB0303A3F1020BFFF798
:1095E000D5FF8246002838D19F4901224046FFF727
:1095F000C2F80546002863D198F801002646FFF717
:10960000C5FF00285ED020783028A04604F1010470
:10961000F9D0FFF7BBFFB0FA80F4640935464FF08C
:10962000010BC24656460AF1010A3078FFF7AEFF39
:109630000028F7D18C4901223046FFF79CF878B911
:1096400045B9554656460AF1010A3078FFF79EFFA4
:109650000028F7D1AD1BAD0004E000242546E0E76B
:10966000002DF7D1337803F0DF03502B37D1737817
:109670002B2B29D02D2B2BD0711C4FF0000A0878F2
:10968000FFF784FF431EDBB2182B28D8A0F110028D
:1096900011F8010FFFF77AFF431EDBB2182B1AD91E
:1096A000BAF1000F00D0524215443960CCB1BBF181
:1096B000000F0CBF06270027384605B0BDE8F08F25
:1096C000464655460124CDE74FF0000AB11CD6E7C7
:1096D0004FF0010AFAE70A2303FB0200D6E73146FE
:1096E000E3E7A6EB0803013B2146072B0ADC0198C0
:1096F00000F032FC044640B95C4B0246E4215C4871
:1097000001F052FB01315B10EFE700F1140A002376
:1097100057469B46B04537D347F804BBA7EB0A072B
:10972000BB102361584600F007FDD9F80060C0EB7C
:10973000C707B74254DDBF1B3946204601F0B2F8D7
:10974000804678B17B1E591103F01F025AF8211090
:109750004FF0010808FA02F20A4203D0434536DC12
:109760004FF0020839462046FFF7C0FE3D44D9F8C5
:109770000830AB4242DA0198214600F02BFC0E9AE9
:1097800000231360A32797E716F8012D2E2A12D085
:10979000202B04D147F804BB4FF0000B5B46307818
:1097A0000393FFF7F3FE039B00F00F0098404BEA92
:1097B000000B0433AEE7B045EAD82B4903930122EE
:1097C0003046FEF7D8FF039B0028E1D1A2E7B91E7F
:1097D000204601F067F80028C2D04FF00308C1E727
:1097E00009DAF71B214601983A4600F019FEED1BF5
:1097F000044600F1140A4FF00008B8E7D9F8043025
:10980000AB426FDD5D1BAE4234DCD9F80C30022B6D
:1098100022D0032B24D0012B15D1AE4213D1012E1F
:109820000BD1029AD9F80430136001232361CAF8DE
:1098300000300E9B62271C603EE7711E204601F03F
:1098400031F80028EDD10198214600F0C3FB0E9AB3
:109850000023136050272FE70F9B002BF3D1E0E785
:109860000F9B002BDDD1EEE794CB000823CC000842
:1098700034CC00086F1EB8F1000F30D127B1394643
:10988000204601F00FF880467A1101235AF8222071
:1098900007F01F07BB4013422946204618BF48F077
:1098A0000208761BFFF722FED9F804500227B8F110
:1098B000000F42D0D9F80C30022B15D0032B17D053
:1098C000012B09D118F0020F06D0DAF8003048EA6F
:1098D000030818F0010F0ED147F010072DE04FF0EC
:1098E0000108D1E70127E2E70F9BC3F101030F93C2
:1098F0000F9B002BF0D0D4F810A004F1140303EB5D
:109900008A0100201A68B2F1FF3F1BD001321A60B1
:10991000022F04F114033CD1D9F80020013AB242DD
:1099200009D17111012253F8213006F01F0602FA05
:1099300006F61E423AD147F020070E9B1C60029BA0
:109940001D60B9E643F8040B9942DBD8A3689A4539
:1099500017DB61680198013100F0FEFA804618B902
:109960001A4B02468421CAE62269023204F10C0134
:1099700092000C30FEF744FF2146019800F02AFBCC
:10998000444623695A1C04EB8303226101225A6175
:10999000BEE7226952450BDD01212046FFF7A6FDF7
:1099A000D9F808300135AB42FFF6E5AE0127C2E732
:1099B00016F01F06FAD003EB8A03C6F1200653F80F
:1099C000040C00F0B9FBB042E6DBEFE723CC000863
:1099D000C2F10802920070B5C2F120064368046823
:1099E00003FA06F52C43D340046040F8043F884254
:1099F000F4D370BD30B503680139013311F8014F5C
:109A000014B90360012030BD13F8012BA2F1410508
:109A1000192D98BF2032A242F0D00020F3E72DE9A3
:109A2000F04F0B6887B05E11029013F01F0302EB3A
:109A300086060193029B18BF04360025371F19685C
:109A400046F8045C9046B9463C46AB46AA464A787E
:109A50004B1C039332B3104605910492FFF796FD19
:109A6000002851D1049A0599202A16D8DA4512DD2A
:109A70004C4506D2072D04DC2A4649462046FFF70E
:109A8000A7FF444553D90023A4F1040944F8043C3A
:109A9000D3464C461D460399D9E7292A59D1029B42
:109AA00002311960BAF1000F53D04C4506D2072D90
:109AB00004DC2A4649462046FFF78AFF444538D948
:109AC000A8F10402234653F8041B42F8041F9F42E6
:109AD000F9D23B1B23F003030134033EB44288BF99
:109AE000002308F10402134400211A4604339F4264
:109AF0001160FAD23B681BB9474528D101233B606E
:109B0000052007B0BDE8F08F0135082D0AF1010AE4
:109B100006DD4445BFD9002344F8043C0125043C3C
:109B2000226800F00F0040EA02102060B3E7082529
:109B3000B1E7019B002BDDD0C3F120034FF0FF32D2
:109B4000DA4056F8043C134046F8043CD2E7043FA0
:109B5000D0E70420D5E70000024B0146186800F06A
:109B600025B800BF7C01002070B50F4C0E4621685F
:109B7000054611B901F0D4F820603146284601F0BD
:109B8000CFF8431C03D14FF0FF34204670BDC41CF6
:109B900024F00304A042F8D0211A284601F0C0F8AE
:109BA0000130F2D1EFE700BF2C4300202DE9F8434C
:109BB000CD1C25F0030508350C2D38BF0C25002DD4
:109BC000064601DBA94204D90C2333600020BDE81E
:109BD000F883334F00F0B4F93B681C463CBB294680
:109BE0003046FFF7C1FF431C044656D13C68A046EF
:109BF000B8F1000F40D1002C49D0236841463046CF
:109C000004EB030901F08CF8814540D121686D1AFD
:109C100029463046FFF7A8FF013038D023682B448F
:109C200023603B685A685ABBC7F800800EE0226880
:109C3000521B1ED40B2A16D96119A342256018BFE6
:109C40005960636808BF396062514B60304600F06C
:109C50007DF904F10B00231D20F00700C21A1CBF80
:109C60001B1AA350B3E76268A3420CBF3A605A6064
:109C7000ECE723466468B1E74446D8F80480B7E7C8
:109C80001A465B68A342FBD100235360DEE70C2336
:109C90003360304600F05AF998E70560D6E700BF18
:109CA0003043002082B001B901A942B14BB1137811
:109CB0000B601278101E18BF012002B070471046CA
:109CC000FBE76FF00100F8E79368013B002B10B44D
:109CD000936007DA9469A34201DB0A2902D110BC20
:109CE00000F0EEBE1368581C10601970084610BCD6
:109CF0007047F8B506460F461446D518AC4201D158
:109D0000002007E014F8011B3A463046FFF7DCFF5D
:109D1000431CF3D1F8BD00002DE9F04706469CB086
:109D20000D4614461F4618B1036A0BB9FDF7BEFD78
:109D30006B6ED90705D4AB899A0502D4A86DFEF7DE
:109D400058FDAB891B0701D52B699BB929463046C5
:109D500000F0F4FE70B16B6EDE0704D54FF0FF30FB
:109D60001CB0BDE8F087AB899C05F7D4A86DFEF761
:109D700041FDF3E70023099320238DF82930039751
:109D800030236A4F8DF82A304FF0010823461A78A5
:109D900099461AB1252A03F10103F8D1B9EB040A57
:109DA0000BD05346224629463046FFF7A2FF01302A
:109DB00000F0A380099A5244099299F80030002BD0
:109DC00000F09B8000224FF0FF33CDE9053209F10E
:109DD0000109049207928DF853201A924C460522ED
:109DE00014F8011B5148F6F7A3F9049AD0B9D0062C
:109DF00044BF20238DF85330110744BF2B238DF827
:109E0000533099F800302A2B13D007994B46002085
:109E10004FF00A0C1A78303A092A1C464AD9A8B1E0
:109E2000079113E0C01B08FA00F010430490A1460C
:109E3000D4E7039B191D1B680391002BBBBF5B423A
:109E400042F0020207930793B8BF049223782E2BA7
:109E50000AD163782A2B32D1039B1A1D1B68039207
:109E600043EAE37302340593DFF8D09021780322AC
:109E70004846F6F75DF938B1049BA0EB0900402293
:109E80008240134301340493217829488DF8281027
:109E90000622F6F74DF900283ED0264818BB039B52
:109EA000073323F0070308330393099B034401346A
:109EB00009936BE701330CFB01210120AAE7002382
:109EC0000593611C18464FF00A0C0A78303A092AAB
:109ED0000C4603D9002BC7D00590C5E701310CFB18
:109EE00000200123F1E703AB00932A46124B04A99B
:109EF0003046FDF789F8431CD7D16B6ED90705D4DE
:109F0000AB899A0502D4A86DFEF774FCAB895B0699
:109F10003FF524AF099823E703AB00932A46064B8D
:109F200004A93046FDF70AFBE5E700BF9DCC000819
:109F3000A7CC000809700008F39C0008A3CC000817
:109F40000148FEF756BC00BF284300200148FEF739
:109F500051BC00BF2843002070B5C46905460E46B9
:109F600084B91020FFF7F8FD0446E86128B90246DD
:109F7000164B17486B2100F017FF0023C0E901338F
:109F80000360C360E36853B921220421284600F02E
:109F900029FFEB69E060DB680BB9002070BD53F866
:109FA000260030B1026843F826200023C0E90333BD
:109FB000F4E7012101FA06F4621D9200284600F040
:109FC00011FF0028E9D0C0E90164EEE7ABCB00083F
:109FD000AECC000870B5C46906460D4674B91020B1
:109FE000FFF7BAFD0246F06120B9094B09488F21FD
:109FF00000F0DAFEC0E901440460C4603DB1F369D9
:10A000006A68DB6853F82210296043F8225070BD5B
:10A01000ABCB0008AECC00082DE9F0410D69074636
:10A020000C461E4601F1140C0020DCF8003099B2F9
:10A0300002FB01611E0C0B0C02FB063389B20130DE
:10A0400001EB034185424CF8041B4FEA1346ECDC5C
:10A050000EB3A368AB4219DC616838460131FFF7E3
:10A060007BFF804628B902460C4B0D48BA2100F010
:10A070009BFE2269023204F10C0192000C30FEF7C3
:10A08000BFFB21463846FFF7A5FF444604EB850396
:10A0900001355E6125612046BDE8F08123CC0008D2
:10A0A000AECC00082DE9F843884614461F46092225
:10A0B0000833064693FBF2F3002101229A4209DBA2
:10A0C0003046FFF749FF40B90246194B1948D321E2
:10A0D00000F06AFE52000131F0E7089B4361092C51
:10A0E0004FF00103036108DC08F10A050924641B31
:10A0F0002B199F4212DCBDE8F88308F10905A94637
:10A10000A04419F8013B0146303B0A223046FFF7D4
:10A1100083FFC145F5D12544083DE8E715F8013B2B
:10A120000146303B0A223046FFF776FFE0E700BFEA
:10A1300023CC0008AECC0008B0F5803F034636BF04
:10A14000030400201020B3F1807F3CBF1B020830C5
:10A15000B3F1805F3CBF1B010430B3F1804F3CBFC3
:10A160009B000230002B04DB5B0001D501307047FF
:10A1700020207047036813F0070201460BD0DA076E
:10A1800022D4980749BF5B089B0801200B605CBF85
:10A190000B600220704798B2A0B91B0C1020DAB2F5
:10A1A0000AB908301B0A1A0704BF1B0904309A07B2
:10A1B00004BF9B080230DA0702D45B0806D00130E6
:10A1C0000B6070471046EAE7002070472020704778
:10A1D00010B50C460121FFF7BFFE024628B9054B1A
:10A1E000054840F2451100F0DFFD012344610361A1
:10A1F00010BD00BF23CC0008AECC00082DE9F04F05
:10A20000D1F81080D2F81090C84585B00E4614469B
:10A2100004DB4B460C46C14616469846A368616867
:10A2200009EB0807BB42B8BF0131FFF795FE30B913
:10A2300002464B4B4B484FF4B17100F0B5FD00F1B5
:10A24000140505EB870B2B4600225B4522D306F154
:10A25000140101EB880304F1140C0CEB890C02933C
:10A2600004F1150363458CBF002301230093ACEB7D
:10A270000403153B9B080193029B03918B420CD86E
:10A28000002F03DD5BF8043D002B67D0076105B0AC
:10A29000BDE8F08F43F8042BD7E7B1F800A0BAF17E
:10A2A000000F28D004F11408A9464FF0000E58F80A
:10A2B000042BD9F8003096B29BB20AFB0633D9F8CA
:10A2C0000060120C360C73440AFB026606EB134660
:10A2D0009BB243EA0643C44549F8043B4FEA164E95
:10A2E000E5D8009A019B002A4FEA830308BF0023A8
:10A2F0002B44C3F804E0039BB3F802E00431BEF141
:10A30000000F29D02B6804F114069846A9464FF097
:10A31000000A32880EFB02A202EB18429BB243EA0B
:10A32000024349F8043B56F8043BD9F800804FEA51
:10A33000134A1FFA88F30EFB0A3303EB1243B445AA
:10A340004FEA134AE5D8009E019A002E4FEA820296
:10A3500008BF00222A44536004358DE7013F8FE790
:10A3600023CC0008AECC00082DE9F843174612F0C4
:10A37000030280460D4607D0264C013A002354F8CC
:10A380002220FFF749FE0546BF103FD0D8F81C40F9
:10A3900094B91020FFF7E0FB0446C8F81C0030B960
:10A3A00002461D4B1D4840F2B31100F0FDFC002396
:10A3B000C0E901330360C360A66846B940F2712169
:10A3C0004046FFF705FF0023A060064603602C46C9
:10A3D0004FF0000907F001037F1053B129463246C0
:10A3E0004046FFF70BFF214605464046FFF7F2FDCA
:10A3F00067B1306838B9324631464046FFF7FEFE55
:10A400003060C0F8009006462C46E3E72846BDE8D9
:10A41000F88300BFA4CE0008ABCB0008AECC000888
:10A420002DE9F84F0C4649682669A36806EB6216C9
:10A43000074691464FEA621A06F1010843450BDBD5
:10A440003846FFF789FD054648B902462B4B2C4894
:10A450004FF4EF7100F0A8FC01315B00EEE700F172
:10A46000140100230A461846534539DB20692AEABD
:10A47000EA7A01EB8A0104F1140319F01F098C46F2
:10A4800003EB800030D0C9F1200A4FF0000E1A68AB
:10A49000E34602FA09F242EA0E02CBF8002053F832
:10A4A000042B98420CF1040C22FA0AFEEFD8031B8D
:10A4B000153B23F0030304F11502904238BF00233B
:10A4C0001944C1F804E0BEF1000F00D1B04638468F
:10A4D000C5F810802146FFF77DFD2846BDE8F88FBE
:10A4E00042F8040B0133BFE753F8041BCCF800100B
:10A4F00098420CF1040CF7D8E8E700BF23CC000821
:10A50000AECC000803690A699B1A30B50ED114302D
:10A51000143100EB820401EB820154F8045D51F820
:10A52000042D954204D006D24FF0FF33184630BDBB
:10A53000A042F2D3FAE70123F8E700002DE9F74F34
:10A540008A460646114650461446FFF7DBFF051EB5
:10A5500012D129463046FFF7FFFC024628B9414B8D
:10A5600040F23721404800F01FFC0123C0E90435C8
:10A57000104603B0BDE8F08FBCBF5346A24630463C
:10A58000DAF80410BABF1C4601250025FFF7E4FCE9
:10A59000024618B9334B40F24521E3E7DAF8107070
:10A5A0002669C5600AF1140904F1140E00F11405BE
:10A5B0000AF1100309EB87080EEB86060193AB4600
:10A5C0004FF0000C019B5EF8040B53F804AF0193AD
:10A5D0001FFA8AF183B2CB1A000C6344C0EB1A4015
:10A5E00000EB23409BB243EA004376454BF8043B23
:10A5F0004FEA204CE6D8331B153B153423F00303F8
:10A60000A64238BF0023E8184B441C1D04302646E0
:10A61000A5EB090546450ED308F10301091B21F0FE
:10A6200003010133984538BF0021014451F8043D2E
:10A63000ABB117619CE706EB050E56F8041BE2462A
:10A640004FEA11491CFA81FC514409EB2C4989B2AB
:10A6500041EA09414FEA294CCEF80010DAE7013F00
:10A66000E4E700BF23CC0008AECC000882B08DED3B
:10A67000000B019A0F4B1340A3F15073002B08DC21
:10A680005B42B3F1A07F4FEA235204DA4FF4002378
:10A690001341002208E0A2F114031E2BDABF4FF091
:10A6A0000042DA40012200231946104641EC100B0B
:10A6B00002B070470000F07FF8B5056900F114069C
:10A6C00006EB85052F1F55F8044C2046FFF734FD97
:10A6D000C0F120030A280B6016DCC0F10B0C24FA31
:10A6E0000CF1BE4241F07F5334BF55F8081C0021E5
:10A6F000153004FA00F021FA0CF143F44013014341
:10A700000A4643EC102BF8BDBE423ABF55F8081C70
:10A71000A5F1080700210B3812D0C0F1200521FA5D
:10A7200005F384401C43B74244F07F538CBF57F875
:10A73000044C00248140EC4043F440132143DFE704
:10A7400044F07F5343F44013DAE700002DE9F74368
:10A750000F46012159EC108B1646FFF7FDFB05460D
:10A7600030B90246234B244840F20F3100F01CFB65
:10A77000C9F30A54C9F313030CB143F480130193D2
:10A78000B8F1000323D068460093FFF7F3FC00996B
:10A79000D8B1019AC0F1200302FA03F30B43C2407F
:10A7A0006B610192019BAB61002B0CBF0122022265
:10A7B0002A61A4B1A4F2334404443C60C0F13500E2
:10A7C0003060284603B0BDE8F0836961EAE701A87C
:10A7D000FFF7D0FC019B6B6120300122E8E705EB1D
:10A7E0008203A0F2324038601869FFF7A5FCC0EB85
:10A7F0004210E5E723CC0008AECC0008F7B50E46C2
:10A8000069460746FFF758FF01A9304655EC104B43
:10A81000B0EE407AF0EE607AFFF74EFF33693A69A6
:10A82000D21ADDE900369B1B03EB4213002BD4BF89
:10A8300010EE902A17EE902A51EC100BD6BFC3EB06
:10A84000033302EB035502EB03510B460246294644
:10A850002046F5F7ABFF41EC100B03B0F0BD01391A
:10A8600070B549111469013102F1140300EB810143
:10A8700003EB8404051FA3420CD3A31A113B23F05E
:10A8800003031132944238BF002318440023884246
:10A8900005D370BD53F8046B45F8046FEBE740F83F
:10A8A000043BF4E700F1140200694B11984210B523
:10A8B00011DB0ADD11F01F0107D052F8234024FA02
:10A8C00001F000FA01F18C420BD102EB83039342B9
:10A8D00003D8002010BD0346F7E753F8041D0029F4
:10A8E000F5D00120F6E710B50C46B1F90E1000F0D6
:10A8F00005FA0028ABBF636DA3891B1823F48053AE
:10A90000ACBF6365A38110BD2DE9F0411F468B8963
:10A91000DB0505460C46164605D5B1F90E10022397
:10A92000002200F0D9F9A389B4F90E1023F4805362
:10A93000A38132463B462846BDE8F04100F000BA0C
:10A9400010B50C46B1F90E1000F0C6F9B4F90C3090
:10A95000421C0BBF23F4805343F48053A381A38193
:10A9600018BF606510BDB1F90E1000F0FBB9000012
:10A97000B1F90C202DE9F041160705460C4651D4DB
:10A980004B68002B02DC0B6C002B49DDE66A002EC5
:10A9900046D0002312F480522F682B6031D0626DB4
:10A9A000A389590705D56368D21A636B0BB1236C71
:10A9B000D21A0023E66A216A2846B047421CB4F93D
:10A9C0000C3006D129681D2945D8284ACA40D60727
:10A9D00041D500226260D9042269226004D5421C5C
:10A9E00001D12B6803B96065616B2F60C1B104F1BF
:10A9F0004403994202D0284600F008FA002363631A
:10AA00000EE0216A01232846B0470246501CC7D1F8
:10AA10002B68002BC4D01D2B01D0162B1AD12F6010
:10AA200000201DE00F69002FFAD093070E6808BFC1
:10AA30004B690F6018BF0023A6EB07088B60B8F1C5
:10AA4000000FEDDD216AA66A43463A462846B04724
:10AA5000002807DCA38943F04003A3814FF0FF30B7
:10AA6000BDE8F0810744A8EB0008E8E701004020BA
:10AA700038B50B6905460C4613B91D46284638BD46
:10AA800018B1036A0BB9FCF711FFB4F90C30002BB5
:10AA9000F3D0626ED00704D4990502D4A06DFDF7FF
:10AAA000A8FE28462146FFF763FF636EDA070546D6
:10AAB000E4D4A3899B05E1D4A06DFDF79BFEDDE7FF
:10AAC000F8B505460F46144618B1036A0BB9FCF7F2
:10AAD000EDFEA369A360A3891A0701D5236943B9D1
:10AAE0002146284600F02AF818B14FF0FF363046CC
:10AAF000F8BD23692068C01A6369834205DC2146DA
:10AB00002846FFF7B5FF0028EFD1A368013BA360FB
:10AB100023685A1C22601F70636901308342FEB2B1
:10AB200004D0A389DB07E2D50A2EE0D121462846CE
:10AB3000FFF79EFF0028DAD0D7E7000038B5284B92
:10AB4000054618680C4618B1036A0BB9FCF7AEFE4F
:10AB5000B4F90C30190720D4DA0607D409222A6088
:10AB600043F04003A3814FF0FF3031E0580711D587
:10AB7000616B41B104F14403994202D0284600F0D0
:10AB800045F9002363630022A38962602269226081
:10AB900023F0240343F00803A38123694BB9A3895D
:10ABA00003F42073B3F5007F03D02146284600F05C
:10ABB0004AF8B4F90C3013F001020AD00022A26066
:10ABC00062695242A261226942B913F08000C7D182
:10ABD00038BD990758BF6269A260F4E70020F7E723
:10ABE0007C01002049B1FF2A85BF8A2303600A70D7
:10ABF0004FF0FF3098BF012070470846704770B58E
:10AC00000E46B1F90E10002996B014461D460ADA18
:10AC1000B28912F0800213D14FF4806100202A60C3
:10AC2000216016B070BD6A4600F0ACF80028EFDB7A
:10AC3000019A02F47042A2F500535A425A41EBE7DE
:10AC400000224021EAE78B8973B59E0705460C4632
:10AC500007D504F14703236023610123636102B038
:10AC600070BD01AB6A46FFF7CAFF009E2846314619
:10AC7000FEF79CFFB4F90C3038B99A05EFD423F0F5
:10AC8000030343F00203A381E3E743F08003A381BE
:10AC9000019B2060C4E90406002BE0D0B4F90E103B
:10ACA000284600F009F80028D9D0A38923F003032F
:10ACB00043F00103A381D2E738B5064C00230546D3
:10ACC00008462360FAF7E8FA431C02D1236803B16F
:10ACD0002B6038BD3443002038B5074C0546084684
:10ACE0001146002222601A46FAF7D8FA431C02D114
:10ACF000236803B12B6038BD3443002038B5074CBE
:10AD0000054608461146002222601A46FAF79EFAC6
:10AD1000431C02D1236803B12B6038BD34430020AB
:10AD200038B5064C0023054608462360FAF7B8FA02
:10AD3000431C02D1236803B12B6038BD344300208B
:10AD400038B5074C054608461146002222601A46CF
:10AD5000FAF78AFA431C02D1236803B12B6038BD8D
:10AD60003443002038B5064C0023054608462360CE
:10AD7000FAF788FA431C02D1236803B12B6038BD6F
:10AD80003443002038B5074C0023054608461146D9
:10AD90002360FAF77BFA431C02D1236803B12B60CE
:10ADA00038BD00BF344300201FB51D46094B1B684A
:10ADB0000646D86852B1084C0091CDE901420749D6
:10ADC00033462A4600F06EF800F07EF8044C224626
:10ADD000F2E700BF7C01002010CD00081DCD000867
:10ADE0004BCD000870B5A1FB026535B93146FEF7C1
:10ADF000DDFE044628B9204670BD0C230360002404
:10AE0000F9E732462946FDF7AEFCF4E737B50029ED
:10AE100044D051F8043C0190002BA1F10404B8BFC8
:10AE2000E418FFF78DF81E4A0198136833B9636080
:10AE3000146003B0BDE83040FFF788B8A34208D9DA
:10AE4000256861198B4201BF19685B684919216047
:10AE5000EDE71A465B680BB1A342FAD911685518A1
:10AE6000A5420BD1246821445418A3421160E0D1BB
:10AE70001C685B6853600C441460DAE702D90C2349
:10AE80000360D6E7256861198B4204BF19685B68C7
:10AE9000636004BF491921605460CAE703B030BD44
:10AEA000304300200EB403B5014603AB054853F808
:10AEB000042B00680193FEF72FFF02B05DF804EB4E
:10AEC00003B070477C01002008B5062000F02CF884
:10AED0000120FAF7B5F91F2938B505460C4604D903
:10AEE000162303604FF0FF3038BDC26B12B152F829
:10AEF00021304BB9284600F031F822460146284659
:10AF0000BDE8384000F018B8012B0AD0591C03D115
:10AF1000162303600120E7E7002142F824102046B1
:10AF200098470020E0E70000024B01461868FFF751
:10AF3000D2BF00BF7C01002038B5074C0023054676
:10AF4000084611462360FAF773F9431C02D12368BF
:10AF500003B12B6038BD00BF34430020FAF766B957
:10AF600000B52DED028B83B0B0EE408ACDED010A25
:10AF700000F0D4FADDED010AB4EE608AF1EE10FAC9
:10AF800006D6DFED0C7AF4EE670AF1EE10FA03D084
:10AF900003B0BDEC028B00BDCDED017AFDF7FEFBE9
:10AFA000DDED017A87EEA70A2123036003B0BDEC33
:10AFB000028B00BD0000000008B52DED048BB0EE43
:10AFC000409AF0EE609A00F07FF8B0EE408AF0EE22
:10AFD000608AB0EE490AF0EE690A00F065F878B1CF
:10AFE00019A3D3E9002351EC190BF5F745FD70B90E
:10AFF00017A3D3E9002351EC190BF5F71FFD98B9FE
:10B00000B0EE480AF0EE680ABDEC048B08BD9FED77
:10B010000A8BFDF7C3FBB0EE480AF0EE680ABDEC00
:10B02000048B2223036008BDFDF7B8FB22239FEDAC
:10B03000048B0360E4E700BF000000000000F07F25
:10B040000000000000000000EF39FAFE422E8640AA
:10B0500051302DD5104987C000B52DED028BB0EED3
:10B06000408A83B000F02CF8B4EE488AF1EE10FA72
:10B0700006D6DFED0C7AB4EEE78AF1EE10FA03D4CF
:10B0800003B0BDEC028B00BDCDED017AFDF786FB70
:10B09000DDED017A87EEA70A2123036003B0BDEC42
:10B0A000028B00BD0000000082B08DED000B019806
:10B0B00040F0004000F58010C00F02B0704700BFA4
:10B0C000B1EEC00A704700BF2DE9F04755EC104BB8
:10B0D000D34925F000428A4286B04FEAD5760CD992
:10B0E000D0498A4270D9C5F31303234340F05481F9
:10B0F000002E66D09FEDB20B63E0CB4B9A4200F27C
:10B100001A81CA4B9A4240F2308122462B46204691
:10B110002946F5F721FAACA3D3E9002306460F46EA
:10B12000F5F71AFAAAA3D3E90023F5F75DF832463A
:10B130003B46F5F711FAA8A3D3E90023F5F756F833
:10B1400032463B46F5F708FAA5A3D3E90023F5F705
:10B150004BF832463B46F5F7FFF9A3A3D3E90023AA
:10B16000F5F744F832463B46F5F7F6F902460B464A
:10B1700020462946F5F738F8CDE90201DDE90289D4
:10B18000204642464B462946F5F7E6F90022064698
:10B190000F464FF0804340464946F5F725F80246F2
:10B1A0000B4630463946F5F701FB22462B46F5F7AC
:10B1B0001BF802460B4600209D49F5F715F841ECB7
:10B1C000100B06B0BDE8F08789A3D3E90023204621
:10B1D0002946F5F751FC0746002840F0E88086A391
:10B1E000D3E9002320462946F5F728FC002840F043
:10B1F0003781904B204603EBC606294680A3D3E94E
:10B200000023F5F7A9F9D6E90023F4F7EFFFF5F7E6
:10B2100053FC0646F5F736F97BA3D3E9002307462E
:10B220008846F5F799F902460B4620462946F4F779
:10B23000DBFF02460B463846414691469A4674A3C8
:10B24000D3E90023F5F788F9CDE90001DDE9002312
:10B2500048465146F4F7C8FF02460B4604460D46E1
:10B26000F5F77AF958A3D3E9002307468846F5F79E
:10B2700073F957A3D3E90023F4F7B6FF3A464346E0
:10B28000F5F76AF954A3D3E90023F4F7AFFF3A4680
:10B290004346F5F761F952A3D3E90023F4F7A4FF7D
:10B2A0003A464346F5F758F94FA3D3E90023F4F79C
:10B2B0009DFF3A464346F5F74FF902460B462046B6
:10B2C0002946F4F791FF07468846204629463A4624
:10B2D0004346CDE90278F5F73FF9CDE90401002EA8
:10B2E0003FF44CAF3A46434600204FF08041F4F71C
:10B2F0007BFF02460B46DDE90401F5F757FA0246EB
:10B300000B46DDE90001F4F76FFF4A465346F4F7B8
:10B310006BFF0B46024646490020F4F765FF6FF4C9
:10B320007F739E42C0F28E8001EB065141EC100B00
:10B3300006B0BDE8F087404B9A423FF65AAF3F4B0C
:10B3400003EBC603D3E9002320462946F4F74CFF5C
:10B350003B4B03EBC60393ED007B86F001038DEDC1
:10B36000007B81468A469E1B70E72BA3D3E900230E
:10B3700020462946F4F73AFF2D4B0022F5F77CFBD7
:10B3800000283FF4C2AE2A4B002220462946F4F79B
:10B390002DFF41EC100B14E722462B462046294690
:10B3A000F4F724FF41EC100B06B0BDE8F087002055
:10B3B00006B0BDE8F04700F00FBA00BFAFF3008061
:10B3C0000000000000000000D0A4BE726937663E95
:10B3D000F16BD2C541BDBB3E2CDE25AF6A56113F95
:10B3E00093BDBE166CC1663F3E5555555555C53F7C
:10B3F000EF39FAFE422E864051302DD5104987C0D4
:10B40000FE822B654715F73F0000E0FE422EE63F27
:10B41000763C7935EF39EA3D9C7500883CE4377E0F
:10B42000412E8640FFFFEF7F422ED63FFFFFEF3DCC
:10B430000000F03FC0CF0008B1A2F03FB0CF00083D
:10B44000A0CF000806F57A7301EB035100224FF0FC
:10B45000B873F5F781F841EC100B06B0BDE8F08742
:10B46000384606B0BDE8F04700F0AEB900B583B08D
:10B470008DED000B0199DDF800C0C1F30A52A2F274
:10B48000FF33132B0CDC002B2CDB2348184100EA84
:10B49000010252EA0C022BD19DED000B03B000BD5E
:10B4A000332B0BDDB3F5806FF6D1DDE900231046B9
:10B4B0001946F4F79BFE41EC100BEFE7A2F21342A2
:10B4C0004FF0FF3020FA02F212EA0C0FE4D0C3F181
:10B4D00033030120984010EB0C0028BF013120EA13
:10B4E00002000DE0013301F000410FD0002007E021
:10B4F0004FF4002242FA03F30B4423EA0001002038
:10B500000B46024643EC102B03B000BD41F07F51C7
:10B5100041F440110020F3E7FFFF0F0010EE903AD6
:10B5200030B523F00044621EB2F1FF4F3FD210EE5F
:10B53000101A21F0004EBEF1FF4F38D2A6453ADB7B
:10B5400001F00042154600F09D8011F0FF4F03F01E
:10B55000FF4C49D14FEA0E206FF07D0240000028D9
:10B5600002F1FF32FADCBCF1000F5BD123026FF075
:10B570007D0C5B000CF1FF3CFBD512F17E0F6CDA09
:10B580006FF07D00831AA0EB0C00B2EB0C020EFAF8
:10B5900003F104FA00F36DD0013A03E03AD0410020
:10B5A000013A09D3C81A0028F8DA4900F8E760EE32
:10B5B000200A80EEA00A30BDCB1A48BF0B461BB94B
:10B5C00028E05B000CF1FF3CB3F5000FF9DB1CF148
:10B5D0007E0F38DA6FF07D00A0EB0C00034145EAE6
:10B5E000030200EE102A30BD4FEAEE52BCF1000F0C
:10B5F00016D0E415C1F31601C3F31603121B41F470
:10B60000000143F40003A4F17F0CC5D1CB1A002B39
:10B6100018DBD6D1224B03EB557393ED000A30BDF6
:10B620007F3AA3E7E415A4F17F0C6FF07D01891A3E
:10B63000C3F31603A2EB0C0243F400030EFA01F16C
:10B64000013AAFE70B46A3F500030CF17F0C2B4347
:10B6500043EACC5300EE103A30BD6FF07D00C1F3E9
:10B660001601A0EB0C0041F40001A2EB0C0204FA5D
:10B6700000F391E7CB1A002B0ADBCBD0B3F5000F18
:10B680009FDBABE7064B03EB527393ED000A30BD33
:10B690000029BFD0B1F5000F0B4692DB9EE700BF3B
:10B6A000D0CF000808B52DED028BF0EE408AB0EE49
:10B6B000608A00F047F820B9B0EE480ABDEC028B72
:10B6C00008BDB0EE480A00F03DF858B1F4EEC88A63
:10B6D000F1EE10FAC8BFB0EE688AB0EE480ABDECD1
:10B6E000028B08BDB0EE688AB0EE480ABDEC028B52
:10B6F00008BD00BF08B52DED028BF0EE408AB0EE1C
:10B70000608A00F01FF820B9B0EE480ABDEC028B49
:10B7100008BDB0EE480A00F015F858B1B4EEE88A5A
:10B72000F1EE10FAC8BFB0EE688AB0EE480ABDEC80
:10B73000028B08BDB0EE688AB0EE480ABDEC028B01
:10B7400008BD00BF10EE103A33F000400ED0A0F557
:10B750000003B3F1FE4F0DD3074B421E9A4207D9A7
:10B76000A0F1FF40B0FA80F0400970470220704716
:10B770000320704704207047FEFF7F0010B582B0A1
:10B780008DED000B0446FDF709F89DED000B0460FC
:10B7900002B010BD00B5034683B051EC100B83B16D
:10B7A000024601F10043CDE90023DDE90023F4F76F
:10B7B000D3FE41EC100B222003B05DF804EBFFF741
:10B7C000DDBF02460B46EEE79FED010BFFF7E2BF40
:10B7D00000000000000000109FED010BFFF7DABF32
:10B7E000000000000000007080EA104080EA102095
:10B7F00080EA101046F6961300F00F0043FA00F0AE
:10B8000000F00100704700BF38B500220023044655
:10B810000D46F5F713F928B920462946BDE838400A
:10B8200000F00AB8204605F1004100F005F840425A
:10B8300061EB410138BD00BF70B50C4B00220446DE
:10B840000D46F4F789FEF5F75FF90646F4F70AFEB0
:10B85000074B0022F4F780FE02460B46204629469D
:10B86000F4F7C2FCF5F750F9314670BD0000F03D29
:10B870000000F041F8B500BFF8BC08BC9E46704718
:0CB88000F8B500BFF8BC08BC9E4670473D
:10B8900000070E091C1B1215383F363124232A2DB0
:10B8A00070777E796C6B6265484F464154535A5DA0
:10B8B000E0E7EEE9FCFBF2F5D8DFD6D1C4C3CACD90
:10B8C00090979E998C8B8285A8AFA6A1B4B3BABD80
:10B8D000C7C0C9CEDBDCD5D2FFF8F1F6E3E4EDEA70
:10B8E000B7B0B9BEABACA5A28F88818693949D9A60
:10B8F0002720292E3B3C35321F18111603040D0A50
:10B900005750595E4B4C45426F68616673747D7A3F
:10B91000898E878095929B9CB1B6BFB8ADAAA3A42F
:10B92000F9FEF7F0E5E2EBECC1C6CFC8DDDAD3D41F
:10B93000696E676075727B7C51565F584D4A43440F
:10B94000191E171005020B0C21262F283D3A3334FF
:10B950004E49404752555C5B7671787F6A6D6463EF
:10B960003E39303722252C2B0601080F1A1D1413DF
:10B97000AEA9A0A7B2B5BCBB9691989F8A8D8483CF
:10B98000DED9D0D7C2C5CCCBE6E1E8EFFAFDF4F3BF
:10B99000000000000000000001020304060708097F
:10B9A00000000000010203040D0A0D0A0D0A0D0A31
:10B9B0000D0000003E3E2041746865616E204D6FB1
:10B9C000746F7220436F6E74726F6C6C6572203C82
:10B9D0003C0D00003E3E2056657273696F6E3A2042
:10B9E00025642E25642E2564203C3C0D0A000000B1
:10B9F0003E3E20496E76616C69642F756E696E6992
:10BA00007469616C697A656420636F6E66696775D5
:10BA1000726174696F6E3B207573696E6720524165
:10BA20004D2064656661756C7473202843414E2017
:10BA300052583D312054583D3029203C3C0D0000E7
:10BA40003E3E204452563833323320636F6E66696F
:10BA50006775726174696F6E2F726561646261638C
:10BA60006B206661696C65643B206D6F746F72203A
:10BA70006D6F64652072656D61696E73206C6F63B4
:10BA80006B6564203C3C0D00436865636B696E67C1
:10BA9000207068617365207369676E2C20706F6C0D
:10BAA000652070616972730D000000005068617359
:10BAB00065206F7264657220636F72726563740DC6
:10BAC000000000005377617070696E6720706861D4
:10BAD0007365207369676E0D00000000506F6C6520
:10BAE0002050616972733A2025640D0A000000003D
:10BAF00053746172743A20252E3366202020456EDF
:10BB0000643A20252E33660D0A000000506F6C65E4
:10BB1000205061697273203E2025642C2072656D6F
:10BB2000616C6C6F63206572726F725F6172725BC1
:10BB30005D2073697A652E0D0A00000053746172EE
:10BB400074696E67206F66667365742063616C202C
:10BB5000616E64206C696E656172697A6174696F87
:10BB60006E0D0000256420256420256420252E33D9
:10BB7000660D0A002564202025640D0A00000000DF
:10BB80006C6F6F705F636F756E743A20256C750D06
:10BB90000A0000000A0D4641554C540A0D000000F1
:10BBA0005644535F4F43500A0D0000004744460A75
:10BBB0000D00000055564C4F0A0D00004F545344E1
:10BBC0000A0D00005644535F48410A0D0000000072
:10BBD0005644535F4C410A0D000000005644535F29
:10BBE00048420A0D000000005644535F4C420A0DC3
:10BBF000000000005644535F48430A0D0000000057
:10BC00005644535F4C430A0D0000000053415F4F00
:10BC1000430A0D0053425F4F430A0D0053435F4FE9
:10BC2000430A0D004F54570A0D000000435055566B
:10BC30000A0D00005647535F48410A0D00000000FE
:10BC40005647535F4C410A0D000000005647535FB2
:10BC500048420A0D000000005647535F4C420A0D4F
:10BC6000000000005647535F48430A0D00000000E3
:10BC70005647535F4C430A0D0000000020436F6D90
:10BC80006D616E64733A0D00206D2020202D204DD3
:10BC90006F746F72204D6F64650D0000206320206B
:10BCA000202D2043616C69627261746520456E636A
:10BCB0006F6465720D00000020732020202D20533A
:10BCC000657475700D00000020652020202D204433
:10BCD0006973706C617920456E636F6465720D00E5
:10BCE000207A2020202D20536574205A65726F2001
:10BCF000506F736974696F6E0D0000002065736387
:10BD0000202D204578697420746F204D656E750D67
:10BD1000000000000D0A20436F6E6669677572614E
:10BD200074696F6E204F7074696F6E73200A0D0016
:10BD30006D696E00706172616D65746572000000FE
:10BD4000707265666978000020252D347320252DDA
:10BD500033317320252D357320252D367320252D65
:10BD600032730D0A0000000063757272656E7420F4
:10BD700076616C75650000006D6178000D0A204DDC
:10BD80006F746F723A0D00003000000047656172F9
:10BD900020526174696F00006700000020252D3477
:10BDA0007320252D33317320252D357320252D3615
:10BDB0007320252E33660A0D000000002D000000C0
:10BDC000546F7271756520436F6E7374616E742069
:10BDD000284E2D6D2F4129006B00000020252D34A9
:10BDE0007320252D33317320252D357320252D36D5
:10BDF0007320252E35660A0D000000000D0A204331
:10BE00006F6E74726F6C3A0D0000000031303000BC
:10BE100043757272656E742042616E6477696474F2
:10BE2000682028487A2900006200000020252D346F
:10BE30007320252D33317320252D357320252D3684
:10BE40007320252E31660A0D00000000323030309C
:10BE500000000000302E300043757272656E742051
:10BE60004C696D6974202841290000006C000000B5
:10BE700036302E30000000004D617820506F73691D
:10BE800074696F6E20536574706F696E74202872C8
:10BE900061642900700000004D61782056656C6F68
:10BEA0006369747920536574706F696E74202872A9
:10BEB0006164292F73000000760000004D61782036
:10BEC000506F736974696F6E204761696E20284EE8
:10BED0002D6D2F7261642900780000003130303000
:10BEE0002E3000004D61782056656C6F636974795F
:10BEF000204761696E20284E2D6D2F7261642F736B
:10BF00002900000064000000352E30004657204311
:10BF1000757272656E74204C696D697420284129B0
:10BF2000000000006600000033332E3000000000E7
:10BF300054656D70204375746F6666202843292010
:10BF40002830203D206E6F6E6529000068000000DB
:10BF500031353000436F6E74696E756F75732043B1
:10BF6000757272656E74202841290000630000001C
:10BF700034302E300000000043616C6962726174DD
:10BF8000696F6E2043757272656E742028412900B6
:10BF90006100000032302E30000000000D0A204306
:10BFA000414E3A0D0000000043414E20494400003C
:10BFB0006900000020252D347320252D3331732096
:10BFC000252D357320252D367320252D35690A0D35
:10BFD000000000003132370043414E2054582049C0
:10BFE000440000006D00000043414E2054696D651F
:10BFF0006F757420286379636C6573292830203D40
:10C00000206E6F6E652900007400000020252D341D
:10C010007320252D33317320252D357320252D36A2
:10C02000732025640A0D00003130303030300000BC
:10C03000200A0D20546F206368616E6765206120BF
:10C0400076616C75652C2074797065202770726537
:10C05000666978272776616C75652727454E5445B4
:10C0600052270A0D20652E672E202762313030308E
:10C070002727454E544552270D0A200056414C555E
:10C080004553204E4F542041435449564520554E68
:10C0900054494C20504F574552204359434C452159
:10C0A000200A0D0A0D000000455F5A45524F3A2004
:10C0B0002564202025660D0A00000000436F6E668F
:10C0C000696775726174696F6E207361766520723D
:10C0D000656A65637465643B2070726576696F7527
:10C0E0007320646174612070726573657276656433
:10C0F0002E0D0000495F42572073657420746F2035
:10C1000025660D0A0000000043414E5F494420733C
:10C11000657420746F2025640D0A000043414E5F52
:10C1200054585F49442073657420746F2025640D52
:10C130000A000000495F4D41582073657420746FF8
:10C140002025660D0A000000495F46575F4D4158A3
:10C150002073657420746F2025660D0A00000000AE
:10C1600043414E5F54494D454F55542073657420EB
:10C17000746F2025640D0A0054454D505F4D4158A1
:10C180002073657420746F2025660D0A000000007E
:10C19000495F4D41585F434F4E542073657420747E
:10C1A0006F2025660D0A0000495F43414C207365EE
:10C1B0007420746F2025660D0A000000475220731A
:10C1C000657420746F2025660D0A00004B5420739F
:10C1D000657420746F2025660D0A00004B505F4D7A
:10C1E00041582073657420746F2025660D0A000085
:10C1F0004B445F4D41582073657420746F20256651
:10C200000D0A0000505F4D41582073657420746F13
:10C210002025660D0A000000565F4D4158207365C9
:10C220007420746F2025660D0A0000000D0A202777
:10C23000256327204E6F7420612076616C6964202D
:10C24000636F6D6D616E64207072656669780D0A4A
:10C250000D0A00005A65726F207361766520726561
:10C260006A65637465643B2070726576696F757387
:10C270002064617461207072657365727665642EE6
:10C280000D0000000A0D20205361766564206E6564
:10C2900077207A65726F20706F736974696F6E3A78
:10C2A000202025640A0D0A0D000000005261773A33
:10C2B000202535640000000020204C696E65617205
:10C2C000697A656420436F756E743A202535640081
:10C2D000202053696E676C65205475726E3A252074
:10C2E000342E33660000000020204D756C746920E8
:10C2F0005475726E3A2520352E3366002020456C29
:10C30000656374726963616C3A2520352E3366006B
:10C3100020205475726E733A2520326400000000AC
:10C32000202056616C69643A257500002020535026
:10C33000493A256C750000002020506172697479BB
:10C340003A256C7500000000202045463A256C75A2
:10C350000D0A000000800088009000B000A800A82E
:10C36000000000002975493CDF6EC93C6F0E173D87
:10C370003160493D8FA97B3D38F4963D6B0EB03D51
:10C380004721C93D5E2EE23DEC2FFB3D7F130A3E67
:10C39000698C163E76FD223EA5662F3E97CA3B3E2F
:10C3A0004A29483E807D543EDAC9603E560E6D3EB5
:10C3B000F54A793E3CBD823E0FD1883EA4DF8E3ED9
:10C3C000FBE8943EC4EB9A3EFFE7A03EFCDEA63EAF
:10C3D0006CCFAC3E4EB9B23EA29CB83E1878BE3E81
:10C3E000B24BC43EBD18CA3EECDDCF3EED99D53E02
:10C3F000614FDB3E59FAE03EC39EE63EB038EC3E6C
:10C4000071C9F13E5452F73EBBD0FC3E5322013F6E
:10C41000B2D7033FD387063FB532093F5AD80B3F07
:10C42000C0780E3F4013113F82A8133FDF37163FFD
:10C4300055C1183FE5441B3F8FC21D3F543A203F72
:10C440008AAB223FDB16253F9E7B273FD3D9293F6E
:10C450007B312C3FED812E3F79CC303FD00F333FE5
:10C46000F14B353F8481373FE2AF393F0AD73B3F3D
:10C47000FDF63D3F130F403F9B20423F9E29443F26
:10C48000132C463F0326483FBD184A3F9B034C3FB1
:10C49000F3E54D3F16C14F3FB493513F745E533F98
:10C4A0005721553F0EDB563F8F8D583FE3365A3F9D
:10C4B000B2D75B3FA4705D3F69005F3F5188603F2A
:10C4C0000C07623F9A7C633FA3E9643F274E663FB7
:10C4D0007EA9673F50FC683F4E456A3FC6856B3F6B
:10C4E00012BD6C3F31EB6D3F23106F3F412B703F0E
:10C4F000D93D713F9D46723F3546733F9F3C743F27
:10C500003529753F9E0C763F32E6763F9AB6773FE7
:10C510002C7D783FEB39793F7CED793F39977A3F35
:10C5200022377B3F36CD7B3F75597C3F87DC7C3F94
:10C530001D557D3F87C47D3F74297E3F34857E3FF6
:10C5400077D67E3F8E1E7F3F295C7F3FEF8F7F3FF8
:10C5500088BA7F3FA5DA7F3FEDF07F3F61FD7F3FE7
:10C560000000803F23F87F3F19E77F3F92CB7F3F5A
:10C5700037A67F3FAF777F3FAB3E7F3FD2FB7E3F0B
:10C5800025AF7E3FA3587E3F4DF87D3F228E7D3FF5
:10C59000221A7D3F4E9C7C3FA5147C3F27837B3F26
:10C5A000D5E77A3F57437A3F0395793FDBDC783F05
:10C5B000DF1A783FB54F773FB77A763FE59B753FF7
:10C5C000E5B3743FB9C2733FB9C7723F8BC3713FC4
:10C5D00031B6703F029F6F3FA67E6E3F1D556D3F87
:10C5E00068226C3F86E66A3F1FA2693FE353683FBB
:10C5F00022FD663F349D653F1A34643F22C3623F8B
:10C600005648613FACC55F3FD6395E3F7AA55C3F77
:10C610009A085B3F3563593F4AB5573F82FF553F04
:10C620008E40543F637A523FB4AB503F80D44E3F6C
:10C630006FF54C3F280F4B3F5C20493FB329473FE4
:10C64000D42B453F1826433F7E18413FB0033F3F60
:10C65000ABE73C3F72C43A3F5B99383FB667363F21
:10C66000DC2E343FCCEE313F2FA82F3F5C5A2D3FBC
:10C67000FB052B3F0DAB283F9049263F2EE2233F81
:10C680009773213F19FF1E3FB6841C3FC5031A3F15
:10C69000957D173FD8F0143FDD5E123FFCC60F3F7B
:10C6A00035290D3F2F860A3FECDD073F6A30053FF5
:10C6B000AA7D023F598BFF3E3012FA3E8A8EF43E2D
:10C6C0000803EF3E096DE93EDDCDE33E8525DE3E04
:10C6D0004F75D83E3CBDD23EFCFBCC3EDF32C73E60
:10C6E0003563C13E5D8ABB3E47ACB53E05C5AF3E36
:10C6F00084D8A93E75E5A33E89EA9D3E60EA973E4F
:10C70000F7E4913E02D98B3ECEC7853EB7627F3EAD
:10C71000F52D733EB7EE663EFDA45A3E65534E3E80
:10C72000F0F9413E3D9B353E0E32293EA0C31C3EF2
:10C73000F44F103E0AD7033EC4B1EE3DB9A5D53D36
:10C74000A298BC3D1B82A33D49658A3D6685623D3A
:10C75000D637303DF7C7FB3CC615973C5374C93BF1
:10C760005374C9BBC61597BCF7C7FBBCD63730BDE1
:10C77000668562BD49658ABD1B82A3BDA298BCBD0A
:10C78000B9A5D5BDC4B1EEBD0AD703BEF44F10BEE6
:10C79000A0C31CBE0E3229BE3D9B35BEF0F941BE82
:10C7A00065534EBEFDA45ABEB7EE66BEF52D73BEF0
:10C7B000B7627FBECEC785BE02D98BBEF7E491BEFD
:10C7C00060EA97BE89EA9DBE75E5A3BE84D8A9BE7E
:10C7D00005C5AFBE47ACB5BE5D8ABBBE3563C1BE45
:10C7E000DF32C7BEFCFBCCBE3CBDD2BE4F75D8BE4F
:10C7F0008525DEBEDDCDE3BE096DE9BE0803EFBED3
:10C800008A8EF4BE3012FABE598BFFBEAA7D02BFDB
:10C810006A3005BFECDD07BF2F860ABF35290DBF83
:10C82000FCC60FBFDD5E12BFD8F014BF957D17BFE9
:10C83000C5031ABFB6841CBF19FF1EBF977321BF63
:10C840002EE223BF904926BF0DAB28BFFB052BBFAF
:10C850005C5A2DBF2FA82FBFCCEE31BFDC2E34BFCA
:10C86000B66736BF5B9938BF72C43ABFABE73CBF0F
:10C87000B0033FBF7E1841BF182643BFD42B45BF2E
:10C88000B32947BF5C2049BF280F4BBF6FF54CBF92
:10C8900080D44EBFB4AB50BF637A52BF8E4054BFFA
:10C8A00082FF55BF4AB557BF356359BF9A085BBF72
:10C8B0007AA55CBFD6395EBFACC55FBF564861BFC5
:10C8C00022C362BF1A3464BF349D65BF22FD66BFB8
:10C8D000E35368BF1FA269BF86E66ABF68226CBFC8
:10C8E0001D556DBFA67E6EBF029F6FBF31B670BF74
:10C8F0008BC371BFB9C772BFB9C273BFE5B374BF91
:10C90000E59B75BFB77A76BFB54F77BFDF1A78BFA3
:10C91000DBDC78BF039579BF57437ABFD5E77ABF91
:10C9200027837BBFA5147CBF4E9C7CBF221A7DBF92
:10C93000228E7DBF4DF87DBFA3587EBF25AF7EBF41
:10C94000D2FB7EBFAB3E7FBFAF777FBF37A67FBF37
:10C9500092CB7FBF19E77FBF23F87FBF000080BF66
:10C9600061FD7FBFEDF07FBFA5DA7FBF88BA7FBFD3
:10C97000EF8F7FBF295C7FBF8E1E7FBF77D67EBFC4
:10C9800034857EBF74297EBF87C47DBF1D557DBFA2
:10C9900087DC7CBF75597CBF36CD7BBF22377BBF20
:10C9A00039977ABF7CED79BFEB3979BF2C7D78BFA1
:10C9B0009AB677BF32E676BF9E0C76BF352975BF33
:10C9C0009F3C74BF354673BF9D4672BFD93D71BF52
:10C9D000412B70BF23106FBF31EB6DBF12BD6CBF19
:10C9E000C6856BBF4E456ABF50FC68BF7EA967BF56
:10C9F000274E66BFA3E964BF9A7C63BF0C0762BF82
:10CA0000518860BF69005FBFA4705DBFB2D75BBFD4
:10CA1000E3365ABF8F8D58BF0EDB56BF572155BF27
:10CA2000745E53BFB49351BF16C14FBFF3E54DBF02
:10CA30009B034CBFBD184ABF032648BF132C46BFFB
:10CA40009E2944BF9B2042BF130F40BFFDF63DBF50
:10CA50000AD73BBFE2AF39BF848137BFF14B35BF47
:10CA6000D00F33BF79CC30BFED812EBF7B312CBFCF
:10CA7000D3D929BF9E7B27BFDB1625BF8AAB22BF38
:10CA8000543A20BF8FC21DBFE5441BBF55C118BF1C
:10CA9000DF3716BF82A813BF401311BFC0780EBF87
:10CAA0005AD80BBFB53209BFD38706BFB2D703BF71
:10CAB000532201BFBBD0FCBE5452F7BE71C9F1BEB8
:10CAC000B038ECBEC39EE6BE59FAE0BE614FDBBE95
:10CAD000ED99D5BEECDDCFBEBD18CABEB24BC4BE0B
:10CAE0001878BEBEA29CB8BE4EB9B2BE6CCFACBE6A
:10CAF000FCDEA6BEFFE7A0BEC4EB9ABEFBE894BE78
:10CB0000A4DF8EBE0FD188BE3CBD82BEF54A79BE81
:10CB1000560E6DBEDAC960BE807D54BE4A2948BE3D
:10CB200097CA3BBEA5662FBE76FD22BE698C16BE97
:10CB30007F130ABEEC2FFBBD5E2EE2BD4721C9BDAF
:10CB40006B0EB0BD38F496BD8FA97BBD316049BD79
:10CB50006F0E17BDDF6EC9BC297549BC000000000F
:10CB6000494E4600696E66004E414E006E616E0091
:10CB7000300030313233343536373839414243446E
:10CB800045460030313233343536373839616263E7
:10CB9000646566002E004300504F53495800496EAB
:10CBA00066696E697479004E614E005245454E5477
:10CBB000206D616C6C6F632073756363656564657C
:10CBC00064002F566F6C756D65732F646174612FEF
:10CBD0006A656E6B696E732F776F726B73706163CA
:10CBE000652F474E552D746F6F6C636861696E2FAA
:10CBF00061726D2D31352F7372632F6E65776C699D
:10CC0000622D63796777696E2F6E65776C69622F25
:10CC10006C6962632F7374646C69622F64746F61F2
:10CC20002E630042616C6C6F63207375636365658E
:10CC3000646564002F566F6C756D65732F64617445
:10CC4000612F6A656E6B696E732F776F726B73708D
:10CC50006163652F474E552D746F6F6C6368616912
:10CC60006E2F61726D2D31352F7372632F6E657764
:10CC70006C69622D63796777696E2F6E65776C6971
:10CC8000622F6C6962632F7374646C69622F6764CE
:10CC9000746F612D6765746865782E6300232D308D
:10CCA0002B2000686C4C00656667454647002F5690
:10CCB0006F6C756D65732F646174612F6A656E6B3F
:10CCC000696E732F776F726B73706163652F474E58
:10CCD000552D746F6F6C636861696E2F61726D2D75
:10CCE00031352F7372632F6E65776C69622D6379AE
:10CCF0006777696E2F6E65776C69622F6C69626306
:10CD00002F7374646C69622F6D707265632E63009B
:10CD10002C2066756E6374696F6E3A2000617373C0
:10CD2000657274696F6E2022257322206661696CBA
:10CD300065643A2066696C6520222573222C206C7C
:10CD4000696E65202564257325730A003400000090
:10CD5000CEFBFFFFCB03000001000000000000003D
:10CD600035000000CEFBFFFFCB03000001000000F8
:10CD70000000000000000000BC89D897B2D29C3CA3
:10CD800033A7A8D523F649393DA7F444FD0FA532B2
:10CD90009D978CCF08BA5B25436FAC642806681159
:10CDA000002020202020202020202828282828207B
:10CDB0002020202020202020202020202020202073
:10CDC00020881010101010101010101010101010DB
:10CDD00010040404040404040404041010101010CB
:10CDE0001010414141414141010101010101010195
:10CDF00001010101010101010101010110101010E7
:10CE00001010424242424242020202020202020266
:10CE100002020202020202020202020210101010BA
:10CE200020000000000000000000000000000000E2
:10CE300000000000000000000000000000000000F2
:10CE400000000000000000000000000000000000E2
:10CE500000000000000000000000000000000000D2
:10CE600000000000000000000000000000000000C2
:10CE700000000000000000000000000000000000B2
:10CE800000000000000000000000000000000000A2
:10CE90000000000000000000000000000000000092
:10CEA0000000000005000000190000007D000000E7
:10CEB0000080E03779C34143176E05B5B5B8934696
:10CEC000F5F93FE9034F384D321D30F94877825A62
:10CED0003CBF737FDD4F1575000000000000F03F80
:10CEE0000000000000002440000000000000594045
:10CEF0000000000000408F40000000000088C34098
:10CF000000000000006AF8400000000080842E410C
:10CF100000000000D01263410000000084D7974158
:10CF20000000000065CDCD41000000205FA002425E
:10CF3000000000E876483742000000A2941A6D42D3
:10CF4000000040E59C30A2420000901EC4BCD642C6
:10CF500000003426F56B0C430080E03779C3414371
:10CF600000A0D8855734764300C84E676DC1AB43E7
:10CF7000003D9160E458E143408CB5781DAF154405
:10CF800050EFE2D6E41A4B4492D54D06CFF08044E0
:10CF9000F64AE1C7022DB544B49DD9794378EA44F5
:10CFA000763C7935EF39EA3D763C7935EF39EABDA3
:10CFB0000000E0FE422EE63F0000E0FE422EE6BF0B
:10CFC000000000000000E03F000000000000E0BFA3
:08CFD0000000000000000080D9
:08CFD8005831FF7F0100000049
:04CFE000510C0008E8
:04CFE400290C00080C
:10CFE800000E27070000000003000000EC410020AD
:10CFF80043000000000000000000000000000000E6
:10D008000000000000000000000000000000000018
:10D0180043000000000000000000000000000000C5
:10D0280000000000000000000000000000000000F8
:10D0380043000000000000000000000000000000A5
:10D0480000000000000000000000000000000000D8
:10D058004300000000000000000000000000000085
:10D0680000000000000000000000000000000000B8
:10D078004300000000000000000000000000000065
:10D088000000000000000000000000000000000098
:10D098004300000000000000000000000000000045
:10D0A8000000000000000000000000000000000078
:10D0B8004300000000000000000000000000000025
:10D0C8000000000000000000000000000000000058
:10D0D800E5AB0008A59C000800000000A0CD0008F2
:10D0E80094CB00084BCD00084BCD00084BCD000871
:10D0F8004BCD00084BCD00084BCD00084BCD0008A8
:10D108004BCD00084BCD0008FFFFFFFFFFFFFFFFDF
:10D11800FFFFFFFFFFFF00000100415343494900A3
:10D1280000000000000000000000000000000000F7
:10D13800000000000000000000004153434949007E
:10D1480000000000000000000000000000000000D7
:10D158000000000000000000000000008001002026
:10D1680000000000EC41002054420020BC42002096
:10D1780000000000000000000000000000000000A7
:10D188000000000000000000000000000000000097
:10D198000000000000000000000000000000000087
:0CD1A8000000000000000000000000007B
:0400000508006E750C
:00000001FF
