:020000040800F2
:100000000000012099860008A56A0008A96A000876
:10001000B56A0008C16A0008CD6A00080000000047
:10002000000000000000000000000000D96A000885
:10003000DD6A000800000000E16A0008E56A0008C7
:10004000E9860008E9860008E9860008E9860008D4
:10005000E9860008E9860008E9860008E9860008C4
:10006000E9860008E9860008E9860008E9860008B4
:10007000E9860008E9860008E9860008E9860008A4
:10008000E9860008E9860008E9860008E986000894
:10009000E96A0008E9860008E9860008E9860008A0
:1000A000E9860008796C0008E9860008E9860008FE
:1000B000E9860008E9860008E9860008E986000864
:1000C000E9860008E9860008E9860008E986000854
:1000D000E9860008E9860008516D0008E9860008F5
:1000E000F96C0008E9860008E9860008E98600083E
:1000F000E9860008E9860008E9860008E986000824
:10010000E9860008E9860008E9860008E986000813
:10011000E9860008E9860008E9860008E986000803
:10012000E9860008E9860008E9860008E9860008F3
:1001300001F0FF01102A2BDB10F0070F08D010F898
:10014000013B013A8B422DD010F0070F42B3F6D19C
:10015000F0B441EA012141EA014122F007047FF0B5
:1001600000070023F0E80256083C85EA010586EA0C
:10017000010685FA47F5A3FA87F586FA47F6A5FA48
:1001800087F68EB9EED1F0BC01F0FF0102F0070254
:1001900032B110F8013B013A83EA010313B1F8D1FF
:1001A0000020704701387047002D06BF35460338E0
:1001B000073815F0010F07D1013015F4807F02BF19
:1001C000013015F4C03F0130F0BC0138704700BF6A
:1001D000034613F8012B002AFBD1181A0138704787
:1001E00081F0004102E000BF83F0004330B54FEAE8
:1001F00041044FEA430594EA050F08BF90EA020F55
:100200001FBF54EA000C55EA020C7FEA645C7FEAE7
:10021000655C00F0E2804FEA5454D4EB5555B8BF0A
:100220006D420CDD2C4480EA020281EA030382EA7B
:10023000000083EA010180EA020281EA0303362D0D
:1002400088BF30BD11F0004F4FEA01314FF4801CE0
:100250004CEA113102D0404261EB410113F0004FF2
:100260004FEA03334CEA133302D0524263EB4303A9
:1002700094EA050F00F0A780A4F10104D5F1200E47
:100280000DDB02FA0EFC22FA05F2801841F10001A2
:1002900003FA0EF2801843FA05F359410EE0A5F176
:1002A00020050EF1200E012A03FA0EFC28BF4CF0A7
:1002B000020C43FA05F3C01851EBE37101F000455D
:1002C00007D54FF0000EDCF1000C7EEB00006EEB6A
:1002D0000101B1F5801F1BD3B1F5001F0CD34908F4
:1002E0005FEA30004FEA3C0C04F101044FEA44524B
:1002F00012F5800F80F09A80BCF1004F08BF5FEAD2
:10030000500C50F1000041EB045141EA050130BDB1
:100310005FEA4C0C404141EB0101013C28BFB1F5C3
:10032000801FE9D291F0000F04BF01460020B1FA0E
:1003300081F308BF2033A3F10B03B3F120020CDAE1
:100340000C3208DD02F1140CC2F10C0201FA0CF0BF
:1003500021FA02F10CE002F11402D8BFC2F1200C24
:1003600001FA02F120FA0CFCDCBF41EA0C019040DA
:10037000E41AA2BF01EB0451294330BD6FEA040423
:100380001F3C1CDA0C340EDC04F11404C4F120020E
:1003900020FA04F001FA02F340EA030021FA04F320
:1003A00045EA030130BDC4F10C04C4F1200220FA77
:1003B00002F001FA04F340EA0300294630BD21FAB5
:1003C00004F0294630BD94F0000F83F4801306BF7B
:1003D00081F480110134013D4EE77FEA645C18BF6F
:1003E0007FEA655C29D094EA050F08BF90EA020F06
:1003F00005D054EA000C04BF1946104630BD91EAFE
:10040000030F1EBF0021002030BD5FEA545C05D100
:100410004000494128BF41F0004130BD14F580043F
:100420003CBF01F5801130BD01F0004545F0FE41B3
:1004300041F470014FF0000030BD7FEA645C1ABFE8
:10044000194610467FEA655C1CBF0B46024650EA1F
:10045000013406BF52EA033591EA030F41F400214B
:1004600030BD00BF90F0000F04BF0021704730B5D1
:100470004FF4806404F132044FF000054FF00001A6
:1004800050E700BF90F0000F04BF0021704730B567
:100490004FF4806404F1320410F0004548BF40423C
:1004A0004FF000013EE700BF42004FEAE2014FEA91
:1004B00031014FEA02701FBF12F07F4393F07F4F6C
:1004C00081F06051704732F07F4208BF704793F06F
:1004D0007F4F04BF41F40021704730B54FF4607482
:1004E00001F0004521F000411CE700BF50EA010285
:1004F00008BF704730B54FF000050AE050EA01022E
:1005000008BF704730B511F0004502D5404261EB9D
:1005100041014FF4806404F132045FEA915C3FF4DE
:10052000D8AE4FF003025FEADC0C18BF03325FEA7B
:10053000DC0C18BF033202EBDC02C2F1200300FA2C
:1005400003FC20FA02F001FA03FE40EA0E0021FA51
:1005500002F11444BDE600BF70B54FF0FF0C4CF43F
:10056000E06C1CEA11541DBF1CEA135594EA0C0FF1
:1005700095EA0C0F00F0DEF82C4481EA030621EA2C
:100580004C5123EA4C5350EA013518BF52EA033567
:1005900041F4801143F4801338D0A0FB02CE4FF019
:1005A0000005E1FB02E506F00042E0FB03E54FF049
:1005B0000006E1FB03569CF0000F18BF4EF0010E41
:1005C000A4F1FF04B6F5007F64F5407404D25FEA3D
:1005D0004E0E6D4146EB060642EAC62141EA5551F0
:1005E0004FEAC52040EA5E504FEACE2EB4F1FD0C32
:1005F00088BFBCF5E06F1ED8BEF1004F08BF5FEAB0
:10060000500E50F1000041EB045170BD06F0004661
:1006100046EA010140EA020081EA0301B4EB5C040E
:10062000C2BFD4EB0C0541EA045170BD41F4801106
:100630004FF0000E013C00F3AB8014F1360FDEBF2B
:10064000002001F0004170BDC4F10004203C35DA07
:100650000C341BDC04F11404C4F1200500FA05F38A
:1006600020FA04F001FA05F240EA020001F000422B
:1006700021F0004110EBD37021FA04F642EB0601A1
:100680005EEA430E08BF20EAD37070BDC4F10C04CB
:10069000C4F1200500FA04F320FA05F001FA04F28F
:1006A00040EA020001F0004110EBD37041F100017B
:1006B0005EEA430E08BF20EAD37070BDC4F1200586
:1006C00000FA05F24EEA020E20FA04F301FA05F2EE
:1006D00043EA020321FA04F001F0004121FA04F296
:1006E00020EA020000EBD3705EEA430E08BF20EA66
:1006F000D37070BD94F0000F0FD101F000464000A0
:1007000041EB010111F4801F08BF013CF7D041EA21
:10071000060195F0000F18BF704703F00046520025
:1007200043EB030313F4801F08BF013DF7D043EAF6
:100730000603704794EA0C0F0CEA135518BF95EAAC
:100740000C0F0CD050EA410618BF52EA4306D1D133
:1007500081EA030101F000414FF0000070BD50EA52
:10076000410606BF1046194652EA430619D094EADC
:100770000C0F02D150EA013613D195EA0C0F05D1C6
:1007800052EA03361CBF104619460AD181EA03011A
:1007900001F0004141F0FE4141F470014FF00000D2
:1007A00070BD41F0FE4141F4780170BD70B54FF06D
:1007B000FF0C4CF4E06C1CEA11541DBF1CEA1355ED
:1007C00094EA0C0F95EA0C0F00F0A7F8A4EB0504CF
:1007D00081EA030E52EA03354FEA013100F08880C6
:1007E0004FEA03334FF0805545EA131343EA12638F
:1007F0004FEA022245EA111545EA10654FEA002644
:100800000EF000419D4208BF964244F1FD0404F5FC
:10081000407402D25B084FEA3202B61A65EB030558
:100820005B084FEA32024FF480104FF4002CB6EB15
:10083000020E75EB030E22BFB61A754640EA0C0095
:100840005B084FEA3202B6EB020E75EB030E22BFD5
:10085000B61A754640EA5C005B084FEA3202B6EB16
:10086000020E75EB030E22BFB61A754640EA9C00D5
:100870005B084FEA3202B6EB020E75EB030E22BFA5
:10088000B61A754640EADC0055EA060E18D04FEA63
:10089000051545EA16754FEA06164FEAC30343EA03
:1008A00052734FEAC2025FEA1C1CC0D111F4801FD0
:1008B0000BD141EA00014FF000004FF0004CB6E7C9
:1008C00011F4801F04BF01430020B4F1FD0C88BF68
:1008D000BCF5E06F3FF6AFAEB5EB030C04BFB6EB73
:1008E000020C5FEA500C50F1000041EB045170BD66
:1008F0000EF0004E4EEA113114EB5C04C2BFD4EB93
:100900000C0541EA045170BD41F480114FF0000E16
:10091000013C90E645EA060E8DE60CEA135594EA92
:100920000C0F08BF95EA0C0F3FF43BAF94EA0C0F95
:100930000AD150EA01347FF434AF95EA0C0F7FF40A
:1009400025AF104619462CE795EA0C0F06D152EA5E
:1009500003353FF4FDAE1046194622E750EA410642
:1009600018BF52EA43067FF4C5AE50EA41047FF453
:100970000DAF52EA43057FF4EBAE12E74FF0FF3CB8
:1009800006E000BF4FF0010C02E000BF4FF0010C89
:100990004DF804CD4FEA410C7FEA6C5C4FEA430C02
:1009A00018BF7FEA6C5C1BD001B050EA410C0CBF51
:1009B00052EA430C91EA030F02BF90EA020F0020B3
:1009C000704710F1000F91EA030F58BF994208BF1A
:1009D00090422CBFD8176FEAE37040F001007047D7
:1009E0004FEA410C7FEA6C5C02D150EA013C07D12E
:1009F0004FEA430C7FEA6C5CD6D152EA033CD3D079
:100A00005DF8040B704700BF8446104662468C4672
:100A10001946634600E000BF01B5FFF7B7FF0028A5
:100A200048BF10F1000F01BD4DF808EDFFF7F4FFCE
:100A30000CBF012000205DF808FB00BF4DF808ED59
:100A4000FFF7EAFF34BF012000205DF808FB00BF7C
:100A50004DF808EDFFF7E0FF94BF012000205DF89E
:100A600008FB00BF4DF808EDFFF7CEFF94BF012053
:100A700000205DF808FB00BF4DF808EDFFF7C4FF4C
:100A800034BF012000205DF808FB00BF4FEA410C95
:100A90007FEA6C5C02D150EA013C0AD14FEA430C78
:100AA0007FEA6C5C02D152EA033C02D14FF00000B5
:100AB00070474FF0010070474FEA410212F50012F3
:100AC00015D211D56FF47873B3EB625212D94FEA95
:100AD000C12343F0004343EA505311F0004F23FA7F
:100AE00002F018BF404270474FF00000704750EAD4
:100AF000013005D111F0004008BF6FF00040704791
:100B00004FF00000704700BF4A0011D212F50012EA
:100B100011D20DD56FF47873B3EB62520ED44FEA55
:100B2000C12343F0004343EA505323FA02F07047D5
:100B30004FF00000704750EA013002D14FF0FF3013
:100B400070474FF0000070474FEA4102B2F1E043B6
:100B500024BFB3F5001CDCF1FE5C0DD901F0004CA4
:100B60004FEAC0024CEA5070B2F1004F40EB8300F4
:100B700008BF20F00100704711F0804F21D113F120
:100B80003872BCBF01F00040704741F480114FEA59
:100B90005252C2F11802C2F1200C10FA0CF320FAE2
:100BA00002F018BF40F001004FEAC1234FEAD323FF
:100BB00003FA0CFC40EA0C0023FA02F34FEA430369
:100BC000CCE77FEA625307D150EA01331EBF4FF0F2
:100BD000FE4040F44000704701F0004040F0FE400D
:100BE00040F40000704700BF0348044B834202D02A
:100BF000034B03B118477047CC010020CC01002003
:100C0000000000000548064B1B1AD90F01EBA30199
:100C1000491002D0034B03B118477047CC010020A4
:100C2000CC0100200000000010B5064C237843B929
:100C3000FFF7DAFF044B13B10448AFF30080012340
:100C4000237010BDCC010020000000004CD0000833
:100C500008B5054B1BB105490548AFF30080BDE859
:100C60000840FFF7CFBF00BF00000000D001002008
:100C70004CD0000808B5012006F0D6FF4FF4C06044
:100C800006F0A8FF40F2026006F0A4FF40F2036005
:100C900006F0A0FF40F2046006F09CFF4FF4A06055
:100CA00006F098FF40F2015006F094FF40F21970F0
:100CB00006F090FF40F20E7006F08CFF40F20F70CD
:100CC00006F088FF40F20B6006F084FF40F20960F6
:100CD00006F080FF40F20A6006F07CFF40F20F60F1
:100CE00006F078FFBDE8084040F2117006F072BFD0
:100CF00070B505F097FEFFF7BDFF00F02FFA02F088
:100D0000D9FA02F043FA00F03DFC02F0F1F902F0EA
:100D100017FA00F0CFFA00F0BBFB03F075FBC548F3
:100D200009F014F9C44809F011F901230022022145
:100D3000C24809F0A3F8C248062105F059FCC04892
:100D400005F040FD002800F0AC81BE4DBE4C6B6943
:100D5000D4ED027A013304BF00236B612B690133A8
:100D600008BF0023F4EE677A08BF2B61F1EE10FA9A
:100D700080F19481BFEE007AF4EE477AF1EE10FA3A
:100D800000F08C81D4ED037AF4EE677AF1EE10FA7C
:100D900080F18181BFEE007AF4EE477AF1EE10FA2D
:100DA00000F07981D4ED067AF4EE677AF1EE10FA6C
:100DB00080F16E81BFEE007AF4EE477AF1EE10FA20
:100DC00000F066816B68D4ED077A013304BF01231C
:100DD0006B60AB68013304BF0023AB60EB68013389
:100DE00008BF4FF47A73F4EE677A08BFEB60F1EE58
:100DF00010FA80F11B81BFEE007AF4EE477AF1EE33
:100E000010FA00F01381D4ED087AF4EE677AF1EE6F
:100E100010FA80F10881BFEE007AF4EE477AF1EE25
:100E200010FA00F00081D4ED097AF4EE677AF1EE61
:100E300010FA80F1F580BFEE007AF4EE477AF1EE19
:100E400010FA00F0ED80D4ED127AF4EE677AF1EE4C
:100E500010FA80F1E280BFEE007AF4EE477AF1EE0C
:100E600010FA00F0DA80D4ED0A7AF4EE677AF1EE47
:100E700010FA80F1CF80BFEE007AF4EE477AF1EEFF
:100E800010FA00F0C780D4ED117AF4EE677AF1EE33
:100E900010FA80F1BB80BFEE007AF4EE477AF1EEF3
:100EA00010FA00F0B380D4ED0E7AF4EE677AF1EE2A
:100EB00010FA80F1A780BFEE007AF4EE477AF1EEE7
:100EC00010FA00F09F80D4ED177AF4EE677AF1EE15
:100ED00010FA80F19480BFEE007AF4EE477AF1EEDA
:100EE00010FA00F08C80D4ED187AF4EE677AF1EE07
:100EF00010FA80F18180BFEE007AF4EE477AF1EECD
:100F000010FA79D0D4ED147A5048514EF4EE677A45
:100F1000D4ED137AF1EE10FA64BF4E4B2365F4EE74
:100F2000677AD4ED167AF1EE10FA64BF4A4BE364A7
:100F3000F4EE677AD4ED157AF1EE10FA64BF474B00
:100F4000A365F4EE677AF1EE10FA64BF444B636573
:100F500003F0F4FC00214FF44472424809F017F802
:100F60006A69A36AC6F8D82064202A69C6F8D42022
:100F7000B3663D4D05F078FD6421304605F064F818
:100F80003A494FF4007206F1DC0009F04DF895E89B
:100F9000070003F031F9002840F08B80344800F05E
:100FA00011FB344800F028FB00221146282006F0EF
:100FB000BFFD01220021142006F0BAFD002201210C
:100FC000192006F0B5FD00220221262006F0B0FD12
:100FD000294B062101221980DA7000244FF47A701F
:100FE00005F042FDAB880134002BF7D095E80700EF
:100FF000234603F017F8F1E7204B236682E7204BE6
:10100000E36570E74FF07E53A3635CE74FF07E53D8
:10101000636448E71B4BA36235E7184BA36422E7E0
:10102000194B63620FE7194B2362FCE60023E3616F
:10103000E9E600BF80D100088CD10008ACD10008DF
:10104000C0390020D8390020D83D0020BC3600200F
:101050009833002000004841000048C1000082424F
:10106000000082C2442E00208C330020F039002082
:10107000E8010020FC010020A83600200000A0406C
:101080000000FA430000A841000060410000FA425D
:101090000023A36196E6094BE36083E6084BA36057
:1010A00070E60849084800F06FFB084808F04EFF5A
:1010B0004BE6074808F04AFF70E700BF00002042F7
:1010C00000007A44D83D0020D8390020C8D100085B
:1010D00018D2000808B514484FF4006106F0A0FCCF
:1010E0001248002106F0A6FF002211460F4807F023
:1010F00039F90E480022012107F034F90B4800228B
:10110000022107F02FF900221146084807F0CCF819
:1011100006480022012107F0C7F8BDE8084003484F
:101120000022022107F0C0B800080140002C014055
:10113000024A136803431360FFF7CCBFD83E002078
:10114000014B1868704700BFD83E0020024A136860
:1011500023EA000313607047D83E002010B55048C2
:10116000012106F071FC4F48012106F06DFC4E484C
:101170004FF4A0530122182106F0FAFB4A484FF41D
:1011800000630122042106F0F3FB4FF40043012227
:101190004648102106F0ECFB44484FF4004106F0AD
:1011A0003DFC43484FF420430122182106F0E0FBA8
:1011B0003F484FF480430122482106F0D9FB4FF409
:1011C000805301223A48102106F0D2FB38484FF4F0
:1011D000805106F023FC35484FF4006302221021B1
:1011E00006F0C6FB4FF4805303223048042106F07A
:1011F000BFFB2E484FF4006106F012FC2B484FF461
:10120000E0630322182106F0B3FB274803230422DE
:10121000002106F0ADFB264801230422002106F040
:10122000A7FB21480C230422002106F0A1FB1F4844
:10123000F0230422002106F09BFB1B4830230422EC
:10124000002106F095FB4FF40053022216481021AE
:1012500006F08EFB14484FF4005106F0E1FB1348F2
:1012600004230122182106F083FB082301220F48E2
:10127000042106F07DFB01214FF4EA1006F0E4FBA7
:101280000B484FF480730222482106F071FBBDE841
:10129000104007484FF400730322182106F068BB82
:1012A0000010200000023000001001400008014042
:1012B000000C014070B5714888B0002106F004F9B7
:1012C0006F4A704B01920024042503934FF400727F
:1012D0004FF400634FF48076029204930DEB050205
:1012E0004FF4805321466548ADF81C60CDE90553A5
:1012F0008DF81E4006F006F92146604806F040F9D8
:1013000021465E4806F04EF95F4805F037FD5F481C
:1013100005F034FD4FF4803005F07EFD31465A482B
:10132000012205F089FD22465748022105F084FD7F
:1013300031465648012205F07FFD224653480221DE
:1013400005F07AFD2146504805F09EFD2A464E489C
:10135000012105F0A3FD01224B48022105F09EFD6D
:1013600021464A4805F090FD2A464848012105F0EB
:1013700095FD46480122022105F090FD23462146B5
:101380004148062205F0A8FD23463F480F220121CF
:1013900005F0A2FD23463C480722022105F09CFDF2
:1013A000234639480822032105F096FD23462146AD
:1013B0003648052205F090FD234634480E220121CF
:1013C00005F08AFD23462A463048022105F084FDB7
:1013D00023462E480C22032105F07EFD2A484FF4B7
:1013E0006022012105F024FE01221146264805F065
:1013F00003FE26484FF46022012105F019FE012268
:101400001146224805F0F8FD234621461E480B22CE
:1014100005F0BAFD234621461C480A2205F0B4FD1A
:1014200019484FF4E042022105F002FE164801225D
:10143000022105F0E1FD15484FF4E042022105F0DC
:10144000F7FD01220221114805F0D6FD0E4805F0F6
:10145000DDFC0E4805F0DAFC0B4805F0BDFC0B483E
:1014600005F0BAFC012005F0FFFA074805F0BCFCC6
:10147000064805F0B9FC08B070BD00BF000002408E
:101480004C240140E03E002000240140002801409F
:1014900070B5384888B0042106F016F83649374A46
:1014A00001914FF48063012400254FF4807603926C
:1014B000049301AA4FF480532E4806930421ADF8FB
:1014C0001C6002968DF81E50059406F01BF8294802
:1014D000042106F055F80421264806F063F8284850
:1014E00005F04CFC22463146254805F0A5FC2A466D
:1014F0002348022105F0A0FC2946214805F0C4FC40
:10150000224621461E4805F0C9FC22461C480221FD
:1015100005F0C4FC2B46294619480D2205F0DCFCD9
:10152000214617484FF4602205F082FD22462146ED
:10153000134805F061FD2B46294611480D2205F0A0
:1015400023FD0F484FF4E042022105F071FD2246D1
:1015500002210B4805F050FD094805F057FC0848EA
:1015600005F03AFC204605F07FFA054805F03CFC02
:1015700008B070BD000402404C3C0140DC3E00203D
:10158000003C014000B585B001A9002005F0A6FD92
:101590000A4805F091FD0A484FF48072CDE9010236
:1015A0004FF4802301A90548039305F0C9FD0348C2
:1015B000022105F085FF05B000BD00BF00640040BA
:1015C0000000090300B5014687B0032005F086FD41
:1015D00001A9012005F082FD00234FF48031012292
:1015E00001A8CDE90133CDE903318DF8142005F0D0
:1015F00039FE07B000BD00BF00B583B001460190C1
:10160000022005F06BFD054A0199906808600023EF
:1016100006228A724B600B8103B000BDD8390020CE
:10162000F0B52DED028B1E4D83B00446F0EE608ABE
:10163000B0EE418AD5ED130A95ED141A01911020F0
:1016400004F078FB95ED161AD5ED150A0746B0EEB5
:10165000680A0C2004F06EFBD5ED030A95ED0E7AB6
:10166000D5ED117A60EEC70A064660EEA70AB0EE25
:10167000480AB1EE601A0C2004F05CFB03120199D9
:10168000E17203EB06137ABA3111E3730023A173FD
:10169000A28120746374A37403B0BDEC028BF0BD0F
:1016A000D83D002084B0F0B52DED028B83B00AAC9C
:1016B00084E80F009DF836309DF835709DF839208C
:1016C0009DF83760BDF833002D4C9DF838E09DF84B
:1016D0003A10D4ED140A94ED130A0F9D9FED298A58
:1016E0004FEA032C1B0943EA07170CF470631E43EF
:1016F000130240BA120903F470630B4342EA0E125C
:1017000080B210210092019304F028FB85ED000ABD
:10171000D4ED160A94ED150A38460C2104F01EFB90
:1017200085ED010AD4ED170A3046B0EE480A0C21C7
:1017300004F014FB85ED020AD4ED180A00980C2180
:10174000B0EE480A04F00AFB85ED030A94ED030AA3
:1017500094ED0E7AD4ED117A019820EE470A0C210F
:1017600020EE270AF1EE400A04F0F8FA85ED040AAB
:1017700003B0BDEC028BBDE8F04004B0704700BF81
:10178000D83D00200000000070B54FF480620C4688
:101790000546002108F0FBFB01264FF48072002172
:1017A000204608F0F4FB6E60002300224FF47A76A6
:1017B000C5E904222A60AA60EE60154ADFED156AC9
:1017C0009FED157ADFED157AA3614FF07E51E3614D
:1017D0006363E3632364124BDFF858E0DFF858C01B
:1017E0001048A1636164A2640F49236522660F4B10
:1017F0000F4AC4ED026A84ED037AC4ED087AC4F896
:1018000054E0C4F858C0E164E0656262A36270BD50
:101810000000A04000007A44000020420000FA428C
:10182000000048410000FA43000048C10000A84100
:1018300000006041000082C20000824270B50E4686
:101840001E49A0F1040E00F57F754FF0FF305EF8E1
:10185000044F4FF0000C24FA0CF3DBB2584008227E
:1018600040F300030B40013A83EA5000F8D10CF139
:10187000080CBCF1200FEED17545E8D10F49B646F2
:1018800006F58075DEF800404FF0000C24FA0CF3EA
:10189000DBB25840082240F300030B40013A83EAD0
:1018A0005000F8D10CF1080CBCF1200FEED10EF174
:1018B000040EAE45E6D1C04370BD00BF2083B8ED35
:1018C0000368012B00F22C8243687F2B00F22882F0
:1018D00083687F2B00F22482C368DE4A013B934277
:1018E00000F21E820369DFF8A4C34FF6FF721344AF
:1018F000634500F2158243691A44624500F2108282
:10190000D1ED027A9FEDD47AF0EEE76AF4EE476A01
:10191000F1EE10FA00F20482DFEDDD6AF4EEE67A11
:10192000F1EE10FAC0F2FC81DFEDCC6AF4EEE67A5B
:10193000F1EE10FA00F2F481D1ED037AF0EEE76AED
:10194000F4EE476AF1EE10FA00F2EA819FEDC47AF4
:10195000F4EEC77AF1EE10FAC0F2E2819FEDC17A9F
:10196000F4EEC77AF1EE10FA00F2DA81D1ED064A10
:10197000DFEDB96AB0EEE47AB4EE667AF1EE10FA11
:1019800000F2CE81F5EEC04AF1EE10FAC0F2C88145
:101990009FEDB57AF4EEC74AF1EE10FA00F2C0817D
:1019A00091ED077AB0EEC76AB4EE666AF1EE10FA0E
:1019B00000F2B681B5EEC07AF1EE10FAC0F2B08155
:1019C0009FEDB36AB4EEC67AF1EE10FA00F2A88188
:1019D00091ED087AB0EEC76AB4EE666AF1EE10FADD
:1019E00000F29E81F7EE006AB4EEE67AF1EE10FAAC
:1019F000C0F29681DFED9D6AB4EEE67AF1EE10FA60
:101A000000F28E8191ED095ADFED936AB0EEC57A4E
:101A1000B4EE667AF1EE10FA00F282819FED907AD0
:101A2000B4EEC75AF1EE10FAC0F27A819FED907AC7
:101A3000B4EEC75AF1EE10FA00F2728191ED0A7A13
:101A4000B0EEC76AB4EE666AF1EE10FA00F2688191
:101A5000B7EE006AB4EEC67AF1EE10FAC0F2608119
:101A60009FED846AB4EEC67AF1EE10FA00F2588166
:101A700091ED0D7AB0EEC76AB4EE666AF1EE10FA37
:101A800000F24E81B5EEC07AF1EE10FAC0F2488154
:101A9000DFED7F6AB4EEE67AF1EE10FA00F24081F3
:101AA000D1ED0E6A9FED6C7AB0EEE66AB4EE476A4D
:101AB000F1EE10FA00F234819FED6F6AF4EEC66A1F
:101AC000F1EE10FAC0F22C81B2EE046AF4EEC66AAE
:101AD000F1EE10FA00F22481D1ED0F6AB0EEE66A61
:101AE000B4EE476AF1EE10FA00F21A81F5EEC06A20
:101AF000F1EE10FAC0F214819FED606AF4EEC66A4E
:101B0000F1EE10FA00F20C81D1ED106AB0EEE66A47
:101B1000B4EE476AF1EE10FA00F20281F5EEC06A07
:101B2000F1EE10FAC0F2FC809FED556AF4EEC66A41
:101B3000F1EE10FA00F2F480D1ED116AB0EEE66A2F
:101B4000B4EE476AF1EE10FA00F2EA809FED4D7AAA
:101B5000F4EEC76AF1EE10FAC0F2E2809FED477A28
:101B6000F4EEC76AF1EE10FA00F2DA80D1ED126AF3
:101B70009FED397AB0EEE66AB4EE476AF1EE10FAFC
:101B800000F2CE809FED366AF4EEC66AF1EE10FAEE
:101B9000C0F2C680B3EE046AF4EEC66AF1EE10FA43
:101BA00000F2BE80D1ED135AF0EEE56AF4EE476A1A
:101BB000F1EE10FA00F2B480DFED336AF4EEE65A8B
:101BC000F1EE10FAC0F2AC80F5EEC05AF1EE10FA68
:101BD00000F2A68091ED146AF0EEC66AF4EE476A50
:101BE000F1EE10FA00F29C80B5EEC06AF1EE10FA48
:101BF000C0F296809FED214AB4EEC46AF1EE10FA6D
:101C000000F28E80D1ED156AB0EE473AB0EEE67A7A
:101C1000B4EE437AF1EE10FA00F282809FED1A7A68
:101C2000F4EEC76AF1EE10FA7ADBF5EEC06AF1EE77
:101C300010FA75D891ED167AF0EEC73AF4EE433A01
:101C4000F1EE10FA6CD8B5EEC07AF1EE10FA67DB5F
:101C500020E000BF9F860100FFFF7F7F0000FA4465
:101C6000CDCCCC3D00007042000004420000164381
:101C7000000020420000804217B7D13800007A44AB
:101C80000050C3476F12833A00007AC4FEFF010080
:101C90000000C842B4EEC47AF1EE10FA40D8D1ED9B
:101CA000173AF0EEE32AF4EE432AF1EE10FA37D8B1
:101CB000F5EEC03AF1EE10FA32DBF4EEC43AF1EE92
:101CC00010FA2DD891ED184AF0EE433AB0EEC43A2E
:101CD000B4EE633AF1EE10FA22D8B5EEC04AF1EE56
:101CE00010FA1DDB5FED163AB4EEE34AF1EE10FA9E
:101CF00016D8F4EEE47AF1EE10FA11DBF4EEC57AC0
:101D0000F1EE10FA0CDBF4EEC65AF1EE10FA07D53C
:101D1000F4EEC76AF1EE10FA4CBF012000207047C4
:101D20000020704730B5DFF83CC083B06045069DA9
:101D3000079C02D0002003B030BD0229FAD1B2F5D1
:101D4000A07FF7D1214628460193FFF777FD019B3D
:101D50009842EFD12146284603B0BDE83040FFF756
:101D6000AFBD00BF4154484E401A0028D4BF0020E8
:101D70000120704740B12AB15B1A002BD4BF00206C
:101D8000012070471046704782420CBF4FF0FF3071
:101D90000120704711B10AB1082B01D00020704713
:101DA000009BC01AB3F5006FB0FA80F04FEA5010F4
:101DB00028BF0020704700BF431E00F1060C13F837
:101DC000012FFF2A09D16345F9D1C279131DDBB276
:101DD000022B02D80A70012070470020704700BF14
:101DE00038B5C0F30D0444F4804440F44045204627
:101DF0000BF0E6F8002814BF2846204638BD00BF87
:101E0000084310B5C0F30D0420460BF0D9F844EA9E
:101E1000C03080B210BD00BF10B504460BF0D0F842
:101E200028B914F4804F18BF6FF0010010BD4FF0B7
:101E3000FF3010BDC0F30D00C1F30D01401AB0F525
:101E4000005F03DDA0F5804000B2704710F5005F31
:101E5000B8BF00F5804000B2704700BF0378A52BE3
:101E600029D143785A2B26D18378012B23D110B561
:101E700083790C46CBB9DFF84CE0421E811D00236C
:101E800012F801CF83EA0C0391421EF80330F7D118
:101E9000C2799A4212D1C37823700379637043796F
:101EA000A3708379E370002010BDC378072BE2D0C4
:101EB0004FF0FF3010BD4FF0FF3070476FF0010062
:101EC00010BD00BF68D0000890F800C06CF07F0C17
:101ED00083F800C090F801C083F801C08078987042
:101EE0004FEA122CD970100C110E1A7183F805C02C
:101EF0009871D971704700BF164B1B7803B97047B2
:101F000030B5154C237883B0DBB2CDE900310546FE
:101F100004F0C2FD009B114A019903EB430C4FEA08
:101F20008C0E013342F80E0002EB8C0203F01F030B
:101F30000B4815719160237003781F2B04D8037828
:101F40000133037003B030BD064A136801331360D8
:101F500003B030BDFA3E0020F93E0020FC3E0020D8
:101F6000F83E0020F43E00202DE9F041894C016844
:101F7000236840F201720133914288B0236006D198
:101F8000037A23B9437A13B9827A082A05D0A36861
:101F90000133A36008B0BDE8F08102A90B300093C3
:101FA000FFF75CFF18B1E3680133E360F2E704F088
:101FB00073FD7949009B0A68821A132A40F23B811B
:101FC000626808609DF8081001320729626000F01D
:101FD0003681032901F26D80DFE801F0A59B19022B
:101FE0009DF80A100F2900F2A380DFE811F0EE003F
:101FF000EC00EA00050103010101FF00FD00A10062
:10200000F900F500F100E600E200A100DF009DF814
:102010000A207A2A00F28C80DFE812F0680362035B
:102020005C0305037A03770390038A008A00F000BB
:102030000203FF02F902F302EB02E402E002DC0217
:1020400087037E038A008A008A008A000701F9005C
:10205000F6009403F9000701F6008A008A008A005E
:102060008A008A008A008A008A008A008A008A0020
:102070008A008A008A008A008A008A008A008A0010
:102080008A008A008A008A008A008A00C4039A03B0
:102090000701FA03F403ED03E603DF03D803D103DA
:1020A000CA036B0464045D0456044F0448044104ED
:1020B0003A0433042C0425041E04170410040904F4
:1020C0000004F307D807AD07920758073307210725
:1020D0000607DB06C00695067A06620657064B061B
:1020E00030060F06F405C905AE0579055E05330512
:1020F0001805ED04D504BF04A40489047D047A0402
:102100007204C802F000C002A502990260025802DF
:10211000DE009DF80A20042A00F2CE87DFE802F0F4
:102120003633312F38009DF80A20002A00F06281F2
:102130000123216901310022216103A90220CDE997
:10214000003204F0CBFF00230493ADF8143040F2CA
:10215000817303930823DDE9001202A88DF816307D
:102160000DF11703FFF7B0FE0C4803A905F0F4F8D2
:10217000032800F03B81A3690133A3610AE7084A01
:10218000DBE70F22D9E74FF48032D6E7054AD4E7E0
:10219000054AD2E77C400020F03E00200064004069
:1021A00001D1E0A74154484E01E803009D4A12685E
:1021B000C3E79D4AD2F80823BFE79B4AD2F804231D
:1021C000BBE7A268B9E76268B7E722680B46B4E7E5
:1021D000954AD2F80023B0E7944AD2F8FC22ACE743
:1021E000914AD2F8FC22A8E7E269A6E7A269A4E72F
:1021F0006269A2E72269A0E7E2689EE78B490A8943
:10220000C96842EA014298E740F2154295E7884AD8
:102210009FED887AD2ED037A8749884AB4EEE77A4F
:10222000F1EE10FAB8BF0A4687E7009301F0ECFB25
:10223000009B024681E7636901336361AAE69DF86A
:102240000A20013A0B2A00F23487DFE812F0C800B6
:10225000C000B8009700A4008D00780061004C0019
:10226000370021000C0076489DF80B2001788A4247
:10227000BFF45EAF7349097800782031091A0A4427
:10228000714902F01F020C2000FB0212926854E711
:102290006B489DF80B2001788A42BFF449AF694929
:1022A000097800782031091A0A44674902F01F02B0
:1022B0000C2000FB02121279D2B23EE760489DF872
:1022C0000B2001788A42BFF433AF5E490978007869
:1022D0002031091A0A4402F01F020C205A4900FB5F
:1022E00002F28A5829E75749554800220A7057498F
:1022F00002700A60564A1278007842EA00220868A2
:10230000B0F5803F36BF0968524909040A4314E713
:102310004F4A4FF0000C82F800C01178002976D1A6
:1023200047484A491278007842EA00220868B0F526
:10233000803F36BF0968474909040A43FDE6444A1D
:102340003F48012111701178002955D13F49127879
:10235000007842EA00220868B0F5803F36BF09687D
:102360003C4909040A43E8E63B48028882B11B2144
:10237000009303F0EDFB009B0122DEE69DF80B20AD
:10238000013AD2B2132A03D8334A1288002A67D0FE
:1023900002230022D1E6304A11880029F8D10093A7
:1023A000FEF7CEFE0028F3D11F4991F8DD12002977
:1023B000EED029487A2103F0CBFB009BDCE72648CE
:1023C0000093652103F0C4FB009B0322B5E622487D
:1023D00000936D2103F0BCFB009B0222ADE61E487A
:1023E00000931B2103F0B4FB009BC5E7E3690133B5
:1023F000E361CFE5194AA0E61449124D4FF0000CF5
:1024000085F800C080F800C0C1F800C09FE70D4902
:102410000B4881F800C00D4980F800C0C1F800C029
:1024200080E700BF9C40002098330020BC3600208D
:10243000D83D002000002042A0008002A000C00281
:10244000F83E0020F93E0020FC3E0020F43E002033
:10245000FA3E00200000FFFFA83600204154484EFD
:102460000093FEF76DFE002892D1BC4A9288002AA4
:102470008ED1BB4A92F8DD22002A89D0B94A92F85F
:10248000F522002A84D000F180404FF4805100F5FD
:10249000843005F0CDFA00283FF47AAF9DF80B3078
:1024A0009FEDB17AB14AB24807EE903AF8EE677AFA
:1024B000632167EE877AC2ED127A03F049FB9DF83B
:1024C0000B20009B642101FB02F236E6A54AD2F8FC
:1024D000F81292F8F52242EA01222EE6A1499FED78
:1024E000A57AD1ED067AF4EEC77AF1EE10FA80F211
:1024F00009819FEDA17AF4EEC77AF1EE10FA40F26D
:10250000FF809FED9E7A67EE877AFDEEE77A17EE01
:10251000902AD1ED077A9FED977AF4EEC77AF1EE23
:1025200010FA92B280F2E9809FED937AF4EEC77AC6
:10253000F1EE10FA40F2DF809FED907A67EE877A35
:10254000FDEEE77A17EE901A42EA0142F5E5854A78
:102550009FED8B7AD2ED1C7A67EE877AFCEEE77AF4
:1025600017EE902AE9E57F498A68D1F89800121A97
:10257000B2F5004F2BDA83488242B8BF0246C868E2
:10258000D1F89C10411AB1F5004F92B21CDA7D4887
:102590008142B8BF014642EA0142CEE57149B1F835
:1025A0009820D1F89C1042EA0142C6E57649774A64
:1025B000DFF8ECC101F5007E51F8040F42408E4572
:1025C0000CFB02F2F8D1B8E547F6FF71E3E747F6F6
:1025D000FF72D4E7634AD2F8B420AEE56C4AD2F871
:1025E0001824AAE55E4991F8DE2242B1D1F8E6222C
:1025F000A3E5684AD188128942EA01429DE5032396
:102600009BE5644A5188928842EA014295E5614A15
:102610005189128842EA01428FE55E4AD2688CE510
:10262000504A128A89E54FF480515B48009305F0C7
:10263000FFF94FF400610646574805F0FFF9031E05
:1026400056485349D0F8442CC2F3C035D1F8182469
:10265000D1F818E4D1F81814C1F3800CD0F8201C7C
:102660004FEA42124FEA012101F4807102F0200288
:1026700042EA01023A4991F8DD1218BF01230039FC
:1026800018BF012142EA430242EAC1023549009BD8
:1026900091F8F512003918BF012142EA0112CEF378
:1026A000400E42EA850242EA8E1242EACC12D0F88B
:1026B00020CCD0F8201CCCF3001042EA4022C1F319
:1026C000002142EA8122002E08BF42F0010242F0BE
:1026D000004232E50093FEF733FD009B02462CE5F5
:1026E000009304F0D9F9009B024626E51D491346E4
:1026F000D1F8F82221E5234926E747F6FF7123E7C1
:10270000204A06E747F6FF7203E7154A926F14E581
:10271000134AD2F8E02210E52049D1F83C2CD1F838
:102720002C1C92B242EA014207E51C49D1F8342C34
:10273000D1F8381C92B242EA0142FEE4084AD2F8CB
:102740008020FAE4009301F009FB009B0246F4E4C8
:10275000009301F053F9009B0246EEE48C33002015
:1027600098330020BC360020CDCCCC3DD83D002095
:10277000A8360020681103426F1203C200007A4499
:10278000002474490080FFFFEC390020C59D1C81A6
:1027900000600040E03E00200008014000200140B1
:1027A00093010001009301F023F9009B0246C4E469
:1027B0000520009301F03AF9009B0246BDE4042095
:1027C000009301F033F9009B0246B6E40320009326
:1027D00001F02CF9009B0246AFE40220009301F0C7
:1027E00025F9009B0246A8E40120009301F01EF9A0
:1027F000009B0246A1E40020009301F017F9009B22
:1028000002469AE4009301F00BF9009B024694E41F
:10281000009301F0FFF8009B02468EE4C949CA7894
:1028200048780978120442EA00220A4385E40E201F
:10283000009301F005F9009B02467EE40D20009311
:1028400001F0FEF8009B024677E40C20009301F0B3
:10285000F7F8009B024670E40B20009301F0F0F8BB
:10286000009B024669E40A20009301F0E9F8009B0E
:10287000024662E40920009301F0E2F8009B024660
:102880005BE40820009301F0DBF8009B024654E46F
:102890000720009301F0D4F8009B02464DE4062087
:1028A000009301F0CDF8009B024646E4052000931A
:1028B00001F0C6F8009B02463FE40420009301F0BB
:1028C000BFF8009B024638E40320009301F0B8F8FB
:1028D000009B024631E40220009301F0B1F8009B16
:1028E00002462AE40120009301F0AAF8009B024668
:1028F00023E40020009301F0A3F8009B02461CE4AF
:10290000914992480093FEF799FF009B024614E418
:102910008E4A526911E48E498C4AD1ED1A7A1268B6
:10292000FCEEE77A17EE901A42EA014205E4864A85
:102930009FED887AD2ED0A7AF4EEC77AF1EE10FABA
:1029400078DA9FED857AF4EEC77AF1EE10FA6DD958
:102950009FED827A67EE877AFDEEE77A17EE902A8E
:10296000FFF7EBBB7E4A9FED7B7AD2ED557AF4EE12
:10297000C77AF1EE10FA22DA9FED777AF4EEC77A91
:10298000F1EE10FA17D99FED757A67EE877AFDEEB2
:10299000E77A17EE902AFFF7D0BB714A9FED717A64
:1029A000D2ED5E7A67EE877AFCEEE77A17EE902A30
:1029B00092B2FFF7C2BB4FF00042FFF7BEBB6FF011
:1029C0000042FFF7BABB664ADFED666AD2ED5C7A79
:1029D00092ED5D7A67EEA67A27EE267AFCEEE77A2C
:1029E000BCEEC77A17EE902A17EE101A92B242EA9E
:1029F0000142FFF7A2BB5A4A9FED567AD2ED5B7AAD
:102A0000F4EEC77AF1EE10FA1CDA9FED537AF4EE89
:102A1000C77AF1EE10FA11D99FED507A67EE877AF6
:102A2000FDEEE77A17EE902AFFF787BB4FF00042E2
:102A3000FFF783BB6FF00042FFF77FBB4FF0004210
:102A4000FFF77BBB6FF00042FFF777BB444A9FED77
:102A5000417AD2ED5A7AF4EEC77AF1EE10FA2FDA13
:102A60009FED3D7AF4EEC77AF1EE10FA24D99FED8E
:102A70003B7A67EE877AFDEEE77A17EE902AFFF74A
:102A80005CBB374A9FED337AD2ED597AF4EEC77AC0
:102A9000F1EE10FA1CDA9FED307AF4EEC77AF1EE1F
:102AA00010FA11D99FED2D7A67EE877AFDEEE77A5D
:102AB00017EE902AFFF741BB4FF00042FFF73DBBF6
:102AC0006FF00042FFF739BB4FF00042FFF735BB14
:102AD0006FF00042FFF731BB214A9FED1E7AD2ED25
:102AE000587AF4EEC77AF1EE10FA41DA9FED1A7ACD
:102AF000F4EEC77AF1EE10FA36D99FED187A67EE48
:102B0000877AFDEEE77A17EE902AFFF716BB144A94
:102B10009FED107AD2ED577AF4EEC77AF1EE10FA03
:102B20006CDA9FED0D7AF4EEC77AF1EE10FA61D906
:102B30009FED0A7A67EE877AFDEEE77A17EE902A24
:102B4000FFF7FBBAA8360020D83D0020D839002076
:102B5000983300206C12034A6C1203CA00007A44B6
:102B60001032002000401C464FF00042FFF7E5BA4B
:102B70006FF00042FFF7E1BAC74A9FEDC87AD2ED85
:102B8000567AF4EEC77AF1EE10FA2FDA9FEDC47A96
:102B9000F4EEC77AF1EE10FA24D99FEDC27A67EE0F
:102BA000877AFDEEE77A17EE902AFFF7C6BABA4A9F
:102BB0009FEDBA7AD2ED547AF4EEC77AF1EE10FABC
:102BC00058DA9FEDB77AF4EEC77AF1EE10FA4DD9E4
:102BD0009FEDB47A67EE877AFDEEE77A17EE902ADA
:102BE000FFF7ABBA4FF00042FFF7A7BA6FF0004211
:102BF000FFF7A3BA4FF00042FFF79FBA6FF0004211
:102C0000FFF79BBAA84A9FEDA57AD2ED067AF4EEBB
:102C1000C77AF1EE10FA25DA9FEDA17AF4EEC77AC1
:102C2000F1EE10FA1AD99FED9F7A67EE877AFDEEE2
:102C3000E77A17EE902AFFF780BA9C4A9C491278EF
:102C4000097842EA01229B490868B0F5803F36BF07
:102C50000968994909040A43FFF76FBA4FF0004227
:102C6000FFF76BBA6FF00042FFF767BA4FF0004210
:102C7000FFF763BA6FF00042FFF75FBA8F4A9FED2C
:102C8000877AD2ED127AF4EEC77AF1EE10FA18DAFA
:102C90009FED837AF4EEC77AF1EE10FA0DD99FED2D
:102CA000817A67EE877AFDEEE77A17EE902AFFF7D2
:102CB00044BA7D4AD269FFF740BA4FF00042FFF7AD
:102CC0003CBA6FF00042FFF738BA77498A8D08782E
:102CD00091F82010120442EA00220A43FFF72DBAAD
:102CE0007149774A107892F801C00A7C120442EACE
:102CF0000C22024391F8210042EA006291F822007E
:102D000091F8241042EA406242EA8162FFF715BA64
:102D10006C4A9FED627AD2ED377AF4EEC77AF1EE23
:102D200010FA2FDA9FED5E7AF4EEC77AF1EE10FA20
:102D300024D99FED5C7A67EE877AFDEEE77A17EE8D
:102D4000902AFFF7FAB95F4A9FED547AD2ED367AAE
:102D5000F4EEC77AF1EE10FA1CDA9FED517AF4EE38
:102D6000C77AF1EE10FA11D99FED4E7A67EE877AA5
:102D7000FDEEE77A17EE902AFFF7DFB94FF0004239
:102D8000FFF7DBB96FF00042FFF7D7B94FF0004211
:102D9000FFF7D3B96FF00042FFF7CFB9494A9FED73
:102DA0003F7AD2ED357AF4EEC77AF1EE10FA2FDAE7
:102DB0009FED3B7AF4EEC77AF1EE10FA24D99FED3D
:102DC000397A67EE877AFDEEE77A17EE902AFFF7F9
:102DD000B4B93C4A9FED317AD2ED347AF4EEC77A39
:102DE000F1EE10FA1CDA9FED2E7AF4EEC77AF1EECE
:102DF00010FA11D99FED2B7A67EE877AFDEEE77A0C
:102E000017EE902AFFF799B94FF00042FFF795B9F6
:102E10006FF00042FFF791B94FF00042FFF78DB914
:102E20006FF00042FFF789B9264A9FED1C7AD2ED78
:102E3000337AF4EEC77AF1EE10FA1EDA9FED187AC3
:102E4000F4EEC77AF1EE10FA13D99FED167A67EE19
:102E5000877AFDEEE77A17EE902AFFF76EB91A49E6
:102E6000D1F83C2CD1F82C1C92B242EA0142FFF777
:102E700064B94FF00042FFF760B96FF00042FFF70E
:102E80005CB91149D1F8342CD1F8381C92B242EA1D
:102E90000142FFF752B900BF103200206C12034A02
:102EA0006C1203CA00007A4410020020FA3E00208F
:102EB000F83E0020F43E00200000FFFFD83D002037
:102EC000A8360020BC360020002001407C499FED40
:102ED0007D7AD1ED057AF4EEC77AF1EE10FA80F240
:102EE000E5809FED797AF4EEC77AF1EE10FA40F2C0
:102EF000DB809FED767A67EE877AFDEEE77A17EE54
:102F0000902AD1ED067A9FED6F7AF4EEC77AF1EE52
:102F100010FA92B280F2C5809FED6B7AF4EEC77A18
:102F2000F1EE10FA40F2BB809FED687A67EE877A87
:102F3000FDEEE77A17EE901A42EA0142FFF7FDB87C
:102F40005F4A9FED637AD2ED117AF4EEC77AF1EE23
:102F500010FA2FDA9FED5F7AF4EEC77AF1EE10FAED
:102F600024D99FED5A7A67EE877AFDEEE77A17EE5D
:102F7000902AFFF7E2B8524A9FED557AD2ED2A7AAD
:102F8000F4EEC77AF1EE10FA1CDA9FED527AF4EE05
:102F9000C77AF1EE10FA11D99FED4C7A67EE877A75
:102FA000FDEEE77A17EE902AFFF7C7B84FF0004220
:102FB000FFF7C3B86FF00042FFF7BFB84FF0004211
:102FC000FFF7BBB86FF00042FFF7B7B8424A9FED7A
:102FD000407AD2ED037AF4EEC77AF1EE10FA5ADABB
:102FE0009FED3C7AF4EEC77AF1EE10FA4FD99FEDDF
:102FF000377A67EE877AFDEEE77A17EE902AFFF7C9
:103000009CB8009300F0AAFE344A9288151E2C4A00
:1030100092F8F52218BF0125161E314A92F8DD22DA
:10302000804618BF01264FF40061171E2D4818BFB7
:10303000012704F003FD011E2B48D0F8442CC2F3F5
:10304000C03CD0F8202CD0F8203CD0F820EC4FEA3F
:10305000821202F040020EF4807E42EA0E0242EA40
:10306000450242EA860242EAC702C3F3001042EA7E
:103070004C1242EAC01218BF0121B8F1000F18BF6C
:1030800042F00102009B42EA0112FFF756B84FF0EE
:103090000042FFF752B86FF00042FFF74EB81349F5
:1030A0004AE747F6FF7147E7104A2AE747F6FF72FB
:1030B00027E70423FFF73DB80B46FFF73AB800BFF8
:1030C000BC360020681103426F1203C200007A442C
:1030D0006C12034A6C1203CAD83D00208C330020C6
:1030E0009833002000080140002001400080FFFFCD
:1030F00000B5114889B004F043FE9FED0D7B4FF4FD
:1031000000724FF4827100234FF40060CDE9001388
:10311000CDE9020218236946074806938DED047B2A
:1031200004F05CFE044804F073FE09B000BD00BF6B
:103130000000000001000000003800400000000016
:1031400000B5114889B004F01BFE9FED0D7B4FF4D4
:1031500000724FF4827100234FF40060CDE9001338
:10316000CDE9020210236946074806938DED047BE2
:1031700004F034FE044804F04BFE09B000BD00BF6B
:103180000000000001000000003C004070B548480D
:103190008CB004F04FFE08A8002404F0C1FE012505
:1031A0004FF400134FF4FA6208A9414808930A92B9
:1031B00009948DF82C5004F0BBFE3D4805F012F93F
:1031C00021463B4805F0F8F82946394805F0FCF857
:1031D000374804F005FF01A804F036FF022601AAD3
:1031E000214633480394CDE9014604F033FF2146DC
:1031F0002F48602205F030F821462D48042205F0C2
:1032000089F821462A48082205F05CF82246214622
:10321000274805F049F801AA2946254804F01AFF75
:1032200029462348602205F017F829462048042241
:1032300005F070F829461E48082205F043F822469A
:1032400029461B4805F030F801AA3146184804F019
:1032500001FF31461648602204F0FEFF3146144853
:10326000042205F057F831461148082205F02AF8E3
:10327000224631460E4805F017F804A804F0BEFEB9
:103280004FF0005304A90A480694CDE90443ADF871
:103290001C4004F0B9FE2146054804F0CBFE294647
:1032A000034804F0A3FE024804F094FE0CB070BD85
:1032B000002C014008B50D4805F09AF80B484FF472
:1032C000E13105F0E1F80948042105F01DF9082174
:1032D000064805F013F9054805F00AF9BDE808406D
:1032E000024840F2053105F025B900BF0044004016
:1032F00038B50546E9B20C4805F00CF941F2010475
:1033000001E0013C07D00848072105F00BF900282F
:10331000F7D0284638BD054A13684FF0FF35013312
:103320001360284638BD00BF004400409C40002088
:10333000F0B52DED028B9B4D1446002285B02A601E
:103340000E46217C0746002900F08480E168DFED0D
:10335000966A5B1A07EE903AF8EEE77AB7EE007AD3
:1033600067EEA67AF4EEC77AF1EE10FAC4ED057AAC
:103370007AD4F0EE006AF4EEE67AF1EE10FA00F19B
:103380008F8004F54053A168D0ED037A94ED068A4E
:10339000C3F85411D6F8A410C3F85C11F16BC3F84C
:1033A0006011316CC3F86411316DC3F86811716D2F
:1033B000C3F86C1137EEC88AB16DC3F87011F16DA6
:1033C000C3F87411B0EEC88A316EC3ED547A83ED40
:1033D000568AC3F878113046F0EE678A01F036FB62
:1033E000DFED727AB4EE678AF1EE10FA0DD8DFEDF8
:1033F000707AB4EEE78AF1EE10FA06D4DFED6D7A5A
:10340000B4EEE78AF1EE10FA62DD304601F01EFB01
:10341000DFED697A68EE277A40F20112FDEEE77A75
:1034200000230120A4F82120237017EE901A84F8BD
:1034300024000A20FEF760FD18EE100AFDF734F8AC
:1034400002465E480B4605B0BDEC028BBDE8F0407D
:1034500006F014BD5A48029306F078FD0122029B43
:1034600022740022E360626104F5005202F54960B3
:1034700002F6984200235349A360036013608A6CEC
:10348000C6F8A42004F53051C6F8A83034313046CF
:1034900001F058FBFB68A36105B0BDEC028BF0BDE9
:1034A00077EEC77A9FED487A04F5325367EE877A54
:1034B00004F53051103334313046C4ED027AC3ED97
:1034C000007A05B0BDEC028BBDE8F04001F03ABBDC
:1034D0009FED3D0A80EE080A09F00CFD431E142BF7
:1034E00007464FF000023DD82070D4ED067AF4EE86
:1034F000E87AF1EE10FA2ED5344884F8202006F050
:1035000025FD2178324806F0B9FCA069FCF7CCFF14
:1035100002460B4618EE900ACDE90223FCF7C4FFE1
:10352000DDE90223CDE900012A4806F0A7FC94F862
:1035300020302B602378234907EE903AF8EE677A23
:1035400000220123C1ED0A7A227484F8213005B0EB
:10355000BDEC028BF0BD012384F820301E4806F03C
:10356000F5FCCEE7304601F071FA40F2011300227B
:103570000121A4F82130227084F824100A20394651
:10358000FEF7BAFC18EE100AFCF78EFF024613484D
:103590000B46394605B0BDEC028BBDE8F04006F0A5
:1035A0006DBC00BFD8390020D1CB0B38FFFF7F7F27
:1035B000CDCC4C3EE4CB164100007A4484D20008C6
:1035C00060D20008D83D0020DB0FC94000D30008BE
:1035D00030D3000844D3000818D30008C0D2000834
:1035E0002DE9F041C24E96ED0A7A2DED028BF3EEF5
:1035F000057AB4EEE77AF1EE10FA84B000F31281A6
:103600001D46137C14460F468046002B00F0D880E0
:10361000D3689FEDB87AEB1A07EE903AF8EEE77AA6
:10362000B7EE006A67EE877AF4EEC67AF1EE10FA2A
:10363000C2ED057A00F1D2809FEDAF8A96ED0A7A4D
:1036400067EE085AC5EE886A76EE866AF4EEE67A88
:10365000F1EE10FA78D4DFEDA96A27EE267AC7EEEC
:10366000086A36EE867AF4EEC77AF1EE10FA00F1C7
:10367000E280084601F0EAF9D6ED0A7ABDEEE77A73
:1036800017EE103A002B40F3928104EB432303F131
:10369000300204F13001002351F8040F9142034439
:1036A000FAD107EE103AB8EEC77A9FED956A656BCE
:1036B0009FED938ADFED938A27EE866AD5F58035F4
:1036C000C7EE066A48BF05F2FF156D120027FDEE32
:1036D000E66AC4ED076A07EE107AF8EEC75A67EE9D
:1036E000886A65EEA75A6FF03F0265EE885A00219E
:1036F00065EEA85AB7EE005A13E036EEC56AB4EE8E
:10370000C76AF1EE10FA03D537EE667AFDEEC77A96
:1037100017EE903A04EB830301325B6B402A1944A5
:1037200033D007EE902AF8EEE77A77EEA57AFDEE31
:10373000E77A17EE903A002BB8EEE77ADDDA37EE4B
:10374000267AFDEEC77AE3E7D2ED027A9FED6E7A34
:1037500077EE877A02F53253084602F53051C2ED12
:10376000027A3431C3ED047A01F0ECF994ED057A74
:10377000D4ED0C7AB4EEE77AF1EE10FA00F3D080D3
:1037800004B0BDEC028BBDE8F0810029B8BF7F31E9
:103790007F2D4FEAE1122946C8BFA5F18001E069FB
:1037A00001F68C2304EB8303121A5A605748013741
:1037B00006F064FB802F2BD0D6ED0A7A01358AE71C
:1037C0005348039306F0C2FB039BA3850023636168
:1037D000012323744FF07E53E560236304F53253D5
:1037E0000022A2601A61B06CC7F8A40004F5305141
:1037F000C7F8A8203431384601F0A4F9D8F80C20D5
:103800006369A261236304B0BDEC028BBDE8F08163
:1038100000220123227484F8223004B0BDEC028B14
:10382000BDE8F0813B48152104B0BDEC028BBDE83A
:10383000F04106F023BBD2ED027A9FED337A77EEAA
:10384000C77A0846C2ED027AB36CC1F8A4300023EF
:10385000C1F8A83002F5325302F53051C3ED047AB5
:10386000343101F06FF994ED057AD4ED0C7AB4EEB1
:10387000E77AF1EE10FA83DDA78D002F80D096ED68
:103880000A7AD4ED027ADFED256AD8F87430A068A0
:1038900027EE087A67EEA66AC6EE877AFDEEE77A2B
:1038A00017EE902A9B1ADD1305F480351D4404EBB6
:1038B0008703CDED037A596B0D4405EBD5756D107B
:1038C0005D63FCF7F1FD2B46CDE90001039A124838
:1038D000394606F0D3FAD4ED0C7A9FED0A7AA38D1F
:1038E00077EE877A013BA385C4ED0C7A48E700BFE9
:1038F000D83D0020D1CB0B38DB0FC940DB0F49414D
:10390000000000430000003C5F975B39C8D300080B
:1039100090D3000860D30008B8D3000800008047A7
:1039200094ED026A96ED0A7A5FED046AD8F8743075
:10393000A78D66EE266A27EE087A16EE100AC6EE06
:10394000877AFDEEE77A17EE902A9B1ADD1305F4CD
:1039500080351D4404EB8703CDED037A5D63FCF7EE
:10396000A3FD2B46CDE90001039A1248394606F023
:1039700085FA9FED116A94ED0C7ADFED106AA38D44
:1039800037EE067AFFEE007A84ED0C7A96ED0A6A3D
:1039900007EE103AE6EE267AB8EEC77AB4EE677A0A
:1039A000F1EE10FA3FF4ECAE0133A385E8E69FEDAB
:1039B000047A7AE6B8D300080000003C0000004317
:1039C00000000000024B1878003818BF0120704733
:1039D00004410020044B1B7823B1044A136843F0D0
:1039E00001031360704700BF044100200041002024
:1039F000014B1868704700BF00410020014B186858
:103A0000704700BFFC400020014B1868704700BFA2
:103A1000F8400020014B1868704700BFF4400020B8
:103A2000014B1868704700BFF040002005289DBF7B
:103A3000024B33F8100080B200207047E4400020B1
:103A40000E289ABF024B53F820000020704700BF99
:103A5000A8400020024B1878003818BF012070479A
:103A6000A4400020014B01229A637047A840002027
:103A700070B504464FF6FF7384B0374821806380E9
:103A80004FF48051164603F0CBFF00230393039BB2
:103A90003F2B06D800BF039B01330393039B3F2BAF
:103AA000F8D940F6010501E0013D40D02B48022144
:103AB00004F0BAF90028F7D02188284804F0AEF9BC
:103AC00040F6010501E0013D40D02448012104F009
:103AD000ABF90028F7D0214804F0A2F940F601051F
:103AE000608001E0013D34D01C48802104F09CF945
:103AF0000128F7D000230293029B3F2B4FF00005D3
:103B00001CD915484FF4805103F088FF002301931E
:103B1000019B3F2B06D800BF019B01330193019B02
:103B20003F2BF8D963883380284604B070BD4FF02E
:103B3000FF3500230293029B3F2BE2D800BF029B7C
:103B400001330293029B3F2BF8D9DAE76FF00105AE
:103B5000EFE76FF00205ECE7000C01400038004091
:103B600070B582B000230DF102024FF40041ADF8B0
:103B70000230ADF80430ADF806300446FFF778FFA8
:103B80004FF40841064601AA2046FFF771FF4FF4A3
:103B9000084105460DF106022046FFF769FF46EA97
:103BA0000503034304D0064A136843F0040313607B
:103BB000BDF80600BDF8043043EA004002B070BD15
:103BC000004100202DE9F04F002787B003ACCDE97C
:103BD000037701943A4EDFF80CA13A4C05978046E2
:103BE0004FF001090DF10E0B14F8015B364BADF8E7
:103BF0000A7043EAC5250DF10A02A9B24046FFF753
:103C000037FF002849D0326842F004024FF0000923
:103C10003260A2450BF1020BE6D1019C2B48002338
:103C200034F8022B20F813200133062BF8D1284951
:103C3000DDF80E30C8F806300B602649DDF812407A
:103C4000BDF80E20BDF810000C60234CBDF8161016
:103C500021600243BDF81230BDF8144025D1C3F3F2
:103C60000A03A02B21D11D4B9FED1D7AD3ED037AC2
:103C7000B4EEE77AF1EE10FAACBF4FF430734FF4C4
:103C800020739C4211D140F21543994208BF09F1BB
:103C9000FF300AD107B0BDE8F08F5A46A9B24046BE
:103CA000FFF7E6FE0028AED1B3E7054A13684FF0F0
:103CB000FF3043F00803136007B0BDE8F08F00BF8A
:103CC00000410020E0DB00080080FFFFE44000200E
:103CD000F8400020F4400020F0400020D83D0020B3
:103CE00000002042E5DB000830B585B004AB03E9F5
:103CF00007001148002104F09DF910484FF40061BD
:103D000003F08CFE00230E4A1C4642F82340013388
:103D10000F2BFAD10B4A0C4B012515701C6002F0D9
:103D2000BBFE0A4B0A4918600A4A0B4B0D7014700F
:103D30001C7005B030BD00BF002C014000080140E0
:103D4000A8400020A4400020A040002008410020FE
:103D50000E4100200D4100200C410020024B18783C
:103D6000003818BF012070470D41002000B585B014
:103D700004AB03E90700002211460F4804F0F2FAF1
:103D80000D480022012104F0EDFA00220A48022128
:103D900004F0E8FA0848002104F04CF907484FF411
:103DA000006103F03DFE06480649074A0023037000
:103DB0000B70137005B000BD002C014000080140DD
:103DC0000E4100200D410020A440002070B5844B1E
:103DD00088B001AC84E807001A7812B1814D2A78C6
:103DE00052BB814D2A780AB908B070BD7F4A166867
:103DF00002F052FE0A220146304602F0B5FD0028CC
:103E0000F2D07B484FF4805103F012FE0246E8B92D
:103E1000784E3378002B40F0AB8094E8070005AB78
:103E200003C341F2A1011A8005A80DF11202FFF7A8
:103E30001FFE01233370D7E702F02EFE6E4B1B6886
:103E4000C01A0028D0DB00232B70CDE700222A7097
:103E500094E8070005AE03C641F2A101328005A82F
:103E60000DF11202FFF704FE644A9FED657AD2ED70
:103E7000037A94E80700B4EEE77AF1EE10FA05ADA4
:103E800003C5A8BF4FF44B513280B8BF4FF44A511D
:103E90000DF1120205A8FFF7EBFD94E8070005AD50
:103EA00003C542F61541328005A80DF11202FFF755
:103EB000DFFD2046FFF786FE524A5349051E0CBF20
:103EC000012000201060096851605049504809687D
:103ED000916050490968D160B0F802C04E491FFA9C
:103EE0008CFCC2F810C0B0F804C01FFA8CFCC2F8F9
:103EF00014C0C08880B29061D1F80408D061D1F8B4
:103F00000C081062D1F808085062D1F8040C9062D5
:103F1000D1F80C0CD062D1F8081C11633F49D1F8DC
:103F2000081851634DD132484FF4805103F080FDA1
:103F3000002846D02A4B01241C7002F0ADFD2E4A09
:103F4000284B053010602946224635481C7004F085
:103F500009FA22462146324804F004FA3048224643
:103F6000022104F0FFF92E48214604F063F83BE7F4
:103F7000244B009220461A60FFF7F2FD214B2649A0
:103F80005860D1F80408D861D1F80C081862D1F84B
:103F900008085862D1F8040C9862D1F80C0CD86269
:103FA000D1F8080C1863A1F55041009AD1F808180F
:103FB00059630C4B20201A70FDF7BAF8009A2A704A
:103FC00012E7084B002220201A70FDF7B1F80123F8
:103FD000ADF8083094E80700FFF7C8FE04E700BF1B
:103FE0000D410020A44000200E4100200841002087
:103FF000000801400C410020A0400020D83D0020D6
:1040000000002042A8400020F8400020F44000209A
:10401000E4400020F040002000000140003000405B
:10402000002C0140F0B589B001AC84E8070094E8A9
:10403000070005AE03C64FF40041328005A80DF11C
:1040400012021F46FFF714FD94E8070005AB03C3F7
:1040500032804FF408410DF1120205A8BDF812504C
:10406000FFF706FDBDF8124054EA05031FD12B07E8
:1040700043D46F0746D4AE0749D4ED074CD460054E
:104080004FD4A10552D4E20555D4230658D467066F
:104090005BD4A6065ED4E50661D4200764D461072C
:1040A00067D4A2076AD4E3076DD409B0F0BD3B48DA
:1040B000394605F0E3FE6A056BD4AB0502D53848F6
:1040C00005F0DCFEEF0502D5364805F0D7FE2E06DA
:1040D00002D5354805F0D2FE680602D5334805F012
:1040E000CDFEA90602D5324805F0C8FEEA06BED5C7
:1040F000304805F0C3FE2B07BBD52F4805F0BEFEA8
:104100006F07B8D52D4805F0B9FEAE07B5D52C48D8
:1041100005F0B4FEED07B2D52A4805F0AFFE600504
:10412000AFD5294805F0AAFEA105ACD5274805F072
:10413000A5FEE205A9D5264805F0A0FE2306A6D5D2
:10414000244805F09BFE6706A3D5234805F096FE9C
:10415000A606A0D5214805F091FEE5069DD520488C
:1041600005F08CFE20079AD51E4805F087FE6107F2
:1041700097D51D4805F082FEA20794D51B4805F08F
:104180007DFEE30791D51A4809B0BDE8F04005F07F
:1041900075BE184805F072FE8FE700BFD4D3000843
:1041A000F4D3000800D4000808D4000810D4000894
:1041B00018D4000824D4000830D400083CD40008E7
:1041C00048D4000854D4000860D4000868D400081B
:1041D00070D4000878D4000880D4000888D400087F
:1041E00094D40008A0D40008ACD40008B8D40008C7
:1041F000C4D40008E8D300082DE9F04389B001AC2D
:1042000084E80700754F764A764D774900233B6076
:104210002B601360754A1360754A13601A4621F8C3
:1042200013200133062BFAD1FCF754FF714BDFED5D
:10423000727A93ED037AB4EEE77AF1EE10FA25D8AC
:10424000DFF8C0916D4801234FF4006189F8003018
:1042500003F0E4FB0A2002F007FC2046FFF780FC95
:1042600028602B68002B40F0A58005AB94E8070080
:104270001D4603C30DF112081A8041F2A101424606
:104280002846FFF7F5FB4FF44B5323E0DFF874911A
:104290005A4801234FF4006189F8003003F0BEFB57
:1042A0000A2002F0E1FB2046FFF75AFC28602B6849
:1042B000002B79D105AB94E807001D4603C30DF12F
:1042C00012081A8041F2A10142462846FFF7D0FBAE
:1042D0004FF44A5394E807002E4603C6194632802D
:1042E00028464246FFF7C4FB454800F001FB94E82E
:1042F00007002B4603C3328042F61541424628464A
:10430000FFF7B6FB94E807002B4603C341F2A10177
:10431000328028464246FFF7ABFB012002F0A4FBA7
:1043200036484FF4805103F083FB18B93B6843F0E3
:1043300010033B602046FFF745FC28B92F484FF497
:10434000805103F075FBD8B994E807002B4603C3EE
:1043500041F2A1011A8028464246FFF789FB01205D
:1043600002F082FB25484FF4805103F061FB38B323
:104370002046FFF727FC18BB3B6823F008033B608F
:104380001E484FF4805103F053FB0346C8B194E834
:1043900007000024FFF7EAFC89F80040FCF79AFECA
:1043A000204609B0BDE8F0833A6842F0020205AB4E
:1043B0003A6080E73A6842F0020205AB3A6055E79E
:1043C0000023202089F80030FCF7B2FE94E80700B3
:1043D000FFF7CCFC4FF0FF30E3E700BF00410020C7
:1043E000F8400020FC400020E4400020F440002081
:1043F000F0400020D83D002000002042000801408D
:10440000BC3600200441002008B50C21002003F038
:104410005DFB4FF480500222002103F0D5F8BDE887
:1044200008404FF4805003F027B900BF044A072921
:1044300028BF07210023C0E901210370704700BF96
:1044400000C0030810B5044603F01CF940F2073021
:1044500003F080FA606803F049F90123237010BD6E
:1044600084B00DF1100C0CE907000298049900EBE0
:10447000830004B003F0DAB984B00DF1100C0CE93C
:1044800007000298049900EB830004B003F0CEB952
:1044900084B00DF1100C0CE90700029810EE101A10
:1044A00000EB830004B003F0C1B900BF00B583B0D6
:1044B000019003F007F901980023037003B000BDD9
:1044C00084B00DF1100C0CE9070051F8230004B082
:1044D000704700BF84B00DF1100C0CE9070051F8D3
:1044E000230004B0704700BF84B00DF1100C0CE93C
:1044F000070001EB830292ED000A04B0704700BF91
:1045000008B590ED167AD0ED186A1C4BF7EE007ADC
:104510002DED048B37EEC77A9FED199AD0ED178AEF
:104520001968184827EE097A77EEE88A37EEE68AA6
:10453000FCEEC77A17EE902AC9B903F0B5FE114810
:10454000012168EE898AFCEEE87A17EE902A03F0E2
:10455000ABFE68EE097ABDEC048BFCEEE77ABDE8B1
:104560000840084817EE902A022103F09DBE012161
:1045700003F09AFE03480021E3E700BFD83900208A
:104580000000FA44002C014038B5484B1C68054631
:10459000002C7ED12146464802F06EFD0346AB60FA
:1045A0004448214602F068FD03464148EB60022181
:1045B00002F054FD4048022102F050FD40F6010493
:1045C00001E0013C50D03A48042102F069FD002886
:1045D000F7D040F6010401E0013C45D03648042103
:1045E00002F05EFD0028F7D03148042102F05EFDA4
:1045F0003148042102F05AFD00212F4802F03CFD11
:10460000AA68D5F89810EB68D5ED1C6ADFED2B5A37
:104610002861521A07EE102AD5F89C2007EE900A5E
:104620009B1AB8EEE76A07EE903AB8EEC77AF8EE52
:10463000E77A27EE267A67EEA67AD5F8F83285ED86
:10464000067AF1EE476A26EE256A76EEE76A0122DF
:10465000013385F8F52285ED086AC5ED077AC5EDC9
:10466000056AC5F8F83238BD1148042102F01EFD74
:104670001148042102F01AFDD5F8FC320022013362
:1046800085F8F522C5F8FC328020BDE83840FCF7FB
:104690004FBD0021074802F0EFFC0346AB60044821
:1046A000002102F0E9FC03467FE700BFD839002073
:1046B0000024014000280140003C01401833533CD5
:1046C00000B52DED028B87B0CDE90210CDED050AC6
:1046D0008DED041A0192F0EE408A01F079FBB0EE04
:1046E000408AB0EE680A01F04DFBF6EE007A67EE04
:1046F000C06ADFED175A9FED176A9DED041ADDEDD4
:10470000050A03980299019A67EEC87AB0EE667AB4
:10471000A8EE257AE8EE656AF0EE675AE0EE065AF2
:10472000E0EE467A21EE477A21EE400A21EE661A43
:10473000A8EE200AA5EEA07AA7EEA01A80ED000A46
:1047400081ED007A82ED001A07B0BDEC028B00BD4E
:10475000D7B35DBFD7B35D3F00B52DED028B87B0FA
:10476000CDE90110CDED050A8DED041ACDED031A4A
:10477000F0EE408A01F02CFBB0EE408AB0EE680A01
:1047800001F000FBB6EE007A67EE486A27EE407A49
:10479000DFED185A9FED186A9DED041ADDED050A4C
:1047A000DDED031A02980199F0EE667AB0EE475AF1
:1047B000A8EE065AE0EE257AA8EE467A67EE817AF0
:1047C00021EE451AE0EE656AE8EE207AA0EE601A66
:1047D000E6EEA17AA7EE611A9FED086A67EE867A87
:1047E00021EE061AC0ED007A81ED001A07B0BDEC8B
:1047F000028B00BDD7B35D3FD7B35DBFABAA2A3FE5
:1048000000B52DED0A8BB0EE609A85B0F0EE418ACE
:10481000F0EE40AAB0EE611AF0EE680AB0EE490A76
:10482000B0EE618A0192CDE9021001F04DFAB0EECE
:10483000481AF0EE680AB0EE40AAB0EE490A01F05C
:104840002BFA3AEE00AAF6EE009AAAEE699ADFED8C
:1048500024BA9FED24CA9FED24BA29EE299AF0EEDE
:104860004C0A29EE2B9A89EE2A0A9FED209A30EE07
:104870000B0A01F001FAF0EE490A01F005FAEAEE3E
:10488000698A039880ED000A68EEA98AF0EE4C0A66
:1048900068EEAB8A88EEAA0A30EE0B0A01F0ECF95A
:1048A000F0EE490A01F0F0F9AAEE698A029981ED69
:1048B000000A28EE298AF0EE4C0A28EE2B8A88EEB0
:1048C0002A0A30EE0B0A01F0D7F9F0EE490A01F09E
:1048D000DBF9019A82ED000A05B0BDEC0A8B00BD40
:1048E0003333933F00000000D7A3F03ED7A3703FBF
:1048F000F8B500238365C36503660446FFF700FE31
:1049000000264FF47A7537462046FFF73DFED4E97E
:104910000223013D17441E44F6D1074B83FB0721B8
:10492000FA17C2EBA11283FB0631F317C3EBA113F5
:10493000C4E92623F8BD00BFD34D62102DE9F8432A
:10494000344A354BDFED356ADFED355A2DED028BFC
:10495000C267C0F8802093ED027A324AC0F8842002
:1049600066EEC76AF7EE007AB0EE676AA6EEA56A51
:104970002D4ADFED2E6A1268C0F8C82027EE267A8D
:10498000C7EE866A80ED1D7A77EEE67A80ED1E7AB4
:10499000C0ED227A9FED267AD3ED037AF4EEC77A42
:1049A000F1EE10FA33D8234BDFF89C90DFED228A2A
:1049B0009FED228A224F03674FF0804800F1F405F3
:1049C0000024002607EE904AF8EEE77A013467EEFD
:1049D000A87AC7EE887A17EE900AFBF765FD41ECDE
:1049E000100B07F0FDFE424651EC100B4B46FBF757
:1049F000B3FD32463B46FBF7F9FBFCF7A5F8802CEC
:104A000045F8040BDED1BDEC028BBDE8F8830D4BFD
:104A1000CAE700BFEC51383DD83D0020D1CB0B3860
:104A2000DB0FC940BD74933BD839002017B7D1388C
:104A300000002042FFFFA43C000000BC6F12033DB9
:104A40000000F03FFFFF243D3333F33F10B54FF438
:104A50007A7204460021164803F026FC14484FF4ED
:104A60007A72012103F020FC4FF47A72104802217F
:104A700003F01AFC00230022C4F8A430C4F8A830C4
:104A8000C4F8AC30C4F8B030E36323646361A3615D
:104A9000E3616364C4F89030C4F88C3063652365C7
:104AA000C4F8E830C4F8EC20C4F8002310BD00BFFF
:104AB000002C014090ED397AD0ED387A90ED3A0A29
:104AC000DFED1E0A77EEC77A90ED217A10B5A7EEDA
:104AD000270A82B0044680ED3A0A01F0D5F8184B57
:104AE000D3ED060AF1EE600A01F0C6F894ED3C7AC7
:104AF00084ED3A0A60EE407A84ED290AE7EE077AFF
:104B0000F5EE407AF1EE10FA11D4F1EEE70A94EDE9
:104B10002A0ACDED010A01F0B7F8DDED010AF1EE48
:104B2000600A01F0A9F884ED2A0A02B010BDB0EEC7
:104B3000670A07F0A5FEF0EE400AE8E70000000073
:104B4000D83D002030B52DED028B91ED170A4B6E4C
:104B5000B04D91ED186AD1ED036AD0ED071A90EDD2
:104B6000061AD0ED050A83B080ED0B0A436395ED7C
:104B7000117AC6EE077A044600F140013C30C4EDDC
:104B80000C7A95ED117AC6EE877AC4ED0A7AFFF7B2
:104B9000E3FD9FEDA15A94ED087ADFEDA05AD4ED24
:104BA000097A94ED106AD4ED0F6A94ED114AD4EDB0
:104BB000124A27EE057A26EE056AA7EEA57ADFED02
:104BC000987A84ED097A66EE856A67EE277A9FED1A
:104BD000955A9FED957AA4EE256AE4EEA56A67EEF4
:104BE000857ADFED925A94ED2B5A84ED116A67EEC7
:104BF000A57AD4ED295AC4ED387A75EEC57AC4ED9C
:104C0000126A95ED030AF4EEC77AF1EE10FA84ED1C
:104C10003C0A00F3F080DFED866AF4EEE67AF1EE0E
:104C200010FA00F1E28094ED2C6AD4ED2A7ADFEDDF
:104C30007E6AC4ED2B5A37EEC67AB4EEE67AF1EE10
:104C400010FA00F3D5809FED7A5AB4EEC57AF1EEF2
:104C500010FA00F1C78004F1A801C4ED295A04F14B
:104C6000A400C4ED2C7AC1ED007A01F045F8D4ED32
:104C70000F6AD4ED298A94ED1D7A94ED230ADFEDB5
:104C80006D7A94ED2A8AD4ED380A78EEE68AA7EE9A
:104C9000280A94ED107A30EE270A38EE478A84ED20
:104CA000140A00F0F1FFD4ED380AF1EE600A00F0CA
:104CB000E3FFD4ED1F6A94ED1D7AD4ED237AD4ED91
:104CC000380A84ED140A27EE267AE7EE287AB0EE49
:104CD000670AC4ED237A00F0D7FFD4ED380AF1EE6D
:104CE000600A00F0C9FFD4ED147AD4ED380A84EDDF
:104CF000230A67EEE77AE0EEA07AF5EE407AF1EE6D
:104D000010FA7BD4F1EEE78A94ED240AD4ED1E7AF2
:104D1000D4ED206AB0EE407AA7EE887A67EEA67AE4
:104D2000DFED446AA7EE880A77EE267A84ED240A3E
:104D3000C4ED157A00F0A8FFD4ED380AF1EE600A50
:104D400000F09AFFF0EE406A94ED150A94ED147AA3
:104D5000C4ED246A60EE007AF0EE680AE7EE077AA6
:104D6000B1EEE77A84ED397A00F08EFFF1EE680A51
:104D700000F082FFF0EE407A04F1540194ED380A1D
:104D8000C4ED157A04F1500000F0B6FFDFED2A7A89
:104D900094ED0D7A94ED0B0A94ED151AD4ED140AE6
:104DA000A7EE270A04F16C0204F1680104F1640023
:104DB000FFF786FC04F15800D4ED1B1A94ED1A1A83
:104DC000D4ED190A94ED380A04F1600204F15C0193
:104DD000FFF716FD204603B0BDEC028BBDE8304066
:104DE000FFF78EBB76EE667A35E775EE475A1AE71F
:104DF00076EE267A2FE775EE075A14E7B0EE670ACB
:104E0000CDED010A07F03CFDDDED010AF0EE408A30
:104E10007AE700BFD83D0020CDCCCC3D6666663F2A
:104E20003333933FD7A3703F0AD7233C3ACD133F88
:104E30000AD723BC00000000BAB1513810B590ED7C
:104E4000330AD0ED0A7A044630EE670A82B0F6EEF5
:104E5000000A00F019FFFEEE000A00F00DFFD4F882
:104E6000003342F22732934246D807EE903A9FED44
:104E7000247AF8EEE77AC7EE875A224B94ED357A1A
:104E8000D4ED377A94ED0C6AD4ED3C6AE7EE007A03
:104E900094ED347A37EE467A94ED366AE6EE077A88
:104EA000F1EE040A76EEE06A93ED117AB0EE670A4D
:104EB000D3ED0E7AE6EEA50A67EE877ACDED010A0C
:104EC00080EE270A00F0E0FEDDED010AF1EE600A57
:104ED00000F0D2FED4F8003384ED2A0A42F22732E1
:104EE00093424FF0000198BF0133C4F8A41098BF5B
:104EF000C4F8003302B010BDF7EE005ABDE700BFA2
:104F000000A00C46D83D002000230022C0F8DC3071
:104F1000C0F8D430C0F8D830C0F8CC30C0F8D030A9
:104F2000C0F8A830C0F80023704700BF08B50B4890
:104F300001F06CFB70B1094801F09CFB38B10748E7
:104F400001F0FCFC054801F03DFC013808BD0348B8
:104F500001F0F4FC4FF0FF3008BD00BFC039002065
:104F600010B54FF4805182B00A4802F061FD04464A
:104F7000FCF7E6F8084A094B094992F8F52293F83C
:104F8000DD3289880092221E18BF012201F0DAFC6E
:104F900002B010BD00080140BC360020983300204C
:104FA0008C33002010B503780446052B2AD8DFE89F
:104FB00003F027032A2927271B4B1A8918685968E9
:104FC000FEF7D4FE194B93F82220CAB91849194AA2
:104FD0000968916203F50053174893F848CFD3F856
:104FE0004C3F1649C0F800C04FF4007243611830BE
:104FF00005F01AF8114912484FF4007205F014F840
:105000000123E37010BD084B0122C2701868596873
:105010001A89FEF7ABFE0B48FFF718FDBDE81040FC
:105020000848FFF771BF00BF8C330020100200203A
:1050300054310020D83D0020D839002060310020B4
:1050400074340020BC36002008B50D4804F07EFF03
:105050000C4804F07BFF0C4804F078FF0B4804F088
:1050600075FF0B4804F072FF0A4804F06FFF0A480E
:1050700004F06CFFBDE80840084804F067BF00BFBB
:1050800088D10008D0D40008DCD40008F0D400088F
:105090000CD500081CD5000834D5000850D50008F0
:1050A00030B56C486C4C6D4D85B004F0E7FE6C4833
:1050B0006C4B6D4A6D49CDE900046D4C6D4804F0B0
:1050C000DDFE6D4804F042FF606CFBF7EDF96B4AC2
:1050D0006B4B0095CDE902016A496B4804F0CEFEA6
:1050E000A06BFBF7E1F9694A654B0095CDE9020138
:1050F0006749684804F0C2FE674804F027FFA068CB
:10510000FBF7D2F9654B664A0093CDE90201654B86
:105110006549664804F0B2FEE068FBF7C5F9644BE8
:10512000644A0093CDE90201634B64495F4804F08F
:10513000A5FE206DFBF7B8F92B46CDE90201604AC8
:1051400000956049594804F099FEA06DFBF7ACF951
:105150002B46CDE902015C4A00955C4953485C4D01
:1051600004F08CFEE06DFBF79FF95A4B5A4A00930E
:10517000CDE90201504B59494C4804F07FFE206EA6
:10518000FBF792F9564B574A0093CDE902014A4B7F
:105190005549464804F072FEA069FBF785F9534B68
:1051A000534A0093CDE90201434B52493F4804F072
:1051B00065FE206AFBF778F94F4B504A0093CDE922
:1051C00002012F4B4E49394804F058FE606AFBF744
:1051D0006BF94C4B4C4A0093CDE90201364B4B49DD
:1051E000324804F04BFEA06C494CFBF75DF9CDE969
:1051F00002014849304B484A00912C48474904F085
:105200003DFE474804F0A2FE6368464A46494748C7
:10521000CDE900531A4B04F031FEA3680193444AD0
:10522000174B44490095414804F028FEE068424B82
:10523000424A4349CDE90030114B424804F01EFE7A
:10524000414804F01BFE414805B0BDE8304004F081
:1052500015BE00BF68D50008BCD5000810D60008F0
:10526000CCD5000884D5000888D5000894D500085E
:10527000D83D00209CD50008D0D50008E0D5000816
:10528000DCD50008ECD50008F0D5000814D60008DD
:105290002CD6000830D6000850D60008A0D600084A
:1052A00064D6000860D600087CD6000880D60008C6
:1052B000C4D60008ACD60008A8D60008C0D600089E
:1052C000CCD60008E8D60008ECD600080CD70008B9
:1052D00028D8000830D7000810D700082CD70008BD
:1052E0005CD7000838D7000858D700087CD70008DA
:1052F00060D7000878D70008A4D7000884D7000832
:10530000A0D70008C4D70008A8D70008C0D7000855
:10531000D8390020E8D70008CCD70008E4D7000827
:10532000F0D70008FCD7000804D8000808D8000807
:105330002CD8000838D800087CD800083CD80008D1
:105340005CD8000860D8000884D80008D0D80008CD
:1053500000B5037883B0042B2BD8DFE803F02C20B2
:10536000082A030003B05DF804EBFFF799BE019033
:10537000FFF7F6FD0346002852D12D480193C0F8EF
:10538000B830FFF763FB2B49019A088960F30F02DD
:105390000868496803B05DF804EBFEF7A5BC01900E
:1053A000FFF7DEFD034658B1019A00210123517039
:1053B000D37003B000BD03B05DF804EBFFF744BE4B
:1053C0001B4A1D48DFF878C01C49D2F8B420DCF82D
:1053D00028E0A0F8213080F824300374826200F5C0
:1053E00000500A6880F8482F4A69C0F84C2F00F630
:1053F000447C18314FF4007200F575600193CCF8CD
:1054000000E004F011FEDFF83CC0019BCCF8D8307E
:105410004FF4007219460CF1DC0004F0B8FDB2E75D
:1054200001210620FCF768FD0148FFF76DFDBBE791
:10543000BC3600208C33002010020020D839002018
:10544000D83D002098330020F0B5837B83B004461C
:10545000002B68D1437822789A4240F08480022B56
:1054600000F08B80052B00F0BA80012B59D1B04A97
:105470000193106851681289FEF7A8FCFEF76EFCD4
:105480000546002800F0CE80AA4B93F82130002B6F
:1054900000F02F81A74B93F82230002B00F03A81C7
:1054A000A44D95F82430002B40F0F480A14BA24E7F
:1054B000DB6996ED1A7AA14F9FEDA10A7B615A42F2
:1054C00007EE902AF8EEE77AF7EE000A67EE877AA1
:1054D0001D4627EE800A07F057F9DFED9A7A60EE55
:1054E000277A17EE900AFAF7DFFF0B4602462946A5
:1054F000954804F0C3FC95494FF4007206F1DC00B6
:1055000004F092FD91494FF4007207F1180004F085
:105510008BFDFFF70BFD002840F006810023637030
:10552000E37003B0F0BD824B186859681A89FEF722
:105530004DFC87484FF4805102F07AFA0546FEF799
:105540000DFC002854D1238A40F6B732591C9342EF
:105550002182E6D9227800230121A373238263707C
:10556000E170002ADDD02046FFF71CFDE378002B18
:105570007BD12378022B7FF475AF6D4B1868596887
:105580001A89FEF723FCFEF7E9FB0028C9D06B4B14
:10559000DA68002A05DD6F49D1F8B8108A42C0F2F6
:1055A000B280FFF7DDFC002865D16A48FFF746FCB2
:1055B0006848FFF77FFA60496648FFF7C3FA6378E7
:1055C000022BAED15D4BDB68002BAADD6149D1F81F
:1055D000B8209342A5DB0132C1F8B820A1E75D4BAA
:1055E0005548D3F8B41003B0BDE8F04000F04CBF0C
:1055F000514A92F8DD22002AA5D0564A92F8F522A7
:10560000002AA0D04A4B002D9DD000224FF4F0700C
:105610009A80FBF79BFD002201216378A27322820E
:10562000E17018E74B4A434BD2F8B420986A41F234
:105630007071121A8A427FF674AF02210620FCF7BD
:105640005BFC3B4B198918682A4661F30F025968C5
:10565000FEF78CFB3749019B81F8243040F20112A0
:10566000A1F821206570E3705BE763782370204622
:10567000FFF76EFE7DE700210620FCF73DFC2C4B7A
:105680001A8918685968FEF771FB002201236270BD
:10569000E37046E73049294BD1ED007A2F4905F5F3
:1056A0000052C1ED0A7A92F8481FCDED017A1960D7
:1056B000D2F84C6F5E6103F1180002F575614FF48A
:1056C000007204F0B1FC1C48DDED017A2449C0ED04
:1056D0001A7AC0F8D8604FF40072DC3004F0A4FCF1
:1056E000204804F033FC002385F824306370E37015
:1056F00017E718491048D1F8B4300E4A03B0BDE896
:10570000F040FDF715BE0520FCF7F6FB1148FFF74A
:10571000FBFBB4E70F490848D1F8B430054A03B0A1
:10572000BDE8F040FDF75CBF0F4804F00FFCF5E664
:105730008C3300201002002098330020D83900203C
:1057400000008037DB0FC94034D90008442C00200A
:1057500000080140BC36002054310020D83D002014
:10576000F0390020FCD8000848D9000838B5417B42
:10577000A1F161030446172B19D8DFE813F02800C4
:105780004700660085001800A000BF00DA00F9009D
:10579000180004011F013E011800180049011800FB
:1057A0001800180068011800730118009201CC4815
:1057B00004F064FB251DFFF7B9FB002840F08C8145
:1057C000FFF76EFC0023A38163606B6038BD051D8D
:1057D000284602F08AFF51EC100BFBF7B5F9F3EE07
:1057E000040A00EE100A07F041FBDFEDBE0A07F0E5
:1057F00015FBBD4B10EE100A83ED120AFAF754FEAA
:1058000002460B46B94804F039FBD4E7051D28468B
:1058100002F06BFF51EC100BFBF796F9DFEDB40AC9
:1058200000EE100A07F022FBDFEDB20A07F0F6FAED
:10583000AD4B10EE100A83ED020AFAF735FE024670
:105840000B46AD4804F01AFBB5E7051D284602F0EB
:105850004CFF51EC100BFBF777F9DFEDA80A00EED7
:10586000100A07F003FBDFED9F0A07F0D7FA9E4B03
:1058700010EE100A83ED090AFAF716FE02460B46EF
:105880009F4804F0FBFA96E7051D284602F02DFF1D
:1058900051EC100BFBF758F9DFED920A00EE100AFD
:1058A00007F0BCFA904B10EE100A83ED180AFAF7D5
:1058B000FBFD02460B46934804F0E0FA7BE7051D2A
:1058C000284602F012FF51EC100BFBF73DF9DFED1B
:1058D0008E0A00EE100A07F0C9FADFED820A07F01F
:1058E0009DFA814B10EE100A83ED060AFAF7DCFDF3
:1058F00002460B46854804F0C1FA5CE7051D2846C0
:1059000002F0F3FE51EC100BFBF71EF9DFED800AFD
:1059100000EE100A07F082FA734B10EE100A83EDC6
:10592000110AFAF7C1FD02460B467A4804F0A6FABE
:1059300041E7051D284602F0D8FE51EC100BFBF79D
:1059400003F9DFED750A00EE100A07F08FFADFEDBC
:10595000650A07F063FA644B10EE100A83ED080A3B
:10596000FAF7A2FD02460B466C4804F087FA22E7DC
:10597000051D284602F0BCFE694B01465960694886
:1059800004F07CFA17E7051D284602F0AEFE51EC44
:10599000100BFBF7D9F8DFED640A00EE100A07F0F0
:1059A0003DFA514B10EE100A83ED0E0AFAF77CFD1A
:1059B00002460B465D4804F061FAFCE6051D2846E8
:1059C00002F093FE51EC100BFBF7BEF8DFED580A26
:1059D00000EE100A07F04AFADFED420A07F01EFA5D
:1059E000414B10EE100A83ED030AFAF75DFD024603
:1059F0000B46504804F042FADDE6051D284602F049
:105A000077FE474B014699604B4804F037FAD2E6DF
:105A1000051D284602F069FE51EC100BFBF794F8C7
:105A2000DFED300A00EE100A07F0F8F92E4BF1EE28
:105A3000407A83ED140AC3ED137A10EE100AFAF7D8
:105A400033FD02460B463D4804F018FAB3E6051D47
:105A5000284602F04DFE324B0146D960384804F02A
:105A60000DFAA8E6051D284602F03FFE51EC100B8A
:105A7000FBF76AF8DFED1B0A00EE100A07F0CEF91B
:105A8000194BF1EE407A83ED160AC3ED157A10EE4C
:105A9000100AFAF709FD02460B462A4804F0EEF90F
:105AA00089E6051D284602F020FE51EC100BFBF79D
:105AB0004BF8DFED0C0A00EE100A07F0AFF90A4BC5
:105AC00010EE100A83ED170AFAF7EEFC02460B46B9
:105AD0001D4804F0D3F96EE61C4804F037FA6FE66F
:105AE000B8DA000800000000D83D002034DA0008D1
:105AF0000000FA440000C84280D90008000020429B
:105B00001CDA00087CDA000800000442D4D900083E
:105B10006F12833A48DA00080000164304DA0008DE
:105B2000D839002094D9000817B7D13858DA0008BE
:105B300000007042C0D90008A8D9000890DA000817
:105B4000ECD90008A4DA000868DA000848D900088F
:105B50001B2908B5034645D06D29027846D052B1BD
:105B6000042A07D10D294ED0027B002A48D1417367
:105B700001321A7308BD63391729FBD801A252F804
:105B800021F000BF0F5C0008755B0008195C00087D
:105B9000755B0008755B0008755B0008755B0008A5
:105BA000755B0008755B0008755B0008755B000895
:105BB000755B0008755B0008755B0008755B000885
:105BC000755B0008235C0008755B0008755B0008C6
:105BD000755B0008755B0008755B0008755B000865
:105BE0002D5C000800224270C27008BD02218A426A
:105BF0004170BFD000220121C2708173028208BDB2
:105C00001044C170B4E7BDE80840FFF7AFBD012103
:105C100000224170C27008BD052100224170C2708F
:105C200008BD042100224170C27008BD0D489FEDDF
:105C30000E0A0023C0F8D43000F0B4FA09480B4B28
:105C4000826F1A61FFF772F9084B28B91969084881
:105C5000BDE8084004F012B9064804F077F9034B98
:105C6000F4E700BF98330020D1CB0B38D83900209F
:105C700010DB0008E0DA0008B4EEE00AF1EE10FAFA
:105C8000D8BFB0EE600A7047F4EEC00AF1EE10FA29
:105C9000D8BFB0EE600A7047B4EEE00AF1EE10FA39
:105CA00007DDB4EEC10AF1EE10FAD8BFB0EE410A3A
:105CB0007047F4EEC10AF1EE10FAD4BFB0EE410A1B
:105CC000B0EE600A704700BFB4EEE00AF1EE10FAE1
:105CD00007D5B4EEC01AF1EE10FAD8BFB0EE410A03
:105CE0007047B4EEE01AF1EE10FAD4BFB0EE410AFC
:105CF000B0EE600A704700BFD1ED007A90ED007AF7
:105D000067EEA77AE7EE077AF1EEE76AF4EEC06A8B
:105D1000F1EE10FA0DDD27EE007AC7EE267AC0ED1F
:105D2000007AD1ED007A20EE270AC0EE267AC1ED86
:105D3000007A704701238340013B07EE903A30EE32
:105D4000600AF8EEE77A31EE601A67EE807A87EE45
:105D5000817AFDEEC77A17EE900A704707EE900A37
:105D6000012370EEC00AF8EEE77A8B40013B27EE84
:105D7000A07A07EE903AF8EEE77AC7EE276A36EE99
:105D8000800A704700B5DFED0F0A83B0CDED010A40
:105D900006F0FAFCB5EEC00AF1EE10FA03D5DDED1F
:105DA000010A30EE200ADFED087A084B20EE270AC0
:105DB000BDEEC00A10EE102A03EB820393ED000A39
:105DC00003B000BDDB0FC94083F9A242E8DB000845
:105DD00000B5DFED117ADFED110A83B037EEC00AAE
:105DE000CDED010A06F0D0FCB5EEC00AF1EE10FAD6
:105DF00003D5DDED010A30EE200ADFED097A094B0B
:105E000020EE270ABDEEC00A10EE102A03EB820333
:105E100093ED000A03B000BDDB0FC93FDB0FC940A3
:105E200083F9A242E8DB000870B5054684B0354826
:105E30000E464FF4004101F0F3FD00230393039B52
:105E40003F2B06D800BF039B01330393039B3F2BDB
:105E5000F8D940F6010401E0013C3ED02A48022175
:105E600001F0E2FF0028F7D02748294601F0D6FFCD
:105E700040F6010401E0013C3ED02348012101F03D
:105E8000D3FF0028F7D0204801F0CAFF40F60104F4
:105E9000308001E0013C32D01B48802101F0C4FF7A
:105EA0000128F7D000230293029B3F2B4FF0000400
:105EB0001AD914484FF4004101F0B0FD00230193BA
:105EC000019B3F2B06D800BF019B01330193019B2F
:105ED0003F2BF8D9204604B070BD4FF0FF340023AB
:105EE0000293029B3F2BE4D800BF029B0133029335
:105EF000029B3F2BF8D9DCE76FF00104EFE76FF06E
:105F00000204ECE700080140003C0040F0B5064602
:105F100083B008461746FBF763FF044643F6FF705D
:105F2000FBF75EFF01A905462046FFF77DFF48BB52
:105F30000DF106012846FFF777FF18BBBDF80640B4
:105F40002046FBF769FF431CA6F8E0420BD0023065
:105F500012D0C4F30D043C8001A92846FFF764FF6A
:105F600080B903B0F0BDD6F800330133C6F8003372
:105F70006FF0010003B0F0BDD6F804330133C6F86A
:105F80000433F5E7D6F8FC3201334FF48070C6F8DD
:105F9000FC32FBF7CDF84FF0FF30E2E770B500219F
:105FA00082B006460120FBF72BFF044643F6FF7044
:105FB000FBF716FF0DF1060105462046FFF734FFFB
:105FC00038B90DF106012846FFF72EFF08B902B0D7
:105FD00070BDD6F8FC3201334FF48070C6F8FC3245
:105FE000FBF7A6F84FF0FF30F1E700BF10B582B025
:105FF0000DF1020243F6FC710446FFF787FFF0B98A
:1060000001AA43F6FD712046FFF780FFB8B90DF1F4
:10601000060201212046FFF779FF80B9BDF806305E
:10602000BDF80210BDF80420A4F8EA32A4F8E61284
:10603000A4F8E822012384F8DE3202B010BD002368
:106040004FF0FF30F7E700BF2DE9F04F044687B06F
:1060500043F6FF700E46FBF7C3FE4FF000080746FD
:106060002046FFF79BFF4645A4F8DD82A4F8EC82AA
:1060700040F383800123CDF8088003939A46C146FC
:106080000DF116013846FFF7CFFE90BB012E44D02C
:106090004FF0010B00250DF116013846FFF7C4FE45
:1060A00048BBBDF8168001904046FBF7B5FE431C87
:1060B000019AA4F8E082C8F30D0C05F101053AD06D
:1060C000023054D00BF1010B5E45A4F8E2C284F813
:1060D000DDA2A4F8EC22DED11F2D1ED92046FFF749
:1060E00085FFB0FA80F0400984F8DE0207B0BDE811
:1060F000F08F4FF0000BD4F8FC12B4F8EC2284F8C7
:10610000DD920BF1010B0131013201235E45C4F830
:10611000FC12A4F8EC220293BCD1039D032D1AD0EB
:10612000142000F0A1FC6B1C03930023A4F8DD32C3
:10613000A4F8EC32A4E7D4F800230132C4F8002319
:106140000BF1010B5E454FF0000584F8DD92A2D102
:10615000039D032DE4D1029A002384F8DD329A4294
:1061600014BF4FF480704020FAF7E2FFB6E7D4F88E
:1061700004230132C4F80423E2E70125032D4FF084
:1061800014000CD0013500F06FFC4FF00003032D1C
:10619000A4F8DD32A4F8EC824FF01400F2D1002311
:1061A0000293D8E770B52DED028B044686B043F616
:1061B000FF70B0EE408AFBF713FED4F8F0320133E3
:1061C0000DF11601C4F8F032FFF72EFE002840F062
:1061D000CD80BDF81630019305461846FBF71CFE2E
:1061E000019BA4F8E032421C00F02281023000F052
:1061F000E280C3F30D032A46D4F8F41263F30F02CE
:1062000063F31F42002940F0F980D4ED016AC4F81D
:10621000E22201229B00013184F8DD220022636723
:10622000C4F8F412A4F8EC22C4ED026A4C220E4623
:1062300004F1100004F10C010393CDED026A019109
:1062400003F08CFE039BDFF83CC29FED896A019945
:10625000DDED026A5A12501C00F07F0004EB82024E
:1062600004EB8000D2F8DC20D0F8DC00C3F3080E89
:10627000801A0EFB00F002EB60221A44A267DCF8E1
:106280001030D31A07EE903AFAEEC87ABDEEE77AEC
:10629000B8EEC77A77EEC77A67EE867AF5EEC07AFF
:1062A000F1EE10FA01D577EE867A012EC4ED017A6F
:1062B00073D0D4F8805094F8DC32DCF8141094EDEC
:1062C0001A6ADFED6C5A9FED6A5A521A07EE102ACD
:1062D000B8EEC77A27EE067A27EE257AFDEEC75A82
:1062E000F8EEE55A37EE657A27EE057AB5EEC07A14
:1062F000F1EE10FA01D537EE057A77EEE66ADFEDBA
:106300005E5A84ED177AF4EEE56AF1EE10FA69DC74
:106310009FED5A7AF4EEC76AF1EE10FA4CBF0122F3
:106320000022002B62D02A4407EE102ADFED506ACB
:10633000C4F88020B8EEC77A27EE267A77EE877AFF
:10634000D4ED166AC4ED037AB3EE037A77EEE66A0B
:1063500028EE077AC6EE877A26EE276AC4ED187A09
:1063600084ED196A06B0BDEC028B70BDD4E9BE2184
:10637000B4F8EC3201310132C4E9BE21002001330E
:1063800084F8DD02A4F8EC324FF4807006B0BDEC66
:10639000028BBDE87040FAF7CBBEC4ED027A04F17F
:1063A0005C03E1EC017A9942FBD10123F0EE676ACC
:1063B00084F8DC3281E7D4F804330133C4F80433C1
:1063C000B4F8EC32D4F8F82201339BB20132002148
:1063D000022BC4F8F822A4F8EC3284F8DD12C1D9FB
:1063E0004020D3E74FF0FF32002B9CD101229FEDDC
:1063F000247AC4F8803084F8DC229FE71846B4F889
:10640000E41202920193FBF715FD00F50070B0F560
:10641000806FDDE9013211D8B4F8E412994202BF6D
:10642000D4F80C130131C4F80C13D4F8F412ECE6D0
:10643000D4F800330133C4F80033C1E7D4F80813AB
:10644000B4F8EC32C4F8E22201310133C4F8081385
:10645000D4F8F812C4F8F4529BB20131022BA4F81C
:10646000EC32C4F8F812A4F8DC527FF67BAFB7E741
:10647000DB0FC94000008037DB0F4940DB0F49C00C
:1064800000000000D839002070B5224D2B6803F5BC
:106490001C5310338B4200D970BD04460E46416F29
:1064A0001D4803F0EBFCA16F1C4803F0E7FC60689B
:1064B000F9F7FAFF02460B46194803F0DFFCE068E3
:1064C000F9F7F2FF02460B46164803F0D7FCE06DE1
:1064D000F9F7EAFF02460B46134803F0CFFCD4F865
:1064E0008010124803F0CAFC94F8DD12104803F043
:1064F000C5FCD4F8FC120F4803F0C0FCD4F800131C
:106500000D4803F0BBFC0D48D4F8041303F0B6FCAF
:106510002E6070BD1041002038DB000844DB00080D
:106520005CDB000874DB000888DB00089CDB0008EB
:10653000ACDB0008B8DB0008C4DB0008D4DB0008D3
:1065400030B585B001AB83E807000E4D002401ABE8
:1065500093E807002346FDF7B3FF0134B4F5807FCD
:1065600045F8040FF3D1084D01AB93E8070023462B
:10657000FDF7BAFF0134B4F5A07FA5EC010AF3D111
:1065800005B030BDD4390020D83D002070B586B0AC
:1065900003AB83E8070003AA07CA4FF4A073FDF713
:1065A00099FF03AA064640F2411307CAFDF792FF7E
:1065B00003AA05464FF4A17307CAFDF78BFF0DF13F
:1065C0000C0C044640F243139CE80700FDF782FFE1
:1065D000054A0192054A0092034622462946304662
:1065E000FBF7A0FB06B070BDD83D0020D8390020D5
:1065F00000B583B00190FDF719FF019841680022B2
:10660000FF23C0E90312838203B000BD30B51749F0
:106610008BB004461648FBF753F90546E8B1237DD5
:10662000012B1ED900210B46E268637502EB010EB7
:1066300094E8070004AB83E807000DF1040CCDF8E3
:1066400014E08CE8070093E8070007AB83E8070035
:1066500084E807002046FDF7F5FE2846A5750BB037
:1066600030BD013303F00103D902DDE7D83D00203E
:10667000D8390020F0B5837D83B005462BB90024BE
:1066800000232046AB7503B0F0BD48494848FBF7EE
:1066900017F90028F3D045494548464EFBF7CEF898
:1066A0000024074656F8043F95E807000093234668
:1066B0000134FDF7D5FEB4F5807FF3D13B4EB6EC47
:1066C000010A234695E807000134FDF7E1FEB4F521
:1066D000A07FF4D10223009395E8070040F2411314
:1066E000FDF7CAFE009495E807004FF4A173FDF78B
:1066F000C3FE009795E8070040F24313FDF7BCFE88
:106700002A690132009295E807004FF4A273FDF761
:10671000B3FE294B009395E807002346FDF7ACFE36
:10672000234926484FF4806203F07EFC1F49244829
:106730004FF4807203F078FC95E80700FFF700FF44
:1067400095E80700FFF722FF044660B91B49184887
:106750004FF4806203F068FC194914484FF48072CA
:1067600003F062FC8BE795E807004FF4A273FDF796
:10677000B1FE2B69114907464FF480620C485E1C3C
:1067800003F052FC0E4909484FF4807203F04CFCB0
:10679000B7427FF474AF2B696A7D2A7501332B6190
:1067A00020460023AB7503B0F0BD00BFD83D0020EC
:1067B000D8390020D43900204154484E14420020DA
:1067C000144100202DE9F04F93B006460DF10C085E
:1067D00000274FF0FF0A0CAD09AC0DF1100996E847
:1067E00007000DF13C0C8CE80700F36803EBC723AE
:1067F000109385E807009CE8070084E80700FFF78E
:106800009FFE94E80700FFF7C1FE4FF4A27388F8DB
:106810000000834694E80700FDF75CFE49F8270076
:106820000346002F41D0BBF1000F02D0BAF1FF0F99
:1068300054D1059B9DF80D2004999DF80C00FBF7A1
:1068400099FA002859DB5FFA80F8B8F1FF0F54D0AD
:10685000B8F1000F56D1354935484FF4806203F046
:10686000E3FB344934484FF4807203F0DDFBF268F7
:1068700086F8148002EBC82796E8070085E8070031
:106880000D9784E8070095E807000FAC84E807003F
:106890000DEB880394E807001B693361012386E848
:1068A0000700184613B0BDE8F08FBBF1000F10D001
:1068B0001F491E4801934FF4806203F0B5FB1E4947
:1068C0001C484FF4807203F0AFFBBAF1FF0F04D104
:1068D000BA4608F10108012781E7019B18460DEB34
:1068E0008A031969FBF740FA08B15FFA87FA002FAB
:1068F0009FD108F10108012771E70023184613B062
:10690000BDE8F08FF26802EBC82396E807000DF1AE
:106910003C0C8CE80700109385E807009CE8070012
:1069200006AF87E80700FFF70BFEA0E71442002040
:10693000D839002014410020D83D00200023837561
:10694000FDF7B4BD9DF800C030B949B932B14BB1C3
:10695000844508BF05207047012070470320704719
:106960000220704704207047081A904234BF00206C
:10697000012070470120704708B503F023FB162360
:1069800003604FF0FF3008BD08B503F01BFB162372
:106990000360FEE770B5161E07DD0C468D19AFF3D8
:1069A000008004F8010BA542F9D1304670BD00BF4C
:1069B00070B5161E07DD0C468D1914F8010BFCF797
:1069C00097FCA542F9D1304670BD00BF4FF0FF30B3
:1069D000704700BF4FF400534B600020704700BF6A
:1069E00001207047002070470C4A08B5136833B186
:1069F00018446946884208D81060184608BD084BFC
:106A00001360184469468842F6D903F0DBFA0C2378
:106A100003604FF0FF33184608BD00BF1446002046
:106A2000704700200D4B0E4A1B68A2FB03239B09F5
:106A3000013BB3F1807F00D3FEE74FF0E02209492C
:106A40005361F02081F823004FF0000C0720102341
:106A5000C2F818C0106181F8233070470000002090
:106A6000D34D621000ED00E0024A10601368002B65
:106A7000FCD170471C4600200549064A0B680133CB
:106A80000B60136813B11368013B1360704700BFBC
:106A9000184600201C460020014B1868704700BFB4
:106AA00018460020704700BF08B50220FAF740FBE7
:106AB000FEE700BF08B50420FAF73AFBFEE700BF87
:106AC00008B50820FAF734FBFEE700BF08B5102030
:106AD000FAF72EFBFEE700BF704700BF704700BF0C
:106AE000704700BFFFF7C8BF70B5584C584884B016
:106AF0002246002100F084FC206840F20173984295
:106B000006D1A36823F07F43B3F5002F00F08E80F9
:106B1000504D627A217A6B680093B2FA82F2B1FA30
:106B200081F1A37A52094909FBF734F908B904B095
:106B300070BD494A494E4A4B92ED0E7A96ED111AB4
:106B4000D2ED117AD3ED180A93ED030A297945485D
:106B500021EE071AC0EEA70A80EE270A21EE271AB7
:106B6000FAF75EFD3F493A4800F0F6FB3E4803A9BC
:106B7000FBF722F9054660B39DF80C10FD294DD0B6
:106B8000FE291ED0FC29D2D1384C0220FBF7B4F9E3
:106B900000253046C6F8B850FEF7B6F9206861689F
:106BA0002289FDF7E3F8616820682289FDF79CF8E7
:106BB0002020A580FAF7CAFA2D486D21FEF7C8FFFC
:106BC000B5E70420FBF798F929487A21FEF7C0FFC2
:106BD000ADE7236906F1CC02CDE9003294E80F005D
:106BE000FAF760FDDFED236AD6ED347A96ED337A5D
:106BF000C6F8B85067EEA67A27EE267AFDEEE77A59
:106C0000BDEEC77A17EE903A17EE101A9BB201202C
:106C100043EA0141FBF770F904B070BD0320FBF7B4
:106C20006BF913481B21FEF793FF80E703A904F1DA
:106C30000B00FBF713F918B99DF80C30072B01D99D
:106C4000206865E72046FBF78FF970E7E801002030
:106C500000640040D8390020D83D0020BC36002018
:106C600098330020FC010020F30100208C33002029
:106C7000A83600200000C842012110B5174801F0D5
:106C8000B9F917490B88013343F697229BB2934217
:106C900012D80B80134C2046FDF776FC9FED120AAC
:106CA0001248FFF77FFA1248FEF7CEFBD4F8B43053
:106CB0000133C4F8B43010BD0E4B1A7800200880A0
:106CC000B2FA82F200F18040520900F588304FF4A8
:106CD00000511A7000F0A6FEDCE700BF002C014056
:106CE00022460020BC360020D1CB0B389833002040
:106CF000A83600202046002008B54FF4805000F050
:106D0000BBFC11484FF4805100F092FE00B108BD69
:106D1000FCF7A0FEA0B9FCF755FE18B1BDE808408D
:106D2000FCF758BE08484FF4006100F087FE0028C9
:106D3000EDD02020FAF7FCF9044B01229A8008BD1F
:106D4000BDE80840FCF78EBE000801408C330020EF
:106D500008B50749074801F0F9FB00B908BD054827
:106D600001F0DCFBBDE80840C1B20348FEF7F0BE0D
:106D70000503050000440040A836002008B5154B67
:106D800098421BD003F5A05398420DD0A3F5C053F1
:106D900098421DD140F2093000F02AFFBDE80840BA
:106DA00040F2093000F032BF40F20F3000F020FF17
:106DB000BDE8084040F20F3000F028BF40F20A3032
:106DC00000F016FFBDE8084040F20A3000F01EBF98
:106DD00008BD00BF002801408368DB0703D4836837
:106DE00043F0010383607047826842F0080200F1BB
:106DF000080382601A681107FCD4826842F004021A
:106E000082601A685207FCD4704700BF836843F45D
:106E100080738360704700BF064BD3F8042422F4CC
:106E20007022C3F80424D3F804240243C3F80424D2
:106E3000704700BF0020014001F480738AB11BB18C
:106E4000436843F4807343604B0503D5436843F4C0
:106E500080634360890715D5836843F0020383602C
:106E600070471BB1436823F4807343604A0503D520
:106E7000436823F4806343608B0703D5836823F062
:106E800002038360704700BF836819B143F4006355
:106E90008360704723F400638360704701290ED03C
:106EA000022900D07047836B23F440138363013AB7
:106EB000836B120502F440121A4382637047C36A5F
:106EC00023F47003C362013AC36A120502F470022C
:106ED0001A43C262704700BF052900B52ED8D0F80A
:106EE00034C001EB81014FF01F0E0EFA01FE2CEAB7
:106EF0000E0C02FA01F141EA0C014163092A0DD896
:106F0000016902EB42024FF0070C0CFA02FC21EA85
:106F10000C0103FA02F20A43026100BD112AFCD8F7
:106F20000A3AC16802EB42024FF0070C0CFA02FC6D
:106F300021EA0C0193400B43C36000BD0B2910D81C
:106F40000639D0F830C001EB81014FF01F0E0EFA68
:106F500001FE2CEA0E0C02FA01F141EA0C01016378
:106F6000CCE70F29CAD80C39D0F82CC001EB81012D
:106F70004FF01F0E0EFA01FE2CEA0E0C02FA01F180
:106F800041EA0C01C162B9E7D0F838C00331CCF353
:106F9000015CA1EB0C0101EB81014FF01F0C00B56E
:106FA0000CFA01FED0F838C002FA01F12CEA0E0CFE
:106FB00041EA0C01092A81630DD8016902EB420202
:106FC0004FF0070C0CFA02FC21EA0C0103FA02F262
:106FD0000A43026100BD112AFCD80A3AC16802EBDB
:106FE00042024FF0070C0CFA02FC21EA0C0193401C
:106FF0000B43C36000BD00BF01F001035AB11BB1D8
:10700000836843F4801383608A070FD5836843F451
:107010000043836070471BB1836823F4801383604F
:107020008B0703D5836823F400438360704700BF58
:1070300001290AD0022900D07047836823F4E04375
:1070400083608368134383607047836823F46023FD
:107050008360836813438360704700BFCA0703D50A
:10706000836843F4800383608B0703D5836843F40C
:1070700000138360704700BF03290FD8DFE801F0D9
:107080000B080502806C80B27047406C80B270477C
:10709000006C80B27047C06B80B2704700207047B0
:1070A00003680B4214BF012000207047036823EAE5
:1070B00001030360704700BF08B5074B984200D03A
:1070C00008BD40F2194000F093FDBDE8084040F2D1
:1070D000194000F09BBD00BF0064004029B10328A7
:1070E0002CD8DFE800F00E182103FEE70023C1F8DA
:1070F0000B30C1F80F308B724B60CB740B810B607F
:107100007047002340F2FF304FF4003248810B817A
:107110000A604B60704700234FF480320B740B60A1
:107120004B608B60CA6070470023C1F80B30C1F818
:107130000F308B724B600B810B607047FEE700BF16
:10714000036823F0020300B503600368844643F03C
:1071500001034CF8043B4368DB07864608D44FF62E
:10716000FF7301E0013B03D0DCF80020D007F9D524
:10717000DEF8040010F0010070D04B788A781B060E
:10718000120402F4702203F0407313430A7843EAB6
:107190008273CA78120502F4E00213434A89013A65
:1071A000C2F309021343CEF81C300B79012BDEF831
:1071B00000300CBF43F0800323F08003CEF8003092
:1071C0004B79012BDEF800300CBF43F0400323F075
:1071D0004003CEF800308B79012BDEF800300CBF75
:1071E00043F0200323F02003CEF80030CB79012BAD
:1071F000DEF800300CBF43F0100323F01003CEF88C
:1072000000300B7A012BDEF800300CBF43F008038E
:1072100023F00803CEF800304B7A012BDEF8003063
:107220000CBF43F0040323F00403CEF80030DEF873
:10723000003023F00103CEF80030DEF80430DA0726
:107240000DD54FF6FF7000E040B1DCF80030DB07F1
:1072500000F1FF30F8D4003818BF012000BD012034
:1072600000BD00BF3B494389D1F8002642F001022E
:1072700000B5C1F80026D1F81CC6B0F80EE0012216
:107280009A402CEA020CC1F81CC6BEF1000F45D191
:10729000D1F80CC603F100632CEA020CC1F80CC64D
:1072A00003F6C843B0F806C04188DB0041EA0C4150
:1072B000B0F804C01960018841EA0C415960838923
:1072C00024492BBBD1F8043623EA0203C1F8043663
:1072D00003892049B3B9D1F8143623EA0203C1F86F
:1072E0001436037C012B05D11A49D1F81C361343FF
:1072F000C1F81C36174AD2F8003623F00103C2F851
:10730000003600BDD1F814361343C1F81436E8E74F
:10731000D1F804361343C1F80436D9E7BEF1010FA2
:10732000CDD1D1F80CC603F100634CEA020CC1F8D0
:107330000CC603F6C843B0F800C04188DB0041EA40
:107340000C41B0F804C01960C18841EA0C41596091
:10735000B5E700BF0060004082685201034605D4D3
:107360008268120143D51033012000E00020D3F8D9
:10737000802102F0010210B5C3F8802191F808E0E5
:107380004A7A03F5C07CBEF1000F26D04C6842EA71
:10739000C40242EA0E02D3F880E142EA0E02C3F8C8
:1073A0008021D3F8842122F00F02C3F88421D3F87E
:1073B00084E18A7A42EA0E02C3F88421D1F80B20D4
:1073C000C3F88821D1F80F20C3F88C21DCF80030F5
:1073D00043F00103CCF8003010BD0C68D3F880E115
:1073E00042EA445242EA0E02C3F88021D9E7826899
:1073F000D20002D520330220B9E70320704700BF36
:1074000000EB0113D3F8B0C10CF0040C82F808C0F3
:10741000BCF1000F47D1D3F8B0C14FEA5C5CC2F8B1
:1074200000C0D3F8B0C10CF0020C82F809C0D3F848
:10743000B4C14FEA1C2C82F813C0D3F8B4C10CF0CD
:107440000F0C82F80AC0D3F8B8C182F80BC0D3F889
:10745000B8C14FEA1C2C82F80CC0D3F8B8C14FEA6F
:107460001C4C82F80DC0D3F8B8C14FEA1C6C82F8EE
:107470000EC0D3F8BCC182F80FC0D3F8BCC14FEA2C
:107480001C2C82F810C0D3F8BCC14FEA1C4C82F807
:1074900011C0D3F8BC311B0E937459B9C36843F0C3
:1074A0002003C3607047D3F8B0C14FEADC0CC2F8C8
:1074B00004C0B6E7036943F020030361704700BFCF
:1074C00043690B43436170470D4B984215D001EB64
:1074D000810300EB83030022D3F808C02CF0010CD9
:1074E000C3F808C09A60DA601A615A61426889007C
:1074F0000F238B401343436070470429E7D9FEE70D
:10750000000402401D4B984234D001EB810100EB96
:107510008100136810B4036193684361138AC360E8
:10752000D468536881682343546921F47C51234310
:107530000B438360137E012B83680CBF43F0400331
:1075400023F040038360537E012B83680CBF43F01C
:10755000800323F080038360937E2BB1836843F024
:10756000100310BC83607047836823F0100310BCC5
:10757000836070470429C8D9FEE700BF00040240B9
:10758000074B984208D001EB8101890008300B5865
:1075900043F020030B5070470429F4D9FEE700BFE5
:1075A00000040240074B984208D001EB810189009A
:1075B00008300B5843F001030B5070470429F4D9ED
:1075C000FEE700BF000402402A4BD3F800C42CEAB7
:1075D000000CC3F800C4D3F804C42CEA000CC3F8B0
:1075E00004C4D3F808C42CEA000CC3F808C4D3F8C8
:1075F0000CC42CEA000CC3F80CC449B3012905D013
:10760000012A0BD0022A29D0AAB17047D3F804145A
:10761000012A41EA0001C3F80414F3D1154BD3F851
:10762000082422EA0002C3F80824D3F80C240243F9
:10763000C3F80C2470470F4BD3F808240243C3F857
:107640000824D3F80C2422EA0002C3F80C24704763
:10765000D3F800140143C3F80014D1E7054BD3F865
:1076600008240243C3F80824D3F80C240243C3F8C7
:107670000C24704700000140014BC3F8140470470C
:10768000000001400B4B1A69110603D50A490B4A49
:1076900059605A600A4BB3F8E030B3F5007F07D960
:1076A000044B1A6D120603D50349044A59645A64FF
:1076B000704700BF0020024023016745AB89EFCD32
:1076C00000F7FF1F074B08491A69B1F8E01042F0B4
:1076D0008002B1F5007F1A6103D91A6D42F0800271
:1076E0001A6570470020024000F7FF1F4B4BB3F8AC
:1076F000E030B3F5007F6AD9494B4A4A98424A4B79
:1077000026D2D168C90756D4D368D90657D4D368CE
:107710005B075AD41169444B41F002011161506179
:107720001069404940F040001061CA68D00738D461
:10773000CB68DB063DD4C868C0F380004000C0B20F
:10774000384A136923F0020313617047013B34D0B8
:10775000D16CC907FAD4D36CDB0630D4D36C59078B
:1077600033D4136D43F0020313655065D3699B074F
:1077700048BF50612B4A2C4B116D41F040011165FF
:10778000D16CC9071DD4D36CD80643D4D06CC0F3D8
:1077900080004000C0B2234A136D23F0020313653A
:1077A0007047013B38D0CA68D007FAD4CB68DB06F3
:1077B000C1D50320C4E7013BA3D1042070470320B7
:1077C0007047013BDCD10420E5E702207047164BEF
:1077D000144AD168C90719D4D368DB06EFD4D3683B
:1077E0005907F2D41169104B41F002011161506147
:1077F00010690C4940F040001061CA68D20797D563
:10780000013B09D0CA68D207FAD491E7013BE0D125
:10781000042070470320BEE7042091E700F7FF1F14
:10782000FFFF0708002002400000FF0F454BB3F8A0
:10783000E030B3F5007F8C4660D9434B434A984211
:10784000434B23D2D168C9074CD4D368D9064DD451
:10785000D3685B0750D411693D4B41F001011161C0
:107860003A49C0F800C0CA68D00731D4CB68DB06FB
:1078700036D4C868C0F380004000C0B2334A1369F0
:1078800023F0010313617047013B2DD0D16CC90770
:10789000FAD4D36CDB0629D4D36C59072CD4116DE0
:1078A0002B4B41F0010111652849C0F800C0CA6C9A
:1078B000D2071DD4CB6CD80640D4C86CC0F380006E
:1078C0004000C0B2214A136D23F0010313657047D5
:1078D000013B35D0CA68D007FAD4CB68DB06C8D5DF
:1078E0000320CBE7013BADD1042070470320704754
:1078F000013BDCD10420E5E702207047144B134A1A
:10790000D168C90716D4D368DB06EFD4D36859070A
:10791000F2D411690E4B41F0010111610B49C0F81D
:1079200000C0CA68D207A1D5013B09D0CA68D207F6
:10793000FAD49BE7013BE3D1042070470320C1E761
:1079400004209BE700F7FF1FFFFF0708002002400D
:107950000000FF0F830903F1804303F5083300F0B3
:107960001F001968012282400A431A60704700BF55
:107970002DE9F0430C461D46E306014604F00F06D0
:1079800002D5042A44D0164300224FF001080F27E5
:1079900006E0482C08BF08610B600132082A13D0AA
:1079A00008FA02FC4FEA820E1CEA050007FA0EF9FB
:1079B00006FA0EFEF1D00B68282C23EA09034EEAE2
:1079C0000303E6D14861E7E700234FF001080F27E2
:1079D00009E0482C08BF0861C1F804E00132102A10
:1079E00003F1040312D008FA02FC1CEA050007FAAE
:1079F00003F906FA03FEF1D0D1F804C0282C2CEAD2
:107A0000090C4EEA0C0EE4D14861E5E7BDE8F083CD
:107A1000C36B2B4346F00306C363B5E701617047B0
:107A2000416170470AB1016170474161704700BF11
:107A300083680B4214BF012000207047C3680B42CB
:107A400014BF01200020704700281F4B00F4401C89
:107A5000B4BFDB695B68BCF5401F00B582B227D0BC
:107A600010F4801F19D14FEA505C4FEA0C1C02FA47
:107A70000CFC23EA0C0343F0E0634FEA505C4FEA4E
:107A80000C1C02FA0CF21A43002918BF13460E4AC6
:107A90000028B4BFD361536000BDC0F3034E4FF064
:107AA000030C0CFA0EFC23EA0C0343F0E063E4E75A
:107AB000DFF814E0DEF804C02CF0E06C23F0E063A3
:107AC000CEF804C0D9E700BF0000014001F0030375
:107AD0009B000F22032902FA03F200FA03F0134B72
:107AE00007D8996821EA02029A609A6802439A606C
:107AF0007047072907D8D96821EA0202DA60DA68F4
:107B00000243DA6070470B2907D8196921EA02029B
:107B10001A611A6902431A617047596921EA02021F
:107B20005A615A6902435A61704700BF0000014020
:107B3000DFF898C0DCF80C3003F4E063B3F5E06FD5
:107B400036D0DCF80C3003F4E063B3F5C06F1BD023
:107B5000DCF80C3003F4E063B3F5A06F10D0DCF870
:107B60000C3003F4E063B3F5806F25D0DCF80C3003
:107B700003F4E063B3F5407F22D0134BCCF80C3014
:107B800002F00302022302E002F007020323DFF8FF
:107B900040C0994011430CEB00030901420983F8EE
:107BA000001300F01F00012383404CF8223070477F
:107BB00002F00F020423EAE702F001020123E6E7E4
:107BC00000221346E3E700BF0005FA0500ED00E0E0
:107BD00000E100E0830903F1804303F5043300F082
:107BE0001F001968012282400A431A60704700BFD3
:107BF000830903F1804303F5043300F01F00196883
:107C0000012282400A431A60704700BF830903F1D2
:107C1000804303F5043300F01F001A6801218140FE
:107C200022EA01021A607047174A5368D26A23F0A9
:107C3000805323F4404322F000510B2809D8DFE899
:107C400000F006060606081808180C0C0C0C43EA8F
:107C500080330D4A5360D1627047DFF834C042F080
:107C600000510CEA803C084A43EA0C035360D1629D
:107C70007047064A02EA80321343034A43F08053B6
:107C80005360D162704700BF0010024000C0FEFF89
:107C900000C0FCFF10B5DFF8E4C086469CE80F008A
:107CA00088B008AC04E90F00DCE90401CDE900016B
:107CB000CDE902012D4A536803F00C03082B24D0B0
:107CC0002B482A4A536851685268C3F303136B4424
:107CD0001B7C20FA03F3BEF1030F44D8DFE80EF05B
:107CE0000812020AC1F302216944087823FA00F05D
:107CF00008B010BDC2F3C2226A44107A23FA00F021
:107D000008B010BD184608B010BD5368D90311D48F
:107D1000184A164B586859685B680C01C0F38340D9
:107D200014D5590018D540F030003F2812D102FB7D
:107D300000F0C6E7D36A5A000C4B58BF0C4A5B6888
:107D400048BF0D4A9B03E4D55208E2E75B0006D525
:107D500040F020000130EAE740F01000FAE70F2879
:107D6000F8D00230E3E70020C2E700BF0010024075
:107D700000127A0000093D00006CDC0268D10008A6
:107D800008B5154B984212D003F57443984204D0BD
:107D9000A3F57843984214D008BD4FF44370FFF721
:107DA00027FFBDE808404FF44370FFF72FBF40F2B4
:107DB0000F40FFF71DFFBDE8084040F20F40FFF7FE
:107DC00025BF40F20E40FFF713FFBDE8084040F228
:107DD0000E40FFF71BBF00BF003C004010B4D1E9CC
:107DE00001420B6823431343CA680C69D1E905C1FA
:107DF00013432343026843EA0C0302F441520B434A
:107E000013430360C36923F4006310BCC36170476C
:107E1000036843F040030360704700BFC1607047D0
:107E2000C06880B2704700BF83680B4214BF012056
:107E30000020704708B5374B98424CD015D8A3F5B1
:107E40000063984251D039D8B0F1804F22D0A3F5C9
:107E5000806398425DD140F20140FFF7C9FEBDE862
:107E6000084040F20140FFF7D1BE2B4B984246D06C
:107E700003F50063984217D0A3F59033984248D198
:107E800040F20540FFF7B4FEBDE8084040F205406F
:107E9000FFF7BCBE4FF48060FFF7AAFEBDE80840C4
:107EA0004FF48060FFF7B2BE40F20D30FFF7A0FE46
:107EB000BDE8084040F20D30FFF7A8BE174B9842CE
:107EC00027D140F20340FFF793FEBDE8084040F29F
:107ED0000340FFF79BBE40F20440FFF789FEBDE878
:107EE000084040F20440FFF791BE40F20240FFF725
:107EF0007FFEBDE8084040F20240FFF787BE40F237
:107F00000B30FFF775FEBDE8084040F20B30FFF77D
:107F10007DBE08BD00100040002C0140000C004058
:107F200000234FF6FF72C0E900338260037370478D
:107F3000254B0A888262984215D020F44063B3F141
:107F4000804F10D0214B98420DD0214B20F48062FD
:107F500010B49A428C68C4622CD1436943F0010387
:107F600010BC4361704703684A8823F070030360C4
:107F7000D0F800C08B8842EA0C020260026813430A
:107F800003608B68C3620268CB8822F4407202608F
:107F9000D0F800C00C4A43EA0C039042036002D0C0
:107FA0000A4B984201D10B7B0363436943F0010301
:107FB000436170470268CB8822F440720260026815
:107FC00013430360C9E700BF002C014000340140A7
:107FD00000100040036843F001030360704700BFD6
:107FE000036843F080030360704700BFC3680B431E
:107FF000C3607047C9430161704700BF002303603D
:108000004360836083817047B1F802C00B888A881F
:1080100043EA0C03B1F806C013430A8943EA0C0390
:10802000B1F80AC013438A8943EA0C0313439BB295
:1080300043647047436C01290CBF43F4004323F4AD
:1080400000434364704700BF0023036043608360C4
:10805000704700BF032929D8DFE811F0AF006C009A
:1080600029000400036A1188B2F804C023F4805385
:108070000362C36923F44073C361036A43EA0133B3
:108080000362036A724923F400530362036A88425D
:1080900043EA0C33036240F0D6804368128923F42C
:1080A00080434360436843EA821343607047036A36
:1080B0001188B2F804C023F480730362C36923F00B
:1080C0000303C361036A43EA01230362036A60494D
:1080D00023F400730362036A884243EA0C230362B9
:1080E00002D05C4B9842E1D1036AB2F802C0D18859
:1080F00023F480630362036A43EA0C230362036A86
:1081000023F400630362036A43EA012303624368C2
:108110001189528923F480534360436843EA011371
:108120004360436823F400534360436843EA021307
:1081300043607047036A1188B2F804C023F010034B
:108140000362836923F440738361036A43EA011382
:108150000362036A3E4923F020030362036A8842F4
:1081600043EA0C13036202D03A4B98429ED1036A51
:10817000B2F802C0D18823F040030362036A43EAE5
:108180000C130362036A23F080030362036A43EA69
:108190000113036243681189528923F480634360A9
:1081A000436843EA81034360436823F40063436008
:1081B000436843EA820343607047036A118823F0EF
:1081C00001030362D0F818C093882CF0030CC0F8A8
:1081D00018C0D0F820C041EA0C010162016ADFF842
:1081E00070C021F002010162016A604543EA0103A7
:1081F000036203D0174B98427FF458AF036A51884B
:1082000023F004030362D0F820C0D38841EA0C01B4
:108210000162016A21F008010162016A0B430362F5
:108220004368118923F480734360D0F804C05389F4
:1082300041EA0C014160426822F4007242604268E7
:10824000134343607047034B98427FF42FAF24E7FA
:10825000002C01400034014003290BD8DFE801F075
:108260001C130B02C36923F4E043C361C36943EAEF
:108270000223C3617047C36923F07003C361C369FC
:108280001343C3617047836923F4E04383618369C7
:1082900043EA022383617047836923F0700383619B
:1082A0008369134383617047032904D8DFE801F031
:1082B0000806040202647047C26370478263704715
:1082C0004263704703290BD8DFE801F01C130B024F
:1082D000C36923F40063C361C36943EA0223C36132
:1082E0007047C36923F00803C361C3691343C361C3
:1082F0007047836923F400638361836943EA02233F
:1083000083617047836923F00803836183691343A2
:108310008361704703290BD8DFE801F01C130B02BF
:10832000C36923F48063C361C36943EA0223C36161
:108330007047C36923F00403C361C3691343C36176
:108340007047836923F480638361836943EA02236E
:1083500083617047836923F0040383618369134356
:108360008361704703290BD8DFE801F01D140B026D
:10837000036A23F480530362036A43EA023303620D
:108380007047036A23F480730362036A43EA02239B
:1083900003627047036A23F010030362036A43EA2F
:1083A000021303627047036A23F001030362036A46
:1083B00013430362704700BF436823F070034360B8
:1083C00043680B434360704721B9836843F08003DF
:1083D00083607047012900D07047836823F08003D1
:1083E00083607047836823F007038360704700BF92
:1083F00008B5234B984238D010D9224B98422AD046
:1084000003F5684398421BD140F20E30FFF7F0FBB2
:10841000BDE8084040F20E30FFF7F8BBA3F500635B
:1084200098420ED003F58063984209D140F2124081
:10843000FFF7DEFBBDE8084040F21240FFF7E6BB65
:1084400008BD40F21140FFF7D3FBBDE8084040F201
:108450001140FFF7DBBB40F21440FFF7C9FBBDE85A
:10846000084040F21440FFF7D1BB40F21340FFF741
:10847000BFFBBDE8084040F21340FFF7C7BB00BF99
:10848000004C00400050004000B5174B984283B0AC
:10849000024617D00ED9154B984213D003F5684306
:1084A00098421ED1CDE900010320FFF7F3FBDDE97F
:1084B00000210EE0A3F50063984203D003F580632A
:1084C00098420ED10220CDE90021FFF7E3FBDDE960
:1084D000002100EB5103B3FBF1F39BB2936003B0B7
:1084E00000BD0020F5E700BF004C004000500040F8
:1084F000C36843F40053C360704700BFC36823F0F0
:1085000008030B43C3607047C36823F004030B43A5
:10851000C3607047C1F30801416070474068C0F311
:10852000080070478B0901F01F011858C84000F07F
:10853000010070478A09012352F800C001F01F01B1
:108540008B4043EA0C031350704700BFC1F38912FC
:108550008B0D52F800C01858C1F30442012303FAEE
:1085600002F201F01F01024203FA01F314BF0120DD
:10857000002013EA0C0F00F0010008BF0020704734
:108580004249434BD1F8882042F4700282B0C1F8CE
:108590008820196841F0010119605968002041F0F4
:1085A000800159600190019B44F61F62934205D8F7
:1085B000019B01330193019B9342F9D934494B68E4
:1085C00023F003034B600B6823F084734FF41F0206
:1085D00023F480330B608A600A68002022F4802232
:1085E0000A604860C8620A6842F001024FF4A06362
:1085F0000A6001E0013B02D00A689007FAD5244BDB
:108600001A68920741D5DA69224942F08052DA614C
:108610000A6842F440420A605A685A605A685A60CE
:108620005A6842F480625A605A6822F0904222F4FA
:1086300070125A605A6842F0036242F480225A6013
:108640001A6842F080721A601A689001FCD5114ACB
:10865000136843F4803313605368D903FCD513685F
:108660000C4943F4003313604B689A03FCD5084A65
:10867000536823F003035360536843F002035360CD
:1086800053681B07FCD502B07047FEE700ED00E021
:108690000010024000700040DFF834D00D480E4951
:1086A0000E4A002302E0D458C4500433C4188C424C
:1086B000F9D30B4A0B4C002301E013600432A242B1
:1086C000FBD3FFF75DFF01F083FCF8F711FB704768
:1086D0000000012000000020CC01002070E800080C
:1086E000CC01002070470020FEE7002101F018BBFC
:1086F0000A22002101F09ABB2DE9FF4757EC106BCD
:10870000002F0C469146DDF830A019464FF00002CC
:1087100003DA07F100431F462D220D9D0A7025F054
:108720002005462D04D0452D00D10134022100E062
:10873000032103AB019302AB009347EC106B53464C
:10874000224601F011FD472D80461AD119F0010F84
:108750000ED000EB04090022002330463946F8F71A
:1087600063F908B1CDF80C903022039B4B451ED322
:10877000039B0E9AA3EB08034046136004B0BDE8C8
:10878000F087462D00EB0409E5D10378302B0AD1A0
:108790000022002330463946F8F746F918B9C4F1EB
:1087A0000104CAF80040DAF800309944D3E7591CB4
:1087B00003911A70D9E7F7B50029BABF49422D23B2
:1087C0002B230929027043702ADD0DF10704871C51
:1087D000A6460A26A446B1FBF6F506FB1512303272
:1087E000632904F1FF340CF8012C2946F2DC303106
:1087F000ACF1020204F8011C411C144672450AD374
:108800000DF10903A3EB0C03A64538BF00233B443D
:10881000181A03B0F0BD12F8013B01F8013FEDE773
:10882000302330318370C170031DF1E72DE9F04F23
:108830008FB00C46DDF8608016461F46054601F0F5
:10884000EFFB036807931846F7F7C2FC00230C936D
:10885000D8F8003094F818A0D4F800B00890073386
:1088600023F00703B3EC027B8DED047BC8F80030E6
:10887000DDE9048323F0004984ED127B9A4B4FF02D
:10888000FF3240464946F8F701F970BB964B4FF06E
:10889000FF3240464946F8F7DBF830BBDDE904011A
:1088A00000220023F8F7CAF810B12D2384F84330D2
:1088B0008E4A8F4BBAF1470F8CBF904698460323E0
:1088C00023612BF0040323604FF000090097334627
:1088D0000DAA2146284600F0CDF9013040F08C80E9
:1088E0004FF0FF300FB0BDE8F08FDDE904231046F4
:1088F0001946F8F7CBF840B1059B7E4A002BBCBF68
:108900002D2384F843307C4BD4E763685A1C0AF06B
:10891000DF093BD1062363604BF4806200232260B1
:1089200003930CABCDE901A30BAB009361689DED04
:10893000040B0DF12B032846FFF7DEFEB9F1470FBC
:108940000B99804629D1C81C02DB63688B4241DA4F
:10895000AAF1020A5FFA8AFA0139524604F150007C
:108960000B91FFF728FF0C9A1318012A8146236107
:1089700002DC2268D20701D5013323619DF82B3038
:10898000002BA3D02D2384F843309FE7B9F1470F84
:10899000C2D1002BC0D10123BDE7BAF1650FDBD9ED
:1089A000BAF1660F18D1002963680BDD216113B994
:1089B0002268D00702D501330B442361A1654FF033
:1089C0000009DBE713B92268D20701D50233F4E7C7
:1089D0000123F2E74FF0670A0C9B8B4205DC23680A
:1089E0002161D807EAD54B1CE7E70029D4BFC1F1C4
:1089F000020201221344E0E723685A0507D42369E1
:108A0000424631462846B847013028D168E7BAF1D6
:108A1000650F40F2DB80D4E9120100220023F8F751
:108A200003F890B3354A012331462846B847013050
:108A30003FF456AFDDE90B38434502DB2368D80726
:108A40000DD5DDE9072331462846B84701303FF40C
:108A500047AF4FF0000908F1FF38C84509DC23682B
:108A60009B0700F10481E0680D9B9842B8BF18464F
:108A700038E7012304F11A0231462846B84701308D
:108A80003FF42EAF09F10109E7E70B9B834237DC86
:108A90001A4A012331462846B84701303FF420AF37
:108AA000DDE90B3959EA030302D12368D907D6D58A
:108AB000DDE9072331462846B84701303FF410AFBF
:108AC0004FF0000A0B9B5B42534501DC4B4697E796
:108AD000012304F11A0231462846B84701303FF419
:108AE000FFAE0AF1010AEDE7FFFFEF7FECE30008BC
:108AF000E8E30008F4E30008F0E30008F8E3000806
:108B0000A36DDDF830B05B45A8BF5B46002B049336
:108B100037DC4FF0000904F11A02049BD4F858A086
:108B2000002BACBFAAEB030353464B4531DC0B9B38
:108B30009B453ADC2368DA0737D40B9BABEB030980
:108B4000ABEB0A039945A8BF9946B9F1000F34DC95
:108B50004FF000080B9BB9F1000FABEB0303A8BF6C
:108B6000A3EB090343457FF77AAF012304F11A020F
:108B700031462846B84701303FF4B2AE08F101084B
:108B8000E8E7049B424631462846B8470130C0D149
:108B9000A6E60123314628460992B84701303FF442
:108BA0009FAE099A09F10109B7E7DDE907233146CC
:108BB0002846B8470130C0D192E64B4608EB0A027E
:108BC00031462846B8470130C2D189E6DDF830A0E9
:108BD000BAF1010F01DCDB0735D5012342463146EE
:108BE0002846B84701303FF47BAEDDE90723314624
:108BF0002846B84701303FF473AED4E91201002291
:108C000000230AF1FF3AF7F70FFFC8B9534608F1FE
:108C1000010231462846B84701300DD160E60123F4
:108C200004F11A0231462846B84701303FF458AEE5
:108C300008F10108D045F2DB4B4604F15002E0E6B2
:108C40004FF00008F6E701234246E2E7012304F172
:108C5000190231462846B84701303FF441AE08F1C9
:108C60000108E3680D995B1A4345EFDCFBE64FF022
:108C70000008F6E72DE9F047914698468A680B69A7
:108C8000089E9342B8BF1346C9F8003091F84320BC
:108C900007460C4612B10133C9F800302368990623
:108CA00042BFD9F800300233C9F80030256815F00A
:108CB000060507D104F1190AE368D9F800209B1AC8
:108CC000AB4229DC94F843302268003B18BF0123F3
:108CD00092062ED404F1430241463846B047013093
:108CE00021D02368A168226903F00603042B01BF89
:108CF000E568D9F80030ED1A25EAE57518BF0025BA
:108D00008B1A2B449142C8BF1D464FF000091A34FC
:108D10004D451AD1002008E001235246414638460D
:108D2000B047013003D14FF0FF30BDE8F087013587
:108D3000C2E7E1185A1C302081F84300224494F81D
:108D4000451082F843100233C4E70123224641460E
:108D50003846B0470130E6D009F10109D8E70000F4
:108D60002DE9F04398460B7E85B0782B17460646D2
:108D70000C9A0C4609D8622B01F1430108D8002B4C
:108D800000F0DC80582B00F0BD8004F1420539E092
:108D9000A3F163001528F8D801A555F820F000BF0D
:108DA000F98D00080D8E00088B8D00088B8D000852
:108DB0008B8D00088B8D00080D8E00088B8D0008B0
:108DC0008B8D00088B8D00088B8D00081D8F00088F
:108DD000398E0008CB8E00088B8D00088B8D000823
:108DE000458F00088B8D0008398E00088B8D000898
:108DF0008B8D0008D38E00081368191D1B68116045
:108E000004F1420584F842300123A8E01368256884
:108E1000181D1060280601D51B6803E06A06FBD503
:108E2000B3F90030002B03DA2D225B4284F8432093
:108E3000DFF878C10A2213E02568106815F0800F6A
:108E400050F8043B02D16D0648BF9BB21060227EF1
:108E5000DFF858C16F2A5DD10822002084F8430052
:108E60006568A560002D05DB20681D4320F0040027
:108E7000206051D00D46B3FBF2F002FB103E9A4247
:108E80001CF80EE005F801ED0346F4D9082A0BD1D1
:108E90002368DA0708D5236962689A42DEBF302367
:108EA00005F8013C05F1FF35491B2161CDF8008033
:108EB0003B4603AA21463046FFF7DCFE013053D182
:108EC0004FF0FF3005B0BDE8F083236843F0200386
:108ED0002360DFF8DCC0782384F84530206815680B
:108EE00010F0800F55F8043B03D110F0400F18BF6D
:108EF0009BB21560C50744BF40F02000206023B13D
:108F00001022AAE7DFF8A4C0E6E7226822F02002D8
:108F10002260F5E70A22A0E70D46B7E71368D4F808
:108F200000C060691D1D15601CF0800F1B6801D01A
:108F3000186003E01CF0400FFAD018800023236172
:108F40000D46B3E71368191D11601D6862680021A2
:108F50002846F7F7EDF808B1401B606063682361AD
:108F6000002384F84330A1E723692A463946304676
:108F7000C0470130A4D023689B0714D4E068039B4A
:108F80009842B8BF18469DE7012304F119023946FB
:108F90003046C047013093D00135E36803995B1A2E
:108FA000AB42F1DCEAE70025F7E700BFFAE300088F
:108FB0000BE40008002310B50446C0E90033C0E903
:108FC0000433836081814366C2818361194608222C
:108FD0005C3000F0DCFF0D4B63620D4BA3620D4B68
:108FE000E3620D4B23630D4B24629C4206D003F1D8
:108FF0006802944202D0D0339C4205D104F158005B
:10900000BDE8104001F008B810BD00BF0FC1000856
:1090100031C1000869C100088FC100082446002042
:10902000024A0349034800F00BBF00BF04000020C0
:1090300099C200088001002041680C4B994210B58C
:10904000044601D003F028F9A168094B994202D0E7
:10905000204603F021F9E168064B994204D02046EE
:10906000BDE8104003F018B910BD00BF2446002031
:109070008C460020F446002010B50A4B0A4A1A60BC
:109080000A4800220421FFF795FF0948012209211F
:10909000FFF790FFBDE81040064802221221FFF7BB
:1090A00089BF00BF5C4700202190000824460020B3
:1090B0008C460020F4460020014800F0AEBF00BFFF
:1090C00061470020014800F0A9BF00BF61470020B0
:1090D00010B50446FFF7F0FF236A1BB1BDE810404E
:1090E000FFF7F0BF044B2362044B1B68002BF5D144
:1090F000FFF7C2FFF2E700BF399000085C4700208D
:1091000070B504460D4645EC104B164602F0C2FE03
:1091100051EC100B7EB1C5F30A53C3F16B03002B66
:1091200009DD1B0503F17F55002405F54015224696
:109130002B46F7F711FA41EC100B70BD0000000050
:109140002DE9F04F9FB00E461792002204901A921C
:109150004FF000084FF0000919910A782B2A0D46AC
:1091600001F101011CD00AD80D2A05D8082AF3D82C
:1091700072B100230B9382E0202AEDD0F9E72D2A6B
:1091800010D10122691C19910B926A78002A37D1FB
:10919000179B1996002B40F0A88542464B462AE0C3
:1091A0000022EFE700210B91302A40F09D806A7881
:1091B00002F0DF02582A5AD102930B9B01931AAB9B
:1091C0000093874A04981BAB19A901F009FE10F01F
:1091D0000F04064605D0062C14D10135002319953D
:1091E0000B93179B002B40F082850B9B002BD4D058
:1091F000424609F1004343EC102B1FB0BDE8F08F4D
:109200000D46D1E71A9A3AB135211CA802F03BFF6E
:109210001A99049802F0F2FA013C042C06D8DFE80F
:1092200004F014031E211400DDE91C89F10548BF78
:1092300049F0004929F000431B0D1B05002BD0D13C
:1092400000F0C0FE22230360CBE7DDE91C831B9AFC
:1092500023F4801302F2334243EA0259E6E7DFF8CF
:109260008891E3E76FF000494FF0FF38DEE7013502
:1092700019952B78302BFAD0002BB2D001234FF068
:10928000000A07932846CDF838A0D3460A2304786D
:10929000A4F13002092A29D95249012200F07FFEA7
:1092A000002836D00020224606905C460146652AFA
:1092B00001D0452A16D124B9079B03433FF468AF78
:1092C0000024199E731C199372782B2A7FD02D2AA3
:1092D00000F083804FF0000CA2F13003092B40F224
:1092E000898019960023ACE00023C8E7BBF1080F82
:1092F000DCBF0E9A03FB024200F10100D5BF303AF9
:1093000003FB0A420E92A2F1300A0BF1010B1990F5
:10931000BDE7199B5A1C19925A78BBF1000F3BD03C
:1093200006905C46A2F13003092B11D90121BEE75A
:10933000199B5A1C19925A780130302AF8D0A2F1A0
:109340003103082B00F2D8840690199D00200446B2
:10935000303A00F1010319D0069905941944069199
:10936000A4464FF00A0E0CF10107391B8B4215DCA5
:10937000059920EAE07001440134082904441CDC0A
:109380000E990A2303FB01230E930023199A511C03
:10939000199152781846C5E75846CEE7BCF1080F38
:1093A00005DC0E990EFB01F10E91BC46DBE70AFBD2
:1093B0000EFC102FD8BFE246F7E70F29DCBF0A23C7
:1093C00003FB0A2AE1E700230693012174E74FF02B
:1093D000000CB31C1993B2787EE74FF0010CF8E74C
:1093E000E8E500081CE400080000F07F199B5A1C07
:1093F00019925A78302AF9D0A2F13103082B3FF69E
:1094000071AFDDF864E0CDF814E0A2F130030A9307
:10941000059B013319931A780593A2F13007092FA0
:109420003BD9A3EB0E03082B44F61F633DDC0A9FD8
:109430009F42A8BF1F460597BCF1000F02D0059BB5
:109440005B420593002C51D1079B03437FF4C9AEC7
:1094500000297FF49DAE692A2BD028DC492A28D028
:109460004E2A7FF495AE9F4919A801F0D7FE002837
:109470003FF48EAE199B1B78282B31D19A491CAA38
:1094800019A801F0E0FE05282AD11D9BDDF87080A7
:1094900043F0FF4949F4E009A3E60A9B0A2707FBCA
:1094A0000327A7F130020A92B2E70593C4E76E2AB8
:1094B000D7E78E4919A801F0B1FE00283FF468AE45
:1094C000199B8B49013B19A8199301F0A7FE10B90C
:1094D000199B01331993DFF828924FF0000880E6BA
:1094E000844800F0B1FD59EC108B7AE6DDE90532D5
:1094F0000E989B1ABBF1000F08BFA346102C0A93CD
:109500002646A8BF1026F6F7ADFF092C80468946EF
:1095100013DC0A9B002B3FF464AE0A9B6FDD162B15
:1095200056DC754901EBC301D1E9000142464B46C7
:10953000F7F712F88046894653E66F4B03EBC603F4
:1095400053E91223F7F708F8804650468946F6F7A4
:1095500089FF02460B4640464946F6F747FE0F2C68
:1095600080468946D5DD0A9BA4EB060A9A44BAF1E7
:10957000000F40F392802AF00F061AF00F0A4DD127
:10958000B6F59A7F5ADC4946DFF8709136114046AD
:109590000027012E76D1A1F15479584901EBC7017A
:1095A00002464B46D1E90001F6F7D6FF544B0A4676
:1095B0000B4054498B42804640D8A1F580118B4224
:1095C00086BFDFF844914FF0FF3802F1547932E062
:1095D0000A9AC4F125039342C5DB474DC4F10F0439
:1095E00005EBC40142464B46D1E90001F6F7B4FF52
:1095F0000A9B1C1B05EBC405D5E9002398E716332D
:10960000B1DBDDE905239A1A3B4B03EBC203D3E937
:10961000002340464946F7F7C9F88BE7364901EB86
:10962000CA0142464B46D1E90001F6F795FF804654
:109630008946002EA4D1002307939BE000240594C3
:109640000E940694049ADFF8B890222313604FF02A
:1096500000080E9B002B3FF4C4AD1A99049802F049
:10966000CDF80699049802F0C9F8DDE9040102F08A
:10967000C5F80E99049802F0C1F80498214602F04A
:10968000BDF8AEE5F20703D5D9E90023F6F764FF8C
:109690000137761009F108097BE7CCD0CAF1000A3E
:1096A0004FEA2A161AF00F0A0DD11F2E2EDD0024C4
:1096B00005940E940694049A22234FF000084FF06C
:1096C00000091360C5E70C4B03EBCA03404649464B
:1096D000D3E90023F7F76AF880468946002EAAD01E
:1096E000E3E700BFF5E30008D4E50008EDE3000878
:1096F00029E40008D3E5000860E7000838E700081F
:109700000000F07F0000A07CFFFFEF7F16F0100349
:1097100018BF6A23754F079340464946F30703D5A0
:10972000D7E90023F6F718FF761007F10807F5D1FF
:10973000079B80468946ABB1C1F30A52C2F16B0365
:10974000002B0F460EDD1F2B55DD342BDEBF4FF0F7
:10975000FF33C2F14B029340B046CCBF4FF05C796F
:1097600003EA01090022002340464946F7F75CF965
:1097700000289CD10E9B0093049823465A46294604
:1097800002F0A4F80E9000283FF458AFDDE905235D
:109790009B1A0A9A002AA8BF00231493002422EAE5
:1097A000E273169305940E9B0498596801F0E8FF44
:1097B000069000283FF446AF0E9B1A69023203F16F
:1097C0000C0192000C3000F02FFC49EC108B049837
:1097D0001CAA1BA9CDE90C8902F0CCFB1A90002829
:1097E0003FF430AF0498012102F006F905900346DA
:1097F00040B9059326E74FF0FF3202FA03F303EA7C
:109800000008AFE71B9D079A002DABBF149B169B6A
:10981000169E149FACBFEF185E1B1C9BAD1A1D4417
:10982000334A013D9542C3F1360354DA3149521BA4
:109830008D42A3EB02034FF0010140DB01FA02FA73
:10984000002507EB030B1E44079B5F451E443B4668
:10985000A8BF5B46B342A8BF3346002BC2BFABEBE9
:10986000030BF61AFF1A149B002B18DD1A46DDE9CC
:10987000040102F08DF9059003460028B9D0014695
:109880001A9A049802F0CEF8034600283FF4DAAEA4
:109890001A9904980F9301F0B1FF0F9B1A93BBF133
:1098A000000F1ADC0A9B002B26DD169A06990498F5
:1098B00002F06EF906900346F0B90693C2E6C5F1D0
:1098C0007F4505F57F0505F57B45E23501FA05F590
:1098D0004FF0010AB5E70025FAE71A9904985A46AD
:1098E00002F0B2F91A900028DCD1ABE600E60008DD
:1098F00002FCFFFFE3FBFFFF002E08DD0699049842
:10990000324602F0A1F9069003460028D5D0002F78
:1099100008DDDDE904013A4602F096F905900028D9
:109920003FF490AE069A1A99049802F01BFA044686
:1099300000283FF487AEC3680F9300230599C360E6
:1099400002F0F4F900283CDA0F9B53EA08035FD1D8
:10995000C9F313034E46002B5AD129F000431B0DC7
:109960001B05B3F1D66F53D9636913B92369012B72
:109970004EDD21460122049802F066F9059904465D
:1099800002F0D4F9002843DDAD4B079A3340002A9A
:109990005DD0B3F1D66F5AD8B3F15C7F7FF68BAE52
:1099A000A84B404649460022F6F7D6FDA44B0B4093
:1099B00080468946002B7FF450AE049A2223136020
:1099C0004BE64E4660D10F9AC9F313034AB39E4A41
:1099D000934229D1079B4146F3B1994B09EA03030E
:1099E000B3F1D46F4FF0FF3219D81B0DC3F16B03E5
:1099F00002FA03F3994217D1944B9E4202D10131EE
:109A00003FF420AE8E4B334003F580194FF0000831
:109A1000079B002BC4D120E64FF0FF33EAE7134643
:109A2000E8E753EA0803AFD0D5B13542F0D00F9B39
:109A3000079A40464946B3B1FFF762FBDDE90C01E6
:109A400053EC102BF6F7D2FB80468946E0E7A3F5EE
:109A500080136FEA13596FEA09594FF0FF38D7E7BF
:109A60001AEA080FE2E7FFF74BFBDDE90C0153ECC4
:109A7000102BF6F7B9FB0022002380468946F6F743
:109A8000D3FF0028C4D016E60599204602F0CAFA92
:109A90005BEC10AB00224FF0804350465946F6F77E
:109AA000D7FF002872D00F9B002B7DD1B8F1000F9B
:109AB00058D1C9F31303002B5AD1654B00225046ED
:109AC0005946F6F7BBFF00285BD150465946614B1B
:109AD0000022F6F741FD82468B460BF10043CDF89C
:109AE00020A00993DDE90823554DCDE9102306EAAE
:109AF00005031593584B06EA05029A4240F0B080E0
:109B0000A6F1547949EC108B02F0C4F9DDE9082381
:109B100051EC100BF6F720FD42464B46F6F766FB7C
:109B20004E4A0D409542804645D90D9A474B9A4280
:109B300003D10C9B01333FF485ADDFF810914FF05A
:109B4000FF381A99049801F059FE0699049801F01B
:109B500055FEDDE9040101F051FE0498214601F0B3
:109B60004DFE20E6B8F1010F02D1002E3FF4A3AD67
:109B70009FED2B7BDFF8D8B08DED087B4FF0000A0E
:109B8000B0E7DFF8D0B04FF0000AA6E7314B5046FF
:109B900059460022F6F7E0FC0F9B82468B46002BCD
:109BA0009BD0CDE908AB9DE79FED1F7B8DED087B3A
:109BB0005BEC17AB96E701F15479079B002BC0D102
:109BC000159A29F000431B0DB2EB035FB9D1504643
:109BD000594603F005FAF6F791FC02460B4650464B
:109BE0005946F6F701FB0F9AC9F3130343EA08033A
:109BF000134306460F4672D00DA3D3E90023F6F7B0
:109C00001DFF00287FF429AD0BA3D3E900233046C4
:109C10003946F6F731FF002893D01EE5AFF30080F8
:109C2000000000000000F0BF000000000000F03F56
:109C30009535A094FFFFDF3F35E5AF350000E03FED
:109C40000000F07F00005039FFFF0F00FFFFEF7FA3
:109C50000000F03F0000E03F0000E07FFFFF9F7C3E
:109C6000079B33B3159BB3F1D46F22D828A3D3E954
:109C7000002350465946F6F7EBFEA0B15946504630
:109C8000F6F742FF012838BF0120F6F7EBFB0F9BE8
:109C900082468B4603BB01F1004312901393DDE92A
:109CA0001223CDE91023119B159A03F1D6639B1A59
:109CB00011939DED0C0BDDE9106702F0EBF83046D7
:109CC00053EC102B3946F6F747FCDDE90C23F6F789
:109CD0008DFA8046894670E7CDE912ABDFE70EA327
:109CE000D3E90023F6F7AAFE95E700230B93179A12
:109CF000199B1360FFF779BA652A3FF464AB452AD4
:109D00003FF461AB0121FFF79FBB00BFAFF30080C1
:109D10000000C0FFFFFFDF419535A094FFFFCF3F5C
:109D20000A4601460248034B0068FFF709BA00BF24
:109D30007C01002010000020242B2DE9F0478846EC
:109D400001D8012B06D100F03DF916230360002055
:109D5000BDE8F087344E0D46294615F8014B375DB6
:109D600017F00807F8D12D2C10D12C7801278D1C65
:109D700033F0100115D1302C0DD1297801F0DF011D
:109D8000582908D16C78023510230AE02B2C04BF27
:109D90002C788D1CECE7002BF6D1302C14BF0A2355
:109DA000082307F1004E0EF1FF3E0021BEFBF3F940
:109DB0000E4603FB19EAA4F1300CBCF1090F10D8D0
:109DC0006446A3421EDDB1F1FF3F07D0B14516D373
:109DD00001D1A24513DB06FB0346012115F8014B17
:109DE000E9E7A4F1410CBCF1190F01D8373CE8E7D1
:109DF000A4F1610CBCF1190F04D8573CE1E74FF016
:109E0000FF31EBE74B1C05D122230360764632B9C4
:109E100030469DE707B17642002AF9D009B105F135
:109E2000FF38C2F80080F3E729E6000813460A4627
:109E3000014602480068FFF77FBF00BF7C01002099
:109E40002DE9F8438046894614460026D4E9017579
:109E5000013F05D52468002CF8D13046BDE8F883D1
:109E6000AB89012B07D9B5F90E30013303D0294650
:109E70004046C84706436835EAE700000FB407B517
:109E8000064904AB086853F8042B8168019301F07C
:109E900057FB03B05DF804EB04B070477C01002071
:109EA000036A70B5846805460E460BB9FFF710F9D2
:109EB000636EDB0705D4A389980502D4A06D00F07A
:109EC000ACF8A389190702D52369002B35D12146A7
:109ED000284602F047FA80B34FF0FF35636EDA0789
:109EE00005D4A3899B0502D4A06D00F097F82846FD
:109EF00070BD002B04DAA269934217DB0A2915D042
:109F000023685A1C22601970A36816F8011F013BD0
:109F1000A3600029EDD18B4211DA22460A2128469E
:109F200002F0E2F90130D7D00A25D7E722462846C9
:109F300002F0DAF90130E7D1CEE7013EE4E7236829
:109F40005A1C22600A221A70EEE70000024B0146FA
:109F50001868FFF7A5BF00BF7C010020884210B53C
:109F600001EB020402D98442234607D8431EA142D2
:109F700007D011F8012B03F8012FF8E702448242C1
:109F800000D110BD13F8011D02F8011DF7E70244CE
:109F90000346934200D1704703F8011BF9E710B55F
:109FA0006AB101398418027811F8013F9A4204D14C
:109FB0000130A04201D0002AF5D1D01A10BD1046C0
:109FC000FCE70000014B1868704700BF7C010020CF
:109FD00070B50D4B0D4C00261D1BB6EBA50F09D11E
:109FE00003F034F80A4C0B4B00261D1BB6EBA50FF3
:109FF00005D170BD54F8043B98470136EDE754F89D
:10A00000043B98470136F1E768E8000868E8000873
:10A0100068E800086CE80008704770477047000067
:10A0200000487047000100200A44914200F1FF33CC
:10A0300000D1704710B511F8014B03F8014F914260
:10A04000F9D110BD000000009FED010B704700BF6B
:10A05000000000000000F87F2DE9F74F03690C694C
:10A06000A34280467EDB013C01F11407A30000F10E
:10A070001405009305EB8403019357F8243055F839
:10A08000242001339A4207EB8409B2FBF3F62ED366
:10A090004FF0000ABC46AE46D3465CF8043B98B28B
:10A0A00006FB00A0020C1B0C06FB0323DEF80020BD
:10A0B00080B292B2121A5A44DEF800004FEA134AF4
:10A0C0009BB2C3EB224303EB104392B242EA03423A
:10A0D000E1454EF8042B4FEA234BDED2009BEB58B0
:10A0E0002BB9019B1A1F954230D3C8F81040404647
:10A0F00001F01CFE002825DB01362946002057F818
:10A10000042BD1F800C01FFA82FE1FFA8CF3A3EBD8
:10A110000E030344120CC2EB234202EB1C429BB21F
:10A1200043EA0243B94541F8043B4FEA2240E6D2F4
:10A1300055F8242005EB840322B9043B9D420BD340
:10A14000C8F81040304603B0BDE8F08F1368002B0C
:10A15000CBD1043A013CC6E71A68002AF0D1043B8F
:10A16000013CEBE70020EEE72DE9F04F99B08DEDD3
:10A170000E0B0C92C269229C0A9157EC106B81461F
:10A18000139382B9102001F0FBF80246C9F81C00B5
:10A1900020B9A94BEF21A94802F01AFA0023C0E91F
:10A1A00001330360C360116859B152684A600123EA
:10A1B00093408B60484601F021FBD9F81C30002207
:10A1C0001A60B7F10008B5BF0123002323602360A4
:10A1D0009B4BBCBF28F00048CDF83C8033EA080315
:10A1E0001AD1139AC8F3130842F20F7358EA0608FB
:10A1F000136000F06185239B53B9924B21E0924B91
:10A2000000930833239A1360009819B0BDE8F08FCB
:10A210008C4B00930333F5E79DED0E7B002251EC50
:10A22000170B00238DED067BF6F7FEFB824650B13F
:10A23000139A01231360239B13B1239A834B13605A
:10A24000834B0093E0E79DED060B16AA17A948463D
:10A2500001F090FE5FEA1854169D019079D0079B9B
:10A26000CDF850A0C3F31303DDE9060143F07F539B
:10A2700043F44013A4F2FF3419460022754BF5F75E
:10A28000B3FF67A3D3E90023F6F766F966A3D3E922
:10A290000023F5F7ABFF064620460F46F6F7F2F827
:10A2A00063A3D3E90023F6F757F902460B4630467D
:10A2B0003946F5F79BFF06460F46F6F7FDFB0022F1
:10A2C0008046002330463946F6F7B8FB48B1404691
:10A2D000F6F7D8F832463B46F6F7A6FB08B908F180
:10A2E000FF38B8F1160F51D85B4B03EBC803D3E925
:10A2F0000023DDE90601F6F7A1FB002848D008F1AC
:10A30000FF38002312932D1B6B1E089343BF0023BD
:10A31000C5F1010708930027B8F1000F3ADB089B4D
:10A32000CDF8348043440893002309930A9B092BFA
:10A3300062D8052BC4BF043B0A930A9BA3F1020316
:10A34000CCBF00240124032B62D8DFE803F0515373
:10A35000362B179C2C4404F23243202BC1BFC3F18F
:10A36000400308FA03F804F2124326FA03F3D6BFB7
:10A37000C3F1200348EA030006FA03F0F6F772F887
:10A380000122A1F1F873013C149275E70123B9E7AA
:10A390001290B8E7C8F1000309930023A7EB080760
:10A3A0000D93C3E701230B930C9B434405930133A7
:10A3B000012B0493B8BF012306E001230B930C9BF0
:10A3C000002B28DDCDE90433D9F81C00002104223C
:10A3D00002F114059D4243D94160484601F0D0F98D
:10A3E000009000283FD11D4B024640F2AF11D2E64B
:10A3F0000023E3E70023D6E701240023CDE90A3454
:10A400004FF0FF330022CDE904330C921223DBE737
:10A4100001230B93F4E70123CDE904330C93D3E735
:10A4200061436F63A787D23FB3C8608B288AC63F5A
:10A43000FB799F501344D33F33E400084AE40008FB
:10A440000000F07F2FE4000826E40008F9E300088C
:10A45000F8E300080000F83F60E70008ABE40008FC
:10A4600001315200B4E7D9F81C30009A1A60049BFD
:10A470000E2B75D8002C73D0B8F1000F40F3C480B8
:10A480009F4B08F00F0203EBC20318F4807FD3E95F
:10A4900000AB4FEA281500F0A3809A4BDDE90601D6
:10A4A000D3E90823F6F782F9CDE9020105F00F059B
:10A4B0000324944E002D40F0998052465B46DDE91E
:10A4C0000201F6F773F982468B46129B002B00F0CF
:10A4D000C3808D4B002250465946F6F7AFFA00284C
:10A4E00000F0BA80049B002B00F0B680059B002B87
:10A4F00036DD08F1FF33029350465946834B002264
:10A50000F6F72AF8059E82468B4601342046F5F779
:10A51000B9FF52465B46F6F71FF87D4B0022F5F770
:10A5200065FE0446A1F15075CDE91045002E40F0BE
:10A530009780784B002250465946F5F755FE224643
:10A540002B4682468B46F6F797FA002840F0BD82EC
:10A55000224605F1004350465946F6F76FFA20BBF4
:10A56000179B002BC0F28D81B8F10E0F00F389818B
:10A57000634B03EBC803D3E900AB0C9B002B80F2C9
:10A580001B81049B002B00F317810ED1614B00222D
:10A5900050465946F5F7E0FF02460B46DDE9060155
:10A5A000F6F756FA002800F0938200252C460C9B03
:10A5B000009EDB430293274600242946484601F0CB
:10A5C0001DF9002F00F0EE802CB1BC4203D02146D3
:10A5D000484601F013F93946484601F00FF9E1E029
:10A5E0009DED067B02248DED027B62E7E90708D52D
:10A5F00050465946D6E90023F5F7AEFF01348246AE
:10A600008B466D10083655E722D0C8F100053C4B4B
:10A610003C4E05F00F0203EBC203D3E90023DDE952
:10A620000601F5F799FF2D1182468B460224002D75
:10A630003FF44BAFEA0708D550465946D6E9002308
:10A64000F5F78AFF013482468B466D100836EEE737
:10A65000DDE906AB022438E7049ECDF8088055E713
:10A66000274B03EBC60353E902010B9B002B55D08C
:10A6700002460B4600202849F6F798F8DDE910233A
:10A68000F5F7B2FD009BCDE910019D191E46594614
:10A690005046F6F711FA00F13004F5F7F3FE0246E2
:10A6A0000B4650465946F5F79FFDDDE9102306F8A5
:10A6B000014B82468B46F6F7C1F9002872D152460B
:10A6C0005B4611490020F5F78FFDDDE91023F6F711
:10A6D000B5F9002840F0B680AE423FF441AFDDE965
:10A6E00010010A4B0022F5F737FF084BCDE91001A6
:10A6F000002250465946F5F72FFF82468B46C6E7A3
:10A7000060E7000838E700080000F03F0000244040
:10A7100000001C40000014400000E03FDDE9102371
:10A72000F5F71AFF009B009CCDE910013344159307
:10A7300059465046F6F7C0F900F13005F5F7A2FE8C
:10A740000B46024659465046F5F74EFD04F8015BAC
:10A75000159B9C4282468B4627D1009B0022DDE957
:10A7600010011E44AA4BF5F741FD02460B46504628
:10A770005946F6F781F9002864D1DDE91023A44990
:10A780000020F5F731FD02460B4650465946F6F7D4
:10A7900055F900283FF4E4AE334616F8012D302A6F
:10A7A000FAD01E46DDF808803AE09A4B0022F5F711
:10A7B000D3FE82468B46BBE7009E52465B46DDE9F0
:10A7C0000601F5F7F3FFF6F777F90746F5F75AFEB6
:10A7D00052465B46F5F7C0FE02460B46DDE9060130
:10A7E000F5F702FD07F1300C009C06F801CBA6EB53
:10A7F000040C049C644502460B4633D1F5F7F6FC85
:10A8000052465B4604460D46F6F736F9C0B9524645
:10A810005B4620462946F6F707F908B1FB070FD437
:10A820000199484600F0EAFF0023139A337008F1BB
:10A8300001031360239B002B3FF4E6AC1E60E3E4AE
:10A84000CDF8088033461E4613F8012D392A06D16B
:10A85000009A9A42F7D1029A0132029230220132D2
:10A860001A709FE76B4B0022F5F776FE02460B4607
:10A87000CDE9062300220023F6F7D6F800289CD065
:10A88000CEE70B9A002A00F0DF800A9A012A00F333
:10A89000C380149A002A00F0B78003F23343099D65
:10A8A0003E46089A01211A4448461F44089201F086
:10A8B000A3F8044656B1089B002B07DDB342089A63
:10A8C000A8BF3346FF1AF61AD31A0893099B0BB395
:10A8D0000B9B002B00F0BF80002D00F0B9802146BB
:10A8E0002A46484601F054F9019A01460446484672
:10A8F00001F098F801998246484600F07FFF099BD5
:10A900005B1B099300F0AA80099A5146484601F062
:10A910003FF901900121484601F06EF80D9B054674
:10A92000002B00F0D0811A460146484601F030F96C
:10A930000A9B012B054600F399800E9B002B40F0EB
:10A9400090800F9BC3F31303002B40F08A800F9B72
:10A9500023F000431B0D1B05002B00F08580089B96
:10A960000133013708934FF0010A0D9B002B00F0D3
:10A97000B0812B6905EB8303186900F0F1FFC0F18A
:10A980002000089B184410F01F0076D01B2870DCB4
:10A99000C0F11C000744064403440893002F05DD62
:10A9A00001993A46484601F04FF90190089B002B67
:10A9B00005DD29461A46484601F046F90546129B30
:10A9C000002B5FD00198294601F0B0F9002859DA30
:10A9D00008F1FF330293019900230A22484600F050
:10A9E0002FFF0B9B0190002B00F075810023214667
:10A9F0000A22484600F024FF059B002B044671DC28
:10AA00000A9B022B47DC6DE0169BC3F1360346E739
:10AA10000000E03F00002440049B5D1E099BAB4208
:10AA200008DB5D1B049B002BBFF63AAF049BFE1AAC
:10AA3000002336E7099B0D9A0995EB1A1A440D92EB
:10AA4000049B3E4600252CE7099D0B9C3E4631E7C2
:10AA5000DDF804A058E7099A019957E7CDF804A05A
:10AA600058E74FF0000A80E79A467EE74FF0000A69
:10AA70007FE71C2892D0C0F120001C30089B0744BF
:10AA8000064489E7049BCDF80880002B24DC05935D
:10AA90000A9B022B22DD059B002B7FF488AD294603
:10AAA000059B0522484600F0CBFE0146054601986D
:10AAB00001F03CF900287FF77AAD009E312306F8BB
:10AAC000013B029B0133029375E535462C46F4E7C2
:10AAD000049DCDF80880F9E7049B05930B9B002BA0
:10AAE00000F0FD80002E05DD21463246484601F08B
:10AAF000ABF80446BAF1000F58D06168484600F040
:10AB00003FFE064628B9814B024640F2EF21FFF78F
:10AB100042BB22690232920004F10C010C30FFF7B3
:10AB200083FA01223146484601F08EF80746009B21
:10AB3000009A03F10108059B134406930E9B03F052
:10AB40000103089329460198FFF786FA21460490ED
:10AB500000F1300B019801F0E9F83A4605902946DA
:10AB6000484601F0FFF8C26808F1FF3A0646FAB914
:10AB70000146019801F0DAF802463146484609924A
:10AB800000F03CFEDDE9092342EA0301089B19437A
:10AB900046460FD1BBF1390F28D0059B002B02DDB3
:10ABA000049B03F1310B8AF800B006E52746BEE7A7
:10ABB0000122E2E7059B002B04DB0A990B4308996D
:10ABC0000B4320D1002AEEDD01990122484601F015
:10ABD0003BF82946019001F0A9F8002803DCE2D1F6
:10ABE0001BF0010FDFD0BBF1390FD9D139238AF81F
:10ABF000003033461E46013B16F8012C392A52D04C
:10AC000001321A70D9E4002A07DDBBF1390FEDD00B
:10AC10000BF101038AF80030CFE4069B08F801BC71
:10AC200043452AD0019900230A22484600F008FE35
:10AC3000BC4201904FF000034FF00A022146484603
:10AC400006D100F0FDFD0446074608F1010879E74A
:10AC500000F0F6FD3946044600230A22484600F07B
:10AC6000EFFD0746F1E7059B5E1E002B009BD8BF5A
:10AC700000265A1C27461644002401990122484602
:10AC800000F0E2FF2946019001F050F80028B0DC06
:10AC900002D11BF0010FACD133461E4613F8012D33
:10ACA000302AFAD089E4009A9A42A3D1029B013358
:10ACB00002933123137080E4239B002B7FF49FAA1F
:10ACC000134BFFF7BEBA0A9B012B7FF736AEDDF8B8
:10ACD00034A0012055E6059B002B7FF7D9AE009EDE
:10ACE00001982946FFF7B8F900F1300B009B06F8F0
:10ACF00001BBF21A059B9342B5DD019900230A229C
:10AD0000484600F09DFD0190EAE700BFABE4000873
:10AD100026E400080369B3EB611F2DE9F0434FEA15
:10AD2000611200F1140443DD11F01F0104EB830CE8
:10AD300004EB82050CD100F110062946614532D39F
:10AD40009B1A9B00033DAC4538BF0023234414E00D
:10AD500054F82260C1F12008CE4005F1040EA1464E
:10AD6000F44515D89A1A9200043A0135AC4538BF1B
:10AD70000022A318A65006B104331A1BA3424FEABF
:10AD8000A20208BF0023026108BF4361BDE8F0834F
:10AD9000DEF8007007FA08F7374349F8047B5EF8DD
:10ADA000046BCE40DCE751F8047B46F8047FC5E72E
:10ADB0002346E2E7A0F13003092B02D82038C0B2C5
:10ADC0007047A0F16103052B01D84738F7E7A0F1E0
:10ADD0004103052B01D82738F1E700207047000018
:10ADE0002DE9F04F85B00F4602930B680190914614
:10ADF0009C1C20783028A04604F10104F9D0A8EB6F
:10AE00000303A3F1020BFFF7D5FF8246002838D1D8
:10AE10009F4901224046FFF7C2F80546002863D14A
:10AE200098F801002646FFF7C5FF00285ED020787D
:10AE30003028A04604F10104F9D0FFF7BBFFB0FAB7
:10AE400080F4640935464FF0010BC24656460AF1BC
:10AE5000010A3078FFF7AEFF0028F7D18C490122B4
:10AE60003046FFF79CF878B945B9554656460AF181
:10AE7000010A3078FFF79EFF0028F7D1AD1BAD0027
:10AE800004E000242546E0E7002DF7D1337803F0F5
:10AE9000DF03502B37D173782B2B29D02D2B2BD0C0
:10AEA000711C4FF0000A0878FFF784FF431EDBB2E5
:10AEB000182B28D8A0F1100211F8010FFFF77AFF24
:10AEC000431EDBB2182B1AD9BAF1000F00D0524240
:10AED00015443960CCB1BBF1000F0CBF0627002729
:10AEE000384605B0BDE8F08F464655460124CDE70B
:10AEF0004FF0000AB11CD6E74FF0010AFAE70A2327
:10AF000003FB0200D6E73146E3E7A6EB0803013B6B
:10AF10002146072B0ADC019800F032FC044640B9B8
:10AF20005C4B0246E4215C4801F052FB01315B10AE
:10AF3000EFE700F1140A002357469B46B04537D38C
:10AF400047F804BBA7EB0A07BB102361584600F083
:10AF500007FDD9F80060C0EBC707B74254DDBF1B3F
:10AF60003946204601F0B2F8804678B17B1E59116F
:10AF700003F01F025AF821104FF0010808FA02F2FC
:10AF80000A4203D0434536DC4FF0020839462046DA
:10AF9000FFF7C0FE3D44D9F80830AB4242DA0198D1
:10AFA000214600F02BFC0E9A00231360A32797E79D
:10AFB00016F8012D2E2A12D0202B04D147F804BBFD
:10AFC0004FF0000B5B4630780393FFF7F3FE039BD3
:10AFD00000F00F0098404BEA000B0433AEE7B04599
:10AFE000EAD82B49039301223046FEF7D8FF039B92
:10AFF0000028E1D1A2E7B91E204601F067F8002839
:10B00000C2D04FF00308C1E709DAF71B21460198C7
:10B010003A4600F019FEED1B044600F1140A4FF009
:10B020000008B8E7D9F80430AB426FDD5D1BAE42D3
:10B0300034DCD9F80C30022B22D0032B24D0012B86
:10B0400015D1AE4213D1012E0BD1029AD9F804309A
:10B05000136001232361CAF800300E9B62271C6035
:10B060003EE7711E204601F031F80028EDD101982D
:10B07000214600F0C3FB0E9A0023136050272FE7F0
:10B080000F9B002BF3D1E0E70F9B002BDDD1EEE708
:10B090001CE40008ABE40008BCE400086F1EB8F133
:10B0A000000F30D127B13946204601F00FF8804615
:10B0B0007A1101235AF8222007F01F07BB401342E0
:10B0C0002946204618BF48F00208761BFFF722FEEB
:10B0D000D9F804500227B8F1000F42D0D9F80C304B
:10B0E000022B15D0032B17D0012B09D118F0020F1A
:10B0F00006D0DAF8003048EA030818F0010F0ED144
:10B1000047F010072DE04FF00108D1E70127E2E7F3
:10B110000F9BC3F101030F930F9B002BF0D0D4F8CA
:10B1200010A004F1140303EB8A0100201A68B2F1A5
:10B13000FF3F1BD001321A60022F04F114033CD1EF
:10B14000D9F80020013AB24209D17111012253F815
:10B15000213006F01F0602FA06F61E423AD147F0E9
:10B1600020070E9B1C60029B1D60B9E643F8040B90
:10B170009942DBD8A3689A4517DB616801980131D1
:10B1800000F0FEFA804618B91A4B02468421CAE63E
:10B190002269023204F10C0192000C30FEF744FFE8
:10B1A0002146019800F02AFB444623695A1C04EB0F
:10B1B0008303226101225A61BEE7226952450BDDF9
:10B1C00001212046FFF7A6FDD9F808300135AB4232
:10B1D000FFF6E5AE0127C2E716F01F06FAD003EB33
:10B1E0008A03C6F1200653F8040C00F0B9FBB04204
:10B1F000E6DBEFE7ABE40008C2F10802920070B5AD
:10B20000C2F120064368046803FA06F52C43D340D4
:10B21000046040F8043F8842F4D370BD30B5036841
:10B220000139013311F8014F14B90360012030BD19
:10B2300013F8012BA2F14105192D98BF2032A2422B
:10B24000F0D00020F3E72DE9F04F0B6887B05E11D6
:10B25000029013F01F0302EB86060193029B18BFB6
:10B2600004360025371F196846F8045C9046B94635
:10B270003C46AB46AA464A784B1C039332B3104671
:10B2800005910492FFF796FD002851D1049A059983
:10B29000202A16D8DA4512DD4C4506D2072D04DCEB
:10B2A0002A4649462046FFF7A7FF444553D90023C5
:10B2B000A4F1040944F8043CD3464C461D460399C6
:10B2C000D9E7292A59D1029B02311960BAF1000F3E
:10B2D00053D04C4506D2072D04DC2A464946204669
:10B2E000FFF78AFF444538D9A8F10402234653F8F2
:10B2F000041B42F8041F9F42F9D23B1B23F00303B7
:10B300000134033EB44288BF002308F10402134411
:10B3100000211A4604339F421160FAD23B681BB9E0
:10B32000474528D101233B60052007B0BDE8F08FD9
:10B330000135082D0AF1010A06DD4445BFD9002375
:10B3400044F8043C0125043C226800F00F0040EA68
:10B3500002102060B3E70825B1E7019B002BDDD088
:10B36000C3F120034FF0FF32DA4056F8043C13409B
:10B3700046F8043CD2E7043FD0E70420D5E70000BC
:10B38000024B0146186800F025B800BF7C01002080
:10B3900070B50F4C0E462168054611B901F0D4F87E
:10B3A00020603146284601F0CFF8431C03D14FF00E
:10B3B000FF34204670BDC41C24F00304A042F8D022
:10B3C000211A284601F0C0F80130F2D1EFE700BFA2
:10B3D000644700202DE9F843CD1C25F0030508350E
:10B3E0000C2D38BF0C25002D064601DBA94204D9DF
:10B3F0000C2333600020BDE8F883334F00F0B4F92C
:10B400003B681C463CBB29463046FFF7C1FF431C46
:10B41000044656D13C68A046B8F1000F40D1002C3C
:10B4200049D023684146304604EB030901F08CF80B
:10B43000814540D121686D1A29463046FFF7A8FFA3
:10B44000013038D023682B4423603B685A685ABBCC
:10B45000C7F800800EE02268521B1ED40B2A16D9B2
:10B460006119A342256018BF5960636808BF39603D
:10B4700062514B60304600F07DF904F10B00231D52
:10B4800020F00700C21A1CBF1B1AA350B3E7626862
:10B49000A3420CBF3A605A60ECE723466468B1E708
:10B4A0004446D8F80480B7E71A465B68A342FBD14C
:10B4B00000235360DEE70C233360304600F05AF976
:10B4C00098E70560D6E700BF6847002082B001B961
:10B4D00001A942B14BB113780B601278101E18BF4E
:10B4E000012002B070471046FBE76FF00100F8E75B
:10B4F0009368013B002B10B4936007DA9469A34270
:10B5000001DB0A2902D110BC00F0EEBE1368581C02
:10B5100010601970084610BC7047F8B506460F4613
:10B520001446D518AC4201D1002007E014F8011BE5
:10B530003A463046FFF7DCFF431CF3D1F8BD00006C
:10B540002DE9F04706469CB00D4614461F4618B13B
:10B55000036A0BB9FDF7BCFD6B6ED90705D4AB8947
:10B560009A0502D4A86DFEF758FDAB891B0701D5DB
:10B570002B699BB92946304600F0F4FE70B16B6E22
:10B58000DE0704D54FF0FF301CB0BDE8F087AB8973
:10B590009C05F7D4A86DFEF741FDF3E7002309935E
:10B5A00020238DF82930039730236A4F8DF82A30F5
:10B5B0004FF0010823461A7899461AB1252A03F15B
:10B5C0000103F8D1B9EB040A0BD0534622462946B1
:10B5D0003046FFF7A2FF013000F0A380099A5244E1
:10B5E000099299F80030002B00F09B8000224FF068
:10B5F000FF33CDE9053209F10109049207928DF874
:10B6000053201A924C46052214F8011B5148F4F7B6
:10B610008FFD049AD0B9D00644BF20238DF8533053
:10B62000110744BF2B238DF8533099F800302A2B93
:10B6300013D007994B4600204FF00A0C1A78303A85
:10B64000092A1C464AD9A8B1079113E0C01B08FA81
:10B6500000F010430490A146D4E7039B191D1B681A
:10B660000391002BBBBF5B4242F00202079307939A
:10B67000B8BF049223782E2B0AD163782A2B32D1BB
:10B68000039B1A1D1B68039243EAE373023405937C
:10B69000DFF8D090217803224846F4F749FD38B10D
:10B6A000049BA0EB09004022824013430134049321
:10B6B000217829488DF828100622F4F739FD002852
:10B6C0003ED0264818BB039B073323F007030833FB
:10B6D0000393099B0344013409936BE701330CFB8B
:10B6E00001210120AAE700230593611C18464FF0B1
:10B6F0000A0C0A78303A092A0C4603D9002BC7D025
:10B700000590C5E701310CFB00200123F1E703ABF5
:10B7100000932A46124B04A93046FDF787F8431CD4
:10B72000D7D16B6ED90705D4AB899A0502D4A86D21
:10B73000FEF774FCAB895B063FF524AF099823E75D
:10B7400003AB00932A46064B04A93046FDF708FBDD
:10B75000E5E700BF25E500082FE500082D88000873
:10B760001BB500082BE500080148FEF756BC00BFDA
:10B77000604700200148FEF751BC00BF6047002031
:10B7800070B5C46905460E4684B91020FFF7F8FD70
:10B790000446E86128B90246164B17486B2100F0B1
:10B7A00017FF0023C0E901330360C360E36853B9A6
:10B7B00021220421284600F029FFEB69E060DB68C4
:10B7C0000BB9002070BD53F8260030B1026843F871
:10B7D00026200023C0E90333F4E7012101FA06F42F
:10B7E000621D9200284600F011FF0028E9D0C0E950
:10B7F0000164EEE733E4000836E5000870B5C4697B
:10B8000006460D4674B91020FFF7BAFD0246F061F6
:10B8100020B9094B09488F2100F0DAFEC0E9014444
:10B820000460C4603DB1F3696A68DB6853F82210B4
:10B83000296043F8225070BD33E4000836E5000863
:10B840002DE9F0410D6907460C461E4601F1140C26
:10B850000020DCF8003099B202FB01611E0C0B0CD9
:10B8600002FB063389B2013001EB034185424CF8FB
:10B87000041B4FEA1346ECDC0EB3A368AB4219DCA1
:10B88000616838460131FFF77BFF804628B90246E0
:10B890000C4B0D48BA2100F09BFE2269023204F1E4
:10B8A0000C0192000C30FEF7BFFB21463846FFF733
:10B8B000A5FF444604EB850301355E612561204602
:10B8C000BDE8F081ABE4000836E500082DE9F84357
:10B8D000884614461F4609220833064693FBF2F3B6
:10B8E000002101229A4209DB3046FFF749FF40B9A7
:10B8F0000246194B1948D32100F06AFE520001316B
:10B90000F0E7089B4361092C4FF00103036108DC59
:10B9100008F10A050924641B2B199F4212DCBDE8BB
:10B92000F88308F10905A946A04419F8013B01462E
:10B93000303B0A223046FFF783FFC145F5D125444D
:10B94000083DE8E715F8013B0146303B0A22304646
:10B95000FFF776FFE0E700BFABE4000836E500083C
:10B96000B0F5803F034636BF030400201020B3F13A
:10B97000807F3CBF1B020830B3F1805F3CBF1B01DE
:10B980000430B3F1804F3CBF9B000230002B04DB3E
:10B990005B0001D50130704720207047036813F029
:10B9A000070201460BD0DA0722D4980749BF5B088B
:10B9B0009B0801200B605CBF0B600220704798B2AF
:10B9C000A0B91B0C1020DAB20AB908301B0A1A07FA
:10B9D00004BF1B0904309A0704BF9B080230DA0732
:10B9E00002D45B0806D001300B6070471046EAE7CE
:10B9F000002070472020704710B50C460121FFF74A
:10BA0000BFFE024628B9054B054840F2451100F03B
:10BA1000DFFD01234461036110BD00BFABE40008FA
:10BA200036E500082DE9F04FD1F81080D2F81090DB
:10BA3000C84585B00E46144604DB4B460C46C1464D
:10BA400016469846A368616809EB0807BB42B8BF71
:10BA50000131FFF795FE30B902464B4B4B484FF48E
:10BA6000B17100F0B5FD00F1140505EB870B2B4615
:10BA700000225B4522D306F1140101EB880304F197
:10BA8000140C0CEB890C029304F1150363458CBF75
:10BA9000002301230093ACEB0403153B9B080193A7
:10BAA000029B03918B420CD8002F03DD5BF8043D11
:10BAB000002B67D0076105B0BDE8F08F43F8042B79
:10BAC000D7E7B1F800A0BAF1000F28D004F11408AC
:10BAD000A9464FF0000E58F8042BD9F8003096B262
:10BAE0009BB20AFB0633D9F80060120C360C734483
:10BAF0000AFB026606EB13469BB243EA0643C445C3
:10BB000049F8043B4FEA164EE5D8009A019B002AFB
:10BB10004FEA830308BF00232B44C3F804E0039BD0
:10BB2000B3F802E00431BEF1000F29D02B6804F114
:10BB300014069846A9464FF0000A32880EFB02A26E
:10BB400002EB18429BB243EA024349F8043B56F821
:10BB5000043BD9F800804FEA134A1FFA88F30EFB22
:10BB60000A3303EB1243B4454FEA134AE5D8009E6B
:10BB7000019A002E4FEA820208BF00222A44536035
:10BB800004358DE7013F8FE7ABE4000836E5000898
:10BB90002DE9F843174612F0030280460D4607D000
:10BBA000264C013A002354F82220FFF749FE0546AF
:10BBB000BF103FD0D8F81C4094B91020FFF7E0FB2D
:10BBC0000446C8F81C0030B902461D4B1D4840F21F
:10BBD000B31100F0FDFC0023C0E901330360C36032
:10BBE000A66846B940F271214046FFF705FF0023E1
:10BBF000A060064603602C464FF0000907F00103E1
:10BC00007F1053B1294632464046FFF70BFF2146CD
:10BC100005464046FFF7F2FD67B1306838B9324655
:10BC200031464046FFF7FEFE3060C0F80090064601
:10BC30002C46E3E72846BDE8F88300BF2CE7000860
:10BC400033E4000836E500082DE9F84F0C46496852
:10BC50002669A36806EB6216074691464FEA621A08
:10BC600006F1010843450BDB3846FFF789FD054621
:10BC700048B902462B4B2C484FF4EF7100F0A8FC5A
:10BC800001315B00EEE700F1140100230A4618467B
:10BC9000534539DB20692AEAEA7A01EB8A0104F18B
:10BCA000140319F01F098C4603EB800030D0C9F152
:10BCB000200A4FF0000E1A68E34602FA09F242EA3F
:10BCC0000E02CBF8002053F8042B98420CF1040C20
:10BCD00022FA0AFEEFD8031B153B23F0030304F1FD
:10BCE0001502904238BF00231944C1F804E0BEF1A8
:10BCF000000F00D1B0463846C5F810802146FFF746
:10BD00007DFD2846BDE8F88F42F8040B0133BFE7FC
:10BD100053F8041BCCF8001098420CF1040CF7D82F
:10BD2000E8E700BFABE4000836E5000803690A69EC
:10BD30009B1A30B50ED11430143100EB820401EBA4
:10BD4000820154F8045D51F8042D954204D006D2C6
:10BD50004FF0FF33184630BDA042F2D3FAE701237B
:10BD6000F8E700002DE9F74F8A460646114650468F
:10BD70001446FFF7DBFF051E12D129463046FFF7B8
:10BD8000FFFC024628B9414B40F23721404800F001
:10BD90001FFC0123C0E90435104603B0BDE8F08F55
:10BDA000BCBF5346A2463046DAF80410BABF1C4660
:10BDB00001250025FFF7E4FC024618B9334B40F299
:10BDC0004521E3E7DAF810702669C5600AF1140925
:10BDD00004F1140E00F114050AF1100309EB8708B1
:10BDE0000EEB86060193AB464FF0000C019B5EF80C
:10BDF000040B53F804AF01931FFA8AF183B2CB1AF4
:10BE0000000C6344C0EB1A4000EB23409BB243EAB2
:10BE1000004376454BF8043B4FEA204CE6D8331BF1
:10BE2000153B153423F00303A64238BF0023E8185E
:10BE30004B441C1D04302646A5EB090546450ED390
:10BE400008F10301091B21F003010133984538BFB4
:10BE50000021014451F8043DABB117619CE706EBAA
:10BE6000050E56F8041BE2464FEA11491CFA81FC04
:10BE7000514409EB2C4989B241EA09414FEA294C66
:10BE8000CEF80010DAE7013FE4E700BFABE40008BA
:10BE900036E5000882B08DED000B019A0F4B134080
:10BEA000A3F15073002B08DC5B42B3F1A07F4FEA93
:10BEB000235204DA4FF400231341002208E0A2F1D8
:10BEC00014031E2BDABF4FF00042DA400122002398
:10BED0001946104641EC100B02B070470000F07F8D
:10BEE000F8B5056900F1140606EB85052F1F55F816
:10BEF000044C2046FFF734FDC0F120030A280B60F4
:10BF000016DCC0F10B0C24FA0CF1BE4241F07F5359
:10BF100034BF55F8081C0021153004FA00F021FA4E
:10BF20000CF143F4401301430A4643EC102BF8BDD7
:10BF3000BE423ABF55F8081CA5F1080700210B388E
:10BF400012D0C0F1200521FA05F384401C43B7420A
:10BF500044F07F538CBF57F8044C00248140EC40E0
:10BF600043F440132143DFE744F07F5343F440138D
:10BF7000DAE700002DE9F7430F46012159EC108B59
:10BF80001646FFF7FDFB054630B90246234B244811
:10BF900040F20F3100F01CFBC9F30A54C9F313033C
:10BFA0000CB143F480130193B8F1000323D0684629
:10BFB0000093FFF7F3FC0099D8B1019AC0F1200378
:10BFC00002FA03F30B43C2406B610192019BAB6128
:10BFD000002B0CBF012202222A61A4B1A4F2334437
:10BFE00004443C60C0F135003060284603B0BDE831
:10BFF000F0836961EAE701A8FFF7D0FC019B6B6160
:10C0000020300122E8E705EB8203A0F232403860DD
:10C010001869FFF7A5FCC0EB4210E5E7ABE40008A8
:10C0200036E50008F7B50E4669460746FFF758FFA4
:10C0300001A9304655EC104BB0EE407AF0EE607A34
:10C04000FFF74EFF33693A69D21ADDE900369B1BD0
:10C0500003EB4213002BD4BF10EE902A17EE902A68
:10C0600051EC100BD6BFC3EB033302EB035502EBCD
:10C0700003510B46024629462046F4F797FB41EC54
:10C08000100B03B0F0BD013970B5491114690131CD
:10C0900002F1140300EB810103EB8404051FA342AA
:10C0A0000CD3A31A113B23F003031132944238BF7F
:10C0B000002318440023884205D370BD53F8046B55
:10C0C00045F8046FEBE740F8043BF4E700F1140295
:10C0D00000694B11984210B511DB0ADD11F01F0108
:10C0E00007D052F8234024FA01F000FA01F18C4203
:10C0F0000BD102EB8303934203D8002010BD03460B
:10C10000F7E753F8041D0029F5D00120F6E710B534
:10C110000C46B1F90E1000F005FA0028ABBF636DB4
:10C12000A3891B1823F48053ACBF6365A38110BDA2
:10C130002DE9F0411F468B89DB0505460C46164666
:10C1400005D5B1F90E100223002200F0D9F9A38918
:10C15000B4F90E1023F48053A38132463B4628469F
:10C16000BDE8F04100F000BA10B50C46B1F90E1070
:10C1700000F0C6F9B4F90C30421C0BBF23F4805315
:10C1800043F48053A381A38118BF606510BDB1F94A
:10C190000E1000F0FBB90000B1F90C202DE9F041C0
:10C1A000160705460C4651D44B68002B02DC0B6C7D
:10C1B000002B49DDE66A002E46D0002312F480529F
:10C1C0002F682B6031D0626DA389590705D563684C
:10C1D000D21A636B0BB1236CD21A0023E66A216A70
:10C1E0002846B047421CB4F90C3006D129681D29F5
:10C1F00045D8284ACA40D60741D500226260D904F2
:10C200002269226004D5421C01D12B6803B9606504
:10C21000616B2F60C1B104F14403994202D02846FA
:10C2200000F008FA002363630EE0216A0123284628
:10C23000B0470246501CC7D12B68002BC4D01D2B21
:10C2400001D0162B1AD12F6000201DE00F69002F9E
:10C25000FAD093070E6808BF4B690F6018BF002320
:10C26000A6EB07088B60B8F1000FEDDD216AA66A26
:10C2700043463A462846B047002807DCA38943F0E6
:10C280004003A3814FF0FF30BDE8F0810744A8EBE5
:10C290000008E8E70100402038B50B6905460C4668
:10C2A00013B91D46284638BD18B1036A0BB9FCF70F
:10C2B0000FFFB4F90C30002BF3D0626ED00704D41A
:10C2C000990502D4A06DFDF7A8FE28462146FFF788
:10C2D00063FF636EDA070546E4D4A3899B05E1D4C6
:10C2E000A06DFDF79BFEDDE7F8B505460F46144649
:10C2F00018B1036A0BB9FCF7EBFEA369A360A3892D
:10C300001A0701D5236943B92146284600F02AF8C7
:10C3100018B14FF0FF363046F8BD23692068C01AC7
:10C320006369834205DC21462846FFF7B5FF0028F4
:10C33000EFD1A368013BA36023685A1C22601F70E1
:10C34000636901308342FEB204D0A389DB07E2D5E2
:10C350000A2EE0D121462846FFF79EFF0028DAD0BA
:10C36000D7E7000038B5284B054618680C4618B1C9
:10C37000036A0BB9FCF7ACFEB4F90C30190720D4F2
:10C38000DA0607D409222A6043F04003A3814FF064
:10C39000FF3031E0580711D5616B41B104F144031E
:10C3A000994202D0284600F045F900236363002239
:10C3B000A38962602269226023F0240343F008030A
:10C3C000A38123694BB9A38903F42073B3F5007FDC
:10C3D00003D02146284600F04AF8B4F90C3013F097
:10C3E00001020AD00022A26062695242A26122695F
:10C3F00042B913F08000C7D138BD990758BF6269B0
:10C40000A260F4E70020F7E77C01002049B1FF2A91
:10C4100085BF8A2303600A704FF0FF3098BF012068
:10C4200070470846704770B50E46B1F90E100029E6
:10C4300096B014461D460ADAB28912F0800213D172
:10C440004FF4806100202A60216016B070BD6A46FA
:10C4500000F0ACF80028EFDB019A02F47042A2F57C
:10C4600000535A425A41EBE700224021EAE78B8908
:10C4700073B59E0705460C4607D504F147032360B4
:10C4800023610123636102B070BD01AB6A46FFF70F
:10C49000CAFF009E28463146FEF79CFFB4F90C30D7
:10C4A00038B99A05EFD423F0030343F00203A381C4
:10C4B000E3E743F08003A381019B2060C4E9040605
:10C4C000002BE0D0B4F90E10284600F009F800283F
:10C4D000D9D0A38923F0030343F00103A381D2E75A
:10C4E00038B5064C0023054608462360FAF778FA6B
:10C4F000431C02D1236803B12B6038BD6C47002078
:10C5000038B5074C054608461146002222601A46F7
:10C51000FAF768FA431C02D1236803B12B6038BDD7
:10C520006C47002038B5074C0546084611460022E6
:10C5300022601A46FAF72EFA431C02D1236803B18F
:10C540002B6038BD6C47002038B5064C00230546EB
:10C5500008462360FAF748FA431C02D1236803B166
:10C560002B6038BD6C47002038B5074C054608469F
:10C570001146002222601A46FAF71AFA431C02D129
:10C58000236803B12B6038BD6C47002038B5064CDA
:10C590000023054608462360FAF718FA431C02D127
:10C5A000236803B12B6038BD6C47002038B5074CB9
:10C5B00000230546084611462360FAF70BFA431C90
:10C5C00002D1236803B12B6038BD00BF6C47002047
:10C5D0001FB51D46094B1B680646D86852B1084C6A
:10C5E0000091CDE90142074933462A4600F06EF832
:10C5F00000F07EF8044C2246F2E700BF7C010020E8
:10C6000098E50008A5E50008D3E5000870B5A1FB92
:10C61000026535B93146FEF7DDFE044628B92046ED
:10C6200070BD0C2303600024F9E732462946FDF76C
:10C63000AEFCF4E737B5002944D051F8043C019032
:10C64000002BA1F10404B8BFE418FFF78DF81E4ACF
:10C650000198136833B96360146003B0BDE83040DB
:10C66000FFF788B8A34208D9256861198B4201BF3A
:10C6700019685B6849192160EDE71A465B680BB1E0
:10C68000A342FAD911685518A5420BD12468214458
:10C690005418A3421160E0D11C685B6853600C44DD
:10C6A0001460DAE702D90C230360D6E72568611924
:10C6B0008B4204BF19685B68636004BF491921603D
:10C6C0005460CAE703B030BD684700200EB403B51C
:10C6D000014603AB054853F8042B00680193FEF7AD
:10C6E0002FFF02B05DF804EB03B070477C0100201F
:10C6F00008B5062000F02CF80120FAF745F91F29AB
:10C7000038B505460C4604D9162303604FF0FF30B8
:10C7100038BDC26B12B152F821304BB9284600F037
:10C7200031F8224601462846BDE8384000F018B8E6
:10C73000012B0AD0591C03D1162303600120E7E71F
:10C74000002142F82410204698470020E0E700002E
:10C75000024B01461868FFF7D2BF00BF7C010020E2
:10C7600038B5074C00230546084611462360FAF702
:10C7700003F9431C02D1236803B12B6038BD00BF0D
:10C780006C470020FAF7F6B800B52DED028B83B0A8
:10C79000B0EE408ACDED010A00F07CFADDED010A31
:10C7A000B4EE608AF1EE10FA06D6DFED0C7AF4EE04
:10C7B000670AF1EE10FA03D003B0BDEC028B00BDA6
:10C7C000CDED017AFDF7FEFBDDED017A87EEA70ADC
:10C7D0002123036003B0BDEC028B00BD000000000C
:10C7E00008B52DED048BB0EE409AF0EE609A00F0A3
:10C7F0007FF8B0EE408AF0EE608AB0EE490AF0EEC3
:10C80000690A00F065F878B119A3D3E9002351EC67
:10C81000190BF4F731F970B917A3D3E9002351ECE0
:10C82000190BF4F70BF998B9B0EE480AF0EE680A64
:10C83000BDEC048B08BD9FED0A8BFDF7C3FBB0EE8A
:10C84000480AF0EE680ABDEC048B2223036008BDA1
:10C85000FDF7B8FB22239FED048B0360E4E700BFE4
:10C86000000000000000F07F000000000000000059
:10C87000EF39FAFE422E864051302DD5104987C03F
:10C8800000B52DED028BB0EE408A83B000F02CF89D
:10C89000B4EE488AF1EE10FA06D6DFED0C7AB4EE6B
:10C8A000E78AF1EE10FA03D403B0BDEC028B00BDB1
:10C8B000CDED017AFDF786FBDDED017A87EEA70A63
:10C8C0002123036003B0BDEC028B00BD000000001B
:10C8D00082B08DED000B019840F0004000F5801013
:10C8E000C00F02B0704700BFB1EEC00A704700BF72
:10C8F0002DE9F04755EC104BD34925F000428A4210
:10C9000086B04FEAD5760CD9D0498A4270D9C5F3A2
:10C910001303234340F05481002E66D09FEDB20BE9
:10C9200063E0CB4B9A4200F21A81CA4B9A4240F222
:10C93000308122462B4620462946F3F70DFEACA354
:10C94000D3E9002306460F46F3F706FEAAA3D3E970
:10C950000023F3F749FC32463B46F3F7FDFDA8A35D
:10C96000D3E90023F3F742FC32463B46F3F7F4FDEC
:10C97000A5A3D3E90023F3F737FC32463B46F3F790
:10C98000EBFDA3A3D3E90023F3F730FC32463B468B
:10C99000F3F7E2FD02460B4620462946F3F724FC56
:10C9A000CDE90201DDE90289204642464B4629468F
:10C9B000F3F7D2FD002206460F464FF08043404673
:10C9C0004946F3F711FC02460B4630463946F3F769
:10C9D000EDFE22462B46F3F707FC02460B460020ED
:10C9E0009D49F3F701FC41EC100B06B0BDE8F08760
:10C9F00089A3D3E9002320462946F4F73DF80746EA
:10CA0000002840F0E88086A3D3E900232046294689
:10CA1000F4F714F8002840F03781904B204603EBE0
:10CA2000C606294680A3D3E90023F3F795FDD6E98E
:10CA30000023F3F7DBFBF4F73FF80646F3F722FD9C
:10CA40007BA3D3E9002307468846F3F785FD02461A
:10CA50000B4620462946F3F7C7FB02460B463846ED
:10CA6000414691469A4674A3D3E90023F3F774FD37
:10CA7000CDE90001DDE9002348465146F3F7B4FB58
:10CA800002460B4604460D46F3F766FD58A3D3E96C
:10CA9000002307468846F3F75FFD57A3D3E9002339
:10CAA000F3F7A2FB3A464346F3F756FD54A3D3E906
:10CAB0000023F3F79BFB3A464346F3F74DFD52A3A1
:10CAC000D3E90023F3F790FB3A464346F3F744FDDE
:10CAD0004FA3D3E90023F3F789FB3A464346F3F724
:10CAE0003BFD02460B4620462946F3F77DFB0746F1
:10CAF0008846204629463A464346CDE90278F3F770
:10CB00002BFDCDE90401002E3FF44CAF3A464346DD
:10CB100000204FF08041F3F767FB02460B46DDE94A
:10CB20000401F3F743FE02460B46DDE90001F3F78B
:10CB30005BFB4A465346F3F757FB0B460246464912
:10CB40000020F3F751FB6FF47F739E42C0F28E809A
:10CB500001EB065141EC100B06B0BDE8F087404BED
:10CB60009A423FF65AAF3F4B03EBC603D3E900238B
:10CB700020462946F3F738FB3B4B03EBC60393ED06
:10CB8000007B86F001038DED007B81468A469E1B6B
:10CB900070E72BA3D3E9002320462946F3F726FBB1
:10CBA0002D4B0022F3F768FF00283FF4C2AE2A4B5A
:10CBB000002220462946F3F719FB41EC100B14E73D
:10CBC00022462B4620462946F3F710FB41EC100B7A
:10CBD00006B0BDE8F087002006B0BDE8F04700F0E1
:10CBE000E7B900BFAFF300800000000000000000C4
:10CBF000D0A4BE726937663EF16BD2C541BDBB3E63
:10CC00002CDE25AF6A56113F93BDBE166CC1663F40
:10CC10003E5555555555C53FEF39FAFE422E8640D3
:10CC200051302DD5104987C0FE822B654715F73F3F
:10CC30000000E0FE422EE63F763C7935EF39EA3DD2
:10CC40009C7500883CE4377E412E8640FFFFEF7FD5
:10CC5000422ED63FFFFFEF3D0000F03F48E80008BE
:10CC6000B1A2F03F38E8000828E8000806F57A731A
:10CC700001EB035100224FF0B873F3F76DFC41EC68
:10CC8000100B06B0BDE8F087384606B0BDE8F047A7
:10CC900000F086B910EE903A30B523F00044621EE1
:10CCA000B2F1FF4F3FD210EE101A21F0004EBEF14C
:10CCB000FF4F38D2A6453ADB01F00042154600F09E
:10CCC0009D8011F0FF4F03F0FF4C49D14FEA0E2039
:10CCD0006FF07D024000002802F1FF32FADCBCF167
:10CCE000000F5BD123026FF07D0C5B000CF1FF3C69
:10CCF000FBD512F17E0F6CDA6FF07D00831AA0EB8A
:10CD00000C00B2EB0C020EFA03F104FA00F36DD042
:10CD1000013A03E03AD04100013A09D3C81A002889
:10CD2000F8DA4900F8E760EE200A80EEA00A30BD8C
:10CD3000CB1A48BF0B461BB928E05B000CF1FF3C47
:10CD4000B3F5000FF9DB1CF17E0F38DA6FF07D00D0
:10CD5000A0EB0C00034145EA030200EE102A30BDAF
:10CD60004FEAEE52BCF1000F16D0E415C1F31601E4
:10CD7000C3F31603121B41F4000143F40003A4F1B2
:10CD80007F0CC5D1CB1A002B18DBD6D1224B03EB7D
:10CD9000557393ED000A30BD7F3AA3E7E415A4F183
:10CDA0007F0C6FF07D01891AC3F31603A2EB0C020E
:10CDB00043F400030EFA01F1013AAFE70B46A3F585
:10CDC00000030CF17F0C2B4343EACC5300EE103AE6
:10CDD00030BD6FF07D00C1F31601A0EB0C0041F4F3
:10CDE0000001A2EB0C0204FA00F391E7CB1A002B2E
:10CDF0000ADBCBD0B3F5000F9FDBABE7064B03EBB1
:10CE0000527393ED000A30BD0029BFD0B1F5000F79
:10CE10000B4692DB9EE700BF58E8000808B52DEDF1
:10CE2000028BF0EE408AB0EE608A00F047F820B93D
:10CE3000B0EE480ABDEC028B08BDB0EE480A00F027
:10CE40003DF858B1F4EEC88AF1EE10FAC8BFB0EE62
:10CE5000688AB0EE480ABDEC028B08BDB0EE688A65
:10CE6000B0EE480ABDEC028B08BD00BF08B52DED41
:10CE7000028BF0EE408AB0EE608A00F01FF820B915
:10CE8000B0EE480ABDEC028B08BDB0EE480A00F0D7
:10CE900015F858B1B4EEE88AF1EE10FAC8BFB0EE5A
:10CEA000688AB0EE480ABDEC028B08BDB0EE688A15
:10CEB000B0EE480ABDEC028B08BD00BF10EE103A80
:10CEC00033F000400ED0A0F50003B3F1FE4F0DD3B8
:10CED000074B421E9A4207D9A0F1FF40B0FA80F0FA
:10CEE00040097047022070470320704704207047B4
:10CEF000FEFF7F0010EE103AC3F3C752002BA2F1E1
:10CF00007F01ACBF01204FF0FF301E290DDC00294E
:10CF10001ADBC3F31603162943F400030ADD963A1D
:10CF200003FA02F202FB00F07047FDEEC07A17EE42
:10CF3000900A70474FF480020A411A44C1F1170168
:10CF4000CA4002FB00F07047013118BF0020704753
:10CF500010B582B08DED000B0446FDF733F89DED62
:10CF6000000B046002B010BD00B5034683B051EC65
:10CF7000100B83B1024601F10043CDE90023DDE946
:10CF80000023F3F7E9FA41EC100B222003B05DF81F
:10CF900004EBFFF7DDBF02460B46EEE700000000A2
:10CFA0009FED010BFFF7E0BF000000000000001044
:10CFB0009FED010BFFF7D8BF0000000000000070DC
:10CFC00080EA104080EA102080EA101046F696139E
:10CFD00000F00F0043FA00F000F00100704700BFBE
:10CFE00038B50022002304460D46F3F727FD28B983
:10CFF00020462946BDE8384000F00AB8204605F131
:10D00000004100F005F8404261EB410138BD00BF2E
:10D0100070B50C4B002204460D46F3F79DFAF3F76A
:10D0200073FD0646F3F71EFA074B0022F3F794FA56
:10D0300002460B4620462946F3F7D6F8F3F764FD7F
:10D04000314670BD0000F03D0000F041F8B500BF72
:10D05000F8BC08BC9E467047F8B500BFF8BC08BCD9
:04D060009E46704731
:10D0680000070E091C1B1215383F363124232A2DC0
:10D0780070777E796C6B6265484F464154535A5DB0
:10D08800E0E7EEE9FCFBF2F5D8DFD6D1C4C3CACDA0
:10D0980090979E998C8B8285A8AFA6A1B4B3BABD90
:10D0A800C7C0C9CEDBDCD5D2FFF8F1F6E3E4EDEA80
:10D0B800B7B0B9BEABACA5A28F88818693949D9A70
:10D0C8002720292E3B3C35321F18111603040D0A60
:10D0D8005750595E4B4C45426F68616673747D7A50
:10D0E800898E878095929B9CB1B6BFB8ADAAA3A440
:10D0F800F9FEF7F0E5E2EBECC1C6CFC8DDDAD3D430
:10D10800696E676075727B7C51565F584D4A43441F
:10D11800191E171005020B0C21262F283D3A33340F
:10D128004E49404752555C5B7671787F6A6D6463FF
:10D138003E39303722252C2B0601080F1A1D1413EF
:10D14800AEA9A0A7B2B5BCBB9691989F8A8D8483DF
:10D15800DED9D0D7C2C5CCCBE6E1E8EFFAFDF4F3CF
:10D16800000000000000000001020304060708098F
:10D1780000000000010203040D0A0D0A0D0A0D0A41
:10D188000D0000003E3E2041746865616E204D6FC1
:10D19800746F7220436F6E74726F6C6C6572203C92
:10D1A8003C0D00003E3E2056657273696F6E3A2052
:10D1B80025642E25642E2564203C3C0D0A000000C1
:10D1C8003E3E20496E76616C69642F756E696E69A2
:10D1D8007469616C697A656420636F6E66696775E6
:10D1E800726174696F6E3B207573696E6720524176
:10D1F8004D2064656661756C7473202843414E2028
:10D2080052583D312054583D3029203C3C0D0000F7
:10D218003E3E204452563833323320636F6E66697F
:10D228006775726174696F6E2F726561646261639C
:10D238006B206661696C65643B206D6F746F72204A
:10D248006D6F64652072656D61696E73206C6F63C4
:10D258006B6564203C3C0D00436865636B696E67D1
:10D26800207068617365207369676E2C20706F6C1D
:10D27800652070616972730D0000000043616C697C
:10D2880062726174696F6E206661696C65643A20C8
:10D29800696E76616C696420656E636F646572207F
:10D2A800646973706C6163656D656E7420252E34D6
:10D2B80066207261640D0A0043616C696272617470
:10D2C800696F6E206661696C65643A206D6561738B
:10D2D8007572656420706F6C652070616972732067
:10D2E8002564202864656C746120252E34662072BC
:10D2F8006164290D0A0000005068617365206F722F
:10D3080064657220636F72726563740D00000000BB
:10D318005377617070696E672070686173652073F8
:10D3280069676E0D00000000506F6C6520506169E0
:10D3380072733A2025640D0A00000000537461726C
:10D34800743A20252E3366202020456E643A202525
:10D358002E33660D0A000000506F6C65205061691D
:10D368007273203E2025642C2072656D616C6C6F91
:10D3780063206572726F725F6172725B5D207369A0
:10D388007A652E0D0A0000005374617274696E6725
:10D39800206F66667365742063616C20616E64201B
:10D3A8006C696E656172697A6174696F6E0D0000EF
:10D3B800256420256420256420252E33660D0A0067
:10D3C8002564202025640D0A000000006C6F6F7032
:10D3D8005F636F756E743A20256C750D0A00000046
:10D3E8000A0D4641554C540A0D0000005644535F3F
:10D3F8004F43500A0D0000004744460A0D00000044
:10D4080055564C4F0A0D00004F5453440A0D000066
:10D418005644535F48410A0D000000005644535FCC
:10D428004C410A0D000000005644535F48420A0D63
:10D43800000000005644535F4C420A0D00000000F3
:10D448005644535F48430A0D000000005644535F9A
:10D458004C430A0D0000000053415F4F430A0D0082
:10D4680053425F4F430A0D0053435F4F430A0D0079
:10D478004F54570A0D000000435055560A0D00003E
:10D488005647535F48410A0D000000005647535F56
:10D498004C410A0D000000005647535F48420A0DF0
:10D4A800000000005647535F4C420A0D0000000080
:10D4B8005647535F48430A0D000000005647535F24
:10D4C8004C430A0D0000000020436F6D6D616E64CF
:10D4D800733A0D00206D2020202D204D6F746F723F
:10D4E800204D6F64650D000020632020202D20430F
:10D4F800616C69627261746520456E636F64657200
:10D508000D00000020732020202D205365747570B5
:10D518000D00000020652020202D20446973706CC8
:10D52800617920456E636F6465720D00207A202052
:10D53800202D20536574205A65726F20506F7369CF
:10D5480074696F6E0D00000020657363202D2045FF
:10D5580078697420746F204D656E750D00000000A9
:10D568000D0A20436F6E66696775726174696F6E24
:10D57800204F7074696F6E73200A0D006D696E001C
:10D58800706172616D657465720000007072656625
:10D598006978000020252D347320252D3331732020
:10D5A800252D357320252D367320252D32730D0A30
:10D5B8000000000063757272656E742076616C7588
:10D5C800650000006D6178000D0A204D6F746F7260
:10D5D8003A0D000030000000476561722052617406
:10D5E800696F00006700000020252D347320252D69
:10D5F80033317320252D357320252D367320252EA4
:10D6080033660A0D000000002D000000546F72718F
:10D61800756520436F6E7374616E7420284E2D6D8E
:10D628002F4129006B00000020252D347320252D63
:10D6380033317320252D357320252D367320252E63
:10D6480035660A0D000000000D0A20436F6E7472E3
:10D658006F6C3A0D00000000313030004375727273
:10D66800656E742042616E64776964746820284826
:10D678007A2900006200000020252D347320252D12
:10D6880033317320252D357320252D367320252E13
:10D6980031660A0D00000000323030300000000012
:10D6A800302E300043757272656E74204C696D6956
:10D6B80074202841290000006C00000036302E300C
:10D6C800000000004D617820506F736974696F6EB7
:10D6D80020536574706F696E742028726164290024
:10D6E800700000004D61782056656C6F636974792D
:10D6F80020536574706F696E742028726164292FD5
:10D7080073000000760000004D617820506F736947
:10D7180074696F6E204761696E20284E2D6D2F72D7
:10D728006164290078000000313030302E3000006C
:10D738004D61782056656C6F63697479204761691B
:10D748006E20284E2D6D2F7261642F732900000002
:10D7580064000000352E300046572043757272650C
:10D768006E74204C696D69742028412900000000FE
:10D778006600000033332E300000000054656D70E1
:10D78800204375746F666620284329202830203D81
:10D79800206E6F6E6529000068000000313530008A
:10D7A800436F6E74696E756F757320437572726519
:10D7B8006E742028412900006300000034302E30A8
:10D7C8000000000043616C6962726174696F6E20C9
:10D7D80043757272656E742028412900610000004B
:10D7E80032302E30000000000D0A2043414E3A0D21
:10D7F8000000000043414E20494400006900000039
:10D8080020252D347320252D33317320252D357394
:10D8180020252D367320252D35690A0D00000000BE
:10D828003132370043414E2054582049440000000B
:10D838006D00000043414E2054696D656F7574207A
:10D84800286379636C6573292830203D206E6F6EDC
:10D85800652900007400000020252D347320252D33
:10D8680033317320252D357320252D3673202564FB
:10D878000A0D00003130303030300000200A0D2011
:10D88800546F206368616E676520612076616C75EE
:10D89800652C207479706520277072656669782711
:10D8A8002776616C75652727454E544552270A0D22
:10D8B80020652E672E202762313030302727454ECD
:10D8C800544552270D0A200056414C554553204EC9
:10D8D8004F542041435449564520554E54494C20F5
:10D8E800504F574552204359434C4521200A0D0AB1
:10D8F8000D00000043616C6962726174696F6E208B
:10D9080072656A65637465643B2070726576696FD9
:10D91800757320636F6E66696775726174696F6E7F
:10D9280020726573746F7265642E0D00455F5A45E9
:10D93800524F3A202564202025660D0A0000000079
:10D94800436F6E66696775726174696F6E20736183
:10D9580076652072656A65637465643B20707265DC
:10D9680076696F7573206461746120707265736580
:10D97800727665642E0D0000495F42572073657406
:10D9880020746F2025660D0A0000000043414E5F99
:10D9980049442073657420746F2025640D0A0000C3
:10D9A80043414E5F54585F49442073657420746F37
:10D9B8002025640D0A000000495F4D415820736519
:10D9C8007420746F2025660D0A000000495F4657D1
:10D9D8005F4D41582073657420746F2025660D0AC9
:10D9E8000000000043414E5F54494D454F555420B7
:10D9F80073657420746F2025640D0A0054454D50DA
:10DA08005F4D41582073657420746F2025660D0A98
:10DA180000000000495F4D41585F434F4E5420734A
:10DA2800657420746F2025660D0A0000495F434124
:10DA38004C2073657420746F2025660D0A00000061
:10DA480047522073657420746F2025660D0A000004
:10DA58004B542073657420746F2025660D0A0000EE
:10DA68004B505F4D41582073657420746F202566B4
:10DA78000D0A00004B445F4D4158207365742074B3
:10DA88006F2025660D0A0000505F4D4158207365D0
:10DA98007420746F2025660D0A000000565F4D4102
:10DAA800582073657420746F2025660D0A000000E5
:10DAB8000D0A2027256327204E6F74206120766188
:10DAC8006C696420636F6D6D616E64207072656649
:10DAD80069780D0A0D0A00005A65726F2073617625
:10DAE800652072656A65637465643B20707265764B
:10DAF800696F7573206461746120707265736572F3
:10DB08007665642E0D0000000A0D202053617665AD
:10DB180064206E6577207A65726F20706F73697400
:10DB2800696F6E3A202025640A0D0A0D0000000076
:10DB38005261773A202535640000000020204C69A6
:10DB48006E656172697A656420436F756E743A20F8
:10DB580025356400202053696E676C652054757202
:10DB68006E3A2520342E33660000000020204D75C3
:10DB78006C7469205475726E3A2520352E33660010
:10DB88002020456C656374726963616C3A252035A1
:10DB98002E33660020205475726E733A2520326445
:10DBA80000000000202056616C69643A2575000069
:10DBB80020205350493A256C750000002020506100
:10DBC800726974793A256C7500000000202045467A
:10DBD8003A256C750D0A00000001020605000000D8
:10DBE800000000002975493CDF6EC93C6F0E173DE7
:10DBF8003160493D8FA97B3D38F4963D6B0EB03DB1
:10DC08004721C93D5E2EE23DEC2FFB3D7F130A3EC6
:10DC1800698C163E76FD223EA5662F3E97CA3B3E8E
:10DC28004A29483E807D543EDAC9603E560E6D3E14
:10DC3800F54A793E3CBD823E0FD1883EA4DF8E3E38
:10DC4800FBE8943EC4EB9A3EFFE7A03EFCDEA63E0E
:10DC58006CCFAC3E4EB9B23EA29CB83E1878BE3EE0
:10DC6800B24BC43EBD18CA3EECDDCF3EED99D53E61
:10DC7800614FDB3E59FAE03EC39EE63EB038EC3ECB
:10DC880071C9F13E5452F73EBBD0FC3E5322013FCE
:10DC9800B2D7033FD387063FB532093F5AD80B3F67
:10DCA800C0780E3F4013113F82A8133FDF37163F5D
:10DCB80055C1183FE5441B3F8FC21D3F543A203FD2
:10DCC8008AAB223FDB16253F9E7B273FD3D9293FCE
:10DCD8007B312C3FED812E3F79CC303FD00F333F45
:10DCE800F14B353F8481373FE2AF393F0AD73B3F9D
:10DCF800FDF63D3F130F403F9B20423F9E29443F86
:10DD0800132C463F0326483FBD184A3F9B034C3F10
:10DD1800F3E54D3F16C14F3FB493513F745E533FF7
:10DD28005721553F0EDB563F8F8D583FE3365A3FFC
:10DD3800B2D75B3FA4705D3F69005F3F5188603F89
:10DD48000C07623F9A7C633FA3E9643F274E663F16
:10DD58007EA9673F50FC683F4E456A3FC6856B3FCA
:10DD680012BD6C3F31EB6D3F23106F3F412B703F6D
:10DD7800D93D713F9D46723F3546733F9F3C743F86
:10DD88003529753F9E0C763F32E6763F9AB6773F47
:10DD98002C7D783FEB39793F7CED793F39977A3F95
:10DDA80022377B3F36CD7B3F75597C3F87DC7C3FF4
:10DDB8001D557D3F87C47D3F74297E3F34857E3F56
:10DDC80077D67E3F8E1E7F3F295C7F3FEF8F7F3F58
:10DDD80088BA7F3FA5DA7F3FEDF07F3F61FD7F3F47
:10DDE8000000803F23F87F3F19E77F3F92CB7F3FBA
:10DDF80037A67F3FAF777F3FAB3E7F3FD2FB7E3F6B
:10DE080025AF7E3FA3587E3F4DF87D3F228E7D3F54
:10DE1800221A7D3F4E9C7C3FA5147C3F27837B3F85
:10DE2800D5E77A3F57437A3F0395793FDBDC783F64
:10DE3800DF1A783FB54F773FB77A763FE59B753F56
:10DE4800E5B3743FB9C2733FB9C7723F8BC3713F23
:10DE580031B6703F029F6F3FA67E6E3F1D556D3FE6
:10DE680068226C3F86E66A3F1FA2693FE353683F1A
:10DE780022FD663F349D653F1A34643F22C3623FEA
:10DE88005648613FACC55F3FD6395E3F7AA55C3FD7
:10DE98009A085B3F3563593F4AB5573F82FF553F64
:10DEA8008E40543F637A523FB4AB503F80D44E3FCC
:10DEB8006FF54C3F280F4B3F5C20493FB329473F44
:10DEC800D42B453F1826433F7E18413FB0033F3FC0
:10DED800ABE73C3F72C43A3F5B99383FB667363F81
:10DEE800DC2E343FCCEE313F2FA82F3F5C5A2D3F1C
:10DEF800FB052B3F0DAB283F9049263F2EE2233FE1
:10DF08009773213F19FF1E3FB6841C3FC5031A3F74
:10DF1800957D173FD8F0143FDD5E123FFCC60F3FDA
:10DF280035290D3F2F860A3FECDD073F6A30053F54
:10DF3800AA7D023F598BFF3E3012FA3E8A8EF43E8C
:10DF48000803EF3E096DE93EDDCDE33E8525DE3E63
:10DF58004F75D83E3CBDD23EFCFBCC3EDF32C73EBF
:10DF68003563C13E5D8ABB3E47ACB53E05C5AF3E95
:10DF780084D8A93E75E5A33E89EA9D3E60EA973EAE
:10DF8800F7E4913E02D98B3ECEC7853EB7627F3E0D
:10DF9800F52D733EB7EE663EFDA45A3E65534E3EE0
:10DFA800F0F9413E3D9B353E0E32293EA0C31C3E52
:10DFB800F44F103E0AD7033EC4B1EE3DB9A5D53D96
:10DFC800A298BC3D1B82A33D49658A3D6685623D9A
:10DFD800D637303DF7C7FB3CC615973C5374C93B51
:10DFE8005374C9BBC61597BCF7C7FBBCD63730BD41
:10DFF800668562BD49658ABD1B82A3BDA298BCBD6A
:10E00800B9A5D5BDC4B1EEBD0AD703BEF44F10BE45
:10E01800A0C31CBE0E3229BE3D9B35BEF0F941BEE1
:10E0280065534EBEFDA45ABEB7EE66BEF52D73BE4F
:10E03800B7627FBECEC785BE02D98BBEF7E491BE5C
:10E0480060EA97BE89EA9DBE75E5A3BE84D8A9BEDD
:10E0580005C5AFBE47ACB5BE5D8ABBBE3563C1BEA4
:10E06800DF32C7BEFCFBCCBE3CBDD2BE4F75D8BEAE
:10E078008525DEBEDDCDE3BE096DE9BE0803EFBE32
:10E088008A8EF4BE3012FABE598BFFBEAA7D02BF3B
:10E098006A3005BFECDD07BF2F860ABF35290DBFE3
:10E0A800FCC60FBFDD5E12BFD8F014BF957D17BF49
:10E0B800C5031ABFB6841CBF19FF1EBF977321BFC3
:10E0C8002EE223BF904926BF0DAB28BFFB052BBF0F
:10E0D8005C5A2DBF2FA82FBFCCEE31BFDC2E34BF2A
:10E0E800B66736BF5B9938BF72C43ABFABE73CBF6F
:10E0F800B0033FBF7E1841BF182643BFD42B45BF8E
:10E10800B32947BF5C2049BF280F4BBF6FF54CBFF1
:10E1180080D44EBFB4AB50BF637A52BF8E4054BF59
:10E1280082FF55BF4AB557BF356359BF9A085BBFD1
:10E138007AA55CBFD6395EBFACC55FBF564861BF24
:10E1480022C362BF1A3464BF349D65BF22FD66BF17
:10E15800E35368BF1FA269BF86E66ABF68226CBF27
:10E168001D556DBFA67E6EBF029F6FBF31B670BFD3
:10E178008BC371BFB9C772BFB9C273BFE5B374BFF0
:10E18800E59B75BFB77A76BFB54F77BFDF1A78BF03
:10E19800DBDC78BF039579BF57437ABFD5E77ABFF1
:10E1A80027837BBFA5147CBF4E9C7CBF221A7DBFF2
:10E1B800228E7DBF4DF87DBFA3587EBF25AF7EBFA1
:10E1C800D2FB7EBFAB3E7FBFAF777FBF37A67FBF97
:10E1D80092CB7FBF19E77FBF23F87FBF000080BFC6
:10E1E80061FD7FBFEDF07FBFA5DA7FBF88BA7FBF33
:10E1F800EF8F7FBF295C7FBF8E1E7FBF77D67EBF24
:10E2080034857EBF74297EBF87C47DBF1D557DBF01
:10E2180087DC7CBF75597CBF36CD7BBF22377BBF7F
:10E2280039977ABF7CED79BFEB3979BF2C7D78BF00
:10E238009AB677BF32E676BF9E0C76BF352975BF92
:10E248009F3C74BF354673BF9D4672BFD93D71BFB1
:10E25800412B70BF23106FBF31EB6DBF12BD6CBF78
:10E26800C6856BBF4E456ABF50FC68BF7EA967BFB5
:10E27800274E66BFA3E964BF9A7C63BF0C0762BFE1
:10E28800518860BF69005FBFA4705DBFB2D75BBF34
:10E29800E3365ABF8F8D58BF0EDB56BF572155BF87
:10E2A800745E53BFB49351BF16C14FBFF3E54DBF62
:10E2B8009B034CBFBD184ABF032648BF132C46BF5B
:10E2C8009E2944BF9B2042BF130F40BFFDF63DBFB0
:10E2D8000AD73BBFE2AF39BF848137BFF14B35BFA7
:10E2E800D00F33BF79CC30BFED812EBF7B312CBF2F
:10E2F800D3D929BF9E7B27BFDB1625BF8AAB22BF98
:10E30800543A20BF8FC21DBFE5441BBF55C118BF7B
:10E31800DF3716BF82A813BF401311BFC0780EBFE6
:10E328005AD80BBFB53209BFD38706BFB2D703BFD0
:10E33800532201BFBBD0FCBE5452F7BE71C9F1BE17
:10E34800B038ECBEC39EE6BE59FAE0BE614FDBBEF4
:10E35800ED99D5BEECDDCFBEBD18CABEB24BC4BE6A
:10E368001878BEBEA29CB8BE4EB9B2BE6CCFACBEC9
:10E37800FCDEA6BEFFE7A0BEC4EB9ABEFBE894BED7
:10E38800A4DF8EBE0FD188BE3CBD82BEF54A79BEE1
:10E39800560E6DBEDAC960BE807D54BE4A2948BE9D
:10E3A80097CA3BBEA5662FBE76FD22BE698C16BEF7
:10E3B8007F130ABEEC2FFBBD5E2EE2BD4721C9BD0F
:10E3C8006B0EB0BD38F496BD8FA97BBD316049BDD9
:10E3D8006F0E17BDDF6EC9BC297549BC000000006F
:10E3E800494E4600696E66004E414E006E616E00F1
:10E3F80030003031323334353637383941424344CE
:10E408004546003031323334353637383961626346
:10E41800646566002E004300504F53495800496E0A
:10E4280066696E697479004E614E005245454E54D6
:10E43800206D616C6C6F63207375636365656465DB
:10E4480064002F566F6C756D65732F646174612F4E
:10E458006A656E6B696E732F776F726B7370616329
:10E46800652F474E552D746F6F6C636861696E2F09
:10E4780061726D2D31352F7372632F6E65776C69FC
:10E48800622D63796777696E2F6E65776C69622F85
:10E498006C6962632F7374646C69622F64746F6152
:10E4A8002E630042616C6C6F6320737563636565EE
:10E4B800646564002F566F6C756D65732F646174A5
:10E4C800612F6A656E6B696E732F776F726B7370ED
:10E4D8006163652F474E552D746F6F6C6368616972
:10E4E8006E2F61726D2D31352F7372632F6E6577C4
:10E4F8006C69622D63796777696E2F6E65776C69D1
:10E50800622F6C6962632F7374646C69622F67642D
:10E51800746F612D6765746865782E6300232D30EC
:10E528002B2000686C4C00656667454647002F56EF
:10E538006F6C756D65732F646174612F6A656E6B9E
:10E54800696E732F776F726B73706163652F474EB7
:10E55800552D746F6F6C636861696E2F61726D2DD4
:10E5680031352F7372632F6E65776C69622D63790D
:10E578006777696E2F6E65776C69622F6C69626365
:10E588002F7374646C69622F6D707265632E6300FB
:10E598002C2066756E6374696F6E3A200061737320
:10E5A800657274696F6E2022257322206661696C1A
:10E5B80065643A2066696C6520222573222C206CDC
:10E5C800696E65202564257325730A0034000000F0
:10E5D800CEFBFFFFCB03000001000000000000009D
:10E5E80035000000CEFBFFFFCB0300000100000058
:10E5F8000000000000000000BC89D897B2D29C3C03
:10E6080033A7A8D523F649393DA7F444FD0FA53211
:10E618009D978CCF08BA5B25436FAC6428066811B8
:10E6280000202020202020202020282828282820DA
:10E6380020202020202020202020202020202020D2
:10E64800208810101010101010101010101010103A
:10E65800100404040404040404040410101010102A
:10E6680010104141414141410101010101010101F4
:10E678000101010101010101010101011010101046
:10E6880010104242424242420202020202020202C6
:10E69800020202020202020202020202101010101A
:10E6A8002000000000000000000000000000000042
:10E6B8000000000000000000000000000000000052
:10E6C8000000000000000000000000000000000042
:10E6D8000000000000000000000000000000000032
:10E6E8000000000000000000000000000000000022
:10E6F8000000000000000000000000000000000012
:10E708000000000000000000000000000000000001
:10E7180000000000000000000000000000000000F1
:10E728000000000005000000190000007D00000046
:10E738000080E03779C34143176E05B5B5B89346F5
:10E74800F5F93FE9034F384D321D30F94877825AC1
:10E758003CBF737FDD4F1575000000000000F03FDF
:10E7680000000000000024400000000000005940A4
:10E778000000000000408F40000000000088C340F7
:10E7880000000000006AF8400000000080842E416C
:10E7980000000000D01263410000000084D79741B8
:10E7A8000000000065CDCD41000000205FA00242BE
:10E7B800000000E876483742000000A2941A6D4233
:10E7C800000040E59C30A2420000901EC4BCD64226
:10E7D80000003426F56B0C430080E03779C34143D1
:10E7E80000A0D8855734764300C84E676DC1AB4347
:10E7F800003D9160E458E143408CB5781DAF154465
:10E8080050EFE2D6E41A4B4492D54D06CFF080443F
:10E81800F64AE1C7022DB544B49DD9794378EA4454
:10E82800763C7935EF39EA3D763C7935EF39EABD02
:10E838000000E0FE422EE63F0000E0FE422EE6BF6A
:10E84800000000000000E03F000000000000E0BF02
:08E85800000000000000008038
:08E86000D018FF7F0100000049
:04E86800510C000847
:04E86C00290C00086B
:10E87000000E2707000000000300000024460020CF
:10E880004300000000000000000000000000000045
:10E890000000000000000000000000000000000078
:10E8A0004300000000000000000000000000000025
:10E8B0000000000000000000000000000000000058
:10E8C0004300000000000000000000000000000005
:10E8D0000000000000000000000000000000000038
:10E8E00043000000000000000000000000000000E5
:10E8F0000000000000000000000000000000000018
:10E9000043000000000000000000000000000000C4
:10E9100000000000000000000000000000000000F7
:10E9200043000000000000000000000000000000A4
:10E9300000000000000000000000000000000000D7
:10E940004300000000000000000000000000000084
:10E9500000000000000000000000000000000000B7
:10E960000DC40008CDB400080000000028E600082F
:10E970001CE40008D3E50008D3E50008D3E500084F
:10E98000D3E50008D3E50008D3E50008D3E5000887
:10E99000D3E50008D3E50008FFFFFFFFFFFFFFFFFF
:10E9A000FFFFFFFFFFFF0000010041534349490003
:10E9B0000000000000000000000000000000000057
:10E9C00000000000000000000000415343494900DE
:10E9D0000000000000000000000000000000000037
:10E9E0000000000000000000000000008001002086
:10E9F00000000000244600208C460020F446002041
:10EA00000000000000000000000000000000000006
:10EA100000000000000000000000000000000000F6
:10EA200000000000000000000000000000000000E6
:0CEA3000000000000000000000000000DA
:0400000508008699D0
:00000001FF
