:020000040800F2
:100000000000012081920008F9750008FD750008C4
:100010000976000815760008217600080000000027
:100020000000000000000000000000002D76000825
:1000300031760008000000003576000839760008A7
:10004000D1920008D1920008D1920008D192000804
:10005000D1920008D1920008D1920008D1920008F4
:10006000D1920008D1920008D1920008D1920008E4
:10007000D1920008D1920008D1920008D1920008D4
:10008000D1920008D1920008D1920008D1920008C4
:100090003D760008D1920008D1920008D192000864
:1000A000D1920008BD770008D1920008D1920008D3
:1000B000D1920008D1920008D1920008D192000894
:1000C000D1920008D1920008D1920008D192000884
:1000D000D1920008D1920008B9780008D1920008A6
:1000E00045780008D1920008D1920008D19200080A
:1000F000D1920008D1920008D1920008D192000854
:10010000D1920008D1920008D1920008D192000843
:10011000D1920008D1920008D1920008D192000833
:10012000D1920008D1920008D1920008D192000823
:1001300001F0FF01102A2BDB10F0070F08D010F898
:10014000013B013A8B422DD010F0070F42B3F6D19C
:10015000F0B441EA012141EA014122F007047FF0B5
:1001600000070023F0E80256083C85EA010586EA0C
:10017000010685FA47F5A3FA87F586FA47F6A5FA48
:1001800087F68EB9EED1F0BC01F0FF0102F0070254
:1001900032B110F8013B013A83EA010313B1F8D1FF
:1001A0000020704701387047002D06BF35460338E0
:1001B000073815F0010F07D1013015F4807F02BF19
:1001C000013015F4C03F0130F0BC0138704700BF6A
:1001D000034613F8012B002AFBD1181A0138704787
:1001E00081F0004102E000BF83F0004330B54FEAE8
:1001F00041044FEA430594EA050F08BF90EA020F55
:100200001FBF54EA000C55EA020C7FEA645C7FEAE7
:10021000655C00F0E2804FEA5454D4EB5555B8BF0A
:100220006D420CDD2C4480EA020281EA030382EA7B
:10023000000083EA010180EA020281EA0303362D0D
:1002400088BF30BD11F0004F4FEA01314FF4801CE0
:100250004CEA113102D0404261EB410113F0004FF2
:100260004FEA03334CEA133302D0524263EB4303A9
:1002700094EA050F00F0A780A4F10104D5F1200E47
:100280000DDB02FA0EFC22FA05F2801841F10001A2
:1002900003FA0EF2801843FA05F359410EE0A5F176
:1002A00020050EF1200E012A03FA0EFC28BF4CF0A7
:1002B000020C43FA05F3C01851EBE37101F000455D
:1002C00007D54FF0000EDCF1000C7EEB00006EEB6A
:1002D0000101B1F5801F1BD3B1F5001F0CD34908F4
:1002E0005FEA30004FEA3C0C04F101044FEA44524B
:1002F00012F5800F80F09A80BCF1004F08BF5FEAD2
:10030000500C50F1000041EB045141EA050130BDB1
:100310005FEA4C0C404141EB0101013C28BFB1F5C3
:10032000801FE9D291F0000F04BF01460020B1FA0E
:1003300081F308BF2033A3F10B03B3F120020CDAE1
:100340000C3208DD02F1140CC2F10C0201FA0CF0BF
:1003500021FA02F10CE002F11402D8BFC2F1200C24
:1003600001FA02F120FA0CFCDCBF41EA0C019040DA
:10037000E41AA2BF01EB0451294330BD6FEA040423
:100380001F3C1CDA0C340EDC04F11404C4F120020E
:1003900020FA04F001FA02F340EA030021FA04F320
:1003A00045EA030130BDC4F10C04C4F1200220FA77
:1003B00002F001FA04F340EA0300294630BD21FAB5
:1003C00004F0294630BD94F0000F83F4801306BF7B
:1003D00081F480110134013D4EE77FEA645C18BF6F
:1003E0007FEA655C29D094EA050F08BF90EA020F06
:1003F00005D054EA000C04BF1946104630BD91EAFE
:10040000030F1EBF0021002030BD5FEA545C05D100
:100410004000494128BF41F0004130BD14F580043F
:100420003CBF01F5801130BD01F0004545F0FE41B3
:1004300041F470014FF0000030BD7FEA645C1ABFE8
:10044000194610467FEA655C1CBF0B46024650EA1F
:10045000013406BF52EA033591EA030F41F400214B
:1004600030BD00BF90F0000F04BF0021704730B5D1
:100470004FF4806404F132044FF000054FF00001A6
:1004800050E700BF90F0000F04BF0021704730B567
:100490004FF4806404F1320410F0004548BF40423C
:1004A0004FF000013EE700BF42004FEAE2014FEA91
:1004B00031014FEA02701FBF12F07F4393F07F4F6C
:1004C00081F06051704732F07F4208BF704793F06F
:1004D0007F4F04BF41F40021704730B54FF4607482
:1004E00001F0004521F000411CE700BF50EA010285
:1004F00008BF704730B54FF000050AE050EA01022E
:1005000008BF704730B511F0004502D5404261EB9D
:1005100041014FF4806404F132045FEA915C3FF4DE
:10052000D8AE4FF003025FEADC0C18BF03325FEA7B
:10053000DC0C18BF033202EBDC02C2F1200300FA2C
:1005400003FC20FA02F001FA03FE40EA0E0021FA51
:1005500002F11444BDE600BF70B54FF0FF0C4CF43F
:10056000E06C1CEA11541DBF1CEA135594EA0C0FF1
:1005700095EA0C0F00F0DEF82C4481EA030621EA2C
:100580004C5123EA4C5350EA013518BF52EA033567
:1005900041F4801143F4801338D0A0FB02CE4FF019
:1005A0000005E1FB02E506F00042E0FB03E54FF049
:1005B0000006E1FB03569CF0000F18BF4EF0010E41
:1005C000A4F1FF04B6F5007F64F5407404D25FEA3D
:1005D0004E0E6D4146EB060642EAC62141EA5551F0
:1005E0004FEAC52040EA5E504FEACE2EB4F1FD0C32
:1005F00088BFBCF5E06F1ED8BEF1004F08BF5FEAB0
:10060000500E50F1000041EB045170BD06F0004661
:1006100046EA010140EA020081EA0301B4EB5C040E
:10062000C2BFD4EB0C0541EA045170BD41F4801106
:100630004FF0000E013C00F3AB8014F1360FDEBF2B
:10064000002001F0004170BDC4F10004203C35DA07
:100650000C341BDC04F11404C4F1200500FA05F38A
:1006600020FA04F001FA05F240EA020001F000422B
:1006700021F0004110EBD37021FA04F642EB0601A1
:100680005EEA430E08BF20EAD37070BDC4F10C04CB
:10069000C4F1200500FA04F320FA05F001FA04F28F
:1006A00040EA020001F0004110EBD37041F100017B
:1006B0005EEA430E08BF20EAD37070BDC4F1200586
:1006C00000FA05F24EEA020E20FA04F301FA05F2EE
:1006D00043EA020321FA04F001F0004121FA04F296
:1006E00020EA020000EBD3705EEA430E08BF20EA66
:1006F000D37070BD94F0000F0FD101F000464000A0
:1007000041EB010111F4801F08BF013CF7D041EA21
:10071000060195F0000F18BF704703F00046520025
:1007200043EB030313F4801F08BF013DF7D043EAF6
:100730000603704794EA0C0F0CEA135518BF95EAAC
:100740000C0F0CD050EA410618BF52EA4306D1D133
:1007500081EA030101F000414FF0000070BD50EA52
:10076000410606BF1046194652EA430619D094EADC
:100770000C0F02D150EA013613D195EA0C0F05D1C6
:1007800052EA03361CBF104619460AD181EA03011A
:1007900001F0004141F0FE4141F470014FF00000D2
:1007A00070BD41F0FE4141F4780170BD70B54FF06D
:1007B000FF0C4CF4E06C1CEA11541DBF1CEA1355ED
:1007C00094EA0C0F95EA0C0F00F0A7F8A4EB0504CF
:1007D00081EA030E52EA03354FEA013100F08880C6
:1007E0004FEA03334FF0805545EA131343EA12638F
:1007F0004FEA022245EA111545EA10654FEA002644
:100800000EF000419D4208BF964244F1FD0404F5FC
:10081000407402D25B084FEA3202B61A65EB030558
:100820005B084FEA32024FF480104FF4002CB6EB15
:10083000020E75EB030E22BFB61A754640EA0C0095
:100840005B084FEA3202B6EB020E75EB030E22BFD5
:10085000B61A754640EA5C005B084FEA3202B6EB16
:10086000020E75EB030E22BFB61A754640EA9C00D5
:100870005B084FEA3202B6EB020E75EB030E22BFA5
:10088000B61A754640EADC0055EA060E18D04FEA63
:10089000051545EA16754FEA06164FEAC30343EA03
:1008A00052734FEAC2025FEA1C1CC0D111F4801FD0
:1008B0000BD141EA00014FF000004FF0004CB6E7C9
:1008C00011F4801F04BF01430020B4F1FD0C88BF68
:1008D000BCF5E06F3FF6AFAEB5EB030C04BFB6EB73
:1008E000020C5FEA500C50F1000041EB045170BD66
:1008F0000EF0004E4EEA113114EB5C04C2BFD4EB93
:100900000C0541EA045170BD41F480114FF0000E16
:10091000013C90E645EA060E8DE60CEA135594EA92
:100920000C0F08BF95EA0C0F3FF43BAF94EA0C0F95
:100930000AD150EA01347FF434AF95EA0C0F7FF40A
:1009400025AF104619462CE795EA0C0F06D152EA5E
:1009500003353FF4FDAE1046194622E750EA410642
:1009600018BF52EA43067FF4C5AE50EA41047FF453
:100970000DAF52EA43057FF4EBAE12E74FF0FF3CB8
:1009800006E000BF4FF0010C02E000BF4FF0010C89
:100990004DF804CD4FEA410C7FEA6C5C4FEA430C02
:1009A00018BF7FEA6C5C1BD001B050EA410C0CBF51
:1009B00052EA430C91EA030F02BF90EA020F0020B3
:1009C000704710F1000F91EA030F58BF994208BF1A
:1009D00090422CBFD8176FEAE37040F001007047D7
:1009E0004FEA410C7FEA6C5C02D150EA013C07D12E
:1009F0004FEA430C7FEA6C5CD6D152EA033CD3D079
:100A00005DF8040B704700BF8446104662468C4672
:100A10001946634600E000BF01B5FFF7B7FF0028A5
:100A200048BF10F1000F01BD4DF808EDFFF7F4FFCE
:100A30000CBF012000205DF808FB00BF4DF808ED59
:100A4000FFF7EAFF34BF012000205DF808FB00BF7C
:100A50004DF808EDFFF7E0FF94BF012000205DF89E
:100A600008FB00BF4DF808EDFFF7CEFF94BF012053
:100A700000205DF808FB00BF4DF808EDFFF7C4FF4C
:100A800034BF012000205DF808FB00BF4FEA410C95
:100A90007FEA6C5C02D150EA013C0AD14FEA430C78
:100AA0007FEA6C5C02D152EA033C02D14FF00000B5
:100AB00070474FF0010070474FEA410212F50012F3
:100AC00015D211D56FF47873B3EB625212D94FEA95
:100AD000C12343F0004343EA505311F0004F23FA7F
:100AE00002F018BF404270474FF00000704750EAD4
:100AF000013005D111F0004008BF6FF00040704791
:100B00004FF00000704700BF4A0011D212F50012EA
:100B100011D20DD56FF47873B3EB62520ED44FEA55
:100B2000C12343F0004343EA505323FA02F07047D5
:100B30004FF00000704750EA013002D14FF0FF3013
:100B400070474FF0000070474FEA4102B2F1E043B6
:100B500024BFB3F5001CDCF1FE5C0DD901F0004CA4
:100B60004FEAC0024CEA5070B2F1004F40EB8300F4
:100B700008BF20F00100704711F0804F21D113F120
:100B80003872BCBF01F00040704741F480114FEA59
:100B90005252C2F11802C2F1200C10FA0CF320FAE2
:100BA00002F018BF40F001004FEAC1234FEAD323FF
:100BB00003FA0CFC40EA0C0023FA02F34FEA430369
:100BC000CCE77FEA625307D150EA01331EBF4FF0F2
:100BD000FE4040F44000704701F0004040F0FE400D
:100BE00040F40000704700BF0348044B834202D02A
:100BF000034B03B118477047CC010020CC01002003
:100C0000000000000548064B1B1AD90F01EBA30199
:100C1000491002D0034B03B118477047CC010020A4
:100C2000CC0100200000000010B5064C237843B929
:100C3000FFF7DAFF044B13B10448AFF30080012340
:100C4000237010BDCC0100200000000034DC00083F
:100C500008B5054B1BB105490548AFF30080BDE859
:100C60000840FFF7CFBF00BF00000000D001002008
:100C700034DC000808B5012007F0CAFD4FF4C0605D
:100C800007F09CFD40F2026007F098FD40F203601F
:100C900007F094FD40F2046007F090FD4FF4A0606F
:100CA00007F08CFD40F2015007F088FD40F219700A
:100CB00007F084FD40F20E7007F080FD40F20F70E7
:100CC00007F07CFD40F20B6007F078FD40F2096010
:100CD00007F074FD40F20A6007F070FD40F20F600B
:100CE00007F06CFDBDE8084040F2117007F066BDEA
:100CF00070B506F003FCFFF7BDFF00F0FFFA02F04D
:100D000005FF02F06FFE00F00DFD02F01DFE02F087
:100D100043FE00F09FFB00F08BFC04F0AFF8C648E8
:100D200009F008FFC54809F005FF01230022022150
:100D3000C34809F097FEC348062106F0C5F9C1482B
:100D400006F0ACFA002800F0B281BF4DBF4C6B69D1
:100D5000D4ED027A013304BF00236B612B690133A8
:100D600008BF0023F4EE677A08BF2B61F1EE10FA9A
:100D700080F19A81BFEE007AF4EE477AF1EE10FA34
:100D800000F09281D4ED037AF4EE677AF1EE10FA76
:100D900080F18781BFEE007AF4EE477AF1EE10FA27
:100DA00000F07F81D4ED067AF4EE677AF1EE10FA66
:100DB00080F17481BFEE007AF4EE477AF1EE10FA1A
:100DC00000F06C816B68D4ED077A013304BF012316
:100DD0006B60AB68013304BF0023AB60EB68013389
:100DE00008BF40F6B833F4EE677A08BFEB60F1EE67
:100DF00010FA80F15081BFEE007AF4EE477AF1EEFE
:100E000010FA00F04881D4ED087AF4EE677AF1EE3A
:100E100010FA80F13D81BFEE007AF4EE477AF1EEF0
:100E200010FA00F03581D4ED097AF4EE677AF1EE2C
:100E300010FA80F1FD80BFEE007AF4EE477AF1EE11
:100E400010FA00F0F580D4ED127AF4EE677AF1EE44
:100E500010FA80F1EA80BFEE007AF4EE477AF1EE04
:100E600010FA00F0E280D4ED0A7AF4EE677AF1EE3F
:100E700010FA80F1D780BFEE007AF4EE477AF1EEF7
:100E800010FA00F0CF80D4ED117AF4EE677AF1EE2B
:100E900010FA80F1C380BFEE007AF4EE477AF1EEEB
:100EA00010FA00F0BB80D4ED0E7AF4EE677AF1EE22
:100EB00010FA80F1AF80BFEE007AF4EE477AF1EEDF
:100EC00010FA00F0A780D4ED177AF4EE677AF1EE0D
:100ED00010FA80F19C80BFEE007AF4EE477AF1EED2
:100EE00010FA00F09480D4ED187AF4EE677AF1EEFF
:100EF00010FA80F18980BFEE007AF4EE477AF1EEC5
:100F000010FA00F08180D4ED147A5148514EF4EE7D
:100F1000677AD4ED137AF1EE10FA64BF4E4B236575
:100F2000F4EE677AD4ED167AF1EE10FA64BF4B4B0B
:100F3000E364F4EE677AD4ED157AF1EE10FA64BF4B
:100F4000474BA365F4EE677AF1EE10FA64BF454BA8
:100F5000636504F087FA00214FF4CE62424809F03D
:100F60000AFE6A69A36AC6F8382464202A69C6F8AA
:100F70003424C6F818323D4D06F0E2FA64213046BA
:100F800005F0CAFD3A494FF4007206F23C4009F000
:100F90003FFE95E8070003F067FE002840F09780C9
:100FA000344800F0DFFB344800F0F6FB0022114625
:100FB000282007F0B1FB01220021142007F0ACFB30
:100FC00000220121192007F0A7FB00220221262080
:100FD00007F0A2FB294B062101221980DA7006F0E6
:100FE000CDFA00286BD1002406F0EAFA4FF47A70AB
:100FF00006F0A6FAAB880134002BF5D095E807007F
:10100000234603F047FDEFE71D4B23667BE71D4BAF
:10101000E36568E74FF07E53A36354E74FF07E53D8
:10102000636440E7184BA3622DE7154BA3641AE7EE
:10103000164B636207E700BF68DD000874DD000837
:1010400094DD000880400020984000209844002053
:101050007C3D0020F83600200000C8420000C8C2D5
:1010600000008242000082C2442E0020EC360020A4
:10107000B0400020E8010020FC010020683D002075
:101080000000A0400000FA430000A84100006041B9
:10109000114B2362C7E60023E361B4E60023A3619A
:1010A00090E60E4BE3607DE60D4BA3606AE60D49CA
:1010B0000D4800F031FC0D4809F03CFD45E64FF4C9
:1010C000007000F047F80A4809F034FD8BE7094842
:1010D00009F030FD64E700BF0000FA420000204242
:1010E00000007A449844002098400020B0DD0008B9
:1010F00048DE000800DE000808B514484FF400611F
:1011000007F082FA1248002107F088FD00221146FC
:101110000F4807F01BFF0E480022012107F016FFC1
:101120000B480022022107F011FF00221146084857
:1011300007F0AEFE06480022012107F0A9FEBDE837
:10114000084003480022022107F0A2BE0008014027
:10115000002C0140024A136803431360FFF7CCBF21
:1011600098450020014B1868704700BF9845002043
:10117000024A136823EA0003136070479845002071
:10118000036813F0010204D00A7D002A43D14FF412
:10119000804213F0020F06D091F815C0BCF1000F89
:1011A0000AD142F400425B0704D58B7D002B74D139
:1011B00042F480321046704790ED027ADFED4E7AAD
:1011C000F0EEC76AF4EE676AF1EE10FAE9D8D0EDF6
:1011D000036AB0EEE66AB4EE676AF1EE10FAE0D8A0
:1011E000B5EEC07AF1EE10FADBD9B4EEE67AF1EEA4
:1011F00010FAD6DA91ED036AF0EEC65AF4EE675AA9
:10120000F1EE10FACDD8B4EEC67AF1EE10FA69DD3F
:1012100042F40062C7E7D0ED017A9FED377AF0EE35
:10122000E76AF4EE476AF1EE10FAB0D8F5EEC07A4C
:10123000F1EE10FAABD9D1ED006AF0EEE66AF4EE09
:10124000476AF1EE10FAA2D891ED016AB0EEC66AD3
:10125000B4EE476AF1EE10FA99D8D1ED025AF0EEE9
:10126000E55AF4EE475AF1EE10FA90D8B4EEE66A79
:10127000F1EE10FAD8BFB0EE666AF4EEC65AF1EE9F
:1012800010FAD8BFF0EE465AF4EEE57AF1EE10FA15
:101290004CBF0122002292027BE7D0ED047A9FED41
:1012A000167AF0EEE76AF4EE476AF1EE10FA3FF6CE
:1012B0007FAFF5EEC07AF1EE10FA7FF679AFD1ED9F
:1012C000046AB0EEE66AB4EE476AF1EE10FA3FF651
:1012D0006FAFF4EEE67AF1EE10FA7FF56BAF42F401
:1012E000005267E7F4EEC66AF1EE10FA7FF55BAFE5
:1012F00042F4805257E700BFFFFF7F7F10B5504890
:10130000012107F095F94F48012107F091F94E4866
:101310004FF4A0530122182107F01EF94A484FF458
:1013200000630122042107F017F94FF40043012262
:101330004648102107F010F944484FF4004107F0E7
:1013400061F943484FF420430122182107F004F9C2
:101350003F484FF480430122482107F0FDF84FF445
:10136000805301223A48102107F0F6F838484FF42C
:10137000805107F047F935484FF4006302221021ED
:1013800007F0EAF84FF4805303223048042107F0B5
:10139000E3F82E484FF4006107F036F92B484FF47C
:1013A000E0630322182107F0D7F82748032304221B
:1013B000002107F0D1F8264801230422002107F07C
:1013C000CBF821480C230422002107F0C5F81F4860
:1013D000F0230422002107F0BFF81B483023042229
:1013E000002107F0B9F84FF40053022216481021EB
:1013F00007F0B2F814484FF4005107F005F913480C
:1014000004230122182107F0A7F8082301220F481E
:10141000042107F0A1F801214FF4EA1007F008F9C0
:101420000B484FF480730222482107F095F8BDE87D
:10143000104007484FF400730322182107F08CB8BE
:1014400000102000000230000010014000080140A0
:10145000000C014070B5714888B0002106F0E8FD2D
:101460006F4A704B01920024042503934FF40072DD
:101470004FF400634FF48076029204930DEB050263
:101480004FF4805321466548ADF81C60CDE9055303
:101490008DF81E4006F0EAFD2146604806F024FE65
:1014A00021465E4806F032FE5F4806F01BFA5F48B0
:1014B00006F018FA4FF4803006F062FA31465A48C6
:1014C000012206F06DFA22465748022106F068FA1A
:1014D00031465648012206F063FA2246534802215B
:1014E00006F05EFA2146504806F082FA2A464E4837
:1014F000012106F087FA01224B48022106F082FA08
:1015000021464A4806F074FA2A464848012106F066
:1015100079FA46480122022106F074FA2346214650
:101520004148062206F08CFA23463F480F2201214B
:1015300006F086FA23463C480722022106F080FA8C
:10154000234639480822032106F07AFA2346214629
:101550003648052206F074FA234634480E2201214B
:1015600006F06EFA23462A463048022106F068FA51
:1015700023462E480C22032106F062FA2A484FF433
:101580006022012106F008FB01221146264806F0E0
:10159000E7FA26484FF46022012106F0FDFA012205
:1015A0001146224806F0DCFA234621461E480B224B
:1015B00006F09EFA234621461C480A2206F098FAB5
:1015C00019484FF4E042022106F0E6FA16480122DB
:1015D000022106F0C5FA15484FF4E042022106F058
:1015E000DBFA01220221114806F0BAFA0E4806F091
:1015F000C1F90E4806F0BEF90B4806F0A1F90B48F8
:1016000006F09EF9012005F09BFF074806F0A0F9BF
:10161000064806F09DF908B070BD00BF000002400A
:101620004C240140A0450020002401400028014036
:1016300070B5384888B0042106F0FAFC3649374ABC
:1016400001914FF48063012400254FF480760392CA
:10165000049301AA4FF480532E4806930421ADF859
:101660001C6002968DF81E50059406F0FFFC294878
:10167000042106F039FD0421264806F047FD2848DC
:1016800006F030F922463146254806F089F92A4607
:101690002348022106F084F92946214806F0A8F9DA
:1016A000224621461E4806F0ADF922461C4802217A
:1016B00006F0A8F90523294619480D2206F0C0F9BD
:1016C000214617484FF4602206F066FA224621466A
:1016D000134806F045FA0523294611480D2206F065
:1016E00007FA0F484FF4E042022106F055FA22466D
:1016F00002210B4806F034FA094806F03BF9084885
:1017000006F01EF9204605F01BFF054806F020F9FB
:1017100008B070BD000402404C3C01409C450020D4
:10172000003C014000B585B001A9002006F08AFA0E
:101730000A4806F075FA0A484FF48072CDE90102B2
:101740004FF4802301A90548039306F0ADFA03483E
:10175000022106F069FC05B000BD00BF0064004036
:101760000000090300B5014687B0032006F06AFABD
:1017700001A9012006F066FA00234FF4803101220E
:1017800001A8CDE90133CDE903318DF8142006F02D
:101790001DFB07B000BD00BF00B583B0014601903E
:1017A000022006F04FFA054A01999068086000236C
:1017B00006228A724B600B8103B000BD9840002066
:1017C000F0B52DED028B1C4D83B00446F0EE608A1F
:1017D000B0EE418AD5ED130A95ED141A019110204F
:1017E00005F010F895ED161AD5ED150A0746B0EE7E
:1017F000680A0C2005F006F8D5ED030AD5ED0E7A3F
:1018000060EEE70A0646B0EE480AB1EE601A0C2018
:1018100004F0F8FF03120199E17203EB06137ABAA0
:101820003111E3730023A173A28120746374A37444
:1018300003B0BDEC028BF0BD9844002084B0F0B53D
:101840002DED028B83B00AAC84E80F009DF8363092
:101850009DF835709DF839209DF83760BDF833004C
:101860002B4C9DF838E09DF83A10D4ED140A94ED15
:10187000130A0F9D9FED278A4FEA032C1B0943EAA9
:1018800007170CF470631E43130240BA120903F4E5
:1018900070630B4342EA0E1280B210210092019352
:1018A00004F0C4FF85ED000AD4ED160A94ED150A84
:1018B00038460C2104F0BAFF85ED010AD4ED170A71
:1018C0003046B0EE480A0C2104F0B0FF85ED020A64
:1018D000D4ED180A00980C21B0EE480A04F0A6FFD7
:1018E00085ED030A94ED030AD4ED0E7A019820EEFB
:1018F000670A0C21F1EE400A04F098FF85ED040A16
:1019000003B0BDEC028BBDE8F04004B0704700BFEF
:10191000984400200000000070B54FF480620C462F
:101920000021054609F027F94FF480720021204676
:1019300009F021F901260022C5E904222A60AA60E3
:10194000EA616E6000231B4ADFED1B5A9FED1B6AA4
:10195000DFED1B6A9FED1B7ADFED1B7ADFF878E085
:10196000DFF878C0194840F6B836EE604FF07E5187
:10197000A361E3616363E3632364A2642266636635
:10198000134AA366E3662367124BC4ED025A84ED43
:10199000036AC4ED086A84ED137AC4ED147AC4F8BE
:1019A00054E0C4F858C0A1636164E0656262A36258
:1019B00070BD00BF0000A04000007A44000020423B
:1019C0000000FA420000C8C20000C8420000FA430A
:1019D000000060410000A841000082C20000824275
:1019E00070B50E461E49A0F1040E00F57F754FF04C
:1019F000FF305EF8044F4FF0000C24FA0CF3DBB21A
:101A00005840082240F300030B40013A83EA50009B
:101A1000F8D10CF1080CBCF1200FEED17545E8D1DE
:101A20000F49B64606F58075DEF800404FF0000C11
:101A300024FA0CF3DBB25840082240F300030B40B9
:101A4000013A83EA5000F8D10CF1080CBCF1200FE8
:101A5000EED10EF1040EAE45E6D1C04370BD00BF1D
:101A60002083B8ED0368012B00F2BF824368B3F511
:101A7000006F80F0BA828268B2F5006F80F0B582A4
:101A800023F0800340F2017C634500F0AE8222F037
:101A90008002624500F0A982C368E14A013B93429B
:101AA00000F2A3820369DFF8A0C34FF6FF7213446C
:101AB000634500F29A8243691A44624500F29582B6
:101AC000C369072B00F29182D1ED027A9FEDE37A90
:101AD000F0EEE76AF4EE476AF1EE10FA00F2858262
:101AE0009FEDDB7AF4EEC77AF1EE10FAC0F27D8258
:101AF0009FEDCC7AF4EEC77AF1EE10FA00F275821F
:101B0000D1ED037ADFEDD56AB0EEE77AB4EE667A0E
:101B1000F1EE10FA00F269829FEDC37AF4EEC77A13
:101B2000F1EE10FAC0F261829FEDCA7AF4EEC77A44
:101B3000F1EE10FA00F25982D1ED062AB0EEE27A07
:101B4000B4EE667AF1EE10FA00F24F82F5EEC02A9A
:101B5000F1EE10FAC0F249829FEDB47AF4EEC72A92
:101B6000F1EE10FA00F2418291ED077AB0EEC76A09
:101B7000B4EE666AF1EE10FA00F23782B5EEC07A82
:101B8000F1EE10FAC0F23182DFEDB16AB4EEE67A1E
:101B9000F1EE10FA00F2298291ED087ADFEDAF6ADA
:101BA000B0EEC76AB4EE666AF1EE10FA00F21D827A
:101BB000B7EE006AB4EEC67AF1EE10FAC0F2158202
:101BC000DFEDA75AB4EEE57AF1EE10FA00F20D82DD
:101BD00091ED093AB0EEC37AB4EE667AF1EE10FAFE
:101BE00000F203829FED907AB4EEC73AF1EE10FA5C
:101BF000C0F2FB819FED8E7AB4EEC73AF1EE10FA97
:101C000000F2F38191ED0A7AF0EEC75AF4EE665ACB
:101C1000F1EE10FA00F2E981B4EEC67AF1EE10FAB4
:101C2000C0F2E381DFED836AB4EEE67AF1EE10FAFA
:101C300000F2DB81D1ED0D6A9FED887AB0EEE66AA5
:101C4000B4EE476AF1EE10FA00F2CF81F5EEC06A09
:101C5000F1EE10FAC0F2C9819FED7D6AF4EEC66A1A
:101C6000F1EE10FA00F2C181D1ED0E6AB0EEE66A33
:101C7000B4EE476AF1EE10FA00F2B7819FED6E6A9A
:101C8000F4EEC66AF1EE10FAC0F2AF81B2EE046A69
:101C9000F4EEC66AF1EE10FA00F2A781D1ED0F6AF8
:101CA000B0EEE66AB4EE476AF1EE10FA00F29D81FA
:101CB000F5EEC06AF1EE10FAC0F297819FED636A0B
:101CC000F4EEC66AF1EE10FA00F28F81D1ED106ADF
:101CD000B0EEE66AB4EE476AF1EE10FA00F28581E2
:101CE000F5EEC06AF1EE10FAC0F27F819FED537AF3
:101CF000F4EEC76AF1EE10FA00F27781D1ED116AC5
:101D00009FED567AB0EEE66AB4EE476AF1EE10FA4D
:101D100000F26B819FED4A6AF4EEC66AF1EE10FAAA
:101D2000C0F263819FED496AF4EEC66AF1EE10FAE3
:101D300000F25B81D1ED126AB0EEE66AB4EE476A5A
:101D4000F1EE10FA00F251819FED376AF4EEC66AA7
:101D5000F1EE10FAC0F24981B3EE046AF4EEC66AFD
:101D6000F1EE10FA00F24181D1ED133AF0EEE36AA0
:101D7000F4EE476AF1EE10FA00F237819FED317A06
:101D8000F4EEC73AF1EE10FAC0F22F81F5EEC03A48
:101D9000F1EE10FA00F2298191ED144A9FED2F7AAD
:101DA000F0EEC46AF4EE476AF1EE10FA00F21D811B
:101DB000B5EEC04AF1EE10FAC0F21781DFED236AEA
:101DC000B4EEE64AF1EE10FA00F20F81D1ED154AB9
:101DD000B0EEE46AB4EE476AF1EE10FA00F2058163
:101DE0009FED186AF4EEC64AF1EE10FAC0F2FD80DB
:101DF000F5EEC04AF1EE10FA00F2F78091ED165AB6
:101E0000B0EEC56AB4EE476AF1EE10FA00F2ED806A
:101E1000B5EEC05AF1EE10FAC0F2E78022E000BF42
:101E20009F8601000000FA44CDCCCC3D0000044266
:101E3000000020420000804217B7D1380050C3474D
:101E40006F12833A00007AC4FEFF010000007A445A
:101E50000000C8420000704200004843FFFF7F7F3F
:101E600000001643B4EEE65AF1EE10FA00F2BD801F
:101E700091ED177A1FED076AF0EEC76AF4EE466A35
:101E8000F1EE10FA00F2B180B5EEC07AF1EE10FA80
:101E9000C0F2AB805FED136AB4EEE67AF1EE10FAB1
:101EA00000F2A38091ED187AF0EEC76AF4EE466A6C
:101EB000F1EE10FA00F29980B5EEC07AF1EE10FA68
:101EC000C0F293805FED1E6AB4EEE67AF1EE10FA8E
:101ED00000F28B80D1ED196AB0EEE67AB4EE467A64
:101EE000F1EE10FA00F28180F5EEC06AF1EE10FA20
:101EF0007BDB1FED287AF4EEC76AF1EE10FA74D896
:101F000091ED1A7AF0EEC75AF4EE465AF1EE10FA55
:101F10006BD8B5EEC07AF1EE10FA66DB1FED326ACF
:101F2000B4EEC67AF1EE10FA5FD8D1ED1B5A1FED70
:101F3000352AF0EEE51AF4EE421AF1EE10FA54D812
:101F4000F5EEC05AF1EE10FA4FDBF4EEC65AF1EEA0
:101F500010FA4AD891ED1C6AF0EEC61AF4EE421A55
:101F6000F1EE10FA41D8B5EEC06AF1EE10FA3CDBA2
:101F70001FED452AB4EEC26AF1EE10FA35D8F4EE40
:101F8000E27AF1EE10FA30DBF4EEC37AF1EE10FAF9
:101F90002BDBF4EEC43AF1EE10FA26D5F4EEC54A86
:101FA000F1EE10FA21D5D90709D5F5EEC06AF1EEA8
:101FB00010FA1ADDF4EEE67AF1EE10FA15DB9A0764
:101FC00009D5B5EEC07AF1EE10FA0EDDB4EEE57A81
:101FD000F1EE10FA09D55B0709D5B5EEC06AF1EE4E
:101FE00010FACCBF0120002070470020704701206C
:101FF000704700BF30B5DFF83CC083B06045069D38
:10200000079C02D0002003B030BD0229FAD1B2F5FE
:10201000A07FF7D1214628460193FFF7E1FC019B01
:102020009842EFD12146284603B0BDE83040FFF783
:1020300019BD00BF4154484E401A0028D4BF0020AB
:102040000120704740B12AB15B1A002BD4BF002099
:10205000012070471046704782420CBF4FF0FF309E
:102060000120704711B10AB1082B01D00020704740
:10207000009BC01AB3F5006FB0FA80F04FEA501021
:1020800028BF0020704700BF431E00F1060C13F864
:10209000012FFF2A09D16345F9D1C279131DDBB2A3
:1020A000022B02D80A70012070470020704700BF41
:1020B00038B5C0F30D0444F4804440F44045204654
:1020C0000BF072FD002814BF2846204638BD00BF23
:1020D000084310B5C0F30D0420460BF065FD44EA3B
:1020E000C03080B210BD00BF10B504460BF05CFDDF
:1020F00028B914F4804F18BF6FF0010010BD4FF0E5
:10210000FF3010BDC0F30D00C1F30D01401AB0F552
:10211000005F03DDA0F5804000B2704710F5005F5E
:10212000B8BF00F5804000B2704700BF0378A52B10
:1021300029D143785A2B26D18378012B23D110B58E
:1021400083790C46CBB9DFF84CE0421E811D002399
:1021500012F801CF83EA0C0391421EF80330F7D145
:10216000C2799A4212D1C37823700379637043799C
:10217000A3708379E370002010BDC378072BE2D0F1
:102180004FF0FF3010BD4FF0FF3070476FF001008F
:1021900010BD00BF50DC000890F800C06CF07F0C50
:1021A00083F800C090F801C083F801C0807898706F
:1021B0004FEA122CD970100C110E1A7183F805C059
:1021C0009871D971704700BF08B5084908484FF4A5
:1021D000806208F01DFD4FF480720649064808F041
:1021E00017FD064B01221A7008BD00BF9840002061
:1021F000B846002098440020B8450020B54500208E
:10220000164B1B7803B9704730B5154C237883B053
:10221000DBB2CDE90031054605F0AAF9009B114A71
:10222000019903EB430C4FEA8C0E013342F80E0088
:1022300002EB8C0203F01F030B48157191602370B1
:1022400003781F2B04D803780133037003B030BD2B
:10225000064A13680133136003B030BDBE4A002044
:10226000BD4A0020C04A0020BC4A0020B84A0020D5
:102270002DE9F041794C0168236840F20172013385
:1022800091428AB0236006D1037A23B9437A13B905
:10229000827A082A05D0A3680133A3600AB0BDE89A
:1022A000F08104A90B300193FFF740FF18B1E368F8
:1022B0000133E360F2E705F05BF96949019B0A68C5
:1022C000821A132A844640F2328162680860013221
:1022D00062609DF81020062A00F06182072A00F053
:1022E0002A81032A01F2B582DFE802F0BCAF1902AD
:1022F0009DF812100F2900F2BA80DFE811F0EA0011
:102300000D010B0109010701050103010101B800DD
:10231000FD00F900F500F100ED00B8000F019DF897
:1023200012208E2A00F2A380DFE812F0F107EA07FC
:10233000E3078C07870782077D07A100A1007607C6
:10234000490745073E0737073007260721071C07BF
:1023500024031B03A100A100A100A100FB00530660
:102360004B0644065306FB004B06A100A100A1004A
:10237000A100A100A100A100A100A100A100A10055
:10238000A100A100A100A100A100A100A100A10045
:10239000A100A100A100A100A100A1003D063606F8
:1023A000FB005D0357035003490342033B0334031F
:1023B0002D0392088A0882087A0872086A0862085F
:1023C0005A0852084A0842083A0832082A082208DD
:1023D00018083D0A220A2C09FB08DA09D009B708B7
:1023E0009A089D098209DE08C10862095709140884
:1023F000F707FD05E20553053805C705AC051B05C4
:10240000FE04D304BB04A5048B04710465046204B8
:102410005A043C047607340419040D04D803D0038D
:10242000E200C903C203BB03B403AD03A6039F03C9
:1024300098036A036303E506DD06D506CD060807A3
:10244000ED06A20687066A0662069DF81220042A97
:102450000DD8DFE802F03C3937353300484C002016
:10246000B04500209DF81220002A00F00E820123C2
:10247000216901310022216105A90220CDE9013243
:1024800005F0E0FB00230693ADF81C3040F28173A9
:1024900005930823DDE9011204A88DF81E300DF123
:1024A0001F03FFF779FE9F4805A905F009FD0328E2
:1024B00000F07181A3690133A361EFE69A4ADBE77B
:1024C0009A4AD9E70F22D7E74FF48032D4E7984AE7
:1024D000D2E722680B46CFE7964AD2F86826CBE7C8
:1024E000944AD2F86426C7E7924AD2F86026C3E736
:1024F000914AD2F8FC22BFE78E4AD2F85C26BBE7AD
:10250000E269B9E7A269B7E76269B5E72269B3E7AB
:10251000E268B1E7A268AFE76268ADE7874A126890
:10252000AAE7019301F0B4FE019B0246A4E76369A8
:1025300001336361B2E69DF81220A2F12001C9B215
:10254000672940F2668102F17001C9B2672940F241
:102550003681F72A00F25081013A0B2A01F2798183
:10256000DFE812F012010A010201A10099008F00B8
:10257000790061004C00370021000C0070489DF884
:10258000132001788A42BFF472AF6E49097800784F
:102590002031091A0A446C4902F01F020C2000FB8A
:1025A0000212926868E766489DF8132001788A4213
:1025B000BFF45DAF6349097800782031091A0A44F5
:1025C000614902F01F020C2000FB02121279D2B204
:1025D00052E75B489DF8132001788A42BFF447AF69
:1025E0005849097800782031091A0A4402F01F027C
:1025F0000C20554900FB02F28A583DE751495048EA
:1026000000220A70514902700A60514A127800781B
:1026100042EA00220868B0F5803F36BF09684D499C
:1026200009040A4328E74A484FF0000C80F800C02C
:102630000278002A40F06D81414A444900781278BE
:1026400040EA02220868B0F5803F36BF0968414978
:1026500009040A4310E73E48012202700278002A6A
:1026600040F06181364A39490078127840EA022206
:102670000868B0F5803F36BF0968364909040A4347
:10268000FAE6354802885AB11B21019303F0C8FFCE
:10269000019B0122F0E6304A1188002900F04F81A9
:1026A00002230022E8E69DF81320013AD2B2132A51
:1026B000F6D8294A1288002AF2D10193FEF752FD7A
:1026C0000028EDD1254A9288002AE9D1194A92F8CA
:1026D0003D26002AE4D0184A92F8F522002ADFD0DD
:1026E00000F180404FF4805100F5843005F094FFF4
:1026F0000028D5D09DF813309FED197A194A164855
:1027000007EE903AF8EE677A632167EE877AC2EDBA
:10271000127A03F085FF9DF81320019B642101FBD1
:1027200002F2A9E60064004001E8030001D1E0A73D
:102730004154484EF83600207C3D0020684C002073
:10274000BC4A0020BD4A0020C04A0020B84A0020F0
:10275000BE4A00200000FFFF683D0020EC3600204C
:10276000CDCCCC3D98440020A9480193652103F0CD
:1027700057FF019B03227FE6A54801936D2103F0DB
:102780004FFF019B022277E6A14801931B2103F032
:1027900047FF019B7DE7E3690133E3617EE59D4AE5
:1027A0009DF811109C4C9D4B11709D48C4F800C0C1
:1027B00001224FF400611A7005F024FF6EE599487C
:1027C00000788A0801F0030138B9CDE902130192BB
:1027D000FFF7FAFCDDE90213019A934800EB420C83
:1027E00010F812009CF80120002840F08E808F48DD
:1027F00000EB8202525C3FE6F82A30D0F92A46D03C
:10280000FA2A7FF434AE874900220A7088490A7098
:102810003FE7844800788A0801F0030138B9CDE920
:1028200002130192FFF7D0FCDDE90213019A7E4802
:1028300010F812C000EB420E9EF80100BCF1000F30
:102840005ED1DFF8E8C10CEB80009DF813C000F802
:1028500001C0774841EA0222012101700CE6714A69
:1028600012781AB90193FFF7AFFC019B71496F48C9
:102870000193FFF7F7F800283FF4F9AD6D496B4875
:10288000FFF7AEF8019B0246F6E56B4AF4E5604AB5
:102890001288002A7FF404AF0193FEF763FC00283E
:1028A0007FF4FEAE654A9288002A7FF4F9AE604B51
:1028B0001A78002A3FF4F4AE5A4A019B127812B9F2
:1028C000FFF782FC019B5B4958480193FFF7CAF868
:1028D00000283FF4CCAD554959484FF4806208F0C8
:1028E00097F9544957484FF4807208F091F903F072
:1028F000BBF8019B002800F0688303230022BBE59E
:10290000DFF830C10CEB80009FE74A4800EB820201
:1029100070E74D4A4D4982F800C04D4A82F800C028
:10292000C1F800C08AE64A4A4849474D4FF0000CBA
:1029300085F800C082F800C0C1F800C094E6019399
:10294000FEF710FC00287FF4ABAE424991F83D162B
:1029500000293FF4A5AE2E487A2103F061FE019BC9
:1029600097E63D49D1F83C2CD1F82C1C92B242EAB2
:10297000014281E53849D1F8342CD1F8381C92B2A3
:1029800042EA014278E50520019301F093FC019BA6
:10299000024671E50420019301F08CFC019B024684
:1029A0006AE50320019301F085FC019B024663E583
:1029B0000220019301F07EFC019B02465CE50120B0
:1029C000019301F077FC019B024655E5002001933D
:1029D00001F070FC019B02464EE5019301F064FC9E
:1029E000019B024648E5019301F058FC019B024619
:1029F00042E50920019301F071FC019B02463BE591
:102A00000820019301F06AFC019B024634E500BFF7
:102A1000683D0020444C0020404C0020454C0020E4
:102A200000080140B54500205CE80008B8460020D9
:102A3000B4450020B84500204154484EEC360020F3
:102A40009840002098440020BD4A0020B84A002049
:102A5000BC4A0020F83600200020014007200193E6
:102A600001F03CFC019B024606E50620019301F0C3
:102A700035FC019B0246FFE40520019301F02EFC8A
:102A8000019B0246F8E40420019301F027FC019B1E
:102A90000246F1E40320019301F020FC019B024671
:102AA000EAE40220019301F019FC019B0246E3E4F1
:102AB0000120019301F012FC019B0246DCE400209E
:102AC000019301F00BFC019B0246D5E4D04AD2F8F9
:102AD000F81292F8F52242EA0122CDE4CC499FEDAA
:102AE000CD7AD1ED067AF4EEC77AF1EE10FA74DA07
:102AF0009FEDC97AF4EEC77AF1EE10FA6BD99FED2B
:102B0000C77A67EE877AFDEEE77A17EE902AD1ED65
:102B1000077A9FEDC07AF4EEC77AF1EE10FA92B21E
:102B200056DA9FEDBD7AF4EEC77AF1EE10FA4DD980
:102B30009FEDBA7A67EE877AFDEEE77A17EE901A84
:102B400042EA014298E4B24A9FEDB57AD2ED1C7A8E
:102B500067EE877AFCEEE77A17EE902A8CE4AC49B0
:102B60008A68D1F89800121AB2F5004F2BDAAD48F6
:102B70008242B8BF0246C868D1F89C10411AB1F52C
:102B8000004F92B21CDAA7488142B8BF014642EA20
:102B9000014271E49E49B1F89820D1F89C1042EAB4
:102BA000014269E4A049A14ADFF8BCC201F5007EF8
:102BB00051F8040F50408E450CFB00F2F8D15BE455
:102BC00047F6FF71E3E747F6FF72D4E79549B7E7A9
:102BD00047F6FF71B4E7934A99E747F6FF7296E725
:102BE000934994480193FEF7FBFE019B024643E4A0
:102BF000904A526940E490498E4AD1ED867A126833
:102C0000FCEEE77A17EE901A42EA014234E4884A71
:102C10009FED8A7AD2ED0A7AF4EEC77AF1EE10FAD5
:102C200076DA9FED877AF4EEC77AF1EE10FA6BD977
:102C30009FED7A7A67EE877AFDEEE77A17EE902AB3
:102C40001AE4804A9FED7D7AD2ED007AF4EEC77ADD
:102C5000F1EE10FA21DA9FED7A7AF4EEC77AF1EE0E
:102C600010FA16D99FED6D7A67EE877AFDEEE77A56
:102C700017EE902A00E4744A9FED747AD2ED007A40
:102C800067EE877AFCEEE77A17EE902A92B2FFF7AA
:102C9000F3BB4FF00042FFF7EFBB6FF00042FFF7CE
:102CA000EBBB6B4ADFED696A52ED017A92ED007A77
:102CB00067EEA67A27EE267AFCEEE77ABCEEC77AB4
:102CC00017EE902A17EE101A92B242EA0142FFF76D
:102CD000D3BB604A9FED597AD2ED007AF4EEC77A01
:102CE000F1EE10FA1CDA9FED567AF4EEC77AF1EEA7
:102CF00010FA11D99FED497A67EE877AFDEEE77AEF
:102D000017EE902AFFF7B8BB4FF00042FFF7B4BBB5
:102D10006FF00042FFF7B0BB4FF00042FFF7ACBBD3
:102D20006FF00042FFF7A8BB4B4A9FED447AD2ED0B
:102D3000007AF4EEC77AF1EE10FA80F211819FED7D
:102D4000407AF4EEC77AF1EE10FA40F205819FED79
:102D5000337A67EE877AFDEEE77A17EE902AFFF76F
:102D60008BBB3E4A9FED357AD2ED007AF4EEC77AFE
:102D7000F1EE10FA80F204819FED317AF4EEC77A19
:102D8000F1EE10FA40F2F8809FED247A67EE877A30
:102D9000FDEEE77A17EE902AFFF76EBB304A9FED03
:102DA000277AD2ED007AF4EEC77AF1EE10FA5DDA06
:102DB0009FED237AF4EEC77AF1EE10FA24D99FED55
:102DC000177A67EE877AFDEEE77A17EE902AFFF71B
:102DD00053BB244A9FED197AD2ED007AF4EEC77AFC
:102DE000F1EE10FA4ADA9FED167AF4EEC77AF1EEB8
:102DF00010FA3FD99FED097A67EE877AFDEEE77A00
:102E000017EE902AFFF738BB4FF00042FFF734BBB4
:102E10007C3D0020681103426F1203C200007A4417
:102E2000002474490080FFFFAC400020C59D1C8138
:102E30009844002098400020F83600206C12034A85
:102E40006C1203CAC4360020E836002000401C463D
:102E5000E4360020DC360020D8360020D4360020AE
:102E6000C8360020C0360020930100016FF00042F8
:102E7000FFF702BB4FF00042FFF7FEBA6FF00042CF
:102E8000FFF7FABAD04A9FEDD17AD2ED007AF4EE8C
:102E9000C77AF1EE10FA6BDA9FEDCD7AF4EEC77ACD
:102EA000F1EE10FA60D99FEDCB7A67EE877AFDEEEE
:102EB000E77A17EE902AFFF7DFBAC74A9FEDC37A89
:102EC000D2ED007AF4EEC77AF1EE10FA60DA9FEDF7
:102ED000C07AF4EEC77AF1EE10FA55D99FEDBD7ABB
:102EE00067EE877AFDEEE77A17EE902AFFF7C4BA0D
:102EF000BA4A9FEDB67AD2ED067AF4EEC77AF1EED1
:102F000010FA25DA9FEDB27AF4EEC77AF1EE10FAF4
:102F10001AD99FEDB07A67EE877AFDEEE77A17EE61
:102F2000902AFFF7A9BAAE4AAE491278097842EA68
:102F30000122AD490868B0F5803F36BF0968AB494A
:102F400009040A43FFF798BA4FF00042FFF794BA1A
:102F50006FF00042FFF790BA4FF00042FFF78CBAD3
:102F60006FF00042FFF788BA4FF00042FFF784BAD3
:102F70006FF00042FFF780BA4FF00042FFF77CBAD3
:102F80006FF00042FFF778BA4FF00042FFF774BAD3
:102F90006FF00042FFF770BA019301F073F9019BE3
:102FA0000246FFF769BA019301F066F9019B0246F8
:102FB000FFF762BA019301F0C3FB019B0246FFF7E2
:102FC0005BBA40F21542FFF757BA894A1070FFF713
:102FD00060BB884A9FED887AD2ED037A8749884A98
:102FE000B4EEE77AF1EE10FAB8BF0A46FFF744BA3A
:102FF00084490A8A91F8F51242EA0142FFF73CBA85
:103000007C4A9FED727AD2ED1C7AF4EEC77AF1EE2B
:1030100010FA80F29B809FED6E7AF4EEC77AF1EEA3
:1030200010FA40F28F809FED6B7A67EE877AFDEEA3
:10303000E77A17EE902AFFF71FBA6E4A9FED637A80
:10304000D2ED1B7AF4EEC77AF1EE10FA2FDA9FED8B
:10305000607AF4EEC77AF1EE10FA24D99FED5D7A2A
:1030600067EE877AFDEEE77A17EE902AFFF704BA4B
:10307000604A9FED567AD2ED1A7AF4EEC77AF1EEF5
:1030800010FA1CDA9FED527AF4EEC77AF1EE10FADC
:1030900011D99FED507A67EE877AFDEEE77A17EE49
:1030A000902AFFF7E9B94FF00042FFF7E5B96FF05A
:1030B0000042FFF7E1B94FF00042FFF7DDB96FF0D2
:1030C0000042FFF7D9B90D20019301F007F9019BE8
:1030D0000246FFF7D1B90C20019301F0FFF8019BE4
:1030E0000246FFF7C9B90B20019301F0F7F8019BE5
:1030F0000246FFF7C1B90A20019301F0EFF8019BE6
:103100000246FFF7B9B93B4A9FED307AD2ED197A02
:10311000F4EEC77AF1EE10FA20DA9FED2D7AF4EE94
:10312000C77AF1EE10FA15D99FED2A7A67EE877A01
:10313000FDEEE77A17EE902AFFF79EB9324AD26980
:10314000FFF79AB94FF00042FFF796B96FF00042CF
:10315000FFF792B94FF00042FFF78EB96FF00042CF
:10316000FFF78AB9274AD2F8B420FFF785B9274A72
:10317000D2F81824FFF780B9254A92F83E160029A4
:103180003FF4BBABD2F84626FFF776B9214AD18887
:10319000128942EA0142FFF76FB91E4A51889288AC
:1031A00042EA0142FFF768B91A4A5189128842EA95
:1031B0000142FFF761B9174AD268FFF75DB9114ABA
:1031C000128AFFF759B900BFD03600206C12034AAB
:1031D0006C1203CA00007A44CC3600201002002092
:1031E000BE4A0020BC4A0020B84A00200000FFFF71
:1031F000B44500209844002000002042A000800236
:10320000A000C0027C3D00209840002000600040EB
:10321000F8360020A0450020CF490A89C96842EA53
:103220000142FFF729B9CD4AD2F83022FFF724B97D
:10323000CA4AD2F82822FFF71FB9C84AD2F8402656
:10324000FFF71AB94FF48051C548019305F0E4F92E
:103250004FF400610646C24805F0E4F9C149C24A8C
:10326000031ED1F8440CC0F3C03ED2F81804D2F8C3
:1032700018C44FEA401000F02005D2F81804D1F825
:10328000202C4FEA022202F4807218BF01232A4345
:1032900042EA4302B14B93F83D36003B18BF01238D
:1032A00042EAC302AC4B93F8F532003B18BF01234E
:1032B00042EA0312CCF3400C42EA8E02C0F38000D3
:1032C00042EA8C1242EAC012D1F8200CD1F8201C3C
:1032D000019BC0F3001042EA4022C1F3002142EA00
:1032E0008122002E08BF42F0010242F00042FFF7A7
:1032F000C3B80193FDF736FF019B0246FFF7BCB848
:10330000019304F035F9019B0246FFF7B5B89249E5
:103310001346D1F8F822FFF7AFB8944A9FED947A9C
:10332000D2ED127AF4EEC77AF1EE10FA80F27C81D7
:103330009FED907AF4EEC77AF1EE10FA40F27081C8
:103340009FED8D7A67EE877AFDEEE77A17EE902A89
:10335000FFF792B8894AD269FFF78EB88849CA78D0
:1033600048780978120442EA00220A43FFF784B839
:103370000E20019300F0A8FF019B0246FFF77CB8E6
:103380000D20019300F0A0FF019B0246FFF774B8E7
:103390000C20019300F098FF019B0246FFF76CB8E8
:1033A0000B20019300F090FF019B0246FFF764B8E9
:1033B0000A20019300F088FF019B0246FFF75CB8EA
:1033C0000920019300F080FF019B0246FFF754B8EB
:1033D0000820019300F078FF019B0246FFF74CB8EC
:1033E0000720019300F070FF019B0246FFF744B8ED
:1033F0000620019300F068FF019B0246FFF73CB8EE
:103400000520019300F060FF019B0246FFF734B8EE
:103410000420019300F058FF019B0246FFF72CB8EF
:103420000320019300F050FF019B0246FFF724B8F0
:103430000220019300F048FF019B0246FFF71CB8F1
:103440000120019300F040FF019B0246FFF714B8F2
:103450000020019300F038FF019B0246FFF70CB8F3
:103460003D4A9FED437AD2ED337AF4EEC77AF1EE1E
:1034700010FA80F26F819FED3F7AF4EEC77AF1EE99
:1034800010FA40F263819FED3C7A67EE877AFDEE99
:10349000E77A17EE902AFEF7EFBF3249D1F83C2CBD
:1034A000D1F82C1C92B242EA0142FEF7E5BF2A4A4B
:1034B0009FED2F7AD2ED377AF4EEC77AF1EE10FA5B
:1034C00080F2F0809FED2B7AF4EEC77AF1EE10FADD
:1034D00040F2E4809FED287A67EE877AFDEEE77A86
:1034E00017EE902AFEF7C8BF1B4A9FED217AD2ED56
:1034F000367AF4EEC77AF1EE10FA80F29E819FEDF3
:103500001D7AF4EEC77AF1EE10FA40F292819FED47
:103510001A7A67EE877AFDEEE77A17EE902AFEF7C1
:10352000ABBF0D4A9FED127AD2ED117AF4EEC77A55
:10353000F1EE10FA45DA9FED0F7AF4EEC77AF1EE6C
:1035400010FA3AD99FED0C7A67EE877AFDEEE77AAA
:1035500017EE902AFEF790BF7C3D0020F836002041
:103560000008014000200140006000409844002015
:103570006C12034A6C1203CA00007A441002002045
:10358000683D0020B44A9FEDB57AD2ED2A7AF4EE78
:10359000C77AF1EE10FA1CDA9FEDB17AF4EEC77A31
:1035A000F1EE10FA11D99FEDAF7A67EE877AFDEE52
:1035B000E77A17EE902AFEF75FBF4FF00042FEF762
:1035C0005BBF6FF00042FEF757BF4FF00042FEF7BF
:1035D00053BF6FF00042FEF74FBFA3498A8D0878B2
:1035E00091F82010120442EA00220A43FEF744BF79
:1035F0009D499E4A107892F801C00A7C120442EA62
:103600000C22024391F8210042EA006291F8220064
:1036100091F8241042EA406242EA8162FEF72CBF30
:103620004FF00042FEF728BF6FF00042FEF724BFC4
:10363000894A9FED8A7AD2ED357AF4EEC77AF1EEB7
:1036400010FA37DA9FED867AF4EEC77AF1EE10FAC7
:103650002CD99FED847A67EE877AFDEEE77A17EE34
:10366000902AFEF709BF7C4A9FED7C7AD2ED347A2E
:10367000F4EEC77AF1EE10FA24DA9FED797AF4EEDF
:10368000C77AF1EE10FA19D99FED767A67EE877A4C
:10369000FDEEE77A17EE902AFEF7EEBE4FF00042FD
:1036A000FEF7EABE6FF00042FEF7E6BE4FF00042C2
:1036B000FEF7E2BE6FF00042FEF7DEBE4FF00042C2
:1036C000FEF7DABE6FF00042FEF7D6BE6849D1F8C9
:1036D000342CD1F8381C92B242EA0142FEF7CCBE3B
:1036E0005D499FED647AD1ED057AF4EEC77AF1EE8B
:1036F00010FA3ADA9FED607AF4EEC77AF1EE10FA3A
:1037000031D99FED587A67EE877AFDEEE77A17EEAA
:10371000902AD1ED067A9FED577AF4EEC77AF1EE52
:1037200010FA92B21CDA9FED547AF4EEC77AF1EEF9
:1037300010FA13D99FED4B7A67EE877AFDEEE77AA0
:1037400017EE901A42EA0142FEF796BE4FF0004291
:10375000FEF792BE6FF00042FEF78EBE4749F1E7DA
:1037600047F6FF71EEE7454AD3E747F6FF72D0E729
:10377000434A9FED3A7AD2ED037AF4EEC77AF1EE3E
:1037800010FA62DA9FED367AF4EEC77AF1EE10FAAB
:1037900057D99FED347A67EE877AFDEEE77A17EE18
:1037A000902AFEF769BE019300F0CAFF354A92885D
:1037B000151E294A92F8F52218BF0125161E324A15
:1037C00092F83D26804618BF01264FF40061171E6F
:1037D0002E4818BF012704F025FF011E2448D0F809
:1037E000442CC2F3C03CD0F8202CD0F8203CD0F8B8
:1037F00020EC4FEA821202F040020EF4807E42EA90
:103800000E0242EA450242EA860242EAC702C3F3D6
:10381000001042EA4C1242EAC01218BF0121B8F16E
:10382000000F18BF42F00102019B42EA0112FEF7AD
:1038300023BE4FF00042FEF71FBE6FF00042FEF7BE
:103840001BBE4FF00042FEF717BE6FF00042FEF7BE
:1038500013BE0423FEF70CBE7C3D00206C12034A0D
:103860006C1203CA00007A4410020020683D002058
:1038700000200140681103426F1203C20080FFFF65
:1038800098440020EC360020F83600200008014063
:10389000F0B5244C227887B00AB907B0F0BD03F028
:1038A00067FE214A1268801A0928F6D91F4B204A60
:1038B0005968157818681A8900F0E4FE1B4B074612
:1038C00059681A89186800F0EDFE4FF40061064649
:1038D000184804F099FE4FF000012170022001A960
:1038E00004F0B0F94FF00000ADF80C00ADF80200A4
:1038F00040F28170019008208DF80E00062047EA02
:1039000006420DF10F038DF80000002168468DF886
:103910000150FEF741FC01A9074804F0D1FA07B0B5
:10392000F0BD00BF454C0020404C0020EC3600208C
:10393000444C00200008014000640040014B18780E
:10394000704700BF454C002000B5114889B005F014
:103950000BF89FED0D7B4FF400724FF48271002342
:103960004FF40060CDE90013CDE902021823694647
:10397000074806938DED047B05F024F8044805F014
:103980003BF809B000BD00BF0000000001000000CE
:10399000003800400000000000B5114889B004F074
:1039A000E3FF9FED0D7B4FF400724FF48271002313
:1039B0004FF40060CDE90013CDE9020210236946FF
:1039C000074806938DED047B04F0FCFF044805F0E6
:1039D00013F809B000BD00BF0000000001000000A6
:1039E000003C004070B548488CB005F017F808A8B6
:1039F000002405F089F801254FF400134FF4FA6212
:103A000008A9414808930A9209948DF82C5005F0B2
:103A100083F83D4805F0DAFA21463B4805F0C0FA44
:103A20002946394805F0C4FA374805F0CDF801A811
:103A300005F0FEF8022601AA214633480394CDE999
:103A4000015605F0FBF821462F48602205F0F8F9F1
:103A500021462D48042205F051FA21462A48082221
:103A600005F024FA22462146274805F011FA01AA5A
:103A70002946254805F0E2F829462348602205F04A
:103A8000DFF929462048042205F038FA29461E4865
:103A9000082205F00BFA224629461B4805F0F8F9E2
:103AA00001AA3146184805F0C9F831461648602287
:103AB00005F0C6F931461448042205F01FFA3146D4
:103AC0001148082205F0F2F9224631460E4805F069
:103AD000DFF904A805F086F84FF0005304A90A485E
:103AE0000694CDE90443ADF81C4005F081F8214669
:103AF000054805F093F82946034805F06BF802489D
:103B000005F05CF80CB070BD002C014008B50D4804
:103B100005F062FA0B484FF4E13105F0A9FA0948C3
:103B2000042105F0E5FA0821064805F0DBFA05480E
:103B300005F0D2FABDE80840024840F2053105F030
:103B4000EDBA00BF0044004038B50546E9B20C4864
:103B500005F0D4FA41F2010401E0013C07D0084825
:103B6000072105F0D3FA0028F7D0284638BD054ACA
:103B700013684FF0FF3501331360284638BD00BF8E
:103B800000440040684C0020F0B52DED028BA74D9D
:103B90001446002285B02A600E46217C0746002983
:103BA00000F0A180E168DFEDA26A5B1A07EE903AAF
:103BB000F8EEE77AB7EE007A67EEA67AF4EEC77A07
:103BC000F1EE10FAC4ED057A00F19780F0EE006A8C
:103BD000F4EEE67AF1EE10FA00F1A78094ED068A91
:103BE000D0ED034A94ED025AD6ED157AD6ED295A56
:103BF00096ED0F6AD6ED106A96ED147AD6F858E075
:103C0000D6F85CC0316E04F5405303F5966034EE8F
:103C1000C88AC0ED004A03F2B44080ED005AB0EE0D
:103C2000C88A03F5976080ED008A03F2BC40C0EDBE
:103C3000005A04F5535080ED006A03F2C440C0ED11
:103C4000006A03F5996080ED007A03F2CC40C0ED84
:103C5000007A03F59A60F0EE648AC0F800E003F29F
:103C6000D44003F59B63C0F800C01960304601F0F2
:103C700081FCDFED707AB4EE678AF1EE10FA0DD8B0
:103C8000DFED6D7AB4EEE78AF1EE10FA06D4DFEDDF
:103C90006B7AB4EEE78AF1EE10FA5DDD304601F0A2
:103CA00069FCDFED677A68EE277A40F20112FDEEDB
:103CB000E77A00230120A4F82120237017EE901A40
:103CC00084F824000A20FEF79BFA18EE100AFCF78D
:103CD000EBFB02465B480B4605B0BDEC028BBDE832
:103CE000F04006F0BFBE5848029306F023FF0122C1
:103CF000029B22740022E360626104F539520023C2
:103D00005249A360136093608A6CC6F8A42004F53E
:103D10003051C6F8A8303431304601F0A7FCFB68BA
:103D2000A36105B0BDEC028BF0BD77EEC77A9FEDC5
:103D3000487A04F5305167EE877A04F53953343107
:103D40003046C4ED027AC3ED007A05B0BDEC028BBB
:103D5000BDE8F04001F08ABC9FED3D0A80EE080A04
:103D600009F0BCFE431E142B07464FF000023DD85D
:103D70002070D4ED067AF4EEE87AF1EE10FA2ED542
:103D8000344884F8202006F0D5FE2178324806F029
:103D900069FEA069FCF788FB02460B4618EE900A04
:103DA000CDE90223FCF780FBDDE90223CDE9000128
:103DB0002A4806F057FE94F820302B6023782349D8
:103DC00007EE903AF8EE677A00220123C1ED0A7AF5
:103DD000227484F8213005B0BDEC028BF0BD0123C4
:103DE00084F820301E4806F0A5FECEE7304601F0EC
:103DF000C1FB40F2011300220121A4F821302270FE
:103E000084F824100A203946FEF7FAF918EE100A51
:103E1000FCF74AFB024613480B46394605B0BDEC99
:103E2000028BBDE8F04006F01DBE00BF98400020A8
:103E3000D1CB0B38FFFF7F7FCDCC4C3EE4CB16417E
:103E400000007A44ACDE000888DE000898440020B8
:103E5000DB0FC94028DF000858DF00086CDF0008CE
:103E600040DF0008E8DE00082DE9F041C24E96ED83
:103E70000A7A2DED028BF3EE057AB4EEE77AF1EED5
:103E800010FA84B000F312811D46137C14460F46CD
:103E90008046002B00F0D880D3689FEDB87AEB1AEB
:103EA00007EE903AF8EEE77AB7EE006A67EE877AA7
:103EB000F4EEC67AF1EE10FAC2ED057A00F1D28086
:103EC0009FEDAF8A96ED0A7A67EE085AC5EE886ACA
:103ED00076EE866AF4EEE67AF1EE10FA78D4DFED4B
:103EE000A96A27EE267AC7EE086A36EE867AF4EEDD
:103EF000C77AF1EE10FA00F1E280084601F03AFBD1
:103F0000D6ED0A7ABDEEE77A17EE103A002B40F3B1
:103F1000928104EB432303F1300204F130010023CA
:103F200051F8040F91420344FAD107EE103AB8EE6B
:103F3000C77A9FED956A656B9FED938ADFED938A53
:103F400027EE866AD5F58035C7EE066A48BF05F2CA
:103F5000FF156D120027FDEEE66AC4ED076A07EE55
:103F6000107AF8EEC75A67EE886A65EEA75A6FF0C6
:103F70003F0265EE885A002165EEA85AB7EE005A56
:103F800013E036EEC56AB4EEC76AF1EE10FA03D557
:103F900037EE667AFDEEC77A17EE903A04EB8303AC
:103FA00001325B6B402A194433D007EE902AF8EEB9
:103FB000E77A77EEA57AFDEEE77A17EE903A002BD6
:103FC000B8EEE77ADDDA37EE267AFDEEC77AE3E778
:103FD000D2ED027A9FED6E7A77EE877A02F5395349
:103FE000084602F53051C2ED027A3431C3ED007A51
:103FF00001F03CFB94ED057AD4ED0C7AB4EEE77A4F
:10400000F1EE10FA00F3D08004B0BDEC028BBDE8F5
:10401000F0810029B8BF7F317F2D4FEAE112294698
:10402000C8BFA5F18001E06901F68C2304EB83038E
:10403000121A5A605748013706F014FD802F2BD012
:10404000D6ED0A7A01358AE75348039306F072FDEC
:10405000039BA38500236361012323744FF07E53E8
:10406000E560236304F539520023A3601360B26C4A
:10407000C7F8A42004F53051C7F8A83034313846C9
:1040800001F0F4FAD8F80C206369A261236304B04C
:10409000BDEC028BBDE8F08100220123227484F87C
:1040A000223004B0BDEC028BBDE8F0813B48152105
:1040B00004B0BDEC028BBDE8F04106F0D3BCD2EDFC
:1040C000027A9FED337A77EEC77A3846C2ED027AEC
:1040D000B36CC1F8A4300023C1F8A83002F53953FD
:1040E00002F53051C3ED007A343101F0BFFA94ED9E
:1040F000057AD4ED0C7AB4EEE77AF1EE10FA83DDAE
:10410000A78D002F80D096ED0A7AD4ED027ADFEDEC
:10411000256AD8F82432A06827EE087A67EEA66AE6
:10412000C6EE877AFDEEE77A17EE902A9B1ADD132A
:1041300005F480351D4404EB8703CDED037A596BFC
:104140000D4405EBD5756D105D63FCF7ADF92B469D
:10415000CDE90001039A1248394606F083FCD4EDFC
:104160000C7A9FED0A7AA38D77EE877A013BA385BF
:10417000C4ED0C7A48E700BF98440020D1CB0B383F
:10418000DB0FC940DB0F4941000000430000003C49
:104190005F975B39F0DF0008B8DF000888DF0008B0
:1041A000E0DF00080000804794ED026A96ED0A7A8D
:1041B0005FED046AD8F82432A78D66EE266A27EEF2
:1041C000087A16EE100AC6EE877AFDEEE77A17EE49
:1041D000902A9B1ADD1305F480351D4404EB8703F8
:1041E000CDED037A5D63FCF75FF92B46CDE9000165
:1041F000039A1248394606F035FC9FED116A94ED9A
:104200000C7ADFED106AA38D37EE067AFFEE007AA6
:1042100084ED0C7A96ED0A6A07EE103AE6EE267AFD
:10422000B8EEC77AB4EE677AF1EE10FA3FF4ECAE6E
:104230000133A385E8E69FED047A7AE6E0DF000823
:104240000000003C0000004300000000024B187812
:10425000003818BF01207047084D0020044B1B7820
:1042600023B1044A136843F001031360704700BF91
:10427000084D0020044D0020014B1868704700BF16
:10428000044D0020014B1868704700BF004D00200E
:10429000014B1868704700BFFC4C0020014B1868A8
:1042A000704700BFF84C0020014B1868704700BFF2
:1042B000F44C002005289DBF024B33F8100080B25B
:1042C00000207047E84C00200E289ABF024B53F89C
:1042D00020000020704700BFAC4C00200D289ABF82
:1042E000024B53F820000020704700BF744C0020A0
:1042F000024B1878003818BF01207047704C00201E
:10430000014B01229A637047AC4C002070B5044603
:104310004FF6FF7384B03748218063804FF480519B
:10432000164604F071F900230393039B3F2B06D834
:1043300000BF039B01330393039B3F2BF8D940F647
:10434000010501E0013D40D02B48022104F060FB53
:104350000028F7D02188284804F054FB40F60105D6
:1043600001E0013D40D02448012104F051FB002828
:10437000F7D0214804F048FB40F60105608001E0D9
:10438000013D34D01C48802104F042FB0128F7D0C5
:1043900000230293029B3F2B4FF000051CD91548C8
:1043A0004FF4805104F02EF900230193019B3F2B21
:1043B00006D800BF019B01330193019B3F2BF8D925
:1043C00063883380284604B070BD4FF0FF3500236A
:1043D0000293029B3F2BE2D800BF029B0133029362
:1043E000029B3F2BF8D9DAE76FF00105EFE76FF09A
:1043F0000205ECE7000C01400038004070B582B0C7
:1044000000230DF102024FF40041ADF80230ADF887
:104410000430ADF806300446FFF778FF4FF408414A
:10442000064601AA2046FFF771FF4FF408410546F2
:104430000DF106022046FFF769FF46EA0503034334
:1044400007D1BDF80630BDF8040040EA034002B0D1
:1044500070BD044A13684FF0FF3043F0040313604B
:1044600002B070BD044D002038B5044603F080F85A
:10447000354A364B1189D568186041EA0541996083
:10448000D2F89CC0B2F898109FED313AD2ED167A6E
:1044900092ED176A92ED187A92ED2A4AD2ED104AFF
:1044A00092ED0F5AD2ED115AD2ED096A108ADFED62
:1044B000293A41EA0C422849DA6067EE837A1861AA
:1044C000D1F808285A6126EE036AFCEEE77AD1F8A3
:1044D0000C289A6127EE037ABCEEC66A17EE902A82
:1044E00016EE101ABCEEC77A24EE234A64EEA34AF5
:1044F00025EE235A65EEA35A66EEA36A92B242EA0B
:10450000014217EE101ABDEEC44AFDEEE44ABDEEBC
:10451000C55AFDEEE55AFDEEE66A89B283ED074A1B
:10452000C3ED084A83ED095AC3ED0A5AC3ED0B6A7D
:104530001A6359633CB12046FFF760FF074A034BFB
:10454000506052685A6038BD7C3D0020744C002099
:1045500000401C4600007A4400000140AC4C0020A2
:104560002DE9F04F002787B003ACCDE90377019424
:104570003A4EDFF80CA13A4C059780464FF00109FE
:104580000DF10E0B14F8015B364BADF80A7043EADF
:10459000C5250DF10A02A9B24046FFF7B7FE002873
:1045A00049D0326842F004024FF000093260A2455F
:1045B0000BF1020BE6D1019C2B48002334F8022BAF
:1045C00020F813200133062BF8D12849DDF80E30EE
:1045D000C8F806300B602649DDF81240BDF80E2001
:1045E000BDF810000C60234CBDF81610216002438A
:1045F000BDF81230BDF8144025D1C3F30A03A02B37
:1046000021D11D4B9FED1D7AD3ED037AB4EEE77AED
:10461000F1EE10FAACBF4FF430734FF420739C42AC
:1046200011D140F21543994208BF09F1FF300AD178
:1046300007B0BDE8F08F5A46A9B24046FFF766FEC4
:104640000028AED1B3E7054A13684FF0FF3043F0BE
:104650000803136007B0BDE8F08F00BF044D0020D1
:1046600090E800080080FFFFE84C0020FC4C002090
:10467000F84C0020F44C0020984400200000204218
:1046800095E8000800B587B001AB83E807000DF19D
:1046900016024FF400411846FFF738FEBDF8160029
:1046A00007B000BD00B587B001AB83E807000DF18E
:1046B00016024FF408411846FFF728FEBDF8160011
:1046C00007B000BD30B585B004AB03E90700124860
:1046D000002104F0A3FA11484FF4006103F092FFA7
:1046E00000230F4A1C4642F8234001330F2BFAD116
:1046F0000C4A0D4B012515701C6002F039FF0B4B65
:104700000B4918600B4B0D700B4A1C700B4B14704F
:104710001C7005B030BD00BF002C014000080140F6
:10472000AC4C0020704C00206C4C00200C4D002044
:10473000134D0020124D0020114D0020104D00207F
:10474000054B187828B1054B1878B0FA80F040096D
:10475000704700F0FF007047124D0020704C0020A1
:1047600010B584B004AB03E90700002211461048DD
:10477000104C04F0EBFB0E480022012104F0E6FB94
:1047800000220B48022104F0E1FB0948002104F05B
:1047900045FA09484FF4006103F036FF074808491D
:1047A000084A0023237003700B70137004B010BD0F
:1047B000002C0140134D002000080140124D002044
:1047C000704C0020104D002030B5A04B89B001ACDA
:1047D00084E807001A7812B19D4A117851BB9D4AAE
:1047E00012780AB909B030BD9B4A156802F0C0FEC4
:1047F0000A220146284602F023FE0028F2D09748FC
:104800004FF4805103F008FF024600285DD1944D1B
:104810002B78002B2FD194E8070005AB03C341F29E
:10482000A1011A8005A80DF11202FFF76FFD012307
:104830002B70D7E702F09CFE8A4B1968401A0028BB
:10484000D0DB894A107800F0FF01002800F0BC801E
:1048500082484FF4805103F0DFFE7D4A002800F0CB
:10486000D380824800F0CEFD794A002313707E4A3F
:1048700000231370B6E77E4B009220461A60FFF7C4
:10488000BDFD7B4B7B495860D1F80408D861D1F855
:104890000C081862D1F808085862D1F8040C986224
:1048A000D1F80C0CD862D1F8080C1863A1F550416E
:1048B000009AD1F808185963654B20201A70FCF74C
:1048C00049FC644B009A1A708CE7624B00221A7004
:1048D00094E8070005AD03C541F2A1012A8005A8AF
:1048E0000DF11202FFF712FD634A9FED647AD2EDDB
:1048F000037A94E80700B4EEE77AF1EE10FA0DF1CE
:10490000140CACE80300A8BF4FF44B512A80B8BF89
:104910004FF44A510DF1120205A8FFF7F7FC94E895
:1049200007000DF1140CACE8030042F615412A8093
:1049300005A80DF11202FFF7E9FC2046FFF710FE73
:104940004B4A4F4900280CBF012000201060086826
:104950004C49506009684C48916000684B49D060F0
:10496000488880B21061888880B25061C888414907
:1049700080B29061D1F80408D061D1F80C081062BF
:10498000D1F808085062D1F8040C9062D1F80C0CF0
:10499000D062D1F8080C1063A1F55041D1F8081885
:1049A000516345D12D484FF4805103F035FE002866
:1049B0003ED0264B01241C7002F0DAFD294A244B1C
:1049C000143010601C700DE72848009100F0D2FDF3
:1049D0002F480099012204F0B9FA012211462C480F
:1049E00004F0B4FA01222A48022104F0AFFA284860
:1049F000012104F013F91C4B01221A7002F0B8FDDA
:104A0000184B05301860EDE6194910700860204613
:104A1000FFF7F4FC1649034620204B60FCF79AFB95
:104A20000123ADF8083094E80700FFF799FE1EE770
:104A3000074B002220201A70FCF78CFB0123ADF8F5
:104A4000083094E80700FFF78BFECBE6124D0020FC
:104A5000704C0020134D00200C4D00200008014038
:104A6000114D00206C4C0020104D00207C3D00209A
:104A7000AC4C00200000014098440020000020427F
:104A8000FC4C0020F84C0020F44C0020E84C0020A6
:104A9000002C0140F0B589B001AC84E8070094E82F
:104AA000070005AE03C64FF40041328005A80DF1A2
:104AB00012021F46FFF72AFC94E8070005AB03C368
:104AC00032804FF408410DF1120205A8BDF81250D2
:104AD000FFF71CFCBDF8124054EA05031FD12B0759
:104AE00043D46F0746D4AE0749D4ED074CD46005D4
:104AF0004FD4A10552D4E20555D4230658D46706F5
:104B00005BD4A6065ED4E50661D4200764D46107B1
:104B100067D4A2076AD4E3076DD409B0F0BD3B485F
:104B2000394605F09FFF6A056BD4AB0502D53848BE
:104B300005F098FFEF0502D5364805F093FF2E06E5
:104B400002D5354805F08EFF680602D5334805F0DA
:104B500089FFA90602D5324805F084FFEA06BED5D2
:104B6000304805F07FFF2B07BBD52F4805F07AFFB3
:104B70006F07B8D52D4805F075FFAE07B5D52C48A1
:104B800005F070FFED07B2D52A4805F06BFF600510
:104B9000AFD5294805F066FFA105ACD5274805F03B
:104BA00061FFE205A9D5264805F05CFF2306A6D5DE
:104BB000244805F057FF6706A3D5234805F052FFA8
:104BC000A606A0D5214805F04DFFE5069DD5204855
:104BD00005F048FF20079AD51E4805F043FF6107FE
:104BE00097D51D4805F03EFFA20794D51B4805F058
:104BF00039FFE30791D51A4809B0BDE8F04005F048
:104C000031BF184805F02EFF8FE700BFFCDF00081A
:104C10001CE0000828E0000830E0000838E0000848
:104C200040E000084CE0000858E0000864E000089C
:104C300070E000087CE0000888E0000890E00008D0
:104C400098E00008A0E00008A8E00008B0E0000834
:104C5000BCE00008C8E00008D4E00008E0E000087C
:104C6000ECE0000810E000082DE9F04389B001AC49
:104C700084E80700764F774A774D784900233B60F8
:104C80002B601360764A1360764A13601A4621F847
:104C900013200133062BFAD1FCF72EFA724BDFED0D
:104CA000737A93ED037AB4EEE77AF1EE10FA25D831
:104CB000DFF8C4916E4801234FF4006189F8003099
:104CC00003F0A0FC0A2002F03BFC2046FFF796FB15
:104CD00028602B68002B40F0A88005AB94E8070003
:104CE0001D4603C30DF112081A8041F2A10142468C
:104CF0002846FFF70BFB4FF44B5323E0DFF8789186
:104D00005B4801234FF4006189F8003003F07AFC1E
:104D10000A2002F015FC2046FFF770FB28602B6884
:104D2000002B7CD105AB94E807001D4603C30DF1B1
:104D300012081A8041F2A10142462846FFF7E6FA1E
:104D40004FF44A5394E807002E4603C619463280B2
:104D500028464246FFF7DAFA464800F02DFB94E871
:104D600007002B4603C3328042F6154142462846CF
:104D7000FFF7CCFA94E807002B4603C341F2A101E8
:104D8000328028464246FFF7C1FA012002F0D8FBE4
:104D9000384800F011FB36484FF4805103F03CFCDA
:104DA00018B93B6843F010033B602046FFF7D8FB7F
:104DB00028B92F484FF4805103F02EFCD8B994E85D
:104DC00007002B4603C341F2A1011A802846424640
:104DD000FFF79CFA012002F0B3FB25484FF4805105
:104DE00003F01AFC38B32046FFF7BAFB18BB3B6848
:104DF00023F008033B601E484FF4805103F00CFC85
:104E00000346C8B194E807000024FFF7A9FC89F81D
:104E10000040FCF771F9204609B0BDE8F0833A681C
:104E200042F0020205AB3A607DE73A6842F00202C6
:104E300005AB3A6052E70023202089F80030FCF7E8
:104E400089F994E80700FFF78BFC4FF0FF30E3E7A8
:104E5000044D0020FC4C0020004D0020E84C0020B8
:104E6000F84C0020F44C0020984400200000204220
:104E7000000801407C3D0020084D002008B50C21B1
:104E8000002003F017FC4FF480500222002103F0B1
:104E90004FF9BDE808404FF4805003F0A1B900BFBE
:104EA000044A072928BF07210023C0E90121037014
:104EB000704700BF00C0030810B5044603F096F920
:104EC00040F2073003F0FAFA606803F0C3F90123F7
:104ED000237010BD84B00DF1100C0CE9070002988E
:104EE000049900EB830004B003F054BA84B00DF1D0
:104EF000100C0CE907000298049900EB830004B041
:104F000003F048BA84B00DF1100C0CE907000298C8
:104F100010EE101A00EB830004B003F03BBA00BFA0
:104F200000B583B0019003F081F90198002303706C
:104F300003B000BD84B00DF1100C0CE9070051F86E
:104F4000230004B0704700BF84B00DF1100C0CE9D1
:104F5000070051F8230004B0704700BF84B00DF182
:104F6000100C0CE9070001EB830292ED000A04B07B
:104F7000704700BF08B590ED167AD0ED186A1C4B4B
:104F8000F7EE007A2DED048B37EEC77A9FED199A74
:104F9000D0ED178A1968184827EE097A77EEE88A63
:104FA00037EEE68AFCEEC77A17EE902AC9B903F00D
:104FB0006FFF1148012168EE898AFCEEE87A17EE4E
:104FC000902A03F065FF68EE097ABDEC048BFCEED5
:104FD000E77ABDE80840084817EE902A022103F05E
:104FE00057BF012103F054FF03480021E3E700BF4E
:104FF000984000200000FA44002C014070B55C4E3F
:1050000034688CB00546002C40F0A28021465948F7
:1050100002F0E6FD0346AB605748214602F0E0FD92
:1050200003465448EB60022102F0CCFD53480221B4
:1050300002F0C8FD40F6010401E0013C72D04D4889
:10504000042102F0E1FD0028F7D040F6010401E060
:10505000013C67D04948042102F0D6FD0028F7D072
:105060004448042102F0D6FD4448042102F0D2FD58
:105070000021424802F0B4FDD5F89820AB6895EDC8
:105080001C6AD5F89C409FED3E7A286107EE900A95
:105090009B1AF8EEE76A07EE903AF8EEE77AEB68CB
:1050A00067EE867A012285F8F5221B1BF169C5EDB2
:1050B000067ACDED077A66EE876AB1EE677A07EE7B
:1050C000903AF8EEE77AD5F8F822019167EE867A01
:1050D000013237EE677A00210A9140F20110002177
:1050E000C5F8F822274AADF82C008DF82E10C5ED32
:1050F000086ACDED096AC5ED077A85ED057A546E2B
:10510000936E03930294D46E136F059306A901A8BE
:1051100004948DED067ACDED087AFCF731F818BBD2
:105120000CB070BD1348042102F074FD1348042133
:1051300002F070FDD5F8FC3200220133802085F8A2
:10514000F522C5F8FC320CB0BDE87040FCF702B89F
:105150000021094802F044FD0346AB6005480021E8
:1051600002F03EFD03465CE7FBF7F4FF0CB070BDB8
:10517000984000200024014000280140003C0140EC
:105180001833533C9844002000B52DED028B87B0B6
:10519000CDE90210CDED050A8DED041A0192F0EE75
:1051A000408A01F07DFBB0EE408AB0EE680A01F063
:1051B00051FBF6EE007A67EEC06ADFED175A9FEDFD
:1051C000176A9DED041ADDED050A03980299019A0C
:1051D00067EEC87AB0EE667AA8EE257AE8EE656AE0
:1051E000F0EE675AE0EE065AE0EE467A21EE477A94
:1051F00021EE400A21EE661AA8EE200AA5EEA07A5A
:10520000A7EEA01A80ED000A81ED007A82ED001A67
:1052100007B0BDEC028B00BDD7B35DBFD7B35D3F18
:1052200000B52DED028B87B0CDE90110CDED050A5B
:105230008DED041ACDED031AF0EE408A01F030FB3B
:10524000B0EE408AB0EE680A01F004FBB6EE007AD8
:1052500067EE486A27EE407ADFED185A9FED186A2C
:105260009DED041ADDED050ADDED031A02980199A2
:10527000F0EE667AB0EE475AA8EE065AE0EE257ACE
:10528000A8EE467A67EE817A21EE451AE0EE656A6D
:10529000E8EE207AA0EE601AE6EEA17AA7EE611A97
:1052A0009FED086A67EE867A21EE061AC0ED007A55
:1052B00081ED001A07B0BDEC028B00BDD7B35D3F96
:1052C000D7B35DBFABAA2A3F00B52DED0A8BB0EE78
:1052D000609A85B0F0EE418AF0EE40AAB0EE611A15
:1052E000F0EE680AB0EE490AB0EE618A0192CDE9AB
:1052F000021001F051FAB0EE481AF0EE680AB0EE72
:1053000040AAB0EE490A01F02FFA3AEE00AAF6EEF2
:10531000009AAAEE699ADFED24BA9FED24CA9FEDA8
:1053200024BA29EE299AF0EE4C0A29EE2B9A89EE3E
:105330002A0A9FED209A30EE0B0A01F005FAF0EEF2
:10534000490A01F009FAEAEE698A039880ED000A39
:1053500068EEA98AF0EE4C0A68EEAB8A88EEAA0ADB
:1053600030EE0B0A01F0F0F9F0EE490A01F0F4F921
:10537000AAEE698A029981ED000A28EE298AF0EEE8
:105380004C0A28EE2B8A88EE2A0A30EE0B0A01F02E
:10539000DBF9F0EE490A01F0DFF9019A82ED000A2B
:1053A00005B0BDEC0A8B00BD3333933F0000000015
:1053B000D7A3F03ED7A3703FF8B54FF07C53836579
:1053C000C36503660446FFF7D5FD00264FF47A75E2
:1053D00037462046FFF712FED4E90223013D174469
:1053E0001E44F6D1064B83FB0721FA17C2EBA1122C
:1053F00083FB0631F317C3EBA113C4E92623F8BDE1
:10540000D34D6210F8B504210546144802F002FCA1
:105410001348042102F0FEFB0024264627462846B6
:10542000FFF7ECFD95F8F532A3B1072C13DDD5E9B4
:1054300002230134482C17441E44F0D1002FB8BF7A
:105440003F37002EB8BF3F36BF11B611C5F8987070
:10545000C5F89C60F8BD0134E1E700BF00240140BD
:10546000003C01402DE9F843344A354BDFED356A05
:10547000DFED355A2DED028BC267C0F8802093ED29
:10548000027A324AC0F8842066EEC76AF7EE007AE4
:10549000B0EE676AA6EEA56A2D4ADFED2E6A1268A5
:1054A000C0F8C82027EE267AC7EE866A80ED1D7AFE
:1054B00077EEE67A80ED1E7AC0ED227A9FED267AAD
:1054C000D3ED037AF4EEC77AF1EE10FA33D8234B1A
:1054D000DFF89C90DFED228A9FED228A224F03673E
:1054E0004FF0804800F1F4050024002607EE904AB2
:1054F000F8EEE77A013467EEA87AC7EE887A17EEFD
:10550000900AFAF7D1FF41EC100B07F05DFF42461D
:1055100051EC100B4B46FBF71FF832463B46FAF7AF
:1055200065FEFBF711FB802C45F8040BDED1BDECCA
:10553000028BBDE8F8830D4BCAE700BFEC51383D44
:1055400098440020D1CB0B38DB0FC940BD74933B8E
:105550009840002017B7D13800002042FFFFA43C3C
:10556000000000BC6F12033D0000F03FFFFF243D30
:105570003333F33F10B54FF47A72044600211648D6
:1055800003F086FC14484FF47A72012103F080FC8A
:105590004FF47A721048022103F07AFC00230022B3
:1055A000C4F8A430C4F8A830C4F8AC30C4F8B030A3
:1055B000E36323646361A361E3616364C4F89030CF
:1055C000C4F88C3063652365C4F8E830C4F8EC2077
:1055D000C4F8002310BD00BF002C014090ED397AC3
:1055E000D0ED387A90ED3A0ADFED1E0A77EEC77AF1
:1055F00090ED217A10B5A7EE270A82B0044680ED1F
:105600003A0A01F0A9F8184BD3ED060AF1EE600A48
:1056100001F09AF894ED3C7A84ED3A0A60EE407A13
:1056200084ED290AE7EE077AF5EE407AF1EE10FAFA
:1056300011D4F1EEE70A94ED2A0ACDED010A01F04A
:105640008BF8DDED010AF1EE600A01F07DF884EDE2
:105650002A0A02B010BDB0EE670A07F005FFF0EEAF
:10566000400AE8E7000000009844002010B52DED46
:10567000028B91ED830ACB68D1F814C2D1F81022C5
:10568000D0ED071A90ED061AD0ED050A044682B057
:1056900000F1400180ED0B0A8362C0F834C0026360
:1056A0003C30FFF7BDFD9FEDA05A94ED087ADFED89
:1056B0009F5AD4ED097A94ED106AD4ED0F6A94EDF7
:1056C000114AD4ED124A9A4B27EE057A26EE056A66
:1056D000A7EEA57ADFED977A84ED097A66EE856A02
:1056E00067EE277A9FED945A9FED947AA4EE256A8F
:1056F000E4EEA56A67EE857ADFED915A94ED2B5AB8
:1057000084ED116A67EEA57AD4ED295AC4ED387A92
:1057100075EEC57AC4ED126A93ED030AF4EEC77A0A
:10572000F1EE10FA84ED3C0A00F3F080DFED856ABB
:10573000F4EEE67AF1EE10FA00F1E28094ED2C6AD4
:10574000D4ED2A7ADFED7D6AC4ED2B5A37EEC67AA6
:10575000B4EEE67AF1EE10FA00F3D5809FED795AB7
:10576000B4EEC57AF1EE10FA00F1C78004F1A80199
:10577000C4ED295A04F1A400C4ED2C7AC1ED007ADD
:1057800001F022F8D4ED0F6AD4ED298A94ED1D7A48
:1057900094ED230ADFED6C7A94ED2A8AD4ED380A71
:1057A00078EEE68AA7EE280A94ED107A30EE270A02
:1057B00038EE478A84ED140A00F0CEFFD4ED380AA3
:1057C000F1EE600A00F0C0FFD4ED1F6A94ED1D7A7F
:1057D000D4ED237AD4ED380A84ED140A27EE267A24
:1057E000E7EE287AB0EE670AC4ED237A00F0B4FF42
:1057F000D4ED380AF1EE600A00F0A6FFD4ED147A79
:10580000D4ED380A84ED230A67EEE77AE0EEA07A59
:10581000F5EE407AF1EE10FA7BD4F1EEE78A94EDE2
:10582000240AD4ED1E7AD4ED206AB0EE407AA7EEB9
:10583000887A67EEA67ADFED446AA7EE880A77EEEB
:10584000267A84ED240AC4ED157A00F085FFD4EDA4
:10585000380AF1EE600A00F077FFF0EE406A94ED4E
:10586000150A94ED147AC4ED246A60EE007AF0EE25
:10587000680AE7EE077AB1EEE77A84ED397A00F04C
:105880006BFFF1EE680A00F05FFFF0EE407A04F182
:10589000540194ED380AC4ED157A04F1500000F07B
:1058A00093FFDFED2A7A94ED0D7A94ED0B0A94EDD7
:1058B000151AD4ED140AA7EE270A04F16C0204F1BC
:1058C000680104F16400FFF75FFC04F15800D4EDB7
:1058D0001B1A94ED1A1AD4ED190A94ED380A04F142
:1058E000600204F15C01FFF7EFFC204602B0BDEC62
:1058F000028BBDE81040FFF73DBB76EE667A35E7D8
:1059000075EE475A1AE776EE267A2FE775EE075AB4
:1059100014E7B0EE670ACDED010A07F0A5FDDDED55
:10592000010AF0EE408A7AE7CDCCCC3D6666663F50
:10593000984400203333933FD7A3703F0AD7233CCA
:105940003ACD133F0AD723BC00000000BAB151384A
:1059500000B5D0F80033D0ED337A90ED0A7A42F2F8
:105960002732934277EEC77A83B042D807EE103AD7
:10597000DFED216AB8EEC77A87EE266A1F4B0190E9
:10598000D0ED356A90ED370A90ED3C7AA6EEA70A85
:10599000D0ED0C6AD0ED347AF1EE040A77EEE67AB7
:1059A000D0ED366A37EE607AA6EEA70AE7EE060A71
:1059B000D3ED0E7ACDED000A80EE270A00F0CCFE82
:1059C000DDED000AF1EE600A00F0BEFE0198D0F8AD
:1059D000003380ED2A0A42F2273293424FF0000151
:1059E00098BF0133C0F8A41098BFC0F8003303B0CB
:1059F00000BDB7EE006AC1E700A00C469844002045
:105A000000230022C0F8DC30C0F8D430C0F8D83011
:105A1000C0F8CC30C0F8D030C0F8A830C0F80023AF
:105A2000704700BF10B54FF4805182B00A4802F0B1
:105A3000F3FD0446FBF796FB084A094B094992F827
:105A4000F52293F83D3689880092221E18BF012264
:105A500001F0E4FC02B010BD000801407C3D0020D4
:105A6000F8360020EC36002008B50B4801F03AFB70
:105A700070B1094801F06AFB38B1074801F0CAFC6F
:105A8000054801F00BFC013808BD034801F0C2FCD9
:105A90004FF0FF3008BD00BF8040002010B50378F4
:105AA0000446052B2AD8DFE803F027032A292727F5
:105AB0001B4B1A8918685968FEF752FE194B93F868
:105AC0002220CAB903F54053174AD3F8A4129162B1
:105AD000164893F8A8C2D3F8AC321549C0F800C0F4
:105AE0004FF400724361183005F092F810491148E4
:105AF0004FF4007205F08CF80123E37010BD084BE1
:105B00000122C270186859681A89FEF729FE0A48EE
:105B1000FFF730FDBDE810400748FFF771BF00BF39
:105B2000EC3600201002002098440020984000200D
:105B3000C0340020343B00207C3D002008B50D48D7
:105B400004F0F8FF0C4804F0F5FF0C4804F0F2FFF5
:105B50000B4804F0EFFF0B4804F0ECFF0A4804F098
:105B6000E9FF0A4804F0E6FFBDE80840084804F0F1
:105B7000E1BF00BF70DD0008F8E0000804E10008A4
:105B800018E1000834E1000844E100085CE1000885
:105B900078E1000830B56C486C4C6D4D85B004F070
:105BA00061FF6C486C4B6D4A6D49CDE900046D4C4A
:105BB0006D4804F057FF6D4804F0BCFF606CFAF7C5
:105BC00073FC2B46CDE90201694A009569496A4890
:105BD00004F048FFA06BFAF767FC684A684B009531
:105BE000CDE902016749684804F03CFF674804F0CA
:105BF000A1FFA068FAF758FC654B664A0093CDE90F
:105C00000201654B6549664804F02CFFE068FAF72D
:105C10004BFC644B644A0093CDE90201634B644939
:105C20005F4804F01FFF206DFAF73EFC2B46CDE9DC
:105C30000201604A00956049594804F013FFA06DC5
:105C4000FAF732FC2B46CDE902015C4A00955C492B
:105C500053485C4D04F006FFE06DFAF725FC5A4B03
:105C60005A4A0093CDE90201504B59494C4804F07F
:105C7000F9FE206EFAF718FC564B574A0093CDE90F
:105C800002014A4B5549464804F0ECFEA069FAF778
:105C90000BFC534B534A0093CDE90201434B52494D
:105CA0003F4804F0DFFE206AFAF7FEFB4F4B504AF4
:105CB0000093CDE90201324B4E49394804F0D2FE3F
:105CC000606AFAF7F1FB4C4B4C4A0093CDE90201B4
:105CD000364B4B49324804F0C5FEA06C494CFAF7EC
:105CE000E3FBCDE902014849304B484A00912C487A
:105CF000474904F0B7FE474804F01CFF6368464A72
:105D000046494748CDE900531D4B04F0ABFEA3685C
:105D10000193444A1A4B44490095414804F0A2FEBD
:105D2000E068424B424A4349CDE90030144B4248B7
:105D300004F098FE414804F095FE414805B0BDE8E6
:105D4000304004F08FBE00BF90E10008E4E100089D
:105D500004E20008F4E10008ACE10008B0E100084A
:105D6000BCE1000898440020C4E10008F8E1000804
:105D700008E2000824E2000828E200084CE20008DB
:105D800048E2000864E2000868E2000888E20008CF
:105D9000D8E200089CE2000898E20008B4E200089B
:105DA000B8E20008FCE20008E4E20008E0E20008D3
:105DB000F8E2000804E3000820E3000824E30008F8
:105DC00044E3000860E4000868E3000848E30008D2
:105DD00064E3000894E3000870E3000890E300081F
:105DE000B4E3000898E30008B0E30008DCE300082F
:105DF000BCE30008D8E30008FCE30008E0E3000887
:105E0000F8E300089840002020E4000804E40008BB
:105E10001CE4000828E4000834E400083CE400081E
:105E200040E4000864E4000870E40008B4E40008FA
:105E300074E4000894E4000898E40008BCE4000856
:105E400008E5000810B5037882B0042B18D8DFE805
:105E500003F025190817030002B0BDE81040FFF752
:105E600099BE0190FFF7DEFD0146002853D131486D
:105E7000C0F8B810FFF77EFBFEF762FC002851D097
:105E800002B010BD0190FFF7CDFD034658B1019A55
:105E9000002101235170D37002B010BD02B0BDE8E3
:105EA0001040FFF74BBEDFF88CC02348234ADCF8D4
:105EB000B440926A2249A0F8213080F8243003745B
:105EC000846200F540500193C0F8A4224B690A682F
:105ED00080F8A822C0F8AC3218314FF4007200F5F7
:105EE0002C7004F095FEDFF860C0019BCCF83834CC
:105EF0004FF4007219460CF23C4004F03CFE11498C
:105F0000019A088960F30F020868496802B0BDE889
:105F10001040FEF7D7BB0620FCF772F90548FFF7E3
:105F20006FFDB4E7074B1989024661F30F02186849
:105F30005968EBE77C3D00201002002098440020C7
:105F400098400020EC360020F8360020F0B5837B26
:105F500083B00446002B68D1437822789A4240F0FF
:105F60008480022B00F08B80052B00F0BA80012B7F
:105F700059D1B04A0193106851681289FEF724FC88
:105F8000FEF7DEFB0546002800F0CE80AA4B93F812
:105F90002130002B00F02F81A74B93F82230002BEB
:105FA00000F03A81A44D95F82430002B40F0F480A5
:105FB000A14BA24EDB6996ED867AA14F9FEDA10A17
:105FC0007B615A4207EE902AF8EEE77AF7EE000A74
:105FD00067EE877A1D4627EE800A07F0C9F9DFEDE4
:105FE0009A7A60EE277A17EE900AFAF75DFA0B4676
:105FF00002462946954804F035FD95494FF4007254
:1060000006F23C4004F004FE91494FF4007207F19F
:10601000180004F0FDFDFFF727FD002840F0068181
:1060200000236370E37003B0F0BD824B18685968B9
:106030001A89FEF7C9FB87484FF4805102F0ECFA49
:106040000546FEF77DFB002854D1238A40F6B7327F
:10605000591C93422182E6D9227800230121A3739F
:1060600023826370E170002ADDD02046FFF716FD21
:10607000E378002B7BD12378022B7FF475AF6D4B37
:10608000186859681A89FEF79FFBFEF759FB00282C
:10609000C9D06B4BDA68002A05DD6F49D1F8B8101A
:1060A0008A42C0F2B280FFF7BDFC002865D16A4881
:1060B000FFF74EFC6848FFF791FA60496648FFF722
:1060C000D5FA6378022BAED15D4BDB68002BAADDDD
:1060D0006149D1F8B8209342A5DB0132C1F8B8205C
:1060E000A1E75D4B5548D3F8B41003B0BDE8F040CC
:1060F00000F032BF514A92F83D26002AA5D0564AF8
:1061000092F8F522002AA0D04A4B002D9DD0002203
:106110004FF4F0709A80FBF72BF80022012163788E
:10612000A2732282E17018E74B4A434BD2F8B420A5
:10613000986A41F27071121A8A427FF674AF022196
:106140000620FCF75DF83B4B198918682A4661F375
:106150000F025968FEF704FB3749019B81F8243090
:1061600040F20112A1F821206570E3705BE76378CB
:1061700023702046FFF766FE7DE701460620FCF708
:106180003FF82C4B1A8918685968FEF7E9FA002283
:1061900001236270E37046E705F54052D2EDA97A1B
:1061A0002E4BC3ED0A7A264B92F8A812CDED017A58
:1061B0001960D2F8AC625E6103F1180002F52C712F
:1061C0004FF4007204F024FD1C48DDED017A2449EF
:1061D000C0ED867AC0F838644FF4007200F23C409B
:1061E00004F016FD1F4804F0A5FC002385F82430B8
:1061F0006370E37017E718491048D1F8B4300E4ABD
:1062000003B0BDE8F040FDF7BFBC0520FBF7F8FF89
:106210001148FFF7F5FBB4E70F490848D1F8B4304F
:10622000054A03B0BDE8F040FDF71EBE0E4804F07D
:1062300081FCF5E6EC36002010020020F836002044
:106240009840002000008037DB0FC9406CE5000853
:10625000442C0020000801407C3D00209844002090
:10626000B040002034E5000880E5000838B5417BE7
:10627000A1F161030446172B19D8DFE813F02800B9
:106280004700660085001800A000BF00C400E300BE
:106290001800EE0009012801180018003301180049
:1062A00018001800520118005D0118007C01C14857
:1062B00004F0D8FB251DFFF7D7FB002840F07681BE
:1062C000FFF768FC0023A38163606B6038BD051D88
:1062D000284602F0FEFF51EC100BFAF735FCF3EE06
:1062E000040A00EE100A07F0B5FBDFEDB30A07F071
:1062F00089FBB24B10EE100A83ED120AFAF7D4F8BC
:1063000002460B46AE4804F0ADFBD4E7051D284617
:1063100002F0DFFF51EC100BFAF716FCDFEDA90AD3
:1063200000EE100A07F096FBDFEDA70A07F06AFB04
:10633000A24B10EE100A83ED020AFAF7B5F80246F6
:106340000B46A24804F08EFBB5E7051D284602F077
:10635000C0FF51EC100BFAF7F7FBDFED9D0A00EEE2
:10636000100A07F077FBDFED940A07F04BFB934B25
:1063700010EE100A83ED090AFAF796F802460B466A
:10638000944804F06FFB96E7051D284602F0A1FF34
:1063900051EC100BFAF7D8FBDFED870A00EE100A7C
:1063A00007F030FB854B10EE100A83ED180AFAF760
:1063B0007BF802460B46884804F054FB7BE7051D3A
:1063C000284602F086FF51EC100BFAF7BDFBDFED1B
:1063D000830A00EE100A07F03DFBDFED770A07F0B5
:1063E00011FB764B10EE100A83ED060AFAF75CF803
:1063F00002460B467A4804F035FB5CE7794804F026
:1064000099FB251D57E7051D284602F062FF51EC58
:10641000100BFAF799FBDFED740A00EE100A07F093
:1064200019FBDFED650A07F0EDFA644B10EE100A78
:1064300083ED080AFAF738F802460B466B4804F079
:1064400011FB38E7051D284602F046FF684B014660
:106450005960684804F006FB2DE7051D284602F048
:1064600038FF51EC100BFAF76FFBDFED630A00EE1B
:10647000100A07F0C7FA514B10EE100A83ED0E0A0E
:10648000FAF712F802460B465C4804F0EBFA12E702
:10649000051D284602F01DFF51EC100BFAF754FBC6
:1064A000DFED570A00EE100A07F0D4FADFED420ADA
:1064B00007F0A8FA414B10EE100A83ED030AF9F732
:1064C000F3FF02460B464F4804F0CCFAF3E6051DF5
:1064D000284602F001FF464B014699604A4804F005
:1064E000C1FAE8E6051D284602F0F3FE51EC100B58
:1064F000FAF72AFBDFED300A00EE100A07F082FA05
:106500002E4BF1EE407A83ED140AC3ED137A10EEB0
:10651000100AF9F7C9FF02460B463C4804F0A2FAFC
:10652000C9E6051D284602F0D7FE314B0146D96069
:10653000374804F097FABEE6051D284602F0C9FE6A
:1065400051EC100BFAF700FBDFED1B0A00EE100A0E
:1065500007F058FA194BF1EE407A83ED160AC3EDB5
:10656000157A10EE100AF9F79FFF02460B462948EC
:1065700004F078FA9FE6051D284602F0AAFE51ECC9
:10658000100BFAF7E1FADFED0C0A00EE100A07F043
:1065900039FA0A4B10EE100A83ED170AF9F784FF57
:1065A00002460B461C4804F05DFA84E61B4804F0E2
:1065B000C1FA85E634E70008000000009844002096
:1065C0006CE600080000FA440000C842B8E5000884
:1065D0000000204254E60008F8E6000800000442EB
:1065E0000CE6000880E60008000016433CE60008C0
:1065F00098400020CCE5000817B7D138D4E6000851
:1066000000007042F8E50008E0E500080CE700082B
:1066100024E6000820E70008E4E6000880E500081A
:106620001B2908B5034645D06D29027846D052B1E2
:10663000042A07D10D294ED0027B002A48D141738C
:1066400001321A7308BD63391729FBD801A252F829
:1066500021F000BFDF66000845660008E966000813
:10666000456600084566000845660008456600085E
:10667000456600084566000845660008456600084E
:10668000456600084566000845660008456600083E
:1066900045660008F3660008456600084566000880
:1066A000456600084566000845660008456600081E
:1066B000FD66000800224270C27008BD02218A42B5
:1066C0004170BFD000220121C2708173028208BDD7
:1066D0001044C170B4E7BDE80840FFF7C7BD012111
:1066E00000224170C27008BD052100224170C270B5
:1066F00008BD042100224170C27008BD0D489FED05
:106700000E0A0023C0F8343400F0B4FA09480B4BE9
:10671000D0F828221A61FFF7A7F9084B28B91969A0
:106720000748BDE8084004F09DB9064804F002FAA5
:10673000024BF4E7F8360020D1CB0B38984000200C
:106740008CE700085CE70008B4EEE00AF1EE10FA0E
:10675000D8BFB0EE600A7047F4EEC00AF1EE10FA4E
:10676000D8BFB0EE600A7047B4EEE00AF1EE10FA5E
:1067700007DDB4EEC10AF1EE10FAD8BFB0EE410A5F
:106780007047F4EEC10AF1EE10FAD4BFB0EE410A40
:10679000B0EE600A704700BFB4EEE00AF1EE10FA06
:1067A00007D5B4EEC01AF1EE10FAD8BFB0EE410A28
:1067B0007047B4EEE01AF1EE10FAD4BFB0EE410A21
:1067C000B0EE600A704700BFD1ED007A90ED007A1C
:1067D00067EEA77AE7EE077AF1EEE76AF4EEC06AB1
:1067E000F1EE10FA0DDD27EE007AC7EE267AC0ED45
:1067F000007AD1ED007A20EE270AC0EE267AC1EDAC
:10680000007A704701238340013B07EE903A30EE57
:10681000600AF8EEE77A31EE601A67EE807A87EE6A
:10682000817AFDEEC77A17EE900A704707EE900A5C
:10683000012370EEC00AF8EEE77A8B40013B27EEA9
:10684000A07A07EE903AF8EEE77AC7EE276A36EEBE
:10685000800A704700B5DFED0F0A83B0CDED010A65
:1068600006F086FDB5EEC00AF1EE10FA03D5DDEDB7
:10687000010A30EE200ADFED087A084B20EE270AE5
:10688000BDEEC00A10EE102A03EB820393ED000A5E
:1068900003B000BDDB0FC94083F9A24298E80008AD
:1068A00000B5DFED117ADFED110A83B037EEC00AD3
:1068B000CDED010A06F05CFDB5EEC00AF1EE10FA6E
:1068C00003D5DDED010A30EE200ADFED097A094B30
:1068D00020EE270ABDEEC00A10EE102A03EB820359
:1068E00093ED000A03B000BDDB0FC93FDB0FC940C9
:1068F00083F9A24298E8000870B5054684B035488F
:106900000E464FF4004101F07FFE00230393039BEA
:106910003F2B06D800BF039B01330393039B3F2B00
:10692000F8D940F6010401E0013C3ED02A4802219A
:1069300002F06EF80028F7D02748294602F062F8E6
:1069400040F6010401E0013C3ED02348012102F061
:106950005FF80028F7D0204802F056F840F601040E
:10696000308001E0013C32D01B48802102F050F819
:106970000128F7D000230293029B3F2B4FF0000425
:106980001AD914484FF4004101F03CFE0023019352
:10699000019B3F2B06D800BF019B01330193019B54
:1069A0003F2BF8D9204604B070BD4FF0FF340023D0
:1069B0000293029B3F2BE4D800BF029B013302935A
:1069C000029B3F2BF8D9DCE76FF00104EFE76FF093
:1069D0000204ECE700080140003C0040F0B5064628
:1069E00083B008461746FBF763FB044643F6FF7087
:1069F000FBF75EFB01A905462046FFF77DFF48BB7C
:106A00000DF106012846FFF777FF18BBBDF80640D9
:106A10002046FBF769FB431CA6F840460BD002302A
:106A200012D0C4F30D043C8001A92846FFF764FF8F
:106A300080B903B0F0BDD6F860360133C6F86036D1
:106A40006FF0010003B0F0BDD6F864360133C6F82C
:106A50006436F5E7D6F85C3601334FF48070C6F83B
:106A60005C36FAF777FB4FF0FF30E2E770B50021B4
:106A700082B006460120FBF72BFB044643F6FF706D
:106A8000FBF716FB0DF1060105462046FFF734FF24
:106A900038B90DF106012846FFF72EFF08B902B0FC
:106AA00070BDD6F85C3601334FF48070C6F85C36A2
:106AB000FAF750FB4FF0FF30F1E700BF10B582B09E
:106AC0000DF1020243F6FC710446FFF787FFF0B9AF
:106AD00001AA43F6FD712046FFF780FFB8B90DF11A
:106AE000060201212046FFF779FF80B9BDF8063084
:106AF000BDF80210BDF80420A4F84A36A4F84616E2
:106B0000A4F84826012384F83E3602B010BD0023C5
:106B10004FF0FF30F7E700BF2DE9F04F044687B094
:106B200043F6FF700E46FBF7C3FA4FF00008074626
:106B30002046FFF79BFF4645A4F83D86A4F84C8607
:106B400040F383800123CDF8088003939A46C14621
:106B50000DF116013846FFF7CFFE90BB012E44D051
:106B60004FF0010B00250DF116013846FFF7C4FE6A
:106B700048BBBDF8168001904046FBF7B5FA431CB0
:106B8000019AA4F84086C8F30D0C05F101053AD02E
:106B9000023054D00BF1010B5E45A4F842C684F8D4
:106BA0003DA6A4F84C26DED11F2D1ED92046FFF7A6
:106BB00085FFB0FA80F0400984F83E0607B0BDE8D2
:106BC000F08F4FF0000BD4F85C16B4F84C2684F824
:106BD0003D960BF1010B0131013201235E45C4F8F2
:106BE0005C16A4F84C260293BCD1039D032D1AD049
:106BF000142000F0A5FC6B1C03930023A4F83D3681
:106C0000A4F84C36A4E7D4F860260132C4F8602614
:106C10000BF1010B5E454FF0000584F83D96A2D1C3
:106C2000039D032DE4D1029A002384F83D369A4255
:106C300014BF4FF480704020FAF78CFAB6E7D4F80E
:106C400064260132C4F86426E2E70125032D4FF0E3
:106C500014000CD0013500F073FC4FF00003032D3D
:106C6000A4F83D36A4F84C864FF01400F2D100236E
:106C70000293D8E7F0B52DED028B044685B043F6BC
:106C8000FF70B0EE408AFBF713FAD4F850360133A8
:106C90000DF10E01C4F85036FFF72EFE002840F02B
:106CA000C980BDF80E6005463046FBF71DFA431C4F
:106CB000A4F8406600F02281023000F0E480C6F3C0
:106CC0000D062B46D4F8542666F30F0366F31F43D4
:106CD000002A40F0FB80D4ED016AC4F8423601235B
:106CE000B600013284F83D36002304F10C01C4F8EB
:106CF0002462C4F85426A4F84C36C4ED026A174640
:106D000004F110004FF4FE72CDED016A009103F022
:106D100019FF73125A1C02F07F0204EB830304EB89
:106D20008202D3F83C34D2F83C2484489FED846A34
:106D30000099DDED016AD21AC6F3080C0CFB02F2D1
:106D400003EB62231E44C4F828620369F31A07EEBA
:106D5000903AFAEEC87ABDEEE77AB8EEC77A77EEE7
:106D6000C77A67EE867AF5EEC07AF1EE10FA01D5B1
:106D700077EE867A012FC4ED017A76D0D4F83052BE
:106D800094F83C36416994ED866ADFED6E5A9FEDCA
:106D90006C5A721A07EE102AB8EEC77A27EE067AF6
:106DA00027EE257AFDEEC75AF8EEE55A37EE657AFA
:106DB00027EE057AB5EEC07AF1EE10FA01D537EE7E
:106DC000057A77EEE66ADFED605A84ED837AF4EEB9
:106DD000E56AF1EE10FA6DDC9FED5C7AF4EEC76ABD
:106DE000F1EE10FA4CBF01220022002B66D02A449B
:106DF00007EE102ADFED526AC4F83022B8EEC77AE7
:106E000027EE267A77EE877AD4ED826A9FED507A64
:106E1000C4ED037A77EEE66A28EE077AC6EE877A43
:106E200026EE276AC4ED847A84ED856A05B0BDEC50
:106E3000028BF0BDD4F85C16D4F85826B4F84C3662
:106E4000002001310132013384F83D06C4F85C169C
:106E5000C4F85826A4F84C364FF4807005B0BDEC49
:106E6000028BBDE8F040FAF775B9C4ED027A04F57B
:106E70000373E1EC017A9942FBD10123F0EE676ADA
:106E800084F83C367EE7D4F864360133C4F86436BF
:106E9000B4F84C36D4F8582601339BB201320021A5
:106EA000022BC4F85826A4F84C3684F83D16BDD9F8
:106EB0004020D3E74FF0FF32002B98D101229FED05
:106EC000257AC4F8303284F83C269BE7B4F844169F
:106ED00000933046FBF716F900F50072B2F5806FAB
:106EE000009B11D8B4F84426B24202BFD4F86C26F5
:106EF0000132C4F86C26D4F85426ECE6D4F8603697
:106F00000133C4F86036C3E7D4F86816B4F84C26E9
:106F1000C4F8423601310132C4F86816D4F8581664
:106F2000C4F8545692B20131022AA4F84C26C4F88F
:106F30005816A4F83C567FF679AFB9E79840002080
:106F4000DB0FC94000008037DB0F4940DB0F49C031
:106F50000000FE420000000070B5244D2B6803F5D0
:106F60001C5310338B4200D970BD04460E46D0F836
:106F700024121F4803F076FDD4F828121D4803F0B0
:106F800071FD6068F9F790FA02460B461A4803F063
:106F900069FDE068F9F788FA02460B46174803F0E6
:106FA00061FDD4F80C02F9F77FFA02460B4614484B
:106FB00003F058FDD4F83012124803F053FD94F852
:106FC0003D16114803F04EFDD4F85C160F4803F04F
:106FD00049FDD4F860160E4803F044FD0D48D4F87E
:106FE000641603F03FFD2E6070BD00BF144D0020FD
:106FF000B4E70008C0E70008D8E70008F0E7000899
:1070000004E8000818E8000828E8000834E8000848
:1070100040E8000850E8000830B585B001AB83E8CF
:1070200007000E4D002401AB93E807002346FDF74F
:1070300081FF0134B4F5807F45F8040FF3D1084D8A
:1070400001AB93E807002346FDF788FF0134B4F550
:10705000A07FA5EC010AF3D105B030BD944000201B
:107060009844002070B586B003AB83E8070003AAFC
:1070700007CA4FF4A073FDF767FF03AA064640F264
:10708000411307CAFDF760FF03AA05464FF4A17339
:1070900007CAFDF759FF0DF10C0C044640F24313EB
:1070A0009CE80700FDF750FF054A0192054A00924F
:1070B0000346224629463046FAF79CFF06B070BDCB
:1070C000984400209840002000B583B00190FDF75F
:1070D000E7FE019841680022FF23C0E90312838282
:1070E00003B000BD30B517498BB004461648FAF717
:1070F000B9FC0546E8B1237D012B1ED900210B46C2
:10710000E268637502EB010E94E8070004AB83E8C4
:1071100007000DF1040CCDF814E08CE8070093E8AB
:10712000070007AB83E8070084E807002046FDF767
:10713000C3FE2846A5750BB030BD013303F0010333
:10714000D902DDE79844002098400020F0B5837D07
:1071500083B005462BB9002400232046AB7503B04D
:10716000F0BD48494848FAF77DFC0028F3D045496E
:107170004548464EFAF734FC0024074656F8043FCB
:1071800095E80700009323460134FDF7A3FEB4F50C
:10719000807FF3D13B4EB6EC010A234695E8070009
:1071A0000134FDF7AFFEB4F5A07FF4D102230093C4
:1071B00095E8070040F24113FDF798FE009495E82A
:1071C00007004FF4A173FDF791FE009795E80700C3
:1071D00040F24313FDF78AFE2A690132009295E8D6
:1071E00007004FF4A273FDF781FE294B009395E849
:1071F00007002346FDF77AFE234926484FF48062B4
:1072000003F006FD1F4924484FF4807203F000FD8F
:1072100095E80700FFF700FF95E80700FFF722FF5A
:10722000044660B91B4918484FF4806203F0F0FC33
:10723000194914484FF4807203F0EAFC8BE795E893
:1072400007004FF4A273FDF77FFE2B691149074633
:107250004FF480620C485E1C03F0DAFC0E490948CA
:107260004FF4807203F0D4FCB7427FF474AF2B6903
:107270006A7D2A7501332B6120460023AB7503B06C
:10728000F0BD00BF984400209840002094400020AA
:107290004154484E184E0020184D00202DE9F04F63
:1072A00093B006460DF10C0800274FF0FF0A0CAD15
:1072B00009AC0DF1100996E807000DF13C0C8CE8C3
:1072C0000700F36803EBC723109385E807009CE8E9
:1072D000070084E80700FFF79FFE94E80700FFF728
:1072E000C1FE4FF4A27388F80000834694E80700BB
:1072F000FDF72AFE49F827000346002F41D0BBF1D5
:10730000000F02D0BAF1FF0F54D1059B9DF80D205C
:1073100004999DF80C00FAF795FE002859DB5FFAF6
:1073200080F8B8F1FF0F54D0B8F1000F56D13549AD
:1073300035484FF4806203F06BFC344934484FF415
:10734000807203F065FCF26886F8148002EBC827AF
:1073500096E8070085E807000D9784E8070095E8A0
:1073600007000FAC84E807000DEB880394E80700E2
:107370001B693361012386E80700184613B0BDE896
:10738000F08FBBF1000F10D01F491E4801934FF43E
:10739000806203F03DFC1E491C484FF4807203F0EC
:1073A00037FCBAF1FF0F04D1BA4608F101080127F2
:1073B00081E7019B18460DEB8A031969FAF73CFE39
:1073C00008B15FFA87FA002F9FD108F10108012761
:1073D00071E70023184613B0BDE8F08FF26802EBA6
:1073E000C82396E807000DF13C0C8CE807001093C9
:1073F00085E807009CE8070006AF87E80700FFF76D
:107400000BFEA0E7184E002098400020184D0020E9
:107410009844002000238375FDF782BD9DF800C0CD
:1074200030B949B932B14BB1844508BF0520704726
:1074300001207047032070470220704704207047E6
:10744000081A904234BF0020012070470120704785
:1074500008B503F0ABFB162303604FF0FF3008BD07
:1074600008B503F0A3FB16230360FEE770B5161EF4
:1074700007DD0C468D19AFF3008004F8010BA5421F
:10748000F9D1304670BD00BF70B5161E07DD0C4641
:107490008D1914F8010BFCF757FBA542F9D13046C2
:1074A00070BD00BF4FF0FF30704700BF4FF4005376
:1074B0004B600020704700BF0120704700207047DC
:1074C0000C4A08B5136833B118446946884208D895
:1074D0001060184608BD084B13601844694688427E
:1074E000F6D903F063FB0C2303604FF0FF3318461B
:1074F00008BD00BF18520020805300200D4B0E4ADB
:107500001B68A2FB03239B09013BB3F1807F00D3DF
:10751000FEE74FF0E02209495361F02081F8230093
:107520004FF0000C07201023C2F818C0106181F83A
:107530002330704700000020D34D621000ED00E0C2
:10754000024A10601368002BFCD1704720520020C3
:107550000549064A0B6801330B60136813B11368C1
:10756000013B1360704700BF1C52002020520020D6
:10757000014B1868704700BF1C52002030B50D4AFF
:107580000D4B0E4D83B00024062140F2FF10146015
:107590001C602C7000F0B0FF012807D1019000F0B2
:1075A0009BFF01982870204603B030BD4FF0FF309C
:1075B000FAE700BF2C52002028520020245200205D
:1075C000024A136801331360704700BF2C52002039
:1075D000064B074A1B7812681BB1064B196891428B
:1075E00000D170471A6000F07FBF00BF2452002016
:1075F0002C52002028520020704700BF08B50220FE
:10760000F9F7A8FDFEE700BF08B50420F9F7A2FDD1
:10761000FEE700BF08B50820F9F79CFDFEE700BFB4
:1076200008B51020F9F796FDFEE700BF704700BFD0
:10763000704700BF704700BFFFF78ABF70B5544C5A
:10764000544884B02246002100F08EFC206840F2AD
:107650000173984206D1A36823F07F43B3F5002F4E
:1076600000F086804C4D627A217A6B680093B2FA02
:1076700082F2B1FA81F1A37A52094909FAF7F2FCD0
:1076800008B904B070BD454A454E464BD2ED0E7A5E
:1076900096ED111AD3ED840A93ED030A2979424835
:1076A00021EE271AFAF78CF83F493A4800F008FC17
:1076B0003E4803A9FAF7E8FC054660B39DF80C10B4
:1076C000FD294DD0FE291ED0FC29DAD1384C0220EC
:1076D000FAF796FD00253046C6F8B850FEF790F947
:1076E000206861682289FDF73BF86168206822897B
:1076F000FCF7E8FF2020A580F9F73AFD2D486D2121
:10770000FEF78EFFBDE70420FAF77AFD29487A21BB
:10771000FEF786FFB5E7236906F1CC02CDE900321A
:1077200094E80F00FAF78AF8DFED236AD6ED347A91
:1077300096ED337AC6F8B85067EEA67A27EE267A29
:10774000FDEEE77ABDEEC77A17EE903A17EE101A03
:107750009BB2012043EA0141FAF752FD04B070BD2B
:107760000320FAF74DFD13481B21FEF759FF88E768
:1077700003A904F10B00FAF7D9FC18B99DF80C30F5
:10778000072B01D920686DE72046FAF771FD78E7ED
:10779000E801002000640040984000209844002048
:1077A0007C3D0020F8360020FC010020F301002081
:1077B000EC360020683D00200000C842012110B5D1
:1077C000194801F00BFAFFF703FF18490B88013342
:1077D00043F697229BB2934214D80B80144CFCF7CB
:1077E00057F82046FDF70AFC9FED120A1248FFF7F2
:1077F00041FA1248FEF7AAFBD4F8B4300133C4F8BA
:10780000B43010BD0E4B1A7800200880B2FA82F214
:1078100000F18040520900F588304FF400511A7091
:1078200000F0F4FEDAE700BF002C014032520020E5
:107830007C3D0020D1CB0B38F8360020683D00207D
:107840003052002008B54FF4805000F0C9FC1848B1
:107850004FF4805100F0E0FE00B108BDFCF748FD98
:10786000F0B9FCF7F3FCB8B9FCF768F80028F4D1DC
:1078700000F1804000F584304FF4006100F0D2FE4A
:107880000028EAD00B48FCF7EFFD2020F9F762FC56
:10789000084A0123938008BDBDE80840FCF7DEBC20
:1078A000FCF72EFDBDE808400248FCF7DDBD00BF37
:1078B00000080140EC36002008B50749074801F0F0
:1078C00039FC00B908BD054801F01CFCBDE80840C2
:1078D000C1B20348FEF7A4BE050305000044004002
:1078E000683D002008B5154B98421BD003F5A05306
:1078F00098420DD0A3F5C05398421DD140F20930F3
:1079000000F06AFFBDE8084040F2093000F072BFA5
:1079100040F20F3000F060FFBDE8084040F20F3049
:1079200000F068BF40F20A3000F056FFBDE80840A2
:1079300040F20A3000F05EBF08BD00BF00280140E1
:107940008368DB0703D4836843F0010383607047D7
:10795000826842F0080200F1080382601A68110789
:10796000FCD4826842F0040282601A685207FCD498
:10797000704700BF836843F480738360704700BF23
:10798000064BD3F8042422F47022C3F80424D3F85D
:1079900004240243C3F80424704700BF00200140C0
:1079A00001F480738AB11BB1436843F48073436070
:1079B0004B0503D5436843F480634360890715D5BD
:1079C000836843F00203836070471BB1436823F46C
:1079D000807343604A0503D5436823F480634360A2
:1079E0008B0703D5836823F002038360704700BFD1
:1079F000836819B143F400638360704723F4006324
:107A00008360704701290ED0022900D07047836B34
:107A100023F440138363013A836B120502F440128E
:107A20001A4382637047C36A23F47003C362013A46
:107A3000C36A120502F470021A43C262704700BFA3
:107A4000052900B52ED8D0F834C001EB81014FF0E4
:107A50001F0E0EFA01FE2CEA0E0C02FA01F141EAA9
:107A60000C014163092A0DD8016902EB42024FF073
:107A7000070C0CFA02FC21EA0C0103FA02F20A4399
:107A8000026100BD112AFCD80A3AC16802EB420229
:107A90004FF0070C0CFA02FC21EA0C0193400B4357
:107AA000C36000BD0B2910D80639D0F830C001EBF7
:107AB00081014FF01F0E0EFA01FE2CEA0E0C02FAA5
:107AC00001F141EA0C010163CCE70F29CAD80C3956
:107AD000D0F82CC001EB81014FF01F0E0EFA01FE11
:107AE0002CEA0E0C02FA01F141EA0C01C162B9E77D
:107AF000D0F838C00331CCF3015CA1EB0C0101EBF1
:107B000081014FF01F0C00B50CFA01FED0F838C00F
:107B100002FA01F12CEA0E0C41EA0C01092A8163F8
:107B20000DD8016902EB42024FF0070C0CFA02FC7F
:107B300021EA0C0103FA02F20A43026100BD112A94
:107B4000FCD80A3AC16802EB42024FF0070C0CFA6B
:107B500002FC21EA0C0193400B43C36000BD00BF4F
:107B600001F001035AB11BB1836843F480138360B1
:107B70008A070FD5836843F40043836070471BB1C5
:107B8000836823F4801383608B0703D5836823F411
:107B900000438360704700BF01290AD0022900D04A
:107BA0007047836823F4E0438360836813438360F2
:107BB0007047836823F46023836083681343836082
:107BC000704700BFCA0703D5836843F4800383600E
:107BD0008B0703D5836843F400138360704700BFAD
:107BE00003290FD8DFE801F00B080502806C80B292
:107BF0007047406C80B27047006C80B27047C06BB9
:107C000080B270470020704703680B4214BF012008
:107C100000207047036823EA01030360704700BF38
:107C200008B5074B984200D008BD40F2194000F05B
:107C3000D3FDBDE8084040F2194000F0DBBD00BFB5
:107C40000064004029B103282CD8DFE800F00E18AA
:107C50002103FEE70023C1F80B30C1F80F308B720F
:107C60004B60CB740B810B607047002340F2FF30F8
:107C70004FF4003248810B810A604B60704700234B
:107C80004FF480320B740B604B608B60CA6070479E
:107C90000023C1F80B30C1F80F308B724B600B81A1
:107CA0000B607047FEE700BF036823F0020300B5D6
:107CB00003600368844643F001034CF8043B4368C7
:107CC000DB07864608D44FF6FF7301E0013B03D083
:107CD000DCF80020D007F9D5DEF8040010F0010030
:107CE00070D04B788A781B06120402F4702203F0DD
:107CF000407313430A7843EA8273CA78120502F488
:107D0000E00213434A89013AC2F309021343CEF851
:107D10001C300B79012BDEF800300CBF43F08003E0
:107D200023F08003CEF800304B79012BDEF80030D1
:107D30000CBF43F0400323F04003CEF800308B79B2
:107D4000012BDEF800300CBF43F0200323F02003AA
:107D5000CEF80030CB79012BDEF800300CBF43F0B9
:107D6000100323F01003CEF800300B7A012BDEF85D
:107D700000300CBF43F0080323F00803CEF80030B6
:107D80004B7A012BDEF800300CBF43F0040323F0E4
:107D90000403CEF80030DEF8003023F00103CEF803
:107DA0000030DEF80430DA070DD54FF6FF7000E042
:107DB00040B1DCF80030DB0700F1FF30F8D40038C8
:107DC00018BF012000BD012000BD00BF3B49438911
:107DD000D1F8002642F0010200B5C1F80026D1F822
:107DE0001CC6B0F80EE001229A402CEA020CC1F841
:107DF0001CC6BEF1000F45D1D1F80CC603F10063DB
:107E00002CEA020CC1F80CC603F6C843B0F806C051
:107E10004188DB0041EA0C41B0F804C019600188D8
:107E200041EA0C415960838924492BBBD1F80436BF
:107E300023EA0203C1F8043603892049B3B9D1F813
:107E4000143623EA0203C1F81436037C012B05D152
:107E50001A49D1F81C361343C1F81C36174AD2F818
:107E6000003623F00103C2F8003600BDD1F8143605
:107E70001343C1F81436E8E7D1F804361343C1F8C8
:107E80000436D9E7BEF1010FCDD1D1F80CC603F10C
:107E900000634CEA020CC1F80CC603F6C843B0F804
:107EA00000C04188DB0041EA0C41B0F804C0196011
:107EB000C18841EA0C415960B5E700BF006000404D
:107EC00082685201034605D48268120143D51033FB
:107ED000012000E00020D3F8802102F0010210B55B
:107EE000C3F8802191F808E04A7A03F5C07CBEF11E
:107EF000000F26D04C6842EAC40242EA0E02D3F8D0
:107F000080E142EA0E02C3F88021D3F8842122F0F6
:107F10000F02C3F88421D3F884E18A7A42EA0E0280
:107F2000C3F88421D1F80B20C3F88821D1F80F20A1
:107F3000C3F88C21DCF8003043F00103CCF80030AA
:107F400010BD0C68D3F880E142EA445242EA0E02C6
:107F5000C3F88021D9E78268D20002D520330220FD
:107F6000B9E70320704700BF00EB0113D3F8B0C19D
:107F70000CF0040C82F808C0BCF1000F47D1D3F814
:107F8000B0C14FEA5C5CC2F800C0D3F8B0C10CF0DD
:107F9000020C82F809C0D3F8B4C14FEA1C2C82F855
:107FA00013C0D3F8B4C10CF00F0C82F80AC0D3F898
:107FB000B8C182F80BC0D3F8B8C14FEA1C2C82F8C4
:107FC0000CC0D3F8B8C14FEA1C4C82F80DC0D3F8EE
:107FD000B8C14FEA1C6C82F80EC0D3F8BCC182F85D
:107FE0000FC0D3F8BCC14FEA1C2C82F810C0D3F8E4
:107FF000BCC14FEA1C4C82F811C0D3F8BC311B0E37
:10800000937459B9C36843F02003C3607047D3F831
:10801000B0C14FEADC0CC2F804C0B6E7036943F014
:1080200020030361704700BF43690B4343617047FE
:108030000D4B984215D001EB810300EB8303002226
:10804000D3F808C02CF0010CC3F808C09A60DA60BD
:108050001A615A61426889000F238B4013434360C1
:1080600070470429E7D9FEE7000402401D4B9842FF
:1080700034D001EB810100EB8100136810B403617F
:1080800093684361138AC360D4685368816823434B
:10809000546921F47C5123430B438360137E012BED
:1080A00083680CBF43F0400323F040038360537E9A
:1080B000012B83680CBF43F0800323F080038360AF
:1080C000937E2BB1836843F0100310BC836070472C
:1080D000836823F0100310BC836070470429C8D95B
:1080E000FEE700BF00040240074B984208D001EBB6
:1080F0008101890008300B5843F020030B50704772
:108100000429F4D9FEE700BF00040240074B98425F
:1081100008D001EB8101890008300B5843F00103BE
:108120000B5070470429F4D9FEE700BF0004024059
:108130002A4BD3F800C42CEA000CC3F800C4D3F8CF
:1081400004C42CEA000CC3F804C4D3F808C42CEA15
:10815000000CC3F808C4D3F80CC42CEA000CC3F814
:108160000CC449B3012905D0012A0BD0022A29D019
:10817000AAB17047D3F80414012A41EA0001C3F8F8
:108180000414F3D1154BD3F8082422EA0002C3F8F3
:108190000824D3F80C240243C3F80C2470470F4B77
:1081A000D3F808240243C3F80824D3F80C2422EAA5
:1081B0000002C3F80C247047D3F800140143C3F83D
:1081C0000014D1E7054BD3F808240243C3F8082470
:1081D000D3F80C240243C3F80C247047000001407C
:1081E000014BC3F814047047000001400B4B1A699F
:1081F000110603D50A490B4A59605A600A4BB3F875
:10820000E030B3F5007F07D9044B1A6D120603D591
:108210000349044A59645A64704700BF0020024071
:1082200023016745AB89EFCD00F7FF1F074B0849D6
:108230001A69B1F8E01042F08002B1F5007F1A61CE
:1082400003D91A6D42F080021A657047002002407F
:1082500000F7FF1F4B4BB3F8E030B3F5007F6AD94E
:10826000494B4A4A98424A4B26D2D168C90756D44C
:10827000D368D90657D4D3685B075AD41169444BE5
:1082800041F00201116150611069404940F0400025
:108290001061CA68D00738D4CB68DB063DD4C86803
:1082A000C0F380004000C0B2384A136923F00203D3
:1082B00013617047013B34D0D16CC907FAD4D36C39
:1082C000DB0630D4D36C590733D4136D43F002036B
:1082D00013655065D3699B0748BF50612B4A2C4BEF
:1082E000116D41F040011165D16CC9071DD4D36CEB
:1082F000D80643D4D06CC0F380004000C0B2234AFB
:10830000136D23F0020313657047013B38D0CA6830
:10831000D007FAD4CB68DB06C1D50320C4E7013B04
:10832000A3D10420704703207047013BDCD1042017
:10833000E5E702207047164B144AD168C90719D4E3
:10834000D368DB06EFD4D3685907F2D41169104B18
:1083500041F002011161506110690C4940F0400088
:108360001061CA68D20797D5013B09D0CA68D20705
:10837000FAD491E7013BE0D1042070470320BEE727
:10838000042091E700F7FF1FFFFF070800200240CD
:108390000000FF0F454BB3F8E030B3F5007F8C468B
:1083A00060D9434B434A9842434B23D2D168C90713
:1083B0004CD4D368D9064DD4D3685B0750D4116927
:1083C0003D4B41F0010111613A49C0F800C0CA6853
:1083D000D00731D4CB68DB0636D4C868C0F3800040
:1083E0004000C0B2334A136923F0010313617047A0
:1083F000013B2DD0D16CC907FAD4D36CDB0629D44C
:10840000D36C59072CD4116D2B4B41F00101116530
:108410002849C0F800C0CA6CD2071DD4CB6CD8065E
:1084200040D4C86CC0F380004000C0B2214A136D34
:1084300023F0010313657047013B35D0CA68D007AC
:10844000FAD4CB68DB06C8D50320CBE7013BADD11E
:108450000420704703207047013BDCD10420E5E78E
:1084600002207047144B134AD168C90716D4D36849
:10847000DB06EFD4D3685907F2D411690E4B41F0F3
:10848000010111610B49C0F800C0CA68D207A1D52B
:10849000013B09D0CA68D207FAD49BE7013BE3D17C
:1084A000042070470320C1E704209BE700F7FF1F6B
:1084B000FFFF0708002002400000FF0F830903F1BF
:1084C000804303F5083300F01F0019680122824041
:1084D0000A431A60704700BF024B4CF6CC421A6048
:1084E000704700BF00300040024B4AF6AA221A60D3
:1084F000704700BF00300040DFF858C0144A45F212
:10850000555300B58E46CCF80030DCF80C30013AFB
:1085100003F0010315D0002BF7D10E490C4AC1F826
:1085200004E0CB68013A03F002030ED0002BF8D12F
:10853000084BC0F30B004AF6AA22986001201A608B
:1085400000BD002BE9D0002000BD002BFBD1EFE7E0
:10855000FFFF0F00003000402DE9F0430C461D46A0
:10856000E306014604F00F0602D5042A44D0164360
:1085700000224FF001080F2706E0482C08BF0861D1
:108580000B600132082A13D008FA02FC4FEA820E6F
:108590001CEA050007FA0EF906FA0EFEF1D00B6888
:1085A000282C23EA09034EEA0303E6D14861E7E7F2
:1085B00000234FF001080F2709E0482C08BF08618D
:1085C000C1F804E00132102A03F1040312D008FAC2
:1085D00002FC1CEA050007FA03F906FA03FEF1D0D3
:1085E000D1F804C0282C2CEA090C4EEA0C0EE4D178
:1085F0004861E5E7BDE8F083C36B2B4346F0030613
:10860000C363B5E701617047416170470AB1016119
:1086100070474161704700BF83680B4214BF01205F
:1086200000207047C3680B4214BF01200020704730
:1086300000281F4B00F4401CB4BFDB695B68BCF52D
:10864000401F00B582B227D010F4801F19D14FEA25
:10865000505C4FEA0C1C02FA0CFC23EA0C0343F0BA
:10866000E0634FEA505C4FEA0C1C02FA0CF21A432A
:10867000002918BF13460E4A0028B4BFD3615360C7
:1086800000BDC0F3034E4FF0030C0CFA0EFC23EABE
:108690000C0343F0E063E4E7DFF814E0DEF804C025
:1086A0002CF0E06C23F0E063CEF804C0D9E700BF03
:1086B0000000014001F003039B000F22032902FA8E
:1086C00003F200FA03F0134B07D8996821EA02027B
:1086D0009A609A6802439A607047072907D8D96858
:1086E00021EA0202DA60DA680243DA6070470B2995
:1086F00007D8196921EA02021A611A6902431A614C
:108700007047596921EA02025A615A6902435A6163
:10871000704700BF00000140DFF898C0DCF80C3063
:1087200003F4E063B3F5E06F36D0DCF80C3003F40B
:10873000E063B3F5C06F1BD0DCF80C3003F4E063EA
:10874000B3F5A06F10D0DCF80C3003F4E063B3F5A0
:10875000806F25D0DCF80C3003F4E063B3F5407F84
:1087600022D0134BCCF80C3002F00302022302E0BB
:1087700002F007020323DFF840C0994011430CEBDD
:1087800000030901420983F8001300F01F000123D0
:1087900083404CF82230704702F00F020423EAE7CE
:1087A00002F001020123E6E700221346E3E700BFDF
:1087B0000005FA0500ED00E000E100E0830903F1A7
:1087C000804303F5043300F01F0019680122824042
:1087D0000A431A60704700BF830903F1804303F521
:1087E000043300F01F001968012282400A431A6016
:1087F000704700BF830903F1804303F5043300F0A1
:108800001F001A680121814022EA01021A607047A4
:10881000174A5368D26A23F0805323F4404322F06E
:1088200000510B2809D8DFE800F0060606060818F4
:1088300008180C0C0C0C43EA80330D4A5360D162CB
:108840007047DFF834C042F000510CEA803C084A1F
:1088500043EA0C035360D1627047064A02EA803251
:108860001343034A43F080535360D162704700BF03
:108870000010024000C0FEFF00C0FCFF10B5DFF892
:10888000E4C086469CE80F0088B008AC04E90F00FD
:10889000DCE90401CDE90001CDE902012D4A53686C
:1088A00003F00C03082B24D02B482A4A5368516844
:1088B0005268C3F303136B441B7C20FA03F3BEF12D
:1088C000030F44D8DFE80EF00812020AC1F30221B8
:1088D0006944087823FA00F008B010BDC2F3C22240
:1088E0006A44107A23FA00F008B010BD184608B0A8
:1088F00010BD5368D90311D4184A164B58685968EB
:108900005B680C01C0F3834014D5590018D540F0C2
:1089100030003F2812D102FB00F0C6E7D36A5A00AC
:108920000C4B58BF0C4A5B6848BF0D4A9B03E4D50B
:108930005208E2E75B0006D540F020000130EAE78C
:1089400040F01000FAE70F28F8D00230E3E70020EB
:10895000C2E700BF0010024000127A0000093D008B
:10896000006CDC0250DD000808B5154B984212D0AF
:1089700003F57443984204D0A3F57843984214D089
:1089800008BD4FF44370FFF727FFBDE808404FF4E0
:108990004370FFF72FBF40F20F40FFF71DFFBDE808
:1089A000084040F20F40FFF725BF40F20E40FFF7AE
:1089B00013FFBDE8084040F20E40FFF71BBF00BFA9
:1089C000003C004010B4D1E901420B68234313433B
:1089D000CA680C69D1E905C113432343026843EA1D
:1089E0000C0302F441520B4313430360C36923F4A5
:1089F000006310BCC3617047036843F04003036029
:108A0000704700BFC1607047C06880B2704700BF48
:108A100083680B4214BF01200020704708B5374B14
:108A200098424CD015D8A3F50063984251D039D85C
:108A3000B0F1804F22D0A3F5806398425DD140F21F
:108A40000140FFF7C9FEBDE8084040F20140FFF7D2
:108A5000D1BE2B4B984246D003F50063984217D005
:108A6000A3F59033984248D140F20540FFF7B4FE99
:108A7000BDE8084040F20540FFF7BCBE4FF48060FF
:108A8000FFF7AAFEBDE808404FF48060FFF7B2BED2
:108A900040F20D30FFF7A0FEBDE8084040F20D3077
:108AA000FFF7A8BE174B984227D140F20340FFF7CB
:108AB00093FEBDE8084040F20340FFF79BBE40F242
:108AC0000440FFF789FEBDE8084040F20440FFF78C
:108AD00091BE40F20240FFF77FFEBDE8084040F241
:108AE0000240FFF787BE40F20B30FFF775FEBDE88E
:108AF000084040F20B30FFF77DBE08BD001000407B
:108B0000002C0140000C004000234FF6FF72C0E92A
:108B10000033826003737047254B0A888262984253
:108B200015D020F44063B3F1804F10D0214B984210
:108B30000DD0214B20F4806210B49A428C68C4623C
:108B40002CD1436943F0010310BC436170470368B3
:108B50004A8823F070030360D0F800C08B8842EA93
:108B60000C0202600268134303608B68C3620268F0
:108B7000CB8822F440720260D0F800C00C4A43EA6D
:108B80000C039042036002D00A4B984201D10B7B48
:108B90000363436943F00103436170470268CB8874
:108BA00022F440720260026813430360C9E700BF09
:108BB000002C01400034014000100040036843F0E5
:108BC00001030360704700BF036843F08003036044
:108BD000704700BFC3680B43C3607047C94301615E
:108BE000704700BF00230360436083608381704748
:108BF000B1F802C00B888A8843EA0C03B1F806C0BA
:108C000013430A8943EA0C03B1F80AC013438A8963
:108C100043EA0C0313439BB243647047436C01293E
:108C20000CBF43F4004323F400434364704700BF88
:108C30000023036043608360704700BF032929D885
:108C4000DFE811F0AF006C0029000400036A11880E
:108C5000B2F804C023F480530362C36923F4407361
:108C6000C361036A43EA01330362036A724923F46E
:108C700000530362036A884243EA0C33036240F004
:108C8000D6804368128923F480434360436843EAF3
:108C9000821343607047036A1188B2F804C023F45A
:108CA00080730362C36923F00303C361036A43EA69
:108CB00001230362036A604923F400730362036AB9
:108CC000884243EA0C23036202D05C4B9842E1D114
:108CD000036AB2F802C0D18823F480630362036A96
:108CE00043EA0C230362036A23F400630362036A0A
:108CF00043EA0123036243681189528923F48053B4
:108D00004360436843EA01134360436823F400531C
:108D10004360436843EA021343607047036A118863
:108D2000B2F804C023F010030362836923F4407394
:108D30008361036A43EA01130362036A3E4923F035
:108D400020030362036A884243EA0C13036202D0E1
:108D50003A4B98429ED1036AB2F802C0D18823F000
:108D600040030362036A43EA0C130362036A23F0BD
:108D700080030362036A43EA0113036243681189B3
:108D8000528923F480634360436843EA810343606C
:108D9000436823F400634360436843EA820343600B
:108DA0007047036A118823F001030362D0F818C0EA
:108DB00093882CF0030CC0F818C0D0F820C041EA0A
:108DC0000C010162016ADFF870C021F0020101624A
:108DD000016A604543EA0103036203D0174B9842DE
:108DE0007FF458AF036A518823F004030362D0F87C
:108DF00020C0D38841EA0C010162016A21F0080118
:108E00000162016A0B4303624368118923F4807392
:108E10004360D0F804C0538941EA0C0141604268C4
:108E200022F4007242604268134343607047034B70
:108E300098427FF42FAF24E7002C0140003401401A
:108E400003290BD8DFE801F01C130B02C36923F4DC
:108E5000E043C361C36943EA0223C3617047C36946
:108E600023F07003C361C3691343C361704783690F
:108E700023F4E0438361836943EA022383617047FB
:108E8000836923F0700383618369134383617047AF
:108E9000032904D8DFE801F00806040202647047E1
:108EA000C2637047826370474263704703290BD8DF
:108EB000DFE801F01C130B02C36923F40063C361F4
:108EC000C36943EA0223C3617047C36923F00803FF
:108ED000C361C3691343C3617047836923F40063AB
:108EE0008361836943EA022383617047836923F0C6
:108EF00008038361836913438361704703290BD897
:108F0000DFE801F01C130B02C36923F48063C36123
:108F1000C36943EA0223C3617047C36923F00403B2
:108F2000C361C3691343C3617047836923F48063DA
:108F30008361836943EA022383617047836923F075
:108F400004038361836913438361704703290BD84A
:108F5000DFE801F01D140B02036A23F4805303625F
:108F6000036A43EA023303627047036A23F480739F
:108F70000362036A43EA022303627047036A23F031
:108F800010030362036A43EA021303627047036A31
:108F900023F001030362036A13430362704700BFB7
:108FA000436823F07003436043680B43436070479A
:108FB00021B9836843F0800383607047012900D0A2
:108FC0007047836823F0800383607047836823F0D1
:108FD00007038360704700BF08B5234B984238D021
:108FE00010D9224B98422AD003F5684398421BD1EE
:108FF00040F20E30FFF7F0FBBDE8084040F20E30C3
:10900000FFF7F8BBA3F5006398420ED003F5806329
:10901000984209D140F21240FFF7DEFBBDE808405C
:1090200040F21240FFF7E6BB08BD40F21140FFF7E7
:10903000D3FBBDE8084040F21140FFF7DBBB40F234
:109040001440FFF7C9FBBDE8084040F21440FFF7A9
:10905000D1BB40F21340FFF7BFFBBDE8084040F230
:109060001340FFF7C7BB00BF004C0040005000405A
:1090700000B5174B984283B0024617D00ED9154B56
:10908000984213D003F5684398421ED1CDE9000100
:109090000320FFF7F3FBDDE900210EE0A3F50063F9
:1090A000984203D003F5806398420ED10220CDE9A7
:1090B0000021FFF7E3FBDDE9002100EB5103B3FBE7
:1090C000F1F39BB2936003B000BD0020F5E700BF51
:1090D000004C004000500040C36843F40053C3609C
:1090E000704700BFC36823F008030B43C360704799
:1090F000C36823F004030B43C3607047C1F3080146
:10910000416070474068C0F3080070478B0901F068
:109110001F011858C84000F0010070478A09012358
:1091200052F800C001F01F018B4043EA0C031350BA
:10913000704700BFC1F389128B0D52F800C0185858
:10914000C1F30442012303FA02F201F01F010242BB
:1091500003FA01F314BF0120002013EA0C0F00F002
:10916000010008BF002070474249434BD1F88820D6
:1091700042F4700282B0C1F88820196841F0010100
:1091800019605968002041F0800159600190019BED
:1091900044F61F62934205D8019B01330193019B62
:1091A0009342F9D934494B6823F003034B600B68B1
:1091B00023F084734FF41F0223F480330B608A6022
:1091C0000A68002022F480220A604860C8620A68A7
:1091D00042F001024FF4A0630A6001E0013B02D0BB
:1091E0000A689007FAD5244B1A68920741D5DA69C4
:1091F000224942F08052DA610A6842F440420A6031
:109200005A685A605A685A605A6842F480625A60D2
:109210005A6822F0904222F470125A605A6842F062
:10922000036242F480225A601A6842F080721A6027
:109230001A689001FCD5114A136843F48033136017
:109240005368D903FCD513680C4943F40033136009
:109250004B689A03FCD5084A536823F00303536014
:10926000536843F00203536053681B07FCD502B0F8
:109270007047FEE700ED00E0001002400070004083
:10928000DFF834D00D480E490E4A002302E0D458CE
:10929000C4500433C4188C42F9D30B4A0B4C00233E
:1092A00001E013600432A242FBD3FFF75DFF01F03F
:1092B00083FCF7F71DFD704700000120000000202F
:1092C000CC01002040F50008CC0100208053002094
:1092D000FEE7002101F018BB0A22002101F09ABB31
:1092E0002DE9FF4757EC106B002F0C469146DDF837
:1092F00030A019464FF0000203DA07F100431F4681
:109300002D220D9D0A7025F02005462D04D0452DF7
:1093100000D10134022100E0032103AB019302AB31
:10932000009347EC106B5346224601F011FD472D88
:1093300080461AD119F0010F0ED000EB040900226B
:10934000002330463946F7F76FFB08B1CDF80C9093
:109350003022039B4B451ED3039B0E9AA3EB0803BD
:109360004046136004B0BDE8F087462D00EB0409C9
:10937000E5D10378302B0AD100220023304639464C
:10938000F7F752FB18B9C4F10104CAF80040DAF843
:1093900000309944D3E7591C03911A70D9E7F7B507
:1093A0000029BABF49422D232B230929027043709B
:1093B0002ADD0DF10704871CA6460A26A446B1FB48
:1093C000F6F506FB15123032632904F1FF340CF870
:1093D000012C2946F2DC3031ACF1020204F8011C08
:1093E000411C144672450AD30DF10903A3EB0C038B
:1093F000A64538BF00233B44181A03B0F0BD12F84D
:10940000013B01F8013FEDE7302330318370C1703B
:10941000031DF1E72DE9F04F8FB00C46DDF86080B9
:1094200016461F46054601F0EFFB036807931846F2
:10943000F6F7CEFE00230C93D8F8003094F818A06D
:10944000D4F800B00890073323F00703B3EC027B95
:109450008DED047BC8F80030DDE9048323F000497A
:1094600084ED127B9A4B4FF0FF3240464946F7F7A6
:109470000DFB70BB964B4FF0FF3240464946F7F765
:10948000E7FA30BBDDE9040100220023F7F7D6FA42
:1094900010B12D2384F843308E4A8F4BBAF1470F19
:1094A0008CBF90469846032323612BF0040323606E
:1094B0004FF00009009733460DAA2146284600F0D8
:1094C000CDF9013040F08C804FF0FF300FB0BDE897
:1094D000F08FDDE9042310461946F7F7D7FA40B1BB
:1094E000059B7E4A002BBCBF2D2384F843307C4B68
:1094F000D4E763685A1C0AF0DF093BD10623636096
:109500004BF480620023226003930CABCDE901A3EE
:109510000BAB009361689DED040B0DF12B03284606
:10952000FFF7DEFEB9F1470F0B99804629D1C81C21
:1095300002DB63688B4241DAAAF1020A5FFA8AFA17
:109540000139524604F150000B91FFF728FF0C9AA5
:109550001318012A8146236102DC2268D20701D553
:10956000013323619DF82B30002BA3D02D2384F8E9
:1095700043309FE7B9F1470FC2D1002BC0D101237F
:10958000BDE7BAF1650FDBD9BAF1660F18D1002932
:1095900063680BDD216113B92268D00702D501335E
:1095A0000B442361A1654FF00009DBE713B9226882
:1095B000D20701D50233F4E70123F2E74FF0670A3F
:1095C0000C9B8B4205DC23682161D807EAD54B1C34
:1095D000E7E70029D4BFC1F1020201221344E0E70A
:1095E00023685A0507D42369424631462846B847BE
:1095F000013028D168E7BAF1650F40F2DB80D4E989
:10960000120100220023F7F70FFA90B3354A012325
:1096100031462846B84701303FF456AFDDE90B38F4
:10962000434502DB2368D8070DD5DDE90723314622
:109630002846B84701303FF447AF4FF0000908F122
:10964000FF38C84509DC23689B0700F10481E06806
:109650000D9B9842B8BF184638E7012304F11A025F
:1096600031462846B84701303FF42EAF09F10109D1
:10967000E7E70B9B834237DC1A4A01233146284631
:10968000B84701303FF420AFDDE90B3959EA030355
:1096900002D12368D907D6D5DDE90723314628460C
:1096A000B84701303FF410AF4FF0000A0B9B5B420C
:1096B000534501DC4B4697E7012304F11A0231467A
:1096C0002846B84701303FF4FFAE0AF1010AEDE742
:1096D000FFFFEF7F9CF0000898F00008A4F000085E
:1096E000A0F00008A8F00008A36DDDF830B05B45DD
:1096F000A8BF5B46002B049337DC4FF0000904F150
:109700001A02049BD4F858A0002BACBFAAEB0303A9
:1097100053464B4531DC0B9B9B453ADC2368DA070B
:1097200037D40B9BABEB0309ABEB0A039945A8BFFE
:109730009946B9F1000F34DC4FF000080B9BB9F1EA
:10974000000FABEB0303A8BFA3EB090343457FF76F
:109750007AAF012304F11A0231462846B847013096
:109760003FF4B2AE08F10108E8E7049B42463146F7
:109770002846B8470130C0D1A6E601233146284625
:109780000992B84701303FF49FAE099A09F10109E7
:10979000B7E7DDE9072331462846B8470130C0D195
:1097A00092E64B4608EB0A0231462846B84701309C
:1097B000C2D189E6DDF830A0BAF1010F01DCDB0788
:1097C00035D50123424631462846B84701303FF49B
:1097D0007BAEDDE9072331462846B84701303FF428
:1097E00073AED4E91201002200230AF1FF3AF7F721
:1097F0001BF9C8B9534608F1010231462846B8475B
:1098000001300DD160E6012304F11A0231462846E9
:10981000B84701303FF458AE08F10108D045F2DBFB
:109820004B4604F15002E0E64FF00008F6E7012352
:109830004246E2E7012304F1190231462846B847BF
:1098400001303FF441AE08F10108E3680D995B1A5D
:109850004345EFDCFBE64FF00008F6E72DE9F04763
:10986000914698468A680B69089E9342B8BF134692
:10987000C9F8003091F8432007460C4612B1013375
:10988000C9F800302368990642BFD9F80030023386
:10989000C9F80030256815F0060507D104F1190A4A
:1098A000E368D9F800209B1AAB4229DC94F84330D6
:1098B0002268003B18BF012392062ED404F1430214
:1098C00041463846B047013021D02368A16822695B
:1098D00003F00603042B01BFE568D9F80030ED1A48
:1098E00025EAE57518BF00258B1A2B449142C8BFA5
:1098F0001D464FF000091A344D451AD1002008E0EA
:109900000123524641463846B047013003D14FF05B
:10991000FF30BDE8F0870135C2E7E1185A1C30205E
:1099200081F84300224494F8451082F84310023332
:10993000C4E70123224641463846B0470130E6D00D
:1099400009F10109D8E700002DE9F04398460B7EA4
:1099500085B0782B174606460C9A0C4609D8622B20
:1099600001F1430108D8002B00F0DC80582B00F0F7
:10997000BD8004F1420539E0A3F163001528F8D851
:1099800001A555F820F000BFE1990008F5990008FD
:109990007399000873990008739900087399000877
:1099A000F5990008739900087399000873990008E5
:1099B00073990008059B0008219A0008B39A0008D3
:1099C00073990008739900082D9B0008739900088B
:1099D000219A00087399000873990008BB9A00083F
:1099E0001368191D1B68116004F1420584F84230A8
:1099F0000123A8E013682568181D1060280601D50A
:109A00001B6803E06A06FBD5B3F90030002B03DACC
:109A10002D225B4284F84320DFF878C10A2213E04C
:109A20002568106815F0800F50F8043B02D16D06D0
:109A300048BF9BB21060227EDFF858C16F2A5DD10B
:109A40000822002084F843006568A560002D05DB2E
:109A500020681D4320F00400206051D00D46B3FB68
:109A6000F2F002FB103E9A421CF80EE005F801ED00
:109A70000346F4D9082A0BD12368DA0708D52369ED
:109A800062689A42DEBF302305F8013C05F1FF35DC
:109A9000491B2161CDF800803B4603AA2146304690
:109AA000FFF7DCFE013053D14FF0FF3005B0BDE8C9
:109AB000F083236843F020032360DFF8DCC07823C1
:109AC00084F845302068156810F0800F55F8043B85
:109AD00003D110F0400F18BF9BB21560C50744BFFB
:109AE00040F02000206023B11022AAE7DFF8A4C0D4
:109AF000E6E7226822F020022260F5E70A22A0E7CA
:109B00000D46B7E71368D4F800C060691D1D1560E5
:109B10001CF0800F1B6801D0186003E01CF0400FA0
:109B2000FAD01880002323610D46B3E71368191D8E
:109B300011601D68626800212846F6F7F9FA08B13D
:109B4000401B606063682361002384F84330A1E711
:109B500023692A4639463046C0470130A4D02368DD
:109B60009B0714D4E068039B9842B8BF18469DE752
:109B7000012304F1190239463046C047013093D021
:109B80000135E36803995B1AAB42F1DCEAE7002593
:109B9000F7E700BFAAF00008BBF00008002310B5EB
:109BA0000446C0E90033C0E9043383608181436621
:109BB000C2818361194608225C3000F0DCFF0D4B46
:109BC00063620D4BA3620D4BE3620D4B23630D4BA0
:109BD00024629C4206D003F16802944202D0D03342
:109BE0009C4205D104F15800BDE8104001F008B8CE
:109BF00010BD00BFF7CC000819CD000851CD0008FA
:109C000077CD000834520020024A0349034800F08F
:109C10000BBF00BF0400002081CE0008800100209F
:109C200041680C4B994210B5044601D003F028F965
:109C3000A168094B994202D0204603F021F9E1685E
:109C4000064B994204D02046BDE8104003F018B9F5
:109C500010BD00BF345200209C520020045300204D
:109C600010B50A4B0A4A1A600A4800220421FFF77D
:109C700095FF094801220921FFF790FFBDE8104038
:109C8000064802221221FFF789BF00BF6C53002053
:109C9000099C0008345200209C52002004530020EC
:109CA000014800F0AEBF00BF71530020014800F032
:109CB000A9BF00BF7153002010B50446FFF7F0FFA5
:109CC000236A1BB1BDE81040FFF7F0BF044B2362CD
:109CD000044B1B68002BF5D1FFF7C2FFF2E700BF72
:109CE000219C00086C53002070B504460D4645ECDD
:109CF000104B164602F0C2FE51EC100B7EB1C5F3BC
:109D00000A53C3F16B03002B09DD1B0503F17F55DB
:109D1000002405F5401522462B46F6F71DFC41ECC4
:109D2000100B70BD000000002DE9F04F9FB00E46F3
:109D30001792002204901A924FF000084FF0000989
:109D400019910A782B2A0D4601F101011CD00AD87D
:109D50000D2A05D8082AF3D872B100230B9382E0AC
:109D6000202AEDD0F9E72D2A10D10122691C199182
:109D70000B926A78002A37D1179B1996002B40F076
:109D8000A88542464B462AE00022EFE700210B91CE
:109D9000302A40F09D806A7802F0DF02582A5AD1BA
:109DA00002930B9B01931AAB0093874A04981BAB59
:109DB00019A901F009FE10F00F04064605D0062C83
:109DC00014D10135002319950B93179B002B40F0FC
:109DD00082850B9B002BD4D0424609F1004343EC13
:109DE000102B1FB0BDE8F08F0D46D1E71A9A3AB19B
:109DF00035211CA802F03BFF1A99049802F0F2FAF0
:109E0000013C042C06D8DFE804F014031E211400E2
:109E1000DDE91C89F10548BF49F0004929F00043FC
:109E20001B0D1B05002BD0D100F0C0FE22230360C8
:109E3000CBE7DDE91C831B9A23F4801302F2334243
:109E400043EA0259E6E7DFF88891E3E76FF000495B
:109E50004FF0FF38DEE7013519952B78302BFAD01B
:109E6000002BB2D001234FF0000A07932846CDF80B
:109E700038A0D3460A230478A4F13002092A29D94C
:109E80005249012200F07FFE002836D000202246F1
:109E900006905C460146652A01D0452A16D124B9B0
:109EA000079B03433FF468AF0024199E731C19936A
:109EB00072782B2A7FD02D2A00F083804FF0000C7F
:109EC000A2F13003092B40F2898019960023ACE0FF
:109ED0000023C8E7BBF1080FDCBF0E9A03FB024268
:109EE00000F10100D5BF303A03FB0A420E92A2F105
:109EF000300A0BF1010B1990BDE7199B5A1C1992FE
:109F00005A78BBF1000F3BD006905C46A2F13003BB
:109F1000092B11D90121BEE7199B5A1C19925A78B5
:109F20000130302AF8D0A2F13103082B00F2D88496
:109F30000690199D00200446303A00F1010319D023
:109F40000699059419440691A4464FF00A0E0CF1A7
:109F50000107391B8B4215DC059920EAE0700144AA
:109F60000134082904441CDC0E990A2303FB012355
:109F70000E930023199A511C199152781846C5E77F
:109F80005846CEE7BCF1080F05DC0E990EFB01F137
:109F90000E91BC46DBE70AFB0EFC102FD8BFE24651
:109FA000F7E70F29DCBF0A2303FB0A2AE1E70023B6
:109FB0000693012174E74FF0000CB31C1993B2789B
:109FC0007EE74FF0010CF8E7BCF20008CCF0000887
:109FD0000000F07F199B5A1C19925A78302AF9D048
:109FE000A2F13103082B3FF671AFDDF864E0CDF844
:109FF00014E0A2F130030A93059B013319931A78F8
:10A000000593A2F13007092F3BD9A3EB0E03082BD0
:10A0100044F61F633DDC0A9F9F42A8BF1F46059779
:10A02000BCF1000F02D0059B5B420593002C51D17F
:10A03000079B03437FF4C9AE00297FF49DAE692AD4
:10A040002BD028DC492A28D04E2A7FF495AE9F4990
:10A0500019A801F0D7FE00283FF48EAE199B1B789B
:10A06000282B31D19A491CAA19A801F0E0FE052835
:10A070002AD11D9BDDF8708043F0FF4949F4E009C7
:10A08000A3E60A9B0A2707FB0327A7F130020A92DF
:10A09000B2E70593C4E76E2AD7E78E4919A801F005
:10A0A000B1FE00283FF468AE199B8B49013B19A80B
:10A0B000199301F0A7FE10B9199B01331993DFF82A
:10A0C00028924FF0000880E6844800F0B1FD59EC7A
:10A0D000108B7AE6DDE905320E989B1ABBF1000F72
:10A0E00008BFA346102C0A932646A8BF1026F6F7F1
:10A0F000B9F9092C8046894613DC0A9B002B3FF4F2
:10A1000064AE0A9B6FDD162B56DC754901EBC3016B
:10A11000D1E9000142464B46F6F71EFA80468946D1
:10A1200053E66F4B03EBC60353E91223F6F714FA19
:10A13000804650468946F6F795F902460B4640465A
:10A140004946F6F753F80F2C80468946D5DD0A9B21
:10A15000A4EB060A9A44BAF1000F40F392802AF069
:10A160000F061AF00F0A4DD1B6F59A7F5ADC494610
:10A17000DFF87091361140460027012E76D1A1F10B
:10A180005479584901EBC70102464B46D1E9000119
:10A19000F6F7E2F9544B0A460B4054498B4280468D
:10A1A00040D8A1F580118B4286BFDFF844914FF073
:10A1B000FF3802F1547932E00A9AC4F12503934240
:10A1C000C5DB474DC4F10F0405EBC40142464B46C5
:10A1D000D1E90001F6F7C0F90A9B1C1B05EBC40589
:10A1E000D5E9002398E71633B1DBDDE905239A1A98
:10A1F0003B4B03EBC203D3E9002340464946F6F745
:10A20000D5FA8BE7364901EBCA0142464B46D1E904
:10A210000001F6F7A1F980468946002EA4D100235B
:10A2200007939BE0002405940E940694049ADFF8AB
:10A23000B890222313604FF000080E9B002B3FF4D0
:10A24000C4AD1A99049802F0CDF80699049802F06A
:10A25000C9F8DDE9040102F0C5F80E99049802F08E
:10A26000C1F80498214602F0BDF8AEE5F20703D527
:10A27000D9E90023F6F770F90137761009F10809DA
:10A280007BE7CCD0CAF1000A4FEA2A161AF00F0A6F
:10A290000DD11F2E2EDD002405940E940694049AF1
:10A2A00022234FF000084FF000091360C5E70C4B64
:10A2B00003EBCA0340464946D3E90023F6F776FA92
:10A2C00080468946002EAAD0E3E700BFA5F000082B
:10A2D000A8F200089DF00008D9F00008A7F20008D5
:10A2E00030F4000808F400080000F07F0000A07CB3
:10A2F000FFFFEF7F16F0100318BF6A23754F079317
:10A3000040464946F30703D5D7E90023F6F724F979
:10A31000761007F10807F5D1079B80468946ABB157
:10A32000C1F30A52C2F16B03002B0F460EDD1F2B47
:10A3300055DD342BDEBF4FF0FF33C2F14B029340AB
:10A34000B046CCBF4FF05C7903EA0109002200233C
:10A3500040464946F6F768FB00289CD10E9B0093C7
:10A36000049823465A46294602F0A4F80E90002885
:10A370003FF458AFDDE905239B1A0A9A002AA8BFCB
:10A3800000231493002422EAE273169305940E9B93
:10A390000498596801F0E8FF069000283FF446AFA2
:10A3A0000E9B1A69023203F10C0192000C3000F08E
:10A3B0002FFC49EC108B04981CAA1BA9CDE90C8931
:10A3C00002F0CCFB1A9000283FF430AF0498012132
:10A3D00002F006F90590034640B9059326E74FF0D1
:10A3E000FF3202FA03F303EA0008AFE71B9D079A66
:10A3F000002DABBF149B169B169E149FACBFEF188D
:10A400005E1B1C9BAD1A1D44334A013D9542C3F1AE
:10A41000360354DA3149521B8D42A3EB02034FF04D
:10A42000010140DB01FA02FA002507EB030B1E4491
:10A43000079B5F451E443B46A8BF5B46B342A8BF8F
:10A440003346002BC2BFABEB030BF61AFF1A149B6B
:10A45000002B18DD1A46DDE9040102F08DF90590A4
:10A4600003460028B9D001461A9A049802F0CEF8A3
:10A47000034600283FF4DAAE1A9904980F9301F0CE
:10A48000B1FF0F9B1A93BBF1000F1ADC0A9B002B44
:10A4900026DD169A0699049802F06EF90690034696
:10A4A000F0B90693C2E6C5F17F4505F57F0505F5D0
:10A4B0007B45E23501FA05F54FF0010AB5E70025C5
:10A4C000FAE71A9904985A4602F0B2F91A9000284D
:10A4D000DCD1ABE6D0F2000802FCFFFFE3FBFFFF9C
:10A4E000002E08DD06990498324602F0A1F9069084
:10A4F00003460028D5D0002F08DDDDE904013A46E7
:10A5000002F096F9059000283FF490AE069A1A9949
:10A51000049802F01BFA044600283FF487AEC36893
:10A520000F9300230599C36002F0F4F900283CDA88
:10A530000F9B53EA08035FD1C9F313034E46002B68
:10A540005AD129F000431B0D1B05B3F1D66F53D927
:10A55000636913B92369012B4EDD2146012204985A
:10A5600002F066F90599044602F0D4F9002843DDAB
:10A57000AD4B079A3340002A5DD0B3F1D66F5AD85D
:10A58000B3F15C7F7FF68BAEA84B40464946002274
:10A59000F5F7E2FFA44B0B4080468946002B7FF481
:10A5A00050AE049A222313604BE64E4660D10F9AB8
:10A5B000C9F313034AB39E4A934229D1079B4146EC
:10A5C000F3B1994B09EA0303B3F1D46F4FF0FF32B3
:10A5D00019D81B0DC3F16B0302FA03F3994217D18B
:10A5E000944B9E4202D101313FF420AE8E4B33405A
:10A5F00003F580194FF00008079B002BC4D120E61B
:10A600004FF0FF33EAE71346E8E753EA0803AFD019
:10A61000D5B13542F0D00F9B079A40464946B3B1B9
:10A62000FFF762FBDDE90C0153EC102BF5F7DEFDC3
:10A6300080468946E0E7A3F580136FEA13596FEA75
:10A6400009594FF0FF38D7E71AEA080FE2E7FFF79A
:10A650004BFBDDE90C0153EC102BF5F7C5FD002297
:10A66000002380468946F6F7DFF90028C4D016E6B5
:10A670000599204602F0CAFA5BEC10AB00224FF0BD
:10A68000804350465946F6F7E3F9002872D00F9BF5
:10A69000002B7DD1B8F1000F58D1C9F31303002B63
:10A6A0005AD1654B002250465946F6F7C7F90028A3
:10A6B0005BD150465946614B0022F5F74DFF82466B
:10A6C0008B460BF10043CDF820A00993DDE9082368
:10A6D000554DCDE9102306EA05031593584B06EABC
:10A6E00005029A4240F0B080A6F1547949EC108BF3
:10A6F00002F0C4F9DDE9082351EC100BF5F72CFF4B
:10A7000042464B46F5F772FD4E4A0D409542804653
:10A7100045D90D9A474B9A4203D10C9B01333FF424
:10A7200085ADDFF810914FF0FF381A99049801F0C9
:10A7300059FE0699049801F055FEDDE9040101F087
:10A7400051FE0498214601F04DFE20E6B8F1010FBC
:10A7500002D1002E3FF4A3AD9FED2B7BDFF8D8B0E4
:10A760008DED087B4FF0000AB0E7DFF8D0B04FF076
:10A77000000AA6E7314B504659460022F5F7ECFE99
:10A780000F9B82468B46002B9BD0CDE908AB9DE703
:10A790009FED1F7B8DED087B5BEC17AB96E701F11E
:10A7A0005479079B002BC0D1159A29F000431B0D4B
:10A7B000B2EB035FB9D15046594603F005FAF5F7FD
:10A7C0009DFE02460B4650465946F5F70DFD0F9A81
:10A7D000C9F3130343EA0803134306460F4672D036
:10A7E0000DA3D3E90023F6F729F900287FF429AD5A
:10A7F0000BA3D3E9002330463946F6F73DF900288C
:10A8000093D01EE5AFF30080000000000000F0BF11
:10A81000000000000000F03F9535A094FFFFDF3FEF
:10A8200035E5AF350000E03F0000F07F0000503913
:10A83000FFFF0F00FFFFEF7F0000F03F0000E03F51
:10A840000000E07FFFFF9F7C079B33B3159BB3F1B4
:10A85000D46F22D828A3D3E9002350465946F6F7EF
:10A86000F7F8A0B159465046F6F74EF9012838BF1F
:10A870000120F5F7F7FD0F9B82468B4603BB01F1E4
:10A88000004312901393DDE91223CDE91023119BAD
:10A89000159A03F1D6639B1A11939DED0C0BDDE91C
:10A8A000106702F0EBF8304653EC102B3946F5F701
:10A8B00053FEDDE90C23F5F799FC8046894670E7E5
:10A8C000CDE912ABDFE70EA3D3E90023F6F7B6F824
:10A8D00095E700230B93179A199B1360FFF779BA3A
:10A8E000652A3FF464AB452A3FF461AB0121FFF7D1
:10A8F0009FBB00BFAFF300800000C0FFFFFFDF4140
:10A900009535A094FFFFCF3F0A4601460248034B0E
:10A910000068FFF709BA00BF7C010020100000208A
:10A92000242B2DE9F047884601D8012B06D100F0F1
:10A930003DF9162303600020BDE8F087344E0D4634
:10A94000294615F8014B375D17F00807F8D12D2C73
:10A9500010D12C7801278D1C33F0100115D1302C2B
:10A960000DD1297801F0DF01582908D16C78023522
:10A9700010230AE02B2C04BF2C788D1CECE7002B55
:10A98000F6D1302C14BF0A23082307F1004E0EF134
:10A99000FF3E0021BEFBF3F90E4603FB19EAA4F1CA
:10A9A000300CBCF1090F10D86446A3421EDDB1F192
:10A9B000FF3F07D0B14516D301D1A24513DB06FBFB
:10A9C0000346012115F8014BE9E7A4F1410CBCF164
:10A9D000190F01D8373CE8E7A4F1610CBCF1190F5D
:10A9E00004D8573CE1E74FF0FF31EBE74B1C05D1B2
:10A9F00022230360764632B930469DE707B176429E
:10AA0000002AF9D009B105F1FF38C2F80080F3E758
:10AA1000F9F2000813460A46014602480068FFF7AB
:10AA20007FBF00BF7C0100202DE9F84380468946A6
:10AA300014460026D4E90175013F05D52468002C91
:10AA4000F8D13046BDE8F883AB89012B07D9B5F9B9
:10AA50000E30013303D029464046C84706436835C7
:10AA6000EAE700000FB407B5064904AB086853F8DD
:10AA7000042B8168019301F057FB03B05DF804EBF0
:10AA800004B070477C010020036A70B584680546F5
:10AA90000E460BB9FFF710F9636EDB0705D4A389E7
:10AAA000980502D4A06D00F0ACF8A389190702D56F
:10AAB0002369002B35D12146284602F047FA80B39E
:10AAC0004FF0FF35636EDA0705D4A3899B0502D4E6
:10AAD000A06D00F097F8284670BD002B04DAA2693B
:10AAE000934217DB0A2915D023685A1C226019707B
:10AAF000A36816F8011F013BA3600029EDD18B422A
:10AB000011DA22460A21284602F0E2F90130D7D0B4
:10AB10000A25D7E72246284602F0DAF90130E7D1C4
:10AB2000CEE7013EE4E723685A1C22600A221A702D
:10AB3000EEE70000024B01461868FFF7A5BF00BF13
:10AB40007C010020884210B501EB020402D9844246
:10AB5000234607D8431EA14207D011F8012B03F862
:10AB6000012FF8E70244824200D110BD13F8011D05
:10AB700002F8011DF7E702440346934200D17047F3
:10AB800003F8011BF9E710B56AB10139841802789E
:10AB900011F8013F9A4204D10130A04201D0002AAD
:10ABA000F5D1D01A10BD1046FCE70000014B186823
:10ABB000704700BF7C01002070B50D4B0D4C002686
:10ABC0001D1BB6EBA50F09D103F034F80A4C0B4B53
:10ABD00000261D1BB6EBA50F05D170BD54F8043B34
:10ABE00098470136EDE754F8043B98470136F1E702
:10ABF00038F5000838F5000838F500083CF500087D
:10AC000070477047704700000048704700010020FF
:10AC10000A44914200F1FF3300D1704710B511F89A
:10AC2000014B03F8014F9142F9D110BD0000000023
:10AC30009FED010B704700BF000000000000F87F8F
:10AC40002DE9F74F03690C69A34280467EDB013C86
:10AC500001F11407A30000F11405009305EB840330
:10AC6000019357F8243055F8242001339A4207EB1A
:10AC70008409B2FBF3F62ED34FF0000ABC46AE4671
:10AC8000D3465CF8043B98B206FB00A0020C1B0CF8
:10AC900006FB0323DEF8002080B292B2121A5A4457
:10ACA000DEF800004FEA134A9BB2C3EB224303EBEA
:10ACB000104392B242EA0342E1454EF8042B4FEAB8
:10ACC000234BDED2009BEB582BB9019B1A1F9542F8
:10ACD00030D3C8F81040404601F01CFE002825DBA8
:10ACE00001362946002057F8042BD1F800C01FFA7E
:10ACF00082FE1FFA8CF3A3EB0E030344120CC2EB8B
:10AD0000234202EB1C429BB243EA0243B94541F89D
:10AD1000043B4FEA2240E6D255F8242005EB840399
:10AD200022B9043B9D420BD3C8F81040304603B013
:10AD3000BDE8F08F1368002BCBD1043A013CC6E785
:10AD40001A68002AF0D1043B013CEBE70020EEE753
:10AD50002DE9F04F99B08DED0E0B0C92C269229C3B
:10AD60000A9157EC106B8146139382B9102001F0C1
:10AD7000FBF80246C9F81C0020B9A94BEF21A948ED
:10AD800002F01AFA0023C0E901330360C3601168BE
:10AD900059B152684A60012393408B60484601F0E4
:10ADA00021FBD9F81C3000221A60B7F10008B5BFAA
:10ADB00001230023236023609B4BBCBF28F0004885
:10ADC000CDF83C8033EA08031AD1139AC8F313086C
:10ADD00042F20F7358EA0608136000F06185239B66
:10ADE00053B9924B21E0924B00930833239A13609E
:10ADF000009819B0BDE8F08F8C4B00930333F5E752
:10AE00009DED0E7B002251EC170B00238DED067B90
:10AE1000F5F70AFE824650B1139A01231360239B73
:10AE200013B1239A834B1360834B0093E0E79DEDAE
:10AE3000060B16AA17A9484601F090FE5FEA1854BF
:10AE4000169D019079D0079BCDF850A0C3F3130352
:10AE5000DDE9060143F07F5343F44013A4F2FF34CD
:10AE600019460022754BF5F7BFF967A3D3E9002314
:10AE7000F5F772FB66A3D3E90023F5F7B7F90646A9
:10AE800020460F46F5F7FEFA63A3D3E90023F5F752
:10AE900063FB02460B4630463946F5F7A7F90646EE
:10AEA0000F46F5F709FE002280460023304639465A
:10AEB000F5F7C4FD48B14046F5F7E4FA32463B46A3
:10AEC000F5F7B2FD08B908F1FF38B8F1160F51D8FF
:10AED0005B4B03EBC803D3E90023DDE90601F5F77B
:10AEE000ADFD002848D008F1FF38002312932D1B38
:10AEF0006B1E089343BF0023C5F101070893002789
:10AF0000B8F1000F3ADB089BCDF834804344089336
:10AF1000002309930A9B092B62D8052BC4BF043B6D
:10AF20000A930A9BA3F10203CCBF00240124032B44
:10AF300062D8DFE803F05153362B179C2C4404F2FF
:10AF40003243202BC1BFC3F1400308FA03F804F2D7
:10AF5000124326FA03F3D6BFC3F1200348EA0300E5
:10AF600006FA03F0F5F77EFA0122A1F1F873013C2D
:10AF7000149275E70123B9E71290B8E7C8F100030E
:10AF800009930023A7EB08070D93C3E701230B9355
:10AF90000C9B434405930133012B0493B8BF012359
:10AFA00006E001230B930C9B002B28DDCDE9043335
:10AFB000D9F81C000021042202F114059D4243D956
:10AFC0004160484601F0D0F9009000283FD11D4B68
:10AFD000024640F2AF11D2E60023E3E70023D6E7B2
:10AFE00001240023CDE90A344FF0FF330022CDE9DC
:10AFF00004330C921223DBE701230B93F4E70123C4
:10B00000CDE904330C93D3E761436F63A787D23F45
:10B01000B3C8608B288AC63FFB799F501344D33F47
:10B02000E3F00008FAF000080000F07FDFF000080D
:10B03000D6F00008A9F00008A8F000080000F83FCA
:10B0400030F4000867F1000801315200B4E7D9F884
:10B050001C30009A1A60049B0E2B75D8002C73D0FC
:10B06000B8F1000F40F3C4809F4B08F00F0203EBD0
:10B07000C20318F4807FD3E900AB4FEA281500F033
:10B08000A3809A4BDDE90601D3E90823F5F78EFB8F
:10B09000CDE9020105F00F050324944E002D40F088
:10B0A000998052465B46DDE90201F5F77FFB824657
:10B0B0008B46129B002B00F0C3808D4B0022504624
:10B0C0005946F5F7BBFC002800F0BA80049B002B22
:10B0D00000F0B680059B002B36DD08F1FF330293AC
:10B0E00050465946834B0022F5F736FA059E8246B4
:10B0F0008B4601342046F5F7C5F952465B46F5F715
:10B100002BFA7D4B0022F5F771F80446A1F150753A
:10B11000CDE91045002E40F09780784B0022504634
:10B120005946F5F761F822462B4682468B46F5F7DD
:10B13000A3FC002840F0BD82224605F100435046A2
:10B140005946F5F77BFC20BB179B002BC0F28D8185
:10B15000B8F10E0F00F38981634B03EBC803D3E909
:10B1600000AB0C9B002B80F21B81049B002B00F397
:10B1700017810ED1614B002250465946F5F7ECF984
:10B1800002460B46DDE90601F5F762FC002800F0F7
:10B19000938200252C460C9B009EDB43029327469E
:10B1A00000242946484601F01DF9002F00F0EE80EA
:10B1B0002CB1BC4203D02146484601F013F9394670
:10B1C000484601F00FF9E1E09DED067B02248DED8C
:10B1D000027B62E7E90708D550465946D6E90023C5
:10B1E000F5F7BAF9013482468B466D10083655E7FB
:10B1F00022D0C8F100053C4B3C4E05F00F0203EB9A
:10B20000C203D3E90023DDE90601F5F7A5F92D1105
:10B2100082468B460224002D3FF44BAFEA0708D547
:10B2200050465946D6E90023F5F796F9013482468F
:10B230008B466D100836EEE7DDE906AB022438E7F1
:10B24000049ECDF8088055E7274B03EBC60353E96E
:10B2500002010B9B002B55D002460B4600202849CB
:10B26000F5F7A4FADDE91023F4F7BEFF009BCDE962
:10B2700010019D191E4659465046F5F71DFC00F178
:10B280003004F5F7FFF802460B4650465946F4F7EE
:10B29000ABFFDDE9102306F8014B82468B46F5F73C
:10B2A000CDFB002872D152465B4611490020F4F7CD
:10B2B0009BFFDDE91023F5F7C1FB002840F0B680C5
:10B2C000AE423FF441AFDDE910010A4B0022F5F731
:10B2D00043F9084BCDE91001002250465946F5F7D5
:10B2E0003BF982468B46C6E730F4000808F40008B4
:10B2F0000000F03F0000244000001C40000014400B
:10B300000000E03FDDE91023F5F726F9009B009CE3
:10B31000CDE910013344159359465046F5F7CCFB5F
:10B3200000F13005F5F7AEF80B4602465946504697
:10B33000F4F75AFF04F8015B159B9C4282468B464A
:10B3400027D1009B0022DDE910011E44AA4BF4F72F
:10B350004DFF02460B4650465946F5F78DFB002837
:10B3600064D1DDE91023A4490020F4F73DFF024633
:10B370000B4650465946F5F761FB00283FF4E4AE12
:10B38000334616F8012D302AFAD01E46DDF8088023
:10B390003AE09A4B0022F5F7DFF882468B46BBE78E
:10B3A000009E52465B46DDE90601F5F7FFF9F5F729
:10B3B00083FB0746F5F766F852465B46F5F7CCF88F
:10B3C00002460B46DDE90601F4F70EFF07F1300CEB
:10B3D000009C06F801CBA6EB040C049C64450246D5
:10B3E0000B4633D1F4F702FF52465B4604460D4646
:10B3F000F5F742FBC0B952465B4620462946F5F7B1
:10B4000013FB08B1FB070FD40199484600F0EAFF8F
:10B410000023139A337008F101031360239B002B60
:10B420003FF4E6AC1E60E3E4CDF8088033461E46E8
:10B4300013F8012D392A06D1009A9A42F7D1029ABF
:10B4400001320292302201321A709FE76B4B0022C8
:10B45000F5F782F802460B46CDE9062300220023C9
:10B46000F5F7E2FA00289CD0CEE70B9A002A00F00C
:10B47000DF800A9A012A00F3C380149A002A00F0A0
:10B48000B78003F23343099D3E46089A01211A44CE
:10B4900048461F44089201F0A3F8044656B1089BA1
:10B4A000002B07DDB342089AA8BF3346FF1AF61AED
:10B4B000D31A0893099B0BB30B9B002B00F0BF80A2
:10B4C000002D00F0B98021462A46484601F054F983
:10B4D000019A01460446484601F098F801998246CF
:10B4E000484600F07FFF099B5B1B099300F0AA8090
:10B4F000099A5146484601F03FF90190012148461A
:10B5000001F06EF80D9B0546002B00F0D0811A4625
:10B510000146484601F030F90A9B012B054600F32D
:10B5200099800E9B002B40F090800F9BC3F3130378
:10B53000002B40F08A800F9B23F000431B0D1B055E
:10B54000002B00F08580089B0133013708934FF0F2
:10B55000010A0D9B002B00F0B0812B6905EB8303E2
:10B56000186900F0F1FFC0F12000089B184410F0AA
:10B570001F0076D01B2870DCC0F11C000744064475
:10B5800003440893002F05DD01993A46484601F02F
:10B590004FF90190089B002B05DD29461A464846C5
:10B5A00001F046F90546129B002B5FD00198294611
:10B5B00001F0B0F9002859DA08F1FF33029301993C
:10B5C00000230A22484600F02FFF0B9B0190002B1E
:10B5D00000F07581002321460A22484600F024FF2E
:10B5E000059B002B044671DC0A9B022B47DC6DE0B7
:10B5F000169BC3F1360346E70000E03F00002440FD
:10B60000049B5D1E099BAB4208DB5D1B049B002B6A
:10B61000BFF63AAF049BFE1A002336E7099B0D9A4A
:10B620000995EB1A1A440D92049B3E4600252CE71F
:10B63000099D0B9C3E4631E7DDF804A058E7099AC6
:10B64000019957E7CDF804A058E74FF0000A80E7CA
:10B650009A467EE74FF0000A7FE71C2892D0C0F19F
:10B6600020001C30089B0744064489E7049BCDF862
:10B670000880002B24DC05930A9B022B22DD059B0E
:10B68000002B7FF488AD2946059B0522484600F033
:10B69000CBFE01460546019801F03CF900287FF7F2
:10B6A0007AAD009E312306F8013B029B01330293E1
:10B6B00075E535462C46F4E7049DCDF80880F9E79A
:10B6C000049B05930B9B002B00F0FD80002E05DDF5
:10B6D00021463246484601F0ABF80446BAF1000F65
:10B6E00058D06168484600F03FFE064628B9814BB5
:10B6F000024640F2EF21FFF742BB2269023292007C
:10B7000004F10C010C30FFF783FA01223146484660
:10B7100001F08EF80746009B009A03F10108059B93
:10B72000134406930E9B03F00103089329460198E6
:10B73000FFF786FA2146049000F1300B019801F0E2
:10B74000E9F83A4605902946484601F0FFF8C268F4
:10B7500008F1FF3A0646FAB90146019801F0DAF815
:10B76000024631464846099200F03CFEDDE90923D5
:10B7700042EA0301089B194346460FD1BBF1390F3A
:10B7800028D0059B002B02DD049B03F1310B8AF8C6
:10B7900000B006E52746BEE70122E2E7059B002B45
:10B7A00004DB0A990B4308990B4320D1002AEEDDF4
:10B7B00001990122484601F03BF82946019001F029
:10B7C000A9F8002803DCE2D11BF0010FDFD0BBF1A8
:10B7D000390FD9D139238AF8003033461E46013B50
:10B7E00016F8012C392A52D001321A70D9E4002AF5
:10B7F00007DDBBF1390FEDD00BF101038AF8003002
:10B80000CFE4069B08F801BC43452AD001990023E8
:10B810000A22484600F008FEBC4201904FF00003A7
:10B820004FF00A022146484606D100F0FDFD0446CD
:10B83000074608F1010879E700F0F6FD39460446AD
:10B8400000230A22484600F0EFFD0746F1E7059B7A
:10B850005E1E002B009BD8BF00265A1C27461644AC
:10B86000002401990122484600F0E2FF2946019098
:10B8700001F050F80028B0DC02D11BF0010FACD170
:10B8800033461E4613F8012D302AFAD089E4009A77
:10B890009A42A3D1029B013302933123137080E4B7
:10B8A000239B002B7FF49FAA134BFFF7BEBA0A9B82
:10B8B000012B7FF736AEDDF834A0012055E6059B5D
:10B8C000002B7FF7D9AE009E01982946FFF7B8F903
:10B8D00000F1300B009B06F801BBF21A059B934266
:10B8E000B5DD019900230A22484600F09DFD019034
:10B8F000EAE700BF67F10008D6F000080369B3EB80
:10B90000611F2DE9F0434FEA611200F1140443DD99
:10B9100011F01F0104EB830C04EB82050CD100F144
:10B9200010062946614532D39B1A9B00033DAC4566
:10B9300038BF0023234414E054F82260C1F12008EA
:10B94000CE4005F1040EA146F44515D89A1A92008E
:10B95000043A0135AC4538BF0022A318A65006B101
:10B9600004331A1BA3424FEAA20208BF002302615C
:10B9700008BF4361BDE8F083DEF8007007FA08F7FE
:10B98000374349F8047B5EF8046BCE40DCE751F89E
:10B99000047B46F8047FC5E72346E2E7A0F13003C5
:10B9A000092B02D82038C0B27047A0F16103052BE3
:10B9B00001D84738F7E7A0F14103052B01D8273814
:10B9C000F1E70020704700002DE9F04F85B00F46E9
:10B9D00002930B68019091469C1C20783028A04669
:10B9E00004F10104F9D0A8EB0303A3F1020BFFF764
:10B9F000D5FF8246002838D19F4901224046FFF7F3
:10BA0000C2F80546002863D198F801002646FFF7E2
:10BA1000C5FF00285ED020783028A04604F101043C
:10BA2000F9D0FFF7BBFFB0FA80F4640935464FF058
:10BA3000010BC24656460AF1010A3078FFF7AEFF05
:10BA40000028F7D18C4901223046FFF79CF878B9DD
:10BA500045B9554656460AF1010A3078FFF79EFF70
:10BA60000028F7D1AD1BAD0004E000242546E0E737
:10BA7000002DF7D1337803F0DF03502B37D17378E3
:10BA80002B2B29D02D2B2BD0711C4FF0000A0878BE
:10BA9000FFF784FF431EDBB2182B28D8A0F1100259
:10BAA00011F8010FFFF77AFF431EDBB2182B1AD9EA
:10BAB000BAF1000F00D0524215443960CCB1BBF14D
:10BAC000000F0CBF06270027384605B0BDE8F08FF1
:10BAD000464655460124CDE74FF0000AB11CD6E793
:10BAE0004FF0010AFAE70A2303FB0200D6E73146CA
:10BAF000E3E7A6EB0803013B2146072B0ADC01988C
:10BB000000F032FC044640B95C4B0246E4215C483C
:10BB100001F052FB01315B10EFE700F1140A002342
:10BB200057469B46B04537D347F804BBA7EB0A07F7
:10BB3000BB102361584600F007FDD9F80060C0EB48
:10BB4000C707B74254DDBF1B3946204601F0B2F8A3
:10BB5000804678B17B1E591103F01F025AF821105C
:10BB60004FF0010808FA02F20A4203D0434536DCDE
:10BB70004FF0020839462046FFF7C0FE3D44D9F891
:10BB80000830AB4242DA0198214600F02BFC0E9AB5
:10BB900000231360A32797E716F8012D2E2A12D051
:10BBA000202B04D147F804BB4FF0000B5B463078E4
:10BBB0000393FFF7F3FE039B00F00F0098404BEA5E
:10BBC000000B0433AEE7B045EAD82B4903930122BA
:10BBD0003046FEF7D8FF039B0028E1D1A2E7B91E4B
:10BBE000204601F067F80028C2D04FF00308C1E7F3
:10BBF00009DAF71B214601983A4600F019FEED1BC1
:10BC0000044600F1140A4FF00008B8E7D9F80430F0
:10BC1000AB426FDD5D1BAE4234DCD9F80C30022B39
:10BC200022D0032B24D0012B15D1AE4213D1012EEB
:10BC30000BD1029AD9F80430136001232361CAF8AA
:10BC400000300E9B62271C603EE7711E204601F00B
:10BC500031F80028EDD10198214600F0C3FB0E9A7F
:10BC60000023136050272FE70F9B002BF3D1E0E751
:10BC70000F9B002BDDD1EEE7CCF0000867F1000848
:10BC800078F100086F1EB8F1000F30D127B13946A6
:10BC9000204601F00FF880467A1101235AF822203D
:10BCA00007F01F07BB4013422946204618BF48F043
:10BCB0000208761BFFF722FED9F804500227B8F1DC
:10BCC000000F42D0D9F80C30022B15D0032B17D01F
:10BCD000012B09D118F0020F06D0DAF8003048EA3B
:10BCE000030818F0010F0ED147F010072DE04FF0B8
:10BCF0000108D1E70127E2E70F9BC3F101030F938E
:10BD00000F9B002BF0D0D4F810A004F1140303EB28
:10BD10008A0100201A68B2F1FF3F1BD001321A607D
:10BD2000022F04F114033CD1D9F80020013AB242A9
:10BD300009D17111012253F8213006F01F0602FAD1
:10BD400006F61E423AD147F020070E9B1C60029B6C
:10BD50001D60B9E643F8040B9942DBD8A3689A4505
:10BD600017DB61680198013100F0FEFA804618B9CE
:10BD70001A4B02468421CAE62269023204F10C0100
:10BD800092000C30FEF744FF2146019800F02AFB98
:10BD9000444623695A1C04EB8303226101225A6141
:10BDA000BEE7226952450BDD01212046FFF7A6FDC3
:10BDB000D9F808300135AB42FFF6E5AE0127C2E7FE
:10BDC00016F01F06FAD003EB8A03C6F1200653F8DB
:10BDD000040C00F0B9FBB042E6DBEFE767F10008C6
:10BDE000C2F10802920070B5C2F1200643680468EF
:10BDF00003FA06F52C43D340046040F8043F884220
:10BE0000F4D370BD30B503680139013311F8014F27
:10BE100014B90360012030BD13F8012BA2F14105D4
:10BE2000192D98BF2032A242F0D00020F3E72DE96F
:10BE3000F04F0B6887B05E11029013F01F0302EB06
:10BE400086060193029B18BF04360025371F196828
:10BE500046F8045C9046B9463C46AB46AA464A784A
:10BE60004B1C039332B3104605910492FFF796FDE5
:10BE7000002851D1049A0599202A16D8DA4512DDF6
:10BE80004C4506D2072D04DC2A4649462046FFF7DA
:10BE9000A7FF444553D90023A4F1040944F8043C06
:10BEA000D3464C461D460399D9E7292A59D1029B0E
:10BEB00002311960BAF1000F53D04C4506D2072D5C
:10BEC00004DC2A4649462046FFF78AFF444538D914
:10BED000A8F10402234653F8041B42F8041F9F42B2
:10BEE000F9D23B1B23F003030134033EB44288BF65
:10BEF000002308F10402134400211A4604339F4230
:10BF00001160FAD23B681BB9474528D101233B6039
:10BF1000052007B0BDE8F08F0135082D0AF1010AB0
:10BF200006DD4445BFD9002344F8043C0125043C08
:10BF3000226800F00F0040EA02102060B3E70825F5
:10BF4000B1E7019B002BDDD0C3F120034FF0FF329E
:10BF5000DA4056F8043C134046F8043CD2E7043F6C
:10BF6000D0E70420D5E70000024B0146186800F036
:10BF700025B800BF7C01002070B50F4C0E4621682B
:10BF8000054611B901F0D4F820603146284601F089
:10BF9000CFF8431C03D14FF0FF34204670BDC41CC2
:10BFA00024F00304A042F8D0211A284601F0C0F87A
:10BFB0000130F2D1EFE700BF745300202DE9F843C0
:10BFC000CD1C25F0030508350C2D38BF0C25002DA0
:10BFD000064601DBA94204D90C2333600020BDE8EA
:10BFE000F883334F00F0B4F93B681C463CBB29464C
:10BFF0003046FFF7C1FF431C044656D13C68A046BB
:10C00000B8F1000F40D1002C49D02368414630469A
:10C0100004EB030901F08CF8814540D121686D1AC9
:10C0200029463046FFF7A8FF013038D023682B445B
:10C0300023603B685A685ABBC7F800800EE022684C
:10C04000521B1ED40B2A16D96119A342256018BFB2
:10C050005960636808BF396062514B60304600F038
:10C060007DF904F10B00231D20F00700C21A1CBF4C
:10C070001B1AA350B3E76268A3420CBF3A605A6030
:10C08000ECE723466468B1E74446D8F80480B7E794
:10C090001A465B68A342FBD100235360DEE70C2302
:10C0A0003360304600F05AF998E70560D6E700BFE4
:10C0B0007853002082B001B901A942B14BB1137885
:10C0C0000B601278101E18BF012002B07047104696
:10C0D000FBE76FF00100F8E79368013B002B10B419
:10C0E000936007DA9469A34201DB0A2902D110BCEC
:10C0F00000F0EEBE1368581C10601970084610BCA2
:10C100007047F8B506460F461446D518AC4201D123
:10C11000002007E014F8011B3A463046FFF7DCFF29
:10C12000431CF3D1F8BD00002DE9F04706469CB052
:10C130000D4614461F4618B1036A0BB9FDF7BCFD46
:10C140006B6ED90705D4AB899A0502D4A86DFEF7AA
:10C1500058FDAB891B0701D52B699BB92946304691
:10C1600000F0F4FE70B16B6EDE0704D54FF0FF30C7
:10C170001CB0BDE8F087AB899C05F7D4A86DFEF72D
:10C1800041FDF3E70023099320238DF8293003971D
:10C1900030236A4F8DF82A304FF0010823461A7871
:10C1A00099461AB1252A03F10103F8D1B9EB040A23
:10C1B0000BD05346224629463046FFF7A2FF0130F6
:10C1C00000F0A380099A5244099299F80030002B9C
:10C1D00000F09B8000224FF0FF33CDE9053209F1DA
:10C1E0000109049207928DF853201A924C460522B9
:10C1F00014F8011B5148F3F79BFF049AD0B9D006FD
:10C2000044BF20238DF85330110744BF2B238DF8F2
:10C21000533099F800302A2B13D007994B46002051
:10C220004FF00A0C1A78303A092A1C464AD9A8B1AC
:10C23000079113E0C01B08FA00F010430490A146D8
:10C24000D4E7039B191D1B680391002BBBBF5B4206
:10C2500042F0020207930793B8BF049223782E2B73
:10C260000AD163782A2B32D1039B1A1D1B680392D3
:10C2700043EAE37302340593DFF8D0902178032278
:10C280004846F3F755FF38B1049BA0EB0900402264
:10C290008240134301340493217829488DF82810F3
:10C2A0000622F3F745FF00283ED0264818BB039B23
:10C2B000073323F0070308330393099B0344013436
:10C2C00009936BE701330CFB01210120AAE700234E
:10C2D0000593611C18464FF00A0C0A78303A092A77
:10C2E0000C4603D9002BC7D00590C5E701310CFBE4
:10C2F00000200123F1E703AB00932A46124B04A967
:10C300003046FDF787F8431CD7D16B6ED90705D4AB
:10C31000AB899A0502D4A86DFEF774FCAB895B0665
:10C320003FF524AF099823E703AB00932A46064B59
:10C3300004A93046FDF708FBE5E700BFEDF1000872
:10C34000F7F100081594000803C10008F3F1000894
:10C350000148FEF756BC00BF705300200148FEF7AD
:10C3600051BC00BF7053002070B5C46905460E462D
:10C3700084B91020FFF7F8FD0446E86128B90246A9
:10C38000164B17486B2100F017FF0023C0E901335B
:10C390000360C360E36853B921220421284600F0FA
:10C3A00029FFEB69E060DB680BB9002070BD53F832
:10C3B000260030B1026843F826200023C0E9033389
:10C3C000F4E7012101FA06F4621D9200284600F00C
:10C3D00011FF0028E9D0C0E90164EEE7E3F00008AE
:10C3E000FEF1000870B5C46906460D4674B9102008
:10C3F000FFF7BAFD0246F06120B9094B09488F21C9
:10C4000000F0DAFEC0E901440460C4603DB1F369A4
:10C410006A68DB6853F82210296043F8225070BD27
:10C42000E3F00008FEF100082DE9F0410D69074630
:10C430000C461E4601F1140C0020DCF8003099B2C5
:10C4400002FB01611E0C0B0C02FB063389B20130AA
:10C4500001EB034185424CF8041B4FEA1346ECDC28
:10C460000EB3A368AB4219DC616838460131FFF7AF
:10C470007BFF804628B902460C4B0D48BA2100F0DC
:10C480009BFE2269023204F10C0192000C30FEF78F
:10C49000BFFB21463846FFF7A5FF444604EB850362
:10C4A00001355E6125612046BDE8F08167F1000835
:10C4B000FEF100082DE9F843884614461F4609227C
:10C4C0000833064693FBF2F3002101229A4209DB6E
:10C4D0003046FFF749FF40B90246194B1948D321AE
:10C4E00000F06AFE52000131F0E7089B4361092C1D
:10C4F0004FF00103036108DC08F10A050924641BFD
:10C500002B199F4212DCBDE8F88308F10905A94602
:10C51000A04419F8013B0146303B0A223046FFF7A0
:10C5200083FFC145F5D12544083DE8E715F8013BF7
:10C530000146303B0A223046FFF776FFE0E700BFB6
:10C5400067F10008FEF10008B0F5803F034636BFF2
:10C55000030400201020B3F1807F3CBF1B02083091
:10C56000B3F1805F3CBF1B010430B3F1804F3CBF8F
:10C570009B000230002B04DB5B0001D501307047CB
:10C5800020207047036813F0070201460BD0DA073A
:10C5900022D4980749BF5B089B0801200B605CBF51
:10C5A0000B600220704798B2A0B91B0C1020DAB2C1
:10C5B0000AB908301B0A1A0704BF1B0904309A077E
:10C5C00004BF9B080230DA0702D45B0806D00130B2
:10C5D0000B6070471046EAE7002070472020704744
:10C5E00010B50C460121FFF7BFFE024628B9054BE6
:10C5F000054840F2451100F0DFFD0123446103616D
:10C6000010BD00BF67F10008FEF100082DE9F04FF2
:10C61000D1F81080D2F81090C84585B00E46144667
:10C6200004DB4B460C46C14616469846A368616833
:10C6300009EB0807BB42B8BF0131FFF795FE30B9DF
:10C6400002464B4B4B484FF4B17100F0B5FD00F181
:10C65000140505EB870B2B4600225B4522D306F120
:10C66000140101EB880304F1140C0CEB890C029308
:10C6700004F1150363458CBF002301230093ACEB49
:10C680000403153B9B080193029B03918B420CD83A
:10C69000002F03DD5BF8043D002B67D0076105B078
:10C6A000BDE8F08F43F8042BD7E7B1F800A0BAF14A
:10C6B000000F28D004F11408A9464FF0000E58F8D6
:10C6C000042BD9F8003096B29BB20AFB0633D9F896
:10C6D0000060120C360C73440AFB026606EB13462C
:10C6E0009BB243EA0643C44549F8043B4FEA164E61
:10C6F000E5D8009A019B002A4FEA830308BF002374
:10C700002B44C3F804E0039BB3F802E00431BEF10C
:10C71000000F29D02B6804F114069846A9464FF063
:10C72000000A32880EFB02A202EB18429BB243EAD7
:10C73000024349F8043B56F8043BD9F800804FEA1D
:10C74000134A1FFA88F30EFB0A3303EB1243B44576
:10C750004FEA134AE5D8009E019A002E4FEA820262
:10C7600008BF00222A44536004358DE7013F8FE75C
:10C7700067F10008FEF100082DE9F843174612F0B2
:10C78000030280460D4607D0264C013A002354F898
:10C790002220FFF749FE0546BF103FD0D8F81C40C5
:10C7A00094B91020FFF7E0FB0446C8F81C0030B92C
:10C7B00002461D4B1D4840F2B31100F0FDFC002362
:10C7C000C0E901330360C360A66846B940F2712135
:10C7D0004046FFF705FF0023A060064603602C4695
:10C7E0004FF0000907F001037F1053B1294632468C
:10C7F0004046FFF70BFF214605464046FFF7F2FD96
:10C8000067B1306838B9324631464046FFF7FEFE20
:10C810003060C0F8009006462C46E3E72846BDE8A5
:10C82000F88300BFFCF30008E3F00008FEF1000805
:10C830002DE9F84F0C4649682669A36806EB621695
:10C84000074691464FEA621A06F1010843450BDBA1
:10C850003846FFF789FD054648B902462B4B2C4860
:10C860004FF4EF7100F0A8FC01315B00EEE700F13E
:10C87000140100230A461846534539DB20692AEA89
:10C88000EA7A01EB8A0104F1140319F01F098C46BE
:10C8900003EB800030D0C9F1200A4FF0000E1A6877
:10C8A000E34602FA09F242EA0E02CBF8002053F8FE
:10C8B000042B98420CF1040C22FA0AFEEFD8031B59
:10C8C000153B23F0030304F11502904238BF002307
:10C8D0001944C1F804E0BEF1000F00D1B04638465B
:10C8E000C5F810802146FFF77DFD2846BDE8F88F8A
:10C8F00042F8040B0133BFE753F8041BCCF80010D7
:10C9000098420CF1040CF7D8E8E700BF67F1000883
:10C91000FEF1000803690A699B1A30B50ED1143084
:10C92000143100EB820401EB820154F8045D51F8EC
:10C93000042D954204D006D24FF0FF33184630BD87
:10C94000A042F2D3FAE70123F8E700002DE9F74F00
:10C950008A460646114650461446FFF7DBFF051E81
:10C9600012D129463046FFF7FFFC024628B9414B59
:10C9700040F23721404800F01FFC0123C0E9043594
:10C98000104603B0BDE8F08FBCBF5346A246304608
:10C99000DAF80410BABF1C4601250025FFF7E4FCB5
:10C9A000024618B9334B40F24521E3E7DAF810703C
:10C9B0002669C5600AF1140904F1140E00F114058A
:10C9C0000AF1100309EB87080EEB86060193AB46CC
:10C9D0004FF0000C019B5EF8040B53F804AF019379
:10C9E0001FFA8AF183B2CB1A000C6344C0EB1A40E1
:10C9F00000EB23409BB243EA004376454BF8043BEF
:10CA00004FEA204CE6D8331B153B153423F00303C3
:10CA1000A64238BF0023E8184B441C1D04302646AC
:10CA2000A5EB090546450ED308F10301091B21F0CA
:10CA300003010133984538BF0021014451F8043DFA
:10CA4000ABB117619CE706EB050E56F8041BE246F6
:10CA50004FEA11491CFA81FC514409EB2C4989B277
:10CA600041EA09414FEA294CCEF80010DAE7013FCC
:10CA7000E4E700BF67F10008FEF1000882B08DED29
:10CA8000000B019A0F4B1340A3F15073002B08DCED
:10CA90005B42B3F1A07F4FEA235204DA4FF4002344
:10CAA0001341002208E0A2F114031E2BDABF4FF05D
:10CAB0000042DA40012200231946104641EC100BD7
:10CAC00002B070470000F07FF8B5056900F1140668
:10CAD00006EB85052F1F55F8044C2046FFF734FD63
:10CAE000C0F120030A280B6016DCC0F10B0C24FAFD
:10CAF0000CF1BE4241F07F5334BF55F8081C0021B1
:10CB0000153004FA00F021FA0CF143F4401301430C
:10CB10000A4643EC102BF8BDBE423ABF55F8081C3C
:10CB2000A5F1080700210B3812D0C0F1200521FA29
:10CB300005F384401C43B74244F07F538CBF57F841
:10CB4000044C00248140EC4043F440132143DFE7D0
:10CB500044F07F5343F44013DAE700002DE9F74334
:10CB60000F46012159EC108B1646FFF7FDFB0546D9
:10CB700030B90246234B244840F20F3100F01CFB31
:10CB8000C9F30A54C9F313030CB143F4801301939E
:10CB9000B8F1000323D068460093FFF7F3FC009937
:10CBA000D8B1019AC0F1200302FA03F30B43C2404B
:10CBB0006B610192019BAB61002B0CBF0122022231
:10CBC0002A61A4B1A4F2334404443C60C0F13500AE
:10CBD0003060284603B0BDE8F0836961EAE701A848
:10CBE000FFF7D0FC019B6B6120300122E8E705EBE9
:10CBF0008203A0F2324038601869FFF7A5FCC0EB51
:10CC00004210E5E767F10008FEF10008F7B50E46AF
:10CC100069460746FFF758FF01A9304655EC104B0F
:10CC2000B0EE407AF0EE607AFFF74EFF33693A6972
:10CC3000D21ADDE900369B1B03EB4213002BD4BF55
:10CC400010EE902A17EE902A51EC100BD6BFC3EBD2
:10CC5000033302EB035502EB03510B460246294610
:10CC60002046F3F7A3FD41EC100B03B0F0BD0139F2
:10CC700070B549111469013102F1140300EB81010F
:10CC800003EB8404051FA3420CD3A31A113B23F02A
:10CC900003031132944238BF002318440023884212
:10CCA00005D370BD53F8046B45F8046FEBE740F80B
:10CCB000043BF4E700F1140200694B11984210B5EF
:10CCC00011DB0ADD11F01F0107D052F8234024FACE
:10CCD00001F000FA01F18C420BD102EB8303934285
:10CCE00003D8002010BD0346F7E753F8041D0029C0
:10CCF000F5D00120F6E710B50C46B1F90E1000F0A2
:10CD000005FA0028ABBF636DA3891B1823F4805379
:10CD1000ACBF6365A38110BD2DE9F0411F468B892F
:10CD2000DB0505460C46164605D5B1F90E10022363
:10CD3000002200F0D9F9A389B4F90E1023F480532E
:10CD4000A38132463B462846BDE8F04100F000BAD8
:10CD500010B50C46B1F90E1000F0C6F9B4F90C305C
:10CD6000421C0BBF23F4805343F48053A381A3815F
:10CD700018BF606510BDB1F90E1000F0FBB90000DE
:10CD8000B1F90C202DE9F041160705460C4651D4A7
:10CD90004B68002B02DC0B6C002B49DDE66A002E91
:10CDA00046D0002312F480522F682B6031D0626D80
:10CDB000A389590705D56368D21A636B0BB1236C3D
:10CDC000D21A0023E66A216A2846B047421CB4F909
:10CDD0000C3006D129681D2945D8284ACA40D607F3
:10CDE00041D500226260D9042269226004D5421C28
:10CDF00001D12B6803B96065616B2F60C1B104F18B
:10CE00004403994202D0284600F008FA00236363E5
:10CE10000EE0216A01232846B0470246501CC7D1C4
:10CE20002B68002BC4D01D2B01D0162B1AD12F60DC
:10CE300000201DE00F69002FFAD093070E6808BF8D
:10CE40004B690F6018BF0023A6EB07088B60B8F191
:10CE5000000FEDDD216AA66A43463A462846B047F0
:10CE6000002807DCA38943F04003A3814FF0FF3083
:10CE7000BDE8F0810744A8EB0008E8E70100402086
:10CE800038B50B6905460C4613B91D46284638BD12
:10CE900018B1036A0BB9FCF70FFFB4F90C30002B83
:10CEA000F3D0626ED00704D4990502D4A06DFDF7CB
:10CEB000A8FE28462146FFF763FF636EDA070546A2
:10CEC000E4D4A3899B05E1D4A06DFDF79BFEDDE7CB
:10CED000F8B505460F46144618B1036A0BB9FCF7BE
:10CEE000EBFEA369A360A3891A0701D5236943B99F
:10CEF0002146284600F02AF818B14FF0FF36304698
:10CF0000F8BD23692068C01A6369834205DC2146A5
:10CF10002846FFF7B5FF0028EFD1A368013BA360C7
:10CF200023685A1C22601F70636901308342FEB27D
:10CF300004D0A389DB07E2D50A2EE0D1214628469A
:10CF4000FFF79EFF0028DAD0D7E7000038B5284B5E
:10CF5000054618680C4618B1036A0BB9FCF7ACFE1D
:10CF6000B4F90C30190720D4DA0607D409222A6054
:10CF700043F04003A3814FF0FF3031E0580711D553
:10CF8000616B41B104F14403994202D0284600F09C
:10CF900045F9002363630022A3896260226922604D
:10CFA00023F0240343F00803A38123694BB9A38929
:10CFB00003F42073B3F5007F03D02146284600F028
:10CFC0004AF8B4F90C3013F001020AD00022A26032
:10CFD00062695242A261226942B913F08000C7D14E
:10CFE00038BD990758BF6269A260F4E70020F7E7EF
:10CFF0007C01002049B1FF2A85BF8A2303600A70A3
:10D000004FF0FF3098BF012070470846704770B559
:10D010000E46B1F90E10002996B014461D460ADAE4
:10D02000B28912F0800213D14FF4806100202A608F
:10D03000216016B070BD6A4600F0ACF80028EFDB46
:10D04000019A02F47042A2F500535A425A41EBE7AA
:10D0500000224021EAE78B8973B59E0705460C46FE
:10D0600007D504F14703236023610123636102B004
:10D0700070BD01AB6A46FFF7CAFF009E28463146E5
:10D08000FEF79CFFB4F90C3038B99A05EFD423F0C1
:10D09000030343F00203A381E3E743F08003A3818A
:10D0A000019B2060C4E90406002BE0D0B4F90E1007
:10D0B000284600F009F80028D9D0A38923F00303FB
:10D0C00043F00103A381D2E738B5064C002305469F
:10D0D00008462360FAF7F0F9431C02D1236803B134
:10D0E0002B6038BD7C53002038B5074C05460846F8
:10D0F0001146002222601A46FAF7E0F9431C02D1D9
:10D10000236803B12B6038BD7C53002038B5074C31
:10D11000054608461146002222601A46FAF7A6F98B
:10D12000431C02D1236803B12B6038BD7C5300201F
:10D1300038B5064C0023054608462360FAF7C0F9C7
:10D14000431C02D1236803B12B6038BD7C530020FF
:10D1500038B5074C054608461146002222601A469B
:10D16000FAF792F9431C02D1236803B12B6038BD52
:10D170007C53002038B5064C002305460846236042
:10D18000FAF790F9431C02D1236803B12B6038BD34
:10D190007C53002038B5074C00230546084611464D
:10D1A0002360FAF783F9431C02D1236803B12B6093
:10D1B00038BD00BF7C5300201FB51D46094B1B68BE
:10D1C0000646D86852B1084C0091CDE901420749A2
:10D1D00033462A4600F06EF800F07EF8044C2246F2
:10D1E000F2E700BF7C0100206CF2000879F2000831
:10D1F000A7F2000870B5A1FB026535B93146FEF70C
:10D20000DDFE044628B9204670BD0C2303600024CF
:10D21000F9E732462946FDF7AEFCF4E737B50029B9
:10D2200044D051F8043C0190002BA1F10404B8BF94
:10D23000E418FFF78DF81E4A0198136833B963604C
:10D24000146003B0BDE83040FFF788B8A34208D9A6
:10D25000256861198B4201BF19685B684919216013
:10D26000EDE71A465B680BB1A342FAD9116855186D
:10D27000A5420BD1246821445418A3421160E0D187
:10D280001C685B6853600C441460DAE702D90C2315
:10D290000360D6E7256861198B4204BF19685B6893
:10D2A000636004BF491921605460CAE703B030BD10
:10D2B000785300200EB403B5014603AB054853F87C
:10D2C000042B00680193FEF72FFF02B05DF804EB1A
:10D2D00003B070477C01002008B5062000F02CF850
:10D2E0000120FAF7BDF81F2938B505460C4604D9C8
:10D2F000162303604FF0FF3038BDC26B12B152F8F5
:10D3000021304BB9284600F031F822460146284624
:10D31000BDE8384000F018B8012B0AD0591C03D1E1
:10D32000162303600120E7E7002142F8241020467D
:10D3300098470020E0E70000024B01461868FFF71D
:10D34000D2BF00BF7C01002038B5074C0023054642
:10D35000084611462360FAF77BF8431C02D1236884
:10D3600003B12B6038BD00BF7C530020FAF76EB8C4
:10D3700000B52DED028B83B0B0EE408ACDED010AF1
:10D3800000F07CFADDED010AB4EE608AF1EE10FAED
:10D3900006D6DFED0C7AF4EE670AF1EE10FA03D050
:10D3A00003B0BDEC028B00BDCDED017AFDF7FEFBB5
:10D3B000DDED017A87EEA70A2123036003B0BDECFF
:10D3C000028B00BD0000000008B52DED048BB0EE0F
:10D3D000409AF0EE609A00F07FF8B0EE408AF0EEEE
:10D3E000608AB0EE490AF0EE690A00F065F878B19B
:10D3F00019A3D3E9002351EC190BF3F73DFB70B9E6
:10D4000017A3D3E9002351EC190BF3F717FB98B9D5
:10D41000B0EE480AF0EE680ABDEC048B08BD9FED43
:10D420000A8BFDF7C3FBB0EE480AF0EE680ABDECCC
:10D43000048B2223036008BDFDF7B8FB22239FED78
:10D44000048B0360E4E700BF000000000000F07FF1
:10D450000000000000000000EF39FAFE422E864076
:10D4600051302DD5104987C000B52DED028BB0EE9F
:10D47000408A83B000F02CF8B4EE488AF1EE10FA3E
:10D4800006D6DFED0C7AB4EEE78AF1EE10FA03D49B
:10D4900003B0BDEC028B00BDCDED017AFDF786FB3C
:10D4A000DDED017A87EEA70A2123036003B0BDEC0E
:10D4B000028B00BD0000000082B08DED000B0198D2
:10D4C00040F0004000F58010C00F02B0704700BF70
:10D4D000B1EEC00A704700BF2DE9F04755EC104B84
:10D4E000D34925F000428A4286B04FEAD5760CD95E
:10D4F000D0498A4270D9C5F31303234340F05481C5
:10D50000002E66D09FEDB20B63E0CB4B9A4200F247
:10D510001A81CA4B9A4240F2308122462B4620465D
:10D520002946F3F719F8ACA3D3E9002306460F46C2
:10D53000F3F712F8AAA3D3E90023F2F755FE324617
:10D540003B46F3F709F8A8A3D3E90023F2F74EFE10
:10D5500032463B46F3F700F8A5A3D3E90023F2F7E0
:10D5600043FE32463B46F2F7F7FFA3A3D3E900237D
:10D57000F2F73CFE32463B46F2F7EEFF02460B4620
:10D5800020462946F2F730FECDE90201DDE90289A5
:10D59000204642464B462946F2F7DEFF0022064669
:10D5A0000F464FF0804340464946F2F71DFE0246C3
:10D5B0000B4630463946F3F7F9F822462B46F2F788
:10D5C00013FE02460B4600209D49F2F70DFE41EC8A
:10D5D000100B06B0BDE8F08789A3D3E900232046ED
:10D5E0002946F3F749FA0746002840F0E88086A369
:10D5F000D3E9002320462946F3F720FA002840F01B
:10D600003781904B204603EBC606294680A3D3E919
:10D610000023F2F7A1FFD6E90023F2F7E7FDF3F7C5
:10D620004BFA0646F2F72EFF7BA3D3E90023074609
:10D630008846F2F791FF02460B4620462946F2F74C
:10D64000D3FD02460B463846414691469A4674A39E
:10D65000D3E90023F2F780FFCDE90001DDE90023E3
:10D6600048465146F2F7C0FD02460B4604460D46B9
:10D67000F2F772FF58A3D3E9002307468846F2F772
:10D680006BFF57A3D3E90023F2F7AEFD3A464346BA
:10D69000F2F762FF54A3D3E90023F2F7A7FD3A465D
:10D6A0004346F2F759FF52A3D3E90023F2F79CFD5A
:10D6B0003A464346F2F750FF4FA3D3E90023F2F76F
:10D6C00095FD3A464346F2F747FF02460B46204691
:10D6D0002946F2F789FD07468846204629463A46FC
:10D6E0004346CDE90278F2F737FFCDE90401002E79
:10D6F0003FF44CAF3A46434600204FF08041F2F7EA
:10D7000073FD02460B46DDE90401F3F74FF80246CC
:10D710000B46DDE90001F2F767FD4A465346F2F792
:10D7200063FD0B46024646490020F2F75DFD6FF4AB
:10D730007F739E42C0F28E8001EB065141EC100BCC
:10D7400006B0BDE8F087404B9A423FF65AAF3F4BD8
:10D7500003EBC603D3E9002320462946F2F744FD34
:10D760003B4B03EBC60393ED007B86F001038DED8D
:10D77000007B81468A469E1B70E72BA3D3E90023DA
:10D7800020462946F2F732FD2D4B0022F3F774F9BB
:10D7900000283FF4C2AE2A4B002220462946F2F769
:10D7A00025FD41EC100B14E722462B462046294666
:10D7B000F2F71CFD41EC100B06B0BDE8F08700202D
:10D7C00006B0BDE8F04700F0E7B900BFAFF3008056
:10D7D0000000000000000000D0A4BE726937663E61
:10D7E000F16BD2C541BDBB3E2CDE25AF6A56113F61
:10D7F00093BDBE166CC1663F3E5555555555C53F48
:10D80000EF39FAFE422E864051302DD5104987C09F
:10D81000FE822B654715F73F0000E0FE422EE63FF3
:10D82000763C7935EF39EA3D9C7500883CE4377EDB
:10D83000412E8640FFFFEF7F422ED63FFFFFEF3D98
:10D840000000F03F18F50008B1A2F03F08F500080D
:10D85000F8F4000806F57A7301EB035100224FF04B
:10D86000B873F2F779FE41EC100B06B0BDE8F08713
:10D87000384606B0BDE8F04700F086B910EE903AA1
:10D8800030B523F00044621EB2F1FF4F3FD210EEDC
:10D89000101A21F0004EBEF1FF4F38D2A6453ADBF8
:10D8A00001F00042154600F09D8011F0FF4F03F09B
:10D8B000FF4C49D14FEA0E206FF07D024000002856
:10D8C00002F1FF32FADCBCF1000F5BD123026FF0F2
:10D8D0007D0C5B000CF1FF3CFBD512F17E0F6CDA86
:10D8E0006FF07D00831AA0EB0C00B2EB0C020EFA75
:10D8F00003F104FA00F36DD0013A03E03AD041009D
:10D90000013A09D3C81A0028F8DA4900F8E760EEAE
:10D91000200A80EEA00A30BDCB1A48BF0B461BB9C7
:10D9200028E05B000CF1FF3CB3F5000FF9DB1CF1C4
:10D930007E0F38DA6FF07D00A0EB0C00034145EA62
:10D94000030200EE102A30BD4FEAEE52BCF1000F88
:10D9500016D0E415C1F31601C3F31603121B41F4EC
:10D96000000143F40003A4F17F0CC5D1CB1A002BB6
:10D9700018DBD6D1224B03EB557393ED000A30BD73
:10D980007F3AA3E7E415A4F17F0C6FF07D01891ABB
:10D99000C3F31603A2EB0C0243F400030EFA01F1E9
:10D9A000013AAFE70B46A3F500030CF17F0C2B43C4
:10D9B00043EACC5300EE103A30BD6FF07D00C1F366
:10D9C0001601A0EB0C0041F40001A2EB0C0204FADA
:10D9D00000F391E7CB1A002B0ADBCBD0B3F5000F95
:10D9E0009FDBABE7064B03EB527393ED000A30BDB0
:10D9F0000029BFD0B1F5000F0B4692DB9EE700BFB8
:10DA000028F5000808B52DED028BF0EE408AB0EE47
:10DA1000608A00F047F820B9B0EE480ABDEC028BEE
:10DA200008BDB0EE480A00F03DF858B1F4EEC88ADF
:10DA3000F1EE10FAC8BFB0EE688AB0EE480ABDEC4D
:10DA4000028B08BDB0EE688AB0EE480ABDEC028BCE
:10DA500008BD00BF08B52DED028BF0EE408AB0EE98
:10DA6000608A00F01FF820B9B0EE480ABDEC028BC6
:10DA700008BDB0EE480A00F015F858B1B4EEE88AD7
:10DA8000F1EE10FAC8BFB0EE688AB0EE480ABDECFD
:10DA9000028B08BDB0EE688AB0EE480ABDEC028B7E
:10DAA00008BD00BF10EE103A33F000400ED0A0F5D4
:10DAB0000003B3F1FE4F0DD3074B421E9A4207D924
:10DAC000A0F1FF40B0FA80F0400970470220704793
:10DAD0000320704704207047FEFF7F0010EE103ACD
:10DAE000C3F3C752002BA2F17F01ACBF01204FF05E
:10DAF000FF301E290DDC00291ADBC3F3160316299B
:10DB000043F400030ADD963A03FA02F202FB00F046
:10DB10007047FDEEC07A17EE900A70474FF480020E
:10DB20000A411A44C1F11701CA4002FB00F07047D4
:10DB3000013118BF0020704710B582B08DED000B89
:10DB40000446FDF733F89DED000B046002B010BDF4
:10DB500000B5034683B051EC100B83B1024601F1CE
:10DB60000043CDE90023DDE90023F2F7F5FC41ECA9
:10DB7000100B222003B05DF804EBFFF7DDBF024677
:10DB80000B46EEE7000000009FED010BFFF7E0BF42
:10DB900000000000000000109FED010BFFF7D8BF50
:10DBA000000000000000007080EA104080EA1020B1
:10DBB00080EA101046F6961300F00F0043FA00F0CA
:10DBC00000F00100704700BF38B500220023044672
:10DBD0000D46F2F733FF28B920462946BDE8384004
:10DBE00000F00AB8204605F1004100F005F8404277
:10DBF00061EB410138BD00BF70B50C4B00220446FB
:10DC00000D46F2F7A9FCF2F77FFF0646F2F72AFC71
:10DC1000074B0022F2F7A0FC02460B46204629469D
:10DC2000F2F7E2FAF2F770FF314670BD0000F03D06
:10DC30000000F041F8B500BFF8BC08BC9E46704734
:0CDC4000F8B500BFF8BC08BC9E46704759
:10DC500000070E091C1B1215383F363124232A2DCC
:10DC600070777E796C6B6265484F464154535A5DBC
:10DC7000E0E7EEE9FCFBF2F5D8DFD6D1C4C3CACDAC
:10DC800090979E998C8B8285A8AFA6A1B4B3BABD9C
:10DC9000C7C0C9CEDBDCD5D2FFF8F1F6E3E4EDEA8C
:10DCA000B7B0B9BEABACA5A28F88818693949D9A7C
:10DCB0002720292E3B3C35321F18111603040D0A6C
:10DCC0005750595E4B4C45426F68616673747D7A5C
:10DCD000898E878095929B9CB1B6BFB8ADAAA3A44C
:10DCE000F9FEF7F0E5E2EBECC1C6CFC8DDDAD3D43C
:10DCF000696E676075727B7C51565F584D4A43442C
:10DD0000191E171005020B0C21262F283D3A33341B
:10DD10004E49404752555C5B7671787F6A6D64630B
:10DD20003E39303722252C2B0601080F1A1D1413FB
:10DD3000AEA9A0A7B2B5BCBB9691989F8A8D8483EB
:10DD4000DED9D0D7C2C5CCCBE6E1E8EFFAFDF4F3DB
:10DD5000000000000000000001020304060708099B
:10DD600000000000010203040D0A0D0A0D0A0D0A4D
:10DD70000D0000003E3E2041746865616E204D6FCD
:10DD8000746F7220436F6E74726F6C6C6572203C9E
:10DD90003C0D00003E3E2056657273696F6E3A205E
:10DDA00025642E25642E2564203C3C0D0A000000CD
:10DDB0003E3E20496E76616C69642F756E696E69AE
:10DDC0007469616C697A656420636F6E66696775F2
:10DDD000726174696F6E3B207573696E6720524182
:10DDE0004D2064656661756C7473202843414E2034
:10DDF00052583D312054583D3029203C3C0D000004
:10DE00003E3E204452563833323320636F6E66698B
:10DE10006775726174696F6E2F72656164626163A8
:10DE20006B206661696C65643B206D6F746F722056
:10DE30006D6F64652072656D61696E73206C6F63D0
:10DE40006B6564203C3C0D003E3E204657444754E1
:10DE500020636F6E66696775726174696F6E2066A4
:10DE600061696C65643B206D6F746F72206D6F64C7
:10DE7000652072656D61696E73206C6F636B65649C
:10DE8000203C3C0D00000000436865636B696E67D1
:10DE9000207068617365207369676E2C20706F6CE9
:10DEA000652070616972730D0000000043616C6948
:10DEB00062726174696F6E206661696C65643A2094
:10DEC000696E76616C696420656E636F646572204B
:10DED000646973706C6163656D656E7420252E34A2
:10DEE00066207261640D0A0043616C69627261743C
:10DEF000696F6E206661696C65643A206D65617357
:10DF00007572656420706F6C652070616972732032
:10DF10002564202864656C746120252E3466207287
:10DF20006164290D0A0000005068617365206F72FA
:10DF300064657220636F72726563740D0000000087
:10DF40005377617070696E672070686173652073C4
:10DF500069676E0D00000000506F6C6520506169AC
:10DF600072733A2025640D0A000000005374617238
:10DF7000743A20252E3366202020456E643A2025F1
:10DF80002E33660D0A000000506F6C6520506169E9
:10DF90007273203E2025642C2072656D616C6C6F5D
:10DFA00063206572726F725F6172725B5D2073696C
:10DFB0007A652E0D0A0000005374617274696E67F1
:10DFC000206F66667365742063616C20616E6420E7
:10DFD0006C696E656172697A6174696F6E0D0000BB
:10DFE000256420256420256420252E33660D0A0033
:10DFF0002564202025640D0A000000006C6F6F70FE
:10E000005F636F756E743A20256C750D0A00000011
:10E010000A0D4641554C540A0D0000005644535F0A
:10E020004F43500A0D0000004744460A0D0000000F
:10E0300055564C4F0A0D00004F5453440A0D000032
:10E040005644535F48410A0D000000005644535F98
:10E050004C410A0D000000005644535F48420A0D2F
:10E06000000000005644535F4C420A0D00000000BF
:10E070005644535F48430A0D000000005644535F66
:10E080004C430A0D0000000053415F4F430A0D004E
:10E0900053425F4F430A0D0053435F4F430A0D0045
:10E0A0004F54570A0D000000435055560A0D00000A
:10E0B0005647535F48410A0D000000005647535F22
:10E0C0004C410A0D000000005647535F48420A0DBC
:10E0D000000000005647535F4C420A0D000000004C
:10E0E0005647535F48430A0D000000005647535FF0
:10E0F0004C430A0D0000000020436F6D6D616E649B
:10E10000733A0D00206D2020202D204D6F746F720A
:10E11000204D6F64650D000020632020202D2043DA
:10E12000616C69627261746520456E636F646572CB
:10E130000D00000020732020202D20536574757081
:10E140000D00000020652020202D20446973706C94
:10E15000617920456E636F6465720D00207A20201E
:10E16000202D20536574205A65726F20506F73699B
:10E1700074696F6E0D00000020657363202D2045CB
:10E1800078697420746F204D656E750D0000000075
:10E190000D0A20436F6E66696775726174696F6EF0
:10E1A000204F7074696F6E73200A0D006D696E00E8
:10E1B000706172616D6574657200000070726566F1
:10E1C0006978000020252D347320252D33317320EC
:10E1D000252D357320252D367320252D32730D0AFC
:10E1E0000000000063757272656E742076616C7554
:10E1F000650000006D6178000D0A204D6F746F722C
:10E200003A0D00002D0000004C65676163792047DE
:10E2100065617220526174696F2028756E7573652F
:10E22000642900006700000020252D347320252D6F
:10E2300033317320252D357320252D367320252E5F
:10E2400033660A0D0000000030000000546F727148
:10E25000756520436F6E7374616E7420284E2D6D4A
:10E260002F4129006B00000020252D347320252D1F
:10E2700033317320252D357320252D367320252E1F
:10E2800035660A0D000000000D0A20436F6E74729F
:10E290006F6C3A0D0000000031303000437572722F
:10E2A000656E742042616E647769647468202848E2
:10E2B0007A2900006200000020252D347320252DCE
:10E2C00033317320252D357320252D367320252ECF
:10E2D00031660A0D000000003230303000000000CE
:10E2E000302E300043757272656E74204C696D6912
:10E2F00074202841290000006C00000036302E30C8
:10E30000000000004D617820506F736974696F6E72
:10E3100020536574706F696E7420287261642900DF
:10E32000700000004D61782056656C6F63697479E8
:10E3300020536574706F696E742028726164292F90
:10E3400073000000760000004D617820506F736903
:10E3500074696F6E204761696E20284E2D6D2F7293
:10E360006164290078000000313030302E30000028
:10E370004D61782056656C6F6369747920476169D7
:10E380006E20284E2D6D2F7261642F7329000000BE
:10E3900064000000352E30004657204375727265C8
:10E3A0006E74204C696D69742028412900000000BA
:10E3B0006600000033332E300000000054656D709D
:10E3C000204375746F666620284329202830203D3D
:10E3D000206E6F6E65290000680000003135300046
:10E3E000436F6E74696E756F7573204375727265D5
:10E3F0006E742028412900006300000034302E3064
:10E400000000000043616C6962726174696F6E2084
:10E4100043757272656E7420284129006100000006
:10E4200032302E30000000000D0A2043414E3A0DDC
:10E430000000000043414E204944000069000000F4
:10E4400020252D347320252D33317320252D357350
:10E4500020252D367320252D35690A0D000000007A
:10E460003132370043414E205458204944000000C7
:10E470006D00000043414E2054696D656F75742036
:10E48000286379636C6573292830203D206E6F6E98
:10E49000652900007400000020252D347320252DEF
:10E4A00033317320252D357320252D3673202564B7
:10E4B0000A0D00003130303030300000200A0D20CD
:10E4C000546F206368616E676520612076616C75AA
:10E4D000652C2074797065202770726566697827CD
:10E4E0002776616C75652727454E544552270A0DDE
:10E4F00020652E672E202762313030302727454E89
:10E50000544552270D0A200056414C554553204E84
:10E510004F542041435449564520554E54494C20B0
:10E52000504F574552204359434C4521200A0D0A6C
:10E530000D00000043616C6962726174696F6E2046
:10E5400072656A65637465643B2070726576696F95
:10E55000757320636F6E66696775726174696F6E3B
:10E5600020726573746F7265642E0D00455F5A45A5
:10E57000524F3A202564202025660D0A0000000035
:10E58000436F6E66696775726174696F6E2073613F
:10E5900076652072656A65637465643B2070726598
:10E5A00076696F757320646174612070726573653C
:10E5B000727665642E0D0000495F425720736574C2
:10E5C00020746F2025660D0A0000000043414E5F55
:10E5D00049442073657420746F2025640D0A00007F
:10E5E00043414E5F54585F49442073657420746FF3
:10E5F0002025640D0A000000495F4D4158207365D5
:10E600007420746F2025660D0A000000495F46578C
:10E610005F4D41582073657420746F2025660D0A84
:10E620000000000043414E5F54494D454F55542072
:10E6300073657420746F2025640D0A0054454D5095
:10E640005F4D41582073657420746F2025660D0A54
:10E6500000000000495F4D41585F434F4E54207306
:10E66000657420746F2025660D0A0000495F4341E0
:10E670004C2073657420746F2025660D0A0000001D
:10E680004752206973206C656761637920636F6E00
:10E6900066696775726174696F6E206F6E6C793B25
:10E6A000206368616E6765206F7574707574207281
:10E6B0006564756374696F6E20696E207468652087
:10E6C000757070657220636F6E74726F6C6C6572BA
:10E6D0002E0D00004B542073657420746F20256646
:10E6E0000D0A00004B505F4D415820736574207433
:10E6F0006F2025660D0A00004B445F4D4158207382
:10E70000657420746F2025660D0A0000505F4D412E
:10E71000582073657420746F2025660D0A00000070
:10E72000565F4D41582073657420746F2025660D27
:10E730000A0000000D0A2027256327204E6F742051
:10E74000612076616C696420636F6D6D616E642019
:10E750007072656669780D0A0D0A00005A65726F5D
:10E7600020736176652072656A65637465643B2019
:10E7700070726576696F7573206461746120707260
:10E78000657365727665642E0D0000000A0D202009
:10E790005361766564206E6577207A65726F2070AC
:10E7A0006F736974696F6E3A202025640A0D0A0D33
:10E7B000000000005261773A202535640000000017
:10E7C00020204C696E656172697A656420436F75BB
:10E7D0006E743A2025356400202053696E676C659D
:10E7E000205475726E3A2520342E336600000000E6
:10E7F00020204D756C7469205475726E3A25203551
:10E800002E3366002020456C656374726963616C09
:10E810003A2520352E33660020205475726E733AE7
:10E820002520326400000000202056616C69643AA3
:10E830002575000020205350493A256C75000000D2
:10E8400020205061726974793A256C7500000000CF
:10E85000202045463A256C750D0A00000000000195
:10E860000002000300040005010201030109010682
:10E870000112010A010E0111011301140115011603
:10E8800001170118010800070119011A011B011CD9
:10E890000001020605000000000000002975493C47
:10E8A000DF6EC93C6F0E173D3160493D8FA97B3D3E
:10E8B00038F4963D6B0EB03D4721C93D5E2EE23DDA
:10E8C000EC2FFB3D7F130A3E698C163E76FD223EFF
:10E8D000A5662F3E97CA3B3E4A29483E807D543E5E
:10E8E000DAC9603E560E6D3EF54A793E3CBD823E29
:10E8F0000FD1883EA4DF8E3EFBE8943EC4EB9A3EE7
:10E90000FFE7A03EFCDEA63E6CCFAC3E4EB9B23E69
:10E91000A29CB83E1878BE3EB24BC43EBD18CA3E5B
:10E92000ECDDCF3EED99D53E614FDB3E59FAE03E3E
:10E93000C39EE63EB038EC3E71C9F13E5452F73EFC
:10E94000BBD0FC3E5322013FB2D7033FD387063FE3
:10E95000B532093F5AD80B3FC0780E3F4013113FE4
:10E9600082A8133FDF37163F55C1183FE5441B3FD0
:10E970008FC21D3F543A203F8AAB223FDB16253F12
:10E980009E7B273FD3D9293F7B312C3FED812E3F02
:10E9900079CC303FD00F333FF14B353F8481373F47
:10E9A000E2AF393F0AD73B3FFDF63D3F130F403FF3
:10E9B0009B20423F9E29443F132C463F0326483F5D
:10E9C000BD184A3F9B034C3FF3E54D3F16C14F3FF7
:10E9D000B493513F745E533F5721553F0EDB563F72
:10E9E0008F8D583FE3365A3FB2D75B3FA4705D3FEF
:10E9F00069005F3F5188603F0C07623F9A7C633F2C
:10EA0000A3E9643F274E663F7EA9673F50FC683FFD
:10EA10004E456A3FC6856B3F12BD6C3F31EB6D3F83
:10EA200023106F3F412B703FD93D713F9D46723F90
:10EA30003546733F9F3C743F3529753F9E0C763FAA
:10EA400032E6763F9AB6773F2C7D783FEB39793FB7
:10EA50007CED793F39977A3F22377B3F36CD7B3F3C
:10EA600075597C3F87DC7C3F1D557D3F87C47D3FCA
:10EA700074297E3F34857E3F77D67E3F8E1E7F3F52
:10EA8000295C7F3FEF8F7F3F88BA7F3FA5DA7F3FCA
:10EA9000EDF07F3F61FD7F3F0000803F23F87F3F27
:10EAA00019E77F3F92CB7F3F37A67F3FAF777F3F0E
:10EAB000AB3E7F3FD2FB7E3F25AF7E3FA3587E3FDC
:10EAC0004DF87D3F228E7D3F221A7D3F4E9C7C3F3C
:10EAD000A5147C3F27837B3FD5E77A3F57437A3F96
:10EAE0000395793FDBDC783FDF1A783FB54F773FFE
:10EAF000B77A763FE59B753FE5B3743FB9C2733F84
:10EB0000B9C7723F8BC3713F31B6703F029F6F3FF1
:10EB1000A67E6E3F1D556D3F68226C3F86E66A3FBC
:10EB20001FA2693FE353683F22FD663F349D653F66
:10EB30001A34643F22C3623F5648613FACC55F3F11
:10EB4000D6395E3F7AA55C3F9A085B3F3563593FF3
:10EB50004AB5573F82FF553F8E40543F637A523F3C
:10EB6000B4AB503F80D44E3F6FF54C3F280F4B3F26
:10EB70005C20493FB329473FD42B453F1826433FEC
:10EB80007E18413FB0033F3FABE73C3F72C43A3F82
:10EB90005B99383FB667363FDC2E343FCCEE313FD1
:10EBA0002FA82F3F5C5A2D3FFB052B3F0DAB283F75
:10EBB0009049263F2EE2233F9773213F19FF1E3FC6
:10EBC000B6841C3FC5031A3F957D173FD8F0143F0C
:10EBD000DD5E123FFCC60F3F35290D3F2F860A3FF1
:10EBE000ECDD073F6A30053FAA7D023F598BFF3EAF
:10EBF0003012FA3E8A8EF43E0803EF3E096DE93E7C
:10EC0000DDCDE33E8525DE3E4F75D83E3CBDD23E90
:10EC1000FCFBCC3EDF32C73E3563C13E5D8ABB3E66
:10EC200047ACB53E05C5AF3E84D8A93E75E5A33EC9
:10EC300089EA9D3E60EA973EF7E4913E02D98B3E19
:10EC4000CEC7853EB7627F3EF52D733EB7EE663E7A
:10EC5000FDA45A3E65534E3EF0F9413E3D9B353E84
:10EC60000E32293EA0C31C3EF44F103E0AD7033E8D
:10EC7000C4B1EE3DB9A5D53DA298BC3D1B82A33DD4
:10EC800049658A3D6685623DD637303DF7C7FB3C16
:10EC9000C615973C5374C93B5374C9BBC61597BC82
:10ECA000F7C7FBBCD63730BD668562BD49658ABDF6
:10ECB0001B82A3BDA298BCBDB9A5D5BDC4B1EEBD94
:10ECC0000AD703BEF44F10BEA0C31CBE0E3229BE2D
:10ECD0003D9B35BEF0F941BE65534EBEFDA45ABE04
:10ECE000B7EE66BEF52D73BEB7627FBECEC785BEDA
:10ECF00002D98BBEF7E491BE60EA97BE89EA9DBE59
:10ED000075E5A3BE84D8A9BE05C5AFBE47ACB5BEE8
:10ED10005D8ABBBE3563C1BEDF32C7BEFCFBCCBE65
:10ED20003CBDD2BE4F75D8BE8525DEBEDDCDE3BE6F
:10ED3000096DE9BE0803EFBE8A8EF4BE3012FABE3A
:10ED4000598BFFBEAA7D02BF6A3005BFECDD07BF4D
:10ED50002F860ABF35290DBFFCC60FBFDD5E12BF6F
:10ED6000D8F014BF957D17BFC5031ABFB6841CBF6A
:10ED700019FF1EBF977321BF2EE223BF904926BF04
:10ED80000DAB28BFFB052BBF5C5A2DBF2FA82FBF93
:10ED9000CCEE31BFDC2E34BFB66736BF5B9938BFCF
:10EDA00072C43ABFABE73CBFB0033FBF7E1841BF60
:10EDB000182643BFD42B45BFB32947BF5C2049BFAA
:10EDC000280F4BBF6FF54CBF80D44EBFB4AB50BFC4
:10EDD000637A52BF8E4054BF82FF55BF4AB557BFBA
:10EDE000356359BF9A085BBF7AA55CBFD6395EBF51
:10EDF000ACC55FBF564861BF22C362BF1A3464BF4F
:10EE0000349D65BF22FD66BFE35368BF1FA269BF83
:10EE100086E66ABF68226CBF1D556DBFA67E6EBFB9
:10EE2000029F6FBF31B670BF8BC371BFB9C772BFCE
:10EE3000B9C273BFE5B374BFE59B75BFB77A76BF40
:10EE4000B54F77BFDF1A78BFDBDC78BF039579BF9A
:10EE500057437ABFD5E77ABF27837BBFA5147CBF12
:10EE60004E9C7CBF221A7DBF228E7DBF4DF87DBF98
:10EE7000A3587EBF25AF7EBFD2FB7EBFAB3E7FBF18
:10EE8000AF777FBF37A67FBF92CB7FBF19E77FBF2A
:10EE900023F87FBF000080BF61FD7FBFEDF07FBF23
:10EEA000A5DA7FBF88BA7FBFEF8F7FBF295C7FBFA6
:10EEB0008E1E7FBF77D67EBF34857EBF74297EBF0E
:10EEC00087C47DBF1D557DBF87DC7CBF75597CBF66
:10EED00036CD7BBF22377BBF39977ABF7CED79BFB8
:10EEE000EB3979BF2C7D78BF9AB677BF32E676BF13
:10EEF0009E0C76BF352975BF9F3C74BF354673BFE6
:10EF00009D4672BFD93D71BF412B70BF23106FBFAB
:10EF100031EB6DBF12BD6CBFC6856BBF4E456ABF7E
:10EF200050FC68BF7EA967BF274E66BFA3E964BFD8
:10EF30009A7C63BF0C0762BF518860BF69005FBFE6
:10EF4000A4705DBFB2D75BBFE3365ABF8F8D58BF89
:10EF50000EDB56BF572155BF745E53BFB49351BFEC
:10EF600016C14FBFF3E54DBF9B034CBFBD184ABF51
:10EF7000032648BF132C46BF9E2944BF9B2042BF97
:10EF8000130F40BFFDF63DBF0AD73BBFE2AF39BF0D
:10EF9000848137BFF14B35BFD00F33BF79CC30BF41
:10EFA000ED812EBF7B312CBFD3D929BF9E7B27BFDC
:10EFB000DB1625BF8AAB22BF543A20BF8FC21DBFCC
:10EFC000E5441BBF55C118BFDF3716BF82A813BF6A
:10EFD000401311BFC0780EBF5AD80BBFB53209BF5E
:10EFE000D38706BFB2D703BF532201BFBBD0FCBE3D
:10EFF0005452F7BE71C9F1BEB038ECBEC39EE6BE36
:10F0000059FAE0BE614FDBBEED99D5BEECDDCFBE57
:10F01000BD18CABEB24BC4BE1878BEBEA29CB8BE54
:10F020004EB9B2BE6CCFACBEFCDEA6BEFFE7A0BE42
:10F03000C4EB9ABEFBE894BEA4DF8EBE0FD188BE9F
:10F040003CBD82BEF54A79BE560E6DBEDAC960BEC1
:10F05000807D54BE4A2948BE97CA3BBEA5662FBED6
:10F0600076FD22BE698C16BE7F130ABEEC2FFBBD57
:10F070005E2EE2BD4721C9BD6B0EB0BD38F496BD12
:10F080008FA97BBD316049BD6F0E17BDDF6EC9BC56
:10F09000297549BC00000000494E4600696E6600B3
:10F0A0004E414E006E616E003000303132333435E7
:10F0B00036373839414243444546003031323334E3
:10F0C0003536373839616263646566002E00430067
:10F0D000504F53495800496E66696E697479004E05
:10F0E000614E005245454E54206D616C6C6F63203B
:10F0F000737563636565646564002F566F6C756D29
:10F1000065732F646174612F6A656E6B696E732F0E
:10F11000776F726B73706163652F676E755F746F65
:10F120006F6C636861696E732F61726D5F62756980
:10F130006C64732F61726D2D31352F7372632F6E76
:10F1400065776C69622D63796777696E2F6E657775
:10F150006C69622F6C6962632F7374646C69622FCF
:10F1600064746F612E630042616C6C6F6320737511
:10F1700063636565646564002F566F6C756D6573B8
:10F180002F646174612F6A656E6B696E732F776F80
:10F19000726B73706163652F676E755F746F6F6CF0
:10F1A000636861696E732F61726D5F6275696C640B
:10F1B000732F61726D2D31352F7372632F6E6577EA
:10F1C0006C69622D63796777696E2F6E65776C69FC
:10F1D000622F6C6962632F7374646C69622F676459
:10F1E000746F612D6765746865782E6300232D3018
:10F1F0002B2000686C4C00656667454647002F561B
:10F200006F6C756D65732F646174612F6A656E6BC9
:10F21000696E732F776F726B73706163652F676EA2
:10F22000755F746F6F6C636861696E732F61726D67
:10F230005F6275696C64732F61726D2D31352F7348
:10F2400072632F6E65776C69622D63796777696E7B
:10F250002F6E65776C69622F6C6962632F737464BB
:10F260006C69622F6D707265632E63002C20667569
:10F270006E6374696F6E3A200061737365727469AE
:10F280006F6E2022257322206661696C65643A20C6
:10F2900066696C6520222573222C206C696E6520BE
:10F2A0002564257325730A0034000000CEFBFFFFA0
:10F2B000CB0300000100000000000000350000004A
:10F2C000CEFBFFFFCB0300000100000000000000A8
:10F2D000BC89D897B2D29C3C33A7A8D523F649392C
:10F2E0003DA7F444FD0FA5329D978CCF08BA5B254E
:10F2F000436FAC64280668110020202020202020C5
:10F3000020202828282828202020202020202020D5
:10F3100020202020202020202088101010101010E5
:10F320001010101010101010100404040404040431
:10F3300004040410101010101010414141414141CB
:10F3400001010101010101010101010101010101AD
:10F3500001010101101010101010424242424242BD
:10F36000020202020202020202020202020202027D
:10F370000202020210101010200000000000000025
:10F38000000000000000000000000000000000007D
:10F39000000000000000000000000000000000006D
:10F3A000000000000000000000000000000000005D
:10F3B000000000000000000000000000000000004D
:10F3C000000000000000000000000000000000003D
:10F3D000000000000000000000000000000000002D
:10F3E000000000000000000000000000000000001D
:10F3F0000000000000000000000000000500000008
:10F40000190000007D0000000080E03779C341430F
:10F41000176E05B5B5B89346F5F93FE9034F384D7A
:10F42000321D30F94877825A3CBF737FDD4F157526
:10F43000000000000000F03F000000000000244039
:10F4400000000000000059400000000000408F4014
:10F45000000000000088C34000000000006AF8407F
:10F460000000000080842E4100000000D0126341A3
:10F470000000000084D797410000000065CDCD4119
:10F48000000000205FA00242000000E876483742FA
:10F49000000000A2941A6D42000040E59C30A24298
:10F4A0000000901EC4BCD64200003426F56B0C430D
:10F4B0000080E03779C3414300A0D88557347643B4
:10F4C00000C84E676DC1AB43003D9160E458E14315
:10F4D000408CB5781DAF154450EFE2D6E41A4B448A
:10F4E00092D54D06CFF08044F64AE1C7022DB544CF
:10F4F000B49DD9794378EA44763C7935EF39EA3DD1
:10F50000763C7935EF39EABD0000E0FE422EE63F59
:10F510000000E0FE422EE6BF000000000000E03FD9
:10F52000000000000000E0BF0000000000000080BC
:08F53000000CFF7F0100000048
:04F53800510C00086A
:04F53C00290C00088E
:10F54000000E2707000000000300000034520020D6
:10F550004300000000000000000000000000000068
:10F56000000000000000000000000000000000009B
:10F570004300000000000000000000000000000048
:10F58000000000000000000000000000000000007B
:10F590004300000000000000000000000000000028
:10F5A000000000000000000000000000000000005B
:10F5B0004300000000000000000000000000000008
:10F5C000000000000000000000000000000000003B
:10F5D00043000000000000000000000000000000E8
:10F5E000000000000000000000000000000000001B
:10F5F00043000000000000000000000000000000C8
:10F6000000000000000000000000000000000000FA
:10F6100043000000000000000000000000000000A7
:10F6200000000000000000000000000000000000DA
:10F63000F5CF0008B5C0000800000000F8F200088F
:10F64000CCF00008A7F20008A7F20008A7F2000813
:10F65000A7F20008A7F20008A7F20008A7F2000826
:10F66000A7F20008A7F20008FFFFFFFFFFFFFFFF60
:10F67000FFFFFFFFFFFF0000010041534349490026
:10F68000000000000000000000000000000000007A
:10F690000000000000000000000041534349490001
:10F6A000000000000000000000000000000000005A
:10F6B00000000000000000000000000080010020A9
:10F6C00000000000345200209C520020045300200F
:10F6D000000000000000000000000000000000002A
:10F6E000000000000000000000000000000000001A
:10F6F000000000000000000000000000000000000A
:0CF70000000000000000000000000000FD
:0400000508009281DC
:00000001FF
