:020000040800F2
:100000000000012095AE00080D9200081192000832
:100010001D92000829920008359200080000000097
:1000200000000000000000000000000041920008F5
:100030004592000800000000499200084D92000817
:10004000E5AE0008E5AE0008E5AE0008E5AE000844
:10005000E5AE0008E5AE0008E5AE0008E5AE000834
:10006000E5AE0008E5AE0008E5AE0008E5AE000824
:10007000E5AE0008E5AE0008E5AE0008E5AE000814
:10008000E5AE0008E5AE0008E5AE0008E5AE000804
:1000900051920008E5AE0008E5AE0008E5AE0008A4
:1000A000E5AE0008D1930008E5AE0008E5AE000813
:1000B000E5AE0008E5AE0008E5AE0008E5AE0008D4
:1000C000E5AE0008E5AE0008E5AE0008E5AE0008C4
:1000D000E5AE0008E5AE0008CD940008E5AE0008E6
:1000E00059940008E5AE0008E5AE0008E5AE00084A
:1000F000E5AE0008E5AE0008E5AE0008E5AE000894
:10010000E5AE0008E5AE0008E5AE0008E5AE000883
:10011000E5AE0008E5AE0008E5AE0008E5AE000873
:10012000E5AE0008E5AE0008E5AE0008E5AE000863
:1001300001F0FF01102A2BDB10F0070F08D010F898
:10014000013B013A8B422DD010F0070F42B3F6D19C
:10015000F0B441EA012141EA014122F007047FF0B5
:1001600000070023F0E80256083C85EA010586EA0C
:10017000010685FA47F5A3FA87F586FA47F6A5FA48
:1001800087F68EB9EED1F0BC01F0FF0102F0070254
:1001900032B110F8013B013A83EA010313B1F8D1FF
:1001A0000020704701387047002D06BF35460338E0
:1001B000073815F0010F07D1013015F4807F02BF19
:1001C000013015F4C03F0130F0BC0138704700BF6A
:1001D000034613F8012B002AFBD1181A0138704787
:1001E00081F0004102E000BF83F0004330B54FEAE8
:1001F00041044FEA430594EA050F08BF90EA020F55
:100200001FBF54EA000C55EA020C7FEA645C7FEAE7
:10021000655C00F0E2804FEA5454D4EB5555B8BF0A
:100220006D420CDD2C4480EA020281EA030382EA7B
:10023000000083EA010180EA020281EA0303362D0D
:1002400088BF30BD11F0004F4FEA01314FF4801CE0
:100250004CEA113102D0404261EB410113F0004FF2
:100260004FEA03334CEA133302D0524263EB4303A9
:1002700094EA050F00F0A780A4F10104D5F1200E47
:100280000DDB02FA0EFC22FA05F2801841F10001A2
:1002900003FA0EF2801843FA05F359410EE0A5F176
:1002A00020050EF1200E012A03FA0EFC28BF4CF0A7
:1002B000020C43FA05F3C01851EBE37101F000455D
:1002C00007D54FF0000EDCF1000C7EEB00006EEB6A
:1002D0000101B1F5801F1BD3B1F5001F0CD34908F4
:1002E0005FEA30004FEA3C0C04F101044FEA44524B
:1002F00012F5800F80F09A80BCF1004F08BF5FEAD2
:10030000500C50F1000041EB045141EA050130BDB1
:100310005FEA4C0C404141EB0101013C28BFB1F5C3
:10032000801FE9D291F0000F04BF01460020B1FA0E
:1003300081F308BF2033A3F10B03B3F120020CDAE1
:100340000C3208DD02F1140CC2F10C0201FA0CF0BF
:1003500021FA02F10CE002F11402D8BFC2F1200C24
:1003600001FA02F120FA0CFCDCBF41EA0C019040DA
:10037000E41AA2BF01EB0451294330BD6FEA040423
:100380001F3C1CDA0C340EDC04F11404C4F120020E
:1003900020FA04F001FA02F340EA030021FA04F320
:1003A00045EA030130BDC4F10C04C4F1200220FA77
:1003B00002F001FA04F340EA0300294630BD21FAB5
:1003C00004F0294630BD94F0000F83F4801306BF7B
:1003D00081F480110134013D4EE77FEA645C18BF6F
:1003E0007FEA655C29D094EA050F08BF90EA020F06
:1003F00005D054EA000C04BF1946104630BD91EAFE
:10040000030F1EBF0021002030BD5FEA545C05D100
:100410004000494128BF41F0004130BD14F580043F
:100420003CBF01F5801130BD01F0004545F0FE41B3
:1004300041F470014FF0000030BD7FEA645C1ABFE8
:10044000194610467FEA655C1CBF0B46024650EA1F
:10045000013406BF52EA033591EA030F41F400214B
:1004600030BD00BF90F0000F04BF0021704730B5D1
:100470004FF4806404F132044FF000054FF00001A6
:1004800050E700BF90F0000F04BF0021704730B567
:100490004FF4806404F1320410F0004548BF40423C
:1004A0004FF000013EE700BF42004FEAE2014FEA91
:1004B00031014FEA02701FBF12F07F4393F07F4F6C
:1004C00081F06051704732F07F4208BF704793F06F
:1004D0007F4F04BF41F40021704730B54FF4607482
:1004E00001F0004521F000411CE700BF50EA010285
:1004F00008BF704730B54FF000050AE050EA01022E
:1005000008BF704730B511F0004502D5404261EB9D
:1005100041014FF4806404F132045FEA915C3FF4DE
:10052000D8AE4FF003025FEADC0C18BF03325FEA7B
:10053000DC0C18BF033202EBDC02C2F1200300FA2C
:1005400003FC20FA02F001FA03FE40EA0E0021FA51
:1005500002F11444BDE600BF70B54FF0FF0C4CF43F
:10056000E06C1CEA11541DBF1CEA135594EA0C0FF1
:1005700095EA0C0F00F0DEF82C4481EA030621EA2C
:100580004C5123EA4C5350EA013518BF52EA033567
:1005900041F4801143F4801338D0A0FB02CE4FF019
:1005A0000005E1FB02E506F00042E0FB03E54FF049
:1005B0000006E1FB03569CF0000F18BF4EF0010E41
:1005C000A4F1FF04B6F5007F64F5407404D25FEA3D
:1005D0004E0E6D4146EB060642EAC62141EA5551F0
:1005E0004FEAC52040EA5E504FEACE2EB4F1FD0C32
:1005F00088BFBCF5E06F1ED8BEF1004F08BF5FEAB0
:10060000500E50F1000041EB045170BD06F0004661
:1006100046EA010140EA020081EA0301B4EB5C040E
:10062000C2BFD4EB0C0541EA045170BD41F4801106
:100630004FF0000E013C00F3AB8014F1360FDEBF2B
:10064000002001F0004170BDC4F10004203C35DA07
:100650000C341BDC04F11404C4F1200500FA05F38A
:1006600020FA04F001FA05F240EA020001F000422B
:1006700021F0004110EBD37021FA04F642EB0601A1
:100680005EEA430E08BF20EAD37070BDC4F10C04CB
:10069000C4F1200500FA04F320FA05F001FA04F28F
:1006A00040EA020001F0004110EBD37041F100017B
:1006B0005EEA430E08BF20EAD37070BDC4F1200586
:1006C00000FA05F24EEA020E20FA04F301FA05F2EE
:1006D00043EA020321FA04F001F0004121FA04F296
:1006E00020EA020000EBD3705EEA430E08BF20EA66
:1006F000D37070BD94F0000F0FD101F000464000A0
:1007000041EB010111F4801F08BF013CF7D041EA21
:10071000060195F0000F18BF704703F00046520025
:1007200043EB030313F4801F08BF013DF7D043EAF6
:100730000603704794EA0C0F0CEA135518BF95EAAC
:100740000C0F0CD050EA410618BF52EA4306D1D133
:1007500081EA030101F000414FF0000070BD50EA52
:10076000410606BF1046194652EA430619D094EADC
:100770000C0F02D150EA013613D195EA0C0F05D1C6
:1007800052EA03361CBF104619460AD181EA03011A
:1007900001F0004141F0FE4141F470014FF00000D2
:1007A00070BD41F0FE4141F4780170BD70B54FF06D
:1007B000FF0C4CF4E06C1CEA11541DBF1CEA1355ED
:1007C00094EA0C0F95EA0C0F00F0A7F8A4EB0504CF
:1007D00081EA030E52EA03354FEA013100F08880C6
:1007E0004FEA03334FF0805545EA131343EA12638F
:1007F0004FEA022245EA111545EA10654FEA002644
:100800000EF000419D4208BF964244F1FD0404F5FC
:10081000407402D25B084FEA3202B61A65EB030558
:100820005B084FEA32024FF480104FF4002CB6EB15
:10083000020E75EB030E22BFB61A754640EA0C0095
:100840005B084FEA3202B6EB020E75EB030E22BFD5
:10085000B61A754640EA5C005B084FEA3202B6EB16
:10086000020E75EB030E22BFB61A754640EA9C00D5
:100870005B084FEA3202B6EB020E75EB030E22BFA5
:10088000B61A754640EADC0055EA060E18D04FEA63
:10089000051545EA16754FEA06164FEAC30343EA03
:1008A00052734FEAC2025FEA1C1CC0D111F4801FD0
:1008B0000BD141EA00014FF000004FF0004CB6E7C9
:1008C00011F4801F04BF01430020B4F1FD0C88BF68
:1008D000BCF5E06F3FF6AFAEB5EB030C04BFB6EB73
:1008E000020C5FEA500C50F1000041EB045170BD66
:1008F0000EF0004E4EEA113114EB5C04C2BFD4EB93
:100900000C0541EA045170BD41F480114FF0000E16
:10091000013C90E645EA060E8DE60CEA135594EA92
:100920000C0F08BF95EA0C0F3FF43BAF94EA0C0F95
:100930000AD150EA01347FF434AF95EA0C0F7FF40A
:1009400025AF104619462CE795EA0C0F06D152EA5E
:1009500003353FF4FDAE1046194622E750EA410642
:1009600018BF52EA43067FF4C5AE50EA41047FF453
:100970000DAF52EA43057FF4EBAE12E74FF0FF3CB8
:1009800006E000BF4FF0010C02E000BF4FF0010C89
:100990004DF804CD4FEA410C7FEA6C5C4FEA430C02
:1009A00018BF7FEA6C5C1BD001B050EA410C0CBF51
:1009B00052EA430C91EA030F02BF90EA020F0020B3
:1009C000704710F1000F91EA030F58BF994208BF1A
:1009D00090422CBFD8176FEAE37040F001007047D7
:1009E0004FEA410C7FEA6C5C02D150EA013C07D12E
:1009F0004FEA430C7FEA6C5CD6D152EA033CD3D079
:100A00005DF8040B704700BF8446104662468C4672
:100A10001946634600E000BF01B5FFF7B7FF0028A5
:100A200048BF10F1000F01BD4DF808EDFFF7F4FFCE
:100A30000CBF012000205DF808FB00BF4DF808ED59
:100A4000FFF7EAFF34BF012000205DF808FB00BF7C
:100A50004DF808EDFFF7E0FF94BF012000205DF89E
:100A600008FB00BF4DF808EDFFF7CEFF94BF012053
:100A700000205DF808FB00BF4DF808EDFFF7C4FF4C
:100A800034BF012000205DF808FB00BF4FEA410C95
:100A90007FEA6C5C02D150EA013C0AD14FEA430C78
:100AA0007FEA6C5C02D152EA033C02D14FF00000B5
:100AB00070474FF0010070474FEA410212F50012F3
:100AC00015D211D56FF47873B3EB625212D94FEA95
:100AD000C12343F0004343EA505311F0004F23FA7F
:100AE00002F018BF404270474FF00000704750EAD4
:100AF000013005D111F0004008BF6FF00040704791
:100B00004FF00000704700BF4A0011D212F50012EA
:100B100011D20DD56FF47873B3EB62520ED44FEA55
:100B2000C12343F0004343EA505323FA02F07047D5
:100B30004FF00000704750EA013002D14FF0FF3013
:100B400070474FF0000070474FEA4102B2F1E043B6
:100B500024BFB3F5001CDCF1FE5C0DD901F0004CA4
:100B60004FEAC0024CEA5070B2F1004F40EB8300F4
:100B700008BF20F00100704711F0804F21D113F120
:100B80003872BCBF01F00040704741F480114FEA59
:100B90005252C2F11802C2F1200C10FA0CF320FAE2
:100BA00002F018BF40F001004FEAC1234FEAD323FF
:100BB00003FA0CFC40EA0C0023FA02F34FEA430369
:100BC000CCE77FEA625307D150EA01331EBF4FF0F2
:100BD000FE4040F44000704701F0004040F0FE400D
:100BE00040F40000704700BF0348044B834202D02A
:100BF000034B03B118477047CC010020CC01002003
:100C0000000000000548064B1B1AD90F01EBA30199
:100C1000491002D0034B03B118477047CC010020A4
:100C2000CC0100200000000010B5064C237843B929
:100C3000FFF7DAFF044B13B10448AFF30080012340
:100C4000237010BDCC0100200000000044F8000813
:100C500008B5054B1BB105490548AFF30080BDE859
:100C60000840FFF7CFBF00BF00000000D001002008
:100C700044F8000808B5012009F0D4FB4FF4C06027
:100C800009F0A6FB40F2026009F0A2FB40F203600B
:100C900009F09EFB40F2046009F09AFB4FF4A0605B
:100CA00009F096FB40F2015009F092FB40F21970F6
:100CB00009F08EFB40F20E7009F08AFB40F20F70D3
:100CC00009F086FB40F20B6009F082FB40F20960FC
:100CD00009F07EFB40F20A6009F07AFB40F20F60F7
:100CE00009F076FBBDE8084040F2117009F070BBD6
:100CF00070B508F00DFAFFF7BDFF00F001FB03F03F
:100D000099FB03F003FB00F00DFD03F0B1FA03F0D3
:100D1000D7FA00F0A1FB00F08BFC04F04FFDC748B0
:100D20000BF010FDC6480BF00DFD0123002202213F
:100D3000C4480BF09FFCC448062107F0BBFFC24823
:100D400008F0B2F8002800F0B481C04DC04C6B69C7
:100D5000D4ED027A013304BF00236B612B690133A8
:100D600008BF0023F4EE677A08BF2B61F1EE10FA9A
:100D700080F19C81BFEE007AF4EE477AF1EE10FA32
:100D800000F09481D4ED037AF4EE677AF1EE10FA74
:100D900080F18981BFEE007AF4EE477AF1EE10FA25
:100DA00000F08181D4ED067AF4EE677AF1EE10FA64
:100DB00080F17681BFEE007AF4EE477AF1EE10FA18
:100DC00000F06E816B68D4ED077A013304BF012314
:100DD0006B60AB68013304BF0023AB60EB68013389
:100DE00008BF40F6B833F4EE677A08BFEB60F1EE67
:100DF00010FA80F15281BFEE007AF4EE477AF1EEFC
:100E000010FA00F04A81D4ED087AF4EE677AF1EE38
:100E100010FA80F13F81BFEE007AF4EE477AF1EEEE
:100E200010FA00F03781D4ED097AF4EE677AF1EE2A
:100E300010FA80F1FF80BFEE007AF4EE477AF1EE0F
:100E400010FA00F0F780D4ED127AF4EE677AF1EE42
:100E500010FA80F1EC80BFEE007AF4EE477AF1EE02
:100E600010FA00F0E480D4ED0A7AF4EE677AF1EE3D
:100E700010FA80F1D980BFEE007AF4EE477AF1EEF5
:100E800010FA00F0D180D4ED117AF4EE677AF1EE29
:100E900010FA80F1C580BFEE007AF4EE477AF1EEE9
:100EA00010FA00F0BD80D4ED0E7AF4EE677AF1EE20
:100EB00010FA80F1B180BFEE007AF4EE477AF1EEDD
:100EC00010FA00F0A980D4ED177AF4EE677AF1EE0B
:100ED00010FA80F19E80BFEE007AF4EE477AF1EED0
:100EE00010FA00F09680D4ED187AF4EE677AF1EEFD
:100EF00010FA80F18B80BFEE007AF4EE477AF1EEC3
:100F000010FA00F08380D4ED147A5248524EF4EE79
:100F1000677AD4ED137AF1EE10FA64BF4F4B236574
:100F2000F4EE677AD4ED167AF1EE10FA64BF4C4B0A
:100F3000E364F4EE677AD4ED157AF1EE10FA64BF4B
:100F4000484BA365F4EE677AF1EE10FA64BF464BA6
:100F5000636505F05DFC00214FF4CE6243480BF061
:100F600012FC6A69A36AC6F8382464202A69C6F8A4
:100F70003424C6F818323E4D08F0ECF864213046AF
:100F800007F0BAFB3B494FF4007206F23C400BF00D
:100F900047FC95E8070004F007FB002840F0998023
:100FA000354800F0DFFB354800F0F6FB0022114623
:100FB000282009F0BBF901220021142009F0B6F91C
:100FC00000220121192009F0B1F900220221262076
:100FD00009F0ACF92A4B062101221980DA7008F0D9
:100FE000D7F800286DD1002408F0F4F801F008F9D2
:100FF0004FF47A7008F0AEF8AB880134002BF3D0D0
:1010000095E80700234604F0E5F9EDE71D4B23665C
:1010100079E71D4BE36566E74FF07E53A36352E724
:101020004FF07E5363643EE7184BA3622BE7154BEA
:10103000A36418E7164B636205E700BF78F9000860
:1010400084F90008A4F9000880400020984000209E
:10105000984400207C3D0020F83600200000C84263
:101060000000C8C200008242000082C2442E00205C
:10107000EC360020B0400020E8010020FC010020F8
:10108000683D00200000A0400000FA430000A84195
:1010900000006041114B2362C5E60023E361B2E624
:1010A0000023A3618EE60E4BE3607BE60D4BA3604D
:1010B00068E60D490D4800F02FFC0D480BF042FB8F
:1010C00043E64FF4007000F047F80A480BF03AFB93
:1010D00089E709480BF036FB62E700BF0000FA42DF
:1010E0000000204200007A449844002098400020EC
:1010F000C0F9000858FA000810FA000808B51448AA
:101100004FF4006109F08AF81248002109F090FBC1
:10111000002211460F4809F023FD0E48002201214C
:1011200009F01EFD0B480022022109F019FD0022E2
:101130001146084809F0B6FC06480022012109F0D2
:10114000B1FCBDE8084003480022022109F0AABC16
:1011500000080140002C0140024A13680343136059
:10116000FFF7CCBF98450020014B1868704700BFBF
:1011700098450020024A136823EA00031360704771
:1011800098450020036813F0010204D00A7D002A6C
:1011900043D14FF4804213F0020F06D091F815C0EE
:1011A000BCF1000F0AD142F400425B0704D58B7DED
:1011B000002B74D142F480321046704790ED027AD1
:1011C000DFED4E7AF0EEC76AF4EE676AF1EE10FAE0
:1011D000E9D8D0ED036AB0EEE66AB4EE676AF1EEE4
:1011E00010FAE0D8B5EEC07AF1EE10FADBD9B4EE21
:1011F000E67AF1EE10FAD6DA91ED036AF0EEC65A0D
:10120000F4EE675AF1EE10FACDD8B4EEC67AF1EEEC
:1012100010FA69DD42F40062C7E7D0ED017A9FED74
:10122000377AF0EEE76AF4EE476AF1EE10FAB0D8DA
:10123000F5EEC07AF1EE10FAABD9D1ED006AF0EE1E
:10124000E66AF4EE476AF1EE10FAA2D891ED016A6F
:10125000B0EEC66AB4EE476AF1EE10FA99D8D1ED55
:10126000025AF0EEE55AF4EE475AF1EE10FA90D831
:10127000B4EEE66AF1EE10FAD8BFB0EE666AF4EEAC
:10128000C65AF1EE10FAD8BFF0EE465AF4EEE57AFF
:10129000F1EE10FA4CBF0122002292027BE7D0ED62
:1012A000047A9FED167AF0EEE76AF4EE476AF1EE03
:1012B00010FA3FF67FAFF5EEC07AF1EE10FA7FF646
:1012C00079AFD1ED046AB0EEE66AB4EE476AF1EEAA
:1012D00010FA3FF66FAFF4EEE67AF1EE10FA7FF512
:1012E0006BAF42F4005267E7F4EEC66AF1EE10FA13
:1012F0007FF55BAF42F4805257E700BFFFFF7F7F6F
:1013000010B55048012108F09DFF4F48012108F019
:1013100099FF4E484FF4A0530122182108F026FFF0
:101320004A484FF400630122042108F01FFF4FF4E4
:10133000004301224648102108F018FF44484FF4AA
:10134000004108F069FF43484FF42043012218216F
:1013500008F00CFF3F484FF480430122482108F079
:1013600005FF4FF4805301223A48102108F0FEFE99
:1013700038484FF4805108F04FFF35484FF4006370
:101380000222102108F0F2FE4FF48053032230486D
:10139000042108F0EBFE2E484FF4006108F03EFFF8
:1013A0002B484FF4E0630322182108F0DFFE2748A2
:1013B00003230422002108F0D9FE26480123042239
:1013C000002108F0D3FE21480C230422002108F05C
:1013D000CDFE1F48F0230422002108F0C7FE1B4861
:1013E00030230422002108F0C1FE4FF400530222F2
:1013F0001648102108F0BAFE14484FF4005108F0C6
:101400000DFF134804230122182108F0AFFE082322
:1014100001220F48042108F0A9FE01214FF4EA102F
:1014200008F010FF0B484FF480730222482108F0A7
:101430009DFEBDE8104007484FF4007303221821B9
:1014400008F094BE0010200000023000001001409F
:1014500000080140000C014070B5704888B00021C0
:1014600008F0F0FB6E4A6F4B0192002404250393B1
:101470004FF400724FF400634FF4807602920493AD
:101480000DEB05024FF4805321466448ADF81C6013
:10149000CDE905538DF81E4008F0F2FB21465F4868
:1014A00008F02CFC21465D4808F03AFC5E4808F044
:1014B00023F85E4808F020F84FF4803008F06AF80E
:1014C00031465948012208F075F822465648022153
:1014D00008F070F831465548012208F06BF82246B2
:1014E0005248022108F066F821464F4808F08AF871
:1014F0002A464D48012108F08FF801224A4802216E
:1015000008F08AF82146494808F07CF82A464748FE
:10151000012108F081F845480122022108F07CF8F9
:10152000234621464048062208F094F823463E48C8
:101530000F22012108F08EF823463B4807220221A2
:1015400008F088F8234638480822032108F082F87A
:10155000234621463548052208F07CF823463348C7
:101560000E22012108F076F823462A462F48022150
:1015700008F070F823462D480C22032108F06AF881
:1015800029484FF46022012108F010F90122114688
:10159000254808F0EFF825484FF46022012108F0B3
:1015A00005F901221146214808F0E4F823462146B6
:1015B0001D480B2208F0A6F8234621461B480A22A4
:1015C00008F0A0F822461848022108F0EFF8164863
:1015D0000122022108F0CEF822461448022108F028
:1015E000E5F801220221114808F0C4F80E4807F07E
:1015F000CBFF0E4807F0C8FF0B4807F0ABFF0B48C6
:1016000007F0A8FF012007F0A5FD074807F0AAFF93
:10161000064807F0A7FF08B070BD00BF00000240F9
:101620004C240140A0450020002401400028014036
:1016300070B5384888B0042108F004FB3649374AB1
:1016400001914FF48063012400254FF480760392CA
:10165000049301AA4FF480532E4806930421ADF859
:101660001C6002968DF81E50059408F009FB29486D
:10167000042108F043FB0421264808F051FB2848C8
:1016800007F03AFF22463146254807F093FF2A46E5
:101690002348022107F08EFF2946214807F0B2FFB8
:1016A000224621461E4807F0B7FF22461C48022169
:1016B00007F0B2FF0523294619480D2207F0CAFF9B
:1016C000214617484FF4602208F070F82246214660
:1016D000134808F04FF80523294611480D2208F059
:1016E00011F82A460E48022108F060F8224602212D
:1016F0000B4808F03FF80A4807F046FF084807F093
:1017000029FF204607F026FD054807F02BFF08B00B
:1017100070BD00BF000402404C3C01409C450020CD
:10172000003C014000B585B001A9002008F094F804
:101730000A4808F07FF80A484FF48072CDE90102A8
:101740004FF4802301A90548039308F0B7F8034834
:10175000022108F073FA05B000BD00BF006400402C
:101760000000090300B5014687B0032008F074F8B3
:1017700001A9012008F070F800234FF48031012204
:1017800001A8CDE90133CDE903318DF8142008F02B
:1017900027F907B000BD00BF00B583B00146019036
:1017A000022008F059F8054A019990680860002362
:1017B00006228A724B600B8103B000BD9840002066
:1017C000F0B52DED028B1C4D83B00446F0EE608A1F
:1017D000B0EE418AD5ED130A95ED141A019110204F
:1017E00006F000FE95ED161AD5ED150A0746B0EE87
:1017F000680A0C2006F0F6FDD5ED030AD5ED0E7A49
:1018000060EEE70A0646B0EE480AB1EE601A0C2018
:1018100006F0E8FD03120199E17203EB06137ABAB0
:101820003111E3730023A173A28120746374A37444
:1018300003B0BDEC028BF0BD9844002084B0F0B53D
:101840002DED028B83B00AAC84E80F009DF8363092
:101850009DF835709DF839209DF83760BDF833004C
:101860002B4C9DF838E09DF83A10D4ED140A94ED15
:10187000130A0F9D9FED278A4FEA032C1B0943EAA9
:1018800007170CF470631E43130240BA120903F4E5
:1018900070630B4342EA0E1280B210210092019352
:1018A00006F0B4FD85ED000AD4ED160A94ED150A94
:1018B00038460C2106F0AAFD85ED010AD4ED170A81
:1018C0003046B0EE480A0C2106F0A0FD85ED020A74
:1018D000D4ED180A00980C21B0EE480A06F096FDE7
:1018E00085ED030A94ED030AD4ED0E7A019820EEFB
:1018F000670A0C21F1EE400A06F088FD85ED040A26
:1019000003B0BDEC028BBDE8F04004B0704700BFEF
:10191000984400200000000070B54FF480620C462F
:10192000002105460AF02FFF4FF480720021204667
:101930000AF029FF01260022C5E904222A60AA60D4
:10194000C5F818226E6000231A4ADFED1B5A9FED7E
:101950001B6ADFED1B6A9FED1B7ADFED1B7ADFF858
:1019600078E0DFF878C0194840F6B836EE604FF0FE
:101970007E51A361E3616363E3632364A26422662F
:101980006366134AA366E3662367124BC4ED025AEB
:1019900084ED036AC4ED086A84ED137AC4ED147A09
:1019A000C4F854E0C4F858C0A1636164E0656262A1
:1019B000A36270BD0000A04000007A4400002042F5
:1019C0000000FA420000C8C20000C8420000FA430A
:1019D000000060410000A841000082C20000824275
:1019E00070B50E461E49A0F1040E00F57F754FF04C
:1019F000FF305EF8044F4FF0000C24FA0CF3DBB21A
:101A00005840082240F300030B40013A83EA50009B
:101A1000F8D10CF1080CBCF1200FEED17545E8D1DE
:101A20000F49B64606F58075DEF800404FF0000C11
:101A300024FA0CF3DBB25840082240F300030B40B9
:101A4000013A83EA5000F8D10CF1080CBCF1200FE8
:101A5000EED10EF1040EAE45E6D1C04370BD00BF1D
:101A60002083B8ED0368012B00F2BF824368B3F511
:101A7000006F80F0BA828268B2F5006F80F0B582A4
:101A800023F0800340F2017C634500F0AE8222F037
:101A90008002624500F0A982C368E14A013B93429B
:101AA00000F2A3820369DFF8A0C34FF6FF7213446C
:101AB000634500F29A8243691A44624500F29582B6
:101AC000D0F81832072B00F29082D1ED027A9FED08
:101AD000E37AF0EEE76AF4EE476AF1EE10FA00F20C
:101AE00084829FEDDB7AF4EEC77AF1EE10FAC0F251
:101AF0007C829FEDCC7AF4EEC77AF1EE10FA00F218
:101B00007482D1ED037ADFEDD56AB0EEE77AB4EEF8
:101B1000667AF1EE10FA00F268829FEDC37AF4EE75
:101B2000C77AF1EE10FAC0F260829FEDCA7AF4EE45
:101B3000C77AF1EE10FA00F25882D1ED062AB0EE23
:101B4000E27AB4EE667AF1EE10FA00F24E82F5EE29
:101B5000C02AF1EE10FAC0F248829FEDB47AF4EE9A
:101B6000C72AF1EE10FA00F2408291ED077AB0EE4A
:101B7000C76AB4EE666AF1EE10FA00F23682B5EE8C
:101B8000C07AF1EE10FAC0F23082DFEDB16AB4EE45
:101B9000E67AF1EE10FA00F2288291ED087ADFED94
:101BA000AF6AB0EEC76AB4EE666AF1EE10FA00F200
:101BB0001C82B7EE006AB4EEC67AF1EE10FAC0F2FB
:101BC0001482DFEDA75AB4EEE57AF1EE10FA00F2D6
:101BD0000C8291ED093AB0EEC37AB4EE667AF1EE7A
:101BE00010FA00F202829FED907AB4EEC73AF1EE5D
:101BF00010FAC0F2FA819FED8E7AB4EEC73AF1EE98
:101C000010FA00F2F28191ED0A7AF0EEC75AF4EE82
:101C1000665AF1EE10FA00F2E881B4EEC67AF1EEFF
:101C200010FAC0F2E281DFED836AB4EEE67AF1EEFB
:101C300010FA00F2DA81D1ED0D6A9FED887AB0EEEC
:101C4000E66AB4EE476AF1EE10FA00F2CE81F5EEE4
:101C5000C06AF1EE10FAC0F2C8819FED7D6AF4EE21
:101C6000C66AF1EE10FA00F2C081D1ED0E6AB0EE54
:101C7000E66AB4EE476AF1EE10FA00F2B6819FED23
:101C80006E6AF4EEC66AF1EE10FAC0F2AE81B2EE00
:101C9000046AF4EEC66AF1EE10FA00F2A681D1ED04
:101CA0000F6AB0EEE66AB4EE476AF1EE10FA00F29F
:101CB0009C81F5EEC06AF1EE10FAC0F296819FEDBC
:101CC000636AF4EEC66AF1EE10FA00F28E81D1ED8D
:101CD000106AB0EEE66AB4EE476AF1EE10FA00F26E
:101CE0008481F5EEC06AF1EE10FAC0F27E819FEDBC
:101CF000537AF4EEC76AF1EE10FA00F27681D1ED74
:101D0000116A9FED567AB0EEE66AB4EE476AF1EEDC
:101D100010FA00F26A819FED4A6AF4EEC66AF1EEAB
:101D200010FAC0F262819FED496AF4EEC66AF1EEE4
:101D300010FA00F25A81D1ED126AB0EEE66AB4EE02
:101D4000476AF1EE10FA00F250819FED376AF4EE27
:101D5000C66AF1EE10FAC0F24881B3EE046AF4EEFE
:101D6000C66AF1EE10FA00F24081D1ED133AF0EEBE
:101D7000E36AF4EE476AF1EE10FA00F236819FED65
:101D8000317AF4EEC73AF1EE10FAC0F22E81F5EE98
:101D9000C03AF1EE10FA00F2288191ED144A9FED5D
:101DA0002F7AF0EEC46AF4EE476AF1EE10FA00F210
:101DB0001C81B5EEC04AF1EE10FAC0F21681DFEDDB
:101DC000236AB4EEE64AF1EE10FA00F20E81D1ED8C
:101DD000154AB0EEE46AB4EE476AF1EE10FA00F28A
:101DE00004819FED186AF4EEC64AF1EE10FAC0F2D3
:101DF000FC80F5EEC04AF1EE10FA00F2F68091EDAB
:101E0000165AB0EEC56AB4EE476AF1EE10FA00F267
:101E1000EC80B5EEC05AF1EE10FAC0F2E68021E097
:101E20009F8601000000FA44CDCCCC3D0000044266
:101E3000000020420000804217B7D1380050C3474D
:101E40006F12833A00007AC4FEFF010000007A445A
:101E50000000C8420000704200004843FFFF7F7F3F
:101E600000001643B4EEE65AF1EE10FA00F2BD801F
:101E700091ED177A1FED076AF0EEC76AF4EE466A35
:101E8000F1EE10FA00F2B180B5EEC07AF1EE10FA80
:101E9000C0F2AB805FED136AB4EEE67AF1EE10FAB1
:101EA00000F2A38091ED187AF0EEC76AF4EE466A6C
:101EB000F1EE10FA00F29980B5EEC07AF1EE10FA68
:101EC000C0F293805FED1E6AB4EEE67AF1EE10FA8E
:101ED00000F28B80D1ED196AB0EEE67AB4EE467A64
:101EE000F1EE10FA00F28180F5EEC06AF1EE10FA20
:101EF0007BDB1FED287AF4EEC76AF1EE10FA74D896
:101F000091ED1A7AF0EEC75AF4EE465AF1EE10FA55
:101F10006BD8B5EEC07AF1EE10FA66DB1FED326ACF
:101F2000B4EEC67AF1EE10FA5FD8D1ED1B5A1FED70
:101F3000352AF0EEE51AF4EE421AF1EE10FA54D812
:101F4000F5EEC05AF1EE10FA4FDBF4EEC65AF1EEA0
:101F500010FA4AD891ED1C6AF0EEC61AF4EE421A55
:101F6000F1EE10FA41D8B5EEC06AF1EE10FA3CDBA2
:101F70001FED452AB4EEC26AF1EE10FA35D8F4EE40
:101F8000E27AF1EE10FA30DBF4EEC37AF1EE10FAF9
:101F90002BDBF4EEC43AF1EE10FA26D5F4EEC54A86
:101FA000F1EE10FA21D5D90709D5F5EEC06AF1EEA8
:101FB00010FA1ADDF4EEE67AF1EE10FA15DB9A0764
:101FC00009D5B5EEC07AF1EE10FA0EDDB4EEE57A81
:101FD000F1EE10FA09D55B0709D5B5EEC06AF1EE4E
:101FE00010FACCBF0120002070470020704701206C
:101FF000704700BF30B5DFF83CC083B06045069D38
:10200000079C02D0002003B030BD0229FAD1B2F5FE
:10201000A07FF7D1214628460193FFF7E1FC019B01
:102020009842EFD12146284603B0BDE83040FFF783
:1020300019BD00BF4154484E401A0028D4BF0020AB
:102040000120704740B12AB15B1A002BD4BF002099
:10205000012070471046704782420CBF4FF0FF309E
:102060000120704711B10AB1082B01D00020704740
:10207000009BC01AB3F5006FB0FA80F04FEA501021
:1020800028BF0020704700BF431E00F1060C13F864
:10209000012FFF2A09D16345F9D1C279131DDBB2A3
:1020A000022B02D80A70012070470020704700BF41
:1020B00038B5C0F30D0444F4804440F44045204654
:1020C0000DF07AFB002814BF2846204638BD00BF1B
:1020D000084310B5C0F30D0420460DF06DFB44EA33
:1020E000C03080B210BD00BF10B504460DF064FBD7
:1020F00028B914F4804F18BF6FF0010010BD4FF0E5
:10210000FF3010BDC0F30D00C1F30D01401AB0F552
:10211000005F03DDA0F5804000B2704710F5005F5E
:10212000B8BF00F5804000B2704700BF0378A52B10
:1021300029D143785A2B26D18378012B23D110B58E
:1021400083790C46CBB9DFF84CE0421E811D002399
:1021500012F801CF83EA0C0391421EF80330F7D145
:10216000C2799A4212D1C37823700379637043799C
:10217000A3708379E370002010BDC378072BE2D0F1
:102180004FF0FF3010BD4FF0FF3070476FF001008F
:1021900010BD00BF60F8000890F800C06CF07F0C24
:1021A00083F800C090F801C083F801C0807898706F
:1021B0004FEA122CD970100C110E1A7183F805C059
:1021C0009871D971704700BF08B5084908484FF4A5
:1021D00080620AF025FB4FF48072064906480AF037
:1021E0001FFB064B01221A7008BD00BF984000205B
:1021F000BC46002098440020BC450020B845002083
:1022000030B5294D2B7883B00BB903B030BD2749C9
:1022100027484FF480620AF003FB264926484FF412
:1022200080720AF0FDFA254B4FF000744FF48011D4
:10223000C3F88040C3F88010C3F88041C3F8801110
:10224000BFF34F8FBFF36F8F05F0AEF91B4B4FF409
:102250008011C3F880410246C3F880111C601960E8
:10226000BFF34F8FBFF36F8F58B91548154B2A70C6
:102270001A7015490270154A02230B70137003B0CF
:1022800030BD0190124806F00FFE019A0E4900235E
:102290002B70531D022B0D4B4FF0030094BF524285
:1022A000072208701A70B0E7B5450020BC46002030
:1022B00098400020BC4500209844002000E100E048
:1022C000B7450020B8450020B6450020B4450020A1
:1022D00080400020164B1B7803B9704730B5154C71
:1022E000237883B0DBB2CDE90031054606F04AFF22
:1022F000009B114A019903EB430C4FEA8C0E01330A
:1023000042F80E0002EB8C0203F01F030B4815711C
:102310009160237003781F2B04D803780133037076
:1023200003B030BD064A13680133136003B030BDFB
:10233000C24A0020C14A0020C44A0020C04A0020EE
:10234000BC4A00202DE9F0419A4C0168236840F214
:102350000172013391428AB0236006D1037A23B916
:10236000437A13B9827A082A05D0A3680133A3609F
:102370000AB0BDE8F08104A90B300193FFF7D6FE47
:1023800018B1E3680133E360F2E706F0FBFE8A4927
:10239000019B0A68821A132A84463CD96268086045
:1023A000013262609DF81020062A00F0ED81072AB4
:1023B00039D0022A00F0DA81012A00F04B82032A88
:1023C00000F0F981002A00F0EF8104232169013136
:1023D0000022216105A90220CDE9012307F03CFA82
:1023E00000230693ADF81C3040F281730593082357
:1023F000DDE9012104A88DF81E300DF11F03FFF760
:10240000CBFE6E4805A907F065FB032807D0A3693A
:102410000133A361ACE7636901336361A8E7E36952
:102420000133E361A4E79DF81220A2F12001C9B2B3
:10243000672940F2548402F17001C9B2672940F261
:102440008E84F72A00F27A84013A122ABDD8DFE896
:1024500012F03D0135012D01EE00E600C7009A00A3
:1024600082006D00D1005700420013001300760176
:102470005F014401130013009DF81320504B013AF3
:10248000D2B21B78132A94BF00220122022B18BF5C
:1024900042F00202019202F0EDFD019A08B942F009
:1024A00004020192FEF760FE019A08B142F00802B0
:1024B000444B93F8F532002B40F0F78442F01002C1
:1024C000019203F053FC019A002800F0D18542F0FC
:1024D000200202237EE73C489DF8132001788A42BF
:1024E00080F067813949097800782031091A0A4457
:1024F000374902F01F020C2000FB0212926869E7C4
:1025000031489DF8132001788A4280F052812F498A
:10251000097800782031091A0A442D4902F01F0277
:102520000C2000FB02121279D2B253E72749264849
:1025300000220A70274902700A60274A1278007840
:1025400042EA00220868B0F5803F36BF0968234997
:1025500009040A433EE720484FF0000C80F800C011
:102560000278002A40F08984174A1A4900781278C4
:1025700040EA02220868B0F5803F36BF0968174973
:1025800009040A4326E71448012202700278002A4F
:1025900040F07E840C4A0F490078127840EA02220B
:1025A0000868B0F5803F36BF09680C4909040A4342
:1025B00010E700BF4C4C0020B045002000640040F4
:1025C000683D00207C3D0020C04A0020C14A002018
:1025D000C44A0020BC4A0020C24A00200000FFFF7D
:1025E000A648028802B31B21019305F009FE019B56
:1025F0000122EFE6A2489DF8132001788A4280F07C
:10260000D880A049097800782031091A0A4402F0DC
:102610001F020C209C4900FB02F28A58DAE6974A16
:102620001188002900F0AB8502230022D2E69DF834
:102630001320013AD2B2132AF6D8904A1288002AFF
:10264000F2D10193FEF790FD0028EDD18F4A9288D8
:10265000002AE9D18E4A92F83D26002AE4D08D4A1C
:1026600092F8F522002ADFD000F180404FF480512B
:1026700000F5843007F0DAFD0028D5D09DF813303E
:102680009FED857A854A7D4807EE903AF8EE677AA5
:10269000632167EE877AC2ED127A05F0B1FD9DF8ED
:1026A0001320019B642101FB02F293E6734801931E
:1026B000652105F0A5FD019B03228BE66F48019380
:1026C0006D2105F09DFD019B022283E66B4801937D
:1026D0001B2105F095FD019B8AE7684B1B78022BB7
:1026E000A2D102F0C7FC00289ED0FEF73DFD0028D5
:1026F0009AD103F03BFB002896D103F013F9002890
:1027000092D1019003F0D6F8019B4FF47A7261E602
:1027100001939DF81330DFED620A5E4A07EE903AAE
:10272000F8EE677A92ED1E0A67EEA00A03F0E4FA6B
:1027300000283FF479AF9DF81320019B4AE60193EE
:102740009DF81330534A9FED560AD2ED200A07EE4A
:10275000903AF8EE677A27EE800A03F0CDFA002867
:102760003FF462AF9DF81320019B33E69DF8120001
:1027700000F16002D2B23B2A00F2A480019303F080
:10278000FBFA019B024625E6464A9DF81110464C8D
:10279000464B11704648C4F800C001224FF4006156
:1027A0001A7007F039FDE3E59DF81220002A00F0C9
:1027B000FD8201230AE69DF812100F29F9D801A223
:1027C00052F821F04F2800084B280008472800083D
:1027D000432800083F2800083B2800083728000845
:1027E00033280008B32700082B28000823280008F6
:1027F0001B280008132800080B280008B32700082E
:10280000052800082B4A1268E4E5214AD2F8682618
:10281000E0E51F4AD2F86426DCE51D4AD2F86026BE
:10282000D8E51C4AD2F8FC22D4E5194AD2F85C2635
:10283000D0E5E269CEE5A269CCE56269CAE5226924
:10284000C8E5E268C6E5A268C4E56268C2E5226838
:102850000B46BFE59DF81220042AAAD8DFE802F053
:102860000A0705030C00144AB4E50F22B2E54FF441
:102870008032AFE5114AADE5114AABE5683D002075
:10288000C04A0020C14A0020C44A0020EC36002083
:10289000F83600207C3D0020CDCCCC3D9844002073
:1028A0006F12833A484C0020444C0020494C0020D1
:1028B000000801406C4C002001D1E0A74154484E73
:1028C00001E80300FF283FF674AF01A252F820F0A0
:1028D000733100084D2F00083F2F0008C12F00085A
:1028E0006F2F0008652F00085B2F0008B327000832
:1028F000B3270008653100085D3100085531000834
:10290000473100083331000825310008153100082F
:102910000B31000801310008ED300008D930000803
:10292000B3270008B3270008B3270008B32700081F
:10293000CB300008AD300008A53000089730000803
:10294000AD300008CB300008A5300008B3270008E0
:10295000B3270008B3270008B3270008B3270008EF
:10296000B3270008B3270008B3270008B3270008DF
:10297000B3270008B3270008B3270008B3270008CF
:10298000B3270008B3270008B3270008B3270008BF
:10299000B3270008B3270008B3270008B3270008AF
:1029A000B3270008B3270008B3270008B32700089F
:1029B000893000089D370008CB3000088F370008A9
:1029C0008137000871370008613700085137000867
:1029D0004137000831370008213700081137000857
:1029E000CB360008BB360008AB3600089B36000823
:1029F0008B3600087B3600086B3600085B36000813
:102A00004B3600083B3600082B3600081B36000802
:102A10000B360008FB350008D73500084B35000899
:102A200005350008CF34000861340008D9330008A8
:102A3000C5330008B1330008893F00080F3F000884
:102A4000B93E0008833E0008493E0008193E0008D0
:102A5000033E0008FB3D00080B410008E940000868
:102A600025400008EF3F0008A34000086D40000823
:102A7000B13D00087B3D0008253D0008EF3C000803
:102A8000BF3C0008A33C00084D3C0008173C000870
:102A9000FD3B0008F53B0008AF3B0008913B0008F8
:102AA00065310008733B00083B3B00080D3B000804
:102AB000A13A00088F3A0008232800087F3A00084E
:102AC000053A0008F5390008E5390008D53900084D
:102AD000C5390008B5390008A5390008953900083E
:102AE000453A0008353A0008253A0008153A00082A
:102AF0005F3A0008553A00084D39000817390008B8
:102B0000C13800088B3800087B3800086B38000893
:102B10005B3800084B3800083B3800082B380008A9
:102B20001B3800080B380008FB370008EB3700089B
:102B3000DB370008CB370008BB370008AB3700088D
:102B4000A133000891330008813300087133000875
:102B5000B3270008B3270008B3270008B3270008ED
:102B6000B3270008B3270008B3270008B3270008DD
:102B7000B3270008B3270008B3270008B3270008CD
:102B8000B3270008B3270008B3270008B3270008BD
:102B9000B3270008B3270008B3270008B3270008AD
:102BA000B3270008B3270008B3270008B32700089D
:102BB000B3270008B3270008B3270008B32700088D
:102BC000B3270008B3270008B3270008B32700087D
:102BD000B3270008B3270008B3270008B32700086D
:102BE000B3270008B3270008B3270008B32700085D
:102BF000B3270008B3270008B3270008B32700084D
:102C0000B3270008B3270008B3270008B32700083C
:102C1000B3270008B3270008B3270008B32700082C
:102C2000B3270008B3270008B3270008B32700081C
:102C3000B3270008B3270008B3270008B32700080C
:102C40006133000851330008413300083133000874
:102C50002133000811330008D5320008C5320008BE
:102C6000B5320008A5320008953200088532000808
:102C700075320008653200085532000845320008F8
:102C800035320008253200081532000805320008E8
:102C9000F5310008E5310008D5310008C5310008DC
:102CA000B5310008A53100082F2F0008D12C0008ED
:102CB000D12C0008D12C0008D12C0008D12C000800
:102CC000D12C0008D12C0008D12C0008D12C0008F0
:102CD000019302F02DFE019B0246FFF77BBBA64B42
:102CE0001A7802F0FF03002A7FF49EACA348007814
:102CF0008A0801F0030138B9CDE902130192FFF708
:102D000063FADDE90213019A9D4810F812C000EB46
:102D1000420E9EF80100BCF1000F40F0A580DFF8E4
:102D200068C20CEB80009DF813C000F801C0954804
:102D300041EA022201210170FFF74CBBFB2A2BD094
:102D4000FC2A2ED0F82A34D0F92A49D0FA2A7FF466
:102D500030AD8A4900220A708A490A7048E4874ADD
:102D60001278880801F003013AB9CDE90213019005
:102D7000FFF72AFADDE902130198814A02EB400CC1
:102D800012F810009CF80120002872D17E4800EB58
:102D90008202525CFFF71EBB7C4A1278D2B2FFF768
:102DA00019BB7B4A1278D2B2FFF714BB794AFFF7FE
:102DB00011BB724A12781AB90193FFF705FA019B09
:102DC000754971480193FEF74DFE00283FF4F1ACC0
:102DD00071496D48FEF704FE019B0246FFF7FABAFF
:102DE0006E4A1288002A7FF41FAC0193FEF7BCF9EB
:102DF00000287FF419AC6A4A9288002A7FF414AC48
:102E0000604A1278002A3FF40FAC5B4B1A78002A14
:102E10007FF40AAC594A019B127812B9FFF7D4F932
:102E2000019B5D4958480193FEF71CFE00283FF4C2
:102E3000C0AC514B554901221A700A7054490A70AE
:102E4000584A4FF000704FF48011C2F88000C2F869
:102E50008010C2F88001C2F88011BFF34F8FBFF31A
:102E60006F8F019BFFF7C4BBDFF82CC10CEB800018
:102E700059E7494800EB82028BE74B4A4B4982F8FD
:102E800000C04B4A82F800C0C1F800C0FFF76EBB1B
:102E9000474A4649444D4FF0000C85F800C082F87F
:102EA00000C0C1F800C0FFF777BB019202F05EFFDF
:102EB000019A034600287FF40AAB002A40F0E18023
:102EC0009DF813109DF81220DFED3A7A00EE101AEB
:102ED000A2F112010129B8EE400A40F2CC800D2A7D
:102EE00020EE270A40F0C9800120019302F0CEFDB8
:102EF0009DF813309DF8122007EE903A123AD2B2A4
:102F0000012AF8EE677AB7EE007AFFEE006A98BF02
:102F1000B0EE667A67EE877A9FED277A019B67EEBF
:102F2000877AFDEEE77A17EE902AFFF753BAF6207C
:102F3000019302F021FF019B0246FFF74BBA019378
:102F4000FEF712F9019B0246FFF744BA019306F01F
:102F500019F9019B0246FFF73DBA184AD2F8302210
:102F6000FFF738BA154AD2F82822FFF733BA134AC6
:102F7000D2F84026FFF72EBAB5450020B84500200C
:102F800078040108B7450020BC460020B645002063
:102F9000B44500204154484EBC450020683D002007
:102FA000EC36002000E100E0C14A0020BC4A0020CD
:102FB000C04A0020CDCCCC3D0000C842F8360020ED
:102FC0004FF48051C748019307F030F94FF4006186
:102FD0000646C44807F030F9031EC348C349D0F879
:102FE000442CC2F3C035D1F81824D1F818E4D1F834
:102FF0001814C1F3800CD0F8201C4FEA42124FEA9B
:10300000012101F4807102F0200242EA0102B84974
:1030100091F83D1618BF0123003918BF012142EA7B
:10302000430242EAC102B349019B91F8F51200390B
:1030300018BF012142EA0112CEF3400E42EA850296
:1030400042EA8E1242EACC12D0F820CCD0F8201CF2
:10305000CCF3001042EA4022C1F3002142EA81226F
:10306000002E08BF42F0010242F00042FFF7B2B961
:103070000223FFF7AFB920EE670A123A50425041DF
:1030800033E70223FFF7A6B9019301F08FFD019BFF
:103090000246FFF79FB9019301F0ECFF019B024646
:1030A000FFF798B940F21542FFF794B9924A9FEDA5
:1030B000937AD2ED037A9249924AB4EEE77AF1EE2E
:1030C00010FAB8BF0A46FFF785B9019301F07AFDFF
:1030D000019B0246FFF77EB98349D1F83C2CD1F819
:1030E0002C1C92B242EA0142FFF774B97E49D1F832
:1030F000342CD1F8381C92B242EA0142FFF76AB987
:103100007C4AD2F8B420FFF765B9784AD2F818247F
:10311000FFF760B9764991F83E268AB1D1F8462684
:10312000FFF758B9784AD188128942EA0142FFF77D
:1031300051B9754A5188928842EA0142FFF74AB96B
:103140000323FFF747B9704A5189128842EA0142C6
:10315000FFF740B96C4AD268FFF73CB9654A128A5A
:10316000FFF738B963490A89C96842EA0142FFF7A3
:1031700031B9604A0346D2F8F822FFF72BB9019320
:10318000FDF7F2FF00287FF44FAA594991F83D1648
:1031900000293FF449AA5D487A2105F031F8019BE6
:1031A000FFF726BAF520019302F0E6FD019B0246E7
:1031B000FFF710B9F420019302F0DEFD019B0246F7
:1031C000FFF708B9F320019302F0D6FD019B0246F8
:1031D000FFF700B9F220019302F0CEFD019B0246F9
:1031E000FFF7F8B8F120019302F0C6FD019B0246FB
:1031F000FFF7F0B8F020019302F0BEFD019B0246FC
:10320000FFF7E8B8EF20019302F0B6FD019B0246FC
:10321000FFF7E0B8EE20019302F0AEFD019B0246FD
:10322000FFF7D8B8ED20019302F0A6FD019B0246FE
:10323000FFF7D0B8EC20019302F09EFD019B0246FF
:10324000FFF7C8B8EB20019302F096FD019B024600
:10325000FFF7C0B8EA20019302F08EFD019B024601
:10326000FFF7B8B8E920019302F086FD019B024602
:10327000FFF7B0B8E820019302F07EFD019B024603
:10328000FFF7A8B8E720019302F076FD019B024604
:10329000FFF7A0B8E620019302F06EFD019B024605
:1032A000FFF798B8E520019302F066FD019B024606
:1032B000FFF790B8E420019302F05EFD019B024607
:1032C000FFF788B8E320019302F056FD019B024608
:1032D000FFF780B8E220019302F04EFD019B024609
:1032E000FFF778B80008014000200140006000406E
:1032F000F83600207C3D0020984400200000204249
:10330000A0008002A000C002A0450020683D00206F
:10331000E120019302F030FD019B0246FFF75AB80D
:10332000E020019302F028FD019B0246FFF752B80E
:10333000DF20019302F020FD019B0246FFF74AB80F
:10334000DE20019302F018FD019B0246FFF742B810
:10335000DD20019302F010FD019B0246FFF73AB811
:10336000DC20019302F008FD019B0246FFF732B812
:103370009F20019302F000FD019B0246FFF72AB84F
:103380009E20019302F0F8FC019B0246FFF722B851
:103390009D20019302F0F0FC019B0246FFF71AB852
:1033A0009C20019302F0E8FC019B0246FFF712B853
:1033B000CA49D1F83C2CD1F82C1C92B242EA014205
:1033C000FFF708B8C549D1F8342CD1F8381C92B2AF
:1033D00042EA0142FEF7FEBFC14890F8F522002AFA
:1033E00072D0C04A1278022A6AD1BC4AD2F8442C60
:1033F00012F4004261D0D0ED057A9FEDBB7AF4EE75
:10340000C77AF1EE10FA55DA9FEDB87AF4EEC77A82
:10341000F1EE10FA4CD99FEDB67A67EE877AFDEEA1
:10342000E77A17EE902AD0ED067A9FEDAF7AF4EEA8
:10343000C77AF1EE10FA92B237DA9FEDAC7AF4EE79
:10344000C77AF1EE10FA26D99FEDA97A67EE877A4E
:10345000FDEEE77A17EE901A42EA0142FEF7BABF94
:103460009F4A9FEDA47AD2ED117AF4EEC77AF1EE7D
:1034700010FA16DA9FEDA07AF4EEC77AF1EE10FAA0
:103480000BD99FED9B7A67EE877AFDEEE77A17EE10
:10349000902AFEF79FBF9949DEE74FF00042FEF702
:1034A00099BF6FF00042FEF795BF47F6FF71D3E773
:1034B000924AB8E747F6FF72B5E70323FEF78ABFE3
:1034C00003230022FEF786BF0323FEF783BF844A4F
:1034D0009FED887AD2ED2A7AF4EEC77AF1EE10FAEF
:1034E0002FDA9FED857AF4EEC77AF1EE10FA24D93F
:1034F0009FED7F7A67EE877AFDEEE77A17EE902AE6
:10350000FEF768BF7E4A9FED7B7AD2ED037AF4EE38
:10351000C77AF1EE10FA6CDA9FED777AF4EEC77A9B
:10352000F1EE10FA61D99FED727A67EE877AFDEEBF
:10353000E77A17EE902AFEF74DBF4FF00042FEF7F4
:1035400049BF6FF00042FEF745BF019301F092FDC5
:103550006C4A9288151E624A92F8F52218BF01251E
:10356000161E694A92F83D26804618BF01264FF480
:103570000061171E654818BF012706F05DFE011E99
:103580005648D0F8442CC2F3C03CD0F8202CD0F8D8
:10359000203CD0F820EC4FEA821202F040020EF4F8
:1035A000807E42EA0E0242EA450242EA860242EA8E
:1035B000C702C3F3001042EA4C1242EAC01218BF1D
:1035C0000121B8F1000F18BF42F00102019B42EA4D
:1035D0000112FEF7FFBE4349CA7848780978120401
:1035E00042EA00220A43FEF7F5BE4FF00042FEF722
:1035F000F1BE6FF00042FEF7EDBE0E20019301F028
:10360000FDFA019B0246FEF7E5BE0D20019301F095
:10361000F5FA019B0246FEF7DDBE0C20019301F096
:10362000EDFA019B0246FEF7D5BE0B20019301F097
:10363000E5FA019B0246FEF7CDBE0A20019301F098
:10364000DDFA019B0246FEF7C5BE0920019301F099
:10365000D5FA019B0246FEF7BDBE0820019301F09A
:10366000CDFA019B0246FEF7B5BE0720019301F09B
:10367000C5FA019B0246FEF7ADBE0620019301F09C
:10368000BDFA019B0246FEF7A5BE0520019301F09D
:10369000B5FA019B0246FEF79DBE0420019301F09E
:1036A000ADFA019B0246FEF795BE0320019301F09F
:1036B000A5FA019B0246FEF78DBE0220019301F0A0
:1036C0009DFA019B0246FEF785BE0120019301F0A1
:1036D00095FA019B0246FEF77DBE00BF0020014027
:1036E0007C3D0020683D0020681103426F1203C238
:1036F00000007A446C12034A6C1203CA0080FFFF78
:1037000098440020EC360020F836002000080140E4
:103710000020019301F072FA019B0246FEF75ABEA7
:103720000520019301F060FA019B0246FEF752BEAC
:103730000420019301F058FA019B0246FEF74ABEAD
:103740000320019301F050FA019B0246FEF742BEAE
:103750000220019301F048FA019B0246FEF73ABEAF
:103760000120019301F040FA019B0246FEF732BEB0
:103770000020019301F038FA019B0246FEF72ABEB1
:10378000019301F02BFA019B0246FEF723BE019341
:1037900001F01EFA019B0246FEF71CBE019301F0E8
:1037A0000BFA019B0246FEF715BE9B20019302F027
:1037B000E3FA019B0246FEF70DBE9A20019302F048
:1037C000DBFA019B0246FEF705BE9920019302F049
:1037D000D3FA019B0246FEF7FDBD9820019302F04B
:1037E000CBFA019B0246FEF7F5BD9720019302F04C
:1037F000C3FA019B0246FEF7EDBD9620019302F04D
:10380000BBFA019B0246FEF7E5BD9520019302F04D
:10381000B3FA019B0246FEF7DDBD9420019302F04E
:10382000ABFA019B0246FEF7D5BD9320019302F04F
:10383000A3FA019B0246FEF7CDBD0320019302F0DF
:10384000F5F8019B0246FEF7C5BD0220019302F088
:10385000EDF8019B0246FEF7BDBD0120019302F089
:10386000E5F8019B0246FEF7B5BD0020019302F08A
:10387000DDF8019B0246FEF7ADBDD1490A8A91F8F9
:10388000F51242EA0142FEF7A5BDCE4A9FEDCE7A7F
:10389000D2ED1C7AF4EEC77AF1EE10FA2FDA9FED32
:1038A000CB7AF4EEC77AF1EE10FA24D99FEDC87AFC
:1038B00067EE877AFDEEE77A17EE902AFEF78ABD6B
:1038C000C04A9FEDC17AD2ED1B7AF4EEC77AF1EED1
:1038D00010FA1CDA9FEDBD7AF4EEC77AF1EE10FA19
:1038E00011D99FEDBB7A67EE877AFDEEE77A17EE86
:1038F000902AFEF76FBD4FF00042FEF76BBD6FF0F0
:103900000042FEF767BD4FF00042FEF763BD6FF067
:103910000042FEF75FBDAB4A9FEDAB7AD2ED1A7A5B
:10392000F4EEC77AF1EE10FA30DA9FEDA87AF4EEF1
:10393000C77AF1EE10FA25D99FEDA57A67EE877A5E
:10394000FDEEE77A17EE902AFEF744BD9D4A9FED03
:103950009E7AD2ED197AF4EEC77AF1EE10FA80F27F
:103960008A809FED9A7AF4EEC77AF1EE10FA7ED94A
:103970009FED977A67EE877AFDEEE77A17EE902A49
:10398000FEF728BD4FF00042FEF724BD6FF0004265
:10399000FEF720BD0820019301F03AF9019B024691
:1039A000FEF718BD0720019301F032F9019B024692
:1039B000FEF710BD0620019301F02AF9019B024693
:1039C000FEF708BD0520019301F022F9019B024694
:1039D000FEF700BD0420019301F01AF9019B024695
:1039E000FEF7F8BC0320019301F012F9019B024697
:1039F000FEF7F0BC0220019301F00AF9019B024698
:103A0000FEF7E8BC0120019301F002F9019B024698
:103A1000FEF7E0BC0C20019301F0FAF8019B02468E
:103A2000FEF7D8BC0B20019301F0F2F8019B02468F
:103A3000FEF7D0BC0A20019301F0EAF8019B024690
:103A4000FEF7C8BC0920019301F0E2F8019B024691
:103A5000FEF7C0BC5F4AD2F81822FEF7BBBC0D20AF
:103A6000019301F0D5F8019B0246FEF7B3BC4FF07D
:103A70000042FEF7AFBC6FF00042FEF7ABBC002087
:103A8000019301F0C5F8019B0246FEF7A3BC4C4A26
:103A9000D2F8F81292F8F52242EA0122FEF79ABC17
:103AA00047489FED4D7AD0ED067AF4EEC77AF1EEF5
:103AB00010FA3FDA9FED497AF4EEC77AF1EE10FA88
:103AC00036D99FED437A67EE877AFDEEE77A17EEF7
:103AD000902AD0ED077A9FED407AF4EEC77AF1EEA6
:103AE00010FA92B221DA9FED3D7AF4EEC77AF1EE48
:103AF00010FA18D99FED367A67EE877AFDEEE77AED
:103B000017EE901A42EA0142FEF764BC2C4A9FED80
:103B1000347AD2ED1C7A67EE877AFCEEE77A17EEFC
:103B2000902AFEF757BC2F49ECE747F6FF71E9E70B
:103B30002C4ACEE747F6FF72CBE721488268D0F8DF
:103B40009810521AB2F5004F1FDA26498A42B8BFC0
:103B50000A46C168D0F89C00091AB1F5004F92B22C
:103B600010DA20488142B8BF014642EA0142FEF71E
:103B700031BC1349B1F89820D1F89C1042EA0142B7
:103B8000FEF728BC47F6FF71EFE747F6FF72E0E764
:103B90001549164ADFF858C001F5007E51F8040FA8
:103BA00050408E450CFB00F2F8D1FEF713BC0549DE
:103BB00008480193FDF714FF019B0246FEF70ABC7B
:103BC0007C3D0020984400206C12034A6C1203CA0A
:103BD00000007A4498400020681103426F1203C22B
:103BE000002474490080FFFFAC400020C59D1C816B
:103BF00093010001D34A5269FEF7ECBBD249D14A86
:103C0000D1ED867A1268FCEEE77A17EE901A42EA56
:103C10000142FEF7DFBBCD4A9FEDCD7AD2ED0A7AA5
:103C2000F4EEC77AF1EE10FA2FDA9FEDCA7AF4EECD
:103C3000C77AF1EE10FA24D99FEDC77A67EE877A3A
:103C4000FDEEE77A17EE902AFEF7C4BBC34A9FED5C
:103C5000C07AD2ED007AF4EEC77AF1EE10FA1CDAEF
:103C60009FEDBC7AF4EEC77AF1EE10FA11D99FED10
:103C7000BA7A67EE877AFDEEE77A17EE902AFEF7BA
:103C8000A9BB4FF00042FEF7A5BB6FF00042FEF764
:103C9000A1BB4FF00042FEF79DBB6FF00042FEF764
:103CA00099BBAF4A9FEDAF7AD2ED007A67EE877A83
:103CB000FCEEE77A17EE902A92B2FEF78BBBAA4A87
:103CC000DFEDA86A52ED017A92ED007A67EEA67AEE
:103CD00027EE267AFCEEE77ABCEEC77A17EE902A3A
:103CE00017EE101A92B242EA0142FEF773BB9F4AE6
:103CF0009FED977AD2ED007AF4EEC77AF1EE10FAE2
:103D00002FDA9FED947AF4EEC77AF1EE10FA24D907
:103D10009FED917A67EE877AFDEEE77A17EE902AAB
:103D2000FEF758BB924A9FED8A7AD2ED007AF4EE04
:103D3000C77AF1EE10FA1CDA9FED867AF4EEC77AB4
:103D4000F1EE10FA11D99FED847A67EE877AFDEED5
:103D5000E77A17EE902AFEF73DBB4FF00042FEF7E0
:103D600039BB6FF00042FEF735BB4FF00042FEF763
:103D700031BB6FF00042FEF72DBB7E4A9FED747A97
:103D8000D2ED007AF4EEC77AF1EE10FA31DA9FED57
:103D9000717AF4EEC77AF1EE10FA26D99FED6E7AB9
:103DA00067EE877AFDEEE77A17EE902AFEF712BBF0
:103DB000714A9FED677AD2ED007AF4EEC77AF1EEA0
:103DC00010FA80F2D1819FED637AF4EEC77AF1EEBA
:103DD00010FA40F2C5819FED607A67EE877AFDEEBA
:103DE000E77A17EE902AFEF7F5BA4FF00042FEF799
:103DF000F1BA6FF00042FEF7EDBA604AD269FEF701
:103E0000E9BA5E498A8D087891F82010120442EAD6
:103E100000220A43FEF7DEBA5849594A107892F850
:103E200001C00A7C120442EA0C22024391F82100EC
:103E300042EA006291F8220091F8241042EA4062BE
:103E400042EA8162FEF7C6BA4E4A9FED417AD2ED50
:103E5000377AF4EEC77AF1EE10FA80F2BC809FED6B
:103E60003D7AF4EEC77AF1EE10FA40F2B0809FEDA1
:103E70003A7A67EE877AFDEEE77A17EE902AFEF738
:103E8000A9BA404A9FED327AD2ED367AF4EEC77A7B
:103E9000F1EE10FA2FDA9FED2F7AF4EEC77AF1EEF9
:103EA00010FA24D99FED2C7A67EE877AFDEEE77A37
:103EB00017EE902AFEF78EBA324A9FED257AD2EDA0
:103EC000357AF4EEC77AF1EE10FA1CDA9FED217A1A
:103ED000F4EEC77AF1EE10FA11D99FED1F7A67EE72
:103EE000877AFDEEE77A17EE902AFEF773BA4FF065
:103EF0000042FEF76FBA6FF00042FEF76BBA4FF068
:103F00000042FEF767BA6FF00042FEF763BA1D4A3F
:103F10009FED0F7AD2ED347AF4EEC77AF1EE10FA13
:103F200051DA9FED0C7AF4EEC77AF1EE10FA46D929
:103F30009FED097A67EE877AFDEEE77A17EE902A11
:103F4000FEF748BA98400020F83600209844002038
:103F50006C12034A6C1203CA00007A44C436002073
:103F6000E836002000401C46E4360020DC36002005
:103F7000D8360020D4360020D03600201002002091
:103F8000683D00207C3D00207D4A9FED7E7AD2ED89
:103F9000337AF4EEC77AF1EE10FA24DA9FED7A7AEA
:103FA000F4EEC77AF1EE10FA19D99FED787A67EE40
:103FB000877AFDEEE77A17EE902AFEF70BBA4FF0FC
:103FC0000042FEF707BA6FF00042FEF703BA4FF067
:103FD0000042FEF7FFB96FF00042FEF7FBB94FF069
:103FE0000042FEF7F7B96FF00042FEF7F3B9684AF6
:103FF0009FED647AD2ED007AF4EEC77AF1EE10FA12
:1040000030DA9FED617AF4EEC77AF1EE10FA25D935
:104010009FED5E7A67EE877AFDEEE77A17EE902ADB
:10402000FEF7D8B95B4A9FED577AD2ED067AF4EEE7
:10403000C77AF1EE10FA80F287809FED537AF4EEA2
:10404000C77AF1EE10FA7BD99FED507A67EE877A46
:10405000FDEEE77A17EE902AFEF7BCB94FF000426A
:10406000FEF7B8B96FF00042FEF7B4B94A4A9FEDC7
:10407000457AD2ED007AF4EEC77AF1EE10FA2FDA33
:104080009FED417AF4EEC77AF1EE10FA24D99FED54
:104090003F7A67EE877AFDEEE77A17EE902AFEF711
:1040A00099B93E4A9FED377AD2ED007AF4EEC77A9D
:1040B000F1EE10FA60DA9FED347AF4EEC77AF1EEA1
:1040C00010FA55D99FED317A67EE877AFDEEE77ADF
:1040D00017EE902AFEF77EB94FF00042FEF77AB94C
:1040E0006FF00042FEF776B92D4A2E491278097812
:1040F00042EA01222C490868B0F5803F36BF0968C2
:104100002A4909040A43FEF765B9294A9FED1D7A39
:10411000D2ED127AF4EEC77AF1EE10FA1CDA9FEDC6
:104120001A7AF4EEC77AF1EE10FA11D99FED177AE8
:1041300067EE877AFDEEE77A17EE902AFEF74AB926
:104140004FF00042FEF746B96FF00042FEF742B969
:104150004FF00042FEF73EB96FF00042FEF73AB969
:104160004FF00042FEF736B96FF00042FEF732B969
:104170004FF00042FEF72EB96FF00042FEF72AB969
:104180007C3D00206C12034A6C1203CA00007A4482
:10419000C036002010020020CC360020C836002097
:1041A000C24A0020C04A0020BC4A00200000FFFF95
:1041B00098440020F0B5244C227887B00AB907B0A3
:1041C000F0BD04F0DFFF214A1268801A0928F6D9F1
:1041D0001F4B204A5968157818681A8900F0ECFEC0
:1041E0001B4B074659681A89186800F0F5FE4FF412
:1041F00000610646184806F011F84FF000012170E2
:10420000022001A905F028FB4FF00000ADF80C00DA
:10421000ADF8020040F28170019008208DF80E0088
:10422000062047EA06420DF10F038DF80000002139
:1042300068468DF80150FDF7AFFF01A9074805F06A
:1042400049FC07B0F0BD00BF494C0020444C0020A1
:10425000EC360020484C002000080140006400407B
:10426000014B1878704700BF494C00200000000047
:1042700000B5114889B006F081F99FED0D7B4FF430
:1042800000724FF4827100234FF40060CDE90013F7
:10429000CDE9020218236946074806938DED047B99
:1042A00006F09AF9044806F0B1F909B000BD00BF64
:1042B0000000000001000000003800400000000085
:1042C00000B5114889B006F059F99FED0D7B4FF408
:1042D00000724FF4827100234FF40060CDE90013A7
:1042E000CDE9020210236946074806938DED047B51
:1042F00006F072F9044806F089F909B000BD00BF64
:104300000000000001000000003C004070B548487B
:104310008CB006F08DF908A8002406F0FFF90125FD
:104320004FF400134FF4FA6208A9414808930A9227
:1043300009948DF82C5006F0F9F93D4806F050FC30
:104340003B48202106F036FC2946394806F03AFC65
:10435000374806F043FA01A806F074FA022601AACB
:10436000214633480394CDE9015606F071FA2146FF
:104370002F48602206F06EFB21462D48042206F0ED
:10438000C7FB21462A48082206F09AFB224621460E
:10439000274806F087FB01AA2946254806F058FA67
:1043A00029462348602206F055FB2946204804226E
:1043B00006F0AEFB29461E48082206F081FB224685
:1043C00029461B4806F06EFB01AA3146184806F044
:1043D0003FFA31461648602206F03CFB314614484D
:1043E000042206F095FB31461148082206F068FBCE
:1043F000224631460E4806F055FB04A806F0FCF9AB
:104400004FF0005304A90A480694CDE90443ADF8DF
:104410001C4006F0F7F92146054806F009FA29463E
:10442000034806F0E1F9024806F0D2F90CB070BD7D
:10443000002C014008B50D4806F0D8FB0B484FF49E
:10444000E13106F01FFC0948042106F05BFC08215D
:10445000064806F051FC054806F048FCBDE8084057
:10446000024840F2053106F063BC00BF0044004042
:1044700038B50546E9B20C4806F04AFC41F20104A1
:1044800001E0013C07D00848072106F049FC00285C
:10449000F7D0284638BD054A13684FF0FF35013381
:1044A0001360284638BD00BF004400406C4C00201B
:1044B000F0B52DED028BAA4D1446002287B02A607C
:1044C000227C07460E46002A00F09280E268DFED6B
:1044D000A56A9B1A07EE903AF8EEE77AB7EE007AF3
:1044E00067EEA67AF4EEC77AF1EE10FAC4ED057A1B
:1044F00000F18880F0EE006AF4EEE67AF1EE10FA50
:1045000000F19880D0ED037A94ED068AA168CDED94
:10451000027A04F5405303F59662C2ED007A37EE55
:10452000C88A03F2B442B0EEC88A116003F59762FC
:1045300082ED008A03F2BC42D6F8A410116004F5A3
:104540005352F16B116003F2C442316C116003F5F8
:104550009962316D116003F2CC42716D116003F507
:104560009A62B16D116003F2D442F16D116003F5EE
:104570009B63326E1A60304602F0D2F99FED7A7A70
:10458000B4EE478AF1EE10FA0DD89FED787AB4EECA
:10459000C78AF1EE10FA06D49FED757AB4EEC78A99
:1045A000F1EE10FA5DDD304602F0BAF9DFED717A16
:1045B00068EE277A40F20112FDEEE77A002301202F
:1045C000A4F82120237017EE901A84F824000A2002
:1045D000FDF780FE18EE100AFBF766FF02466648FC
:1045E0000B4607B0BDEC028BBDE8F04008F042B8C6
:1045F0006248029308F0A6F80122029B227400226E
:10460000E360626104F5395200235D49A3601360E1
:1046100093608A6CC6F8A42004F53051C6F8A8301F
:104620003431304602F0F8F9FB68A36107B0BDEC05
:10463000028BF0BD77EEC77A9FED527A04F53051C8
:1046400067EE877A04F5395334313046C4ED027A87
:10465000C3ED007A07B0BDEC028BBDE8F04002F07C
:10466000DBB99FED480A80EE080A0BF03FF8444A98
:10467000074692ED0A0A0BF039F8431E142B46D870
:10468000002F44D0172F42DC3B1A002BB8BF5B42EF
:10469000022BDDED027A3ADC94ED067A2070B4EE5E
:1046A000E77AF1EE10FACDED027A4FD500233648C5
:1046B00084F8203008F046F8DDED027A217833489E
:1046C000CDED057A3A4607F0D5FFA069FBF7ECFE81
:1046D00002460B460598CDE90223FBF7E5FEDDE92E
:1046E0000223CDE900012A4807F0C4FF94F8201006
:1046F0002960217807EE901A2149F8EE677A0022A6
:104700000123C1ED0A7A227484F821308EE7304605
:1047100002F006F940F2011200230121A4F8212041
:10472000237084F824100A203946FDF7D3FD18EED3
:10473000100AFBF7B9FE024616480B46394607B089
:10474000BDEC028BBDE8F04007F094BF0123124896
:1047500084F8203007F0F6FFDDED027AAEE700BF07
:1047600098400020D1CB0B38FFFF7F7FCDCC4C3E53
:10477000E4CB164100007A44BCFA000898FA00081D
:1047800098440020DB0FC94038FB000868FB000894
:1047900088FB0008F8FA000850FB00082DE9F041FA
:1047A000C24E96ED0A7A2DED028BF3EE057AB4EE49
:1047B000E77AF1EE10FA84B000F312811D46137C03
:1047C00014460F468046002B00F0D880D3689FED3A
:1047D000B87AEB1A07EE903AF8EEE77AB7EE006A8D
:1047E00067EE877AF4EEC67AF1EE10FAC2ED057A3A
:1047F00000F1D2809FEDAF8A96ED0A7A67EE085AF3
:10480000C5EE886A76EE866AF4EEE67AF1EE10FA84
:1048100078D4DFEDA96A27EE267AC7EE086A36EE6D
:10482000867AF4EEC77AF1EE10FA00F1E2800846DB
:1048300002F076F8D6ED0A7ABDEEE77A17EE103A76
:10484000002B40F3928104EB432303F1300204F187
:104850003001002351F8040F91420344FAD107EECE
:10486000103AB8EEC77A9FED956A656B9FED938A13
:10487000DFED938A27EE866AD5F58035C7EE066AA6
:1048800048BF05F2FF156D120027FDEEE66AC4ED84
:10489000076A07EE107AF8EEC75A67EE886A65EE87
:1048A000A75A6FF03F0265EE885A002165EEA85ABC
:1048B000B7EE005A13E036EEC56AB4EEC76AF1EE01
:1048C00010FA03D537EE667AFDEEC77A17EE903A06
:1048D00004EB830301325B6B402A194433D007EEAB
:1048E000902AF8EEE77A77EEA57AFDEEE77A17EEF2
:1048F000903A002BB8EEE77ADDDA37EE267AFDEE55
:10490000C77AE3E7D2ED027A9FED6E7A77EE877A87
:1049100002F53953084602F53051C2ED027A3431BE
:10492000C3ED007A02F078F894ED057AD4ED0C7AB4
:10493000B4EEE77AF1EE10FA00F3D08004B0BDECEB
:10494000028BBDE8F0810029B8BF7F317F2D4FEA8F
:10495000E1122946C8BFA5F18001E06901F68C2368
:1049600004EB8303121A5A605748013707F082FE9E
:10497000802F2BD0D6ED0A7A01358AE7534803936E
:1049800007F0E0FE039BA3850023636101232374EA
:104990004FF07E53E560236304F539520023A36092
:1049A0001360B26CC7F8A42004F53051C7F8A830E2
:1049B0003431384602F030F8D8F80C206369A2612F
:1049C000236304B0BDEC028BBDE8F081002201231B
:1049D000227484F8223004B0BDEC028BBDE8F08173
:1049E0003B48152104B0BDEC028BBDE8F04107F057
:1049F00041BED2ED027A9FED337A77EEC77A384620
:104A0000C2ED027AB36CC1F8A4300023C1F8A8301B
:104A100002F5395302F53051C3ED007A343101F01B
:104A2000FBFF94ED057AD4ED0C7AB4EEE77AF1EE63
:104A300010FA83DDA78D002F80D096ED0A7AD4ED91
:104A4000027ADFED256AD8F82432A06827EE087ACA
:104A500067EEA66AC6EE877AFDEEE77A17EE902A31
:104A60009B1ADD1305F480351D4404EB8703CDED5F
:104A7000037A596B0D4405EBD5756D105D63FBF73B
:104A800013FD2B46CDE90001039A1248394607F081
:104A9000F1FDD4ED0C7A9FED0A7AA38D77EE877A3B
:104AA000013BA385C4ED0C7A48E700BF9844002081
:104AB000D1CB0B38DB0FC940DB0F4941000000436D
:104AC0000000003C5F975B390CFC0008D4FB000839
:104AD000A4FB0008FCFB00080000804794ED026A7C
:104AE00096ED0A7A5FED046AD8F82432A78D66EE57
:104AF000266A27EE087A16EE100AC6EE877AFDEED1
:104B0000E77A17EE902A9B1ADD1305F480351D44D1
:104B100004EB8703CDED037A5D63FBF7C5FC2B4601
:104B2000CDE90001039A1248394607F0A3FD9FED35
:104B3000116A94ED0C7ADFED106AA38D37EE067AD8
:104B4000FFEE007A84ED0C7A96ED0A6A07EE103AD1
:104B5000E6EE267AB8EEC77AB4EE677AF1EE10FA8E
:104B60003FF4ECAE0133A385E8E69FED047A7AE6E4
:104B7000FCFB00080000003C0000004300000000B7
:104B8000024B1878003818BF012070470C4D0020E8
:104B9000044B1B7823B1044A136843F001031360EC
:104BA000704700BF0C4D0020084D0020014B1868D5
:104BB000704700BF084D0020014B1868704700BFC8
:104BC000044D0020014B1868704700BF004D0020C5
:104BD000014B1868704700BFFC4C0020014B18685F
:104BE000704700BFF84C002005289DBF024B33F8EA
:104BF000100080B200207047EC4C00200E289ABFB5
:104C0000024B53F820000020704700BFB04C00203A
:104C10000D289ABF024B53F820000020704700BFB8
:104C2000784C0020024B1878003818BF01207047DC
:104C3000744C0020014B01229A637047B04C002055
:104C400070B504464FF6FF7384B037482180638007
:104C50004FF48051164605F0E1FA00230393039BBD
:104C60003F2B06D800BF039B01330393039B3F2BCD
:104C7000F8D940F6010501E0013D40D02B48022162
:104C800005F0D0FC0028F7D02188284805F0C4FCA6
:104C900040F6010501E0013D40D02448012105F026
:104CA000C1FC0028F7D0214805F0B8FC40F601050A
:104CB000608001E0013D34D01C48802105F0B2FC49
:104CC0000128F7D000230293029B3F2B4FF00005F1
:104CD0001CD915484FF4805105F09EFA002301932A
:104CE000019B3F2B06D800BF019B01330193019B21
:104CF0003F2BF8D963883380284604B070BD4FF04D
:104D0000FF3500230293029B3F2BE2D800BF029B9A
:104D100001330293029B3F2BF8D9DAE76FF00105CC
:104D2000EFE76FF00205ECE7000C014000380040AF
:104D300070B582B000230DF102024FF40041ADF8CE
:104D40000230ADF80430ADF806300446FFF778FFC6
:104D50004FF40841064601AA2046FFF771FF4FF4C1
:104D6000084105460DF106022046FFF769FF46EAB5
:104D70000503034307D1BDF80630BDF8040040EA3F
:104D8000034002B070BD044A13684FF0FF3043F097
:104D90000403136002B070BD084D002038B504460E
:104DA00004F0F0F9354A364B1189D568186041EAAC
:104DB00005419960D2F89CC0B2F898109FED313A45
:104DC000D2ED167A92ED176A92ED187A92ED2A4A90
:104DD000D2ED104A92ED0F5AD2ED115AD2ED096A76
:104DE000108ADFED293A41EA0C422849DA6067EE81
:104DF000837A1861D1F808285A6126EE036AFCEE1E
:104E0000E77AD1F80C289A6127EE037ABCEEC66ADD
:104E100017EE902A16EE101ABCEEC77A24EE234A3B
:104E200064EEA34A25EE235A65EEA35A66EEA36A02
:104E300092B242EA014217EE101ABDEEC44AFDEEEC
:104E4000E44ABDEEC55AFDEEE55AFDEEE66A89B2CA
:104E500083ED074AC3ED084A83ED095AC3ED0A5AA8
:104E6000C3ED0B6A1A6359633CB12046FFF760FF3C
:104E7000074A034B506052685A6038BD7C3D0020A1
:104E8000784C002000401C4600007A44000001409D
:104E9000B04C00202DE9F04F002787B003ACCDE9DE
:104EA000037701943A4EDFF80CA13A4C05978046FF
:104EB0004FF001090DF10E0B14F8015B364BADF804
:104EC0000A7043EAC5250DF10A02A9B24046FFF770
:104ED000B7FE002849D0326842F004024FF00009C2
:104EE0003260A2450BF1020BE6D1019C2B48002356
:104EF00034F8022B20F813200133062BF8D128496F
:104F0000DDF80E30C8F806300B602649DDF8124097
:104F1000BDF80E20BDF810000C60234CBDF8161033
:104F200021600243BDF81230BDF8144025D1C3F30F
:104F30000A03A02B21D11D4B9FED1D7AD3ED037ADF
:104F4000B4EEE77AF1EE10FAACBF4FF430734FF4E1
:104F500020739C4211D140F21543994208BF09F1D8
:104F6000FF300AD107B0BDE8F08F5A46A9B24046DB
:104F7000FFF766FE0028AED1B3E7054A13684FF08D
:104F8000FF3043F00803136007B0BDE8F08F00BFA7
:104F9000084D0020AC0401080080FFFFEC4C00200D
:104FA000004D0020FC4C0020F84C002098440020CC
:104FB00000002042B104010800B587B001AB83E8CE
:104FC00007000DF116024FF400411846FFF738FEB6
:104FD000BDF8160007B000BD00B587B001AB83E88F
:104FE00007000DF116024FF408411846FFF728FE9E
:104FF000BDF8160007B000BD30B585B004AB03E9BD
:1050000007001248002105F013FC11484FF400611D
:1050100005F002F900230F4A1C4642F823400133F1
:105020000F2BFAD10C4A0D4B012515701C6004F0B2
:10503000A9F80B4B0B4918600B4B0D700B4A1C70F9
:105040000B4B14701C7005B030BD00BF002C01402C
:1050500000080140B04C0020744C0020704C00202F
:10506000104D0020174D0020164D0020154D00203A
:10507000144D002008B5074B187810B1064B1B786B
:105080000BB1002008BD00F0B3FCB0FA80F040097D
:1050900008BD00BF164D0020744C002010B584B030
:1050A00004AB03E90700002211461148114C05F03A
:1050B00057FD0F480022012105F052FD00220C4847
:1050C000022105F04DFD0A48002105F0B1FB0A4818
:1050D0004FF4006105F0A2F800F090FC0748084981
:1050E000084A0023237003700B70137004B010BDC6
:1050F000002C0140174D002000080140164D0020F3
:10510000744C0020144D002030B5A04B89B001AC88
:1051100084E807001A7812B19D4A117851BB9D4A64
:1051200012780AB909B030BD9B4A156804F02AF814
:105130000A220146284603F08DFF0028F2D0974846
:105140004FF4805105F072F8024600285DD1944D6D
:105150002B78002B2FD194E8070005AB03C341F255
:10516000A1011A8005A80DF11202FFF769FD0123C4
:105170002B70D7E704F006F88A4B1968401A00280C
:10518000D0DB894A107800F0FF01002800F0BC80D5
:1051900082484FF4805105F049F87D4A002800F01C
:1051A000D380824801F00AFB794A002313707E4ABB
:1051B00000231370B6E77E4B009220461A60FFF77B
:1051C000B7FD7B4B7B495860D1F80408D861D1F812
:1051D0000C081862D1F808085862D1F8040C9862DB
:1051E000D1F80C0CD862D1F8080C1863A1F5504125
:1051F000009AD1F808185963654B20201A70FBF704
:10520000ABFF644B009A1A708CE7624B00221A7055
:1052100094E8070005AD03C541F2A1012A8005A865
:105220000DF11202FFF70CFD634A9FED647AD2ED97
:10523000037A94E80700B4EEE77AF1EE10FA0DF184
:10524000140CACE80300A8BF4FF44B512A80B8BF40
:105250004FF44A510DF1120205A8FFF7F1FC94E852
:1052600007000DF1140CACE8030042F615412A804A
:1052700005A80DF11202FFF7E3FC2046FFF70AFE36
:105280004B4A4F4900280CBF0120002010600868DD
:105290004C49506009684C48916000684B49D060A7
:1052A000488880B21061888880B25061C8884149BE
:1052B00080B29061D1F80408D061D1F80C08106276
:1052C000D1F808085062D1F8040C9062D1F80C0CA7
:1052D000D062D1F8080C1063A1F55041D1F808183C
:1052E000516345D12D484FF4805104F09FFF0028B1
:1052F0003ED0264B01241C7003F044FF294A244B66
:10530000143010601C700DE72848009101F008FB74
:105310002F480099012205F023FC012211462C4858
:1053200005F01EFC01222A48022105F019FC28483C
:10533000012105F07DFA1C4B01221A7003F022FFB7
:10534000184B05301860EDE61949107008602046CA
:10535000FFF7EEFC1649034620204B60FBF7FCFEEE
:105360000123ADF8083094E80700FFF797FE1EE729
:10537000074B002220201A70FBF7EEFE0123ADF848
:10538000083094E80700FFF789FECBE6164D0020B1
:10539000744C0020174D0020104D002000080140E3
:1053A000154D0020704C0020144D00207C3D002045
:1053B000B04C002000000140984400200000204232
:1053C000004D0020FC4C0020F84C0020EC4C00204C
:1053D000002C0140F0B589B001AC84E8070094E8E6
:1053E000070005AE03C64FF40041328005A80DF159
:1053F00012021F46FFF724FC94E8070005AB03C325
:1054000032804FF408410DF1120205A8BDF8125088
:10541000FFF716FCBDF8124054EA05031FD12B0715
:1054200043D46F0746D4AE0749D4ED074CD460058A
:105430004FD4A10552D4E20555D4230658D46706AB
:105440005BD4A6065ED4E50661D4200764D4610768
:1054500067D4A2076AD4E3076DD409B0F0BD3B4816
:10546000394607F007F96A056BD4AB0502D5384811
:1054700007F000F9EF0502D5364807F0FBF82E06D5
:1054800002D5354807F0F6F8680602D5334807F02C
:10549000F1F8A90602D5324807F0ECF8EA06BED5C5
:1054A000304807F0E7F82B07BBD52F4807F0E2F8A4
:1054B0006F07B8D52D4807F0DDF8AE07B5D52C48F5
:1054C00007F0D8F8ED07B2D52A4807F0D3F8600501
:1054D000AFD5294807F0CEF8A105ACD5274807F08D
:1054E000C9F8E205A9D5264807F0C4F82306A6D5D1
:1054F000244807F0BFF86706A3D5234807F0BAF899
:10550000A606A0D5214807F0B5F8E5069DD52048A8
:1055100007F0B0F820079AD51E4807F0ABF86107EE
:1055200097D51D4807F0A6F8A20794D51B4807F0A9
:10553000A1F8E30791D51A4809B0BDE8F04007F09B
:1055400099B8184807F096F88FE700BF18FC0008D4
:1055500038FC000844FC00084CFC000854FC00081F
:105560005CFC000868FC000874FC000880FC000873
:105570008CFC000898FC0008A4FC0008ACFC0008A7
:10558000B4FC0008BCFC0008C4FC0008CCFC00080B
:10559000D8FC0008E4FC0008F0FC0008FCFC000853
:1055A00008FD00082CFC00082DE9F04389B001AC8F
:1055B00084E80700764F774A774D784900233B60AF
:1055C0002B601360764A1360764A13601A4621F8FE
:1055D00013200133062BFAD1FBF790FD724BDFED60
:1055E000737A93ED037AB4EEE77AF1EE10FA25D8E8
:1055F000DFF8C4916E4801234FF4006189F8003050
:1056000004F00AFE0A2003F0A5FD2046FFF790FBF8
:1056100028602B68002B40F0A88005AB94E80700B9
:105620001D4603C30DF112081A8041F2A101424642
:105630002846FFF705FB4FF44B5323E0DFF8789142
:105640005B4801234FF4006189F8003004F0E4FD69
:105650000A2003F07FFD2046FFF76AFB28602B68D5
:10566000002B7CD105AB94E807001D4603C30DF168
:1056700012081A8041F2A10142462846FFF7E0FADB
:105680004FF44A5394E807002E4603C61946328069
:1056900028464246FFF7D4FA464801F08DF894E8D0
:1056A00007002B4603C3328042F615414246284686
:1056B000FFF7C6FA94E807002B4603C341F2A101A5
:1056C000328028464246FFF7BBFA012003F042FD34
:1056D000384801F071F836484FF4805104F0A6FDC7
:1056E00018B93B6843F010033B602046FFF7D2FB3C
:1056F00028B92F484FF4805104F098FDD8B994E8A8
:1057000007002B4603C341F2A1011A8028464246F6
:10571000FFF796FA012003F01DFD25484FF4805154
:1057200004F084FD38B32046FFF7B4FB18BB3B6898
:1057300023F008033B601E484FF4805104F076FDCF
:105740000346C8B194E807000024FFF7A7FC89F8D6
:105750000040FBF7D3FC204609B0BDE8F0833A686F
:1057600042F0020205AB3A607DE73A6842F002027D
:1057700005AB3A6052E70023202089F80030FBF7A0
:10578000EBFC94E80700FFF789FC4FF0FF30E3E7FC
:10579000084D0020004D0020044D0020EC4C00205E
:1057A000FC4C0020F84C00209844002000002042CF
:1057B000000801407C3D00200C4D002008B50C2164
:1057C000002004F081FD4FF480500222002104F0FB
:1057D000B9FABDE808404FF4805004F00BBB00BF9D
:1057E000044A072928BF07210023C0E901210370CB
:1057F000704700BF00C0030810B5044604F000FB6A
:1058000040F2073004F064FC606804F02DFB0123D3
:10581000237010BD84B00DF1100C0CE90700029844
:10582000049900EB830004B004F0BEBB84B00DF11A
:10583000100C0CE907000298049900EB830004B0F7
:1058400004F0B2BB84B00DF1100C0CE90700029813
:1058500010EE101A00EB830004B004F0A5BB00BFEB
:1058600000B583B0019004F0EBFA019800230370B7
:1058700003B000BD84B00DF1100C0CE9070051F825
:10588000230004B0704700BF84B00DF1100C0CE988
:10589000070051F8230004B0704700BF84B00DF139
:1058A000100C0CE9070001EB830292ED000A04B032
:1058B000704700BF30B40F480F4C1049104A114DCB
:1058C000002323600360104C0B60104810491360E4
:1058D0004FF6FF722B60228002800E4C0A800E4928
:1058E0000E480F4A23800B8001210380117030BCC9
:1058F000704700BF344E0020304E0020244E002060
:10590000284E00202C4E00201E4E0020204E00204D
:10591000224E0020184E00201A4E00201C4E00205F
:10592000384E0020014B1878704700BF384E0020D9
:10593000224A136853B11368F73808283CD8DFE8C7
:1059400000F00B111921262B333807000123F3E750
:105950001B4BD3F8C80070471A4B1878136840EAFD
:1059600003207047184A194B10881B8880B240EA00
:1059700003407047164A174B10881B8880B240EAD4
:1059800003407047144A1068B0FBF3F07047134AA5
:105990001068B0FBF3F07047114A124B10881B8857
:1059A00080B240EA034070470F4A1068B0FBF3F042
:1059B00070470E4B1868704700207047344E002027
:1059C0007C3D0020384E0020224E00201C4E00203E
:1059D000204E00201A4E00202C4E0020284E002081
:1059E0001E4E0020184E0020244E0020304E002075
:1059F000014B1878704700BF174E002030B4064D99
:105A0000064C07480749084A00232B70237030BC16
:105A100003800B6013607047174E0020164E002065
:105A2000144E0020104E00200C4E002003281DD8DC
:105A3000DFE800F0100805020D4B186870470D4BA9
:105A4000186870470C4A0D4B10881B8880B240EADA
:105A5000034070470A490B4A0B4B12781B880878A1
:105A60009BB2000440EA03201043704700207047B7
:105A70000C4E0020104E00200A4E0020084E002040
:105A8000164E0020174E0020144E00209FED597A2C
:105A9000F0EEC07AF4EEC77AF1EE10FAC0F2A98007
:105AA000B0EE007AF4EEC77AF1EE10FA00F2A180BF
:105AB000012800F29E8030B44F4B504C504D84ED85
:105AC000000A18704F48504C5049002300222B60A8
:105AD00002604F48226002604E4C4F4822600260D4
:105AE0004E4C4F48226002604E4C4F48226003707B
:105AF0004E4C4F48238003804E4C4F4823800380F8
:105B00004E4C4F48238003804E4C4F4823800380E7
:105B10004E4C4F48238003804E4C4F4823800380D7
:105B20004E4C4F48238003804E4C4F4823800380C7
:105B30004E4C4F4823604F4C03604F4823800380F6
:105B40004E4C4F48238003804E4C4F4823800380A7
:105B50004E4C4F48238003804E4C4F482380038097
:105B60004E4C4F48238003804E4C4F482380038087
:105B70004E4C4F48238003804E4C4F482380038077
:105B80004E4C4F48238003804E4C4F482380038067
:105B90004E4C4F482380B1F99850B1F99C40C1F860
:105BA000A420C1F8A820C1F8AC20C1F8B020C1F8E9
:105BB0008C20C1F890200380464947480B8005801F
:105BC00046494748474D04800A60474C4748484982
:105BD0001A4625F8132024F8132020F8132021F862
:105BE000132001331E2BF4D1424B01221A7030BC1A
:105BF00070477047CDCCCC3D394E0020C04E0020C0
:105C0000C44E0020BC4E0020B84E00207C3D002039
:105C1000B04E0020AC4E0020A84E0020A44E002024
:105C2000A04E00209C4E0020984E0020964E002052
:105C3000944E0020924E0020904E00208E4E002068
:105C40008C4E00208A4E0020884E0020864E002078
:105C5000844E0020824E0020804E00207E4E002088
:105C60007C4E00207A4E0020784E0020744E00209A
:105C7000704E00206E4E00206C4E00206A4E0020B8
:105C8000684E0020664E0020644E0020624E0020C8
:105C9000604E00205E4E00205C4E00205A4E0020D8
:105CA000584E0020564E0020544E0020524E0020E8
:105CB000504E00204E4E00204C4E0020464E0020FC
:105CC000444E0020424E0020404E00203E4E002018
:105CD0003C4E00203A4E00204A4E0020B44E002098
:105CE000484E0020CC4D0020904D0020544D002007
:105CF000184D0020C84E0020184B1B7803F0FF0001
:105D000053BBDFED177AB4EEE70AF1EE10FA24DBAD
:105D1000F5EE007AB4EEE70AF1EE10FA1DD8F5EED2
:105D2000C00AF1EE10FA4FF0000216DBDFED0D7A3B
:105D3000F4EEE70AF1EE10FA0FD80B4B012083EDD9
:105D40001D0A83ED1E0AC3ED1F0AC3ED200AC3F826
:105D50008C20C3F89020704700207047C84E002068
:105D60006F12833ACDCCCC3D7C3D0020014B18789E
:105D7000704700BFC84E0020A0F19303632B65D885
:105D8000DFE813F05C01540150014901470145016E
:105D9000430141013D013101250121011D01640043
:105DA00064006400640064006400640064006400D3
:105DB00064006400640064006400640064006400C3
:105DC00064006400640064006400640064006400B3
:105DD00064006400640064006400640064006400A3
:105DE0006400640064006400640064006400640093
:105DF0006400640064006400640064006400640083
:105E00006400640064006400640064006400640072
:105E10006400640064001B011901170115011301DE
:105E20000701FF00F700EF00E700DF00D700CF0019
:105E3000C700BF00BC00B900B100A90095008D00EB
:105E400085007D00A5009D007500710000F16003D4
:105E5000DBB21D2B40F2FA804230C3B21D2B40F260
:105E6000FF8000207047834B188880B27047824AB9
:105E7000824B10881B8880B240EA03407047804AFA
:105E8000804B10881B8880B240EA034070477E4AEE
:105E90007E4B10881B8880B240EA034070477C4AE2
:105EA0007C4B10881B8880B240EA034070477A4AD6
:105EB0007A4B10881B8880B240EA03407047784ACA
:105EC000784B10881B8880B240EA03407047764BBD
:105ED000188880B27047754A754B10881B8880B24D
:105EE00040EA03407047734A734B10881B8880B2A6
:105EF00040EA03407047714B18687047704B186850
:105F00007047704A704B10881B8880B240EA03408B
:105F100070476E4A6E4B10881B8880B240EA03407F
:105F200070476C4A6C4B10881B8880B240EA034073
:105F300070476A4A6A4B10881B8880B240EA034067
:105F40007047684A684B10881B8880B240EA03405B
:105F50007047664A664B10881B8880B240EA03404F
:105F60007047644A644B10881B8880B240EA034043
:105F70007047624A624B10881B8880B240EA034037
:105F80007047604A604B10881B8880B240EA03402B
:105F900070475E4B9FED5E7AD3ED007A67EE877AAD
:105FA000FDEEE77A17EE900A70475A4BF2E75A4B2C
:105FB000F0E75A4BEEE75A4BECE75A4BEAE75A4BFD
:105FC000188800B27047594B188800B27047584B78
:105FD0009FED587AD3ED207A67EE877AFDEEE77A67
:105FE00017EE900A7047524B9FED527AD3ED1E7A0E
:105FF00067EE877AFDEEE77A17EE900A70474E4B10
:106000001878C0B270474D4BC4E74D4BC2E74D4BBB
:10601000C0E74D4BBEE74D4A4D4B10781B6840EA38
:10602000032070474B4B188800B270474A4A4B4BCD
:1060300010881B8880B240EA03407047484A494BA9
:1060400010881B8880B240EA034070474649474A9F
:1060500031F8130032F8133080B240EA0340704741
:106060004349444A31F8130032F8133080B240EA11
:10607000034070474C4E0020504E00204E4E0020F2
:106080005A4E0020584E00205E4E00205C4E0020EC
:10609000624E0020604E0020664E0020644E0020BC
:1060A000544E0020524E0020564E00206A4E0020D2
:1060B000684E00206E4E00206C4E0020704E002076
:1060C000744E00204A4E0020484E00207A4E002098
:1060D000784E00207E4E00207C4E0020824E002014
:1060E000804E0020864E0020844E00208A4E0020E4
:1060F000884E00208E4E00208C4E0020924E0020B4
:10610000904E0020964E0020944E00209C4E002081
:1061100000007A44A04E0020A44E0020A84E00208B
:10612000AC4E0020B04E0020444E0020464E0020D1
:106130007C3D002000247449394E0020B44E0020DC
:10614000B84E0020BC4E0020C04E0020C84E00209B
:10615000C44E00203A4E00203E4E00203C4E00200F
:10616000424E0020404E0020CC4D0020904D00209B
:10617000544D0020184D002008B590ED167AD0ED52
:10618000186A1C4BF7EE007A2DED048B37EEC77AB8
:106190009FED199AD0ED178A1968184827EE097AE9
:1061A00077EEE88A37EEE68AFCEEC77A17EE902A99
:1061B000C9B904F077FC1148012168EE898AFCEE28
:1061C000E87A17EE902A04F06DFC68EE097ABDECCF
:1061D000048BFCEEE77ABDE80840084817EE902AE9
:1061E000022104F05FBC012104F05CFC03480021A3
:1061F000E3E700BF984000200000FA44002C014073
:1062000070B504218EB00446824803F007FB68B9DC
:1062100094F8F53243B194F8F6320133DBB2042B33
:1062200084F8F63200F2C1800EB070BD7A480421C5
:1062300003F0F4FA0028EBD00025764884F8F652F3
:10624000042103F0F1FA0421734803F0EDFA734BD3
:106250001968002900F0B7802946714803F0CAFA8E
:106260000346A3606B48294603F0C4FA0346E36083
:10627000002169486B4D03F0BDFA07EE900AF8EE75
:10628000E76ADFED697A2978A268E368206166EE43
:10629000A76AC4ED086A002900F0A18094F8F512FD
:1062A000002900F09C80DFF898E1DFF898C1DEF863
:1062B00000101144CEF80010DCF800101944CCF89E
:1062C00000105A49088801300880098889B23F299E
:1062D00040F28580DEF800105548564E890901804D
:1062E000DCF80010DFF860C18909ACF80010008804
:1062F000BCF8001080B289B24FF0000CC4E926014E
:1063000085F800C001253570121A07EE102A5B1AB5
:1063100007EE903A94ED1C6AD4F8F822B8EEC77AEA
:106320000123F8EEE77A27EE067A1A4467EE867ABA
:10633000C4F8F822404A84ED067AB1EE476A36EE98
:10634000676A1278C4ED077A84ED056A84F8F5323D
:10635000002A47D1394A0021506E04908DF836103A
:106360000C462E49906ED1F818520590D06E126FDF
:10637000069063F3070463F30F2408A9002303A81E
:10638000039507928DED086A8DED097ACDED0A7AB5
:10639000CDED0B6A0C93ADF83440FAF7F3FE00280C
:1063A0003FF442AFFAF7D8FE3EE7D4F8FC320022C1
:1063B0000133802084F8F522C4F8FC320EB0BDE829
:1063C0007040FAF7C9BE1348019103F013FA03466F
:1063D000A3601348019903F00DFA034647E7D4E997
:1063E000260191E70B48022103F0F6F90A48022141
:1063F00003F0F2F940F6010502E0013D00F0928061
:106400000448042103F00AFA0028F6D040F60105FA
:106410001EE000BF00240140003C014098400020E5
:1064200000280140174E00201833533C144E002022
:106430000A4E0020164E0020384E002098440020BE
:10644000104E00200C4E0020084E0020013D69D067
:106450003E48042103F0E2F90028F7D03C4804212B
:1064600003F0E2F93948042103F0DEF9002138484D
:1064700003F0C0F900210546364803F0BBF90021BE
:106480000190324803F0B6F93349019A0B889BB268
:10649000AB4200D90D803149DFF8E8C00B8894ED9C
:1064A000056A94ED067AD4ED077AD4ED086A9BB2BA
:1064B000934288BF0A802A490B889BB2834288BFD7
:1064C000088028490B889BB2AB4238BF0D80264913
:1064D0000B889BB2934238BF0A8024490B889BB239
:1064E000834238BF0880DCF8001094F8F532204C65
:1064F0002944CCF8001021680A4422601D4C1E4932
:106500002268024422600A6801320A601B490A6854
:106510000132B2F57A7F0A60FFF41CAF18490022FD
:106520000A7017E70A48042103F07EF9074804219E
:1065300003F07AF994ED056A94ED067AD4ED077AC2
:10654000D4ED086A94F8F53204E700BF003C01403E
:106550000024014000280140224E0020204E00204F
:106560001E4E00201C4E00201A4E0020184E002007
:10657000284E0020244E0020304E0020344E0020B3
:10658000384E00202C4E002000B52DED028B87B038
:10659000CDE90210CDED050A8DED041A0192F0EE61
:1065A000408A01F06DFFB0EE408AB0EE680A01F05B
:1065B00041FFF6EE007A67EEC06ADFED175A9FEDF5
:1065C000176A9DED041ADDED050A03980299019AF8
:1065D00067EEC87AB0EE667AA8EE257AE8EE656ACC
:1065E000F0EE675AE0EE065AE0EE467A21EE477A80
:1065F00021EE400A21EE661AA8EE200AA5EEA07A46
:10660000A7EEA01A80ED000A81ED007A82ED001A53
:1066100007B0BDEC028B00BDD7B35DBFD7B35D3F04
:1066200000B52DED028B87B0CDE90110CDED050A47
:106630008DED041ACDED031AF0EE408A01F020FF33
:10664000B0EE408AB0EE680A01F0F4FEB6EE007AD1
:1066500067EE486A27EE407ADFED185A9FED186A18
:106660009DED041ADDED050ADDED031A029801998E
:10667000F0EE667AB0EE475AA8EE065AE0EE257ABA
:10668000A8EE467A67EE817A21EE451AE0EE656A59
:10669000E8EE207AA0EE601AE6EEA17AA7EE611A83
:1066A0009FED086A67EE867A21EE061AC0ED007A41
:1066B00081ED001A07B0BDEC028B00BDD7B35D3F82
:1066C000D7B35DBFABAA2A3F00B52DED0A8BB0EE64
:1066D000609A85B0F0EE418AF0EE40AAB0EE611A01
:1066E000F0EE680AB0EE490AB0EE618A0192CDE997
:1066F000021001F041FEB0EE481AF0EE680AB0EE6A
:1067000040AAB0EE490A01F01FFE3AEE00AAF6EEEA
:10671000009AAAEE699ADFED24BA9FED24CA9FED94
:1067200024BA29EE299AF0EE4C0A29EE2B9A89EE2A
:106730002A0A9FED209A30EE0B0A01F0F5FDF0EEEB
:10674000490A01F0F9FDEAEE698A039880ED000A32
:1067500068EEA98AF0EE4C0A68EEAB8A88EEAA0AC7
:1067600030EE0B0A01F0E0FDF0EE490A01F0E4FD25
:10677000AAEE698A029981ED000A28EE298AF0EED4
:106780004C0A28EE2B8A88EE2A0A30EE0B0A01F01A
:10679000CBFDF0EE490A01F0CFFD019A82ED000A2F
:1067A00005B0BDEC0A8B00BD3333933F0000000001
:1067B000D7A3F03ED7A3703F704700BF0D490A78BA
:1067C00002F0FF03A2B9DFF840C00B4ACCF800305A
:1067D000DFF838C01360094AACF80030D0E926C0B1
:1067E0001370074B074AA3F800C0012310800B70F9
:1067F000704700BF174E00200C4E0020164E0020A0
:106800000A4E0020084E0020104E0020144E00209A
:106810002DE9F843344A354BDFED356ADFED355A63
:106820002DED028BC267C0F8802093ED027A324AC8
:10683000C0F8842066EEC76AF7EE007AB0EE676AA9
:10684000A6EEA56A2D4ADFED2E6A1268C0F8C820B0
:1068500027EE267AC7EE866A80ED1D7A77EEE67A15
:1068600080ED1E7AC0ED227A9FED267AD3ED037A71
:10687000F4EEC77AF1EE10FA33D8234BDFF89C9090
:10688000DFED228A9FED228A224F03674FF0804876
:1068900000F1F4050024002607EE904AF8EEE77AAE
:1068A000013467EEA87AC7EE887A17EE900AF9F7F6
:1068B000FBFD41EC100B08F08FFB424651EC100B36
:1068C0004B46F9F749FE32463B46F9F78FFCFAF79B
:1068D0003BF9802C45F8040BDED1BDEC028BBDE802
:1068E000F8830D4BCAE700BFEC51383D98440020B7
:1068F000D1CB0B38DB0FC940BD74933B98400020CF
:1069000017B7D13800002042FFFFA43C000000BCB4
:106910006F12033D0000F03FFFFF243D3333F33F90
:1069200010B54FF47A7204460021164804F0BAF804
:1069300014484FF47A72012104F0B4F84FF47A72DB
:106940001048022104F0AEF800230022C4F8A4305D
:10695000C4F8A830C4F8AC30C4F8B030E3632364A2
:106960006361A361E3616364C4F89030C4F88C3060
:1069700063652365C4F8E830C4F8EC20C4F800234C
:1069800010BD00BF002C014090ED397AD0ED387A6F
:1069900090ED3A0ADFED1E0A77EEC77A90ED217A84
:1069A00010B5A7EE270A82B0044680ED3A0A01F03E
:1069B000C3FC184BD3ED060AF1EE600A01F0B4FCFB
:1069C00094ED3C7A84ED3A0A60EE407A84ED290A2F
:1069D000E7EE077AF5EE407AF1EE10FA11D4F1EE17
:1069E000E70A94ED2A0ACDED010A01F0A5FCDDEDE0
:1069F000010AF1EE600A01F097FC84ED2A0A02B068
:106A000010BDB0EE670A08F037FBF0EE400AE8E789
:106A100000000000984400202DE9F0412DED028B8C
:106A200091ED830AD1F81022CB68D1F814C2D0EDD1
:106A3000071A90ED061AD0ED050A044682B000F15F
:106A4000400180ED0B0A02638362C0F834C03C3021
:106A5000FFF7E6FD9FED9D7AD4ED086ADFED9C5AC5
:106A6000D4ED097A94ED105AD4ED0F4A94ED113A11
:106A7000D4ED123A9FED974A974A984B66EE876A93
:106A800025EE076AE7EEA56A1B78DFED957AC4ED7F
:106A9000096A24EE877A66EEA77AA3EE256AA3EE4A
:106AA000A57A67EE847ADFED8F5A84ED116A67EE7E
:106AB000A57A84ED127AC4ED387A92ED030A84ED5A
:106AC0003C0A002B40F07183874A1378002B40F07A
:106AD000158194ED296AD4ED2A6AD4ED2B5A9FEDE5
:106AE000837A76EE657AF4EEC77AF1EE10FA00F367
:106AF00059839FED7F5AF4EEC57AF1EE10FA01D575
:106B000035EEC76AD4ED2C5A9FED787A84ED2B6A66
:106B100076EEE57AF4EEC77AF1EE10FA00F33F83F1
:106B20009FED735AF4EEC57AF1EE10FA01D575EEC9
:106B3000C76A04F1A80104F1A400C4ED2C6A84ED35
:106B4000296AC1ED006A01F02FFCD4ED296A94EDA9
:106B50000F7A94ED1D6A94ED230ADFED667AD4ED89
:106B6000380A36EEC78A94ED2A7AA6EE080A94ED22
:106B7000106A30EE270A37EE467A84ED140A8DED5E
:106B8000007A01F0D9FBD4ED380AF1EE600A01F089
:106B9000CBFBD4ED1F5A94ED1D6AD4ED237AD4EDCE
:106BA000380A84ED140A26EE256AE6EE087AB0EE7D
:106BB000670AC4ED237A01F0BFFBD4ED380AF1EE89
:106BC000600A01F0B1FBD4ED147AD4ED380A9DEDE2
:106BD000007A84ED230A67EEE77AE0EEA07AF5EE1C
:106BE000407AF1EE10FA00F1F383B1EEE78A94ED0A
:106BF000240AD4ED1E7A94ED206AF0EE406AE7EEA6
:106C0000876A67EE867A9FED3B6AA7EE870A76EE83
:106C1000867A84ED240AC4ED157A01F08DFBD4ED5B
:106C2000380AF1EE600A01F07FFBF0EE406A94ED65
:106C3000150A94ED147AC4ED246A60EE007AF0EE41
:106C4000480AE7EE077AB1EEE77A84ED397A01F087
:106C500073FBF1EE480A01F067FBF0EE407A04F1B5
:106C6000540194ED380AC4ED157A04F1500001F096
:106C70009BFBDFED217A94ED0D7A94ED0B0A94EDF8
:106C8000151AD4ED140AA7EE270A04F16C0204F1D8
:106C9000680104F16400FFF777FCD4ED1B1A94ED52
:106CA0001A1AD4ED190A94ED380A04F1600204F1BD
:106CB0005C0104F15800FFF707FD204602B0BDEC6F
:106CC000028BBDE8F041FFF757BA00BFCDCCCC3DF9
:106CD0006666663FD7A3703F98440020384E002078
:106CE0003333933F3ACD133FC84E00200AD7233C9D
:106CF0000AD723BC00000000BAB15138CE490B7846
:106D0000002B00F05F829FEDCD6ACD4B087884EDBB
:106D1000296A002800F060821868B0F5967FC0F0FC
:106D20005B82C848D0ED006A1868C4ED2A6A002862
:106D30003BD19FEDC57A94ED064AD4ED075AC3487E
:106D4000B4F908C0C24DA0F800C024EE074A65EEB1
:106D5000875ABDEEC44AB4F90CC0A5F800C064EE71
:106D6000873ABC4DDFF894E3D4ED0A2A94ED0B3A50
:106D7000B94814EE106AFDEEE55A2E8025EE077A2A
:106D8000B64D15EE906AFDEEE33A2E80BDEEC77A61
:106D900013EE905A17EE106AAEF80050B04D2E80E8
:106DA000B04DC5ED002A80ED003A1868B0F5967F29
:106DB00025D19FEDA57A94ED064AD4ED075AAA484D
:106DC00024EE074A65EE875ABDEEC44A64EE873A60
:106DD00014EE105AFDEEE55A058025EE077AA34819
:106DE00015EE905AFDEEE33A0580BDEEC77AA04855
:106DF00013EE905A05809F4817EE105A05801868C8
:106E0000B0F5967FC0F0AB8191F800C008789A4940
:106E1000BCF1000F0CBFF0EE645AF0EE455A0028AA
:106E200008780CBFB0EE454AB0EE644A002840F046
:106E3000D6819248924EC0ED005A92489FED827AD8
:106E4000C0ED005A9048D4ED141A80ED004A8F48E6
:106E500094ED152A80ED004A8D48D3F800C0C0F8A3
:106E600000C018688B4FDFED8C0AD4ED162A94ED24
:106E7000173AD4ED183ADFF888E2DFF888C2054601
:106E80003560B4F9085085482E4624EE871A844DA3
:106E900061EE871A2E8022EE072A824EB4F90C503A
:106EA000358025EE077ABDEEC11ABDEEC77A11EE28
:106EB000105A17EE108A3D80FDEEE11A7A4D62EE0F
:106EC000A02AA5F80080BDEEC22A784D11EE908A66
:106ED00023EE203AA5F80080FDEEE22A12EE108A99
:106EE00023EEA04AAEF80080BDEEC33A12EE908ABF
:106EF000BDEEC44AACF8008013EE108A6C4DA0F8C9
:106F0000008014EE108AA5F80080654DB5F8008069
:106F1000684DA5F800803688634DB046664EA6F8E9
:106F200000803E883746654E37802E885F4D374655
:106F3000634E37802E885E4D3746624E3780624EF4
:106F4000BEF800E0A6F800E0BCF800E0DFF8B8C149
:106F5000ACF800E0B0F800C05C48A0F800C05C48A5
:106F6000B5F800C0A0F800C001200870186841F210
:106F70000B71884240F2F3809FED337A94ED068ADC
:106F80005449554D94ED071AB4F908C0C1ED005AA3
:106F900028EE078AA5F800C021EE071A4F4DD4ED60
:106FA0000D1AB4F90CC0A5F800C0BDEEC88AF2EE07
:106FB000040A61EEA01A4A4D94ED142AD4ED152A64
:106FC00094ED233AD4ED243A94ED394ADFF83CE1CC
:106FD0004448D4ED0B5A444964EE870A18EE106A0F
:106FE000BDEEC11A2E8067EE877A22EE072A62EE86
:106FF000872A23EE073A63EE873A24EE074A3B4D91
:1070000011EE106AFDEEE00A25EE077A2E80BDEE45
:10701000C77A374D10EE906AFDEEE11A2E80354D9D
:1070200017EE106AFDEEE77A2E80334D11EE906A6E
:10703000BDEEC22A6CE000BF394E00200000000007
:10704000C44E0020C04E002000007A44964E00201E
:10705000944E0020924E0020A44E0020904E00201E
:107060008C4E0020A84E00208A4E0020884E002022
:10707000864E0020844E0020984E0020BC4E0020FA
:10708000704E0020B84E0020B04E0020AC4E0020C4
:10709000744E00206A4E002000401C46584E0020CE
:1070A0006E4E00206C4E0020684E00205E4E002088
:1070B000564E0020664E0020644E0020624E002096
:1070C000604E0020544E0020524E00204E4E0020B4
:1070D0004C4E0020B44E0020824E0020804E0020F6
:1070E0007E4E0020A04E00209C4E00207C4E0020B2
:1070F0007A4E0020784E0020464E00208E4E002012
:107100005C4E00205A4E0020504E00203C4E002085
:107110002E8017EE906AB64DD4ED0A7A2E80FDEEE1
:10712000E22AB44D12EE106ABDEEC33A2E80B24D83
:1071300012EE906AFDEEE33A2E80B04D13EE106A27
:10714000BDEEC44A2E8013EE905A14EE106AAEF8CB
:107150000050AB4D2E80C0ED007AC1ED005A196889
:10716000B1F5967F0BD31968A1F59671C90606D1C2
:107170001968A1F59671B1F5707FC0F007811968A3
:10718000013119601B6841F26F7083427FF6A5AC34
:10719000DFED9C6A0023B0EE666A13709DE475EE25
:1071A000876AC6E435EE876AACE400234FF07C5270
:1071B000C4F8A830C4F8A430636523652266E2658C
:1071C000A2657AE5904B1868B0F5967FC0F0DB8039
:1071D0008E4890ED006A99E5DFED8A6AA4E58C4956
:1071E00091ED007AB4EEE57AF1EE10FA56D59FED06
:1071F000897AC1ED005A24EE871A8749874DD4ED6C
:10720000141A94ED152A1868B4F908C0086061EEE4
:10721000871AA5F800C022EE072A814DB4F90CC0E8
:10722000A5F800C025EE077ABDEEC11A7D4DDFED51
:107230007E0AD4ED162A94ED173AD4ED183ADFF809
:1072400040E27A487A4911EE106ABDEEC77A2E8084
:10725000FDEEE11A774D17EE106A62EEA02A2E803D
:10726000BDEEC22A744D11EE906A23EE203A2E80B4
:10727000FDEEE22A12EE105A63EEA03AAEF800508C
:10728000BDEEC33A6D4D12EE906AFDEEE33A2E80EC
:1072900013EE105A058013EE900A0880684991EDAC
:1072A000007AB4EEE57AF1EE10FA56DD9FED597AE8
:1072B000C1ED005A24EE871A6249634DD4ED141AC9
:1072C00094ED152A1868B4F908C0086061EE871AB1
:1072D000A5F800C022EE072A5C4DB4F90CC0A5F851
:1072E00000C025EE077ABDEEC11A594DDFED4E0AFA
:1072F000D4ED162A94ED173AD4ED183ADFF884E16C
:107300005448554911EE106ABDEEC77A2E80FDEE45
:10731000E11A524D17EE106A62EEA02A2E80BDEEE1
:10732000C22A4F4D11EE906A23EE203A2E80FDEED8
:10733000E22A12EE105A63EEA03AAEF80050BDEE0B
:10734000C33A484D12EE906AFDEEE33A2E8013EEFA
:10735000105A058013EE900A0880434991ED007A97
:10736000B4EEC47AF1EE10FA01D581ED004A3F493E
:1073700091ED007AB4EEC47AF1EE10FA7FF7F6AD33
:1073800081ED004AF2E59FED1F6ABFE4DFED217A4F
:107390001968374824EEA77A65EE277ABDEEC77ADA
:1073A000A1F59671C1F3471117EE105AFDEEE77A79
:1073B00020F811502F4817EE905A20F811502E48FF
:1073C000A56820F811502D48E56820F81150D6E640
:1073D000B0EE670A8DED017ACDED000A07F04CFEA4
:1073E0009DED017ADDED000AB0EE408AFFF7FFBBAC
:1073F000444E0020424E0020404E00203E4E0020D1
:107400003A4E002000000000C44E0020C04E002074
:10741000BC4E002000007A44744E00206E4E0020C6
:107420006C4E00206A4E002000401C46584E002042
:10743000564E0020684E00205E4E00205A4E00201E
:10744000B84E0020704E0020664E0020644E002092
:10745000624E00204E4E00204C4E0020604E002018
:10746000544E0020504E0020B04E0020AC4E002064
:10747000CC4D0020904D0020544D0020184D002090
:107480005C4E0020524E002000B5D0F80033D0ED05
:10749000337A90ED0A7A42F22732934277EEC77A36
:1074A00083B042D807EE103ADFED216AB8EEC77A12
:1074B00087EE266A1F4B0190D0ED356A90ED370AB2
:1074C00090ED3C7AA6EEA70AD0ED0C6AD0ED347AA6
:1074D000F1EE040A77EEE67AD0ED366A37EE607A9E
:1074E000A6EEA70AE7EE060AD3ED0E7ACDED000A66
:1074F00080EE270A00F020FFDDED000AF1EE600AC1
:1075000000F012FF0198D0F8003380ED2A0A42F211
:10751000273293424FF0000198BF0133C0F8A41006
:1075200098BFC0F8003303B000BDB7EE006AC1E7F2
:1075300000A00C46984400200949002300220A704C
:10754000C0F8DC30C0F8D430C0F8D830C0F8CC3047
:10755000C0F8D030C0F8A830C0F80023704700BF92
:10756000C84E002010B54FF4805182B00A4802F096
:107570005DFE0446F9F7F8FD084A094B094992F8FF
:10758000F52293F83D3689880092221E18BF012209
:1075900001F04EFD02B010BD000801407C3D00200E
:1075A000F8360020EC36002008B5164801F090FBB4
:1075B00080B1144801F0C8FB98B1124801F034FDC5
:1075C000104801F071FCB0B101210B20FAF782FEE6
:1075D000002008BD02210B20FAF77CFE6FF00200AC
:1075E00008BD084801F020FD03210B20FAF772FEC8
:1075F0006FF0030008BD04210B20FAF76BFE6FF05B
:10760000040008BD8040002010B503780446052B17
:107610002AD8DFE803F027032A2927271B4B1A89DA
:1076200018685968FDF73AFD194B93F82220CAB93A
:1076300003F54053174AD3F8A4129162164893F801
:10764000A8C2D3F8AC321549C0F800C04FF400729C
:107650004361183005F0E4F8104911484FF4007206
:1076600005F0DEF80123E37010BD084B0122C27063
:10767000186859681A89FDF711FD0A48FFF750F993
:10768000BDE810400748FFF757BF00BFEC360020A9
:10769000100200209844002098400020C0340020B0
:1076A000343B00207C3D002008B50D4805F04AF829
:1076B0000C4805F047F80C4805F044F80B4805F075
:1076C00041F80B4805F03EF80A4805F03BF80A4837
:1076D00005F038F8BDE80840084805F033B800BFA9
:1076E00080F9000814FD000820FD000834FD0008A2
:1076F00050FD000860FD000878FD000894FD0008BA
:1077000030B56C486C4C6D4D85B004F0B3FF6C48DF
:107710006C4B6D4A6D49CDE900046D4C6D4804F029
:10772000A9FF6D4805F00EF8606CF8F7BDFE2B461A
:10773000CDE90201694A009569496A4804F09AFF57
:10774000A06BF8F7B1FE684A684B0095CDE90201DD
:107750006749684804F08EFF674804F0F3FFA068AB
:10776000F8F7A2FE654B664A0093CDE90201654B2E
:107770006549664804F07EFFE068F8F795FE644BC3
:10778000644A0093CDE90201634B64495F4804F009
:1077900071FF206DF8F788FE2B46CDE90201604AA3
:1077A00000956049594804F065FFA06DF8F77CFE2C
:1077B0002B46CDE902015C4A00955C4953485C4D7B
:1077C00004F058FFE06DF8F76FFE5A4B5A4A0093E9
:1077D000CDE90201504B59494C4804F04BFF206E53
:1077E000F8F762FE564B574A0093CDE902014A4B27
:1077F0005549464804F03EFFA069F8F755FE534B43
:10780000534A0093CDE90201434B52493F4804F0EB
:1078100031FF206AF8F748FE4F4B504A0093CDE9FC
:107820000201324B4E49394804F024FF606AF8F7F0
:107830003BFE4C4B4C4A0093CDE90201364B4B4981
:10784000324804F017FFA06C494CF8F72DFECDE943
:1078500002014849304B484A00912C48474904F0FE
:1078600009FF474804F06EFF6368464A46494748A7
:10787000CDE900531D4B04F0FDFEA3680193444A7B
:107880001A4B44490095414804F0F4FEE068424B2D
:10789000424A4349CDE90030144B424804F0EAFE25
:1078A000414804F0E7FE414805B0BDE8304004F02F
:1078B000E1BE00BFACFD000800FE000820FE00088D
:1078C00010FE0008C8FD0008CCFD0008D8FD000827
:1078D00098440020E0FD000814FE000824FE000883
:1078E00040FE000844FE000868FE000864FE000830
:1078F00080FE000884FE0008A4FE0008F4FE0008D4
:10790000B8FE0008B4FE0008D0FE0008D4FE00084F
:1079100018FF000800FF0008FCFE000814FF000824
:1079200020FF00083CFF000840FF000860FF00083F
:107930007C00010884FF000864FF000880FF000845
:10794000B0FF00088CFF0008ACFF0008D0FF000863
:10795000B4FF0008CCFF0008F8FF0008D8FF0008BB
:10796000F4FF000818000108FCFF000814000108DB
:10797000984000203C000108200001083800010860
:107980004400010850000108580001085C0001088B
:10799000800001088C000108D00001089000010857
:1079A000B0000108B4000108D80001082401010852
:1079B00010B5037882B0042B18D8DFE803F025193E
:1079C0000817030002B0BDE81040FFF799BE019010
:1079D000FFF7C8FD0146002853D13148C0F8B81060
:1079E000FEF79EFFFDF746FB002851D002B010BD08
:1079F0000190FFF7B7FD034658B1019A002101231A
:107A00005170D37002B010BD02B0BDE81040FFF756
:107A10004BBEDFF88CC02348234ADCF8B440926A9E
:107A20002249A0F8213080F824300374846200F5E4
:107A300040500193C0F8A4224B690A6880F8A8223C
:107A4000C0F8AC3218314FF4007200F52C7004F01D
:107A5000E7FEDFF860C0019BCCF838344FF40072C9
:107A600019460CF23C4004F08EFE1149019A088937
:107A700060F30F020868496802B0BDE81040FDF7E6
:107A8000BBBA0620FAF726FC0548FFF755FDB4E718
:107A9000074B1989024661F30F0218685968EBE732
:107AA0007C3D0020100200209844002098400020D7
:107AB000EC360020F8360020F0B5837B83B0044616
:107AC000002B73D1437822789A4240F08F80022BAA
:107AD00000F09680052B00F0BA80012B64D1B44AE7
:107AE0000193106851681289FDF70EFBFDF7C2FA89
:107AF0000546002800F0CE80AE4B93F82130002BD5
:107B000000F04B81AB4B93F82230002B00F08681C4
:107B1000A84D95F82430002B40F00481A54BA64ECB
:107B2000DB6996ED867AA54F9FEDA50A7B615A42E7
:107B300007EE902AF8EEE77AF7EE000A67EE877A0A
:107B40001D4627EE800AC6F8383407F019FADFED33
:107B50009D7A60EE277A17EE900AF8F7A5FC0B469F
:107B600002462946984804F085FD98494FF4007272
:107B700006F23C4004F054FE94494FF4007207F1C1
:107B8000180004F04DFE8A4B186859681A89FDF7F1
:107B900085FA8F48FEF7C4FEFFF706FD002840F087
:107BA000478100236370E37003B0F0BD804B186819
:107BB00059681A89FDF7A8FA86484FF4805102F0F7
:107BC00035FB0546FDF756FA002849D1238A40F6D1
:107BD000B732591C93422182E6D922780023012131
:107BE000A37323826370E170002ADDD02046FFF783
:107BF0000BFDE378002B70D12378022B7FF46AAF62
:107C00006B4B186859681A89FDF77EFAFDF732FA4E
:107C10000028C9D0694BDA68002A05DD6C49D1F823
:107C2000B8108A42C0F2DE80FFF79CFC00285AD0D0
:107C300001460620FAF74EFB5D4B1A891868596811
:107C4000FDF72CFA002201236270E370ACE7604B71
:107C50005948D3F8B41003B0BDE8F04000F06CBF51
:107C6000554A92F83D26002AB0D0594A92F8F5229A
:107C7000002AABD04E4B002DA8D000224FF4F0705C
:107C80009A80F9F777FA002201216378A2732282A1
:107C9000E17018E74E4A474BD2F8B420986A41F297
:107CA0007071121A8A427FF67FAF02210620FAF71E
:107CB00011FB3F4B198918682A4661F30F02596876
:107CC000FDF7ECF93B49019B81F8243040F20112A9
:107CD000A1F821206570E37066E763782370204681
:107CE000FFF766FE88E7FDF71DFE002851D0FEF77E
:107CF0003DF8002845D030493548FEF78DFE6378C1
:107D0000022B7FF451AF2D4BDB68002B7FF74CAF7C
:107D10002F49D1F8B8209342FFF646AF0132C1F89F
:107D2000B82041E705F54052D2EDA97A2A4BC3EDC0
:107D30000A7A224B92F8A812CDED017A1960D2F896
:107D4000AC625E6103F1180002F52C714FF4007211
:107D500004F066FD1848DDED017A2049C0ED867A11
:107D6000C0F838644FF4007200F23C4004F058FD53
:107D70001B4804F0E7FC002385F824306370E370AF
:107D800012E7FDF7CFFD0028B5D11148FEF7FCFD45
:107D9000B1E70F48FFF778FBA9E70D490648D1F88E
:107DA000B430044A03B0BDE8F040FCF781BB00BF2B
:107DB000EC36002010020020F83600209840002009
:107DC00000008037DB0FC94088010108442C0020E7
:107DD0007C3D00200008014098440020B040002075
:107DE00050010108FDF7C2FF054600287FF41CAFD3
:107DF000114B0520D3F8B810FAF76CFA0E48FFF7CC
:107E00009BFB0E4B198918682A4661F30F025968CB
:107E1000FDF744F901236570E370C5E6064908489B
:107E2000D1F8B430074A03B0BDE8F040FCF7B6BC67
:107E3000054804F087FCB4E67C3D0020EC360020C9
:107E4000F8360020100200209C01010838B5417B63
:107E5000A1F161030446172B19D8DFE813F02800BD
:107E60004700660085001800A000BF00C400E300C2
:107E70001800EE000901280118001800330118004D
:107E800018001800520118005D0118007C01C1485B
:107E900004F0F0FB251DFFF787FB002840F07681FA
:107EA000FFF72EFC0023A38163606B6038BD051DC6
:107EB000284603F018F851EC100BF8F745FEF3EEE6
:107EC000040A00EE100A07F0CDFBDFEDB30A07F05D
:107ED000A1FBB24B10EE100A83ED120AF8F7E4FA98
:107EE00002460B46AE4804F0C5FBD4E7051D284604
:107EF00002F0F9FF51EC100BF8F726FEDFEDA90AAE
:107F000000EE100A07F0AEFBDFEDA70A07F082FBD8
:107F1000A24B10EE100A83ED020AF8F7C5FA0246EA
:107F20000B46A24804F0A6FBB5E7051D284602F063
:107F3000DAFF51EC100BF8F707FEDFED9D0A00EEBB
:107F4000100A07F08FFBDFED940A07F063FB934BF9
:107F500010EE100A83ED090AF8F7A6FA02460B465E
:107F6000944804F087FB96E7051D284602F0BBFF06
:107F700051EC100BF8F7E8FDDFED870A00EE100A70
:107F800007F048FB854B10EE100A83ED180AF8F74E
:107F90008BFA02460B46884804F06CFB7BE7051D14
:107FA000284602F0A0FF51EC100BF8F7CDFDDFEDF5
:107FB000830A00EE100A07F055FBDFED770A07F0A1
:107FC00029FB764B10EE100A83ED060AF8F76CFADF
:107FD00002460B467A4804F04DFB5CE7794804F012
:107FE000B1FB251D57E7051D284602F07CFF51EC2B
:107FF000100BF8F7A9FDDFED740A00EE100A07F088
:1080000031FBDFED650A07F005FB644B10EE100A4B
:1080100083ED080AF8F748FA02460B466B4804F06D
:1080200029FB38E7051D284602F060FF684B014632
:108030005960684804F01EFB2DE7051D284602F034
:1080400052FF51EC100BF8F77FFDDFED630A00EEF5
:10805000100A07F0DFFA514B10EE100A83ED0E0AFA
:10806000F8F722FA02460B465C4804F003FB12E7DD
:10807000051D284602F037FF51EC100BF8F764FDA0
:10808000DFED570A00EE100A07F0ECFADFED420AC6
:1080900007F0C0FA414B10EE100A83ED030AF8F71F
:1080A00003FA02460B464F4804F0E4FAF3E6051DD6
:1080B000284602F01BFF464B014699604A4804F0EF
:1080C000D9FAE8E6051D284602F00DFF51EC100B29
:1080D000F8F73AFDDFED300A00EE100A07F09AFAE1
:1080E0002E4BF1EE407A83ED140AC3ED137A10EEB5
:1080F000100AF8F7D9F902460B463C4804F0BAFAE0
:10810000C9E6051D284602F0F1FE314B0146D96053
:10811000374804F0AFFABEE6051D284602F0E3FE3C
:1081200051EC100BF8F710FDDFED1B0A00EE100A02
:1081300007F070FA194BF1EE407A83ED160AC3EDA1
:10814000157A10EE100AF8F7AFF902460B462948E7
:1081500004F090FA9FE6051D284602F0C4FE51EC9B
:10816000100BF8F7F1FCDFED0C0A00EE100A07F037
:1081700051FA0A4B10EE100A83ED170AF8F794F93A
:1081800002460B461C4804F075FA84E61B4804F0CE
:10819000D9FA85E650030108000000009844002049
:1081A000880201080000FA440000C842D401010816
:1081B000000020427002010814030108000004427C
:1081C000280201089C020108000016435802010819
:1081D00098400020E801010817B7D138F0020108E3
:1081E0000000704214020108FC0101082803010884
:1081F000400201083C030108000301089C0101083A
:108200001B2908B5034645D06D29027846D052B1E6
:10821000042A07D10D294ED0027B002A48D1417390
:1082200001321A7308BD63391729FBD801A252F82D
:1082300021F000BFBF82000825820008C982000823
:108240002582000825820008258200082582000872
:108250002582000825820008258200082582000862
:108260002582000825820008258200082582000852
:1082700025820008D3820008258200082582000894
:108280002582000825820008258200082582000832
:10829000DD82000800224270C27008BD02218A42BD
:1082A0004170BFD000220121C2708173028208BDDB
:1082B0001044C170B4E7BDE80840FFF7C7BD012115
:1082C00000224170C27008BD052100224170C270B9
:1082D00008BD042100224170C27008BD0D489FED09
:1082E0000E0A0023C0F8343400F0B4FA09480B4BEE
:1082F000D0F828221A61FFF757F9084B28B91969F5
:108300000748BDE8084004F0B5B9064804F01AFA79
:10831000024BF4E7F8360020D1CB0B389840002010
:10832000A803010878030108B4EEE00AF1EE10FAA0
:10833000D8BFB0EE600A7047F4EEC00AF1EE10FA52
:10834000D8BFB0EE600A7047B4EEE00AF1EE10FA62
:1083500007DDB4EEC10AF1EE10FAD8BFB0EE410A63
:108360007047F4EEC10AF1EE10FAD4BFB0EE410A44
:10837000B0EE600A704700BFB4EEE00AF1EE10FA0A
:1083800007D5B4EEC01AF1EE10FAD8BFB0EE410A2C
:108390007047B4EEE01AF1EE10FAD4BFB0EE410A25
:1083A000B0EE600A704700BFD1ED007A90ED007A20
:1083B00067EEA77AE7EE077AF1EEE76AF4EEC06AB5
:1083C000F1EE10FA0DDD27EE007AC7EE267AC0ED49
:1083D000007AD1ED007A20EE270AC0EE267AC1EDB0
:1083E000007A704701238340013B07EE903A30EE5C
:1083F000600AF8EEE77A31EE601A67EE807A87EE6F
:10840000817AFDEEC77A17EE900A704707EE900A60
:10841000012370EEC00AF8EEE77A8B40013B27EEAD
:10842000A07A07EE903AF8EEE77AC7EE276A36EEC2
:10843000800A704700B5DFED0F0A83B0CDED010A69
:1084400006F09EFDB5EEC00AF1EE10FA03D5DDEDA3
:10845000010A30EE200ADFED087A084B20EE270AE9
:10846000BDEEC00A10EE102A03EB820393ED000A62
:1084700003B000BDDB0FC94083F9A242B404010878
:1084800000B5DFED117ADFED110A83B037EEC00AD7
:10849000CDED010A06F074FDB5EEC00AF1EE10FA5A
:1084A00003D5DDED010A30EE200ADFED097A094B34
:1084B00020EE270ABDEEC00A10EE102A03EB82035D
:1084C00093ED000A03B000BDDB0FC93FDB0FC940CD
:1084D00083F9A242B404010870B5054684B035485A
:1084E0000E464FF4004101F099FE00230393039BD5
:1084F0003F2B06D800BF039B01330393039B3F2B05
:10850000F8D940F6010401E0013C3ED02A4802219E
:1085100002F088F80028F7D02748294602F07CF8B6
:1085200040F6010401E0013C3ED02348012102F065
:1085300079F80028F7D0204802F070F840F60104DE
:10854000308001E0013C32D01B48802102F06AF803
:108550000128F7D000230293029B3F2B4FF0000429
:108560001AD914484FF4004101F056FE002301933C
:10857000019B3F2B06D800BF019B01330193019B58
:108580003F2BF8D9204604B070BD4FF0FF340023D4
:108590000293029B3F2BE4D800BF029B013302935E
:1085A000029B3F2BF8D9DCE76FF00104EFE76FF097
:1085B0000204ECE700080140003C0040F0B506462C
:1085C00083B008461746F9F773FD044643F6FF707B
:1085D000F9F76EFD01A905462046FFF77DFF48BB70
:1085E0000DF106012846FFF777FF18BBBDF80640DE
:1085F0002046F9F779FD431CA6F840460BD002301F
:1086000012D0C4F30D043C8001A92846FFF764FF93
:1086100080B903B0F0BDD6F860360133C6F86036D5
:108620006FF0010003B0F0BDD6F864360133C6F830
:108630006436F5E7D6F85C3601334FF48070C6F83F
:108640005C36F8F789FD4FF0FF30E2E770B50021A6
:1086500082B006460120F9F73BFD044643F6FF7061
:10866000F9F726FD0DF1060105462046FFF734FF18
:1086700038B90DF106012846FFF72EFF08B902B000
:1086800070BDD6F85C3601334FF48070C6F85C36A6
:10869000F8F762FD4FF0FF30F1E700BF10B582B090
:1086A0000DF1020243F6FC710446FFF787FFF0B9B3
:1086B00001AA43F6FD712046FFF780FFB8B90DF11E
:1086C000060201212046FFF779FF80B9BDF8063088
:1086D000BDF80210BDF80420A4F84A36A4F84616E6
:1086E000A4F84826012384F83E3602B010BD0023CA
:1086F0004FF0FF30F7E700BF2DE9F04F044687B099
:1087000043F6FF700E46F9F7D3FC4FF0000807461A
:108710002046FFF79BFF4645A4F83D86A4F84C860B
:1087200040F383800123CDF8088003939A46C14625
:108730000DF116013846FFF7CFFE90BB012E44D055
:108740004FF0010B00250DF116013846FFF7C4FE6E
:1087500048BBBDF8168001904046F9F7C5FC431CA4
:10876000019AA4F84086C8F30D0C05F101053AD032
:10877000023054D00BF1010B5E45A4F842C684F8D8
:108780003DA6A4F84C26DED11F2D1ED92046FFF7AA
:1087900085FFB0FA80F0400984F83E0607B0BDE8D6
:1087A000F08F4FF0000BD4F85C16B4F84C2684F828
:1087B0003D960BF1010B0131013201235E45C4F8F6
:1087C0005C16A4F84C260293BCD1039D032D1AD04D
:1087D000142000F0BFFC6B1C03930023A4F83D366B
:1087E000A4F84C36A4E7D4F860260132C4F8602619
:1087F0000BF1010B5E454FF0000584F83D96A2D1C8
:10880000039D032DE4D1029A002384F83D369A4259
:1088100014BF4FF480704020F8F79EFCB6E7D4F800
:1088200064260132C4F86426E2E70125032D4FF0E7
:1088300014000CD0013500F08DFC4FF00003032D27
:10884000A4F83D36A4F84C864FF01400F2D1002372
:108850000293D8E7F0B52DED028B044685B043F6C0
:10886000FF70B0EE408AF9F723FCD4F8503601339C
:108870000DF10E01C4F85036FFF72EFE002840F02F
:10888000C980BDF80E6005463046F9F72DFC431C43
:10889000A4F8406600F02281023000F0E480C6F3C4
:1088A0000D062B46D4F8542666F30F0366F31F43D8
:1088B000002A40F0FB80D4ED016AC4F8423601235F
:1088C000B600013284F83D36002304F10C01C4F8EF
:1088D0002462C4F85426A4F84C36C4ED026A174644
:1088E00004F110004FF4FE72CDED016A009103F027
:1088F00031FF73125A1C02F07F0204EB830304EB76
:108900008202D3F83C34D2F83C2484489FED846A38
:108910000099DDED016AD21AC6F3080C0CFB02F2D5
:1089200003EB62231E44C4F828620369F31A07EEBE
:10893000903AFAEEC87ABDEEE77AB8EEC77A77EEEB
:10894000C77A67EE867AF5EEC07AF1EE10FA01D5B5
:1089500077EE867A012FC4ED017A76D0D4F83052C2
:1089600094F83C36416994ED866ADFED6E5A9FEDCE
:108970006C5A721A07EE102AB8EEC77A27EE067AFA
:1089800027EE257AFDEEC75AF8EEE55A37EE657AFE
:1089900027EE057AB5EEC07AF1EE10FA01D537EE82
:1089A000057A77EEE66ADFED605A84ED837AF4EEBD
:1089B000E56AF1EE10FA6DDC9FED5C7AF4EEC76AC1
:1089C000F1EE10FA4CBF01220022002B66D02A449F
:1089D00007EE102ADFED526AC4F83022B8EEC77AEB
:1089E00027EE267A77EE877AD4ED826A9FED507A69
:1089F000C4ED037A77EEE66A28EE077AC6EE877A48
:108A000026EE276AC4ED847A84ED856A05B0BDEC54
:108A1000028BF0BDD4F85C16D4F85826B4F84C3666
:108A2000002001310132013384F83D06C4F85C16A0
:108A3000C4F85826A4F84C364FF4807005B0BDEC4D
:108A4000028BBDE8F040F8F787BBC4ED027A04F56D
:108A50000373E1EC017A9942FBD10123F0EE676ADE
:108A600084F83C367EE7D4F864360133C4F86436C3
:108A7000B4F84C36D4F8582601339BB201320021A9
:108A8000022BC4F85826A4F84C3684F83D16BDD9FC
:108A90004020D3E74FF0FF32002B98D101229FED09
:108AA000257AC4F8303284F83C269BE7B4F84416A3
:108AB00000933046F9F726FB00F50072B2F5806F9F
:108AC000009B11D8B4F84426B24202BFD4F86C26F9
:108AD0000132C4F86C26D4F85426ECE6D4F860369B
:108AE0000133C4F86036C3E7D4F86816B4F84C26EE
:108AF000C4F8423601310132C4F86816D4F8581669
:108B0000C4F8545692B20131022AA4F84C26C4F893
:108B10005816A4F83C567FF679AFB9E79840002084
:108B2000DB0FC94000008037DB0F4940DB0F49C035
:108B30000000FE420000000070B5244D2B6803F5D4
:108B40001C5310338B4200D970BD04460E46D0F83A
:108B500024121F4803F08EFDD4F828121D4803F09C
:108B600089FD6068F7F7A0FC02460B461A4803F03F
:108B700081FDE068F7F798FC02460B46174803F0C2
:108B800079FDD4F80C02F7F78FFC02460B46144827
:108B900003F070FDD4F83012124803F06BFD94F826
:108BA0003D16114803F066FDD4F85C160F4803F03B
:108BB00061FDD4F860160E4803F05CFD0D48D4F852
:108BC000641603F057FD2E6070BD00BFCC4E002030
:108BD000D0030108DC030108F40301080C040108B8
:108BE0002004010834040108440401085004010869
:108BF0005C0401086C04010830B585B001AB83E862
:108C00000700114D002400F0E5FA00F0EBFA01AA8C
:108C1000234607CAFCF72EFE0134B4F5807F45F8E1
:108C2000040FF0D1094D00F0D5FA00F0DBFA01AAEB
:108C3000234607CAFCF732FE0134B4F5A07FA5EC49
:108C4000010AF0D105B030BD9440002098440020C6
:108C500070B586B003AB83E8070003AA07CA4FF4D8
:108C6000A073FCF711FE03AA064640F2411307CA9F
:108C7000FCF70AFE03AA05464FF4A17307CAFCF7E6
:108C800003FE0DF10C0C044640F243139CE8070070
:108C9000FCF7FAFD054A0192054A00920346224676
:108CA00029463046F9F7A6F906B070BD9844002071
:108CB0009840002000B583B00190FCF791FD019829
:108CC00041680022FF23C0E90312838203B000BD84
:108CD00030B51B498BB004461A48F8F7C3FE054669
:108CE00028B3237D012B26D900210B46E26863754A
:108CF00002EB010E94E8070004AB83E807000DF1D6
:108D0000040CCDF814E08CE8070093E8070007ABEB
:108D100084E8070083E8070000F05CFA00F062FADC
:108D20002046FCF769FD00F055FA00F05BFA284692
:108D3000A5750BB030BD013303F00103D902D5E7AF
:108D40009844002098400020F0B5837D83B005460C
:108D50002BB9002400232046AB7503B0F0BD4C496D
:108D60004C48F8F77FFE0028F3D0494949484A4E5D
:108D7000F8F736FE0024074600F02CFA00F032FA2D
:108D800056F8043F95E80700009323460134FCF7AA
:108D900041FDB4F5807FEFD13D4E00F01BFA00F0AD
:108DA00021FA234695E80700B6EC010A0134FCF7E6
:108DB00049FDB4F5A07FF0D10223009395E80700A8
:108DC00040F24113FCF732FD009495E807004FF4A0
:108DD000A173FCF72BFD009795E8070040F24313C1
:108DE000FCF724FD2A690132009295E807004FF450
:108DF000A273FCF71BFD294B009395E8070023465F
:108E0000FCF714FD234926484FF4806203F008FD67
:108E10001F4924484FF4807203F002FD95E80700D3
:108E2000FFF7EAFE95E80700FFF712FF044660B976
:108E30001B4918484FF4806203F0F2FC19491448AA
:108E40004FF4807203F0ECFC83E795E807004FF4E1
:108E5000A273FCF719FD2B69114907464FF4806294
:108E60000C485E1C03F0DCFC0E4909484FF480728C
:108E700003F0D6FCB7427FF46CAF2B696A7D2A758C
:108E800001332B6120460023AB7503B0F0BD00BF5A
:108E90009844002098400020944000204154484EBF
:108EA000D04F0020D04E00202DE9F04F93B0064661
:108EB0000DF10C0800274FF0FF0A0CAD09AC0DF1C5
:108EC000100900F087F900F08DF996E807000DF120
:108ED0003C0C8CE80700F36803EBC723109385E88C
:108EE00007009CE8070084E80700FFF785FE94E888
:108EF0000700FFF7ADFE4FF4A27388F80000834629
:108F000094E80700FCF7C0FC49F827000346002F4F
:108F100041D0BBF1000F02D0BAF1FF0F54D1059B35
:108F20009DF80D2004999DF80C00F9F78BF80028A6
:108F300059DB5FFA80F8B8F1FF0F54D0B8F1000F99
:108F400056D1354935484FF4806203F069FC344905
:108F500034484FF4807203F063FCF26886F81480A2
:108F600002EBC82796E8070085E807000D9784E81C
:108F7000070095E807000FAC84E807000DEB8803B5
:108F800094E807001B693361012386E8070018464F
:108F900013B0BDE8F08FBBF1000F10D01F491E4881
:108FA00001934FF4806203F03BFC1E491C484FF4D0
:108FB000807203F035FCBAF1FF0F04D1BA4608F114
:108FC000010801277DE7019B18460DEB8A0319690B
:108FD000F9F732F808B15FFA87FA002F9FD108F14C
:108FE000010801276DE70023184613B0BDE8F08F94
:108FF000F26802EBC82396E807000DF13C0C8CE800
:109000000700109385E807009CE8070006AF87E893
:109010000700FFF7F1FDA0E7D04F002098400020A7
:10902000D04E00209844002000238375FCF718BC24
:109030009DF800C030B949B932B14BB1844508BF81
:1090400005207047012070470320704702207047B9
:1090500004207047081A904234BF00200120704756
:109060000120704708B503F0A9FB162303604FF0F9
:10907000FF3008BD08B503F0A1FB16230360FEE72F
:1090800070B5161E07DD0C468D19AFF3008004F88D
:10909000010BA542F9D1304670BD00BF70B5161E58
:1090A00007DD0C468D1914F8010BFBF7E1F9A54219
:1090B000F9D1304670BD00BF4FF0FF30704700BFA0
:1090C0004FF400534B600020704700BF01207047F1
:1090D000002070470C4A08B5136833B1184469463C
:1090E000884208D81060184608BD084B1360184421
:1090F00069468842F6D903F061FB0C2303604FF008
:10910000FF33184608BD00BFD0530020385500205B
:109110000D4B0E4A1B68A2FB03239B09013BB3F1D5
:10912000807F00D3FEE74FF0E02209495361F02031
:1091300081F823004FF0000C07201023C2F818C05C
:10914000106181F82330704700000020D34D621079
:1091500000ED00E0024A10601368002BFCD170475C
:10916000D85300200549064A0B6801330B60136889
:1091700013B11368013B1360704700BFD453002044
:10918000D8530020014B1868704700BFD45300200B
:1091900030B50D4A0D4B0E4D83B00024062140F230
:1091A000FF1014601C602C7000F0B0FF012807D184
:1091B000019000F09BFF01982870204603B030BD5D
:1091C0004FF0FF30FAE700BFE4530020E0530020E7
:1091D000DC530020024A136801331360704700BF5C
:1091E000E4530020064B074A1B7812681BB1064B5C
:1091F0001968914200D170471A6000F07FBF00BF2C
:10920000DC530020E4530020E0530020704700BFEF
:1092100008B50220F7F7A0FFFEE700BF08B504205D
:10922000F7F79AFFFEE700BF08B50820F7F794FFAD
:10923000FEE700BF08B51020F7F78EFFFEE700BF7E
:10924000704700BF704700BF704700BFFFF78ABF7D
:1092500070B5544C544884B02246002100F08EFC76
:10926000206840F20173984206D1A36823F07F433F
:10927000B3F5002F00F086804C4D627A217A6B683E
:109280000093B2FA82F2B1FA81F1A37A5209490944
:10929000F8F7E8FE08B904B070BD454A454E464BA4
:1092A000D2ED0E7A96ED111AD3ED840A93ED030AEE
:1092B0002979424821EE271AF8F782FA3F493A48BD
:1092C00000F008FC3E4803A9F8F7DEFE054660B34F
:1092D0009DF80C10FD294DD0FE291ED0FC29DAD1B5
:1092E000384C0220F8F7F6FF00253046C6F8B85093
:1092F000FEF722F9206861682289FBF7CFFE6168DA
:1093000020682289FBF778FE2020A580F7F732FF3E
:109310002D486D21FEF774FFBDE70420F8F7DAFF52
:1093200029487A21FEF76CFFB5E7236906F1CC02E4
:10933000CDE9003294E80F00F8F780FADFED236AF8
:10934000D6ED347A96ED337AC6F8B85067EEA67A41
:1093500027EE267AFDEEE77ABDEEC77A17EE903A51
:1093600017EE101A9BB2012043EA0141F8F7B2FF51
:1093700004B070BD0320F8F7ADFF13481B21FEF7C2
:109380003FFF88E703A904F10B00F8F7CFFE18B9F7
:109390009DF80C30072B01D920686DE72046F8F7BF
:1093A000D1FF78E7E80100200064004098400020E9
:1093B000984400207C3D0020F8360020FC0100206D
:1093C000F3010020EC360020683D00200000C84278
:1093D000012110B5194801F00BFAFFF703FF1849F6
:1093E0000B88013343F697229BB2934214D80B802B
:1093F000144CFAF7DFFE2046FCF702FF9FED120A3D
:109400001248FFF727FA1248FEF756FBD4F8B4309B
:109410000133C4F8B43010BD0E4B1A780020088018
:10942000B2FA82F200F18040520900F588304FF420
:1094300000511A7000F0F4FEDAE700BF002C014082
:10944000EA5300207C3D0020D1CB0B38F8360020B9
:10945000683D0020E853002008B54FF4805000F02C
:10946000C9FC18484FF4805100F0E0FE00B108BD7F
:10947000FBF7D8FBF0B9FBF783FBB8B9FAF7F0FEBE
:109480000028F4D100F1804000F584304FF40061F1
:1094900000F0D2FE0028EAD00B48FBF77FFC20202A
:1094A000F7F75AFE084A0123938008BDBDE808403B
:1094B000FBF76EBBFBF7BEFBBDE808400248FBF7BD
:1094C0006DBC00BF00080140EC36002008B507491C
:1094D000074801F039FC00B908BD054801F01CFC43
:1094E000BDE80840C1B20348FEF78ABE0503050087
:1094F00000440040683D002008B5154B98421BD041
:1095000003F5A05398420DD0A3F5C05398421DD146
:1095100040F2093000F06AFFBDE8084040F209302F
:1095200000F072BF40F20F3000F060FFBDE808406D
:1095300040F20F3000F068BF40F20A3000F056FFF2
:10954000BDE8084040F20A3000F05EBF08BD00BF31
:10955000002801408368DB0703D4836843F00103DC
:1095600083607047826842F0080200F1080382605D
:109570001A681107FCD4826842F0040282601A68FB
:109580005207FCD4704700BF836843F48073836044
:10959000704700BF064BD3F8042422F47022C3F8AE
:1095A0000424D3F804240243C3F80424704700BF02
:1095B0000020014001F480738AB11BB1436843F479
:1095C000807343604B0503D5436843F48063436075
:1095D000890715D5836843F00203836070471BB188
:1095E000436823F4807343604A0503D5436823F43A
:1095F000806343608B0703D5836823F00203836095
:10960000704700BF836819B143F4006383607047FB
:1096100023F400638360704701290ED0022900D033
:109620007047836B23F440138363013A836B120505
:1096300002F440121A4382637047C36A23F4700332
:10964000C362013AC36A120502F470021A43C2628D
:10965000704700BF052900B52ED8D0F834C001EB03
:1096600081014FF01F0E0EFA01FE2CEA0E0C02FAD9
:1096700001F141EA0C014163092A0DD8016902EBAD
:1096800042024FF0070C0CFA02FC21EA0C0103FA2B
:1096900002F20A43026100BD112AFCD80A3AC168ED
:1096A00002EB42024FF0070C0CFA02FC21EA0C011B
:1096B00093400B43C36000BD0B2910D80639D0F886
:1096C00030C001EB81014FF01F0E0EFA01FE2CEAB3
:1096D0000E0C02FA01F141EA0C010163CCE70F29FB
:1096E000CAD80C39D0F82CC001EB81014FF01F0E05
:1096F0000EFA01FE2CEA0E0C02FA01F141EA0C010D
:10970000C162B9E7D0F838C00331CCF3015CA1EBFA
:109710000C0101EB81014FF01F0C00B50CFA01FEAA
:10972000D0F838C002FA01F12CEA0E0C41EA0C0123
:10973000092A81630DD8016902EB42024FF0070C40
:109740000CFA02FC21EA0C0103FA02F20A4302615C
:1097500000BD112AFCD80A3AC16802EB42024FF060
:10976000070C0CFA02FC21EA0C0193400B43C36086
:1097700000BD00BF01F001035AB11BB1836843F47F
:10978000801383608A070FD5836843F400438360A6
:1097900070471BB1836823F4801383608B0703D564
:1097A000836823F400438360704700BF01290AD017
:1097B000022900D07047836823F4E0438360836804
:1097C000134383607047836823F460238360836856
:1097D00013438360704700BFCA0703D5836843F40F
:1097E000800383608B0703D5836843F40013836091
:1097F000704700BF03290FD8DFE801F00B0805020E
:10980000806C80B27047406C80B27047006C80B250
:109810007047C06B80B270470020704703680B42EE
:1098200014BF012000207047036823EA010303608E
:10983000704700BF08B5074B984200D008BD40F202
:10984000194000F0D3FDBDE8084040F2194000F097
:10985000DBBD00BF0064004029B103282CD8DFE83D
:1098600000F00E182103FEE70023C1F80B30C1F809
:109870000F308B724B60CB740B810B6070470023F1
:1098800040F2FF304FF4003248810B810A604B6098
:10989000704700234FF480320B740B604B608B6079
:1098A000CA6070470023C1F80B30C1F80F308B72CB
:1098B0004B600B810B607047FEE700BF036823F02D
:1098C000020300B503600368844643F001034CF8CB
:1098D000043B4368DB07864608D44FF6FF7301E07C
:1098E000013B03D0DCF80020D007F9D5DEF80400F6
:1098F00010F0010070D04B788A781B06120402F435
:10990000702203F0407313430A7843EA8273CA78E3
:10991000120502F4E00213434A89013AC2F3090234
:109920001343CEF81C300B79012BDEF800300CBF4E
:1099300043F0800323F08003CEF800304B79012BF5
:10994000DEF800300CBF43F0400323F04003CEF8B4
:1099500000308B79012BDEF800300CBF43F0200380
:1099600023F02003CEF80030CB79012BDEF8003055
:109970000CBF43F0100323F01003CEF800300B7A35
:10998000012BDEF800300CBF43F0080323F008037E
:10999000CEF800304B7A012BDEF800300CBF43F0DC
:1099A000040323F00403CEF80030DEF8003023F087
:1099B0000103CEF80030DEF80430DA070DD54FF69B
:1099C000FF7000E040B1DCF80030DB0700F1FF3051
:1099D000F8D4003818BF012000BD012000BD00BF31
:1099E0003B494389D1F8002642F0010200B5C1F895
:1099F0000026D1F81CC6B0F80EE001229A402CEAED
:109A0000020CC1F81CC6BEF1000F45D1D1F80CC63E
:109A100003F100632CEA020CC1F80CC603F6C8433C
:109A2000B0F806C04188DB0041EA0C41B0F804C040
:109A30001960018841EA0C415960838924492BBB94
:109A4000D1F8043623EA0203C1F804360389204919
:109A5000B3B9D1F8143623EA0203C1F81436037CF3
:109A6000012B05D11A49D1F81C361343C1F81C3615
:109A7000174AD2F8003623F00103C2F8003600BDC1
:109A8000D1F814361343C1F81436E8E7D1F8043698
:109A90001343C1F80436D9E7BEF1010FCDD1D1F897
:109AA0000CC603F100634CEA020CC1F80CC603F6C5
:109AB000C843B0F800C04188DB0041EA0C41B0F86F
:109AC00004C01960C18841EA0C415960B5E700BF84
:109AD0000060004082685201034605D4826812018A
:109AE00043D51033012000E00020D3F8802102F09C
:109AF000010210B5C3F8802191F808E04A7A03F515
:109B0000C07CBEF1000F26D04C6842EAC40242EA93
:109B10000E02D3F880E142EA0E02C3F88021D3F8A6
:109B2000842122F00F02C3F88421D3F884E18A7AD9
:109B300042EA0E02C3F88421D1F80B20C3F8882131
:109B4000D1F80F20C3F88C21DCF8003043F001037A
:109B5000CCF8003010BD0C68D3F880E142EA4452E2
:109B600042EA0E02C3F88021D9E78268D20002D50A
:109B700020330220B9E70320704700BF00EB011338
:109B8000D3F8B0C10CF0040C82F808C0BCF1000F8F
:109B900047D1D3F8B0C14FEA5C5CC2F800C0D3F83B
:109BA000B0C10CF0020C82F809C0D3F8B4C14FEA7E
:109BB0001C2C82F813C0D3F8B4C10CF00F0C82F83F
:109BC0000AC0D3F8B8C182F80BC0D3F8B8C14FEAC5
:109BD0001C2C82F80CC0D3F8B8C14FEA1C4C82F898
:109BE0000DC0D3F8B8C14FEA1C6C82F80EC0D3F890
:109BF000BCC182F80FC0D3F8BCC14FEA1C2C82F85C
:109C000010C0D3F8BCC14FEA1C4C82F811C0D3F885
:109C1000BC311B0E937459B9C36843F02003C36071
:109C20007047D3F8B0C14FEADC0CC2F804C0B6E705
:109C3000036943F020030361704700BF43690B438E
:109C4000436170470D4B984215D001EB810300EB47
:109C500083030022D3F808C02CF0010CC3F808C01D
:109C60009A60DA601A615A61426889000F238B405A
:109C70001343436070470429E7D9FEE7000402401C
:109C80001D4B984234D001EB810100EB8100136839
:109C900010B4036193684361138AC360D468536846
:109CA00081682343546921F47C5123430B4383602F
:109CB000137E012B83680CBF43F0400323F0400365
:109CC0008360537E012B83680CBF43F0800323F035
:109CD00080038360937E2BB1836843F0100310BC34
:109CE00083607047836823F0100310BC8360704763
:109CF0000429C8D9FEE700BF00040240074B984280
:109D000008D001EB8101890008300B5843F0200393
:109D10000B5070470429F4D9FEE700BF000402404D
:109D2000074B984208D001EB8101890008300B589D
:109D300043F001030B5070470429F4D9FEE700BF3C
:109D4000000402402A4BD3F800C42CEA000CC3F8EC
:109D500000C4D3F804C42CEA000CC3F804C4D3F83C
:109D600008C42CEA000CC3F808C4D3F80CC42CEACD
:109D7000000CC3F80CC449B3012905D0012A0BD04B
:109D8000022A29D0AAB17047D3F80414012A41EA63
:109D90000001C3F80414F3D1154BD3F8082422EAC8
:109DA0000002C3F80824D3F80C240243C3F80C249F
:109DB00070470F4BD3F808240243C3F80824D3F8A4
:109DC0000C2422EA0002C3F80C247047D3F80014D4
:109DD0000143C3F80014D1E7054BD3F8082402432C
:109DE000C3F80824D3F80C240243C3F80C247047AA
:109DF00000000140014BC3F814047047000001400B
:109E00000B4B1A69110603D50A490B4A59605A606F
:109E10000A4BB3F8E030B3F5007F07D9044B1A6D55
:109E2000120603D50349044A59645A64704700BFB7
:109E30000020024023016745AB89EFCD00F7FF1FEB
:109E4000074B08491A69B1F8E01042F08002B1F5F9
:109E5000007F1A6103D91A6D42F080021A657047BB
:109E60000020024000F7FF1F4B4BB3F8E030B3F582
:109E7000007F6AD9494B4A4A98424A4B26D2D16858
:109E8000C90756D4D368D90657D4D3685B075AD4C8
:109E90001169444B41F00201116150611069404960
:109EA00040F040001061CA68D00738D4CB68DB06A8
:109EB0003DD4C868C0F380004000C0B2384A13697E
:109EC00023F0020313617047013B34D0D16CC90702
:109ED000FAD4D36CDB0630D4D36C590733D4136D6A
:109EE00043F0020313655065D3699B0748BF506177
:109EF0002B4A2C4B116D41F040011165D16CC90703
:109F00001DD4D36CD80643D4D06CC0F3800040007D
:109F1000C0B2234A136D23F0020313657047013B5F
:109F200038D0CA68D007FAD4CB68DB06C1D5032085
:109F3000C4E7013BA3D10420704703207047013BD5
:109F4000DCD10420E5E702207047164B144AD168A3
:109F5000C90719D4D368DB06EFD4D3685907F2D404
:109F60001169104B41F002011161506110690C49F7
:109F700040F040001061CA68D20797D5013B09D074
:109F8000CA68D207FAD491E7013BE0D104207047B8
:109F90000320BEE7042091E700F7FF1FFFFF07083B
:109FA000002002400000FF0F454BB3F8E030B3F54E
:109FB000007F8C4660D9434B434A9842434B23D29F
:109FC000D168C9074CD4D368D9064DD4D3685B0790
:109FD00050D411693D4B41F0010111613A49C0F87B
:109FE00000C0CA68D00731D4CB68DB0636D4C86855
:109FF000C0F380004000C0B2334A136923F001036C
:10A0000013617047013B2DD0D16CC907FAD4D36CD2
:10A01000DB0629D4D36C59072CD4116D2B4B41F09E
:10A02000010111652849C0F800C0CA6CD2071DD4CF
:10A03000CB6CD80640D4C86CC0F380004000C0B2DE
:10A04000214A136D23F0010313657047013B35D09E
:10A05000CA68D007FAD4CB68DB06C8D50320CBE7A3
:10A06000013BADD10420704703207047013BDCD198
:10A070000420E5E702207047144B134AD168C90752
:10A0800016D4D368DB06EFD4D3685907F2D411692C
:10A090000E4B41F0010111610B49C0F800C0CA68C4
:10A0A000D207A1D5013B09D0CA68D207FAD49BE7F1
:10A0B000013BE3D1042070470320C1E704209BE764
:10A0C00000F7FF1FFFFF0708002002400000FF0FFE
:10A0D000830903F1804303F5083300F01F0019687A
:10A0E000012282400A431A60704700BF024B4CF6BF
:10A0F000CC421A60704700BF00300040024B4AF665
:10A10000AA221A60704700BF00300040DFF858C034
:10A11000144A45F2555300B58E46CCF80030DCF8B1
:10A120000C30013A03F0010315D0002BF7D10E4992
:10A130000C4AC1F804E0CB68013A03F002030ED0E8
:10A14000002BF8D1084BC0F30B004AF6AA22986006
:10A1500001201A6000BD002BE9D0002000BD002BBB
:10A16000FBD1EFE7FFFF0F00003000402DE9F04387
:10A170000C461D46E306014604F00F0602D5042AEC
:10A1800044D0164300224FF001080F2706E0482C68
:10A1900008BF08610B600132082A13D008FA02FCDC
:10A1A0004FEA820E1CEA050007FA0EF906FA0EFEC7
:10A1B000F1D00B68282C23EA09034EEA0303E6D109
:10A1C0004861E7E700234FF001080F2709E0482C1A
:10A1D00008BF0861C1F804E00132102A03F104034A
:10A1E00012D008FA02FC1CEA050007FA03F906FA85
:10A1F00003FEF1D0D1F804C0282C2CEA090C4EEA59
:10A200000C0EE4D14861E5E7BDE8F083C36B2B4356
:10A2100046F00306C363B5E70161704741617047CB
:10A220000AB1016170474161704700BF83680B420A
:10A2300014BF012000207047C3680B4214BF0120E7
:10A240000020704700281F4B00F4401CB4BFDB699E
:10A250005B68BCF5401F00B582B227D010F4801FA8
:10A2600019D14FEA505C4FEA0C1C02FA0CFC23EAAD
:10A270000C0343F0E0634FEA505C4FEA0C1C02FA17
:10A280000CF21A43002918BF13460E4A0028B4BF27
:10A29000D361536000BDC0F3034E4FF0030C0CFAC2
:10A2A0000EFC23EA0C0343F0E063E4E7DFF814E07C
:10A2B000DEF804C02CF0E06C23F0E063CEF804C0BC
:10A2C000D9E700BF0000014001F003039B000F220B
:10A2D000032902FA03F200FA03F0134B07D8996836
:10A2E00021EA02029A609A6802439A60704707293D
:10A2F00007D8D96821EA0202DA60DA680243DA6034
:10A3000070470B2907D8196921EA02021A611A69F4
:10A3100002431A617047596921EA02025A615A6977
:10A3200002435A61704700BF00000140DFF898C047
:10A33000DCF80C3003F4E063B3F5E06F36D0DCF802
:10A340000C3003F4E063B3F5C06F1BD0DCF80C30C5
:10A3500003F4E063B3F5A06F10D0DCF80C3003F425
:10A36000E063B3F5806F25D0DCF80C3003F4E063D4
:10A37000B3F5407F22D0134BCCF80C3002F003022F
:10A38000022302E002F007020323DFF840C09940F5
:10A3900011430CEB00030901420983F8001300F09C
:10A3A0001F00012383404CF82230704702F00F0257
:10A3B0000423EAE702F001020123E6E70022134644
:10A3C000E3E700BF0005FA0500ED00E000E100E072
:10A3D000830903F1804303F5043300F01F0019687B
:10A3E000012282400A431A60704700BF830903F1CB
:10A3F000804303F5043300F01F00196801228240F6
:10A400000A431A60704700BF830903F1804303F5D4
:10A41000043300F01F001A680121814022EA010282
:10A420001A607047174A5368D26A23F0805323F4A6
:10A43000404322F000510B2809D8DFE800F006065F
:10A440000606081808180C0C0C0C43EA80330D4A59
:10A450005360D1627047DFF834C042F000510CEA1B
:10A46000803C084A43EA0C035360D1627047064AB5
:10A4700002EA80321343034A43F080535360D162AF
:10A48000704700BF0010024000C0FEFF00C0FCFF8C
:10A4900010B5DFF8E4C086469CE80F0088B008AC31
:10A4A00004E90F00DCE90401CDE90001CDE9020176
:10A4B0002D4A536803F00C03082B24D02B482A4A5A
:10A4C000536851685268C3F303136B441B7C20FA32
:10A4D00003F3BEF1030F44D8DFE80EF00812020ABE
:10A4E000C1F302216944087823FA00F008B010BDD6
:10A4F000C2F3C2226A44107A23FA00F008B010BDF9
:10A50000184608B010BD5368D90311D4184A164B29
:10A51000586859685B680C01C0F3834014D5590032
:10A5200018D540F030003F2812D102FB00F0C6E7FA
:10A53000D36A5A000C4B58BF0C4A5B6848BF0D4A9F
:10A540009B03E4D55208E2E75B0006D540F020000B
:10A550000130EAE740F01000FAE70F28F8D00230A7
:10A56000E3E70020C2E700BF0010024000127A00BB
:10A5700000093D00006CDC0260F9000808B5154BCD
:10A58000984212D003F57443984204D0A3F578435F
:10A59000984214D008BD4FF44370FFF727FFBDE881
:10A5A00008404FF44370FFF72FBF40F20F40FFF712
:10A5B0001DFFBDE8084040F20F40FFF725BF40F205
:10A5C0000E40FFF713FFBDE8084040F20E40FFF7D2
:10A5D0001BBF00BF003C004010B4D1E901420B6832
:10A5E00023431343CA680C69D1E905C113432343CC
:10A5F000026843EA0C0302F441520B431343036025
:10A60000C36923F4006310BCC3617047036843F05F
:10A6100040030360704700BFC1607047C06880B2EC
:10A62000704700BF83680B4214BF012000207047B1
:10A6300008B5374B98424CD015D8A3F50063984223
:10A6400051D039D8B0F1804F22D0A3F58063984221
:10A650005DD140F20140FFF7C9FEBDE8084040F27D
:10A660000140FFF7D1BE2B4B984246D003F5006363
:10A67000984217D0A3F59033984248D140F2054054
:10A68000FFF7B4FEBDE8084040F20540FFF7BCBE4E
:10A690004FF48060FFF7AAFEBDE808404FF48060E9
:10A6A000FFF7B2BE40F20D30FFF7A0FEBDE8084054
:10A6B00040F20D30FFF7A8BE174B984227D140F269
:10A6C0000340FFF793FEBDE8084040F20340FFF768
:10A6D0009BBE40F20440FFF789FEBDE8084040F20F
:10A6E0000440FFF791BE40F20240FFF77FFEBDE855
:10A6F000084040F20240FFF787BE40F20B30FFF700
:10A7000075FEBDE8084040F20B30FFF77DBE08BD86
:10A7100000100040002C0140000C004000234FF6C8
:10A72000FF72C0E90033826003737047254B0A88CB
:10A730008262984215D020F44063B3F1804F10D06C
:10A74000214B98420DD0214B20F4806210B49A42E4
:10A750008C68C4622CD1436943F0010310BC43618F
:10A76000704703684A8823F070030360D0F800C084
:10A770008B8842EA0C0202600268134303608B6814
:10A78000C3620268CB8822F440720260D0F800C035
:10A790000C4A43EA0C039042036002D00A4B9842F1
:10A7A00001D10B7B0363436943F0010343617047AD
:10A7B0000268CB8822F4407202600268134303608F
:10A7C000C9E700BF002C01400034014000100040E8
:10A7D000036843F001030360704700BF036843F060
:10A7E00080030360704700BFC3680B43C3607047BA
:10A7F000C9430161704700BF002303604360836069
:10A8000083817047B1F802C00B888A8843EA0C0341
:10A81000B1F806C013430A8943EA0C03B1F80AC031
:10A8200013438A8943EA0C0313439BB24364704782
:10A83000436C01290CBF43F4004323F400434364F9
:10A84000704700BF0023036043608360704700BF10
:10A85000032929D8DFE811F0AF006C0029000400BB
:10A86000036A1188B2F804C023F480530362C369F9
:10A8700023F44073C361036A43EA01330362036A4A
:10A88000724923F400530362036A884243EA0C339B
:10A89000036240F0D6804368128923F4804343600A
:10A8A000436843EA821343607047036A1188B2F831
:10A8B00004C023F480730362C36923F00303C361FC
:10A8C000036A43EA01230362036A604923F40073C5
:10A8D0000362036A884243EA0C23036202D05C4BA2
:10A8E0009842E1D1036AB2F802C0D18823F48063B0
:10A8F0000362036A43EA0C230362036A23F40063DE
:10A900000362036A43EA012303624368118952899F
:10A9100023F480534360436843EA01134360436870
:10A9200023F400534360436843EA021343607047D3
:10A93000036A1188B2F804C023F01003036283692C
:10A9400023F440738361036A43EA01130362036AD9
:10A950003E4923F020030362036A884243EA0C1352
:10A96000036202D03A4B98429ED1036AB2F802C009
:10A97000D18823F040030362036A43EA0C130362A5
:10A98000036A23F080030362036A43EA011303624C
:10A9900043681189528923F480634360436843EA22
:10A9A00081034360436823F400634360436843EAE0
:10A9B000820343607047036A118823F00103036236
:10A9C000D0F818C093882CF0030CC0F818C0D0F849
:10A9D00020C041EA0C010162016ADFF870C021F079
:10A9E00002010162016A604543EA0103036203D088
:10A9F000174B98427FF458AF036A518823F0040341
:10AA00000362D0F820C0D38841EA0C010162016AD8
:10AA100021F008010162016A0B4303624368118956
:10AA200023F480734360D0F804C0538941EA0C01D9
:10AA30004160426822F400724260426813434360FE
:10AA40007047034B98427FF42FAF24E7002C01405E
:10AA50000034014003290BD8DFE801F01C130B027E
:10AA6000C36923F4E043C361C36943EA0223C361BA
:10AA70007047C36923F07003C361C3691343C361A3
:10AA80007047836923F4E0438361836943EA0223C7
:10AA900083617047836923F0700383618369134383
:10AAA00083617047032904D8DFE801F00806040237
:10AAB00002647047C26370478263704742637047A5
:10AAC00003290BD8DFE801F01C130B02C36923F440
:10AAD0000063C361C36943EA0223C3617047C3696A
:10AAE00023F00803C361C3691343C36170478369DB
:10AAF00023F400638361836943EA0223836170471F
:10AB0000836923F00803836183691343836170477A
:10AB100003290BD8DFE801F01C130B02C36923F4EF
:10AB20008063C361C36943EA0223C3617047C36999
:10AB300023F00403C361C3691343C361704783698E
:10AB400023F480638361836943EA0223836170474E
:10AB5000836923F00403836183691343836170472E
:10AB600003290BD8DFE801F01D140B02036A23F45C
:10AB700080530362036A43EA023303627047036A45
:10AB800023F480730362036A43EA0223036270477B
:10AB9000036A23F010030362036A43EA02130362A9
:10ABA0007047036A23F001030362036A13430362DD
:10ABB000704700BF436823F07003436043680B4352
:10ABC0004360704721B9836843F080038360704716
:10ABD000012900D07047836823F0800383607047A9
:10ABE000836823F007038360704700BF08B5234BD9
:10ABF000984238D010D9224B98422AD003F56843A6
:10AC000098421BD140F20E30FFF7F0FBBDE8084040
:10AC100040F20E30FFF7F8BBA3F5006398420ED068
:10AC200003F58063984209D140F21240FFF7DEFB42
:10AC3000BDE8084040F21240FFF7E6BB08BD40F215
:10AC40001140FFF7D3FBBDE8084040F21140FFF789
:10AC5000DBBB40F21440FFF7C9FBBDE8084040F2FF
:10AC60001440FFF7D1BB40F21340FFF7BFFBBDE834
:10AC7000084040F21340FFF7C7BB00BF004C004044
:10AC80000050004000B5174B984283B0024617D0E1
:10AC90000ED9154B984213D003F5684398421ED144
:10ACA000CDE900010320FFF7F3FBDDE900210EE011
:10ACB000A3F50063984203D003F5806398420ED158
:10ACC0000220CDE90021FFF7E3FBDDE9002100EBE5
:10ACD0005103B3FBF1F39BB2936003B000BD0020BE
:10ACE000F5E700BF004C004000500040C36843F44B
:10ACF0000053C360704700BFC36823F008030B43D1
:10AD0000C3607047C36823F004030B43C3607047FC
:10AD1000C1F30801416070474068C0F30800704704
:10AD20008B0901F01F011858C84000F0010070475E
:10AD30008A09012352F800C001F01F018B4043EA49
:10AD40000C031350704700BFC1F389128B0D52F8EA
:10AD500000C01858C1F30442012303FA02F201F0C3
:10AD60001F01024203FA01F314BF0120002013EA7D
:10AD70000C0F00F0010008BF002070474249434B10
:10AD8000D1F8882042F4700282B0C1F88820196896
:10AD900041F0010119605968002041F080015960BB
:10ADA0000190019B44F61F62934205D8019B013339
:10ADB0000193019B9342F9D934494B6823F0030373
:10ADC0004B600B6823F084734FF41F0223F480332D
:10ADD0000B608A600A68002022F480220A604860C2
:10ADE000C8620A6842F001024FF4A0630A6001E001
:10ADF000013B02D00A689007FAD5244B1A689207E3
:10AE000041D5DA69224942F08052DA610A6842F497
:10AE100040420A605A685A605A685A605A6842F456
:10AE200080625A605A6822F0904222F470125A608E
:10AE30005A6842F0036242F480225A601A6842F073
:10AE400080721A601A689001FCD5114A136843F4A5
:10AE5000803313605368D903FCD513680C4943F45D
:10AE6000003313604B689A03FCD5084A536823F0FB
:10AE700003035360536843F00203536053681B0796
:10AE8000FCD502B07047FEE700ED00E00010024084
:10AE900000700040DFF834D00D480E490E4A002300
:10AEA00002E0D458C4500433C4188C42F9D30B4A7E
:10AEB0000B4C002301E013600432A242FBD3FFF7E6
:10AEC0005DFF01F081FCF5F713FF704700000120E2
:10AED00000000020CC01002060110108CC010020FE
:10AEE00038550020FEE7002101F016BB0A220021A0
:10AEF00001F098BB2DE9FF4757EC106B002F0C4673
:10AF00009146DDF830A019464FF0000203DA07F150
:10AF100000431F462D220D9D0A7025F02005462D69
:10AF200004D0452D00D10134022100E0032103AB00
:10AF3000019302AB009347EC106B5346224601F09D
:10AF40000FFD472D80461AD119F0010F0ED000EBEE
:10AF500004090022002330463946F5F765FD08B1A3
:10AF6000CDF80C903022039B4B451ED3039B0E9AC9
:10AF7000A3EB08034046136004B0BDE8F087462DFC
:10AF800000EB0409E5D10378302B0AD1002200231D
:10AF900030463946F5F748FD18B9C4F10104CAF83E
:10AFA0000040DAF800309944D3E7591C03911A7035
:10AFB000D9E7F7B50029BABF49422D232B23092928
:10AFC000027043702ADD0DF10704871CA6460A268D
:10AFD000A446B1FBF6F506FB15123032632904F1E5
:10AFE000FF340CF8012C2946F2DC3031ACF10202BE
:10AFF00004F8011C411C144672450AD30DF10903E3
:10B00000A3EB0C03A64538BF00233B44181A03B03A
:10B01000F0BD12F8013B01F8013FEDE7302330317C
:10B020008370C170031DF1E72DE9F04F8FB00C461E
:10B03000DDF8608016461F46054601F0EDFB03680B
:10B0400007931846F5F7C4F800230C93D8F800309E
:10B0500094F818A0D4F800B00890073323F0070341
:10B06000B3EC027B8DED047BC8F80030DDE904838E
:10B0700023F0004984ED127B9A4B4FF0FF3240469B
:10B080004946F5F703FD70BB964B4FF0FF32404643
:10B090004946F5F7DDFC30BBDDE904010022002361
:10B0A000F5F7CCFC10B12D2384F843308E4A8F4B3A
:10B0B000BAF1470F8CBF90469846032323612BF0CB
:10B0C000040323604FF00009009733460DAA214680
:10B0D000284600F0CDF9013040F08C804FF0FF3071
:10B0E0000FB0BDE8F08FDDE9042310461946F5F7EF
:10B0F000CDFC40B1059B7E4A002BBCBF2D2384F8BC
:10B1000043307C4BD4E763685A1C0AF0DF093BD11B
:10B11000062363604BF480620023226003930CAB30
:10B12000CDE901A30BAB009361689DED040B0DF11C
:10B130002B032846FFF7DEFEB9F1470F0B99804637
:10B1400029D1C81C02DB63688B4241DAAAF1020AEA
:10B150005FFA8AFA0139524604F150000B91FFF769
:10B1600028FF0C9A1318012A8146236102DC226809
:10B17000D20701D5013323619DF82B30002BA3D0DA
:10B180002D2384F843309FE7B9F1470FC2D1002B3C
:10B19000C0D10123BDE7BAF1650FDBD9BAF1660F63
:10B1A00018D1002963680BDD216113B92268D0072B
:10B1B00002D501330B442361A1654FF00009DBE7A1
:10B1C00013B92268D20701D50233F4E70123F2E76D
:10B1D0004FF0670A0C9B8B4205DC23682161D8077E
:10B1E000EAD54B1CE7E70029D4BFC1F102020122D6
:10B1F0001344E0E723685A0507D4236942463146E1
:10B200002846B847013028D168E7BAF1650F40F207
:10B21000DB80D4E9120100220023F5F705FC90B38E
:10B22000354A012331462846B84701303FF456AF2E
:10B23000DDE90B38434502DB2368D8070DD5DDE98E
:10B24000072331462846B84701303FF447AF4FF057
:10B25000000908F1FF38C84509DC23689B0700F1A5
:10B260000481E0680D9B9842B8BF184638E7012377
:10B2700004F11A0231462846B84701303FF42EAF98
:10B2800009F10109E7E70B9B834237DC1A4A0123E6
:10B2900031462846B84701303FF420AFDDE90B398D
:10B2A00059EA030302D12368D907D6D5DDE907237C
:10B2B00031462846B84701303FF410AF4FF0000A3E
:10B2C0000B9B5B42534501DC4B4697E7012304F19E
:10B2D0001A0231462846B84701303FF4FFAE0AF162
:10B2E000010AEDE7FFFFEF7FB80C0108B40C01087D
:10B2F000C00C0108BC0C0108C40C0108A36DDDF8EA
:10B3000030B05B45A8BF5B46002B049337DC4FF0A1
:10B31000000904F11A02049BD4F858A0002BACBF1A
:10B32000AAEB030353464B4531DC0B9B9B453ADCB0
:10B330002368DA0737D40B9BABEB0309ABEB0A03AB
:10B340009945A8BF9946B9F1000F34DC4FF00008C9
:10B350000B9BB9F1000FABEB0303A8BFA3EB0903F1
:10B3600043457FF77AAF012304F11A02314628469C
:10B37000B84701303FF4B2AE08F10108E8E7049B9A
:10B38000424631462846B8470130C0D1A6E60123DF
:10B39000314628460992B84701303FF49FAE099ADA
:10B3A00009F10109B7E7DDE9072331462846B84727
:10B3B0000130C0D192E64B4608EB0A0231462846DE
:10B3C000B8470130C2D189E6DDF830A0BAF1010FEB
:10B3D00001DCDB0735D50123424631462846B84714
:10B3E00001303FF47BAEDDE9072331462846B847FC
:10B3F00001303FF473AED4E91201002200230AF1B8
:10B40000FF3AF5F711FBC8B9534608F1010231467E
:10B410002846B84701300DD160E6012304F11A0235
:10B4200031462846B84701303FF458AE08F10108CC
:10B43000D045F2DB4B4604F15002E0E64FF0000845
:10B44000F6E701234246E2E7012304F119023146FF
:10B450002846B84701303FF441AE08F10108E368DF
:10B460000D995B1A4345EFDCFBE64FF00008F6E769
:10B470002DE9F047914698468A680B69089E9342E9
:10B48000B8BF1346C9F8003091F8432007460C4670
:10B4900012B10133C9F800302368990642BFD9F8C8
:10B4A00000300233C9F80030256815F0060507D1D1
:10B4B00004F1190AE368D9F800209B1AAB4229DC91
:10B4C00094F843302268003B18BF012392062ED423
:10B4D00004F1430241463846B047013021D0236889
:10B4E000A168226903F00603042B01BFE568D9F8BF
:10B4F0000030ED1A25EAE57518BF00258B1A2B449C
:10B500009142C8BF1D464FF000091A344D451AD16B
:10B51000002008E00123524641463846B04701303A
:10B5200003D14FF0FF30BDE8F0870135C2E7E118E5
:10B530005A1C302081F84300224494F8451082F8C8
:10B5400043100233C4E70123224641463846B04740
:10B550000130E6D009F10109D8E700002DE9F043F8
:10B5600098460B7E85B0782B174606460C9A0C46FB
:10B5700009D8622B01F1430108D8002B00F0DC80D0
:10B58000582B00F0BD8004F1420539E0A3F16300BF
:10B590001528F8D801A555F820F000BFF5B500082A
:10B5A00009B6000887B5000887B5000887B5000808
:10B5B00087B5000809B6000887B5000887B50008F8
:10B5C00087B5000887B5000819B7000835B6000828
:10B5D000C7B6000887B5000887B5000841B700085E
:10B5E00087B5000835B6000887B5000887B500089C
:10B5F000CFB600081368191D1B68116004F14205DD
:10B6000084F842300123A8E013682568181D1060F3
:10B61000280601D51B6803E06A06FBD5B3F90030A4
:10B62000002B03DA2D225B4284F84320DFF878C137
:10B630000A2213E02568106815F0800F50F8043BCB
:10B6400002D16D0648BF9BB21060227EDFF858C160
:10B650006F2A5DD10822002084F843006568A56048
:10B66000002D05DB20681D4320F00400206051D030
:10B670000D46B3FBF2F002FB103E9A421CF80EE0BE
:10B6800005F801ED0346F4D9082A0BD12368DA073F
:10B6900008D5236962689A42DEBF302305F8013C71
:10B6A00005F1FF35491B2161CDF800803B4603AA17
:10B6B00021463046FFF7DCFE013053D14FF0FF301A
:10B6C00005B0BDE8F083236843F020032360DFF872
:10B6D000DCC0782384F845302068156810F0800FAE
:10B6E00055F8043B03D110F0400F18BF9BB2156012
:10B6F000C50744BF40F02000206023B11022AAE714
:10B70000DFF8A4C0E6E7226822F020022260F5E715
:10B710000A22A0E70D46B7E71368D4F800C06069B5
:10B720001D1D15601CF0800F1B6801D0186003E020
:10B730001CF0400FFAD01880002323610D46B3E7B8
:10B740001368191D11601D68626800212846F4F70E
:10B75000EFFC08B1401B606063682361002384F83C
:10B760004330A1E723692A4639463046C0470130B5
:10B77000A4D023689B0714D4E068039B9842B8BF09
:10B7800018469DE7012304F1190239463046C047A7
:10B79000013093D00135E36803995B1AAB42F1DCC9
:10B7A000EAE70025F7E700BFC60C0108D70C01083F
:10B7B000002310B50446C0E90033C0E904338360B8
:10B7C00081814366C2818361194608225C3000F0A2
:10B7D000DAFF0D4B63620D4BA3620D4BE3620D4B21
:10B7E00023630D4B24629C4206D003F1680294420D
:10B7F00002D0D0339C4205D104F15800BDE810407E
:10B8000001F006B810BD00BF07E9000829E90008EB
:10B8100061E9000887E90008EC530020024A034967
:10B82000034800F009BF00BF0400002091EA0008AF
:10B830008001002041680C4B994210B5044601D0AC
:10B8400003F026F9A168094B994202D0204603F083
:10B850001FF9E168064B994204D02046BDE810402C
:10B8600003F016B910BD00BFEC5300205454002063
:10B87000BC54002010B50A4B0A4A1A600A4800223C
:10B880000421FFF795FF094801220921FFF790FFE6
:10B89000BDE81040064802221221FFF789BF00BF11
:10B8A000245500201DB80008EC53002054540020FB
:10B8B000BC540020014800F0ACBF00BF2955002057
:10B8C000014800F0A7BF00BF2955002010B504466D
:10B8D000FFF7F0FF236A1BB1BDE81040FFF7F0BF90
:10B8E000044B2362044B1B68002BF5D1FFF7C2FF0A
:10B8F000F2E700BF35B800082455002070B50446B3
:10B900000D4645EC104B164602F0C0FE51EC100BF4
:10B910007EB1C5F30A53C3F16B03002B09DD1B0590
:10B9200003F17F55002405F5401522462B46F4F718
:10B9300013FE41EC100B70BD2DE9F04F9FB00E4689
:10B940001792002204901A924FF000084FF000095D
:10B9500019910A782B2A0D4601F101011CD00AD851
:10B960000D2A05D8082AF3D872B100230B9382E080
:10B97000202AEDD0F9E72D2A10D10122691C199156
:10B980000B926A78002A37D1179B1996002B40F04A
:10B99000A88542464B462AE00022EFE700210B91A2
:10B9A000302A40F09D806A7802F0DF02582A5AD18E
:10B9B00002930B9B01931AAB0093874A04981BAB2D
:10B9C00019A901F009FE10F00F04064605D0062C57
:10B9D00014D10135002319950B93179B002B40F0D0
:10B9E00082850B9B002BD4D0424609F1004343ECE7
:10B9F000102B1FB0BDE8F08F0D46D1E71A9A3AB16F
:10BA000035211CA802F03BFF1A99049802F0F2FAC3
:10BA1000013C042C06D8DFE804F014031E211400B6
:10BA2000DDE91C89F10548BF49F0004929F00043D0
:10BA30001B0D1B05002BD0D100F0C0FE222303609C
:10BA4000CBE7DDE91C831B9A23F4801302F2334217
:10BA500043EA0259E6E7DFF88891E3E76FF000492F
:10BA60004FF0FF38DEE7013519952B78302BFAD0EF
:10BA7000002BB2D001234FF0000A07932846CDF8DF
:10BA800038A0D3460A230478A4F13002092A29D920
:10BA90005249012200F07FFE002836D000202246C5
:10BAA00006905C460146652A01D0452A16D124B984
:10BAB000079B03433FF468AF0024199E731C19933E
:10BAC00072782B2A7FD02D2A00F083804FF0000C53
:10BAD000A2F13003092B40F2898019960023ACE0D3
:10BAE0000023C8E7BBF1080FDCBF0E9A03FB02423C
:10BAF00000F10100D5BF303A03FB0A420E92A2F1D9
:10BB0000300A0BF1010B1990BDE7199B5A1C1992D1
:10BB10005A78BBF1000F3BD006905C46A2F130038F
:10BB2000092B11D90121BEE7199B5A1C19925A7889
:10BB30000130302AF8D0A2F13103082B00F2D8846A
:10BB40000690199D00200446303A00F1010319D0F7
:10BB50000699059419440691A4464FF00A0E0CF17B
:10BB60000107391B8B4215DC059920EAE07001447E
:10BB70000134082904441CDC0E990A2303FB012329
:10BB80000E930023199A511C199152781846C5E753
:10BB90005846CEE7BCF1080F05DC0E990EFB01F10B
:10BBA0000E91BC46DBE70AFB0EFC102FD8BFE24625
:10BBB000F7E70F29DCBF0A2303FB0A2AE1E700238A
:10BBC0000693012174E74FF0000CB31C1993B2786F
:10BBD0007EE74FF0010CF8E7D80E0108E80C0108E9
:10BBE0000000F07F199B5A1C19925A78302AF9D01C
:10BBF000A2F13103082B3FF671AFDDF864E0CDF818
:10BC000014E0A2F130030A93059B013319931A78CB
:10BC10000593A2F13007092F3BD9A3EB0E03082BA4
:10BC200044F61F633DDC0A9F9F42A8BF1F4605974D
:10BC3000BCF1000F02D0059B5B420593002C51D153
:10BC4000079B03437FF4C9AE00297FF49DAE692AA8
:10BC50002BD028DC492A28D04E2A7FF495AE9F4964
:10BC600019A801F0D7FE00283FF48EAE199B1B786F
:10BC7000282B31D19A491CAA19A801F0E0FE052809
:10BC80002AD11D9BDDF8708043F0FF4949F4E0099B
:10BC9000A3E60A9B0A2707FB0327A7F130020A92B3
:10BCA000B2E70593C4E76E2AD7E78E4919A801F0D9
:10BCB000B1FE00283FF468AE199B8B49013B19A8DF
:10BCC000199301F0A7FE10B9199B01331993DFF8FE
:10BCD00028924FF0000880E6844800F0B1FD59EC4E
:10BCE000108B7AE6DDE905320E989B1ABBF1000F46
:10BCF00008BFA346102C0A932646A8BF1026F4F7C7
:10BD0000B1FB092C8046894613DC0A9B002B3FF4CB
:10BD100064AE0A9B6FDD162B56DC754901EBC3013F
:10BD2000D1E9000142464B46F4F716FC80468946AD
:10BD300053E66F4B03EBC60353E91223F4F70CFCF5
:10BD4000804650468946F4F78DFB02460B46404636
:10BD50004946F4F74BFA0F2C80468946D5DD0A9BFD
:10BD6000A4EB060A9A44BAF1000F40F392802AF03D
:10BD70000F061AF00F0A4DD1B6F59A7F5ADC4946E4
:10BD8000DFF87091361140460027012E76D1A1F1DF
:10BD90005479584901EBC70102464B46D1E90001ED
:10BDA000F4F7DAFB544B0A460B4054498B42804669
:10BDB00040D8A1F580118B4286BFDFF844914FF047
:10BDC000FF3802F1547932E00A9AC4F12503934214
:10BDD000C5DB474DC4F10F0405EBC40142464B4699
:10BDE000D1E90001F4F7B8FB0A9B1C1B05EBC40565
:10BDF000D5E9002398E71633B1DBDDE905239A1A6C
:10BE00003B4B03EBC203D3E9002340464946F4F71A
:10BE1000CDFC8BE7364901EBCA0142464B46D1E9DE
:10BE20000001F4F799FB80468946002EA4D1002337
:10BE300007939BE0002405940E940694049ADFF87F
:10BE4000B890222313604FF000080E9B002B3FF4A4
:10BE5000C4AD1A99049802F0CDF80699049802F03E
:10BE6000C9F8DDE9040102F0C5F80E99049802F062
:10BE7000C1F80498214602F0BDF8AEE5F20703D5FB
:10BE8000D9E90023F4F768FB0137761009F10809B6
:10BE90007BE7CCD0CAF1000A4FEA2A161AF00F0A43
:10BEA0000DD11F2E2EDD002405940E940694049AC5
:10BEB00022234FF000084FF000091360C5E70C4B38
:10BEC00003EBCA0340464946D3E90023F4F76EFC6E
:10BED00080468946002EAAD0E3E700BFC10C0108C6
:10BEE000C40E0108B90C0108F50C0108C30E0108C5
:10BEF00050100108281001080000F07F0000A07C0D
:10BF0000FFFFEF7F16F0100318BF6A23754F0793EA
:10BF100040464946F30703D5D7E90023F4F71CFB55
:10BF2000761007F10807F5D1079B80468946ABB12B
:10BF3000C1F30A52C2F16B03002B0F460EDD1F2B1B
:10BF400055DD342BDEBF4FF0FF33C2F14B0293407F
:10BF5000B046CCBF4FF05C7903EA01090022002310
:10BF600040464946F4F760FD00289CD10E9B0093A3
:10BF7000049823465A46294602F0A4F80E90002859
:10BF80003FF458AFDDE905239B1A0A9A002AA8BF9F
:10BF900000231493002422EAE273169305940E9B67
:10BFA0000498596801F0E8FF069000283FF446AF76
:10BFB0000E9B1A69023203F10C0192000C3000F062
:10BFC0002FFC49EC108B04981CAA1BA9CDE90C8905
:10BFD00002F0CCFB1A9000283FF430AF0498012106
:10BFE00002F006F90590034640B9059326E74FF0A5
:10BFF000FF3202FA03F303EA0008AFE71B9D079A3A
:10C00000002DABBF149B169B169E149FACBFEF1860
:10C010005E1B1C9BAD1A1D44334A013D9542C3F182
:10C02000360354DA3149521B8D42A3EB02034FF021
:10C03000010140DB01FA02FA002507EB030B1E4465
:10C04000079B5F451E443B46A8BF5B46B342A8BF63
:10C050003346002BC2BFABEB030BF61AFF1A149B3F
:10C06000002B18DD1A46DDE9040102F08DF9059078
:10C0700003460028B9D001461A9A049802F0CEF877
:10C08000034600283FF4DAAE1A9904980F9301F0A2
:10C09000B1FF0F9B1A93BBF1000F1ADC0A9B002B18
:10C0A00026DD169A0699049802F06EF9069003466A
:10C0B000F0B90693C2E6C5F17F4505F57F0505F5A4
:10C0C0007B45E23501FA05F54FF0010AB5E7002599
:10C0D000FAE71A9904985A4602F0B2F91A90002821
:10C0E000DCD1ABE6F00E010802FCFFFFE3FBFFFF33
:10C0F000002E08DD06990498324602F0A1F9069058
:10C1000003460028D5D0002F08DDDDE904013A46BA
:10C1100002F096F9059000283FF490AE069A1A991D
:10C12000049802F01BFA044600283FF487AEC36867
:10C130000F9300230599C36002F0F4F900283CDA5C
:10C140000F9B53EA08035FD1C9F313034E46002B3C
:10C150005AD129F000431B0D1B05B3F1D66F53D9FB
:10C16000636913B92369012B4EDD2146012204982E
:10C1700002F066F90599044602F0D4F9002843DD7F
:10C18000AD4B079A3340002A5DD0B3F1D66F5AD831
:10C19000B3F15C7F7FF68BAEA84B40464946002248
:10C1A000F4F7DAF9A44B0B4080468946002B7FF464
:10C1B00050AE049A222313604BE64E4660D10F9A8C
:10C1C000C9F313034AB39E4A934229D1079B4146C0
:10C1D000F3B1994B09EA0303B3F1D46F4FF0FF3287
:10C1E00019D81B0DC3F16B0302FA03F3994217D15F
:10C1F000944B9E4202D101313FF420AE8E4B33402E
:10C2000003F580194FF00008079B002BC4D120E6EE
:10C210004FF0FF33EAE71346E8E753EA0803AFD0ED
:10C22000D5B13542F0D00F9B079A40464946B3B18D
:10C23000FFF764FBDDE90C0153EC102BF3F7D6FF9D
:10C2400080468946E0E7A3F580136FEA13596FEA49
:10C2500009594FF0FF38D7E71AEA080FE2E7FFF76E
:10C260004DFBDDE90C0153EC102BF3F7BDFF002271
:10C27000002380468946F4F7D7FB0028C4D016E691
:10C280000599204602F0CAFA5BEC10AB00224FF091
:10C29000804350465946F4F7DBFB002872D00F9BD1
:10C2A000002B7DD1B8F1000F58D1C9F31303002B37
:10C2B0005AD1654B002250465946F4F7BFFB00287F
:10C2C0005BD150465946614B0022F4F745F982464E
:10C2D0008B460BF10043CDF820A00993DDE908233C
:10C2E000554DCDE9102306EA05031593584B06EA90
:10C2F00005029A4240F0B080A6F1547949EC108BC7
:10C3000002F0C4F9DDE9082351EC100BF4F724F92D
:10C3100042464B46F3F76AFF4E4A0D40954280462F
:10C3200045D90D9A474B9A4203D10C9B01333FF4F8
:10C3300085ADDFF810914FF0FF381A99049801F09D
:10C3400059FE0699049801F055FEDDE9040101F05B
:10C3500051FE0498214601F04DFE20E6B8F1010F90
:10C3600002D1002E3FF4A3AD9FED2B7BDFF8D8B0B8
:10C370008DED087B4FF0000AB0E7DFF8D0B04FF04A
:10C38000000AA6E7314B504659460022F4F7E4F87C
:10C390000F9B82468B46002B9BD0CDE908AB9DE7D7
:10C3A0009FED1F7B8DED087B5BEC17AB96E701F1F2
:10C3B0005479079B002BC0D1159A29F000431B0D1F
:10C3C000B2EB035FB9D15046594603F005FAF4F7D2
:10C3D00095F802460B4650465946F3F705FF0F9A6B
:10C3E000C9F3130343EA0803134306460F4672D00A
:10C3F0000DA3D3E90023F4F721FB00287FF429AD36
:10C400000BA3D3E9002330463946F4F735FB002867
:10C4100093D01EE5AFF30080000000000000F0BFE5
:10C42000000000000000F03F9535A094FFFFDF3FC3
:10C4300035E5AF350000E03F0000F07F00005039E7
:10C44000FFFF0F00FFFFEF7F0000F03F0000E03F25
:10C450000000E07FFFFF9F7C079B33B3159BB3F188
:10C46000D46F22D828A3D3E9002350465946F4F7C5
:10C47000EFFAA0B159465046F4F746FB012838BF01
:10C480000120F3F7EFFF0F9B82468B4603BB01F1C0
:10C49000004312901393DDE91223CDE91023119B81
:10C4A000159A03F1D6639B1A11939DED0C0BDDE9F0
:10C4B000106702F0EBF8304653EC102B3946F4F7D6
:10C4C0004BF8DDE90C23F3F791FE8046894670E7CF
:10C4D000CDE912ABDFE70EA3D3E90023F4F7AEFA00
:10C4E00095E700230B93179A199B1360FFF779BA0E
:10C4F000652A3FF464AB452A3FF461AB0121FFF7A5
:10C500009FBB00BFAFF300800000C0FFFFFFDF4113
:10C510009535A094FFFFCF3F0A4601460248034BE2
:10C520000068FFF709BA00BF7C010020100000205E
:10C53000242B2DE9F047884601D8012B06D100F0C5
:10C540003DF9162303600020BDE8F087344E0D4608
:10C55000294615F8014B375D17F00807F8D12D2C47
:10C5600010D12C7801278D1C33F0100115D1302CFF
:10C570000DD1297801F0DF01582908D16C780235F6
:10C5800010230AE02B2C04BF2C788D1CECE7002B29
:10C59000F6D1302C14BF0A23082307F1004E0EF108
:10C5A000FF3E0021BEFBF3F90E4603FB19EAA4F19E
:10C5B000300CBCF1090F10D86446A3421EDDB1F166
:10C5C000FF3F07D0B14516D301D1A24513DB06FBCF
:10C5D0000346012115F8014BE9E7A4F1410CBCF138
:10C5E000190F01D8373CE8E7A4F1610CBCF1190F31
:10C5F00004D8573CE1E74FF0FF31EBE74B1C05D186
:10C6000022230360764632B930469DE707B1764271
:10C61000002AF9D009B105F1FF38C2F80080F3E72C
:10C62000190F010813460A46014602480068FFF741
:10C630007FBF00BF7C0100202DE9F843804689467A
:10C6400014460026D4E90175013F05D52468002C65
:10C65000F8D13046BDE8F883AB89012B07D9B5F98D
:10C660000E30013303D029464046C847064368359B
:10C67000EAE700000FB407B5064904AB086853F8B1
:10C68000042B8168019301F057FB03B05DF804EBC4
:10C6900004B070477C010020036A70B584680546C9
:10C6A0000E460BB9FFF712F9636EDB0705D4A389B9
:10C6B000980502D4A06D00F0ACF8A389190702D543
:10C6C0002369002B35D12146284602F047FA80B372
:10C6D0004FF0FF35636EDA0705D4A3899B0502D4BA
:10C6E000A06D00F097F8284670BD002B04DAA2690F
:10C6F000934217DB0A2915D023685A1C226019704F
:10C70000A36816F8011F013BA3600029EDD18B42FD
:10C7100011DA22460A21284602F0E2F90130D7D088
:10C720000A25D7E72246284602F0DAF90130E7D198
:10C73000CEE7013EE4E723685A1C22600A221A7001
:10C74000EEE70000024B01461868FFF7A5BF00BFE7
:10C750007C010020884210B501EB020402D984421A
:10C76000234607D8431EA14207D011F8012B03F836
:10C77000012FF8E70244824200D110BD13F8011DD9
:10C7800002F8011DF7E702440346934200D17047C7
:10C7900003F8011BF9E710B56AB101398418027872
:10C7A00011F8013F9A4204D10130A04201D0002A81
:10C7B000F5D1D01A10BD1046FCE70000014B1868F7
:10C7C000704700BF7C01002070B50D4B0D4C00265A
:10C7D0001D1BB6EBA50F09D103F034F80A4C0B4B27
:10C7E00000261D1BB6EBA50F05D170BD54F8043B08
:10C7F00098470136EDE754F8043B98470136F1E7D6
:10C800005811010858110108581101085C1101085C
:10C8100070477047704700000048704700010020D3
:10C820000A44914200F1FF3300D1704710B511F86E
:10C83000014B03F8014F9142F9D110BD00000000F7
:10C840009FED010B704700BF000000000000F87F63
:10C850002DE9F74F03690C69A34280467EDB013C5A
:10C8600001F11407A30000F11405009305EB840304
:10C87000019357F8243055F8242001339A4207EBEE
:10C880008409B2FBF3F62ED34FF0000ABC46AE4645
:10C89000D3465CF8043B98B206FB00A0020C1B0CCC
:10C8A00006FB0323DEF8002080B292B2121A5A442B
:10C8B000DEF800004FEA134A9BB2C3EB224303EBBE
:10C8C000104392B242EA0342E1454EF8042B4FEA8C
:10C8D000234BDED2009BEB582BB9019B1A1F9542CC
:10C8E00030D3C8F81040404601F01CFE002825DB7C
:10C8F00001362946002057F8042BD1F800C01FFA52
:10C9000082FE1FFA8CF3A3EB0E030344120CC2EB5E
:10C91000234202EB1C429BB243EA0243B94541F871
:10C92000043B4FEA2240E6D255F8242005EB84036D
:10C9300022B9043B9D420BD3C8F81040304603B0E7
:10C94000BDE8F08F1368002BCBD1043A013CC6E759
:10C950001A68002AF0D1043B013CEBE70020EEE727
:10C960002DE9F04F99B08DED0E0B0C92C269229C0F
:10C970000A9157EC106B8146139382B9102001F095
:10C98000FBF80246C9F81C0020B9A94BEF21A948C1
:10C9900002F01AFA0023C0E901330360C360116892
:10C9A00059B152684A60012393408B60484601F0B8
:10C9B00021FBD9F81C3000221A60B7F10008B5BF7E
:10C9C00001230023236023609B4BBCBF28F0004859
:10C9D000CDF83C8033EA08031AD1139AC8F3130840
:10C9E00042F20F7358EA0608136000F06185239B3A
:10C9F00053B9924B21E0924B00930833239A136072
:10CA0000009819B0BDE8F08F8C4B00930333F5E725
:10CA10009DED0E7B002251EC170B00238DED067B64
:10CA2000F4F702F8824650B1139A01231360239B56
:10CA300013B1239A834B1360834B0093E0E79DED82
:10CA4000060B16AA17A9484601F090FE5FEA185493
:10CA5000169D019079D0079BCDF850A0C3F3130326
:10CA6000DDE9060143F07F5343F44013A4F2FF34A1
:10CA700019460022754BF3F7B7FB67A3D3E90023F0
:10CA8000F3F76AFD66A3D3E90023F3F7AFFB06468D
:10CA900020460F46F3F7F6FC63A3D3E90023F3F730
:10CAA0005BFD02460B4630463946F3F79FFB0646D0
:10CAB0000F46F4F701F8002280460023304639463D
:10CAC000F3F7BCFF48B14046F3F7DCFC32463B4687
:10CAD000F3F7AAFF08B908F1FF38B8F1160F51D8DB
:10CAE0005B4B03EBC803D3E90023DDE90601F3F751
:10CAF000A5FF002848D008F1FF38002312932D1B12
:10CB00006B1E089343BF0023C5F10107089300275C
:10CB1000B8F1000F3ADB089BCDF83480434408930A
:10CB2000002309930A9B092B62D8052BC4BF043B41
:10CB30000A930A9BA3F10203CCBF00240124032B18
:10CB400062D8DFE803F05153362B179C2C4404F2D3
:10CB50003243202BC1BFC3F1400308FA03F804F2AB
:10CB6000124326FA03F3D6BFC3F1200348EA0300B9
:10CB700006FA03F0F3F776FC0122A1F1F873013C09
:10CB8000149275E70123B9E71290B8E7C8F10003E2
:10CB900009930023A7EB08070D93C3E701230B9329
:10CBA0000C9B434405930133012B0493B8BF01232D
:10CBB00006E001230B930C9B002B28DDCDE9043309
:10CBC000D9F81C000021042202F114059D4243D92A
:10CBD0004160484601F0D0F9009000283FD11D4B3C
:10CBE000024640F2AF11D2E60023E3E70023D6E786
:10CBF00001240023CDE90A344FF0FF330022CDE9B0
:10CC000004330C921223DBE701230B93F4E7012397
:10CC1000CDE904330C93D3E761436F63A787D23F19
:10CC2000B3C8608B288AC63FFB799F501344D33F1B
:10CC3000FF0C0108160D01080000F07FFB0C010835
:10CC4000F20C0108C50C0108C40C01080000F83FF3
:10CC500050100108830D010801315200B4E7D9F8E2
:10CC60001C30009A1A60049B0E2B75D8002C73D0D0
:10CC7000B8F1000F40F3C4809F4B08F00F0203EBA4
:10CC8000C20318F4807FD3E900AB4FEA281500F007
:10CC9000A3809A4BDDE90601D3E90823F3F786FD6B
:10CCA000CDE9020105F00F050324944E002D40F05C
:10CCB000998052465B46DDE90201F3F777FD824633
:10CCC0008B46129B002B00F0C3808D4B00225046F8
:10CCD0005946F3F7B3FE002800F0BA80049B002BFE
:10CCE00000F0B680059B002B36DD08F1FF33029380
:10CCF00050465946834B0022F3F72EFC059E824690
:10CD00008B4601342046F3F7BDFB52465B46F3F7F2
:10CD100023FC7D4B0022F3F769FA0446A1F150751C
:10CD2000CDE91045002E40F09780784B0022504608
:10CD30005946F3F759FA22462B4682468B46F3F7BB
:10CD40009BFE002840F0BD82224605F1004350467C
:10CD50005946F3F773FE20BB179B002BC0F28D8161
:10CD6000B8F10E0F00F38981634B03EBC803D3E9DD
:10CD700000AB0C9B002B80F21B81049B002B00F36B
:10CD800017810ED1614B002250465946F3F7E4FB60
:10CD900002460B46DDE90601F3F75AFE002800F0D3
:10CDA000938200252C460C9B009EDB430293274672
:10CDB00000242946484601F01DF9002F00F0EE80BE
:10CDC0002CB1BC4203D02146484601F013F9394644
:10CDD000484601F00FF9E1E09DED067B02248DED60
:10CDE000027B62E7E90708D550465946D6E9002399
:10CDF000F3F7B2FB013482468B466D10083655E7D7
:10CE000022D0C8F100053C4B3C4E05F00F0203EB6D
:10CE1000C203D3E90023DDE90601F3F79DFB2D11E1
:10CE200082468B460224002D3FF44BAFEA0708D51B
:10CE300050465946D6E90023F3F78EFB013482466B
:10CE40008B466D100836EEE7DDE906AB022438E7C5
:10CE5000049ECDF8088055E7274B03EBC60353E942
:10CE600002010B9B002B55D002460B46002028499F
:10CE7000F3F79CFCDDE91023F3F7B6F9009BCDE94D
:10CE800010019D191E4659465046F3F715FE00F154
:10CE90003004F3F7F7FA02460B4650465946F3F7CB
:10CEA000A3F9DDE9102306F8014B82468B46F3F720
:10CEB000C5FD002872D152465B4611490020F3F7A8
:10CEC00093F9DDE91023F3F7B9FD002840F0B680AF
:10CED000AE423FF441AFDDE910010A4B0022F3F707
:10CEE0003BFB084BCDE91001002250465946F3F7B1
:10CEF00033FB82468B46C6E7501001082810010814
:10CF00000000F03F0000244000001C4000001440DE
:10CF10000000E03FDDE91023F3F71EFB009B009CBF
:10CF2000CDE910013344159359465046F3F7C4FD3B
:10CF300000F13005F3F7A6FA0B4602465946504673
:10CF4000F3F752F904F8015B159B9C4282468B462D
:10CF500027D1009B0022DDE910011E44AA4BF3F704
:10CF600045F902460B4650465946F3F785FD002821
:10CF700064D1DDE91023A4490020F3F735F9024616
:10CF80000B4650465946F3F759FD00283FF4E4AEEE
:10CF9000334616F8012D302AFAD01E46DDF80880F7
:10CFA0003AE09A4B0022F3F7D7FA82468B46BBE76A
:10CFB000009E52465B46DDE90601F3F7F7FBF3F707
:10CFC0007BFD0746F3F75EFA52465B46F3F7C4FA79
:10CFD00002460B46DDE90601F3F706F907F1300CCE
:10CFE000009C06F801CBA6EB040C049C64450246A9
:10CFF0000B4633D1F3F7FAF852465B4604460D462A
:10D00000F3F73AFDC0B952465B4620462946F3F78E
:10D010000BFD08B1FB070FD40199484600F0EAFF69
:10D020000023139A337008F101031360239B002B34
:10D030003FF4E6AC1E60E3E4CDF8088033461E46BC
:10D0400013F8012D392A06D1009A9A42F7D1029A93
:10D0500001320292302201321A709FE76B4B00229C
:10D06000F3F77AFA02460B46CDE9062300220023A5
:10D07000F3F7DAFC00289CD0CEE70B9A002A00F0E8
:10D08000DF800A9A012A00F3C380149A002A00F074
:10D09000B78003F23343099D3E46089A01211A44A2
:10D0A00048461F44089201F0A3F8044656B1089B75
:10D0B000002B07DDB342089AA8BF3346FF1AF61AC1
:10D0C000D31A0893099B0BB30B9B002B00F0BF8076
:10D0D000002D00F0B98021462A46484601F054F957
:10D0E000019A01460446484601F098F801998246A3
:10D0F000484600F07FFF099B5B1B099300F0AA8064
:10D10000099A5146484601F03FF9019001214846ED
:10D1100001F06EF80D9B0546002B00F0D0811A46F9
:10D120000146484601F030F90A9B012B054600F301
:10D1300099800E9B002B40F090800F9BC3F313034C
:10D14000002B40F08A800F9B23F000431B0D1B0532
:10D15000002B00F08580089B0133013708934FF0C6
:10D16000010A0D9B002B00F0B0812B6905EB8303B6
:10D17000186900F0F1FFC0F12000089B184410F07E
:10D180001F0076D01B2870DCC0F11C000744064449
:10D1900003440893002F05DD01993A46484601F003
:10D1A0004FF90190089B002B05DD29461A46484699
:10D1B00001F046F90546129B002B5FD001982946E5
:10D1C00001F0B0F9002859DA08F1FF330293019910
:10D1D00000230A22484600F02FFF0B9B0190002BF2
:10D1E00000F07581002321460A22484600F024FF02
:10D1F000059B002B044671DC0A9B022B47DC6DE08B
:10D20000169BC3F1360346E70000E03F00002440D0
:10D21000049B5D1E099BAB4208DB5D1B049B002B3E
:10D22000BFF63AAF049BFE1A002336E7099B0D9A1E
:10D230000995EB1A1A440D92049B3E4600252CE7F3
:10D24000099D0B9C3E4631E7DDF804A058E7099A9A
:10D25000019957E7CDF804A058E74FF0000A80E79E
:10D260009A467EE74FF0000A7FE71C2892D0C0F173
:10D2700020001C30089B0744064489E7049BCDF836
:10D280000880002B24DC05930A9B022B22DD059BE2
:10D29000002B7FF488AD2946059B0522484600F007
:10D2A000CBFE01460546019801F03CF900287FF7C6
:10D2B0007AAD009E312306F8013B029B01330293B5
:10D2C00075E535462C46F4E7049DCDF80880F9E76E
:10D2D000049B05930B9B002B00F0FD80002E05DDC9
:10D2E00021463246484601F0ABF80446BAF1000F39
:10D2F00058D06168484600F03FFE064628B9814B89
:10D30000024640F2EF21FFF742BB2269023292004F
:10D3100004F10C010C30FFF783FA01223146484634
:10D3200001F08EF80746009B009A03F10108059B67
:10D33000134406930E9B03F00103089329460198BA
:10D34000FFF786FA2146049000F1300B019801F0B6
:10D35000E9F83A4605902946484601F0FFF8C268C8
:10D3600008F1FF3A0646FAB90146019801F0DAF8E9
:10D37000024631464846099200F03CFEDDE90923A9
:10D3800042EA0301089B194346460FD1BBF1390F0E
:10D3900028D0059B002B02DD049B03F1310B8AF89A
:10D3A00000B006E52746BEE70122E2E7059B002B19
:10D3B00004DB0A990B4308990B4320D1002AEEDDC8
:10D3C00001990122484601F03BF82946019001F0FD
:10D3D000A9F8002803DCE2D11BF0010FDFD0BBF17C
:10D3E000390FD9D139238AF8003033461E46013B24
:10D3F00016F8012C392A52D001321A70D9E4002AC9
:10D4000007DDBBF1390FEDD00BF101038AF80030D5
:10D41000CFE4069B08F801BC43452AD001990023BC
:10D420000A22484600F008FEBC4201904FF000037B
:10D430004FF00A022146484606D100F0FDFD0446A1
:10D44000074608F1010879E700F0F6FD3946044681
:10D4500000230A22484600F0EFFD0746F1E7059B4E
:10D460005E1E002B009BD8BF00265A1C2746164480
:10D47000002401990122484600F0E2FF294601906C
:10D4800001F050F80028B0DC02D11BF0010FACD144
:10D4900033461E4613F8012D302AFAD089E4009A4B
:10D4A0009A42A3D1029B013302933123137080E48B
:10D4B000239B002B7FF49FAA134BFFF7BEBA0A9B56
:10D4C000012B7FF736AEDDF834A0012055E6059B31
:10D4D000002B7FF7D9AE009E01982946FFF7B8F9D7
:10D4E00000F1300B009B06F801BBF21A059B93423A
:10D4F000B5DD019900230A22484600F09DFD019008
:10D50000EAE700BF830D0108F20C01080369B3EBE1
:10D51000611F2DE9F0434FEA611200F1140443DD6D
:10D5200011F01F0104EB830C04EB82050CD100F118
:10D5300010062946614532D39B1A9B00033DAC453A
:10D5400038BF0023234414E054F82260C1F12008BE
:10D55000CE4005F1040EA146F44515D89A1A920062
:10D56000043A0135AC4538BF0022A318A65006B1D5
:10D5700004331A1BA3424FEAA20208BF0023026130
:10D5800008BF4361BDE8F083DEF8007007FA08F7D2
:10D59000374349F8047B5EF8046BCE40DCE751F872
:10D5A000047B46F8047FC5E72346E2E7A0F1300399
:10D5B000092B02D82038C0B27047A0F16103052BB7
:10D5C00001D84738F7E7A0F14103052B01D82738E8
:10D5D000F1E70020704700002DE9F04F85B00F46BD
:10D5E00002930B68019091469C1C20783028A0463D
:10D5F00004F10104F9D0A8EB0303A3F1020BFFF738
:10D60000D5FF8246002838D19F4901224046FFF7C6
:10D61000C2F80546002863D198F801002646FFF7B6
:10D62000C5FF00285ED020783028A04604F1010410
:10D63000F9D0FFF7BBFFB0FA80F4640935464FF02C
:10D64000010BC24656460AF1010A3078FFF7AEFFD9
:10D650000028F7D18C4901223046FFF79CF878B9B1
:10D6600045B9554656460AF1010A3078FFF79EFF44
:10D670000028F7D1AD1BAD0004E000242546E0E70B
:10D68000002DF7D1337803F0DF03502B37D17378B7
:10D690002B2B29D02D2B2BD0711C4FF0000A087892
:10D6A000FFF784FF431EDBB2182B28D8A0F110022D
:10D6B00011F8010FFFF77AFF431EDBB2182B1AD9BE
:10D6C000BAF1000F00D0524215443960CCB1BBF121
:10D6D000000F0CBF06270027384605B0BDE8F08FC5
:10D6E000464655460124CDE74FF0000AB11CD6E767
:10D6F0004FF0010AFAE70A2303FB0200D6E731469E
:10D70000E3E7A6EB0803013B2146072B0ADC01985F
:10D7100000F032FC044640B95C4B0246E4215C4810
:10D7200001F052FB01315B10EFE700F1140A002316
:10D7300057469B46B04537D347F804BBA7EB0A07CB
:10D74000BB102361584600F007FDD9F80060C0EB1C
:10D75000C707B74254DDBF1B3946204601F0B2F877
:10D76000804678B17B1E591103F01F025AF8211030
:10D770004FF0010808FA02F20A4203D0434536DCB2
:10D780004FF0020839462046FFF7C0FE3D44D9F865
:10D790000830AB4242DA0198214600F02BFC0E9A89
:10D7A00000231360A32797E716F8012D2E2A12D025
:10D7B000202B04D147F804BB4FF0000B5B463078B8
:10D7C0000393FFF7F3FE039B00F00F0098404BEA32
:10D7D000000B0433AEE7B045EAD82B49039301228E
:10D7E0003046FEF7D8FF039B0028E1D1A2E7B91E1F
:10D7F000204601F067F80028C2D04FF00308C1E7C7
:10D8000009DAF71B214601983A4600F019FEED1B94
:10D81000044600F1140A4FF00008B8E7D9F80430C4
:10D82000AB426FDD5D1BAE4234DCD9F80C30022B0D
:10D8300022D0032B24D0012B15D1AE4213D1012EBF
:10D840000BD1029AD9F80430136001232361CAF87E
:10D8500000300E9B62271C603EE7711E204601F0DF
:10D8600031F80028EDD10198214600F0C3FB0E9A53
:10D870000023136050272FE70F9B002BF3D1E0E725
:10D880000F9B002BDDD1EEE7E80C0108830D0108AA
:10D89000940D01086F1EB8F1000F30D127B1394641
:10D8A000204601F00FF880467A1101235AF8222011
:10D8B00007F01F07BB4013422946204618BF48F017
:10D8C0000208761BFFF722FED9F804500227B8F1B0
:10D8D000000F42D0D9F80C30022B15D0032B17D0F3
:10D8E000012B09D118F0020F06D0DAF8003048EA0F
:10D8F000030818F0010F0ED147F010072DE04FF08C
:10D900000108D1E70127E2E70F9BC3F101030F9361
:10D910000F9B002BF0D0D4F810A004F1140303EBFC
:10D920008A0100201A68B2F1FF3F1BD001321A6051
:10D93000022F04F114033CD1D9F80020013AB2427D
:10D9400009D17111012253F8213006F01F0602FAA5
:10D9500006F61E423AD147F020070E9B1C60029B40
:10D960001D60B9E643F8040B9942DBD8A3689A45D9
:10D9700017DB61680198013100F0FEFA804618B9A2
:10D980001A4B02468421CAE62269023204F10C01D4
:10D9900092000C30FEF744FF2146019800F02AFB6C
:10D9A000444623695A1C04EB8303226101225A6115
:10D9B000BEE7226952450BDD01212046FFF7A6FD97
:10D9C000D9F808300135AB42FFF6E5AE0127C2E7D2
:10D9D00016F01F06FAD003EB8A03C6F1200653F8AF
:10D9E000040C00F0B9FBB042E6DBEFE7830D010861
:10D9F000C2F10802920070B5C2F1200643680468C3
:10DA000003FA06F52C43D340046040F8043F8842F3
:10DA1000F4D370BD30B503680139013311F8014FFB
:10DA200014B90360012030BD13F8012BA2F14105A8
:10DA3000192D98BF2032A242F0D00020F3E72DE943
:10DA4000F04F0B6887B05E11029013F01F0302EBDA
:10DA500086060193029B18BF04360025371F1968FC
:10DA600046F8045C9046B9463C46AB46AA464A781E
:10DA70004B1C039332B3104605910492FFF796FDB9
:10DA8000002851D1049A0599202A16D8DA4512DDCA
:10DA90004C4506D2072D04DC2A4649462046FFF7AE
:10DAA000A7FF444553D90023A4F1040944F8043CDA
:10DAB000D3464C461D460399D9E7292A59D1029BE2
:10DAC00002311960BAF1000F53D04C4506D2072D30
:10DAD00004DC2A4649462046FFF78AFF444538D9E8
:10DAE000A8F10402234653F8041B42F8041F9F4286
:10DAF000F9D23B1B23F003030134033EB44288BF39
:10DB0000002308F10402134400211A4604339F4203
:10DB10001160FAD23B681BB9474528D101233B600D
:10DB2000052007B0BDE8F08F0135082D0AF1010A84
:10DB300006DD4445BFD9002344F8043C0125043CDC
:10DB4000226800F00F0040EA02102060B3E70825C9
:10DB5000B1E7019B002BDDD0C3F120034FF0FF3272
:10DB6000DA4056F8043C134046F8043CD2E7043F40
:10DB7000D0E70420D5E70000024B0146186800F00A
:10DB800025B800BF7C01002070B50F4C0E462168FF
:10DB9000054611B901F0D4F820603146284601F05D
:10DBA000CFF8431C03D14FF0FF34204670BDC41C96
:10DBB00024F00304A042F8D0211A284601F0C0F84E
:10DBC0000130F2D1EFE700BF2C5500202DE9F843DA
:10DBD000CD1C25F0030508350C2D38BF0C25002D74
:10DBE000064601DBA94204D90C2333600020BDE8BE
:10DBF000F883334F00F0B4F93B681C463CBB294620
:10DC00003046FFF7C1FF431C044656D13C68A0468E
:10DC1000B8F1000F40D1002C49D02368414630466E
:10DC200004EB030901F08CF8814540D121686D1A9D
:10DC300029463046FFF7A8FF013038D023682B442F
:10DC400023603B685A685ABBC7F800800EE0226820
:10DC5000521B1ED40B2A16D96119A342256018BF86
:10DC60005960636808BF396062514B60304600F00C
:10DC70007DF904F10B00231D20F00700C21A1CBF20
:10DC80001B1AA350B3E76268A3420CBF3A605A6004
:10DC9000ECE723466468B1E74446D8F80480B7E768
:10DCA0001A465B68A342FBD100235360DEE70C23D6
:10DCB0003360304600F05AF998E70560D6E700BFB8
:10DCC0003055002082B001B901A942B14BB113789F
:10DCD0000B601278101E18BF012002B0704710466A
:10DCE000FBE76FF00100F8E79368013B002B10B4ED
:10DCF000936007DA9469A34201DB0A2902D110BCC0
:10DD000000F0EEBE1368581C10601970084610BC75
:10DD10007047F8B506460F461446D518AC4201D1F7
:10DD2000002007E014F8011B3A463046FFF7DCFFFD
:10DD3000431CF3D1F8BD00002DE9F04706469CB026
:10DD40000D4614461F4618B1036A0BB9FDF7BEFD18
:10DD50006B6ED90705D4AB899A0502D4A86DFEF77E
:10DD600058FDAB891B0701D52B699BB92946304665
:10DD700000F0F4FE70B16B6EDE0704D54FF0FF309B
:10DD80001CB0BDE8F087AB899C05F7D4A86DFEF701
:10DD900041FDF3E70023099320238DF829300397F1
:10DDA00030236A4F8DF82A304FF0010823461A7845
:10DDB00099461AB1252A03F10103F8D1B9EB040AF7
:10DDC0000BD05346224629463046FFF7A2FF0130CA
:10DDD00000F0A380099A5244099299F80030002B70
:10DDE00000F09B8000224FF0FF33CDE9053209F1AE
:10DDF0000109049207928DF853201A924C4605228D
:10DE000014F8011B5148F2F793F9049AD0B9D006DF
:10DE100044BF20238DF85330110744BF2B238DF8C6
:10DE2000533099F800302A2B13D007994B46002025
:10DE30004FF00A0C1A78303A092A1C464AD9A8B180
:10DE4000079113E0C01B08FA00F010430490A146AC
:10DE5000D4E7039B191D1B680391002BBBBF5B42DA
:10DE600042F0020207930793B8BF049223782E2B47
:10DE70000AD163782A2B32D1039B1A1D1B680392A7
:10DE800043EAE37302340593DFF8D090217803224C
:10DE90004846F2F74DF938B1049BA0EB0900402247
:10DEA0008240134301340493217829488DF82810C7
:10DEB0000622F2F73DF900283ED0264818BB039B06
:10DEC000073323F0070308330393099B034401340A
:10DED00009936BE701330CFB01210120AAE7002322
:10DEE0000593611C18464FF00A0C0A78303A092A4B
:10DEF0000C4603D9002BC7D00590C5E701310CFBB8
:10DF000000200123F1E703AB00932A46124B04A93A
:10DF10003046FDF789F8431CD7D16B6ED90705D47D
:10DF2000AB899A0502D4A86DFEF774FCAB895B0639
:10DF30003FF524AF099823E703AB00932A46064B2D
:10DF400004A93046FDF70AFBE5E700BF090E01080A
:10DF5000130E010829B0000813DD00080F0E010898
:10DF60000148FEF756BC00BF285500200148FEF7C7
:10DF700051BC00BF2855002070B5C46905460E4647
:10DF800084B91020FFF7F8FD0446E86128B902467D
:10DF9000164B17486B2100F017FF0023C0E901332F
:10DFA0000360C360E36853B921220421284600F0CE
:10DFB00029FFEB69E060DB680BB9002070BD53F806
:10DFC000260030B1026843F826200023C0E903335D
:10DFD000F4E7012101FA06F4621D9200284600F0E0
:10DFE00011FF0028E9D0C0E90164EEE7FF0C010849
:10DFF0001A0E010870B5C46906460D4674B91020A2
:10E00000FFF7BAFD0246F06120B9094B09488F219C
:10E0100000F0DAFEC0E901440460C4603DB1F36978
:10E020006A68DB6853F82210296043F8225070BDFB
:10E03000FF0C01081A0E01082DE9F0410D69074691
:10E040000C461E4601F1140C0020DCF8003099B299
:10E0500002FB01611E0C0B0C02FB063389B201307E
:10E0600001EB034185424CF8041B4FEA1346ECDCFC
:10E070000EB3A368AB4219DC616838460131FFF783
:10E080007BFF804628B902460C4B0D48BA2100F0B0
:10E090009BFE2269023204F10C0192000C30FEF763
:10E0A000BFFB21463846FFF7A5FF444604EB850336
:10E0B00001355E6125612046BDE8F081830D0108D0
:10E0C0001A0E01082DE9F843884614461F46092216
:10E0D0000833064693FBF2F3002101229A4209DB42
:10E0E0003046FFF749FF40B90246194B1948D32182
:10E0F00000F06AFE52000131F0E7089B4361092CF1
:10E100004FF00103036108DC08F10A050924641BD0
:10E110002B199F4212DCBDE8F88308F10905A946D6
:10E12000A04419F8013B0146303B0A223046FFF774
:10E1300083FFC145F5D12544083DE8E715F8013BCB
:10E140000146303B0A223046FFF776FFE0E700BF8A
:10E15000830D01081A0E0108B0F5803F034636BF53
:10E16000030400201020B3F1807F3CBF1B02083065
:10E17000B3F1805F3CBF1B010430B3F1804F3CBF63
:10E180009B000230002B04DB5B0001D5013070479F
:10E1900020207047036813F0070201460BD0DA070E
:10E1A00022D4980749BF5B089B0801200B605CBF25
:10E1B0000B600220704798B2A0B91B0C1020DAB295
:10E1C0000AB908301B0A1A0704BF1B0904309A0752
:10E1D00004BF9B080230DA0702D45B0806D0013086
:10E1E0000B6070471046EAE7002070472020704718
:10E1F00010B50C460121FFF7BFFE024628B9054BBA
:10E20000054840F2451100F0DFFD01234461036140
:10E2100010BD00BF830D01081A0E01082DE9F04F53
:10E22000D1F81080D2F81090C84585B00E4614463B
:10E2300004DB4B460C46C14616469846A368616807
:10E2400009EB0807BB42B8BF0131FFF795FE30B9B3
:10E2500002464B4B4B484FF4B17100F0B5FD00F155
:10E26000140505EB870B2B4600225B4522D306F1F4
:10E27000140101EB880304F1140C0CEB890C0293DC
:10E2800004F1150363458CBF002301230093ACEB1D
:10E290000403153B9B080193029B03918B420CD80E
:10E2A000002F03DD5BF8043D002B67D0076105B04C
:10E2B000BDE8F08F43F8042BD7E7B1F800A0BAF11E
:10E2C000000F28D004F11408A9464FF0000E58F8AA
:10E2D000042BD9F8003096B29BB20AFB0633D9F86A
:10E2E0000060120C360C73440AFB026606EB134600
:10E2F0009BB243EA0643C44549F8043B4FEA164E35
:10E30000E5D8009A019B002A4FEA830308BF002347
:10E310002B44C3F804E0039BB3F802E00431BEF1E0
:10E32000000F29D02B6804F114069846A9464FF037
:10E33000000A32880EFB02A202EB18429BB243EAAB
:10E34000024349F8043B56F8043BD9F800804FEAF1
:10E35000134A1FFA88F30EFB0A3303EB1243B4454A
:10E360004FEA134AE5D8009E019A002E4FEA820236
:10E3700008BF00222A44536004358DE7013F8FE730
:10E38000830D01081A0E01082DE9F843174612F013
:10E39000030280460D4607D0264C013A002354F86C
:10E3A0002220FFF749FE0546BF103FD0D8F81C4099
:10E3B00094B91020FFF7E0FB0446C8F81C0030B900
:10E3C00002461D4B1D4840F2B31100F0FDFC002336
:10E3D000C0E901330360C360A66846B940F2712109
:10E3E0004046FFF705FF0023A060064603602C4669
:10E3F0004FF0000907F001037F1053B12946324660
:10E400004046FFF70BFF214605464046FFF7F2FD69
:10E4100067B1306838B9324631464046FFF7FEFEF4
:10E420003060C0F8009006462C46E3E72846BDE879
:10E43000F88300BF1C100108FF0C01081A0E010828
:10E440002DE9F84F0C4649682669A36806EB621669
:10E45000074691464FEA621A06F1010843450BDB75
:10E460003846FFF789FD054648B902462B4B2C4834
:10E470004FF4EF7100F0A8FC01315B00EEE700F112
:10E48000140100230A461846534539DB20692AEA5D
:10E49000EA7A01EB8A0104F1140319F01F098C4692
:10E4A00003EB800030D0C9F1200A4FF0000E1A684B
:10E4B000E34602FA09F242EA0E02CBF8002053F8D2
:10E4C000042B98420CF1040C22FA0AFEEFD8031B2D
:10E4D000153B23F0030304F11502904238BF0023DB
:10E4E0001944C1F804E0BEF1000F00D1B04638462F
:10E4F000C5F810802146FFF77DFD2846BDE8F88F5E
:10E5000042F8040B0133BFE753F8041BCCF80010AA
:10E5100098420CF1040CF7D8E8E700BF830D01081E
:10E520001A0E010803690A699B1A30B50ED114301E
:10E53000143100EB820401EB820154F8045D51F8C0
:10E54000042D954204D006D24FF0FF33184630BD5B
:10E55000A042F2D3FAE70123F8E700002DE9F74FD4
:10E560008A460646114650461446FFF7DBFF051E55
:10E5700012D129463046FFF7FFFC024628B9414B2D
:10E5800040F23721404800F01FFC0123C0E9043568
:10E59000104603B0BDE8F08FBCBF5346A2463046DC
:10E5A000DAF80410BABF1C4601250025FFF7E4FC89
:10E5B000024618B9334B40F24521E3E7DAF8107010
:10E5C0002669C5600AF1140904F1140E00F114055E
:10E5D0000AF1100309EB87080EEB86060193AB46A0
:10E5E0004FF0000C019B5EF8040B53F804AF01934D
:10E5F0001FFA8AF183B2CB1A000C6344C0EB1A40B5
:10E6000000EB23409BB243EA004376454BF8043BC2
:10E610004FEA204CE6D8331B153B153423F0030397
:10E62000A64238BF0023E8184B441C1D0430264680
:10E63000A5EB090546450ED308F10301091B21F09E
:10E6400003010133984538BF0021014451F8043DCE
:10E65000ABB117619CE706EB050E56F8041BE246CA
:10E660004FEA11491CFA81FC514409EB2C4989B24B
:10E6700041EA09414FEA294CCEF80010DAE7013FA0
:10E68000E4E700BF830D01081A0E010882B08DED8A
:10E69000000B019A0F4B1340A3F15073002B08DCC1
:10E6A0005B42B3F1A07F4FEA235204DA4FF4002318
:10E6B0001341002208E0A2F114031E2BDABF4FF031
:10E6C0000042DA40012200231946104641EC100BAB
:10E6D00002B070470000F07FF8B5056900F114063C
:10E6E00006EB85052F1F55F8044C2046FFF734FD37
:10E6F000C0F120030A280B6016DCC0F10B0C24FAD1
:10E700000CF1BE4241F07F5334BF55F8081C002184
:10E71000153004FA00F021FA0CF143F440130143E0
:10E720000A4643EC102BF8BDBE423ABF55F8081C10
:10E73000A5F1080700210B3812D0C0F1200521FAFD
:10E7400005F384401C43B74244F07F538CBF57F815
:10E75000044C00248140EC4043F440132143DFE7A4
:10E7600044F07F5343F44013DAE700002DE9F74308
:10E770000F46012159EC108B1646FFF7FDFB0546AD
:10E7800030B90246234B244840F20F3100F01CFB05
:10E79000C9F30A54C9F313030CB143F48013019372
:10E7A000B8F1000323D068460093FFF7F3FC00990B
:10E7B000D8B1019AC0F1200302FA03F30B43C2401F
:10E7C0006B610192019BAB61002B0CBF0122022205
:10E7D0002A61A4B1A4F2334404443C60C0F1350082
:10E7E0003060284603B0BDE8F0836961EAE701A81C
:10E7F000FFF7D0FC019B6B6120300122E8E705EBBD
:10E800008203A0F2324038601869FFF7A5FCC0EB24
:10E810004210E5E7830D01081A0E0108F7B50E4610
:10E8200069460746FFF758FF01A9304655EC104BE3
:10E83000B0EE407AF0EE607AFFF74EFF33693A6946
:10E84000D21ADDE900369B1B03EB4213002BD4BF29
:10E8500010EE902A17EE902A51EC100BD6BFC3EBA6
:10E86000033302EB035502EB03510B4602462946E4
:10E870002046F1F79BFF41EC100B03B0F0BD0139CE
:10E8800070B549111469013102F1140300EB8101E3
:10E8900003EB8404051FA3420CD3A31A113B23F0FE
:10E8A00003031132944238BF0023184400238842E6
:10E8B00005D370BD53F8046B45F8046FEBE740F8DF
:10E8C000043BF4E700F1140200694B11984210B5C3
:10E8D00011DB0ADD11F01F0107D052F8234024FAA2
:10E8E00001F000FA01F18C420BD102EB8303934259
:10E8F00003D8002010BD0346F7E753F8041D002994
:10E90000F5D00120F6E710B50C46B1F90E1000F075
:10E9100005FA0028ABBF636DA3891B1823F480534D
:10E92000ACBF6365A38110BD2DE9F0411F468B8903
:10E93000DB0505460C46164605D5B1F90E10022337
:10E94000002200F0D9F9A389B4F90E1023F4805302
:10E95000A38132463B462846BDE8F04100F000BAAC
:10E9600010B50C46B1F90E1000F0C6F9B4F90C3030
:10E97000421C0BBF23F4805343F48053A381A38133
:10E9800018BF606510BDB1F90E1000F0FBB90000B2
:10E99000B1F90C202DE9F041160705460C4651D47B
:10E9A0004B68002B02DC0B6C002B49DDE66A002E65
:10E9B00046D0002312F480522F682B6031D0626D54
:10E9C000A389590705D56368D21A636B0BB1236C11
:10E9D000D21A0023E66A216A2846B047421CB4F9DD
:10E9E0000C3006D129681D2945D8284ACA40D607C7
:10E9F00041D500226260D9042269226004D5421CFC
:10EA000001D12B6803B96065616B2F60C1B104F15E
:10EA10004403994202D0284600F008FA00236363B9
:10EA20000EE0216A01232846B0470246501CC7D198
:10EA30002B68002BC4D01D2B01D0162B1AD12F60B0
:10EA400000201DE00F69002FFAD093070E6808BF61
:10EA50004B690F6018BF0023A6EB07088B60B8F165
:10EA6000000FEDDD216AA66A43463A462846B047C4
:10EA7000002807DCA38943F04003A3814FF0FF3057
:10EA8000BDE8F0810744A8EB0008E8E7010040205A
:10EA900038B50B6905460C4613B91D46284638BDE6
:10EAA00018B1036A0BB9FCF711FFB4F90C30002B55
:10EAB000F3D0626ED00704D4990502D4A06DFDF79F
:10EAC000A8FE28462146FFF763FF636EDA07054676
:10EAD000E4D4A3899B05E1D4A06DFDF79BFEDDE79F
:10EAE000F8B505460F46144618B1036A0BB9FCF792
:10EAF000EDFEA369A360A3891A0701D5236943B971
:10EB00002146284600F02AF818B14FF0FF3630466B
:10EB1000F8BD23692068C01A6369834205DC214679
:10EB20002846FFF7B5FF0028EFD1A368013BA3609B
:10EB300023685A1C22601F70636901308342FEB251
:10EB400004D0A389DB07E2D50A2EE0D1214628466E
:10EB5000FFF79EFF0028DAD0D7E7000038B5284B32
:10EB6000054618680C4618B1036A0BB9FCF7AEFEEF
:10EB7000B4F90C30190720D4DA0607D409222A6028
:10EB800043F04003A3814FF0FF3031E0580711D527
:10EB9000616B41B104F14403994202D0284600F070
:10EBA00045F9002363630022A38962602269226021
:10EBB00023F0240343F00803A38123694BB9A389FD
:10EBC00003F42073B3F5007F03D02146284600F0FC
:10EBD0004AF8B4F90C3013F001020AD00022A26006
:10EBE00062695242A261226942B913F08000C7D122
:10EBF00038BD990758BF6269A260F4E70020F7E7C3
:10EC00007C01002049B1FF2A85BF8A2303600A7076
:10EC10004FF0FF3098BF012070470846704770B52D
:10EC20000E46B1F90E10002996B014461D460ADAB8
:10EC3000B28912F0800213D14FF4806100202A6063
:10EC4000216016B070BD6A4600F0ACF80028EFDB1A
:10EC5000019A02F47042A2F500535A425A41EBE77E
:10EC600000224021EAE78B8973B59E0705460C46D2
:10EC700007D504F14703236023610123636102B0D8
:10EC800070BD01AB6A46FFF7CAFF009E28463146B9
:10EC9000FEF79CFFB4F90C3038B99A05EFD423F095
:10ECA000030343F00203A381E3E743F08003A3815E
:10ECB000019B2060C4E90406002BE0D0B4F90E10DB
:10ECC000284600F009F80028D9D0A38923F00303CF
:10ECD00043F00103A381D2E738B5064C0023054673
:10ECE00008462360FAF7F2F9431C02D1236803B106
:10ECF0002B6038BD3455002038B5074C0546084612
:10ED00001146002222601A46FAF7E2F9431C02D1AA
:10ED1000236803B12B6038BD3455002038B5074C4B
:10ED2000054608461146002222601A46FAF7A8F95D
:10ED3000431C02D1236803B12B6038BD3455002039
:10ED400038B5064C0023054608462360FAF7C2F999
:10ED5000431C02D1236803B12B6038BD3455002019
:10ED600038B5074C054608461146002222601A466F
:10ED7000FAF794F9431C02D1236803B12B6038BD24
:10ED80003455002038B5064C00230546084623605C
:10ED9000FAF792F9431C02D1236803B12B6038BD06
:10EDA0003455002038B5074C002305460846114667
:10EDB0002360FAF785F9431C02D1236803B12B6065
:10EDC00038BD00BF345500201FB51D46094B1B68D8
:10EDD0000646D86852B1084C0091CDE90142074976
:10EDE00033462A4600F06EF800F07EF8044C2246C6
:10EDF000F2E700BF7C010020880E0108950E010893
:10EE0000C30E010870B5A1FB026535B93146FEF7A6
:10EE1000DDFE044628B9204670BD0C2303600024A3
:10EE2000F9E732462946FDF7AEFCF4E737B500298D
:10EE300044D051F8043C0190002BA1F10404B8BF68
:10EE4000E418FFF78DF81E4A0198136833B9636020
:10EE5000146003B0BDE83040FFF788B8A34208D97A
:10EE6000256861198B4201BF19685B6849192160E7
:10EE7000EDE71A465B680BB1A342FAD91168551841
:10EE8000A5420BD1246821445418A3421160E0D15B
:10EE90001C685B6853600C441460DAE702D90C23E9
:10EEA0000360D6E7256861198B4204BF19685B6867
:10EEB000636004BF491921605460CAE703B030BDE4
:10EEC000305500200EB403B5014603AB054853F896
:10EED000042B00680193FEF72FFF02B05DF804EBEE
:10EEE00003B070477C01002008B5062000F02CF824
:10EEF0000120FAF7BFF81F2938B505460C4604D99A
:10EF0000162303604FF0FF3038BDC26B12B152F8C8
:10EF100021304BB9284600F031F8224601462846F8
:10EF2000BDE8384000F018B8012B0AD0591C03D1B5
:10EF3000162303600120E7E7002142F82410204651
:10EF400098470020E0E70000024B01461868FFF7F1
:10EF5000D2BF00BF7C01002038B5074C0023054616
:10EF6000084611462360FAF77DF8431C02D1236856
:10EF700003B12B6038BD00BF34550020FAF770B8DC
:10EF800000B52DED028B83B0B0EE408ACDED010AC5
:10EF900000F07CFADDED010AB4EE608AF1EE10FAC1
:10EFA00006D6DFED0C7AF4EE670AF1EE10FA03D024
:10EFB00003B0BDEC028B00BDCDED017AFDF7FEFB89
:10EFC000DDED017A87EEA70A2123036003B0BDECD3
:10EFD000028B00BD0000000008B52DED048BB0EEE3
:10EFE000409AF0EE609A00F07FF8B0EE408AF0EEC2
:10EFF000608AB0EE490AF0EE690A00F065F878B16F
:10F0000019A3D3E9002351EC190BF1F735FD70B9C1
:10F0100017A3D3E9002351EC190BF1F70FFD98B9B1
:10F02000B0EE480AF0EE680ABDEC048B08BD9FED17
:10F030000A8BFDF7C3FBB0EE480AF0EE680ABDECA0
:10F04000048B2223036008BDFDF7B8FB22239FED4C
:10F05000048B0360E4E700BF000000000000F07FC5
:10F060000000000000000000EF39FAFE422E86404A
:10F0700051302DD5104987C000B52DED028BB0EE73
:10F08000408A83B000F02CF8B4EE488AF1EE10FA12
:10F0900006D6DFED0C7AB4EEE78AF1EE10FA03D46F
:10F0A00003B0BDEC028B00BDCDED017AFDF786FB10
:10F0B000DDED017A87EEA70A2123036003B0BDECE2
:10F0C000028B00BD0000000082B08DED000B0198A6
:10F0D00040F0004000F58010C00F02B0704700BF44
:10F0E000B1EEC00A704700BF2DE9F04755EC104B58
:10F0F000D34925F000428A4286B04FEAD5760CD932
:10F10000D0498A4270D9C5F31303234340F0548198
:10F11000002E66D09FEDB20B63E0CB4B9A4200F21B
:10F120001A81CA4B9A4240F2308122462B46204631
:10F130002946F1F711FAACA3D3E9002306460F469E
:10F14000F1F70AFAAAA3D3E90023F1F74DF8324602
:10F150003B46F1F701FAA8A3D3E90023F1F746F8FB
:10F1600032463B46F1F7F8F9A5A3D3E90023F1F7BE
:10F170003BF832463B46F1F7EFF9A3A3D3E900236E
:10F18000F1F734F832463B46F1F7E6F902460B4612
:10F1900020462946F1F728F8CDE90201DDE9028988
:10F1A000204642464B462946F1F7D6F9002206464C
:10F1B0000F464FF0804340464946F1F715F80246A6
:10F1C0000B4630463946F1F7F1FA22462B46F1F765
:10F1D0000BF802460B4600209D49F1F705F841EC7B
:10F1E000100B06B0BDE8F08789A3D3E900232046C1
:10F1F0002946F1F741FC0746002840F0E88086A345
:10F20000D3E9002320462946F1F718FC002840F0F6
:10F210003781904B204603EBC606294680A3D3E9ED
:10F220000023F1F799F9D6E90023F0F7DFFFF1F7B2
:10F2300043FC0646F1F726F97BA3D3E900230746F2
:10F240008846F1F789F902460B4620462946F0F731
:10F25000CBFF02460B463846414691469A4674A378
:10F26000D3E90023F1F778F9CDE90001DDE90023C6
:10F2700048465146F0F7B8FF02460B4604460D4695
:10F28000F1F76AF958A3D3E9002307468846F1F756
:10F2900063F957A3D3E90023F0F7A6FF3A464346A4
:10F2A000F1F75AF954A3D3E90023F0F79FFF3A4648
:10F2B0004346F1F751F952A3D3E90023F0F794FF45
:10F2C0003A464346F1F748F94FA3D3E90023F0F754
:10F2D0008DFF3A464346F1F73FF902460B4620467A
:10F2E0002946F0F781FF07468846204629463A46D8
:10F2F0004346CDE90278F1F72FF9CDE90401002E5C
:10F300003FF44CAF3A46434600204FF08041F0F7BF
:10F310006BFF02460B46DDE90401F1F747FA0246AE
:10F320000B46DDE90001F0F75FFF4A465346F0F770
:10F330005BFF0B46024646490020F0F755FF6FF48D
:10F340007F739E42C0F28E8001EB065141EC100BA0
:10F3500006B0BDE8F087404B9A423FF65AAF3F4BAC
:10F3600003EBC603D3E9002320462946F0F73CFF10
:10F370003B4B03EBC60393ED007B86F001038DED61
:10F38000007B81468A469E1B70E72BA3D3E90023AE
:10F3900020462946F0F72AFF2D4B0022F1F76CFB9F
:10F3A00000283FF4C2AE2A4B002220462946F0F73F
:10F3B0001DFF41EC100B14E722462B462046294640
:10F3C000F0F714FF41EC100B06B0BDE8F087002009
:10F3D00006B0BDE8F04700F0E7B900BFAFF300802A
:10F3E0000000000000000000D0A4BE726937663E35
:10F3F000F16BD2C541BDBB3E2CDE25AF6A56113F35
:10F4000093BDBE166CC1663F3E5555555555C53F1B
:10F41000EF39FAFE422E864051302DD5104987C073
:10F42000FE822B654715F73F0000E0FE422EE63FC7
:10F43000763C7935EF39EA3D9C7500883CE4377EAF
:10F44000412E8640FFFFEF7F422ED63FFFFFEF3D6C
:10F450000000F03F38110108B1A2F03F2811010867
:10F460001811010806F57A7301EB035100224FF0E1
:10F47000B873F1F771F841EC100B06B0BDE8F087F6
:10F48000384606B0BDE8F04700F086B910EE903A75
:10F4900030B523F00044621EB2F1FF4F3FD210EEB0
:10F4A000101A21F0004EBEF1FF4F38D2A6453ADBCC
:10F4B00001F00042154600F09D8011F0FF4F03F06F
:10F4C000FF4C49D14FEA0E206FF07D02400000282A
:10F4D00002F1FF32FADCBCF1000F5BD123026FF0C6
:10F4E0007D0C5B000CF1FF3CFBD512F17E0F6CDA5A
:10F4F0006FF07D00831AA0EB0C00B2EB0C020EFA49
:10F5000003F104FA00F36DD0013A03E03AD0410070
:10F51000013A09D3C81A0028F8DA4900F8E760EE82
:10F52000200A80EEA00A30BDCB1A48BF0B461BB99B
:10F5300028E05B000CF1FF3CB3F5000FF9DB1CF198
:10F540007E0F38DA6FF07D00A0EB0C00034145EA36
:10F55000030200EE102A30BD4FEAEE52BCF1000F5C
:10F5600016D0E415C1F31601C3F31603121B41F4C0
:10F57000000143F40003A4F17F0CC5D1CB1A002B8A
:10F5800018DBD6D1224B03EB557393ED000A30BD47
:10F590007F3AA3E7E415A4F17F0C6FF07D01891A8F
:10F5A000C3F31603A2EB0C0243F400030EFA01F1BD
:10F5B000013AAFE70B46A3F500030CF17F0C2B4398
:10F5C00043EACC5300EE103A30BD6FF07D00C1F33A
:10F5D0001601A0EB0C0041F40001A2EB0C0204FAAE
:10F5E00000F391E7CB1A002B0ADBCBD0B3F5000F69
:10F5F0009FDBABE7064B03EB527393ED000A30BD84
:10F600000029BFD0B1F5000F0B4692DB9EE700BF8B
:10F610004811010808B52DED028BF0EE408AB0EEDE
:10F62000608A00F047F820B9B0EE480ABDEC028BC2
:10F6300008BDB0EE480A00F03DF858B1F4EEC88AB3
:10F64000F1EE10FAC8BFB0EE688AB0EE480ABDEC21
:10F65000028B08BDB0EE688AB0EE480ABDEC028BA2
:10F6600008BD00BF08B52DED028BF0EE408AB0EE6C
:10F67000608A00F01FF820B9B0EE480ABDEC028B9A
:10F6800008BDB0EE480A00F015F858B1B4EEE88AAB
:10F69000F1EE10FAC8BFB0EE688AB0EE480ABDECD1
:10F6A000028B08BDB0EE688AB0EE480ABDEC028B52
:10F6B00008BD00BF10EE103A33F000400ED0A0F5A8
:10F6C0000003B3F1FE4F0DD3074B421E9A4207D9F8
:10F6D000A0F1FF40B0FA80F0400970470220704767
:10F6E0000320704704207047FEFF7F0010EE103AA1
:10F6F000C3F3C752002BA2F17F01ACBF01204FF032
:10F70000FF301E290DDC00291ADBC3F3160316296E
:10F7100043F400030ADD963A03FA02F202FB00F01A
:10F720007047FDEEC07A17EE900A70474FF48002E2
:10F730000A411A44C1F11701CA4002FB00F07047A8
:10F74000013118BF0020704710B582B08DED000B5D
:10F750000446FDF733F89DED000B046002B010BDC8
:10F7600000B5034683B051EC100B83B1024601F1A2
:10F770000043CDE90023DDE90023F0F7EDFE41EC85
:10F78000100B222003B05DF804EBFFF7DDBF02464B
:10F790000B46EEE7000000009FED010BFFF7E0BF16
:10F7A00000000000000000109FED010BFFF7D8BF24
:10F7B000000000000000007080EA104080EA102085
:10F7C00080EA101046F6961300F00F0043FA00F09E
:10F7D00000F00100704700BF38B500220023044646
:10F7E0000D46F1F72BF928B920462946BDE83840E7
:10F7F00000F00AB8204605F1004100F005F840424B
:10F8000061EB410138BD00BF70B50C4B00220446CE
:10F810000D46F0F7A1FEF1F777F90646F0F722FE64
:10F82000074B0022F0F798FE02460B462046294679
:10F83000F0F7DAFCF1F768F9314670BD0000F03DF1
:10F840000000F041F8B500BFF8BC08BC9E46704708
:0CF85000F8B500BFF8BC08BC9E4670472D
:10F8600000070E091C1B1215383F363124232A2DA0
:10F8700070777E796C6B6265484F464154535A5D90
:10F88000E0E7EEE9FCFBF2F5D8DFD6D1C4C3CACD80
:10F8900090979E998C8B8285A8AFA6A1B4B3BABD70
:10F8A000C7C0C9CEDBDCD5D2FFF8F1F6E3E4EDEA60
:10F8B000B7B0B9BEABACA5A28F88818693949D9A50
:10F8C0002720292E3B3C35321F18111603040D0A40
:10F8D0005750595E4B4C45426F68616673747D7A30
:10F8E000898E878095929B9CB1B6BFB8ADAAA3A420
:10F8F000F9FEF7F0E5E2EBECC1C6CFC8DDDAD3D410
:10F90000696E676075727B7C51565F584D4A4344FF
:10F91000191E171005020B0C21262F283D3A3334EF
:10F920004E49404752555C5B7671787F6A6D6463DF
:10F930003E39303722252C2B0601080F1A1D1413CF
:10F94000AEA9A0A7B2B5BCBB9691989F8A8D8483BF
:10F95000DED9D0D7C2C5CCCBE6E1E8EFFAFDF4F3AF
:10F96000000000000000000001020304060708096F
:10F9700000000000010203040D0A0D0A0D0A0D0A21
:10F980000D0000003E3E2041746865616E204D6FA1
:10F99000746F7220436F6E74726F6C6C6572203C72
:10F9A0003C0D00003E3E2056657273696F6E3A2032
:10F9B00025642E25642E2564203C3C0D0A000000A1
:10F9C0003E3E20496E76616C69642F756E696E6982
:10F9D0007469616C697A656420636F6E66696775C6
:10F9E000726174696F6E3B207573696E6720524156
:10F9F0004D2064656661756C7473202843414E2008
:10FA000052583D312054583D3029203C3C0D0000D7
:10FA10003E3E204452563833323320636F6E66695F
:10FA20006775726174696F6E2F726561646261637C
:10FA30006B206661696C65643B206D6F746F72202A
:10FA40006D6F64652072656D61696E73206C6F63A4
:10FA50006B6564203C3C0D003E3E204657444754B5
:10FA600020636F6E66696775726174696F6E206678
:10FA700061696C65643B206D6F746F72206D6F649B
:10FA8000652072656D61696E73206C6F636B656470
:10FA9000203C3C0D00000000436865636B696E67A5
:10FAA000207068617365207369676E2C20706F6CBD
:10FAB000652070616972730D0000000043616C691C
:10FAC00062726174696F6E206661696C65643A2068
:10FAD000696E76616C696420656E636F646572201F
:10FAE000646973706C6163656D656E7420252E3476
:10FAF00066207261640D0A0043616C696272617410
:10FB0000696F6E206661696C65643A206D6561732A
:10FB10007572656420706F6C652070616972732006
:10FB20002564202864656C746120252E346620725B
:10FB30006164290D0A0000005068617365206F72CE
:10FB400064657220636F72726563740D000000005B
:10FB50005377617070696E67207068617365207398
:10FB600069676E0D00000000506F6C652050616980
:10FB700072733A20256420286D656173757265641F
:10FB8000202564290D0A000053746172743A2025FF
:10FB90002E3366202020456E643A20252E33660DD4
:10FBA0000A000000506F6C65205061697273203E3E
:10FBB0002025642C2072656D616C6C6F632065720A
:10FBC000726F725F6172725B5D2073697A652E0D70
:10FBD0000A0000005374617274696E67206F666674
:10FBE0007365742063616C20616E64206C696E655E
:10FBF0006172697A6174696F6E0D00002564202559
:10FC00006420256420252E33660D0A0025642020FB
:10FC100025640D0A000000006C6F6F705F636F75E4
:10FC20006E743A20256C750D0A0000000A0D4641DD
:10FC3000554C540A0D0000005644535F4F43500A80
:10FC40000D0000004744460A0D00000055564C4F79
:10FC50000A0D00004F5453440A0D00005644535FF0
:10FC600048410A0D000000005644535F4C410A0D04
:10FC7000000000005644535F48420A0D0000000097
:10FC80005644535F4C420A0D000000005644535F37
:10FC900048430A0D000000005644535F4C430A0DD0
:10FCA0000000000053415F4F430A0D0053425F4F75
:10FCB000430A0D0053435F4F430A0D004F54570A48
:10FCC0000D000000435055560A0D00005647535F83
:10FCD00048410A0D000000005647535F4C410A0D91
:10FCE000000000005647535F48420A0D0000000024
:10FCF0005647535F4C420A0D000000005647535FC1
:10FD000048430A0D000000005647535F4C430A0D5C
:10FD10000000000020436F6D6D616E64733A0D004A
:10FD2000206D2020202D204D6F746F72204D6F6448
:10FD3000650D000020632020202D2043616C696246
:10FD40007261746520456E636F6465720D0000001A
:10FD500020732020202D2053657475700D00000045
:10FD600020652020202D20446973706C6179204526
:10FD70006E636F6465720D00207A2020202D205361
:10FD80006574205A65726F20506F736974696F6E65
:10FD90000D00000020657363202D204578697420D4
:10FDA000746F204D656E750D000000000D0A204334
:10FDB0006F6E66696775726174696F6E204F7074DB
:10FDC000696F6E73200A0D006D696E00706172615B
:10FDD0006D65746572000000707265666978000078
:10FDE00020252D347320252D33317320252D357397
:10FDF00020252D367320252D32730D0A00000000BA
:10FE000063757272656E742076616C7565000000B2
:10FE10006D6178000D0A204D6F746F723A0D00000D
:10FE20002D0000004C656761637920476561722091
:10FE3000526174696F2028756E75736564290000BE
:10FE40006700000020252D347320252D33317320C9
:10FE5000252D357320252D367320252E33660A0D6A
:10FE60000000000030000000546F7271756520437F
:10FE70006F6E7374616E7420284E2D6D2F412900B2
:10FE80006B00000020252D347320252D3331732085
:10FE9000252D357320252D367320252E35660A0D28
:10FEA000000000000D0A20436F6E74726F6C3A0DF3
:10FEB000000000003130300043757272656E7420AE
:10FEC00042616E6477696474682028487A2900006A
:10FED0006200000020252D347320252D333173203E
:10FEE000252D357320252D367320252E31660A0DDC
:10FEF000000000003230303000000000302E3000B2
:10FF000043757272656E74204C696D697420284166
:10FF1000290000006C00000036302E300000000088
:10FF20004D617820506F736974696F6E20536574EA
:10FF3000706F696E7420287261642900700000007F
:10FF40004D61782056656C6F6369747920536574D0
:10FF5000706F696E742028726164292F730000002D
:10FF6000760000004D617820506F736974696F6E80
:10FF7000204761696E20284E2D6D2F726164290023
:10FF800078000000313030302E3000004D61782094
:10FF900056656C6F63697479204761696E20284EDD
:10FFA0002D6D2F7261642F73290000006400000022
:10FFB000352E300046572043757272656E74204CA2
:10FFC000696D697420284129000000006600000066
:10FFD00033332E300000000054656D70204375747B
:10FFE0006F666620284329202830203D206E6F6EE2
:10FFF000652900006800000031353000436F6E74E1
:020000040801F1
:10000000696E756F75732043757272656E74202802
:10001000412900006300000034302E300000000051
:1000200043616C6962726174696F6E2043757272AC
:10003000656E7420284129006100000032302E30A6
:10004000000000000D0A2043414E3A0D0000000060
:1000500043414E20494400006900000020252D3412
:100060007320252D33317320252D357320252D3612
:100070007320252D35690A0D00000000313237004C
:1000800043414E2054582049440000006D000000B8
:1000900043414E2054696D656F7574202863796300
:1000A0006C6573292830203D206E6F6E6529000035
:1000B0007400000020252D347320252D333173204A
:1000C000252D357320252D36732025640A0D00005B
:1000D0003130303030300000200A0D20546F206362
:1000E00068616E676520612076616C75652C20748F
:1000F0007970652027707265666978272776616C4C
:1001000075652727454E544552270A0D20652E67F1
:100110002E202762313030302727454E5445522754
:100120000D0A200056414C554553204E4F54204156
:10013000435449564520554E54494C20504F57453D
:1001400052204359434C4521200A0D0A0D0000005E
:1001500043616C6962726174696F6E2072656A6571
:10016000637465643B2070726576696F7573206394
:100170006F6E66696775726174696F6E2072657300
:10018000746F7265642E0D00455F5A45524F3A20D8
:100190002564202025660D0A00000000436F6E666E
:1001A000696775726174696F6E207361766520721C
:1001B000656A65637465643B2070726576696F7506
:1001C0007320646174612070726573657276656412
:1001D0002E0D0000495F42572073657420746F2014
:1001E00025660D0A0000000043414E5F494420731C
:1001F000657420746F2025640D0A000043414E5F32
:1002000054585F49442073657420746F2025640D31
:100210000A000000495F4D41582073657420746FD7
:100220002025660D0A000000495F46575F4D415882
:100230002073657420746F2025660D0A000000008D
:1002400043414E5F54494D454F55542073657420CA
:10025000746F2025640D0A0054454D505F4D415880
:100260002073657420746F2025660D0A000000005D
:10027000495F4D41585F434F4E542073657420745D
:100280006F2025660D0A0000495F43414C207365CD
:100290007420746F2025660D0A0000004752206903
:1002A00073206C656761637920636F6E666967753B
:1002B000726174696F6E206F6E6C793B2063686148
:1002C0006E6765206F7574707574207265647563F0
:1002D00074696F6E20696E20746865207570706532
:1002E0007220636F6E74726F6C6C65722E0D0000FD
:1002F0004B542073657420746F2025660D0A00002E
:100300004B505F4D41582073657420746F202566F3
:100310000D0A00004B445F4D4158207365742074F2
:100320006F2025660D0A0000505F4D41582073650F
:100330007420746F2025660D0A000000565F4D4141
:10034000582073657420746F2025660D0A00000024
:100350000D0A2027256327204E6F742061207661C7
:100360006C696420636F6D6D616E64207072656688
:1003700069780D0A0D0A00005A65726F2073617664
:10038000652072656A65637465643B20707265768A
:10039000696F757320646174612070726573657232
:1003A0007665642E0D0000000A0D202053617665ED
:1003B00064206E6577207A65726F20706F73697440
:1003C000696F6E3A202025640A0D0A0D00000000B6
:1003D0005261773A202535640000000020204C69E6
:1003E0006E656172697A656420436F756E743A2038
:1003F00025356400202053696E676C652054757242
:100400006E3A2520342E33660000000020204D7502
:100410006C7469205475726E3A2520352E3366004F
:100420002020456C656374726963616C3A252035E0
:100430002E33660020205475726E733A2520326484
:1004400000000000202056616C69643A25750000A8
:1004500020205350493A256C75000000202050613F
:10046000726974793A256C750000000020204546B9
:100470003A256C750D0A000000000001000200031F
:100480000004000501020103010901060112010A2D
:10049000010E0111011301140115011601170118B4
:1004A000010800860119011A011B011C0001020646
:1004B00005000000000000002975493CDF6EC93CC2
:1004C0006F0E173D3160493D8FA97B3D38F4963D55
:1004D0006B0EB03D4721C93D5E2EE23DEC2FFB3D4A
:1004E0007F130A3E698C163E76FD223EA5662F3E9E
:1004F00097CA3B3E4A29483E807D543EDAC9603E59
:10050000560E6D3EF54A793E3CBD823E0FD1883E87
:10051000A4DF8E3EFBE8943EC4EB9A3EFFE7A03E8C
:10052000FCDEA63E6CCFAC3E4EB9B23EA29CB83EBD
:100530001878BE3EB24BC43EBD18CA3EECDDCF3E7D
:10054000ED99D53E614FDB3E59FAE03EC39EE63E53
:10055000B038EC3E71C9F13E5452F73EBBD0FC3E80
:100560005322013FB2D7033FD387063FB532093F3D
:100570005AD80B3FC0780E3F4013113F82A8133F5B
:10058000DF37163F55C1183FE5441B3F8FC21D3F63
:10059000543A203F8AAB223FDB16253F9E7B273F04
:1005A000D3D9293F7B312C3FED812E3F79CC303F91
:1005B000D00F333FF14B353F8481373FE2AF393FB6
:1005C0000AD73B3FFDF63D3F130F403F9B20423F84
:1005D0009E29443F132C463F0326483FBD184A3FFF
:1005E0009B034C3FF3E54D3F16C14F3FB493513F42
:1005F000745E533F5721553F0EDB563F8F8D583F5A
:10060000E3365A3FB2D75B3FA4705D3F69005F3F5E
:100610005188603F0C07623F9A7C633FA3E9643FC7
:10062000274E663F7EA9673F50FC683F4E456A3FB4
:10063000C6856B3F12BD6C3F31EB6D3F23106F3FA2
:10064000412B703FD93D713F9D46723F3546733F08
:100650009F3C743F3529753F9E0C763F32E6763FCE
:100660009AB6773F2C7D783FEB39793F7CED793F27
:1006700039977A3F22377B3F36CD7B3F75597C3F98
:1006800087DC7C3F1D557D3F87C47D3F74297E3FBD
:1006900034857E3F77D67E3F8E1E7F3F295C7F3F2D
:1006A000EF8F7F3F88BA7F3FA5DA7F3FEDF07F3F36
:1006B00061FD7F3F0000803F23F87F3F19E77F3FC8
:1006C00092CB7F3F37A67F3FAF777F3FAB3E7F3FE9
:1006D000D2FB7E3F25AF7E3FA3587E3F4DF87D3F46
:1006E000228E7D3F221A7D3F4E9C7C3FA5147C3F8D
:1006F00027837B3FD5E77A3F57437A3F0395793F7E
:10070000DBDC783FDF1A783FB54F773FB77A763F2B
:10071000E59B753FE5B3743FB9C2733FB9C7723FFC
:100720008BC3713F31B6703F029F6F3FA67E6E3F15
:100730001D556D3F68226C3F86E66A3F1FA2693FE8
:10074000E353683F22FD663F349D653F1A34643FA2
:1007500022C3623F5648613FACC55F3FD6395E3F1A
:100760007AA55C3F9A085B3F3563593F4AB5573FCE
:1007700082FF553F8E40543F637A523FB4AB503FA7
:1007800080D44E3F6FF54C3F280F4B3F5C20493FD4
:10079000B329473FD42B453F1826433F7E18413F9E
:1007A000B0033F3FABE73C3F72C43A3F5B99383FF1
:1007B000B667363FDC2E343FCCEE313F2FA82F3FBB
:1007C0005C5A2D3FFB052B3F0DAB283F9049263F40
:1007D0002EE2233F9773213F19FF1E3FB6841C3F33
:1007E000C5031A3F957D173FD8F0143FDD5E123FD9
:1007F000FCC60F3F35290D3F2F860A3FECDD073F32
:100800006A30053FAA7D023F598BFF3E3012FA3E07
:100810008A8EF43E0803EF3E096DE93EDDCDE33EEE
:100820008525DE3E4F75D83E3CBDD23EFCFBCC3E1E
:10083000DF32C73E3563C13E5D8ABB3E47ACB53E45
:1008400005C5AF3E84D8A93E75E5A33E89EA9D3E25
:1008500060EA973EF7E4913E02D98B3ECEC7853ED3
:10086000B7627F3EF52D733EB7EE663EFDA45A3E5D
:1008700065534E3EF0F9413E3D9B353E0E32293EDA
:10088000A0C31C3EF44F103E0AD7033EC4B1EE3D58
:10089000B9A5D53DA298BC3D1B82A33D49658A3DC3
:1008A0006685623DD637303DF7C7FB3CC615973CA1
:1008B0005374C93B5374C9BBC61597BCF7C7FBBC7F
:1008C000D63730BD668562BD49658ABD1B82A3BD32
:1008D000A298BCBDB9A5D5BDC4B1EEBD0AD703BEB3
:1008E000F44F10BEA0C31CBE0E3229BE3D9B35BEC8
:1008F000F0F941BE65534EBEFDA45ABEB7EE66BECA
:10090000F52D73BEB7627FBECEC785BE02D98BBE42
:10091000F7E491BE60EA97BE89EA9DBE75E5A3BE85
:1009200084D8A9BE05C5AFBE47ACB5BE5D8ABBBE07
:100930003563C1BEDF32C7BEFCFBCCBE3CBDD2BE00
:100940004F75D8BE8525DEBEDDCDE3BE096DE9BE9F
:100950000803EFBE8A8EF4BE3012FABE598BFFBE7A
:10096000AA7D02BF6A3005BFECDD07BF2F860ABF34
:1009700035290DBFFCC60FBFDD5E12BFD8F014BF16
:10098000957D17BFC5031ABFB6841CBF19FF1EBFD4
:10099000977321BF2EE223BF904926BF0DAB28BF1E
:1009A000FB052BBF5C5A2DBF2FA82FBFCCEE31BF4C
:1009B000DC2E34BFB66736BF5B9938BF72C43ABF0E
:1009C000ABE73CBFB0033FBF7E1841BF182643BF13
:1009D000D42B45BFB32947BF5C2049BF280F4BBF6D
:1009E0006FF54CBF80D44EBFB4AB50BF637A52BFDB
:1009F0008E4054BF82FF55BF4AB557BF356359BFBC
:100A00009A085BBF7AA55CBFD6395EBFACC55FBF35
:100A1000564861BF22C362BF1A3464BF349D65BFAC
:100A200022FD66BFE35368BF1FA269BF86E66ABFA7
:100A300068226CBF1D556DBFA67E6EBF029F6FBF43
:100A400031B670BF8BC371BFB9C772BFB9C273BFB4
:100A5000E5B374BFE59B75BFB77A76BFB54F77BF77
:100A6000DF1A78BFDBDC78BF039579BF57437ABFC5
:100A7000D5E77ABF27837BBFA5147CBF4E9C7CBF84
:100A8000221A7DBF228E7DBF4DF87DBFA3587EBF49
:100A900025AF7EBFD2FB7EBFAB3E7FBFAF777FBFB0
:100AA00037A67FBF92CB7FBF19E77FBF23F87FBFF9
:100AB000000080BF61FD7FBFEDF07FBFA5DA7FBF83
:100AC00088BA7FBFEF8F7FBF295C7FBF8E1E7FBF3D
:100AD00077D67EBF34857EBF74297EBF87C47DBF35
:100AE0001D557DBF87DC7CBF75597CBF36CD7BBF74
:100AF00022377BBF39977ABF7CED79BFEB3979BF5D
:100B00002C7D78BF9AB677BF32E676BF9E0C76BF53
:100B1000352975BF9F3C74BF354673BF9D4672BF74
:100B2000D93D71BF412B70BF23106FBF31EB6DBF3B
:100B300012BD6CBFC6856BBF4E456ABF50FC68BF17
:100B40007EA967BF274E66BFA3E964BF9A7C63BFD7
:100B50000C0762BF518860BF69005FBFA4705DBFB2
:100B6000B2D75BBFE3365ABF8F8D58BF0EDB56BF7F
:100B7000572155BF745E53BFB49351BF16C14FBFC9
:100B8000F3E54DBF9B034CBFBD184ABF032648BFCA
:100B9000132C46BF9E2944BF9B2042BF130F40BF6A
:100BA000FDF63DBF0AD73BBFE2AF39BF848137BFF7
:100BB000F14B35BFD00F33BF79CC30BFED812EBFA5
:100BC0007B312CBFD3D929BF9E7B27BFDB1625BF26
:100BD0008AAB22BF543A20BF8FC21DBFE5441BBF62
:100BE00055C118BFDF3716BF82A813BF401311BF0E
:100BF000C0780EBF5AD80BBFB53209BFD38706BF26
:100C0000B2D703BF532201BFBBD0FCBE5452F7BEC4
:100C100071C9F1BEB038ECBEC39EE6BE59FAE0BE63
:100C2000614FDBBEED99D5BEECDDCFBEBD18CABEAF
:100C3000B24BC4BE1878BEBEA29CB8BE4EB9B2BEFE
:100C40006CCFACBEFCDEA6BEFFE7A0BEC4EB9ABE76
:100C5000FBE894BEA4DF8EBE0FD188BE3CBD82BE31
:100C6000F54A79BE560E6DBEDAC960BE807D54BEAF
:100C70004A2948BE97CA3BBEA5662FBE76FD22BE56
:100C8000698C16BE7F130ABEEC2FFBBD5E2EE2BD43
:100C90004721C9BD6B0EB0BD38F496BD8FA97BBD91
:100CA000316049BD6F0E17BDDF6EC9BC297549BCE7
:100CB00000000000494E4600696E66004E414E003D
:100CC0006E616E00300030313233343536373839AA
:100CD00041424344454600303132333435363738AB
:100CE00039616263646566002E004300504F5349CA
:100CF0005800496E66696E697479004E614E005203
:100D000045454E54206D616C6C6F63207375636351
:100D10006565646564002F566F6C756D65732F642F
:100D20006174612F6A656E6B696E732F776F726B7A
:100D300073706163652F676E755F746F6F6C636846
:100D400061696E732F61726D5F6275696C64732F78
:100D500061726D2D31352F7372632F6E65776C69FB
:100D6000622D63796777696E2F6E65776C69622F84
:100D70006C6962632F7374646C69622F64746F6151
:100D80002E630042616C6C6F6320737563636565ED
:100D9000646564002F566F6C756D65732F646174A4
:100DA000612F6A656E6B696E732F776F726B7370EC
:100DB0006163652F676E755F746F6F6C63686169DF
:100DC0006E732F61726D5F6275696C64732F6172EF
:100DD0006D2D31352F7372632F6E65776C69622DBF
:100DE00063796777696E2F6E65776C69622F6C69BE
:100DF00062632F7374646C69622F6764746F612D12
:100E00006765746865782E6300232D302B20006899
:100E10006C4C00656667454647002F566F6C756DD4
:100E200065732F646174612F6A656E6B696E732FD1
:100E3000776F726B73706163652F676E755F746F28
:100E40006F6C636861696E732F61726D5F62756943
:100E50006C64732F61726D2D31352F7372632F6E39
:100E600065776C69622D63796777696E2F6E657738
:100E70006C69622F6C6962632F7374646C69622F92
:100E80006D707265632E63002C2066756E637469E5
:100E90006F6E3A2000617373657274696F6E202201
:100EA000257322206661696C65643A2066696C6509
:100EB00020222573222C206C696E65202564257301
:100EC00025730A0034000000CEFBFFFFCB030000B7
:100ED000010000000000000035000000CEFBFFFF15
:100EE000CB03000001000000000000000000000033
:100EF000BC89D897B2D29C3C33A7A8D523F64939F0
:100F00003DA7F444FD0FA5329D978CCF08BA5B2511
:100F1000436FAC6428066811002020202020202088
:100F20002020282828282820202020202020202099
:100F300020202020202020202088101010101010A9
:100F400010101010101010101004040404040404F5
:100F5000040404101010101010104141414141418F
:100F60000101010101010101010101010101010171
:100F70000101010110101010101042424242424281
:100F80000202020202020202020202020202020241
:100F900002020202101010102000000000000000E9
:100FA0000000000000000000000000000000000041
:100FB0000000000000000000000000000000000031
:100FC0000000000000000000000000000000000021
:100FD0000000000000000000000000000000000011
:100FE0000000000000000000000000000000000001
:100FF00000000000000000000000000000000000F1
:1010000000000000000000000000000000000000E0
:1010100000000000000000000000000005000000CB
:10102000190000007D0000000080E03779C34143D3
:10103000176E05B5B5B89346F5F93FE9034F384D3E
:10104000321D30F94877825A3CBF737FDD4F1575EA
:10105000000000000000F03F0000000000002440FD
:1010600000000000000059400000000000408F40D8
:10107000000000000088C34000000000006AF84043
:101080000000000080842E4100000000D012634167
:101090000000000084D797410000000065CDCD41DD
:1010A000000000205FA00242000000E876483742BE
:1010B000000000A2941A6D42000040E59C30A2425C
:1010C0000000901EC4BCD64200003426F56B0C43D1
:1010D0000080E03779C3414300A0D8855734764378
:1010E00000C84E676DC1AB43003D9160E458E143D9
:1010F000408CB5781DAF154450EFE2D6E41A4B444E
:1011000092D54D06CFF08044F64AE1C7022DB54492
:10111000B49DD9794378EA44763C7935EF39EA3D94
:10112000763C7935EF39EABD0000E0FE422EE63F1D
:101130000000E0FE422EE6BF000000000000E03F9D
:10114000000000000000E0BF000000000000008080
:08115000E0EFFE7F010000004A
:04115800510C00082E
:04115C00290C000852
:10116000000E27070000000003000000EC530020E1
:10117000430000000000000000000000000000002C
:10118000000000000000000000000000000000005F
:10119000430000000000000000000000000000000C
:1011A000000000000000000000000000000000003F
:1011B00043000000000000000000000000000000EC
:1011C000000000000000000000000000000000001F
:1011D00043000000000000000000000000000000CC
:1011E00000000000000000000000000000000000FF
:1011F00043000000000000000000000000000000AC
:1012000000000000000000000000000000000000DE
:10121000430000000000000000000000000000008B
:1012200000000000000000000000000000000000BE
:10123000430000000000000000000000000000006B
:10124000000000000000000000000000000000009E
:1012500005EC0008C5DC000800000000180F0108BC
:10126000E80C0108C30E0108C30E0108C30E0108F3
:10127000C30E0108C30E0108C30E0108C30E010806
:10128000C30E0108C30E0108FFFFFFFFFFFFFFFFB2
:10129000FFFFFFFFFFFF00000100415343494900EA
:1012A000000000000000000000000000000000003E
:1012B00000000000000000000000415343494900C5
:1012C000000000000000000000000000000000001E
:1012D000000000000000000000000000800100206D
:1012E00000000000EC53002054540020BC540020A7
:1012F00000000000000000000000000000000000EE
:1013000000000000000000000000000000000000DD
:1013100000000000000000000000000000000000CD
:0C132000000000000000000000000000C1
:040000050800AE95AC
:00000001FF
