:020000040800F2
:10000000000001205D880008496C00084D6C000864
:10001000596C0008656C0008716C00080000000055
:100020000000000000000000000000007D6C0008DF
:10003000816C000800000000856C0008896C0008D5
:10004000AD880008AD880008AD880008AD880008BC
:10005000AD880008AD880008AD880008AD880008AC
:10006000AD880008AD880008AD880008AD8800089C
:10007000AD880008AD880008AD880008AD8800088C
:10008000AD880008AD880008AD880008AD8800087C
:100090008D6C0008AD880008AD880008AD880008A8
:1000A000AD8800081D6E0008AD880008AD88000806
:1000B000AD880008AD880008AD880008AD8800084C
:1000C000AD880008AD880008AD880008AD8800083C
:1000D000AD880008AD880008156F0008AD880008DD
:1000E000A16E0008AD880008AD880008AD88000842
:1000F000AD880008AD880008AD880008AD8800080C
:10010000AD880008AD880008AD880008AD880008FB
:10011000AD880008AD880008AD880008AD880008EB
:10012000AD880008AD880008AD880008AD880008DB
:1001300001F0FF01102A2BDB10F0070F08D010F898
:10014000013B013A8B422DD010F0070F42B3F6D19C
:10015000F0B441EA012141EA014122F007047FF0B5
:1001600000070023F0E80256083C85EA010586EA0C
:10017000010685FA47F5A3FA87F586FA47F6A5FA48
:1001800087F68EB9EED1F0BC01F0FF0102F0070254
:1001900032B110F8013B013A83EA010313B1F8D1FF
:1001A0000020704701387047002D06BF35460338E0
:1001B000073815F0010F07D1013015F4807F02BF19
:1001C000013015F4C03F0130F0BC0138704700BF6A
:1001D000034613F8012B002AFBD1181A0138704787
:1001E00081F0004102E000BF83F0004330B54FEAE8
:1001F00041044FEA430594EA050F08BF90EA020F55
:100200001FBF54EA000C55EA020C7FEA645C7FEAE7
:10021000655C00F0E2804FEA5454D4EB5555B8BF0A
:100220006D420CDD2C4480EA020281EA030382EA7B
:10023000000083EA010180EA020281EA0303362D0D
:1002400088BF30BD11F0004F4FEA01314FF4801CE0
:100250004CEA113102D0404261EB410113F0004FF2
:100260004FEA03334CEA133302D0524263EB4303A9
:1002700094EA050F00F0A780A4F10104D5F1200E47
:100280000DDB02FA0EFC22FA05F2801841F10001A2
:1002900003FA0EF2801843FA05F359410EE0A5F176
:1002A00020050EF1200E012A03FA0EFC28BF4CF0A7
:1002B000020C43FA05F3C01851EBE37101F000455D
:1002C00007D54FF0000EDCF1000C7EEB00006EEB6A
:1002D0000101B1F5801F1BD3B1F5001F0CD34908F4
:1002E0005FEA30004FEA3C0C04F101044FEA44524B
:1002F00012F5800F80F09A80BCF1004F08BF5FEAD2
:10030000500C50F1000041EB045141EA050130BDB1
:100310005FEA4C0C404141EB0101013C28BFB1F5C3
:10032000801FE9D291F0000F04BF01460020B1FA0E
:1003300081F308BF2033A3F10B03B3F120020CDAE1
:100340000C3208DD02F1140CC2F10C0201FA0CF0BF
:1003500021FA02F10CE002F11402D8BFC2F1200C24
:1003600001FA02F120FA0CFCDCBF41EA0C019040DA
:10037000E41AA2BF01EB0451294330BD6FEA040423
:100380001F3C1CDA0C340EDC04F11404C4F120020E
:1003900020FA04F001FA02F340EA030021FA04F320
:1003A00045EA030130BDC4F10C04C4F1200220FA77
:1003B00002F001FA04F340EA0300294630BD21FAB5
:1003C00004F0294630BD94F0000F83F4801306BF7B
:1003D00081F480110134013D4EE77FEA645C18BF6F
:1003E0007FEA655C29D094EA050F08BF90EA020F06
:1003F00005D054EA000C04BF1946104630BD91EAFE
:10040000030F1EBF0021002030BD5FEA545C05D100
:100410004000494128BF41F0004130BD14F580043F
:100420003CBF01F5801130BD01F0004545F0FE41B3
:1004300041F470014FF0000030BD7FEA645C1ABFE8
:10044000194610467FEA655C1CBF0B46024650EA1F
:10045000013406BF52EA033591EA030F41F400214B
:1004600030BD00BF90F0000F04BF0021704730B5D1
:100470004FF4806404F132044FF000054FF00001A6
:1004800050E700BF90F0000F04BF0021704730B567
:100490004FF4806404F1320410F0004548BF40423C
:1004A0004FF000013EE700BF42004FEAE2014FEA91
:1004B00031014FEA02701FBF12F07F4393F07F4F6C
:1004C00081F06051704732F07F4208BF704793F06F
:1004D0007F4F04BF41F40021704730B54FF4607482
:1004E00001F0004521F000411CE700BF50EA010285
:1004F00008BF704730B54FF000050AE050EA01022E
:1005000008BF704730B511F0004502D5404261EB9D
:1005100041014FF4806404F132045FEA915C3FF4DE
:10052000D8AE4FF003025FEADC0C18BF03325FEA7B
:10053000DC0C18BF033202EBDC02C2F1200300FA2C
:1005400003FC20FA02F001FA03FE40EA0E0021FA51
:1005500002F11444BDE600BF70B54FF0FF0C4CF43F
:10056000E06C1CEA11541DBF1CEA135594EA0C0FF1
:1005700095EA0C0F00F0DEF82C4481EA030621EA2C
:100580004C5123EA4C5350EA013518BF52EA033567
:1005900041F4801143F4801338D0A0FB02CE4FF019
:1005A0000005E1FB02E506F00042E0FB03E54FF049
:1005B0000006E1FB03569CF0000F18BF4EF0010E41
:1005C000A4F1FF04B6F5007F64F5407404D25FEA3D
:1005D0004E0E6D4146EB060642EAC62141EA5551F0
:1005E0004FEAC52040EA5E504FEACE2EB4F1FD0C32
:1005F00088BFBCF5E06F1ED8BEF1004F08BF5FEAB0
:10060000500E50F1000041EB045170BD06F0004661
:1006100046EA010140EA020081EA0301B4EB5C040E
:10062000C2BFD4EB0C0541EA045170BD41F4801106
:100630004FF0000E013C00F3AB8014F1360FDEBF2B
:10064000002001F0004170BDC4F10004203C35DA07
:100650000C341BDC04F11404C4F1200500FA05F38A
:1006600020FA04F001FA05F240EA020001F000422B
:1006700021F0004110EBD37021FA04F642EB0601A1
:100680005EEA430E08BF20EAD37070BDC4F10C04CB
:10069000C4F1200500FA04F320FA05F001FA04F28F
:1006A00040EA020001F0004110EBD37041F100017B
:1006B0005EEA430E08BF20EAD37070BDC4F1200586
:1006C00000FA05F24EEA020E20FA04F301FA05F2EE
:1006D00043EA020321FA04F001F0004121FA04F296
:1006E00020EA020000EBD3705EEA430E08BF20EA66
:1006F000D37070BD94F0000F0FD101F000464000A0
:1007000041EB010111F4801F08BF013CF7D041EA21
:10071000060195F0000F18BF704703F00046520025
:1007200043EB030313F4801F08BF013DF7D043EAF6
:100730000603704794EA0C0F0CEA135518BF95EAAC
:100740000C0F0CD050EA410618BF52EA4306D1D133
:1007500081EA030101F000414FF0000070BD50EA52
:10076000410606BF1046194652EA430619D094EADC
:100770000C0F02D150EA013613D195EA0C0F05D1C6
:1007800052EA03361CBF104619460AD181EA03011A
:1007900001F0004141F0FE4141F470014FF00000D2
:1007A00070BD41F0FE4141F4780170BD70B54FF06D
:1007B000FF0C4CF4E06C1CEA11541DBF1CEA1355ED
:1007C00094EA0C0F95EA0C0F00F0A7F8A4EB0504CF
:1007D00081EA030E52EA03354FEA013100F08880C6
:1007E0004FEA03334FF0805545EA131343EA12638F
:1007F0004FEA022245EA111545EA10654FEA002644
:100800000EF000419D4208BF964244F1FD0404F5FC
:10081000407402D25B084FEA3202B61A65EB030558
:100820005B084FEA32024FF480104FF4002CB6EB15
:10083000020E75EB030E22BFB61A754640EA0C0095
:100840005B084FEA3202B6EB020E75EB030E22BFD5
:10085000B61A754640EA5C005B084FEA3202B6EB16
:10086000020E75EB030E22BFB61A754640EA9C00D5
:100870005B084FEA3202B6EB020E75EB030E22BFA5
:10088000B61A754640EADC0055EA060E18D04FEA63
:10089000051545EA16754FEA06164FEAC30343EA03
:1008A00052734FEAC2025FEA1C1CC0D111F4801FD0
:1008B0000BD141EA00014FF000004FF0004CB6E7C9
:1008C00011F4801F04BF01430020B4F1FD0C88BF68
:1008D000BCF5E06F3FF6AFAEB5EB030C04BFB6EB73
:1008E000020C5FEA500C50F1000041EB045170BD66
:1008F0000EF0004E4EEA113114EB5C04C2BFD4EB93
:100900000C0541EA045170BD41F480114FF0000E16
:10091000013C90E645EA060E8DE60CEA135594EA92
:100920000C0F08BF95EA0C0F3FF43BAF94EA0C0F95
:100930000AD150EA01347FF434AF95EA0C0F7FF40A
:1009400025AF104619462CE795EA0C0F06D152EA5E
:1009500003353FF4FDAE1046194622E750EA410642
:1009600018BF52EA43067FF4C5AE50EA41047FF453
:100970000DAF52EA43057FF4EBAE12E74FF0FF3CB8
:1009800006E000BF4FF0010C02E000BF4FF0010C89
:100990004DF804CD4FEA410C7FEA6C5C4FEA430C02
:1009A00018BF7FEA6C5C1BD001B050EA410C0CBF51
:1009B00052EA430C91EA030F02BF90EA020F0020B3
:1009C000704710F1000F91EA030F58BF994208BF1A
:1009D00090422CBFD8176FEAE37040F001007047D7
:1009E0004FEA410C7FEA6C5C02D150EA013C07D12E
:1009F0004FEA430C7FEA6C5CD6D152EA033CD3D079
:100A00005DF8040B704700BF8446104662468C4672
:100A10001946634600E000BF01B5FFF7B7FF0028A5
:100A200048BF10F1000F01BD4DF808EDFFF7F4FFCE
:100A30000CBF012000205DF808FB00BF4DF808ED59
:100A4000FFF7EAFF34BF012000205DF808FB00BF7C
:100A50004DF808EDFFF7E0FF94BF012000205DF89E
:100A600008FB00BF4DF808EDFFF7CEFF94BF012053
:100A700000205DF808FB00BF4DF808EDFFF7C4FF4C
:100A800034BF012000205DF808FB00BF4FEA410C95
:100A90007FEA6C5C02D150EA013C0AD14FEA430C78
:100AA0007FEA6C5C02D152EA033C02D14FF00000B5
:100AB00070474FF0010070474FEA410212F50012F3
:100AC00015D211D56FF47873B3EB625212D94FEA95
:100AD000C12343F0004343EA505311F0004F23FA7F
:100AE00002F018BF404270474FF00000704750EAD4
:100AF000013005D111F0004008BF6FF00040704791
:100B00004FF00000704700BF4A0011D212F50012EA
:100B100011D20DD56FF47873B3EB62520ED44FEA55
:100B2000C12343F0004343EA505323FA02F07047D5
:100B30004FF00000704750EA013002D14FF0FF3013
:100B400070474FF0000070474FEA4102B2F1E043B6
:100B500024BFB3F5001CDCF1FE5C0DD901F0004CA4
:100B60004FEAC0024CEA5070B2F1004F40EB8300F4
:100B700008BF20F00100704711F0804F21D113F120
:100B80003872BCBF01F00040704741F480114FEA59
:100B90005252C2F11802C2F1200C10FA0CF320FAE2
:100BA00002F018BF40F001004FEAC1234FEAD323FF
:100BB00003FA0CFC40EA0C0023FA02F34FEA430369
:100BC000CCE77FEA625307D150EA01331EBF4FF0F2
:100BD000FE4040F44000704701F0004040F0FE400D
:100BE00040F40000704700BF0348044B834202D02A
:100BF000034B03B118477047CC010020CC01002003
:100C0000000000000548064B1B1AD90F01EBA30199
:100C1000491002D0034B03B118477047CC010020A4
:100C2000CC0100200000000010B5064C237843B929
:100C3000FFF7DAFF044B13B10448AFF30080012340
:100C4000237010BDCC010020000000000CD2000871
:100C500008B5054B1BB105490548AFF30080BDE859
:100C60000840FFF7CFBF00BF00000000D001002008
:100C70000CD2000808B5012007F0B8F84FF4C060A6
:100C800007F08AF840F2026007F086F840F203604D
:100C900007F082F840F2046007F07EF84FF4A0609D
:100CA00007F07AF840F2015007F076F840F2197038
:100CB00007F072F840F20E7007F06EF840F20F7015
:100CC00007F06AF840F20B6007F066F840F209603E
:100CD00007F062F840F20A6007F05EF840F20F6039
:100CE00007F05AF8BDE8084040F2117007F054B818
:100CF00070B505F069FFFFF7BDFF00F02FFA02F0B5
:100D000069FB02F0D3FA00F03DFC02F081FA02F038
:100D1000A7FA00F0CFFA00F0BBFB03F03BFCC5489C
:100D200009F0F4F9C44809F0F1F901230022022185
:100D3000C24809F083F9C248062105F02BFDC048DE
:100D400005F012FE002800F0AC81BE4DBE4C6B6970
:100D5000D4ED027A013304BF00236B612B690133A8
:100D600008BF0023F4EE677A08BF2B61F1EE10FA9A
:100D700080F19481BFEE007AF4EE477AF1EE10FA3A
:100D800000F08C81D4ED037AF4EE677AF1EE10FA7C
:100D900080F18181BFEE007AF4EE477AF1EE10FA2D
:100DA00000F07981D4ED067AF4EE677AF1EE10FA6C
:100DB00080F16E81BFEE007AF4EE477AF1EE10FA20
:100DC00000F066816B68D4ED077A013304BF01231C
:100DD0006B60AB68013304BF0023AB60EB68013389
:100DE00008BF4FF47A73F4EE677A08BFEB60F1EE58
:100DF00010FA80F11B81BFEE007AF4EE477AF1EE33
:100E000010FA00F01381D4ED087AF4EE677AF1EE6F
:100E100010FA80F10881BFEE007AF4EE477AF1EE25
:100E200010FA00F00081D4ED097AF4EE677AF1EE61
:100E300010FA80F1F580BFEE007AF4EE477AF1EE19
:100E400010FA00F0ED80D4ED127AF4EE677AF1EE4C
:100E500010FA80F1E280BFEE007AF4EE477AF1EE0C
:100E600010FA00F0DA80D4ED0A7AF4EE677AF1EE47
:100E700010FA80F1CF80BFEE007AF4EE477AF1EEFF
:100E800010FA00F0C780D4ED117AF4EE677AF1EE33
:100E900010FA80F1BB80BFEE007AF4EE477AF1EEF3
:100EA00010FA00F0B380D4ED0E7AF4EE677AF1EE2A
:100EB00010FA80F1A780BFEE007AF4EE477AF1EEE7
:100EC00010FA00F09F80D4ED177AF4EE677AF1EE15
:100ED00010FA80F19480BFEE007AF4EE477AF1EEDA
:100EE00010FA00F08C80D4ED187AF4EE677AF1EE07
:100EF00010FA80F18180BFEE007AF4EE477AF1EECD
:100F000010FA79D0D4ED147A5048514EF4EE677A45
:100F1000D4ED137AF1EE10FA64BF4E4B2365F4EE74
:100F2000677AD4ED167AF1EE10FA64BF4A4BE364A7
:100F3000F4EE677AD4ED157AF1EE10FA64BF474B00
:100F4000A365F4EE677AF1EE10FA64BF444B636573
:100F500003F0BAFD00214FF44472424809F0F7F85B
:100F60006A69A36AC6F8D82064202A69C6F8D42022
:100F7000B3663D4D05F04AFE6421304605F036F972
:100F80003A494FF4007206F1DC0009F02DF995E8BA
:100F9000070003F0F1F9002840F08B80344800F09E
:100FA00011FB344800F028FB00221146282006F0EF
:100FB000A1FE01220021142006F09CFE0022012146
:100FC000192006F097FE00220221262006F092FE4C
:100FD000294B062101221980DA7000244FF47A701F
:100FE00005F014FEAB880134002BF7D095E807001C
:100FF000234603F0D7F8F1E7204B236682E7204B26
:10100000E36570E74FF07E53A3635CE74FF07E53D8
:10101000636448E71B4BA36235E7184BA36422E7E0
:10102000194B63620FE7194B2362FCE60023E3616F
:10103000E9E600BF40D300084CD300086CD3000899
:10104000C0390020D8390020D83D0020BC3600200F
:101050009833002000004841000048C1000082424F
:10106000000082C2442E00208C330020F039002082
:10107000E8010020FC010020A83600200000A0406C
:101080000000FA430000A841000060410000FA425D
:101090000023A36196E6094BE36083E6084BA36057
:1010A00070E60849084800F06FFB084809F02EF880
:1010B0004BE6074809F02AF870E700BF000020421D
:1010C00000007A44D83D0020D839002088D3000899
:1010D000D8D3000808B514484FF4006106F082FD2B
:1010E0001248002107F088F8002211460F4807F047
:1010F0001BFA0E480022012107F016FA0B480022C5
:10110000022107F011FA00221146084807F0AEF953
:1011100006480022012107F0A9F9BDE8084003486C
:101120000022022107F0A2B900080140002C014072
:10113000024A136803431360FFF7CCBFD83E002078
:10114000014B1868704700BFD83E0020024A136860
:1011500023EA000313607047D83E002010B55048C2
:10116000012106F053FD4F48012106F04FFD4E4886
:101170004FF4A0530122182106F0DCFC4A484FF43A
:1011800000630122042106F0D5FC4FF40043012244
:101190004648102106F0CEFC44484FF4004106F0CA
:1011A0001FFD43484FF420430122182106F0C2FCE2
:1011B0003F484FF480430122482106F0BBFC4FF426
:1011C000805301223A48102106F0B4FC38484FF40D
:1011D000805106F005FD35484FF4006302221021CE
:1011E00006F0A8FC4FF4805303223048042106F097
:1011F000A1FC2E484FF4006106F0F4FC2B484FF49C
:10120000E0630322182106F095FC274803230422FB
:10121000002106F08FFC264801230422002106F05D
:1012200089FC21480C230422002106F083FC1F487E
:10123000F0230422002106F07DFC1B483023042209
:10124000002106F077FC4FF40053022216481021CB
:1012500006F070FC14484FF4005106F0C3FC13482C
:1012600004230122182106F065FC082301220F48FF
:10127000042106F05FFC01214FF4EA1006F0C6FCE1
:101280000B484FF480730222482106F053FCBDE85E
:10129000104007484FF400730322182106F04ABC9F
:1012A0000010200000023000001001400008014042
:1012B000000C014070B5714888B0002106F0E6F9D5
:1012C0006F4A704B01920024042503934FF400727F
:1012D0004FF400634FF48076029204930DEB050205
:1012E0004FF4805321466548ADF81C60CDE90553A5
:1012F0008DF81E4006F0E8F92146604806F022FA13
:1013000021465E4806F030FA5F4805F019FE5F4856
:1013100005F016FE4FF4803005F060FE31465A4865
:10132000012205F06BFE22465748022105F066FEB9
:1013300031465648012205F061FE224653480221FB
:1013400005F05CFE2146504805F080FE2A464E48D6
:10135000012105F085FE01224B48022105F080FEA7
:1013600021464A4805F072FE2A464848012105F008
:1013700077FE46480122022105F072FE23462146EF
:101380004148062205F08AFE23463F480F220121EC
:1013900005F084FE23463C480722022105F07EFE2C
:1013A000234639480822032105F078FE23462146CA
:1013B0003648052205F072FE234634480E220121EC
:1013C00005F06CFE23462A463048022105F066FEF1
:1013D00023462E480C22032105F060FE2A484FF4D4
:1013E0006022012105F006FF01221146264805F082
:1013F000E5FE26484FF46022012105F0FBFE0122A4
:101400001146224805F0DAFE234621461E480B22EB
:1014100005F09CFE234621461C480A2205F096FE54
:1014200019484FF4E042022105F0E4FE164801227B
:10143000022105F0C3FE15484FF4E042022105F0F9
:10144000D9FE01220221114805F0B8FE0E4805F030
:10145000BFFD0E4805F0BCFD0B4805F09FFD0B4895
:1014600005F09CFD012005F0D1FB074805F09EFD2D
:10147000064805F09BFD08B070BD00BF00000240AB
:101480004C240140E03E002000240140002801409F
:1014900070B5384888B0042106F0F8F83649374A64
:1014A00001914FF48063012400254FF4807603926C
:1014B000049301AA4FF480532E4806930421ADF8FB
:1014C0001C6002968DF81E50059406F0FDF8294820
:1014D000042106F037F90421264806F045F928488A
:1014E00005F02EFD22463146254805F087FD2A46A7
:1014F0002348022105F082FD2946214805F0A6FD7A
:10150000224621461E4805F0ABFD22461C4802211A
:1015100005F0A6FD2B46294619480D2205F0BEFD13
:10152000214617484FF4602205F064FE224621460A
:10153000134805F043FE2B46294611480D2205F0BD
:1015400005FE0F484FF4E042022105F053FE22460B
:1015500002210B4805F032FE094805F039FD084824
:1015600005F01CFD204605F051FB054805F01EFD69
:1015700008B070BD000402404C3C0140DC3E00203D
:10158000003C014000B585B001A9002005F088FEAF
:101590000A4805F073FE0A484FF48072CDE9010253
:1015A0004FF4802301A90548039305F0ABFE0348DF
:1015B000022106F067F805B000BD00BF00640040DE
:1015C0000000090300B5014687B0032005F068FE5E
:1015D00001A9012005F064FE00234FF480310122AF
:1015E00001A8CDE90133CDE903318DF8142005F0D0
:1015F0001BFF07B000BD00BF00B583B001460190DE
:10160000022005F04DFE054A01999068086000230C
:1016100006228A724B600B8103B000BDD8390020CE
:10162000F0B52DED028B1E4D83B00446F0EE608ABE
:10163000B0EE418AD5ED130A95ED141A01911020F0
:1016400004F04AFC95ED161AD5ED150A0746B0EEE2
:10165000680A0C2004F040FCD5ED030A95ED0E7AE3
:10166000D5ED117A60EEC70A064660EEA70AB0EE25
:10167000480AB1EE601A0C2004F02EFC0312019906
:10168000E17203EB06137ABA3111E3730023A173FD
:10169000A28120746374A37403B0BDEC028BF0BD0F
:1016A000D83D002084B0F0B52DED028B83B00AAC9C
:1016B00084E80F009DF836309DF835709DF839208C
:1016C0009DF83760BDF833002D4C9DF838E09DF84B
:1016D0003A10D4ED140A94ED130A0F9D9FED298A58
:1016E0004FEA032C1B0943EA07170CF470631E43EF
:1016F000130240BA120903F470630B4342EA0E125C
:1017000080B210210092019304F0FAFB85ED000AEB
:10171000D4ED160A94ED150A38460C2104F0F0FBBE
:1017200085ED010AD4ED170A3046B0EE480A0C21C7
:1017300004F0E6FB85ED020AD4ED180A00980C21AE
:10174000B0EE480A04F0DCFB85ED030A94ED030AD1
:1017500094ED0E7AD4ED117A019820EE470A0C210F
:1017600020EE270AF1EE400A04F0CAFB85ED040AD8
:1017700003B0BDEC028BBDE8F04004B0704700BF81
:10178000D83D00200000000070B54FF480620C4688
:101790000546002108F0DBFC01264FF48072002191
:1017A000204608F0D4FC6E60002300224FF47A76C5
:1017B000C5E904222A60AA60EE60154ADFED156AC9
:1017C0009FED157ADFED157AA3614FF07E51E3614D
:1017D0006363E3632364124BDFF858E0DFF858C01B
:1017E0001048A1636164A2640F49236522660F4B10
:1017F0000F4AC4ED026A84ED037AC4ED087AC4F896
:1018000054E0C4F858C0E164E0656262A36270BD50
:101810000000A04000007A44000020420000FA428C
:10182000000048410000FA43000048C10000A84100
:1018300000006041000082C20000824270B50E4686
:101840001E49A0F1040E00F57F754FF0FF305EF8E1
:10185000044F4FF0000C24FA0CF3DBB2584008227E
:1018600040F300030B40013A83EA5000F8D10CF139
:10187000080CBCF1200FEED17545E8D10F49B646F2
:1018800006F58075DEF800404FF0000C24FA0CF3EA
:10189000DBB25840082240F300030B40013A83EAD0
:1018A0005000F8D10CF1080CBCF1200FEED10EF174
:1018B000040EAE45E6D1C04370BD00BF2083B8ED35
:1018C0000368012B00F22C8243687F2B00F22882F0
:1018D00083687F2B00F22482C368DE4A013B934277
:1018E00000F21E820369DFF8A4C34FF6FF721344AF
:1018F000634500F2158243691A44624500F2108282
:10190000D1ED027A9FEDD47AF0EEE76AF4EE476A01
:10191000F1EE10FA00F20482DFEDDD6AF4EEE67A11
:10192000F1EE10FAC0F2FC81DFEDCC6AF4EEE67A5B
:10193000F1EE10FA00F2F481D1ED037AF0EEE76AED
:10194000F4EE476AF1EE10FA00F2EA819FEDC47AF4
:10195000F4EEC77AF1EE10FAC0F2E2819FEDC17A9F
:10196000F4EEC77AF1EE10FA00F2DA81D1ED064A10
:10197000DFEDB96AB0EEE47AB4EE667AF1EE10FA11
:1019800000F2CE81F5EEC04AF1EE10FAC0F2C88145
:101990009FEDB57AF4EEC74AF1EE10FA00F2C0817D
:1019A00091ED077AB0EEC76AB4EE666AF1EE10FA0E
:1019B00000F2B681B5EEC07AF1EE10FAC0F2B08155
:1019C0009FEDB36AB4EEC67AF1EE10FA00F2A88188
:1019D00091ED087AB0EEC76AB4EE666AF1EE10FADD
:1019E00000F29E81F7EE006AB4EEE67AF1EE10FAAC
:1019F000C0F29681DFED9D6AB4EEE67AF1EE10FA60
:101A000000F28E8191ED095ADFED936AB0EEC57A4E
:101A1000B4EE667AF1EE10FA00F282819FED907AD0
:101A2000B4EEC75AF1EE10FAC0F27A819FED907AC7
:101A3000B4EEC75AF1EE10FA00F2728191ED0A7A13
:101A4000B0EEC76AB4EE666AF1EE10FA00F2688191
:101A5000B7EE006AB4EEC67AF1EE10FAC0F2608119
:101A60009FED846AB4EEC67AF1EE10FA00F2588166
:101A700091ED0D7AB0EEC76AB4EE666AF1EE10FA37
:101A800000F24E81B5EEC07AF1EE10FAC0F2488154
:101A9000DFED7F6AB4EEE67AF1EE10FA00F24081F3
:101AA000D1ED0E6A9FED6C7AB0EEE66AB4EE476A4D
:101AB000F1EE10FA00F234819FED6F6AF4EEC66A1F
:101AC000F1EE10FAC0F22C81B2EE046AF4EEC66AAE
:101AD000F1EE10FA00F22481D1ED0F6AB0EEE66A61
:101AE000B4EE476AF1EE10FA00F21A81F5EEC06A20
:101AF000F1EE10FAC0F214819FED606AF4EEC66A4E
:101B0000F1EE10FA00F20C81D1ED106AB0EEE66A47
:101B1000B4EE476AF1EE10FA00F20281F5EEC06A07
:101B2000F1EE10FAC0F2FC809FED556AF4EEC66A41
:101B3000F1EE10FA00F2F480D1ED116AB0EEE66A2F
:101B4000B4EE476AF1EE10FA00F2EA809FED4D7AAA
:101B5000F4EEC76AF1EE10FAC0F2E2809FED477A28
:101B6000F4EEC76AF1EE10FA00F2DA80D1ED126AF3
:101B70009FED397AB0EEE66AB4EE476AF1EE10FAFC
:101B800000F2CE809FED366AF4EEC66AF1EE10FAEE
:101B9000C0F2C680B3EE046AF4EEC66AF1EE10FA43
:101BA00000F2BE80D1ED135AF0EEE56AF4EE476A1A
:101BB000F1EE10FA00F2B480DFED336AF4EEE65A8B
:101BC000F1EE10FAC0F2AC80F5EEC05AF1EE10FA68
:101BD00000F2A68091ED146AF0EEC66AF4EE476A50
:101BE000F1EE10FA00F29C80B5EEC06AF1EE10FA48
:101BF000C0F296809FED214AB4EEC46AF1EE10FA6D
:101C000000F28E80D1ED156AB0EE473AB0EEE67A7A
:101C1000B4EE437AF1EE10FA00F282809FED1A7A68
:101C2000F4EEC76AF1EE10FA7ADBF5EEC06AF1EE77
:101C300010FA75D891ED167AF0EEC73AF4EE433A01
:101C4000F1EE10FA6CD8B5EEC07AF1EE10FA67DB5F
:101C500020E000BF9F860100FFFF7F7F0000FA4465
:101C6000CDCCCC3D00007042000004420000164381
:101C7000000020420000804217B7D13800007A44AB
:101C80000050C3476F12833A00007AC4FEFF010080
:101C90000000C842B4EEC47AF1EE10FA40D8D1ED9B
:101CA000173AF0EEE32AF4EE432AF1EE10FA37D8B1
:101CB000F5EEC03AF1EE10FA32DBF4EEC43AF1EE92
:101CC00010FA2DD891ED184AF0EE433AB0EEC43A2E
:101CD000B4EE633AF1EE10FA22D8B5EEC04AF1EE56
:101CE00010FA1DDB5FED163AB4EEE34AF1EE10FA9E
:101CF00016D8F4EEE47AF1EE10FA11DBF4EEC57AC0
:101D0000F1EE10FA0CDBF4EEC65AF1EE10FA07D53C
:101D1000F4EEC76AF1EE10FA4CBF012000207047C4
:101D20000020704730B5DFF83CC083B06045069DA9
:101D3000079C02D0002003B030BD0229FAD1B2F5D1
:101D4000A07FF7D1214628460193FFF777FD019B3D
:101D50009842EFD12146284603B0BDE83040FFF756
:101D6000AFBD00BF4154484E401A0028D4BF0020E8
:101D70000120704740B12AB15B1A002BD4BF00206C
:101D8000012070471046704782420CBF4FF0FF3071
:101D90000120704711B10AB1082B01D00020704713
:101DA000009BC01AB3F5006FB0FA80F04FEA5010F4
:101DB00028BF0020704700BF431E00F1060C13F837
:101DC000012FFF2A09D16345F9D1C279131DDBB276
:101DD000022B02D80A70012070470020704700BF14
:101DE00038B5C0F30D0444F4804440F44045204627
:101DF0000BF0C6F9002814BF2846204638BD00BFA6
:101E0000084310B5C0F30D0420460BF0B9F944EABD
:101E1000C03080B210BD00BF10B504460BF0B0F961
:101E200028B914F4804F18BF6FF0010010BD4FF0B7
:101E3000FF3010BDC0F30D00C1F30D01401AB0F525
:101E4000005F03DDA0F5804000B2704710F5005F31
:101E5000B8BF00F5804000B2704700BF0378A52BE3
:101E600029D143785A2B26D18378012B23D110B561
:101E700083790C46CBB9DFF84CE0421E811D00236C
:101E800012F801CF83EA0C0391421EF80330F7D118
:101E9000C2799A4212D1C37823700379637043796F
:101EA000A3708379E370002010BDC378072BE2D0C4
:101EB0004FF0FF3010BD4FF0FF3070476FF0010062
:101EC00010BD00BF28D2000890F800C06CF07F0C55
:101ED00083F800C090F801C083F801C08078987042
:101EE0004FEA122CD970100C110E1A7183F805C02C
:101EF0009871D971704700BF164B1B7803B97047B2
:101F000030B5154C237883B0DBB2CDE900310546FE
:101F100004F094FE009B114A019903EB430C4FEA35
:101F20008C0E013342F80E0002EB8C0203F01F030B
:101F30000B4815719160237003781F2B04D8037828
:101F40000133037003B030BD064A136801331360D8
:101F500003B030BDFA3E0020F93E0020FC3E0020D8
:101F6000F83E0020F43E00202DE9F0418A4C016843
:101F7000236840F201720133914288B0236006D198
:101F8000037A23B9437A13B9827A082A05D0A36861
:101F90000133A36008B0BDE8F08102A90B300093C3
:101FA000FFF75CFF18B1E3680133E360F2E704F088
:101FB00045FE7A49009B0A68821A132A844640F239
:101FC0003C8162680860013262609DF80820062A40
:101FD00000F01482072A00F03881032A01F2AA8057
:101FE000DFE802F0A59B19029DF80A100F2900F204
:101FF000A380DFE811F002010001FE00FC00FA00FE
:10200000F800F600F400A100F000EC00E800E400A5
:10201000E000A100DD009DF80A207A2A00F28C8001
:10202000DFE812F0FB07F407ED07950790078C0730
:1020300079028A008A0005012F082B0824081D0850
:1020400013080B0806080108820778078A008A002F
:102050008A008A00FF00F100EE007302F100FF0029
:10206000EE008A008A008A008A008A008A008A00BC
:102070008A008A008A008A008A008A008A008A0010
:102080008A008A008A008A008A008A008A008A0000
:102090008A008A002C042604FF006A0863085B0893
:1020A00053084B0843083B0833087007680760076C
:1020B00058075007480740071D0715070D07050774
:1020C000FD06F506ED06E506DB0685066A063B0617
:1020D0002006EA05E005CE05B30580053E051A0594
:1020E000FF04E704DC04D004B5040A04F003CA03C7
:1020F00092037203580332031803F202DB02C80290
:10210000AE029402880285027D02A60405019D04A8
:102110007F0473043A043204D5009DF80A100429A0
:1021200001F20580DFE801F0423432302E009DF8E4
:102130000A20002A00F07281012321690131002266
:10214000216103A90220CDE9003205F0A9F800239E
:102150000493ADF8143040F2817303930823DDE952
:10216000001202A88DF816300DF11703FFF7ACFE30
:102170000B4803A905F0D2F9032862D0A369013303
:10218000A36107E7074ADCE7074ADAE70F22D8E747
:102190004FF48032D5E700BF84400020F03E00209D
:1021A0000064004001E8030001D1E0A79C4AC8E7B1
:1021B0009C4A1268C5E79C4AD2F80823C1E79A4AAC
:1021C000D2F80423BDE7984AD2F80023B9E7974A2A
:1021D000D2F8FC22B5E7944AD2F8FC22B1E7E269D2
:1021E000AFE7A269ADE76269ABE72269A9E7E268F8
:1021F000A7E7A268A5E76268A3E722680B46A0E705
:1022000040F215429DE78A4A9FED8A7AD2ED037A21
:1022100089498A4AB4EEE77AF1EE10FAB8BF0A4665
:102220008FE7009301F080FC009B024689E77F491D
:102230000A89C96842EA014283E76369013363613D
:10224000A8E6E3690133E361A4E69DF80A20013AB8
:102250000B2A00F26F87DFE812F0CA00C200BA0052
:102260009900A6008F00790061004C003700210022
:102270000C0073489DF80B2001788A42BFF45CAFD4
:102280007049097800782031091A0A446E4902F031
:102290001F020C2000FB0212926852E768489DF86A
:1022A0000B2001788A42BFF447AF6649097800786D
:1022B0002031091A0A44644902F01F020C2000FB75
:1022C00002121279D2B23CE75D489DF80B200178EA
:1022D0008A42BFF431AF5B49097800782031091A8E
:1022E0000A4402F01F020C20574900FB02F28A58F0
:1022F00027E75449524800220A70544902700A6084
:10230000534A1278007842EA00220868B0F5803F0C
:1023100036BF09684F4909040A4312E74C4A4FF097
:10232000000C82F800C01178002940F0AA804448CF
:1023300046491278007842EA00220868B0F5803FEA
:1023400036BF0968434909040A43FAE6404A3C4853
:10235000012111701178002940F088803B491278E2
:10236000007842EA00220868B0F5803F36BF09686D
:10237000384909040A43E4E63748028882B11B2140
:10238000009303F0B7FC009B0122DAE69DF80B20D6
:10239000013AD2B2132A03D82F4A1288002A7AD0DF
:1023A00002230022CDE62C4A11880029F8D100939F
:1023B000FEF7C6FE0028F3D11B4991F8DD12002973
:1023C000EED025487A2103F095FC009BDCE72248FB
:1023D0000093652103F08EFC009B0322B1E61E48AA
:1023E00000936D2103F086FC009B0222A9E61A48A7
:1023F00000931B2103F07EFC009BC5E7174A9DF864
:102400000910174C174B11701748C4F800C001226F
:102410004FF400611A7005F0E3FBBBE5004A90E65B
:102420004154484EA440002098330020BC36002080
:10243000D83D002000002042A0008002A000C00281
:10244000F83E0020F93E0020FC3E0020F43E002033
:10245000FA3E00200000FFFFA83600208040002048
:102460007C4000208140002000080140C349C44D49
:102470004FF0000C85F800C080F800C0C1F800C023
:102480006DE7BF49BF4881F800C0BC4980F800C073
:10249000C1F800C04DE70093FEF752FE00287FF41C
:1024A0007FAFB94A9288002A7FF47AAFB74A92F890
:1024B000DD22002A3FF474AFB54A92F8F522002AD3
:1024C0003FF46EAF00F180404FF4805100F584304E
:1024D00005F090FB00283FF463AF9DF80B309FEDB3
:1024E000AD7AAD4AAD4807EE903AF8EE677A6321CF
:1024F00067EE877AC2ED127A03F0FCFB9DF80B20A1
:10250000009B642101FB02F21BE6009301F0E0FC5A
:10251000009B024615E69D4AD2F8802011E69E49AE
:102520009F480093FFF78AF9009B024609E69C4A00
:10253000526906E695499A4AD1ED1A7A1268FCEE7C
:10254000E77A17EE901A42EA0142FAE5924A9FEDC5
:10255000957AD2ED0A7AF4EEC77AF1EE10FA70DAD3
:102560009FED917AF4EEC77AF1EE10FA66D99FEDFD
:102570008F7A67EE877AFDEEE77A17EE902AE0E52C
:102580008B4A9FED887AD2ED557AF4EEC77AF1EE58
:1025900010FA1FDA9FED847AF4EEC77AF1EE10FAA2
:1025A00015D99FED827A67EE877AFDEEE77A17EE0E
:1025B000902AC6E57E4A9FED7F7AD2ED5E7A67EE7D
:1025C000877AFCEEE77A17EE902A92B2B9E54FF0DF
:1025D0000042B6E56FF00042B3E5754ADFED756A7B
:1025E000D2ED5C7A92ED5D7A67EEA67A27EE267AD6
:1025F000FCEEE77ABCEEC77A17EE902A17EE101AB7
:1026000092B242EA01429CE5694A9FED667AD2EDB8
:102610005B7AF4EEC77AF1EE10FA18DA9FED627A7F
:10262000F4EEC77AF1EE10FA0ED99FED607A67EEFC
:10263000877AFDEEE77A17EE902A82E54FF00042A6
:102640007FE56FF000427CE54FF0004279E56FF0E6
:10265000004276E5564A9FED537AD2ED5A7AF4EE6F
:10266000C77AF1EE10FA2CDA9FED4F7AF4EEC77AC2
:10267000F1EE10FA22D99FED4D7A67EE877AFDEEE2
:10268000E77A17EE902A5CE5494A9FED467AD2ED4B
:10269000597AF4EEC77AF1EE10FA18DA9FED427A21
:1026A000F4EEC77AF1EE10FA0ED99FED407A67EE9C
:1026B000877AFDEEE77A17EE902A42E54FF0004266
:1026C0003FE56FF000423CE54FF0004239E56FF026
:1026D000004236E5364A9FED337AD2ED587AF4EE71
:1026E000C77AF1EE10FA2CDA9FED2F7AF4EEC77A62
:1026F000F1EE10FA22D99FED2D7A67EE877AFDEE82
:10270000E77A17EE902A1CE5294A9FED267AD2ED4A
:10271000577AF4EEC77AF1EE10FA70DA9FED227A6A
:10272000F4EEC77AF1EE10FA66D99FED207A67EEE3
:10273000877AFDEEE77A17EE902A02E54FF0004225
:10274000FFE46FF00042FCE4194A9FED167AD2EDE7
:10275000567AF4EEC77AF1EE10FA4ADA9FED127A61
:10276000F4EEC77AF1EE10FA40D99FED107A67EED9
:10277000877AFDEEE77A17EE902AE2E4F43E002035
:10278000F93E0020F83E00208C33002098330020D2
:10279000BC360020CDCCCC3DD83D0020A836002052
:1027A000D83900206C12034A6C1203CA00007A4424
:1027B0001032002000401C46C74A9FEDC87AD2ED77
:1027C000547AF4EEC77AF1EE10FA4EDA9FEDC47A3D
:1027D000F4EEC77AF1EE10FA44D99FEDC27A67EEB3
:1027E000877AFDEEE77A17EE902AAAE44FF00042CE
:1027F000A7E46FF00042A4E44FF00042A1E46FF0C0
:1028000000429EE4B84A9FEDB57AD2ED067AF4EE26
:10281000C77AF1EE10FA22DA9FEDB17AF4EEC77AB8
:10282000F1EE10FA18D99FEDAF7A67EE877AFDEED8
:10283000E77A17EE902A84E4AC4AAD491278097819
:1028400042EA0122AB490868B0F5803F36BF09680B
:10285000A94909040A4374E44FF0004271E46FF09F
:1028600000426EE44FF000426BE46FF0004268E417
:10287000009301F053F9009B024662E4009301F0DB
:1028800047F9009B02465CE49C4AD2F8F81292F8A1
:10289000F52242EA012254E498499FED997AD1ED5C
:1028A000067AF4EEC77AF1EE10FA80F236849FEDE4
:1028B000957AF4EEC77AF1EE10FA40F22B849FED90
:1028C000897A67EE877AFDEEE77A17EE902AD1EDE6
:1028D000077A9FED8B7AF4EEC77AF1EE10FA92B296
:1028E00080F214849FED877AF4EEC77AF1EE10FA45
:1028F00040F209849FED7B7A67EE877AFDEEE77AF6
:1029000017EE901A42EA01421BE47C4A9FED7E7A60
:10291000D2ED1C7A67EE877AFCEEE77A17EE902A02
:102920000FE476498A68D1F89800121AB2F5004F80
:1029300080F2FA8375488242B8BF0246C868D1F86F
:102940009C10411AB1F5004F92B280F2EA836F48B1
:102950008142B8BF014642EA0142FFF7F2BB674934
:10296000B1F89820D1F89C1042EA0142FFF7E9BB88
:102970006749684ADFF8A8C101F5007E51F8040FE5
:1029800042408E450CFB02F2F8D1FFF7DABB624AF7
:102990009FED527AD2ED127AF4EEC77AF1EE10FA88
:1029A00018DA9FED4F7AF4EEC77AF1EE10FA0DD9EE
:1029B0009FED4C7A67EE877AFDEEE77A17EE902A64
:1029C000FFF7BFBB484AD269FFF7BBBB4FF00042DD
:1029D000FFF7B7BB6FF00042FFF7B3BB42498A8DE8
:1029E000087891F82010120442EA00220A43FFF707
:1029F000A8BB3D49494A107892F801C00A7C1204EC
:102A000042EA0C22024391F8210042EA006291F866
:102A1000220091F8241042EA406242EA8162FFF704
:102A200090BB364A9FED2D7AD2ED377AF4EEC77A15
:102A3000F1EE10FA30DA9FED2A7AF4EEC77AF1EE71
:102A400010FA25D99FED277A67EE877AFDEEE77AAF
:102A500017EE902AFFF775BB284A9FED207AD2ED3A
:102A6000367AF4EEC77AF1EE10FA80F282809FEDAA
:102A70001C7AF4EEC77AF1EE10FA76D99FED197A46
:102A800067EE877AFDEEE77A17EE902AFFF759BBDB
:102A90004FF00042FFF755BB6FF00042FFF751BB0C
:102AA000164A9FED0E7AD2ED357AF4EEC77AF1EE42
:102AB00010FA56DA9FED0A7AF4EEC77AF1EE10FAC0
:102AC0004BD99FED087A67EE877AFDEEE77A17EE2D
:102AD000902AFFF736BB00BF103200206C12034A69
:102AE0006C1203CA00007A4410020020FA3E002053
:102AF000F83E0020F43E00200000FFFFBC3600201E
:102B0000681103426F1203C2002474490080FFFF62
:102B1000EC390020C59D1C81D83D0020A83600203E
:102B200093010001D24A9FEDD37AD2ED347AF4EECC
:102B3000C77AF1EE10FA24DA9FEDCF7AF4EEC77A75
:102B4000F1EE10FA19D99FEDCD7A67EE877AFDEE96
:102B5000E77A17EE902AFFF7F4BA4FF00042FFF73A
:102B6000F0BA6FF00042FFF7ECBA4FF00042FFF707
:102B7000E8BA6FF00042FFF7E4BA4FF00042FFF707
:102B8000E0BA6FF00042FFF7DCBAB94A9FEDB97ABC
:102B9000D2ED337AF4EEC77AF1EE10FA1EDA9FED39
:102BA000B67AF4EEC77AF1EE10FA13D99FEDB37A44
:102BB00067EE877AFDEEE77A17EE902AFFF7C1BA43
:102BC000AF49D1F83C2CD1F82C1C92B242EA014218
:102BD000FFF7B7BA4FF00042FFF7B3BA6FF0004209
:102BE000FFF7AFBAA649D1F8342CD1F8381C92B20D
:102BF00042EA0142FFF7A5BA9D499FEDA27AD1EDC5
:102C0000057AF4EEC77AF1EE10FA72DA9FED9E7A49
:102C1000F4EEC77AF1EE10FA69D99FED987A67EE73
:102C2000877AFDEEE77A17EE902AD1ED067A9FEDCE
:102C3000957AF4EEC77AF1EE10FA92B254DA9FED7B
:102C4000927AF4EEC77AF1EE10FA4BD99FED8B7AB7
:102C500067EE877AFDEEE77A17EE901A42EA0142B4
:102C6000FFF76FBA824A9FED837AD2ED117AF4EEC4
:102C7000C77AF1EE10FA31DA9FED7F7AF4EEC77A77
:102C8000F1EE10FA26D99FED7D7A67EE877AFDEE98
:102C9000E77A17EE902AFFF754BA754A9FED757AD6
:102CA000D2ED2A7AF4EEC77AF1EE10FA80F2918032
:102CB0009FED717AF4EEC77AF1EE10FA40F285805A
:102CC0009FED6E7A67EE877AFDEEE77A17EE902A2F
:102CD000FFF737BA4FF00042FFF733BA6FF0004208
:102CE000FFF72FBA6949B9E747F6FF71B6E7674AB8
:102CF0009BE747F6FF7298E7654A9FED5E7AD2ED53
:102D0000037AF4EEC77AF1EE10FA5ADA9FED5A7AA6
:102D1000F4EEC77AF1EE10FA4FD99FED587A67EECC
:102D2000877AFDEEE77A17EE902AFFF70ABA00934A
:102D300001F0CEF8574A9288151E4D4A92F8F522B6
:102D400018BF0125161E544A92F8DD22804618BF8E
:102D500001264FF40061171E504818BF012704F0E8
:102D60004FFF011E4648D0F8442CC2F3C03CD0F8B7
:102D7000202CD0F8203CD0F820EC4FEA821202F050
:102D800040020EF4807E42EA0E0242EA450242EA26
:102D9000860242EAC702C3F3001042EA4C1242EA3A
:102DA000C01218BF0121B8F1000F18BF42F0010294
:102DB000009B42EA0112FFF7C4B94FF00042FFF74F
:102DC000C0B96FF00042FFF7BCB94FF00042FFF707
:102DD000B8B96FF00042FFF7B4B93149CA78487802
:102DE0000978120442EA00220A43FFF7AAB90E202A
:102DF000009300F0B5FE009B0246FFF7A2B90D203C
:102E0000009300F0ADFE009B0246FFF79AB90C203C
:102E1000009300F0A5FE009B0246FFF792B90B203D
:102E2000009300F09DFE009B0246FFF78AB90A203E
:102E3000009300F095FE009B0246FFF782B909203F
:102E4000009300F08DFE009B0246FFF77AB9082040
:102E5000009300F085FE009B0246FFF772B9072041
:102E6000009300F07DFE009B0246FFF76AB900BFA9
:102E7000BC3600206C12034A6C1203CA00007A446C
:102E800000200140681103426F1203C20080FFFF5F
:102E9000D83D00208C3300209833002000080140EA
:102EA000A83600200620009300F05AFE009B024640
:102EB000FFF747B90520009300F052FE009B024641
:102EC000FFF73FB90420009300F04AFE009B024642
:102ED000FFF737B90320009300F042FE009B024643
:102EE000FFF72FB90220009300F03AFE009B024644
:102EF000FFF727B90120009300F032FE009B024645
:102F0000FFF71FB90020009300F02AFE009B024645
:102F1000FFF717B98949D1F83C2CD1F82C1C92B293
:102F200042EA0142FFF70DB98449D1F8342CD1F8B7
:102F3000381C92B242EA0142FFF703B9804A926F0D
:102F4000FFF7FFB87E4AD2F8E022FFF7FAB84FF455
:102F500080517C48009304F04DFE4FF4006106461A
:102F6000784804F04DFE031E74487749D0F8442C8D
:102F7000C2F3C035D1F81824D1F818E4D1F81814E8
:102F8000C1F3800CD0F8201C4FEA42124FEA012115
:102F900001F4807102F0200242EA0102684991F8CE
:102FA000DD1218BF0123003918BF012142EA430294
:102FB00042EAC1026549009B91F8F512003918BF39
:102FC000012142EA0112CEF3400E42EA850242EAB2
:102FD0008E1242EACC12D0F820CCD0F8201CCCF3D0
:102FE000001042EA4022C1F3002142EA8122002E71
:102FF00008BF42F0010242F00042FFF7A2B800937E
:10300000FEF79EF8009B0246FFF79BB8009303F083
:1030100015FE009B0246FFF794B84C491346D1F8C1
:10302000F822FFF78EB8494AD2F8B420FFF789B8E2
:10303000454AD2F81824FFF784B8414991F8DE22B6
:1030400052B1D1F8E622FFF77CB8414AD188128903
:1030500042EA0142FFF775B80323FFF772B83C4A12
:103060005188928842EA0142FFF76BB8384A518989
:10307000128842EA0142FFF764B8354AD268FFF786
:1030800060B8324A128AFFF75CB80520009300F05E
:103090005DFD009B0246FFF754B80420009300F04A
:1030A00055FD009B0246FFF74CB80320009300F04B
:1030B0004DFD009B0246FFF744B80220009300F04C
:1030C00045FD009B0246FFF73CB80120009300F04D
:1030D0003DFD009B0246FFF734B80020009300F04E
:1030E00035FD009B0246FFF72CB8009300F028FD49
:1030F000009B0246FFF725B8009300F01BFD009BE4
:103100000246FFF71EB81349FFF7FCBB47F6FF71F5
:10311000FFF7F8BB0F4AFFF7DABB47F6FF72FFF77E
:10312000D6BB47F6FF7116E447F6FF7206E4134676
:10313000FFF703B80423FFF700B800BF00200140E9
:10314000983300200008014000600040BC36002099
:10315000E03E00200080FFFFF0B5244C227887B0CD
:103160000AB907B0F0BD03F069FD214A1268801A60
:103170000928F6D91F4B204A5968157818681A890A
:1031800000F04CFE1B4B074659681A89186800F07E
:1031900055FE4FF400610646184804F023FD4FF039
:1031A00000012170022001A904F07AF84FF000001C
:1031B000ADF80C00ADF8020040F2817001900820DB
:1031C0008DF80E00062047EA06420DF10F038DF838
:1031D0000000002168468DF80150FEF775FE01A938
:1031E000074804F09BF907B0F0BD00BF8140002004
:1031F0007C4000208C3300208040002000080140EB
:1032000000640040014B1878704700BF81400020E7
:1032100000B5114889B004F095FE9FED0D7B4FF489
:1032200000724FF4827100234FF40060CDE9001367
:10323000CDE9020218236946074806938DED047B09
:1032400004F0AEFE044804F0C5FE09B000BD00BFA6
:1032500000000000010000000038004000000000F5
:1032600000B5114889B004F06DFE9FED0D7B4FF461
:1032700000724FF4827100234FF40060CDE9001317
:10328000CDE9020210236946074806938DED047BC1
:1032900004F086FE044804F09DFE09B000BD00BFA6
:1032A0000000000001000000003C004070B54848EC
:1032B0008CB004F0A1FE08A8002404F013FF01253F
:1032C0004FF400134FF4FA6208A9414808930A9298
:1032D00009948DF82C5004F00DFF3D4805F064F979
:1032E00021463B4805F04AF92946394805F04EF990
:1032F000374804F057FF01A804F088FF022601AA0E
:10330000214633480394CDE9015604F085FF214658
:103310002F48602205F082F821462D48042205F04E
:10332000DBF821462A48082205F0AEF8224621465D
:10333000274805F09BF801AA2946254804F06CFFB0
:1033400029462348602205F069F8294620480422CE
:1033500005F0C2F829461E48082205F095F82246D5
:1033600029461B4805F082F801AA3146184804F0A6
:1033700053FF31461648602205F050F83146144894
:10338000042205F0A9F831461148082205F07CF81E
:10339000224631460E4805F069F804A804F010FFF3
:1033A0004FF0005304A90A480694CDE90443ADF850
:1033B0001C4004F00BFF2146054804F01DFF294680
:1033C000034804F0F5FE024804F0E6FE0CB070BDC0
:1033D000002C014008B50D4805F0ECF80B484FF4FF
:1033E000E13105F033F90948042105F06FF90821AE
:1033F000064805F065F9054805F05CF9BDE80840A8
:10340000024840F2053105F077B900BF00440040A2
:1034100038B50546E9B20C4805F05EF941F2010401
:1034200001E0013C07D00848072105F05DF90028BC
:10343000F7D0284638BD054A13684FF0FF350133F1
:103440001360284638BD00BF00440040A44000205F
:10345000F0B52DED028B9B4D1446002285B02A60FD
:103460000E46217C0746002900F08480E168DFEDEC
:10347000966A5B1A07EE903AF8EEE77AB7EE007AB2
:1034800067EEA67AF4EEC77AF1EE10FAC4ED057A8B
:103490007AD4F0EE006AF4EEE67AF1EE10FA00F17A
:1034A0008F8004F54053A168D0ED037A94ED068A2D
:1034B000C3F85411D6F8A410C3F85C11F16BC3F82B
:1034C0006011316CC3F86411316DC3F86811716D0E
:1034D000C3F86C1137EEC88AB16DC3F87011F16D85
:1034E000C3F87411B0EEC88A316EC3ED547A83ED1F
:1034F000568AC3F878113046F0EE678A01F06CFB0B
:10350000DFED727AB4EE678AF1EE10FA0DD8DFEDD6
:10351000707AB4EEE78AF1EE10FA06D4DFED6D7A38
:10352000B4EEE78AF1EE10FA62DD304601F054FBAA
:10353000DFED697A68EE277A40F20112FDEEE77A54
:1035400000230120A4F82120237017EE901A84F89C
:1035500024000A20FEF7D0FC18EE100AFCF7A4FFA6
:1035600002465E480B4605B0BDEC028BBDE8F0405C
:1035700006F064BD5A48029306F0C8FD0122029B82
:1035800022740022E360626104F5005202F5496092
:1035900002F6984200235349A360036013608A6CCB
:1035A000C6F8A42004F53051C6F8A83034313046AE
:1035B00001F08EFBFB68A36105B0BDEC028BF0BD92
:1035C00077EEC77A9FED487A04F5325367EE877A33
:1035D00004F53051103334313046C4ED027AC3ED76
:1035E000007A05B0BDEC028BBDE8F04001F070BB85
:1035F0009FED3D0A80EE080A09F05CFD431E142B86
:1036000007464FF000023DD82070D4ED067AF4EE64
:10361000E87AF1EE10FA2ED5344884F8202006F02E
:1036200075FD2178324806F009FDA069FCF73CFFE2
:1036300002460B4618EE900ACDE90223FCF734FF50
:10364000DDE90223CDE900012A4806F0F7FC94F8F1
:1036500020302B602378234907EE903AF8EE677A02
:1036600000220123C1ED0A7A227484F8213005B0CA
:10367000BDEC028BF0BD012384F820301E4806F01B
:1036800045FDCEE7304601F0A7FA40F201130022D3
:103690000121A4F82130227084F824100A20394630
:1036A000FEF72AFC18EE100AFCF7FEFE024613484D
:1036B0000B46394605B0BDEC028BBDE8F04006F084
:1036C000BDBC00BFD8390020D1CB0B38FFFF7F7FB6
:1036D000CDCC4C3EE4CB164100007A4444D40008E3
:1036E00020D40008D83D0020DB0FC940C0D400081A
:1036F000F0D4000804D50008D8D4000880D400080D
:103700002DE9F041C24E96ED0A7A2DED028BF3EED3
:10371000057AB4EEE77AF1EE10FA84B000F3128184
:103720001D46137C14460F468046002B00F0D880BF
:10373000D3689FEDB87AEB1A07EE903AF8EEE77A85
:10374000B7EE006A67EE877AF4EEC67AF1EE10FA09
:10375000C2ED057A00F1D2809FEDAF8A96ED0A7A2C
:1037600067EE085AC5EE886A76EE866AF4EEE67A67
:10377000F1EE10FA78D4DFEDA96A27EE267AC7EECB
:10378000086A36EE867AF4EEC77AF1EE10FA00F1A6
:10379000E280084601F020FAD6ED0A7ABDEEE77A1B
:1037A00017EE103A002B40F3928104EB432303F110
:1037B000300204F13001002351F8040F9142034418
:1037C000FAD107EE103AB8EEC77A9FED956A656BAD
:1037D0009FED938ADFED938A27EE866AD5F58035D3
:1037E000C7EE066A48BF05F2FF156D120027FDEE11
:1037F000E66AC4ED076A07EE107AF8EEC75A67EE7C
:10380000886A65EEA75A6FF03F0265EE885A00217C
:1038100065EEA85AB7EE005A13E036EEC56AB4EE6C
:10382000C76AF1EE10FA03D537EE667AFDEEC77A75
:1038300017EE903A04EB830301325B6B402A194484
:1038400033D007EE902AF8EEE77A77EEA57AFDEE10
:10385000E77A17EE903A002BB8EEE77ADDDA37EE2A
:10386000267AFDEEC77AE3E7D2ED027A9FED6E7A13
:1038700077EE877A02F53253084602F53051C2EDF1
:10388000027A3431C3ED047A01F022FA94ED057A1C
:10389000D4ED0C7AB4EEE77AF1EE10FA00F3D080B2
:1038A00004B0BDEC028BBDE8F0810029B8BF7F31C8
:1038B0007F2D4FEAE1122946C8BFA5F18001E069DA
:1038C00001F68C2304EB8303121A5A605748013720
:1038D00006F0B4FB802F2BD0D6ED0A7A01358AE7AB
:1038E0005348039306F012FC039BA38500236361F6
:1038F000012323744FF07E53E560236304F53253B4
:103900000022A2601A61B06CC7F8A40004F530511F
:10391000C7F8A8203431384601F0DAF9D8F80C207D
:103920006369A261236304B0BDEC028BBDE8F08142
:1039300000220123227484F8223004B0BDEC028BF3
:10394000BDE8F0813B48152104B0BDEC028BBDE819
:10395000F04106F073BBD2ED027A9FED337A77EE39
:10396000C77A0846C2ED027AB36CC1F8A4300023CE
:10397000C1F8A83002F5325302F53051C3ED047A94
:10398000343101F0A5F994ED057AD4ED0C7AB4EE5A
:10399000E77AF1EE10FA83DDA78D002F80D096ED47
:1039A0000A7AD4ED027ADFED256AD8F87430A0687F
:1039B00027EE087A67EEA66AC6EE877AFDEEE77A0A
:1039C00017EE902A9B1ADD1305F480351D4404EB95
:1039D0008703CDED037A596B0D4405EBD5756D105A
:1039E0005D63FCF761FD2B46CDE90001039A1248A7
:1039F000394606F023FBD4ED0C7A9FED0A7AA38DAD
:103A000077EE877A013BA385C4ED0C7A48E700BFC7
:103A1000D83D0020D1CB0B38DB0FC940DB0F49412B
:103A2000000000430000003C5F975B3988D5000828
:103A300050D5000820D5000878D500080000804740
:103A400094ED026A96ED0A7A5FED046AD8F8743054
:103A5000A78D66EE266A27EE087A16EE100AC6EEE5
:103A6000877AFDEEE77A17EE902A9B1ADD1305F4AC
:103A700080351D4404EB8703CDED037A5D63FCF7CD
:103A800013FD2B46CDE90001039A1248394606F092
:103A9000D5FA9FED116A94ED0C7ADFED106AA38DD3
:103AA00037EE067AFFEE007A84ED0C7A96ED0A6A1C
:103AB00007EE103AE6EE267AB8EEC77AB4EE677AE9
:103AC000F1EE10FA3FF4ECAE0133A385E8E69FED8A
:103AD000047A7AE678D500080000003C0000004334
:103AE00000000000024B1878003818BF0120704712
:103AF0000C410020044B1B7823B1044A136843F0A7
:103B000001031360704700BF0C41002008410020F2
:103B1000014B1868704700BF08410020014B18682E
:103B2000704700BF04410020014B1868704700BF78
:103B300000410020014B1868704700BFFC40002086
:103B4000014B1868704700BFF840002005289DBF52
:103B5000024B33F8100080B200207047EC40002088
:103B60000E289ABF024B53F820000020704700BF78
:103B7000B0400020024B1878003818BF0120704771
:103B8000AC400020014B01229A637047B0400020F6
:103B900070B504464FF6FF7384B0374821806380C8
:103BA0004FF48051164604F01DF800230393039B45
:103BB0003F2B06D800BF039B01330393039B3F2B8E
:103BC000F8D940F6010501E0013D40D02B48022123
:103BD00004F00CFA0028F7D02188284804F000FAF5
:103BE00040F6010501E0013D40D02448012104F0E8
:103BF000FDF90028F7D0214804F0F4F940F601055A
:103C0000608001E0013D34D01C48802104F0EEF9D1
:103C10000128F7D000230293029B3F2B4FF00005B1
:103C20001CD915484FF4805103F0DAFF00230193AB
:103C3000019B3F2B06D800BF019B01330193019BE1
:103C40003F2BF8D963883380284604B070BD4FF00D
:103C5000FF3500230293029B3F2BE2D800BF029B5B
:103C600001330293029B3F2BF8D9DAE76FF001058D
:103C7000EFE76FF00205ECE7000C01400038004070
:103C800070B582B000230DF102024FF40041ADF88F
:103C90000230ADF80430ADF806300446FFF778FF87
:103CA0004FF40841064601AA2046FFF771FF4FF482
:103CB000084105460DF106022046FFF769FF46EA76
:103CC0000503034304D0064A136843F0040313605A
:103CD000BDF80600BDF8043043EA004002B070BDF4
:103CE0000841002028B108B5FFF7CAFF014B586012
:103CF00008BD7047B04000202DE9F04F002787B085
:103D000003ACCDE9037701943A4EDFF80CA13A4CAD
:103D1000059780464FF001090DF10E0B14F8015B79
:103D2000364BADF80A7043EAC5250DF10A02A9B277
:103D30004046FFF72DFF002849D0326842F00402C8
:103D40004FF000093260A2450BF1020BE6D1019C55
:103D50002B48002334F8022B20F813200133062BC4
:103D6000F8D12849DDF80E30C8F806300B60264936
:103D7000DDF81240BDF80E20BDF810000C60234C99
:103D8000BDF8161021600243BDF81230BDF8144092
:103D900025D1C3F30A03A02B21D11D4B9FED1D7A22
:103DA000D3ED037AB4EEE77AF1EE10FAACBF4FF43C
:103DB00030734FF420739C4211D140F21543994265
:103DC00008BF09F1FF300AD107B0BDE8F08F5A46AD
:103DD000A9B24046FFF7DCFE0028AED1B3E7054AA2
:103DE00013684FF0FF3043F00803136007B0BDE8DD
:103DF000F08F00BF08410020A0DD00080080FFFF19
:103E0000EC40002000410020FC400020F840002051
:103E1000D83D002000002042A5DD000800B587B095
:103E200001AB83E807000DF116024FF4004118467C
:103E3000FFF7AEFEBDF8160007B000BD00B587B0B5
:103E400001AB83E807000DF116024FF40841184654
:103E5000FFF79EFEBDF8160007B000BD30B585B077
:103E600004AB03E907001148002104F0C5F910482C
:103E70004FF4006103F0B4FE00230E4A1C4642F8E2
:103E8000234001330F2BFAD10B4A0C4B012515703F
:103E90001C6002F0D3FE0A4B0A4918600A4A0B4B19
:103EA0000D7014701C7005B030BD00BF002C0140B7
:103EB00000080140B0400020AC400020A840002095
:103EC000104100201641002015410020144100201F
:103ED000054B187828B1054B1878B0FA80F04009E6
:103EE000704700F0FF00704715410020AC400020F3
:103EF00000B585B004AB03E90700002211460F4866
:103F000004F012FB0D480022012104F00DFB0022F9
:103F10000A48022104F008FB0848002104F06CF96B
:103F200007484FF4006103F05DFE06480649074A62
:103F3000002303700B70137005B000BD002C01400E
:103F4000000801401641002015410020AC4000202F
:103F500070B5834B88B001AC84E807001A7812B1C1
:103F6000804D2A785ABB804D2A780AB908B070BDB6
:103F70007E4A166802F062FE0A220146304602F0CE
:103F8000C5FD0028F2D07A484FF4805103F032FE8C
:103F90000246002833D1774E3378002B40F0A980B9
:103FA00094E8070005AB03C341F2A1011A8005A8FC
:103FB0000DF11202FFF7ECFD01233370D6E702F09A
:103FC0003DFE6D4B1B68C01A0028CFDB00246B48F8
:103FD0002C7000F001FE21466948012204F0A4FA89
:103FE00001221146664804F09FFA65480122022129
:103FF00004F09AFA6248012104F0FEF8B6E70022C4
:104000002A7094E8070005AE03C641F2A101328090
:1040100005A80DF11202FFF7BBFD5A4A9FED5A7A2F
:10402000D2ED037A94E80700B4EEE77AF1EE10FAE5
:1040300005AD03C5A8BF4FF44B513280B8BF4FF454
:104040004A510DF1120205A8FFF7A2FD94E80700FE
:1040500005AD03C542F61541328005A80DF11202E7
:10406000FFF796FD2046FFF747FE484A48490028DB
:104070000CBF0120002010600868464950600968A4
:104080004548916000684549D060488880B2106119
:10409000888880B25061C888414980B29061D1F867
:1040A0000408D061D1F80C081062D1F808085062F9
:1040B000D1F8040C9062D1F80C0CD062D1F8080C45
:1040C0001063A1F55041D1F8081851633AD128483E
:1040D0004FF4805103F08EFD002833D0204B012493
:1040E0001C7002F0ABFD244A1E4B143010601C7093
:1040F0003CE7264B009220461A60FFF7C1FD234B98
:1041000027495860D1F80408D861D1F80C08186222
:10411000D1F808085862D1F8040C9862D1F80C0C58
:10412000D862D1F8080C1863A1F55041009AD1F873
:10413000081859630B4B20201A70FCF7F9FF009AFE
:104140002A7013E7074B002220201A70FCF7F0FFBB
:104150000123ADF8083094E80700FFF7C9FE05E732
:1041600015410020AC4000201641002010410020E5
:104170000008014014410020A8400020BC36002067
:10418000002C0140D83D002000002042B04000201B
:1041900000410020FC400020F8400020EC400020BE
:1041A00000000140F0B589B001AC84E8070094E854
:1041B000070005AE03C64FF40041328005A80DF19B
:1041C00012021F46FFF7E4FC94E8070005AB03C3A7
:1041D00032804FF408410DF1120205A8BDF81250CB
:1041E000FFF7D6FCBDF8124054EA05031FD12B0798
:1041F00043D46F0746D4AE0749D4ED074CD46005CD
:104200004FD4A10552D4E20555D4230658D46706ED
:104210005BD4A6065ED4E50661D4200764D46107AA
:1042200067D4A2076AD4E3076DD409B0F0BD3B4858
:10423000394605F003FF6A056BD4AB0502D5384853
:1042400005F0FCFEEF0502D5364805F0F7FE2E0618
:1042500002D5354805F0F2FE680602D5334805F070
:10426000EDFEA90602D5324805F0E8FEEA06BED505
:10427000304805F0E3FE2B07BBD52F4805F0DEFEE6
:104280006F07B8D52D4805F0D9FEAE07B5D52C4837
:1042900005F0D4FEED07B2D52A4805F0CFFE600543
:1042A000AFD5294805F0CAFEA105ACD5274805F0D1
:1042B000C5FEE205A9D5264805F0C0FE2306A6D511
:1042C000244805F0BBFE6706A3D5234805F0B6FEDB
:1042D000A606A0D5214805F0B1FEE5069DD52048EB
:1042E00005F0ACFE20079AD51E4805F0A7FE610731
:1042F00097D51D4805F0A2FEA20794D51B4805F0EE
:104300009DFEE30791D51A4809B0BDE8F04005F0DD
:1043100095BE184805F092FE8FE700BF94D50008BF
:10432000B4D50008C0D50008C8D50008D0D500080D
:10433000D8D50008E4D50008F0D50008FCD5000861
:1043400008D6000814D6000820D6000828D6000891
:1043500030D6000838D6000840D6000848D60008F5
:1043600054D6000860D600086CD6000878D600083D
:1043700084D60008A8D500082DE9F04389B001AC27
:1043800084E80700784F794A794D7A4900233B60E9
:104390002B601360784A1360784A13601A4621F83C
:1043A00013200133062BFAD1FCF794FE744BDFED9A
:1043B000757A93ED037AB4EEE77AF1EE10FA25D828
:1043C000DFF8CC91704801234FF4006189F8003088
:1043D00003F006FC0A2002F019FC2046FFF750FC0F
:1043E00028602B68002B40F0AB8005AB94E80700F9
:1043F0001D4603C30DF112081A8041F2A101424685
:104400002846FFF7C5FB4FF44B5323E0DFF88091BC
:104410005D4801234FF4006189F8003003F0E0FBB0
:104420000A2002F0F3FB2046FFF72AFC28602B68E5
:10443000002B7FD105AB94E807001D4603C30DF1A7
:1044400012081A8041F2A10142462846FFF7A0FB5C
:104450004FF44A5394E807002E4603C619463280AB
:1044600028464246FFF794FB484800F007FB94E8D3
:1044700007002B4603C3328042F6154142462846C8
:10448000FFF786FB94E807002B4603C341F2A10126
:10449000328028464246FFF77BFB012002F0B6FB44
:1044A0003A4800F0EBFA38484FF4805103F0A2FB91
:1044B00018B93B6843F010033B602046FFF71CFC33
:1044C00028B931484FF4805103F094FBD8B994E8EF
:1044D00007002B4603C341F2A1011A802846424639
:1044E000FFF756FB012002F091FB27484FF4805163
:1044F00003F080FB50B32046FFF7FEFB30BB3B6868
:1045000023F008033B6020484FF4805103F072FB16
:104510000346E0B194E807000024FFF7E9FC89F8BE
:104520000040FCF7D7FD194800F0A8FA204609B072
:10453000BDE8F0833A6842F0020205AB3A607AE7E0
:104540003A6842F0020205AB3A604FE700232020B0
:1045500089F80030FCF7ECFD94E80700FFF7C8FC91
:104560004FF0FF30E3E700BF08410020004100208A
:1045700004410020EC400020FC400020F8400020D6
:10458000D83D00200000204200080140BC36002039
:104590000C41002008B50C21002003F079FB4FF4FA
:1045A00080500222002103F0F1F8BDE808404FF4EA
:1045B000805003F043B900BF044A072928BF0721F0
:1045C0000023C0E901210370704700BF00C0030849
:1045D00010B5044603F038F940F2073003F09CFAB6
:1045E000606803F065F90123237010BD84B00DF1FC
:1045F000100C0CE907000298049900EB830004B04A
:1046000003F0F6B984B00DF1100C0CE90700029824
:10461000049900EB830004B003F0EAB984B00DF113
:10462000100C0CE90700029810EE101A00EB830042
:1046300004B003F0DDB900BF00B583B0019003F012
:1046400023F901980023037003B000BD84B00DF17D
:10465000100C0CE9070051F8230004B0704700BFAC
:1046600084B00DF1100C0CE9070051F8230004B0E0
:10467000704700BF84B00DF1100C0CE9070001EB8E
:10468000830292ED000A04B0704700BF08B590EDB8
:10469000167AD0ED186A1C4BF7EE007A2DED048BDC
:1046A00037EEC77A9FED199AD0ED178A1968184826
:1046B00027EE097A77EEE88A37EEE68AFCEEC77ACB
:1046C00017EE902AC9B903F0D1FE1148012168EE16
:1046D000898AFCEEE87A17EE902A03F0C7FE68EEAE
:1046E000097ABDEC048BFCEEE77ABDE80840084887
:1046F00017EE902A022103F0B9BE012103F0B6FEA5
:1047000003480021E3E700BFD83900200000FA4445
:10471000002C014038B5484B1C680546002C7ED162
:104720002146464802F08AFD0346AB6044482146D4
:1047300002F084FD03464148EB60022102F070FD67
:104740004048022102F06CFD40F6010401E0013C0A
:1047500050D03A48042102F085FD0028F7D040F6F9
:10476000010401E0013C45D03648042102F07AFD05
:104770000028F7D03148042102F07AFD31480421A5
:1047800002F076FD00212F4802F058FDAA68D5F806
:104790009810EB68D5ED1C6ADFED2B5A2861521A90
:1047A00007EE102AD5F89C2007EE900A9B1AB8EE67
:1047B000E76A07EE903AB8EEC77AF8EEE77A27EEA6
:1047C000267A67EEA67AD5F8F83285ED067AF1EE0C
:1047D000476A26EE256A76EEE76A0122013385F8FC
:1047E000F52285ED086AC5ED077AC5ED056AC5F8BD
:1047F000F83238BD1148042102F03AFD1148042175
:1048000002F036FDD5F8FC320022013385F8F5229E
:10481000C5F8FC328020BDE83840FCF789BC002197
:10482000074802F00BFD0346AB600448002102F08C
:1048300005FD03467FE700BFD83900200024014072
:1048400000280140003C01401833533C00B52DEDD9
:10485000028B87B0CDE90210CDED050A8DED041A6B
:104860000192F0EE408A01F085FBB0EE408AB0EE96
:10487000680A01F059FBF6EE007A67EEC06ADFEDD8
:10488000175A9FED176A9DED041ADDED050A03988E
:104890000299019A67EEC87AB0EE667AA8EE257A98
:1048A000E8EE656AF0EE675AE0EE065AE0EE467A08
:1048B00021EE477A21EE400A21EE661AA8EE200A80
:1048C000A5EEA07AA7EEA01A80ED000A81ED007A8D
:1048D00082ED001A07B0BDEC028B00BDD7B35DBFFF
:1048E000D7B35D3F00B52DED028B87B0CDE9011048
:1048F000CDED050A8DED041ACDED031AF0EE408AD8
:1049000001F038FBB0EE408AB0EE680A01F00CFB13
:10491000B6EE007A67EE486A27EE407ADFED185A65
:104920009FED186A9DED041ADDED050ADDED031A11
:1049300002980199F0EE667AB0EE475AA8EE065A50
:10494000E0EE257AA8EE467A67EE817A21EE451AE6
:10495000E0EE656AE8EE207AA0EE601AE6EEA17A53
:10496000A7EE611A9FED086A67EE867A21EE061AB5
:10497000C0ED007A81ED001A07B0BDEC028B00BDDE
:10498000D7B35D3FD7B35DBFABAA2A3F00B52DEDCE
:104990000A8BB0EE609A85B0F0EE418AF0EE40AA44
:1049A000B0EE611AF0EE680AB0EE490AB0EE618A24
:1049B0000192CDE9021001F059FAB0EE481AF0EE7A
:1049C000680AB0EE40AAB0EE490A01F037FA3AEEB2
:1049D00000AAF6EE009AAAEE699ADFED24BA9FEDDE
:1049E00024CA9FED24BA29EE299AF0EE4C0A29EE4A
:1049F0002B9A89EE2A0A9FED209A30EE0B0A01F0DD
:104A00000DFAF0EE490A01F011FAEAEE698A03980C
:104A100080ED000A68EEA98AF0EE4C0A68EEAB8AD7
:104A200088EEAA0A30EE0B0A01F0F8F9F0EE490A16
:104A300001F0FCF9AAEE698A029981ED000A28EEDC
:104A4000298AF0EE4C0A28EE2B8A88EE2A0A30EEEC
:104A50000B0A01F0E3F9F0EE490A01F0E7F9019AD7
:104A600082ED000A05B0BDEC0A8B00BD3333933FE5
:104A700000000000D7A3F03ED7A3703FF8B54FF079
:104A80007C538365C36503660446FFF7FFFD00267C
:104A90004FF47A7537462046FFF73CFED4E90223EF
:104AA000013D17441E44F6D1064B83FB0721FA173C
:104AB000C2EBA11283FB0631F317C3EBA113C4E9C8
:104AC0002623F8BDD34D62102DE9F843344A354B07
:104AD000DFED356ADFED355A2DED028BC267C0F888
:104AE000802093ED027A324AC0F8842066EEC76ACD
:104AF000F7EE007AB0EE676AA6EEA56A2D4ADFED02
:104B00002E6A1268C0F8C82027EE267AC7EE866A99
:104B100080ED1D7A77EEE67A80ED1E7AC0ED227A7E
:104B20009FED267AD3ED037AF4EEC77AF1EE10FA10
:104B300033D8234BDFF89C90DFED228A9FED228A49
:104B4000224F03674FF0804800F1F405002400264F
:104B500007EE904AF8EEE77A013467EEA87AC7EEDE
:104B6000887A17EE900AFBF79FFC41EC100B07F0D8
:104B700017FF424651EC100B4B46FBF7EDFC32465B
:104B80003B46FBF733FBFBF7DFFF802C45F8040BBC
:104B9000DED1BDEC028BBDE8F8830D4BCAE700BF48
:104BA000EC51383DD83D0020D1CB0B38DB0FC9404C
:104BB000BD74933BD839002017B7D138000020428C
:104BC000FFFFA43C000000BC6F12033D0000F03F5B
:104BD000FFFF243D3333F33F10B54FF47A720446A0
:104BE0000021164803F042FC14484FF47A72012168
:104BF00003F03CFC4FF47A721048022103F036FCBB
:104C000000230022C4F8A430C4F8A830C4F8AC30A3
:104C1000C4F8B030E36323646361A361E361636458
:104C2000C4F89030C4F88C3063652365C4F8E8306C
:104C3000C4F8EC20C4F8002310BD00BF002C0140D4
:104C400090ED397AD0ED387A90ED3A0ADFED1E0A10
:104C500077EEC77A90ED217A10B5A7EE270A82B0D9
:104C6000044680ED3A0A01F0E1F8184BD3ED060A4C
:104C7000F1EE600A01F0D2F894ED3C7A84ED3A0A44
:104C800060EE407A84ED290AE7EE077AF5EE407A85
:104C9000F1EE10FA11D4F1EEE70A94ED2A0ACDED07
:104CA000010A01F0C3F8DDED010AF1EE600A01F03E
:104CB000B5F884ED2A0A02B010BDB0EE670A07F01D
:104CC000BFFEF0EE400AE8E700000000D83D0020FB
:104CD00030B52DED028B91ED170A4B6EB04D91ED75
:104CE000186AD1ED036AD0ED071A90ED061AD0EDDF
:104CF000050A83B080ED0B0A436395ED117AC6EE89
:104D0000077A044600F140013C30C4ED0C7A95ED81
:104D1000117AC6EE877AC4ED0A7AFFF7E3FD9FEDBC
:104D2000A15A94ED087ADFEDA05AD4ED097A94EDFA
:104D3000106AD4ED0F6A94ED114AD4ED124A27EEB1
:104D4000057A26EE056AA7EEA57ADFED987A84ED5E
:104D5000097A66EE856A67EE277A9FED955A9FED90
:104D6000957AA4EE256AE4EEA56A67EE857ADFED12
:104D7000925A94ED2B5A84ED116A67EEA57AD4ED20
:104D8000295AC4ED387A75EEC57AC4ED126A95EDEC
:104D9000030AF4EEC77AF1EE10FA84ED3C0A00F350
:104DA000F080DFED866AF4EEE67AF1EE10FA00F1BB
:104DB000E28094ED2C6AD4ED2A7ADFED7E6AC4EDB0
:104DC0002B5A37EEC67AB4EEE67AF1EE10FA00F31B
:104DD000D5809FED7A5AB4EEC57AF1EE10FA00F163
:104DE000C78004F1A801C4ED295A04F1A400C4ED60
:104DF0002C7AC1ED007A01F051F8D4ED0F6AD4EDB0
:104E0000298A94ED1D7A94ED230ADFED6D7A94EDF5
:104E10002A8AD4ED380A78EEE68AA7EE280A94EDBD
:104E2000107A30EE270A38EE478A84ED140A00F033
:104E3000FDFFD4ED380AF1EE600A00F0EFFFD4ED8B
:104E40001F6A94ED1D7AD4ED237AD4ED380A84EDEF
:104E5000140A27EE267AE7EE287AB0EE670AC4ED48
:104E6000237A00F0E3FFD4ED380AF1EE600A00F097
:104E7000D5FFD4ED147AD4ED380A84ED230A67EE19
:104E8000E77AE0EEA07AF5EE407AF1EE10FA7BD404
:104E9000F1EEE78A94ED240AD4ED1E7AD4ED206A6F
:104EA000B0EE407AA7EE887A67EEA67ADFED446A24
:104EB000A7EE880A77EE267A84ED240AC4ED157AE7
:104EC00000F0B4FFD4ED380AF1EE600A00F0A6FF5E
:104ED000F0EE406A94ED150A94ED147AC4ED246A5C
:104EE00060EE007AF0EE680AE7EE077AB1EEE77A54
:104EF00084ED397A00F09AFFF1EE680A00F08EFF37
:104F0000F0EE407A04F1540194ED380AC4ED157ABC
:104F100004F1500000F0C2FFDFED2A7A94ED0D7A23
:104F200094ED0B0A94ED151AD4ED140AA7EE270A96
:104F300004F16C0204F1680104F16400FFF786FCDF
:104F400004F15800D4ED1B1A94ED1A1AD4ED190A85
:104F500094ED380A04F1600204F15C01FFF716FDDC
:104F6000204603B0BDEC028BBDE83040FFF78EBB9E
:104F700076EE667A35E775EE475A1AE776EE267AC8
:104F80002FE775EE075A14E7B0EE670ACDED010A78
:104F900007F056FDDDED010AF0EE408A7AE700BF2A
:104FA000D83D0020CDCCCC3D6666663F3333933F81
:104FB000D7A3703F0AD7233C3ACD133F0AD723BC6F
:104FC00000000000BAB1513810B590ED330AD0EDB1
:104FD0000A7A044630EE670A82B0F6EE000A00F064
:104FE00025FFFEEE000A00F019FFD4F8003342F26C
:104FF0002732934246D807EE903A9FED247AF8EE96
:10500000E77AC7EE875A224B94ED357AD4ED377A9A
:1050100094ED0C6AD4ED3C6AE7EE007A94ED347AB4
:1050200037EE467A94ED366AE6EE077AF1EE040A38
:1050300076EEE06A93ED117AB0EE670AD3ED0E7A60
:10504000E6EEA50A67EE877ACDED010A80EE270A23
:1050500000F0ECFEDDED010AF1EE600A00F0DEFE8C
:10506000D4F8003384ED2A0A42F2273293424FF0FB
:10507000000198BF0133C4F8A41098BFC4F80033EE
:1050800002B010BDF7EE005ABDE700BF00A00C460D
:10509000D83D002000230022C0F8DC30C0F8D43016
:1050A000C0F8D830C0F8CC30C0F8D030C0F8A83044
:1050B000C0F80023704700BF08B50B4801F078FB2B
:1050C00070B1094801F0A8FB38B1074801F008FDAC
:1050D000054801F049FC013808BD034801F000FD16
:1050E0004FF0FF3008BD00BFC039002010B54FF4AD
:1050F000805182B00A4802F07DFD0446FCF720F89A
:10510000084A094B094992F8F52293F8DD3289885B
:105110000092221E18BF012201F0E6FC02B010BD71
:1051200000080140BC360020983300208C3300205A
:1051300010B503780446052B2AD8DFE803F02703CF
:105140002A2927271B4B1A8918685968FEF7D0FEB1
:10515000194B93F82220CAB91849194A0968916273
:1051600003F50053174893F848CFD3F84C3F16493E
:10517000C0F800C04FF400724361183005F034F8F5
:10518000114912484FF4007205F02EF80123E37024
:1051900010BD084B0122C270186859681A89FEF7C1
:1051A000A7FE0B48FFF718FDBDE810400848FFF7C1
:1051B00071BF00BF8C33002010020020543100204A
:1051C000D83D0020D8390020603100207434002000
:1051D000BC36002008B50D4804F098FF0C4804F0D8
:1051E00095FF0C4804F092FF0B4804F08FFF0B482A
:1051F00004F08CFF0A4804F089FF0A4804F086FF97
:10520000BDE80840084804F081BF00BF48D300084B
:1052100090D600089CD60008B0D60008CCD600086E
:10522000DCD60008F4D6000810D7000830B56C486A
:105230006C4C6D4D85B004F001FF6C486C4B6D4AB1
:105240006D49CDE900046D4C6D4804F0F7FE6D48E2
:1052500004F05CFF606CFBF727F96B4A6B4B009521
:10526000CDE902016A496B4804F0E8FEA06BFBF748
:105270001BF9694A654B0095CDE902016749684809
:1052800004F0DCFE674804F041FFA068FBF70CF96E
:10529000654B664A0093CDE90201654B6549664856
:1052A00004F0CCFEE068FBF7FFF8644B644A00931F
:1052B000CDE90201634B64495F4804F0BFFE206DF5
:1052C000FBF7F2F82B46CDE90201604A00956049F0
:1052D000594804F0B3FEA06DFBF7E6F82B46CDE984
:1052E00002015C4A00955C4953485C4D04F0A6FEFF
:1052F000E06DFBF7D9F85A4B5A4A0093CDE9020109
:10530000504B59494C4804F099FE206EFBF7CCF8FD
:10531000564B574A0093CDE902014A4B554946483E
:1053200004F08CFEA069FBF7BFF8534B534A00937F
:10533000CDE90201434B52493F4804F07FFE206A09
:10534000FBF7B2F84F4B504A0093CDE902012F4BC7
:105350004E49394804F072FE606AFBF7A5F84C4BE1
:105360004C4A0093CDE90201364B4B49324804F0D8
:1053700065FEA06C494CFBF797F8CDE9020148495E
:10538000304B484A00912C48474904F057FE4748A3
:1053900004F0BCFE6368464A46494748CDE90053DD
:1053A0001A4B04F04BFEA3680193444A174B44493F
:1053B0000095414804F042FEE068424B424A4349AE
:1053C000CDE90030114B424804F038FE414804F06A
:1053D00035FE414805B0BDE8304004F02FBE00BFA7
:1053E00028D700087CD70008D0D700088CD7000841
:1053F00044D7000848D7000854D70008D83D0020FB
:105400005CD7000890D70008A0D700089CD70008F8
:10541000ACD70008B0D70008D4D70008ECD70008F4
:10542000F0D7000810D8000860D8000824D8000879
:1054300020D800083CD8000840D8000884D80008CC
:105440006CD8000868D8000880D800088CD80008FC
:10545000A8D80008ACD80008CCD80008E8D90008C3
:10546000F0D80008D0D80008ECD800081CD90008F3
:10547000F8D8000818D900083CD9000820D900083D
:1054800038D9000864D9000844D9000860D9000858
:1054900084D9000868D9000880D90008D8390020CC
:1054A000A8D900088CD90008A4D90008B0D90008F0
:1054B000BCD90008C4D90008C8D90008ECD9000834
:1054C000F8D900083CDA0008FCD900081CDA00080A
:1054D00020DA000844DA000890DA000800B5037802
:1054E00083B0042B18D8DFE803F025190817030050
:1054F00003B05DF804EBFFF799BE0190FFF7F6FDEE
:105500000146002856D13348C0F8B810FFF764FBB5
:10551000FEF7DEFC002854D003B000BD0190FFF779
:10552000E5FD034658B1019A002101235170D37063
:1055300003B000BD03B05DF804EBFFF74BBE254A96
:105540002548DFF8A0C02549D2F8B420DCF828E0CF
:10555000A0F8213080F824300374826200F50050F6
:105560000A6880F8482F4A69C0F84C2F00F6447C3E
:1055700018314FF4007200F57560CCF800E001932B
:1055800004F032FEDFF860C0019BCCF8D8304FF455
:10559000007219460CF1DC0004F0D9FD1049019AA3
:1055A000088960F30F020868496803B05DF804EBEE
:1055B000FEF754BC0620FCF79FFC0648FFF76AFD87
:1055C000B1E7074B1989024661F30F021868596861
:1055D000EBE700BFBC36002010020020D8390020C5
:1055E0008C330020D83D002098330020F0B5837B19
:1055F00083B00446002B68D1437822789A4240F069
:105600008480022B00F08B80052B00F0BA80012BE8
:1056100059D1B04A0193106851681289FEF798FC7D
:10562000FEF756FC0546002800F0CE80AA4B93F802
:105630002130002B00F02F81A74B93F82230002B54
:1056400000F03A81A44D95F82430002B40F0F4800E
:10565000A14BA24EDB6996ED1A7AA14F9FEDA10AEC
:105660007B615A4207EE902AF8EEE77AF7EE000ADD
:1056700067EE877A1D4627EE800A07F065F9DFEDB1
:105680009A7A60EE277A17EE900AFAF70DFF0B462A
:1056900002462946954804F0D1FC95494FF4007222
:1056A00006F1DC0004F0A0FD91494FF4007207F10F
:1056B000180004F099FDFFF7FFFC002840F0068178
:1056C00000236370E37003B0F0BD824B1868596823
:1056D0001A89FEF73DFC87484FF4805102F08AFAA0
:1056E0000546FEF7F5FB002854D1238A40F6B73271
:1056F000591C93422182E6D9227800230121A37309
:1057000023826370E170002ADDD02046FFF710FD90
:10571000E378002B7BD12378022B7FF475AF6D4BA0
:10572000186859681A89FEF713FCFEF7D1FB0028A8
:10573000C9D06B4BDA68002A05DD6F49D1F8B81083
:105740008A42C0F2B280FFF7D1FC002865D16A48D6
:10575000FFF73AFC6848FFF773FA60496648FFF7BD
:10576000B7FA6378022BAED15D4BDB68002BAADD64
:105770006149D1F8B8209342A5DB0132C1F8B820C5
:10578000A1E75D4B5548D3F8B41003B0BDE8F04035
:1057900000F04CBF514A92F8DD22002AA5D0564AAB
:1057A00092F8F522002AA0D04A4B002D9DD000226D
:1057B0004FF4F0709A80FBF7C9FC00220121637856
:1057C000A2732282E17018E74B4A434BD2F8B4200F
:1057D000986A41F27071121A8A427FF674AF022100
:1057E0000620FCF789FB3B4B198918682A4661F3B0
:1057F0000F025968FEF77CFB3749019B81F8243082
:1058000040F20112A1F821206570E3705BE7637834
:1058100023702046FFF762FE7DE701460620FCF775
:105820006BFB2C4B1A8918685968FEF761FB002244
:1058300001236270E37046E73049294BD1ED007ACD
:105840002F4905F50052C1ED0A7A92F8481FCDEDB7
:10585000017A1960D2F84C6F5E6103F1180002F50D
:1058600075614FF4007204F0BFFC1C48DDED017A55
:105870002449C0ED1A7AC0F8D8604FF40072DC30C9
:1058800004F0B2FC204804F041FC002385F82430E9
:105890006370E37017E718491048D1F8B4300E4A26
:1058A00003B0BDE8F040FDF7D3BD0520FCF724FBB5
:1058B0001148FFF7EFFBB4E70F490848D1F8B430BF
:1058C000054A03B0BDE8F040FDF71ABF0F4804F0E9
:1058D0001DFCF5E68C3300201002002098330020D8
:1058E000D839002000008037DB0FC940F4DA000807
:1058F000442C002000080140BC3600205431002018
:10590000D83D0020F0390020BCDA000808DB000890
:1059100038B5417BA1F161030446172B19D8DFE8A4
:1059200013F028004700660085001800A000BF00A3
:10593000DA00F900180004011F013E0118001800E8
:1059400049011800180018006801180073011800B8
:105950009201CC4804F072FB251DFFF7ADFB002837
:1059600040F08C81FFF762FC0023A38163606B60D1
:1059700038BD051D284602F09AFF51EC100BFBF7CD
:10598000E3F8F3EE040A00EE100A07F04FFBDFED38
:10599000BE0A07F023FBBD4B10EE100A83ED120A7E
:1059A000FAF782FD02460B46B94804F047FBD4E7FC
:1059B000051D284602F07BFF51EC100BFBF7C4F8E5
:1059C000DFEDB40A00EE100A07F030FBDFEDB20A9B
:1059D00007F004FBAD4B10EE100A83ED020AFAF754
:1059E00063FD02460B46AD4804F028FBB5E7051DF4
:1059F000284602F05CFF51EC100BFBF7A5F8DFED39
:105A0000A80A00EE100A07F011FBDFED9F0A07F06D
:105A1000E5FA9E4B10EE100A83ED090AFAF744FDF1
:105A200002460B469F4804F009FB96E7051D2846F1
:105A300002F03DFF51EC100BFBF786F8DFED920A08
:105A400000EE100A07F0CAFA904B10EE100A83ED30
:105A5000180AFAF729FD02460B46934804F0EEFABD
:105A60007BE7051D284602F022FF51EC100BFBF7E7
:105A70006BF8DFED8E0A00EE100A07F0D7FADFEDC3
:105A8000820A07F0ABFA814B10EE100A83ED060A8A
:105A9000FAF70AFD02460B46854804F0CFFA5CE7A8
:105AA000051D284602F003FF51EC100BFBF74CF8E4
:105AB000DFED800A00EE100A07F090FA734B10EE4B
:105AC000100A83ED110AFAF7EFFC02460B467A48FA
:105AD00004F0B4FA41E7051D284602F0E8FE51EC57
:105AE000100BFBF731F8DFED750A00EE100A07F036
:105AF0009DFADFED650A07F071FA644B10EE100AAB
:105B000083ED080AFAF7D0FC02460B466C4804F015
:105B100095FA22E7051D284602F0CCFE694B0146A6
:105B20005960694804F08AFA17E7051D284602F013
:105B3000BEFE51EC100BFBF707F8DFED640A00EE38
:105B4000100A07F04BFA514B10EE100A83ED0E0AC3
:105B5000FAF7AAFC02460B465D4804F06FFAFCE631
:105B6000051D284602F0A3FE51EC100BFAF7ECFFDE
:105B7000DFED580A00EE100A07F058FADFED420A8E
:105B800007F02CFA414B10EE100A83ED030AFAF7E6
:105B90008BFC02460B46504804F050FADDE6051D2A
:105BA000284602F087FE474B014699604B4804F0B7
:105BB00045FAD2E6051D284602F079FE51EC100B9D
:105BC000FAF7C2FFDFED300A00EE100A07F006FA1E
:105BD0002E4BF1EE407A83ED140AC3ED137A10EEEA
:105BE000100AFAF761FC02460B463D4804F026FA1B
:105BF000B3E6051D284602F05DFE324B0146D96032
:105C0000384804F01BFAA8E6051D284602F04FFEAE
:105C100051EC100BFAF798FFDFED1B0A00EE100AAB
:105C200007F0DCF9194BF1EE407A83ED160AC3ED6B
:105C3000157A10EE100AFAF737FC02460B462A488E
:105C400004F0FCF989E6051D284602F030FE51EC0F
:105C5000100BFAF779FFDFED0C0A00EE100A07F0DF
:105C6000BDF90A4B10EE100A83ED170AFAF71CFC77
:105C700002460B461D4804F0E1F96EE61C4804F0AC
:105C800045FA6FE678DC000800000000D83D0020EF
:105C9000F4DB00080000FA440000C84240DB0008C2
:105CA00000002042DCDB00083CDC0008000004426D
:105CB00094DB00086F12833A08DC000800001643EA
:105CC000C4DB0008D839002054DB000817B7D138EE
:105CD00018DC00080000704280DB000868DB000868
:105CE00050DC0008ACDB000864DC000828DC00089D
:105CF00008DB00081B2908B5034645D06D2902784A
:105D000046D052B1042A07D10D294ED0027B002A79
:105D100048D1417301321A7308BD63391729FBD882
:105D200001A252F821F000BFB35D0008195D000820
:105D3000BD5D0008195D0008195D0008195D0008C7
:105D4000195D0008195D0008195D0008195D00085B
:105D5000195D0008195D0008195D0008195D00084B
:105D6000195D0008195D0008C75D0008195D00088D
:105D7000195D0008195D0008195D0008195D00082B
:105D8000195D0008D15D000800224270C27008BD94
:105D900002218A424170BFD000220121C27081736A
:105DA000028208BD1044C170B4E7BDE80840FFF7A7
:105DB000AFBD012100224170C27008BD0521002243
:105DC0004170C27008BD042100224170C27008BD3C
:105DD0000D489FED0E0A0023C0F8D43000F0B4FA4D
:105DE00009480B4B826F1A61FFF766F9084B28B917
:105DF00019690848BDE8084004F020B9064804F0D5
:105E000085F9034BF4E700BF98330020D1CB0B3862
:105E1000D8390020D0DC0008A0DC0008B4EEE00A8D
:105E2000F1EE10FAD8BFB0EE600A7047F4EEC00A87
:105E3000F1EE10FAD8BFB0EE600A7047B4EEE00A97
:105E4000F1EE10FA07DDB4EEC10AF1EE10FAD8BF98
:105E5000B0EE410A7047F4EEC10AF1EE10FAD4BF79
:105E6000B0EE410AB0EE600A704700BFB4EEE00A3F
:105E7000F1EE10FA07D5B4EEC01AF1EE10FAD8BF61
:105E8000B0EE410A7047B4EEE01AF1EE10FAD4BF5A
:105E9000B0EE410AB0EE600A704700BFD1ED007A63
:105EA00090ED007A67EEA77AE7EE077AF1EEE76AFF
:105EB000F4EEC06AF1EE10FA0DDD27EE007AC7EEBF
:105EC000267AC0ED007AD1ED007A20EE270AC0EEE6
:105ED000267AC1ED007A704701238340013B07EE2B
:105EE000903A30EE600AF8EEE77A31EE601A67EE2B
:105EF000807A87EE817AFDEEC77A17EE900A7047B6
:105F000007EE900A012370EEC00AF8EEE77A8B40A4
:105F1000013B27EEA07A07EE903AF8EEE77AC7EE5B
:105F2000276A36EE800A704700B5DFED0F0A83B0AE
:105F3000CDED010A06F008FDB5EEC00AF1EE10FA4B
:105F400003D5DDED010A30EE200ADFED087A084BBB
:105F500020EE270ABDEEC00A10EE102A03EB8203E2
:105F600093ED000A03B000BDDB0FC94083F9A242E4
:105F7000A8DD000800B5DFED117ADFED110A83B06E
:105F800037EEC00ACDED010A06F0DEFCB5EEC00A20
:105F9000F1EE10FA03D5DDED010A30EE200ADFED57
:105FA000097A094B20EE270ABDEEC00A10EE102A2E
:105FB00003EB820393ED000A03B000BDDB0FC93F82
:105FC000DB0FC94083F9A242A8DD000870B5054681
:105FD00084B035480E464FF4004101F003FE002323
:105FE0000393039B3F2B06D800BF039B013303930E
:105FF000039B3F2BF8D940F6010401E0013C3ED061
:106000002A48022101F0F2FF0028F7D0274829464C
:1060100001F0E6FF40F6010401E0013C3ED02348D8
:10602000012101F0E3FF0028F7D0204801F0DAFF5A
:1060300040F60104308001E0013C32D01B48802151
:1060400001F0D4FF0128F7D000230293029B3F2BDD
:106050004FF000041AD914484FF4004101F0C0FD7C
:1060600000230193019B3F2B06D800BF019B013306
:106070000193019B3F2BF8D9204604B070BD4FF02F
:10608000FF3400230293029B3F2BE4D800BF029B06
:1060900001330293029B3F2BF8D9DCE76FF0010438
:1060A000EFE76FF00204ECE700080140003C00401D
:1060B000F0B5064683B008461746FBF791FE044646
:1060C00043F6FF70FBF78CFE01A905462046FFF75B
:1060D0007DFF48BB0DF106012846FFF777FF18BB8F
:1060E000BDF806402046FBF797FE431CA6F8E042A9
:1060F0000BD0023012D0C4F30D043C8001A9284615
:10610000FFF764FF80B903B0F0BDD6F80033013368
:10611000C6F800336FF0010003B0F0BDD6F80433C9
:106120000133C6F80433F5E7D6F8FC3201334FF4F7
:106130008070C6F8FC32FAF7FBFF4FF0FF30E2E761
:1061400070B5002182B006460120FBF759FE0446D7
:1061500043F6FF70FBF744FE0DF1060105462046AD
:10616000FFF734FF38B90DF106012846FFF72EFF7F
:1061700008B902B070BDD6F8FC3201334FF480701C
:10618000C6F8FC32FAF7D4FF4FF0FF30F1E700BF5A
:1061900010B582B00DF1020243F6FC710446FFF720
:1061A00087FFF0B901AA43F6FD712046FFF780FF93
:1061B000B8B90DF1060201212046FFF779FF80B939
:1061C000BDF80630BDF80210BDF80420A4F8EA328C
:1061D000A4F8E612A4F8E822012384F8DE3202B023
:1061E00010BD00234FF0FF30F7E700BF2DE9F04F5F
:1061F000044687B043F6FF700E46FBF7F1FD4FF003
:10620000000807462046FFF79BFF4645A4F8DD82BD
:10621000A4F8EC8240F383800123CDF80880039337
:106220009A46C1460DF116013846FFF7CFFE90BBE6
:10623000012E44D04FF0010B00250DF11601384618
:10624000FFF7C4FE48BBBDF8168001904046FBF73F
:10625000E3FD431C019AA4F8E082C8F30D0C05F19C
:1062600001053AD0023054D00BF1010B5E45A4F881
:10627000E2C284F8DDA2A4F8EC22DED11F2D1ED9E3
:106280002046FFF785FFB0FA80F0400984F8DE026F
:1062900007B0BDE8F08F4FF0000BD4F8FC12B4F853
:1062A000EC2284F8DD920BF1010B01310132012364
:1062B0005E45C4F8FC12A4F8EC220293BCD1039D05
:1062C000032D1AD0142000F0A1FC6B1C03930023B3
:1062D000A4F8DD32A4F8EC32A4E7D4F800230132AC
:1062E000C4F800230BF1010B5E454FF0000584F864
:1062F000DD92A2D1039D032DE4D1029A002384F8FC
:10630000DD329A4214BF4FF480704020FAF710FF3C
:10631000B6E7D4F804230132C4F80423E2E70125E8
:10632000032D4FF014000CD0013500F06FFC4FF03E
:106330000003032DA4F8DD32A4F8EC824FF0140022
:10634000F2D100230293D8E770B52DED028B0446FD
:1063500086B043F6FF70B0EE408AFBF741FDD4F8FB
:10636000F03201330DF11601C4F8F032FFF72EFEC2
:10637000002840F0CD80BDF8163001930546184640
:10638000FBF74AFD019BA4F8E032421C00F0228199
:10639000023000F0E280C3F30D032A46D4F8F41271
:1063A00063F30F0263F31F42002940F0F980D4ED3C
:1063B000016AC4F8E22201229B00013184F8DD2247
:1063C00000226367C4F8F412A4F8EC22C4ED026A58
:1063D0004C220E4604F1100004F10C010393CDEDA4
:1063E000026A019103F09AFE039BDFF83CC29FED25
:1063F000896A0199DDED026A5A12501C00F07F0093
:1064000004EB820204EB8000D2F8DC20D0F8DC0040
:10641000C3F3080E801A0EFB00F002EB60221A4450
:10642000A267DCF81030D31A07EE903AFAEEC87A79
:10643000BDEEE77AB8EEC77A77EEC77A67EE867A6E
:10644000F5EEC07AF1EE10FA01D577EE867A012EDC
:10645000C4ED017A73D0D4F8805094F8DC32DCF8C3
:10646000141094ED1A6ADFED6C5A9FED6A5A521AB5
:1064700007EE102AB8EEC77A27EE067A27EE257ABD
:10648000FDEEC75AF8EEE55A37EE657A27EE057A43
:10649000B5EEC07AF1EE10FA01D537EE057A77EE57
:1064A000E66ADFED5E5A84ED177AF4EEE56AF1EE06
:1064B00010FA69DC9FED5A7AF4EEC76AF1EE10FA31
:1064C0004CBF01220022002B62D02A4407EE102A82
:1064D000DFED506AC4F88020B8EEC77A27EE267A3E
:1064E00077EE877AD4ED166AC4ED037AB3EE037AB9
:1064F00077EEE66A28EE077AC6EE877A26EE276AF6
:10650000C4ED187A84ED196A06B0BDEC028B70BD3B
:10651000D4E9BE21B4F8EC3201310132C4E9BE2124
:106520000020013384F8DD02A4F8EC324FF48070CF
:1065300006B0BDEC028BBDE87040FAF7F9BDC4EDC2
:10654000027A04F15C03E1EC017A9942FBD1012368
:10655000F0EE676A84F8DC3281E7D4F80433013363
:10656000C4F80433B4F8EC32D4F8F82201339BB207
:1065700001320021022BC4F8F822A4F8EC3284F88E
:10658000DD12C1D94020D3E74FF0FF32002B9CD160
:1065900001229FED247AC4F8803084F8DC229FE742
:1065A0001846B4F8E41202920193FBF743FC00F59D
:1065B0000070B0F5806FDDE9013211D8B4F8E41253
:1065C000994202BFD4F80C130131C4F80C13D4F86B
:1065D000F412ECE6D4F800330133C4F80033C1E719
:1065E000D4F80813B4F8EC32C4F8E22201310133D4
:1065F000C4F80813D4F8F812C4F8F4529BB201316D
:10660000022BA4F8EC32C4F8F812A4F8DC527FF69E
:106610007BAFB7E7DB0FC94000008037DB0F494095
:10662000DB0F49C000000000D839002070B5224DB2
:106630002B6803F51C5310338B4200D970BD044600
:106640000E46416F1D4803F0F9FCA16F1C4803F092
:10665000F5FC6068F9F728FF02460B46194803F07D
:10666000EDFCE068F9F720FF02460B46164803F000
:10667000E5FCE06DF9F718FF02460B46134803F0FE
:10668000DDFCD4F88010124803F0D8FC94F8DD1239
:10669000104803F0D3FCD4F8FC120F4803F0CEFCF2
:1066A000D4F800130D4803F0C9FC0D48D4F80413C6
:1066B00003F0C4FC2E6070BD18410020F8DC000817
:1066C00004DD00081CDD000834DD000848DD00089A
:1066D0005CDD00086CDD000878DD000884DD000862
:1066E00094DD000830B585B001AB83E807000E4D9E
:1066F000002401AB93E807002346FDF7A7FF013410
:10670000B4F5807F45F8040FF3D1084D01AB93E851
:1067100007002346FDF7AEFF0134B4F5A07FA5ECDA
:10672000010AF3D105B030BDD4390020D83D002096
:1067300070B586B003AB83E8070003AA07CA4FF41D
:10674000A073FDF78DFF03AA064640F2411307CA66
:10675000FDF786FF03AA05464FF4A17307CAFDF7AC
:106760007FFF0DF10C0C044640F243139CE8070038
:10677000FDF776FF054A0192054A0092034622463C
:1067800029463046FBF7CEFA06B070BDD83D002052
:10679000D839002000B583B00190FDF70DFF0198B6
:1067A00041680022FF23C0E90312838203B000BDC9
:1067B00030B517498BB004461648FBF781F80546FB
:1067C000E8B1237D012B1ED900210B46E2686375D9
:1067D00002EB010E94E8070004AB83E807000DF11B
:1067E000040CCDF814E08CE8070093E8070007AB31
:1067F00083E8070084E807002046FDF7E9FE284605
:10680000A5750BB030BD013303F00103D902DDE7FC
:10681000D83D0020D8390020F0B5837D83B00546EF
:106820002BB9002400232046AB7503B0F0BD4849C6
:106830004848FBF745F80028F3D045494548464EFF
:10684000FAF7FCFF0024074656F8043F95E80700D6
:10685000009323460134FDF7C9FEB4F5807FF3D1E0
:106860003B4EB6EC010A234695E807000134FDF7DC
:10687000D5FEB4F5A07FF4D10223009395E807007C
:1068800040F24113FDF7BEFE009495E807004FF477
:10689000A173FDF7B7FE009795E8070040F2431398
:1068A000FDF7B0FE2A690132009295E807004FF427
:1068B000A273FDF7A7FE294B009395E80700234636
:1068C000FDF7A0FE234926484FF4806203F08CFCBC
:1068D0001F4924484FF4807203F086FC95E80700B6
:1068E000FFF700FF95E80700FFF722FF044660B9B5
:1068F0001B4918484FF4806203F076FC194914488C
:106900004FF4807203F070FC8BE795E807004FF4BA
:10691000A273FDF7A5FE2B69114907464FF480626B
:106920000C485E1C03F060FC0E4909484FF480726D
:1069300003F05AFCB7427FF474AF2B696A7D2A7565
:1069400001332B6120460023AB7503B0F0BD00BFBF
:10695000D83D0020D8390020D43900204154484E79
:106960001C4200201C4100202DE9F04F93B0064648
:106970000DF10C0800274FF0FF0A0CAD09AC0DF12A
:10698000100996E807000DF13C0C8CE80700F3684D
:1069900003EBC723109385E807009CE8070084E811
:1069A0000700FFF79FFE94E80700FFF7C1FE4FF4D2
:1069B000A27388F80000834694E80700FDF750FEB4
:1069C00049F827000346002F41D0BBF1000F02D049
:1069D000BAF1FF0F54D1059B9DF80D2004999DF845
:1069E0000C00FBF7C7F9002859DB5FFA80F8B8F113
:1069F000FF0F54D0B8F1000F56D1354935484FF448
:106A0000806203F0F1FB344934484FF4807203F0A4
:106A1000EBFBF26886F8148002EBC82796E80700C3
:106A200085E807000D9784E8070095E807000FAC9C
:106A300084E807000DEB880394E807001B693361C5
:106A4000012386E80700184613B0BDE8F08FBBF1BC
:106A5000000F10D01F491E4801934FF4806203F0CD
:106A6000C3FB1E491C484FF4807203F0BDFBBAF112
:106A7000FF0F04D1BA4608F10108012781E7019B05
:106A800018460DEB8A031969FBF76EF908B15FFA36
:106A900087FA002F9FD108F10108012771E7002331
:106AA000184613B0BDE8F08FF26802EBC82396E8F1
:106AB00007000DF13C0C8CE80700109385E80700F7
:106AC0009CE8070006AF87E80700FFF70BFEA0E78A
:106AD0001C420020D83900201C410020D83D002055
:106AE00000238375FDF7A8BD9DF800C030B949B9F2
:106AF00032B14BB1844508BF052070470120704773
:106B0000032070470220704704207047081A904203
:106B100034BF0020012070470120704708B503F002
:106B200031FB162303604FF0FF3008BD08B503F0BA
:106B300029FB16230360FEE770B5161E07DD0C4621
:106B40008D19AFF3008004F8010BA542F9D130464E
:106B500070BD00BF70B5161E07DD0C468D1914F808
:106B6000010BFCF755FCA542F9D1304670BD00BFC2
:106B70004FF0FF30704700BF4FF400534B600020D0
:106B8000704700BF01207047002070470C4A08B5CD
:106B9000136833B118446946884208D81060184613
:106BA00008BD084B1360184469468842F6D903F0C3
:106BB000E9FA0C2303604FF0FF33184608BD00BF0D
:106BC0001C460020784700200D4B0E4A1B68A2FB94
:106BD00003239B09013BB3F1807F00D3FEE74FF015
:106BE000E02209495361F02081F823004FF0000CA6
:106BF00007201023C2F818C0106181F823307047B5
:106C000000000020D34D621000ED00E0024A106049
:106C10001368002BFCD17047244600200549064A22
:106C20000B6801330B60136813B11368013B1360E9
:106C3000704700BF2046002024460020014B186802
:106C4000704700BF20460020704700BF08B50220F3
:106C5000FAF76EFAFEE700BF08B50420FAF768FA03
:106C6000FEE700BF08B50820FAF762FAFEE700BFAA
:106C700008B51020FAF75CFAFEE700BF704700BFC6
:106C8000704700BF704700BFFFF7C8BF70B5584CD2
:106C9000584884B02246002100F094FC206840F25D
:106CA0000173984206D1A36823F07F43B3F5002F08
:106CB00000F08E80504D627A217A6B680093B2FAB0
:106CC00082F2B1FA81F1A37A52094909FBF762F81D
:106CD00008B904B070BD494A494E4A4B92ED0E7A4C
:106CE00096ED111AD2ED117AD3ED180A93ED030A3D
:106CF0002979454821EE071AC0EEA70A80EE270A37
:106D000021EE271AFAF78CFC3F493A4800F006FCBE
:106D10003E4803A9FBF750F8054660B39DF80C10F8
:106D2000FD294DD0FE291ED0FC29D2D1384C02209D
:106D3000FBF7E2F800253046C6F8B850FEF7AAF98E
:106D4000206861682289FDF7D3F86168206822898C
:106D5000FDF784F82020A580FAF7F8F92D486D2179
:106D6000FEF7C8FFB5E70420FBF7C6F829487A21EB
:106D7000FEF7C0FFADE7236906F1CC02CDE9003292
:106D800094E80F00FAF78EFCDFED236AD6ED347A33
:106D900096ED337AC6F8B85067EEA67A27EE267AD3
:106DA000FDEEE77ABDEEC77A17EE903A17EE101AAD
:106DB0009BB2012043EA0141FBF79EF804B070BD8D
:106DC0000320FBF799F813481B21FEF793FF80E798
:106DD00003A904F10B00FBF741F818B99DF80C303A
:106DE000072B01D9206865E72046FBF7BDF870E75F
:106DF000E801002000640040D8390020D83D002080
:106E0000BC36002098330020FC010020F301002054
:106E10008C330020A83600200000C842012110B5A4
:106E2000184801F0C9F918490B88013343F6972235
:106E30009BB2934214D80B80144CFCF78DF920467A
:106E4000FDF768FC9FED120A1248FFF77DFA124821
:106E5000FEF7CCFBD4F8B4300133C4F8B43010BD25
:106E60000E4B1A7800200880B2FA82F200F18040BE
:106E7000520900F588304FF400511A7000F0B4FE4A
:106E8000DAE700BF002C01402A460020BC36002073
:106E9000D1CB0B3898330020A8360020284600209C
:106EA00008B54FF4805000F0C9FC18484FF48051E9
:106EB00000F0A0FE00B108BDFCF75CFEF0B9FCF7E5
:106EC00011FEB8B9FCF79EF90028F4D100F180401A
:106ED00000F584304FF4006100F092FE0028EAD003
:106EE0000B48FCF7FFFE2020FAF722F9084A01239D
:106EF000938008BDBDE80840FCF7FCBDFCF742FEEE
:106F0000BDE808400248FCF7EDBE00BF00080140A4
:106F10008C33002008B50749074801F0F9FB00B998
:106F200008BD054801F0DCFBBDE80840C1B20348DC
:106F3000FEF7E0BE0503050000440040A83600202F
:106F400008B5154B98421BD003F5A05398420DD0BD
:106F5000A3F5C05398421DD140F2093000F02AFF3A
:106F6000BDE8084040F2093000F032BF40F20F3077
:106F700000F020FFBDE8084040F20F3000F028BFCD
:106F800040F20A3000F016FFBDE8084040F20A3037
:106F900000F01EBF08BD00BF002801408368DB076A
:106FA00003D4836843F0010383607047826842F032
:106FB000080200F1080382601A681107FCD4826895
:106FC00042F0040282601A685207FCD4704700BF86
:106FD000836843F480738360704700BF064BD3F827
:106FE000042422F47022C3F80424D3F804240243B6
:106FF000C3F80424704700BF0020014001F48073EF
:107000008AB11BB1436843F4807343604B0503D5D9
:10701000436843F480634360890715D5836843F070
:107020000203836070471BB1436823F4807343609D
:107030004A0503D5436823F4806343608B0703D577
:10704000836823F002038360704700BF836819B12F
:1070500043F400638360704723F4006383607047E8
:1070600001290ED0022900D07047836B23F440130E
:107070008363013A836B120502F440121A43826360
:107080007047C36A23F47003C362013AC36A1205EE
:1070900002F470021A43C262704700BF052900B5AE
:1070A0002ED8D0F834C001EB81014FF01F0E0EFA3C
:1070B00001FE2CEA0E0C02FA01F141EA0C014163D7
:1070C000092A0DD8016902EB42024FF0070C0CFAB5
:1070D00002FC21EA0C0103FA02F20A43026100BD3C
:1070E000112AFCD80A3AC16802EB42024FF0070CA1
:1070F0000CFA02FC21EA0C0193400B43C36000BD73
:107100000B2910D80639D0F830C001EB81014FF0BF
:107110001F0E0EFA01FE2CEA0E0C02FA01F141EAF2
:107120000C010163CCE70F29CAD80C39D0F82CC068
:1071300001EB81014FF01F0E0EFA01FE2CEA0E0C3E
:1071400002FA01F141EA0C01C162B9E7D0F838C096
:107150000331CCF3015CA1EB0C0101EB81014FF099
:107160001F0C00B50CFA01FED0F838C002FA01F18C
:107170002CEA0E0C41EA0C01092A81630DD8016941
:1071800002EB42024FF0070C0CFA02FC21EA0C0160
:1071900003FA02F20A43026100BD112AFCD80A3A3E
:1071A000C16802EB42024FF0070C0CFA02FC21EA24
:1071B0000C0193400B43C36000BD00BF01F001030D
:1071C0005AB11BB1836843F4801383608A070FD5DB
:1071D000836843F40043836070471BB1836823F4E2
:1071E000801383608B0703D5836823F40043836097
:1071F000704700BF01290AD0022900D07047836878
:1072000023F4E0438360836813438360704783689B
:1072100023F460238360836813438360704700BF57
:10722000CA0703D5836843F4800383608B0703D5C3
:10723000836843F400138360704700BF03290FD8AD
:10724000DFE801F00B080502806C80B27047406CEB
:1072500080B27047006C80B27047C06B80B27047DC
:107260000020704703680B4214BF012000207047C4
:10727000036823EA01030360704700BF08B5074BAA
:10728000984200D008BD40F2194000F093FDBDE8DF
:10729000084040F2194000F09BBD00BF0064004070
:1072A00029B103282CD8DFE800F00E182103FEE7EF
:1072B0000023C1F80B30C1F80F308B724B60CB74D8
:1072C0000B810B607047002340F2FF304FF4003217
:1072D00048810B810A604B60704700234FF4803275
:1072E0000B740B604B608B60CA6070470023C1F861
:1072F0000B30C1F80F308B724B600B810B60704705
:10730000FEE700BF036823F0020300B503600368D3
:10731000844643F001034CF8043B4368DB07864690
:1073200008D44FF6FF7301E0013B03D0DCF80020E6
:10733000D007F9D5DEF8040010F0010070D04B78CA
:107340008A781B06120402F4702203F04073134380
:107350000A7843EA8273CA78120502F4E002134302
:107360004A89013AC2F309021343CEF81C300B7963
:10737000012BDEF800300CBF43F0800323F08003C4
:10738000CEF800304B79012BDEF800300CBF43F013
:10739000400323F04003CEF800308B79012BDEF858
:1073A00000300CBF43F0200323F02003CEF8003060
:1073B000CB79012BDEF800300CBF43F0100323F033
:1073C0001003CEF800300B7A012BDEF800300CBF32
:1073D00043F0080323F00803CEF800304B7A012B6A
:1073E000DEF800300CBF43F0040323F00403CEF8B2
:1073F0000030DEF8003023F00103CEF80030DEF874
:107400000430DA070DD54FF6FF7000E040B1DCF82C
:107410000030DB0700F1FF30F8D4003818BF01203E
:1074200000BD012000BD00BF3B494389D1F80026C3
:1074300042F0010200B5C1F80026D1F81CC6B0F830
:107440000EE001229A402CEA020CC1F81CC6BEF1E3
:10745000000F45D1D1F80CC603F100632CEA020CF1
:10746000C1F80CC603F6C843B0F806C04188DB007B
:1074700041EA0C41B0F804C01960018841EA0C41AE
:107480005960838924492BBBD1F8043623EA0203CF
:10749000C1F8043603892049B3B9D1F8143623EA78
:1074A0000203C1F81436037C012B05D11A49D1F827
:1074B0001C361343C1F81C36174AD2F8003623F0A5
:1074C0000103C2F8003600BDD1F814361343C1F8E9
:1074D0001436E8E7D1F804361343C1F80436D9E787
:1074E000BEF1010FCDD1D1F80CC603F100634CEA17
:1074F000020CC1F80CC603F6C843B0F800C04188BE
:10750000DB0041EA0C41B0F804C01960C18841EACF
:107510000C415960B5E700BF00600040826852012D
:10752000034605D48268120143D51033012000E0E0
:107530000020D3F8802102F0010210B5C3F88021A9
:1075400091F808E04A7A03F5C07CBEF1000F26D01E
:107550004C6842EAC40242EA0E02D3F880E142EAF1
:107560000E02C3F88021D3F8842122F00F02C3F861
:107570008421D3F884E18A7A42EA0E02C3F8842196
:10758000D1F80B20C3F88821D1F80F20C3F88C2143
:10759000DCF8003043F00103CCF8003010BD0C687B
:1075A000D3F880E142EA445242EA0E02C3F8802155
:1075B000D9E78268D20002D520330220B9E7032040
:1075C000704700BF00EB0113D3F8B0C10CF0040CFE
:1075D00082F808C0BCF1000F47D1D3F8B0C14FEA20
:1075E0005C5CC2F800C0D3F8B0C10CF0020C82F8A9
:1075F00009C0D3F8B4C14FEA1C2C82F813C0D3F8E9
:10760000B4C10CF00F0C82F80AC0D3F8B8C182F8EC
:107610000BC0D3F8B8C14FEA1C2C82F80CC0D3F8C9
:10762000B8C14FEA1C4C82F80DC0D3F8B8C14FEA7C
:107630001C6C82F80EC0D3F8BCC182F80FC0D3F81E
:10764000BCC14FEA1C2C82F810C0D3F8BCC14FEA71
:107650001C4C82F811C0D3F8BC311B0E937459B97D
:10766000C36843F02003C3607047D3F8B0C14FEA4A
:10767000DC0CC2F804C0B6E7036943F020030361E1
:10768000704700BF43690B43436170470D4B9842FD
:1076900015D001EB810300EB83030022D3F808C06F
:1076A0002CF0010CC3F808C09A60DA601A615A61C4
:1076B000426889000F238B401343436070470429BD
:1076C000E7D9FEE7000402401D4B984234D001EB9D
:1076D000810100EB8100136810B40361936843617A
:1076E000138AC360D468536881682343546921F4C2
:1076F0007C5123430B438360137E012B83680CBFB3
:1077000043F0400323F040038360537E012B8368E2
:107710000CBF43F0800323F080038360937E2BB182
:10772000836843F0100310BC83607047836823F0C4
:10773000100310BC836070470429C8D9FEE700BF5E
:1077400000040240074B984208D001EB81018900F8
:1077500008300B5843F020030B5070470429F4D92C
:10776000FEE700BF00040240074B984208D001EB3F
:107770008101890008300B5843F001030B5070471A
:107780000429F4D9FEE700BF000402402A4BD3F8D5
:1077900000C42CEA000CC3F800C4D3F804C42CEADB
:1077A000000CC3F804C4D3F808C42CEA000CC3F8D6
:1077B00008C4D3F80CC42CEA000CC3F80CC449B3B9
:1077C000012905D0012A0BD0022A29D0AAB170477D
:1077D000D3F80414012A41EA0001C3F80414F3D1D8
:1077E000154BD3F8082422EA0002C3F80824D3F882
:1077F0000C240243C3F80C2470470F4BD3F8082421
:107800000243C3F80824D3F80C2422EA0002C3F888
:107810000C247047D3F800140143C3F80014D1E7D7
:10782000054BD3F808240243C3F80824D3F80C24EA
:107830000243C3F80C24704700000140014BC3F819
:1078400014047047000001400B4B1A69110603D560
:107850000A490B4A59605A600A4BB3F8E030B3F555
:10786000007F07D9044B1A6D120603D50349044A59
:1078700059645A64704700BF0020024023016745E5
:10788000AB89EFCD00F7FF1F074B08491A69B1F824
:10789000E01042F08002B1F5007F1A6103D91A6D41
:1078A00042F080021A6570470020024000F7FF1F77
:1078B0004B4BB3F8E030B3F5007F6AD9494B4A4AE5
:1078C00098424A4B26D2D168C90756D4D368D90604
:1078D00057D4D3685B075AD41169444B41F0020175
:1078E000116150611069404940F040001061CA6860
:1078F000D00738D4CB68DB063DD4C868C0F380001D
:107900004000C0B2384A136923F002031361704784
:10791000013B34D0D16CC907FAD4D36CDB0630D428
:10792000D36C590733D4136D43F0020313655065CC
:10793000D3699B0748BF50612B4A2C4B116D41F016
:1079400040011165D16CC9071DD4D36CD80643D44E
:10795000D06CC0F380004000C0B2234A136D23F006
:10796000020313657047013B38D0CA68D007FAD4C8
:10797000CB68DB06C1D50320C4E7013BA3D10420BB
:10798000704703207047013BDCD10420E5E702206B
:107990007047164B144AD168C90719D4D368DB065F
:1079A000EFD4D3685907F2D41169104B41F00201AA
:1079B0001161506110690C4940F040001061CA68C3
:1079C000D20797D5013B09D0CA68D207FAD491E70C
:1079D000013BE0D1042070470320BEE7042091E77B
:1079E00000F7FF1FFFFF0708002002400000FF0F05
:1079F000454BB3F8E030B3F5007F8C4660D9434B7C
:107A0000434A9842434B23D2D168C9074CD4D36828
:107A1000D9064DD4D3685B0750D411693D4B41F072
:107A2000010111613A49C0F800C0CA68D00731D4D9
:107A3000CB68DB0636D4C868C0F380004000C0B213
:107A4000334A136923F0010313617047013B2DD0C2
:107A5000D16CC907FAD4D36CDB0629D4D36C59078F
:107A60002CD4116D2B4B41F0010111652849C0F850
:107A700000C0CA6CD2071DD4CB6CD80640D4C86CE9
:107A8000C0F380004000C0B2214A136D23F001030F
:107A900013657047013B35D0CA68D007FAD4CB686C
:107AA000DB06C8D50320CBE7013BADD104207047EE
:107AB00003207047013BDCD10420E5E7022070473A
:107AC000144B134AD168C90716D4D368DB06EFD428
:107AD000D3685907F2D411690E4B41F001011161CD
:107AE0000B49C0F800C0CA68D207A1D5013B09D034
:107AF000CA68D207FAD49BE7013BE3D10420704760
:107B00000320C1E704209BE700F7FF1FFFFF0708E2
:107B1000002002400000FF0F830903F1804303F5BA
:107B2000083300F01F001968012282400A431A60DE
:107B3000704700BF2DE9F0430C461D46E3060146A1
:107B400004F00F0602D5042A44D0164300224FF059
:107B500001080F2706E0482C08BF08610B600132BE
:107B6000082A13D008FA02FC4FEA820E1CEA05002C
:107B700007FA0EF906FA0EFEF1D00B68282C23EA5C
:107B800009034EEA0303E6D14861E7E700234FF01B
:107B900001080F2709E0482C08BF0861C1F804E07C
:107BA0000132102A03F1040312D008FA02FC1CEA85
:107BB000050007FA03F906FA03FEF1D0D1F804C074
:107BC000282C2CEA090C4EEA0C0EE4D14861E5E7BA
:107BD000BDE8F083C36B2B4346F00306C363B5E7F0
:107BE00001617047416170470AB1016170474161AD
:107BF000704700BF83680B4214BF0120002070470C
:107C0000C3680B4214BF01200020704700281F4B9F
:107C100000F4401CB4BFDB695B68BCF5401F00B5D5
:107C200082B227D010F4801F19D14FEA505C4FEA7E
:107C30000C1C02FA0CFC23EA0C0343F0E0634FEA4D
:107C4000505C4FEA0C1C02FA0CF21A43002918BFD0
:107C500013460E4A0028B4BFD361536000BDC0F381
:107C6000034E4FF0030C0CFA0EFC23EA0C0343F016
:107C7000E063E4E7DFF814E0DEF804C02CF0E06C29
:107C800023F0E063CEF804C0D9E700BF0000014054
:107C900001F003039B000F22032902FA03F200FA0A
:107CA00003F0134B07D8996821EA02029A609A6898
:107CB00002439A607047072907D8D96821EA02026F
:107CC000DA60DA680243DA6070470B2907D819696D
:107CD00021EA02021A611A6902431A61704759695E
:107CE00021EA02025A615A6902435A61704700BF91
:107CF00000000140DFF898C0DCF80C3003F4E063CA
:107D0000B3F5E06F36D0DCF80C3003F4E063B3F584
:107D1000C06F1BD0DCF80C3003F4E063B3F5A06F48
:107D200010D0DCF80C3003F4E063B3F5806F25D09D
:107D3000DCF80C3003F4E063B3F5407F22D0134B42
:107D4000CCF80C3002F00302022302E002F007023A
:107D50000323DFF840C0994011430CEB00030901F5
:107D6000420983F8001300F01F00012383404CF800
:107D70002230704702F00F020423EAE702F001020A
:107D80000123E6E700221346E3E700BF0005FA05FA
:107D900000ED00E000E100E0830903F1804303F51A
:107DA000043300F01F001968012282400A431A6060
:107DB000704700BF830903F1804303F5043300F0EB
:107DC0001F001968012282400A431A60704700BFF1
:107DD000830903F1804303F5043300F01F001A68A0
:107DE0000121814022EA01021A607047174A536854
:107DF000D26A23F0805323F4404322F000510B2831
:107E000009D8DFE800F006060606081808180C0C6A
:107E10000C0C43EA80330D4A5360D1627047DFF89F
:107E200034C042F000510CEA803C084A43EA0C039B
:107E30005360D1627047064A02EA80321343034A14
:107E400043F080535360D162704700BF001002407E
:107E500000C0FEFF00C0FCFF10B5DFF8E4C086469E
:107E60009CE80F0088B008AC04E90F00DCE90401CD
:107E7000CDE90001CDE902012D4A536803F00C035E
:107E8000082B24D02B482A4A536851685268C3F300
:107E900003136B441B7C20FA03F3BEF1030F44D899
:107EA000DFE80EF00812020AC1F3022169440878E3
:107EB00023FA00F008B010BDC2F3C2226A44107A5F
:107EC00023FA00F008B010BD184608B010BD536882
:107ED000D90311D4184A164B586859685B680C01CD
:107EE000C0F3834014D5590018D540F030003F2826
:107EF00012D102FB00F0C6E7D36A5A000C4B58BF00
:107F00000C4A5B6848BF0D4A9B03E4D55208E2E780
:107F10005B0006D540F020000130EAE740F0100099
:107F2000FAE70F28F8D00230E3E70020C2E700BFED
:107F30000010024000127A0000093D00006CDC02D3
:107F400028D3000808B5154B984212D003F57443A6
:107F5000984204D0A3F57843984214D008BD4FF45A
:107F60004370FFF727FFBDE808404FF44370FFF769
:107F70002FBF40F20F40FFF71DFFBDE8084040F261
:107F80000F40FFF725BF40F20E40FFF713FFBDE89B
:107F9000084040F20E40FFF71BBF00BF003C00400E
:107FA00010B4D1E901420B6823431343CA680C693A
:107FB000D1E905C113432343026843EA0C0302F4E9
:107FC00041520B4313430360C36923F4006310BCA5
:107FD000C3617047036843F040030360704700BF0C
:107FE000C1607047C06880B2704700BF83680B42B1
:107FF00014BF01200020704708B5374B98424CD081
:1080000015D8A3F50063984251D039D8B0F1804F0C
:1080100022D0A3F5806398425DD140F20140FFF782
:10802000C9FEBDE8084040F20140FFF7D1BE2B4B2E
:10803000984246D003F50063984217D0A3F59033D9
:10804000984248D140F20540FFF7B4FEBDE8084031
:1080500040F20540FFF7BCBE4FF48060FFF7AAFE78
:10806000BDE808404FF48060FFF7B2BE40F20D302B
:10807000FFF7A0FEBDE8084040F20D30FFF7A8BEB4
:10808000174B984227D140F20340FFF793FEBDE81B
:10809000084040F20340FFF79BBE40F20440FFF768
:1080A00089FEBDE8084040F20440FFF791BE40F26F
:1080B0000240FFF77FFEBDE8084040F20240FFF7B4
:1080C00087BE40F20B30FFF775FEBDE8084040F276
:1080D0000B30FFF77DBE08BD00100040002C0140B2
:1080E000000C004000234FF6FF72C0E900338260AD
:1080F00003737047254B0A888262984215D020F49A
:108100004063B3F1804F10D0214B98420DD0214BEA
:1081100020F4806210B49A428C68C4622CD1436906
:1081200043F0010310BC4361704703684A8823F0A1
:1081300070030360D0F800C08B8842EA0C02026032
:108140000268134303608B68C3620268CB8822F421
:1081500040720260D0F800C00C4A43EA0C0390421F
:10816000036002D00A4B984201D10B7B0363436941
:1081700043F00103436170470268CB8822F44072E8
:108180000260026813430360C9E700BF002C01408E
:108190000034014000100040036843F00103036015
:1081A000704700BF036843F080030360704700BF5F
:1081B000C3680B43C3607047C9430161704700BF88
:1081C000002303604360836083817047B1F802C07D
:1081D0000B888A8843EA0C03B1F806C013430A8966
:1081E00043EA0C03B1F80AC013438A8943EA0C033B
:1081F00013439BB243647047436C01290CBF43F4A3
:10820000004323F400434364704700BF002303602E
:1082100043608360704700BF032929D8DFE811F06D
:10822000AF006C0029000400036A1188B2F804C092
:1082300023F480530362C36923F44073C361036A68
:1082400043EA01330362036A724923F40053036271
:10825000036A884243EA0C33036240F0D6804368E5
:10826000128923F480434360436843EA82134360E6
:108270007047036A1188B2F804C023F48073036264
:10828000C36923F00303C361036A43EA0123036262
:10829000036A604923F400730362036A884243EA75
:1082A0000C23036202D05C4B9842E1D1036AB2F81E
:1082B00002C0D18823F480630362036A43EA0C237B
:1082C0000362036A23F400630362036A43EA01233F
:1082D000036243681189528923F4805343604368E1
:1082E00043EA01134360436823F400534360436847
:1082F00043EA021343607047036A1188B2F804C06E
:1083000023F010030362836923F440738361036ADB
:1083100043EA01130362036A3E4923F02003036228
:10832000036A884243EA0C13036202D03A4B984234
:108330009ED1036AB2F802C0D18823F040030362E1
:10834000036A43EA0C130362036A23F080030362A7
:10835000036A43EA0113036243681189528923F4D3
:1083600080634360436843EA81034360436823F4C6
:1083700000634360436843EA820343607047036AD3
:10838000118823F001030362D0F818C093882CF001
:10839000030CC0F818C0D0F820C041EA0C010162FB
:1083A000016ADFF870C021F002010162016A6045D4
:1083B00043EA0103036203D0174B98427FF458AF9E
:1083C000036A518823F004030362D0F820C0D388E5
:1083D00041EA0C010162016A21F008010162016AAF
:1083E0000B4303624368118923F480734360D0F820
:1083F00004C0538941EA0C014160426822F40072D2
:1084000042604268134343607047034B98427FF4D5
:108410002FAF24E7002C01400034014003290BD882
:10842000DFE801F01C130B02C36923F4E043C361CE
:10843000C36943EA0223C3617047C36923F0700331
:10844000C361C3691343C3617047836923F4E04385
:108450008361836943EA022383617047836923F060
:10846000700383618369134383617047032904D8D0
:10847000DFE801F00806040202647047C263704737
:10848000826370474263704703290BD8DFE801F02D
:108490001C130B02C36923F40063C361C36943EA7D
:1084A0000223C3617047C36923F00803C361C36932
:1084B0001343C3617047836923F400638361836955
:1084C00043EA022383617047836923F008038361D1
:1084D000836913438361704703290BD8DFE801F0F8
:1084E0001C130B02C36923F48063C361C36943EAAD
:1084F0000223C3617047C36923F00403C361C369E6
:108500001343C3617047836923F480638361836984
:1085100043EA022383617047836923F00403836184
:10852000836913438361704703290BD8DFE801F0A7
:108530001D140B02036A23F480530362036A43EAA7
:10854000023303627047036A23F480730362036A91
:1085500043EA022303627047036A23F010030362B5
:10856000036A43EA021303627047036A23F00103BC
:108570000362036A13430362704700BF436823F03A
:108580007003436043680B434360704721B98368BD
:1085900043F0800383607047012900D070478368EF
:1085A00023F0800383607047836823F007038360B0
:1085B000704700BF08B5234B984238D010D9224BE2
:1085C00098422AD003F5684398421BD140F20E30FE
:1085D000FFF7F0FBBDE8084040F20E30FFF7F8BBB4
:1085E000A3F5006398420ED003F58063984209D149
:1085F00040F21240FFF7DEFBBDE8084040F21240B7
:10860000FFF7E6BB08BD40F21140FFF7D3FBBDE822
:10861000084040F21140FFF7DBBB40F21440FFF787
:10862000C9FBBDE8084040F21440FFF7D1BB40F25F
:108630001340FFF7BFFBBDE8084040F21340FFF7CF
:10864000C7BB00BF004C00400050004000B5174BB6
:10865000984283B0024617D00ED9154B984213D0DA
:1086600003F5684398421ED1CDE900010320FFF7CE
:10867000F3FBDDE900210EE0A3F50063984203D08F
:1086800003F5806398420ED10220CDE90021FFF767
:10869000E3FBDDE9002100EB5103B3FBF1F39BB2F7
:1086A000936003B000BD0020F5E700BF004C004020
:1086B00000500040C36843F40053C360704700BFDC
:1086C000C36823F008030B43C3607047C36823F0FB
:1086D00004030B43C3607047C1F308014160704756
:1086E0004068C0F3080070478B0901F01F0118585B
:1086F000C84000F0010070478A09012352F800C009
:1087000001F01F018B4043EA0C031350704700BF78
:10871000C1F389128B0D52F800C01858C1F30442FE
:10872000012303FA02F201F01F01024203FA01F3EE
:1087300014BF0120002013EA0C0F00F0010008BF55
:10874000002070474249434BD1F8882042F4700220
:1087500082B0C1F88820196841F001011960596898
:10876000002041F0800159600190019B44F61F6296
:10877000934205D8019B01330193019B9342F9D9A0
:1087800034494B6823F003034B600B6823F0847378
:108790004FF41F0223F480330B608A600A680020C4
:1087A00022F480220A604860C8620A6842F001022E
:1087B0004FF4A0630A6001E0013B02D00A68900711
:1087C000FAD5244B1A68920741D5DA69224942F05A
:1087D0008052DA610A6842F440420A605A685A607C
:1087E0005A685A605A6842F480625A605A6822F0A5
:1087F000904222F470125A605A6842F0036242F4C6
:1088000080225A601A6842F080721A601A689001D9
:10881000FCD5114A136843F4803313605368D903BD
:10882000FCD513680C4943F4003313604B689A037A
:10883000FCD5084A536823F003035360536843F0A0
:108840000203536053681B07FCD502B07047FEE774
:1088500000ED00E00010024000700040DFF834D06E
:108860000D480E490E4A002302E0D458C450043388
:10887000C4188C42F9D30B4A0B4C002301E013605F
:108880000432A242FBD3FFF75DFF01F081FCF8F751
:108890002FFA70470000012000000020CC010020CA
:1088A00050EA0008CC01002078470020FEE70021B4
:1088B00001F016BB0A22002101F098BB2DE9FF4709
:1088C00057EC106B002F0C469146DDF830A019468E
:1088D0004FF0000203DA07F100431F462D220D9DE1
:1088E0000A7025F02005462D04D0452D00D1013415
:1088F000022100E0032103AB019302AB009347EC9C
:10890000106B5346224601F00FFD472D80461AD1C9
:1089100019F0010F0ED000EB0409002200233046AD
:108920003946F8F781F808B1CDF80C903022039B56
:108930004B451ED3039B0E9AA3EB080340461360DE
:1089400004B0BDE8F087462D00EB0409E5D10378BB
:10895000302B0AD10022002330463946F8F764F85C
:1089600018B9C4F10104CAF80040DAF8003099449B
:10897000D3E7591C03911A70D9E7F7B50029BABF9C
:1089800049422D232B230929027043702ADD0DF162
:108990000704871CA6460A26A446B1FBF6F506FB8B
:1089A00015123032632904F1FF340CF8012C2946EA
:1089B000F2DC3031ACF1020204F8011C411C144617
:1089C00072450AD30DF10903A3EB0C03A64538BF8A
:1089D00000233B44181A03B0F0BD12F8013B01F824
:1089E000013FEDE7302330318370C170031DF1E7A3
:1089F0002DE9F04F8FB00C46DDF8608016461F461B
:108A0000054601F0EDFB036807931846F7F7E0FB16
:108A100000230C93D8F8003094F818A0D4F800B0D4
:108A20000890073323F00703B3EC027B8DED047B42
:108A3000C8F80030DDE9048323F0004984ED127B9F
:108A40009A4B4FF0FF3240464946F8F71FF870BB8B
:108A5000964B4FF0FF3240464946F7F7F9FF30BBDF
:108A6000DDE9040100220023F7F7E8FF10B12D2310
:108A700084F843308E4A8F4BBAF1470F8CBF904633
:108A80009846032323612BF0040323604FF0000971
:108A9000009733460DAA2146284600F0CDF9013053
:108AA00040F08C804FF0FF300FB0BDE8F08FDDE973
:108AB000042310461946F7F7E9FF40B1059B7E4AAB
:108AC000002BBCBF2D2384F843307C4BD4E7636874
:108AD0005A1C0AF0DF093BD1062363604BF4806225
:108AE0000023226003930CABCDE901A30BAB0093F1
:108AF00061689DED040B0DF12B032846FFF7DEFEA8
:108B0000B9F1470F0B99804629D1C81C02DB636875
:108B10008B4241DAAAF1020A5FFA8AFA0139524617
:108B200004F150000B91FFF728FF0C9A1318012A4B
:108B30008146236102DC2268D20701D5013323611B
:108B40009DF82B30002BA3D02D2384F843309FE7D2
:108B5000B9F1470FC2D1002BC0D10123BDE7BAF153
:108B6000650FDBD9BAF1660F18D1002963680BDDF8
:108B7000216113B92268D00702D501330B44236168
:108B8000A1654FF00009DBE713B92268D20701D5D0
:108B90000233F4E70123F2E74FF0670A0C9B8B42A4
:108BA00005DC23682161D807EAD54B1CE7E70029DB
:108BB000D4BFC1F1020201221344E0E723685A0541
:108BC00007D42369424631462846B847013028D1A8
:108BD00068E7BAF1650F40F2DB80D4E912010022A8
:108BE0000023F7F721FF90B3354A01233146284689
:108BF000B84701303FF456AFDDE90B38434502DB9F
:108C00002368D8070DD5DDE9072331462846B84744
:108C100001303FF447AF4FF0000908F1FF38C84575
:108C200009DC23689B0700F10481E0680D9B9842F2
:108C3000B8BF184638E7012304F11A023146284626
:108C4000B84701303FF42EAF09F10109E7E70B9B6C
:108C5000834237DC1A4A012331462846B84701309F
:108C60003FF420AFDDE90B3959EA030302D1236851
:108C7000D907D6D5DDE9072331462846B847013064
:108C80003FF410AF4FF0000A0B9B5B42534501DCF1
:108C90004B4697E7012304F11A0231462846B847AC
:108CA00001303FF4FFAE0AF1010AEDE7FFFFEF7F6D
:108CB000ACE50008A8E50008B4E50008B0E5000848
:108CC000B8E50008A36DDDF830B05B45A8BF5B4692
:108CD000002B049337DC4FF0000904F11A02049BC7
:108CE000D4F858A0002BACBFAAEB030353464B4566
:108CF00031DC0B9B9B453ADC2368DA0737D40B9BAE
:108D0000ABEB0309ABEB0A039945A8BF9946B9F150
:108D1000000F34DC4FF000080B9BB9F1000FABEBF8
:108D20000303A8BFA3EB090343457FF77AAF0123F1
:108D300004F11A0231462846B84701303FF4B2AE7A
:108D400008F10108E8E7049B424631462846B84747
:108D50000130C0D1A6E60123314628460992B84722
:108D600001303FF49FAE099A09F10109B7E7DDE947
:108D7000072331462846B8470130C0D192E64B461A
:108D800008EB0A0231462846B8470130C2D189E6CD
:108D9000DDF830A0BAF1010F01DCDB0735D5012386
:108DA000424631462846B84701303FF47BAEDDE904
:108DB000072331462846B84701303FF473AED4E963
:108DC0001201002200230AF1FF3AF7F72DFEC8B97D
:108DD000534608F1010231462846B84701300DD10B
:108DE00060E6012304F11A0231462846B8470130F3
:108DF0003FF458AE08F10108D045F2DB4B4604F1D0
:108E00005002E0E64FF00008F6E701234246E2E7B1
:108E1000012304F1190231462846B84701303FF4D6
:108E200041AE08F10108E3680D995B1A4345EFDC98
:108E3000FBE64FF00008F6E72DE9F047914698462B
:108E40008A680B69089E9342B8BF1346C9F8003080
:108E500091F8432007460C4612B10133C9F800309F
:108E60002368990642BFD9F800300233C9F80030B0
:108E7000256815F0060507D104F1190AE368D9F849
:108E800000209B1AAB4229DC94F843302268003B57
:108E900018BF012392062ED404F1430241463846FE
:108EA000B047013021D02368A168226903F006038E
:108EB000042B01BFE568D9F80030ED1A25EAE57505
:108EC00018BF00258B1A2B449142C8BF1D464FF096
:108ED00000091A344D451AD1002008E001235246FA
:108EE00041463846B047013003D14FF0FF30BDE86E
:108EF000F0870135C2E7E1185A1C302081F84300A1
:108F0000224494F8451082F843100233C4E7012349
:108F1000224641463846B0470130E6D009F1010902
:108F2000D8E700002DE9F04398460B7E85B0782BFA
:108F3000174606460C9A0C4609D8622B01F14301EC
:108F400008D8002B00F0DC80582B00F0BD8004F125
:108F5000420539E0A3F163001528F8D801A555F8BA
:108F600020F000BFBD8F0008D18F00084F8F000890
:108F70004F8F00084F8F00084F8F0008D18F0008D7
:108F80004F8F00084F8F00084F8F00084F8F000849
:108F9000E1900008FD8F00088F9000084F8F0008B7
:108FA0004F8F0008099100084F8F0008FD8F0008BF
:108FB0004F8F00084F8F0008979000081368191D05
:108FC0001B68116004F1420584F842300123A8E0D7
:108FD00013682568181D1060280601D51B6803E07A
:108FE0006A06FBD5B3F90030002B03DA2D225B4271
:108FF00084F84320DFF878C10A2213E0256810685E
:1090000015F0800F50F8043B02D16D0648BF9BB2AB
:109010001060227EDFF858C16F2A5DD1082200203F
:1090200084F843006568A560002D05DB20681D43BA
:1090300020F00400206051D00D46B3FBF2F002FB9B
:10904000103E9A421CF80EE005F801ED0346F4D9F3
:10905000082A0BD12368DA0708D5236962689A4287
:10906000DEBF302305F8013C05F1FF35491B2161C6
:10907000CDF800803B4603AA21463046FFF7DCFED0
:10908000013053D14FF0FF3005B0BDE8F0832368C5
:1090900043F020032360DFF8DCC0782384F84530F8
:1090A0002068156810F0800F55F8043B03D110F0CC
:1090B000400F18BF9BB21560C50744BF40F02000A9
:1090C000206023B11022AAE7DFF8A4C0E6E72268F7
:1090D00022F020022260F5E70A22A0E70D46B7E75A
:1090E0001368D4F800C060691D1D15601CF0800F66
:1090F0001B6801D0186003E01CF0400FFAD0188004
:10910000002323610D46B3E71368191D11601D6824
:10911000626800212846F7F70BF808B1401B606031
:1091200063682361002384F84330A1E723692A465A
:1091300039463046C0470130A4D023689B0714D479
:10914000E068039B9842B8BF18469DE7012304F1ED
:10915000190239463046C047013093D00135E368E3
:1091600003995B1AAB42F1DCEAE70025F7E700BFA1
:10917000BAE50008CBE50008002310B50446C0E9B5
:109180000033C0E90433836081814366C281836117
:10919000194608225C3000F0DAFF0D4B63620D4B7C
:1091A000A3620D4BE3620D4B23630D4B24629C4283
:1091B00006D003F16802944202D0D0339C4205D11C
:1091C00004F15800BDE8104001F006B810BD00BF22
:1091D000CFC20008F1C2000829C300084FC300082D
:1091E0002C460020024A0349034800F009BF00BF93
:1091F0000400002059C400088001002041680C4B85
:10920000994210B5044601D003F026F9A168094B34
:10921000994202D0204603F01FF9E168064B9942BB
:1092200004D02046BDE8104003F016B910BD00BFC1
:109230002C46002094460020FC46002010B50A4B26
:109240000A4A1A600A4800220421FFF795FF0948DC
:1092500001220921FFF790FFBDE8104006480222D5
:109260001221FFF789BF00BF64470020E591000885
:109270002C46002094460020FC460020014800F0C7
:10928000ACBF00BF69470020014800F0A7BF00BF86
:109290006947002010B50446FFF7F0FF236A1BB1B1
:1092A000BDE81040FFF7F0BF044B2362044B1B687E
:1092B000002BF5D1FFF7C2FFF2E700BFFD910008D8
:1092C0006447002070B504460D4645EC104B164629
:1092D00002F0C0FE51EC100B7EB1C5F30A53C3F18E
:1092E0006B03002B09DD1B0503F17F55002405F5F9
:1092F000401522462B46F7F72FF941EC100B70BDB5
:109300002DE9F04F9FB00E461792002204901A925A
:109310004FF000084FF0000919910A782B2A0D46EA
:1093200001F101011CD00AD80D2A05D8082AF3D86A
:1093300072B100230B9382E0202AEDD0F9E72D2AA9
:1093400010D10122691C19910B926A78002A37D139
:10935000179B1996002B40F0A88542464B462AE001
:109360000022EFE700210B91302A40F09D806A78BF
:1093700002F0DF02582A5AD102930B9B01931AABD9
:109380000093874A04981BAB19A901F009FE10F05D
:109390000F04064605D0062C14D10135002319957B
:1093A0000B93179B002B40F082850B9B002BD4D096
:1093B000424609F1004343EC102B1FB0BDE8F08F8B
:1093C0000D46D1E71A9A3AB135211CA802F03BFFAD
:1093D0001A99049802F0F2FA013C042C06D8DFE84E
:1093E00004F014031E211400DDE91C89F10548BFB7
:1093F00049F0004929F000431B0D1B05002BD0D17B
:1094000000F0C0FE22230360CBE7DDE91C831B9A3A
:1094100023F4801302F2334243EA0259E6E7DFF80D
:109420008891E3E76FF000494FF0FF38DEE7013540
:1094300019952B78302BFAD0002BB2D001234FF0A6
:10944000000A07932846CDF838A0D3460A230478AB
:10945000A4F13002092A29D95249012200F07FFEE5
:10946000002836D00020224606905C460146652A38
:1094700001D0452A16D124B9079B03433FF468AFB6
:109480000024199E731C199372782B2A7FD02D2AE1
:1094900000F083804FF0000CA2F13003092B40F262
:1094A000898019960023ACE00023C8E7BBF1080FC0
:1094B000DCBF0E9A03FB024200F10100D5BF303A37
:1094C00003FB0A420E92A2F1300A0BF1010B199034
:1094D000BDE7199B5A1C19925A78BBF1000F3BD07B
:1094E00006905C46A2F13003092B11D90121BEE799
:1094F000199B5A1C19925A780130302AF8D0A2F1DF
:109500003103082B00F2D8840690199D00200446F0
:10951000303A00F1010319D00699059419440691D7
:10952000A4464FF00A0E0CF10107391B8B4215DCE3
:10953000059920EAE07001440134082904441CDC48
:109540000E990A2303FB01230E930023199A511C41
:10955000199152781846C5E75846CEE7BCF1080F76
:1095600005DC0E990EFB01F10E91BC46DBE70AFB10
:109570000EFC102FD8BFE246F7E70F29DCBF0A2305
:1095800003FB0A2AE1E700230693012174E74FF069
:10959000000CB31C1993B2787EE74FF0010CF8E78A
:1095A000CCE70008DCE500080000F07F199B5A1C9E
:1095B00019925A78302AF9D0A2F13103082B3FF6DC
:1095C00071AFDDF864E0CDF814E0A2F130030A9346
:1095D000059B013319931A780593A2F13007092FDF
:1095E0003BD9A3EB0E03082B44F61F633DDC0A9F17
:1095F0009F42A8BF1F460597BCF1000F02D0059BF4
:109600005B420593002C51D1079B03437FF4C9AE05
:1096100000297FF49DAE692A2BD028DC492A28D066
:109620004E2A7FF495AE9F4919A801F0D7FE002875
:109630003FF48EAE199B1B78282B31D19A491CAA76
:1096400019A801F0E0FE05282AD11D9BDDF87080E5
:1096500043F0FF4949F4E009A3E60A9B0A2707FB08
:109660000327A7F130020A92B2E70593C4E76E2AF6
:10967000D7E78E4919A801F0B1FE00283FF468AE83
:10968000199B8B49013B19A8199301F0A7FE10B94A
:10969000199B01331993DFF828924FF0000880E6F8
:1096A000844800F0B1FD59EC108B7AE6DDE9053213
:1096B0000E989B1ABBF1000F08BFA346102C0A930B
:1096C0002646A8BF1026F6F7CDFE092C804689460F
:1096D00013DC0A9B002B3FF464AE0A9B6FDD162B54
:1096E00056DC754901EBC301D1E9000142464B4606
:1096F000F6F732FF8046894653E66F4B03EBC6030D
:1097000053E91223F6F728FF804650468946F6F7BC
:10971000A9FE02460B4640464946F6F767FD0F2C68
:1097200080468946D5DD0A9BA4EB060A9A44BAF125
:10973000000F40F392802AF00F061AF00F0A4DD165
:10974000B6F59A7F5ADC4946DFF8709136114046EB
:109750000027012E76D1A1F15479584901EBC701B8
:1097600002464B46D1E90001F6F7F6FE544B0A4695
:109770000B4054498B42804640D8A1F580118B4262
:1097800086BFDFF844914FF0FF3802F1547932E0A0
:109790000A9AC4F125039342C5DB474DC4F10F0477
:1097A00005EBC40142464B46D1E90001F6F7D4FE71
:1097B0000A9B1C1B05EBC405D5E9002398E716336B
:1097C000B1DBDDE905239A1A3B4B03EBC203D3E976
:1097D000002340464946F6F7E9FF8BE7364901EB9F
:1097E000CA0142464B46D1E90001F6F7B5FE804674
:1097F0008946002EA4D1002307939BE00024059402
:109800000E940694049ADFF8B890222313604FF068
:1098100000080E9B002B3FF4C4AD1A99049802F087
:10982000CDF80699049802F0C9F8DDE9040102F0C8
:10983000C5F80E99049802F0C1F80498214602F088
:10984000BDF8AEE5F20703D5D9E90023F6F784FEAB
:109850000137761009F108097BE7CCD0CAF1000A7C
:109860004FEA2A161AF00F0A0DD11F2E2EDD002402
:1098700005940E940694049A22234FF000084FF0AA
:1098800000091360C5E70C4B03EBCA034046494689
:10989000D3E90023F6F78AFF80468946002EAAD036
:1098A000E3E700BFB5E50008B8E70008ADE500084C
:1098B000E9E50008B7E7000840E9000818E90008F2
:1098C0000000F07F0000A07CFFFFEF7F16F0100388
:1098D00018BF6A23754F079340464946F30703D5DF
:1098E000D7E90023F6F738FE761007F10807F5D11F
:1098F000079B80468946ABB1C1F30A52C2F16B03A4
:10990000002B0F460EDD1F2B55DD342BDEBF4FF035
:10991000FF33C2F14B029340B046CCBF4FF05C79AD
:1099200003EA01090022002340464946F7F77CF884
:1099300000289CD10E9B0093049823465A46294642
:1099400002F0A4F80E9000283FF458AFDDE905239B
:109950009B1A0A9A002AA8BF00231493002422EA23
:10996000E273169305940E9B0498596801F0E8FF82
:10997000069000283FF446AF0E9B1A69023203F1AD
:109980000C0192000C3000F02FFC49EC108B049875
:109990001CAA1BA9CDE90C8902F0CCFB1A90002867
:1099A0003FF430AF0498012102F006F90590034618
:1099B00040B9059326E74FF0FF3202FA03F303EABA
:1099C0000008AFE71B9D079A002DABBF149B169BA9
:1099D000169E149FACBFEF185E1B1C9BAD1A1D4456
:1099E000334A013D9542C3F1360354DA3149521BE3
:1099F0008D42A3EB02034FF0010140DB01FA02FAB2
:109A0000002507EB030B1E44079B5F451E443B46A6
:109A1000A8BF5B46B342A8BF3346002BC2BFABEB27
:109A2000030BF61AFF1A149B002B18DD1A46DDE90A
:109A3000040102F08DF9059003460028B9D00146D3
:109A40001A9A049802F0CEF8034600283FF4DAAEE2
:109A50001A9904980F9301F0B1FF0F9B1A93BBF171
:109A6000000F1ADC0A9B002B26DD169A0699049833
:109A700002F06EF906900346F0B90693C2E6C5F10E
:109A80007F4505F57F0505F57B45E23501FA05F5CE
:109A90004FF0010AB5E70025FAE71A9904985A46EB
:109AA00002F0B2F91A900028DCD1ABE6E0E700083A
:109AB00002FCFFFFE3FBFFFF002E08DD0699049880
:109AC000324602F0A1F9069003460028D5D0002FB7
:109AD00008DDDDE904013A4602F096F90590002818
:109AE0003FF490AE069A1A99049802F01BFA0446C5
:109AF00000283FF487AEC3680F9300230599C36025
:109B000002F0F4F900283CDA0F9B53EA08035FD116
:109B1000C9F313034E46002B5AD129F000431B0D05
:109B20001B05B3F1D66F53D9636913B92369012BB0
:109B30004EDD21460122049802F066F9059904469B
:109B400002F0D4F9002843DDAD4B079A3340002AD8
:109B50005DD0B3F1D66F5AD8B3F15C7F7FF68BAE90
:109B6000A84B404649460022F6F7F6FCA44B0B40B2
:109B700080468946002B7FF450AE049A222313605E
:109B80004BE64E4660D10F9AC9F313034AB39E4A7F
:109B9000934229D1079B4146F3B1994B09EA03034C
:109BA000B3F1D46F4FF0FF3219D81B0DC3F16B0323
:109BB00002FA03F3994217D1944B9E4202D101312C
:109BC0003FF420AE8E4B334003F580194FF0000870
:109BD000079B002BC4D120E64FF0FF33EAE7134682
:109BE000E8E753EA0803AFD0D5B13542F0D00F9B78
:109BF000079A40464946B3B1FFF764FBDDE90C0123
:109C000053EC102BF6F7F2FA80468946E0E7A3F50D
:109C100080136FEA13596FEA09594FF0FF38D7E7FD
:109C20001AEA080FE2E7FFF74DFBDDE90C0153EC00
:109C3000102BF6F7D9FA0022002380468946F6F762
:109C4000F3FE0028C4D016E60599204602F0CAFAB1
:109C50005BEC10AB00224FF0804350465946F6F7BC
:109C6000F7FE002872D00F9B002B7DD1B8F1000FBA
:109C700058D1C9F31303002B5AD1654B002250462B
:109C80005946F6F7DBFE00285BD150465946614B3A
:109C90000022F6F761FC82468B460BF10043CDF8BB
:109CA00020A00993DDE90823554DCDE9102306EAEC
:109CB00005031593584B06EA05029A4240F0B0801E
:109CC000A6F1547949EC108B02F0C4F9DDE90823C0
:109CD00051EC100BF6F740FC42464B46F6F786FA7D
:109CE0004E4A0D409542804645D90D9A474B9A42BF
:109CF00003D10C9B01333FF485ADDFF810914FF099
:109D0000FF381A99049801F059FE0699049801F059
:109D100055FEDDE9040101F051FE0498214601F0F1
:109D20004DFE20E6B8F1010F02D1002E3FF4A3ADA5
:109D30009FED2B7BDFF8D8B08DED087B4FF0000A4C
:109D4000B0E7DFF8D0B04FF0000AA6E7314B50463D
:109D500059460022F6F700FC0F9B82468B46002BEB
:109D60009BD0CDE908AB9DE79FED1F7B8DED087B78
:109D70005BEC17AB96E701F15479079B002BC0D140
:109D8000159A29F000431B0DB2EB035FB9D1504681
:109D9000594603F005FAF6F7B1FB02460B4650466A
:109DA0005946F6F721FA0F9AC9F3130343EA080359
:109DB000134306460F4672D00DA3D3E90023F6F7EE
:109DC0003DFE00287FF429AD0BA3D3E900233046E4
:109DD0003946F6F751FE002893D01EE5AFF3008018
:109DE000000000000000F0BF000000000000F03F95
:109DF0009535A094FFFFDF3F35E5AF350000E03F2C
:109E00000000F07F00005039FFFF0F00FFFFEF7FE1
:109E10000000F03F0000E03F0000E07FFFFF9F7C7C
:109E2000079B33B3159BB3F1D46F22D828A3D3E992
:109E3000002350465946F6F70BFEA0B1594650464E
:109E4000F6F762FE012838BF0120F6F70BFB0F9BE7
:109E500082468B4603BB01F1004312901393DDE968
:109E60001223CDE91023119B159A03F1D6639B1A97
:109E700011939DED0C0BDDE9106702F0EBF8304615
:109E800053EC102B3946F6F767FBDDE90C23F6F7A8
:109E9000ADF98046894670E7CDE912ABDFE70EA346
:109EA000D3E90023F6F7CAFD95E700230B93179A31
:109EB000199B1360FFF779BA652A3FF464AB452A12
:109EC0003FF461AB0121FFF79FBB00BFAFF3008000
:109ED0000000C0FFFFFFDF419535A094FFFFCF3F9B
:109EE0000A4601460248034B0068FFF709BA00BF63
:109EF0007C01002010000020242B2DE9F04788462B
:109F000001D8012B06D100F03DF916230360002093
:109F1000BDE8F087344E0D46294615F8014B375DF4
:109F200017F00807F8D12D2C10D12C7801278D1CA3
:109F300033F0100115D1302C0DD1297801F0DF015B
:109F4000582908D16C78023510230AE02B2C04BF65
:109F50002C788D1CECE7002BF6D1302C14BF0A2393
:109F6000082307F1004E0EF1FF3E0021BEFBF3F97E
:109F70000E4603FB19EAA4F1300CBCF1090F10D80E
:109F80006446A3421EDDB1F1FF3F07D0B14516D3B1
:109F900001D1A24513DB06FB0346012115F8014B55
:109FA000E9E7A4F1410CBCF1190F01D8373CE8E70F
:109FB000A4F1610CBCF1190F04D8573CE1E74FF054
:109FC000FF31EBE74B1C05D122230360764632B903
:109FD00030469DE707B17642002AF9D009B105F174
:109FE000FF38C2F80080F3E709E8000813460A4684
:109FF000014602480068FFF77FBF00BF7C010020D8
:10A000002DE9F8438046894614460026D4E90175B7
:10A01000013F05D52468002CF8D13046BDE8F8830F
:10A02000AB89012B07D9B5F90E30013303D029468E
:10A030004046C84706436835EAE700000FB407B555
:10A04000064904AB086853F8042B8168019301F0BA
:10A0500057FB03B05DF804EB04B070477C010020AF
:10A06000036A70B5846805460E460BB9FFF712F90E
:10A07000636EDB0705D4A389980502D4A06D00F0B8
:10A08000ACF8A389190702D52369002B35D12146E5
:10A09000284602F047FA80B34FF0FF35636EDA07C7
:10A0A00005D4A3899B0502D4A06D00F097F828463B
:10A0B00070BD002B04DAA269934217DB0A2915D080
:10A0C00023685A1C22601970A36816F8011F013B0F
:10A0D000A3600029EDD18B4211DA22460A212846DD
:10A0E00002F0E2F90130D7D00A25D7E72246284608
:10A0F00002F0DAF90130E7D1CEE7013EE4E7236868
:10A100005A1C22600A221A70EEE70000024B014638
:10A110001868FFF7A5BF00BF7C010020884210B57A
:10A1200001EB020402D98442234607D8431EA14210
:10A1300007D011F8012B03F8012FF8E702448242FF
:10A1400000D110BD13F8011D02F8011DF7E702440C
:10A150000346934200D1704703F8011BF9E710B59D
:10A160006AB101398418027811F8013F9A4204D18A
:10A170000130A04201D0002AF5D1D01A10BD1046FE
:10A18000FCE70000014B1868704700BF7C0100200D
:10A1900070B50D4B0D4C00261D1BB6EBA50F09D15C
:10A1A00003F034F80A4C0B4B00261D1BB6EBA50F31
:10A1B00005D170BD54F8043B98470136EDE754F8DB
:10A1C000043B98470136F1E748EA000848EA0008EE
:10A1D00048EA00084CEA00087047704770470000E2
:10A1E00000487047000100200A44914200F1FF330B
:10A1F00000D1704710B511F8014B03F8014F91429F
:10A20000F9D110BD000000009FED010B704700BFA9
:10A21000000000000000F87F2DE9F74F03690C698A
:10A22000A34280467EDB013C01F11407A30000F14C
:10A230001405009305EB8403019357F8243055F877
:10A24000242001339A4207EB8409B2FBF3F62ED3A4
:10A250004FF0000ABC46AE46D3465CF8043B98B2C9
:10A2600006FB00A0020C1B0C06FB0323DEF80020FB
:10A2700080B292B2121A5A44DEF800004FEA134A32
:10A280009BB2C3EB224303EB104392B242EA034278
:10A29000E1454EF8042B4FEA234BDED2009BEB58EE
:10A2A0002BB9019B1A1F954230D3C8F81040404685
:10A2B00001F01CFE002825DB01362946002057F856
:10A2C000042BD1F800C01FFA82FE1FFA8CF3A3EB17
:10A2D0000E030344120CC2EB234202EB1C429BB25E
:10A2E00043EA0243B94541F8043B4FEA2240E6D233
:10A2F00055F8242005EB840322B9043B9D420BD37F
:10A30000C8F81040304603B0BDE8F08F1368002B4A
:10A31000CBD1043A013CC6E71A68002AF0D1043BCD
:10A32000013CEBE70020EEE72DE9F04F99B08DED11
:10A330000E0B0C92C269229C0A9157EC106B81465D
:10A34000139382B9102001F0FBF80246C9F81C00F3
:10A3500020B9A94BEF21A94802F01AFA0023C0E95D
:10A3600001330360C360116859B152684A60012328
:10A3700093408B60484601F021FBD9F81C30002245
:10A380001A60B7F10008B5BF0123002323602360E2
:10A390009B4BBCBF28F00048CDF83C8033EA080353
:10A3A0001AD1139AC8F3130842F20F7358EA060839
:10A3B000136000F06185239B53B9924B21E0924BCF
:10A3C00000930833239A1360009819B0BDE8F08F0A
:10A3D0008C4B00930333F5E79DED0E7B002251EC8F
:10A3E000170B00238DED067BF6F71EFB824650B15E
:10A3F000139A01231360239B13B1239A834B136099
:10A40000834B0093E0E79DED060B16AA17A948467B
:10A4100001F090FE5FEA1854169D019079D0079BD9
:10A42000CDF850A0C3F31303DDE9060143F07F53D9
:10A4300043F44013A4F2FF3419460022754BF5F79C
:10A44000D3FE67A3D3E90023F6F786F866A3D3E922
:10A450000023F5F7CBFE064620460F46F6F712F826
:10A4600063A3D3E90023F6F777F802460B4630469C
:10A470003946F5F7BBFE06460F46F6F71DFB0022F0
:10A480008046002330463946F6F7D8FA48B14046B0
:10A49000F5F7F8FF32463B46F6F7C6FA08B908F179
:10A4A000FF38B8F1160F51D85B4B03EBC803D3E963
:10A4B0000023DDE90601F6F7C1FA002848D008F1CB
:10A4C000FF38002312932D1B6B1E089343BF0023FC
:10A4D000C5F1010708930027B8F1000F3ADB089B8C
:10A4E000CDF8348043440893002309930A9B092B39
:10A4F00062D8052BC4BF043B0A930A9BA3F1020355
:10A50000CCBF00240124032B62D8DFE803F05153B1
:10A51000362B179C2C4404F23243202BC1BFC3F1CD
:10A52000400308FA03F804F2124326FA03F3D6BFF5
:10A53000C3F1200348EA030006FA03F0F5F792FF9F
:10A540000122A1F1F873013C149275E70123B9E7E8
:10A550001290B8E7C8F1000309930023A7EB08079E
:10A560000D93C3E701230B930C9B434405930133E5
:10A57000012B0493B8BF012306E001230B930C9B2E
:10A58000002B28DDCDE90433D9F81C00002104227A
:10A5900002F114059D4243D94160484601F0D0F9CB
:10A5A000009000283FD11D4B024640F2AF11D2E689
:10A5B0000023E3E70023D6E701240023CDE90A3492
:10A5C0004FF0FF330022CDE904330C921223DBE776
:10A5D00001230B93F4E70123CDE904330C93D3E774
:10A5E00061436F63A787D23FB3C8608B288AC63F99
:10A5F000FB799F501344D33FF3E500080AE60008B7
:10A600000000F07FEFE50008E6E50008B9E5000886
:10A61000B8E500080000F83F40E9000877E60008C8
:10A6200001315200B4E7D9F81C30009A1A60049B3B
:10A630000E2B75D8002C73D0B8F1000F40F3C480F6
:10A640009F4B08F00F0203EBC20318F4807FD3E99D
:10A6500000AB4FEA281500F0A3809A4BDDE9060114
:10A66000D3E90823F6F7A2F8CDE9020105F00F05BA
:10A670000324944E002D40F0998052465B46DDE95C
:10A680000201F6F793F882468B46129B002B00F0EE
:10A69000C3808D4B002250465946F6F7CFF900286B
:10A6A00000F0BA80049B002B00F0B680059B002BC5
:10A6B00036DD08F1FF33029350465946834B0022A2
:10A6C000F5F74AFF059E82468B4601342046F5F792
:10A6D000D9FE52465B46F5F73FFF7D4B0022F5F76A
:10A6E00085FD0446A1F15075CDE91045002E40F0DE
:10A6F0009780784B002250465946F5F775FD224663
:10A700002B4682468B46F6F7B7F9002840F0BD820B
:10A71000224605F1004350465946F6F78FF920BB13
:10A72000179B002BC0F28D81B8F10E0F00F38981C9
:10A73000634B03EBC803D3E900AB0C9B002B80F207
:10A740001B81049B002B00F317810ED1614B00226B
:10A7500050465946F5F700FF02460B46DDE9060173
:10A76000F6F776F9002800F0938200252C460C9B22
:10A77000009EDB430293274600242946484601F009
:10A780001DF9002F00F0EE802CB1BC4203D0214611
:10A79000484601F013F93946484601F00FF9E1E067
:10A7A0009DED067B02248DED027B62E7E90708D56B
:10A7B00050465946D6E90023F5F7CEFE01348246CD
:10A7C0008B466D10083655E722D0C8F100053C4B8A
:10A7D0003C4E05F00F0203EBC203D3E90023DDE991
:10A7E0000601F5F7B9FE2D1182468B460224002D95
:10A7F0003FF44BAFEA0708D550465946D6E9002347
:10A80000F5F7AAFE013482468B466D100836EEE756
:10A81000DDE906AB022438E7049ECDF8088055E751
:10A82000274B03EBC60353E902010B9B002B55D0CA
:10A8300002460B4600202849F5F7B8FFDDE9102352
:10A84000F5F7D2FC009BCDE910019D191E46594633
:10A850005046F6F731F900F13004F5F713FE0246E1
:10A860000B4650465946F5F7BFFCDDE9102306F8C4
:10A87000014B82468B46F6F7E1F8002872D152462A
:10A880005B4611490020F5F7AFFCDDE91023F6F730
:10A89000D5F8002840F0B680AE423FF441AFDDE984
:10A8A00010010A4B0022F5F757FE084BCDE91001C5
:10A8B000002250465946F5F74FFE82468B46C6E7C2
:10A8C00040E9000818E900080000F03F00002440BB
:10A8D00000001C40000014400000E03FDDE91023B0
:10A8E000F5F73AFE009B009CCDE910013344159327
:10A8F00059465046F6F7E0F800F13005F5F7C2FD8D
:10A900000B46024659465046F5F76EFC04F8015BCB
:10A91000159B9C4282468B4627D1009B0022DDE995
:10A9200010011E44AA4BF5F761FC02460B46504647
:10A930005946F6F7A1F8002864D1DDE91023A449AF
:10A940000020F5F751FC02460B4650465946F6F7F3
:10A9500075F800283FF4E4AE334616F8012D302A8E
:10A96000FAD01E46DDF808803AE09A4B0022F5F74F
:10A97000F3FD82468B46BBE7009E52465B46DDE90F
:10A980000601F5F713FFF6F797F80746F5F77AFD96
:10A9900052465B46F5F7E0FD02460B46DDE906014F
:10A9A000F5F722FC07F1300C009C06F801CBA6EB72
:10A9B000040C049C644502460B4633D1F5F716FCA3
:10A9C00052465B4604460D46F6F756F8C0B9524665
:10A9D0005B4620462946F6F727F808B1FB070FD457
:10A9E0000199484600F0EAFF0023139A337008F1FA
:10A9F00001031360239B002B3FF4E6AC1E60E3E4ED
:10AA0000CDF8088033461E4613F8012D392A06D1A9
:10AA1000009A9A42F7D1029A013202923022013210
:10AA20001A709FE76B4B0022F5F796FD02460B4626
:10AA3000CDE9062300220023F5F7F6FF00289CD07D
:10AA4000CEE70B9A002A00F0DF800A9A012A00F371
:10AA5000C380149A002A00F0B78003F23343099DA3
:10AA60003E46089A01211A4448461F44089201F0C4
:10AA7000A3F8044656B1089B002B07DDB342089AA1
:10AA8000A8BF3346FF1AF61AD31A0893099B0BB3D3
:10AA90000B9B002B00F0BF80002D00F0B9802146F9
:10AAA0002A46484601F054F9019A014604464846B0
:10AAB00001F098F801998246484600F07FFF099B13
:10AAC0005B1B099300F0AA80099A5146484601F0A1
:10AAD0003FF901900121484601F06EF80D9B0546B3
:10AAE000002B00F0D0811A460146484601F030F9AB
:10AAF0000A9B012B054600F399800E9B002B40F02A
:10AB000090800F9BC3F31303002B40F08A800F9BB0
:10AB100023F000431B0D1B05002B00F08580089BD4
:10AB20000133013708934FF0010A0D9B002B00F011
:10AB3000B0812B6905EB8303186900F0F1FFC0F1C8
:10AB40002000089B184410F01F0076D01B2870DCF2
:10AB5000C0F11C000744064403440893002F05DDA0
:10AB600001993A46484601F04FF90190089B002BA5
:10AB700005DD29461A46484601F046F90546129B6E
:10AB8000002B5FD00198294601F0B0F9002859DA6E
:10AB900008F1FF330293019900230A22484600F08E
:10ABA0002FFF0B9B0190002B00F0758100232146A5
:10ABB0000A22484600F024FF059B002B044671DC66
:10ABC0000A9B022B47DC6DE0169BC3F1360346E778
:10ABD0000000E03F00002440049B5D1E099BAB4247
:10ABE00008DB5D1B049B002BBFF63AAF049BFE1AEB
:10ABF000002336E7099B0D9A0995EB1A1A440D922A
:10AC0000049B3E4600252CE7099D0B9C3E4631E700
:10AC1000DDF804A058E7099A019957E7CDF804A098
:10AC200058E74FF0000A80E79A467EE74FF0000AA7
:10AC30007FE71C2892D0C0F120001C30089B0744FD
:10AC4000064489E7049BCDF80880002B24DC05939B
:10AC50000A9B022B22DD059B002B7FF488AD294641
:10AC6000059B0522484600F0CBFE014605460198AB
:10AC700001F03CF900287FF77AAD009E312306F8F9
:10AC8000013B029B0133029375E535462C46F4E700
:10AC9000049DCDF80880F9E7049B05930B9B002BDE
:10ACA00000F0FD80002E05DD21463246484601F0C9
:10ACB000ABF80446BAF1000F58D06168484600F07E
:10ACC0003FFE064628B9814B024640F2EF21FFF7CE
:10ACD00042BB22690232920004F10C010C30FFF7F2
:10ACE00083FA01223146484601F08EF80746009B60
:10ACF000009A03F10108059B134406930E9B03F091
:10AD00000103089329460198FFF786FA214604902B
:10AD100000F1300B019801F0E9F83A460590294618
:10AD2000484601F0FFF8C26808F1FF3A0646FAB952
:10AD30000146019801F0DAF8024631464846099288
:10AD400000F03CFEDDE9092342EA0301089B1943B8
:10AD500046460FD1BBF1390F28D0059B002B02DDF1
:10AD6000049B03F1310B8AF800B006E52746BEE7E5
:10AD70000122E2E7059B002B04DB0A990B430899AB
:10AD80000B4320D1002AEEDD01990122484601F053
:10AD90003BF82946019001F0A9F8002803DCE2D134
:10ADA0001BF0010FDFD0BBF1390FD9D139238AF85D
:10ADB000003033461E46013B16F8012C392A52D08A
:10ADC00001321A70D9E4002A07DDBBF1390FEDD04A
:10ADD0000BF101038AF80030CFE4069B08F801BCB0
:10ADE00043452AD0019900230A22484600F008FE74
:10ADF000BC4201904FF000034FF00A022146484642
:10AE000006D100F0FDFD0446074608F1010879E788
:10AE100000F0F6FD3946044600230A22484600F0B9
:10AE2000EFFD0746F1E7059B5E1E002B009BD8BF98
:10AE300000265A1C27461644002401990122484640
:10AE400000F0E2FF2946019001F050F80028B0DC44
:10AE500002D11BF0010FACD133461E4613F8012D71
:10AE6000302AFAD089E4009A9A42A3D1029B013396
:10AE700002933123137080E4239B002B7FF49FAA5D
:10AE8000134BFFF7BEBA0A9B012B7FF736AEDDF8F6
:10AE900034A0012055E6059B002B7FF7D9AE009E1C
:10AEA00001982946FFF7B8F900F1300B009B06F82E
:10AEB00001BBF21A059B9342B5DD019900230A22DA
:10AEC000484600F09DFD0190EAE700BF77E60008E4
:10AED000E6E500080369B3EB611F2DE9F0434FEA93
:10AEE000611200F1140443DD11F01F0104EB830C27
:10AEF00004EB82050CD100F110062946614532D3DE
:10AF00009B1A9B00033DAC4538BF0023234414E04B
:10AF100054F82260C1F12008CE4005F1040EA1468C
:10AF2000F44515D89A1A9200043A0135AC4538BF59
:10AF30000022A318A65006B104331A1BA3424FEAFD
:10AF4000A20208BF0023026108BF4361BDE8F0838D
:10AF5000DEF8007007FA08F7374349F8047B5EF81B
:10AF6000046BCE40DCE751F8047B46F8047FC5E76C
:10AF70002346E2E7A0F13003092B02D82038C0B203
:10AF80007047A0F16103052B01D84738F7E7A0F11E
:10AF90004103052B01D82738F1E700207047000056
:10AFA0002DE9F04F85B00F4602930B680190914652
:10AFB0009C1C20783028A04604F10104F9D0A8EBAD
:10AFC0000303A3F1020BFFF7D5FF8246002838D117
:10AFD0009F4901224046FFF7C2F80546002863D189
:10AFE00098F801002646FFF7C5FF00285ED02078BC
:10AFF0003028A04604F10104F9D0FFF7BBFFB0FAF6
:10B0000080F4640935464FF0010BC24656460AF1FA
:10B01000010A3078FFF7AEFF0028F7D18C490122F2
:10B020003046FFF79CF878B945B9554656460AF1BF
:10B03000010A3078FFF79EFF0028F7D1AD1BAD0065
:10B0400004E000242546E0E7002DF7D1337803F033
:10B05000DF03502B37D173782B2B29D02D2B2BD0FE
:10B06000711C4FF0000A0878FFF784FF431EDBB223
:10B07000182B28D8A0F1100211F8010FFFF77AFF62
:10B08000431EDBB2182B1AD9BAF1000F00D052427E
:10B0900015443960CCB1BBF1000F0CBF0627002767
:10B0A000384605B0BDE8F08F464655460124CDE749
:10B0B0004FF0000AB11CD6E74FF0010AFAE70A2365
:10B0C00003FB0200D6E73146E3E7A6EB0803013BAA
:10B0D0002146072B0ADC019800F032FC044640B9F7
:10B0E0005C4B0246E4215C4801F052FB01315B10ED
:10B0F000EFE700F1140A002357469B46B04537D3CB
:10B1000047F804BBA7EB0A07BB102361584600F0C1
:10B1100007FDD9F80060C0EBC707B74254DDBF1B7D
:10B120003946204601F0B2F8804678B17B1E5911AD
:10B1300003F01F025AF821104FF0010808FA02F23A
:10B140000A4203D0434536DC4FF002083946204618
:10B15000FFF7C0FE3D44D9F80830AB4242DA01980F
:10B16000214600F02BFC0E9A00231360A32797E7DB
:10B1700016F8012D2E2A12D0202B04D147F804BB3B
:10B180004FF0000B5B4630780393FFF7F3FE039B11
:10B1900000F00F0098404BEA000B0433AEE7B045D7
:10B1A000EAD82B49039301223046FEF7D8FF039BD0
:10B1B0000028E1D1A2E7B91E204601F067F8002877
:10B1C000C2D04FF00308C1E709DAF71B2146019806
:10B1D0003A4600F019FEED1B044600F1140A4FF048
:10B1E0000008B8E7D9F80430AB426FDD5D1BAE4212
:10B1F00034DCD9F80C30022B22D0032B24D0012BC5
:10B2000015D1AE4213D1012E0BD1029AD9F80430D8
:10B21000136001232361CAF800300E9B62271C6073
:10B220003EE7711E204601F031F80028EDD101986B
:10B23000214600F0C3FB0E9A0023136050272FE72E
:10B240000F9B002BF3D1E0E70F9B002BDDD1EEE746
:10B25000DCE5000877E6000888E600086F1EB8F114
:10B26000000F30D127B13946204601F00FF8804653
:10B270007A1101235AF8222007F01F07BB4013421E
:10B280002946204618BF48F00208761BFFF722FE29
:10B29000D9F804500227B8F1000F42D0D9F80C3089
:10B2A000022B15D0032B17D0012B09D118F0020F58
:10B2B00006D0DAF8003048EA030818F0010F0ED182
:10B2C00047F010072DE04FF00108D1E70127E2E732
:10B2D0000F9BC3F101030F930F9B002BF0D0D4F809
:10B2E00010A004F1140303EB8A0100201A68B2F1E4
:10B2F000FF3F1BD001321A60022F04F114033CD12E
:10B30000D9F80020013AB24209D17111012253F853
:10B31000213006F01F0602FA06F61E423AD147F027
:10B3200020070E9B1C60029B1D60B9E643F8040BCE
:10B330009942DBD8A3689A4517DB6168019801310F
:10B3400000F0FEFA804618B91A4B02468421CAE67C
:10B350002269023204F10C0192000C30FEF744FF26
:10B360002146019800F02AFB444623695A1C04EB4D
:10B370008303226101225A61BEE7226952450BDD37
:10B3800001212046FFF7A6FDD9F808300135AB4270
:10B39000FFF6E5AE0127C2E716F01F06FAD003EB71
:10B3A0008A03C6F1200653F8040C00F0B9FBB04242
:10B3B000E6DBEFE777E60008C2F10802920070B51D
:10B3C000C2F120064368046803FA06F52C43D34013
:10B3D000046040F8043F8842F4D370BD30B5036880
:10B3E0000139013311F8014F14B90360012030BD58
:10B3F00013F8012BA2F14105192D98BF2032A2426A
:10B40000F0D00020F3E72DE9F04F0B6887B05E1114
:10B41000029013F01F0302EB86060193029B18BFF4
:10B4200004360025371F196846F8045C9046B94673
:10B430003C46AB46AA464A784B1C039332B31046AF
:10B4400005910492FFF796FD002851D1049A0599C1
:10B45000202A16D8DA4512DD4C4506D2072D04DC29
:10B460002A4649462046FFF7A7FF444553D9002303
:10B47000A4F1040944F8043CD3464C461D46039904
:10B48000D9E7292A59D1029B02311960BAF1000F7C
:10B4900053D04C4506D2072D04DC2A4649462046A7
:10B4A000FFF78AFF444538D9A8F10402234653F830
:10B4B000041B42F8041F9F42F9D23B1B23F00303F5
:10B4C0000134033EB44288BF002308F10402134450
:10B4D00000211A4604339F421160FAD23B681BB91F
:10B4E000474528D101233B60052007B0BDE8F08F18
:10B4F0000135082D0AF1010A06DD4445BFD90023B4
:10B5000044F8043C0125043C226800F00F0040EAA6
:10B5100002102060B3E70825B1E7019B002BDDD0C6
:10B52000C3F120034FF0FF32DA4056F8043C1340D9
:10B5300046F8043CD2E7043FD0E70420D5E70000FA
:10B54000024B0146186800F025B800BF7C010020BE
:10B5500070B50F4C0E462168054611B901F0D4F8BC
:10B5600020603146284601F0CFF8431C03D14FF04C
:10B57000FF34204670BDC41C24F00304A042F8D060
:10B58000211A284601F0C0F80130F2D1EFE700BFE0
:10B590006C4700202DE9F843CD1C25F00305083544
:10B5A0000C2D38BF0C25002D064601DBA94204D91D
:10B5B0000C2333600020BDE8F883334F00F0B4F96A
:10B5C0003B681C463CBB29463046FFF7C1FF431C85
:10B5D000044656D13C68A046B8F1000F40D1002C7B
:10B5E00049D023684146304604EB030901F08CF84A
:10B5F000814540D121686D1A29463046FFF7A8FFE2
:10B60000013038D023682B4423603B685A685ABB0A
:10B61000C7F800800EE02268521B1ED40B2A16D9F0
:10B620006119A342256018BF5960636808BF39607B
:10B6300062514B60304600F07DF904F10B00231D90
:10B6400020F00700C21A1CBF1B1AA350B3E76268A0
:10B65000A3420CBF3A605A60ECE723466468B1E746
:10B660004446D8F80480B7E71A465B68A342FBD18A
:10B6700000235360DEE70C233360304600F05AF9B4
:10B6800098E70560D6E700BF7047002082B001B997
:10B6900001A942B14BB113780B601278101E18BF8C
:10B6A000012002B070471046FBE76FF00100F8E799
:10B6B0009368013B002B10B4936007DA9469A342AE
:10B6C00001DB0A2902D110BC00F0EEBE1368581C41
:10B6D00010601970084610BC7047F8B506460F4652
:10B6E0001446D518AC4201D1002007E014F8011B24
:10B6F0003A463046FFF7DCFF431CF3D1F8BD0000AB
:10B700002DE9F04706469CB00D4614461F4618B179
:10B71000036A0BB9FDF7BEFD6B6ED90705D4AB8983
:10B720009A0502D4A86DFEF758FDAB891B0701D519
:10B730002B699BB92946304600F0F4FE70B16B6E60
:10B74000DE0704D54FF0FF301CB0BDE8F087AB89B1
:10B750009C05F7D4A86DFEF741FDF3E7002309939C
:10B7600020238DF82930039730236A4F8DF82A3033
:10B770004FF0010823461A7899461AB1252A03F199
:10B780000103F8D1B9EB040A0BD0534622462946EF
:10B790003046FFF7A2FF013000F0A380099A52441F
:10B7A000099299F80030002B00F09B8000224FF0A6
:10B7B000FF33CDE9053209F10109049207928DF8B2
:10B7C00053201A924C46052214F8011B5148F4F7F5
:10B7D000AFFC049AD0B9D00644BF20238DF8533073
:10B7E000110744BF2B238DF8533099F800302A2BD2
:10B7F00013D007994B4600204FF00A0C1A78303AC4
:10B80000092A1C464AD9A8B1079113E0C01B08FABF
:10B8100000F010430490A146D4E7039B191D1B6858
:10B820000391002BBBBF5B4242F0020207930793D8
:10B83000B8BF049223782E2B0AD163782A2B32D1F9
:10B84000039B1A1D1B68039243EAE37302340593BA
:10B85000DFF8D090217803224846F4F769FC38B12C
:10B86000049BA0EB0900402282401343013404935F
:10B87000217829488DF828100622F4F759FC002871
:10B880003ED0264818BB039B073323F00703083339
:10B890000393099B0344013409936BE701330CFBC9
:10B8A00001210120AAE700230593611C18464FF0EF
:10B8B0000A0C0A78303A092A0C4603D9002BC7D063
:10B8C0000590C5E701310CFB00200123F1E703AB34
:10B8D00000932A46124B04A93046FDF789F8431C11
:10B8E000D7D16B6ED90705D4AB899A0502D4A86D60
:10B8F000FEF774FCAB895B063FF524AF099823E79C
:10B9000003AB00932A46064B04A93046FDF70AFB19
:10B91000E5E700BFFDE6000807E70008F189000839
:10B92000DBB6000803E700080148FEF756BC00BF7D
:10B93000684700200148FEF751BC00BF684700205F
:10B9400070B5C46905460E4684B91020FFF7F8FDAE
:10B950000446E86128B90246164B17486B2100F0EF
:10B9600017FF0023C0E901330360C360E36853B9E4
:10B9700021220421284600F029FFEB69E060DB6802
:10B980000BB9002070BD53F8260030B1026843F8AF
:10B9900026200023C0E90333F4E7012101FA06F46D
:10B9A000621D9200284600F011FF0028E9D0C0E98E
:10B9B0000164EEE7F3E500080EE7000870B5C4691E
:10B9C00006460D4674B91020FFF7BAFD0246F06135
:10B9D00020B9094B09488F2100F0DAFEC0E9014483
:10B9E0000460C4603DB1F3696A68DB6853F82210F3
:10B9F000296043F8225070BDF3E500080EE7000807
:10BA00002DE9F0410D6907460C461E4601F1140C64
:10BA10000020DCF8003099B202FB01611E0C0B0C17
:10BA200002FB063389B2013001EB034185424CF839
:10BA3000041B4FEA1346ECDC0EB3A368AB4219DCDF
:10BA4000616838460131FFF77BFF804628B902461E
:10BA50000C4B0D48BA2100F09BFE2269023204F122
:10BA60000C0192000C30FEF7BFFB21463846FFF771
:10BA7000A5FF444604EB850301355E612561204640
:10BA8000BDE8F08177E600080EE700082DE9F843ED
:10BA9000884614461F4609220833064693FBF2F3F4
:10BAA000002101229A4209DB3046FFF749FF40B9E5
:10BAB0000246194B1948D32100F06AFE52000131A9
:10BAC000F0E7089B4361092C4FF00103036108DC98
:10BAD00008F10A050924641B2B199F4212DCBDE8FA
:10BAE000F88308F10905A946A04419F8013B01466D
:10BAF000303B0A223046FFF783FFC145F5D125448C
:10BB0000083DE8E715F8013B0146303B0A22304684
:10BB1000FFF776FFE0E700BF77E600080EE70008D2
:10BB2000B0F5803F034636BF030400201020B3F178
:10BB3000807F3CBF1B020830B3F1805F3CBF1B011C
:10BB40000430B3F1804F3CBF9B000230002B04DB7C
:10BB50005B0001D50130704720207047036813F067
:10BB6000070201460BD0DA0722D4980749BF5B08C9
:10BB70009B0801200B605CBF0B600220704798B2ED
:10BB8000A0B91B0C1020DAB20AB908301B0A1A0738
:10BB900004BF1B0904309A0704BF9B080230DA0770
:10BBA00002D45B0806D001300B6070471046EAE70C
:10BBB000002070472020704710B50C460121FFF788
:10BBC000BFFE024628B9054B054840F2451100F07A
:10BBD000DFFD01234461036110BD00BF77E600086B
:10BBE0000EE700082DE9F04FD1F81080D2F8109040
:10BBF000C84585B00E46144604DB4B460C46C1468C
:10BC000016469846A368616809EB0807BB42B8BFAF
:10BC10000131FFF795FE30B902464B4B4B484FF4CC
:10BC2000B17100F0B5FD00F1140505EB870B2B4653
:10BC300000225B4522D306F1140101EB880304F1D5
:10BC4000140C0CEB890C029304F1150363458CBFB3
:10BC5000002301230093ACEB0403153B9B080193E5
:10BC6000029B03918B420CD8002F03DD5BF8043D4F
:10BC7000002B67D0076105B0BDE8F08F43F8042BB7
:10BC8000D7E7B1F800A0BAF1000F28D004F11408EA
:10BC9000A9464FF0000E58F8042BD9F8003096B2A0
:10BCA0009BB20AFB0633D9F80060120C360C7344C1
:10BCB0000AFB026606EB13469BB243EA0643C44501
:10BCC00049F8043B4FEA164EE5D8009A019B002A3A
:10BCD0004FEA830308BF00232B44C3F804E0039B0F
:10BCE000B3F802E00431BEF1000F29D02B6804F153
:10BCF00014069846A9464FF0000A32880EFB02A2AD
:10BD000002EB18429BB243EA024349F8043B56F85F
:10BD1000043BD9F800804FEA134A1FFA88F30EFB60
:10BD20000A3303EB1243B4454FEA134AE5D8009EA9
:10BD3000019A002E4FEA820208BF00222A44536073
:10BD400004358DE7013F8FE777E600080EE700082E
:10BD50002DE9F843174612F0030280460D4607D03E
:10BD6000264C013A002354F82220FFF749FE0546ED
:10BD7000BF103FD0D8F81C4094B91020FFF7E0FB6B
:10BD80000446C8F81C0030B902461D4B1D4840F25D
:10BD9000B31100F0FDFC0023C0E901330360C36070
:10BDA000A66846B940F271214046FFF705FF00231F
:10BDB000A060064603602C464FF0000907F001031F
:10BDC0007F1053B1294632464046FFF70BFF21460C
:10BDD00005464046FFF7F2FD67B1306838B9324694
:10BDE00031464046FFF7FEFE3060C0F80090064640
:10BDF0002C46E3E72846BDE8F88300BF0CE90008BD
:10BE0000F3E500080EE700082DE9F84F0C464968F5
:10BE10002669A36806EB6216074691464FEA621A46
:10BE200006F1010843450BDB3846FFF789FD05465F
:10BE300048B902462B4B2C484FF4EF7100F0A8FC98
:10BE400001315B00EEE700F1140100230A461846B9
:10BE5000534539DB20692AEAEA7A01EB8A0104F1C9
:10BE6000140319F01F098C4603EB800030D0C9F190
:10BE7000200A4FF0000E1A68E34602FA09F242EA7D
:10BE80000E02CBF8002053F8042B98420CF1040C5E
:10BE900022FA0AFEEFD8031B153B23F0030304F13B
:10BEA0001502904238BF00231944C1F804E0BEF1E6
:10BEB000000F00D1B0463846C5F810802146FFF784
:10BEC0007DFD2846BDE8F88F42F8040B0133BFE73B
:10BED00053F8041BCCF8001098420CF1040CF7D86E
:10BEE000E8E700BF77E600080EE7000803690A6983
:10BEF0009B1A30B50ED11430143100EB820401EBE3
:10BF0000820154F8045D51F8042D954204D006D204
:10BF10004FF0FF33184630BDA042F2D3FAE70123B9
:10BF2000F8E700002DE9F74F8A46064611465046CD
:10BF30001446FFF7DBFF051E12D129463046FFF7F6
:10BF4000FFFC024628B9414B40F23721404800F03F
:10BF50001FFC0123C0E90435104603B0BDE8F08F93
:10BF6000BCBF5346A2463046DAF80410BABF1C469E
:10BF700001250025FFF7E4FC024618B9334B40F2D7
:10BF80004521E3E7DAF810702669C5600AF1140963
:10BF900004F1140E00F114050AF1100309EB8708EF
:10BFA0000EEB86060193AB464FF0000C019B5EF84A
:10BFB000040B53F804AF01931FFA8AF183B2CB1A32
:10BFC000000C6344C0EB1A4000EB23409BB243EAF1
:10BFD000004376454BF8043B4FEA204CE6D8331B30
:10BFE000153B153423F00303A64238BF0023E8189D
:10BFF0004B441C1D04302646A5EB090546450ED3CF
:10C0000008F10301091B21F003010133984538BFF2
:10C010000021014451F8043DABB117619CE706EBE8
:10C02000050E56F8041BE2464FEA11491CFA81FC42
:10C03000514409EB2C4989B241EA09414FEA294CA4
:10C04000CEF80010DAE7013FE4E700BF77E600082A
:10C050000EE7000882B08DED000B019A0F4B1340E4
:10C06000A3F15073002B08DC5B42B3F1A07F4FEAD1
:10C07000235204DA4FF400231341002208E0A2F116
:10C0800014031E2BDABF4FF00042DA4001220023D6
:10C090001946104641EC100B02B070470000F07FCB
:10C0A000F8B5056900F1140606EB85052F1F55F854
:10C0B000044C2046FFF734FDC0F120030A280B6032
:10C0C00016DCC0F10B0C24FA0CF1BE4241F07F5398
:10C0D00034BF55F8081C0021153004FA00F021FA8D
:10C0E0000CF143F4401301430A4643EC102BF8BD16
:10C0F000BE423ABF55F8081CA5F1080700210B38CD
:10C1000012D0C0F1200521FA05F384401C43B74248
:10C1100044F07F538CBF57F8044C00248140EC401E
:10C1200043F440132143DFE744F07F5343F44013CB
:10C13000DAE700002DE9F7430F46012159EC108B97
:10C140001646FFF7FDFB054630B90246234B24484F
:10C1500040F20F3100F01CFBC9F30A54C9F313037A
:10C160000CB143F480130193B8F1000323D0684667
:10C170000093FFF7F3FC0099D8B1019AC0F12003B6
:10C1800002FA03F30B43C2406B610192019BAB6166
:10C19000002B0CBF012202222A61A4B1A4F2334475
:10C1A00004443C60C0F135003060284603B0BDE86F
:10C1B000F0836961EAE701A8FFF7D0FC019B6B619E
:10C1C00020300122E8E705EB8203A0F2324038601C
:10C1D0001869FFF7A5FCC0EB4210E5E777E6000819
:10C1E0000EE70008F7B50E4669460746FFF758FF09
:10C1F00001A9304655EC104BB0EE407AF0EE607A73
:10C20000FFF74EFF33693A69D21ADDE900369B1B0E
:10C2100003EB4213002BD4BF10EE902A17EE902AA6
:10C2200051EC100BD6BFC3EB033302EB035502EB0B
:10C2300003510B46024629462046F4F7B7FA41EC73
:10C24000100B03B0F0BD013970B54911146901310B
:10C2500002F1140300EB810103EB8404051FA342E8
:10C260000CD3A31A113B23F003031132944238BFBD
:10C27000002318440023884205D370BD53F8046B93
:10C2800045F8046FEBE740F8043BF4E700F11402D3
:10C2900000694B11984210B511DB0ADD11F01F0146
:10C2A00007D052F8234024FA01F000FA01F18C4241
:10C2B0000BD102EB8303934203D8002010BD034649
:10C2C000F7E753F8041D0029F5D00120F6E710B573
:10C2D0000C46B1F90E1000F005FA0028ABBF636DF3
:10C2E000A3891B1823F48053ACBF6365A38110BDE1
:10C2F0002DE9F0411F468B89DB0505460C461646A5
:10C3000005D5B1F90E100223002200F0D9F9A38956
:10C31000B4F90E1023F48053A38132463B462846DD
:10C32000BDE8F04100F000BA10B50C46B1F90E10AE
:10C3300000F0C6F9B4F90C30421C0BBF23F4805353
:10C3400043F48053A381A38118BF606510BDB1F988
:10C350000E1000F0FBB90000B1F90C202DE9F041FE
:10C36000160705460C4651D44B68002B02DC0B6CBB
:10C37000002B49DDE66A002E46D0002312F48052DD
:10C380002F682B6031D0626DA389590705D563688A
:10C39000D21A636B0BB1236CD21A0023E66A216AAE
:10C3A0002846B047421CB4F90C3006D129681D2933
:10C3B00045D8284ACA40D60741D500226260D90430
:10C3C0002269226004D5421C01D12B6803B9606543
:10C3D000616B2F60C1B104F14403994202D0284639
:10C3E00000F008FA002363630EE0216A0123284667
:10C3F000B0470246501CC7D12B68002BC4D01D2B60
:10C4000001D0162B1AD12F6000201DE00F69002FDC
:10C41000FAD093070E6808BF4B690F6018BF00235E
:10C42000A6EB07088B60B8F1000FEDDD216AA66A64
:10C4300043463A462846B047002807DCA38943F024
:10C440004003A3814FF0FF30BDE8F0810744A8EB23
:10C450000008E8E70100402038B50B6905460C46A6
:10C4600013B91D46284638BD18B1036A0BB9FCF74D
:10C4700011FFB4F90C30002BF3D0626ED00704D456
:10C48000990502D4A06DFDF7A8FE28462146FFF7C6
:10C4900063FF636EDA070546E4D4A3899B05E1D404
:10C4A000A06DFDF79BFEDDE7F8B505460F46144687
:10C4B00018B1036A0BB9FCF7EDFEA369A360A38969
:10C4C0001A0701D5236943B92146284600F02AF806
:10C4D00018B14FF0FF363046F8BD23692068C01A06
:10C4E0006369834205DC21462846FFF7B5FF002833
:10C4F000EFD1A368013BA36023685A1C22601F7020
:10C50000636901308342FEB204D0A389DB07E2D520
:10C510000A2EE0D121462846FFF79EFF0028DAD0F8
:10C52000D7E7000038B5284B054618680C4618B107
:10C53000036A0BB9FCF7AEFEB4F90C30190720D42E
:10C54000DA0607D409222A6043F04003A3814FF0A2
:10C55000FF3031E0580711D5616B41B104F144035C
:10C56000994202D0284600F045F900236363002277
:10C57000A38962602269226023F0240343F0080348
:10C58000A38123694BB9A38903F42073B3F5007F1A
:10C5900003D02146284600F04AF8B4F90C3013F0D5
:10C5A00001020AD00022A26062695242A26122699D
:10C5B00042B913F08000C7D138BD990758BF6269EE
:10C5C000A260F4E70020F7E77C01002049B1FF2AD0
:10C5D00085BF8A2303600A704FF0FF3098BF0120A7
:10C5E00070470846704770B50E46B1F90E10002925
:10C5F00096B014461D460ADAB28912F0800213D1B1
:10C600004FF4806100202A60216016B070BD6A4638
:10C6100000F0ACF80028EFDB019A02F47042A2F5BA
:10C6200000535A425A41EBE700224021EAE78B8946
:10C6300073B59E0705460C4607D504F147032360F2
:10C6400023610123636102B070BD01AB6A46FFF74D
:10C65000CAFF009E28463146FEF79CFFB4F90C3015
:10C6600038B99A05EFD423F0030343F00203A38102
:10C67000E3E743F08003A381019B2060C4E9040643
:10C68000002BE0D0B4F90E10284600F009F800287D
:10C69000D9D0A38923F0030343F00103A381D2E798
:10C6A00038B5064C0023054608462360FAF76AFAB7
:10C6B000431C02D1236803B12B6038BD74470020AE
:10C6C00038B5074C054608461146002222601A4636
:10C6D000FAF75AFA431C02D1236803B12B6038BD24
:10C6E0007447002038B5074C05460846114600221D
:10C6F00022601A46FAF720FA431C02D1236803B1DC
:10C700002B6038BD7447002038B5064C0023054621
:10C7100008462360FAF73AFA431C02D1236803B1B2
:10C720002B6038BD7447002038B5074C05460846D5
:10C730001146002222601A46FAF70CFA431C02D175
:10C74000236803B12B6038BD7447002038B5064C10
:10C750000023054608462360FAF70AFA431C02D173
:10C76000236803B12B6038BD7447002038B5074CEF
:10C7700000230546084611462360FAF7FDF9431CDD
:10C7800002D1236803B12B6038BD00BF744700207D
:10C790001FB51D46094B1B680646D86852B1084CA8
:10C7A0000091CDE90142074933462A4600F06EF870
:10C7B00000F07EF8044C2246F2E700BF7C01002026
:10C7C0007CE7000889E70008B7E7000870B5A1FB1F
:10C7D000026535B93146FEF7DDFE044628B920462C
:10C7E00070BD0C2303600024F9E732462946FDF7AB
:10C7F000AEFCF4E737B5002944D051F8043C019071
:10C80000002BA1F10404B8BFE418FFF78DF81E4A0D
:10C810000198136833B96360146003B0BDE8304019
:10C82000FFF788B8A34208D9256861198B4201BF78
:10C8300019685B6849192160EDE71A465B680BB11E
:10C84000A342FAD911685518A5420BD12468214496
:10C850005418A3421160E0D11C685B6853600C441B
:10C860001460DAE702D90C230360D6E72568611962
:10C870008B4204BF19685B68636004BF491921607B
:10C880005460CAE703B030BD704700200EB403B552
:10C89000014603AB054853F8042B00680193FEF7EB
:10C8A0002FFF02B05DF804EB03B070477C0100205D
:10C8B00008B5062000F02CF80120FAF737F91F29F7
:10C8C00038B505460C4604D9162303604FF0FF30F7
:10C8D00038BDC26B12B152F821304BB9284600F076
:10C8E00031F8224601462846BDE8384000F018B825
:10C8F000012B0AD0591C03D1162303600120E7E75E
:10C90000002142F82410204698470020E0E700006C
:10C91000024B01461868FFF7D2BF00BF7C01002020
:10C9200038B5074C00230546084611462360FAF740
:10C93000F5F8431C02D1236803B12B6038BD00BF5A
:10C9400074470020FAF7E8B800B52DED028B83B0EC
:10C95000B0EE408ACDED010A00F07CFADDED010A6F
:10C96000B4EE608AF1EE10FA06D6DFED0C7AF4EE42
:10C97000670AF1EE10FA03D003B0BDEC028B00BDE4
:10C98000CDED017AFDF7FEFBDDED017A87EEA70A1A
:10C990002123036003B0BDEC028B00BD000000004A
:10C9A00008B52DED048BB0EE409AF0EE609A00F0E1
:10C9B0007FF8B0EE408AF0EE608AB0EE490AF0EE01
:10C9C000690A00F065F878B119A3D3E9002351ECA6
:10C9D000190BF4F751F870B917A3D3E9002351EC00
:10C9E000190BF4F72BF898B9B0EE480AF0EE680A84
:10C9F000BDEC048B08BD9FED0A8BFDF7C3FBB0EEC9
:10CA0000480AF0EE680ABDEC048B2223036008BDDF
:10CA1000FDF7B8FB22239FED048B0360E4E700BF22
:10CA2000000000000000F07F000000000000000097
:10CA3000EF39FAFE422E864051302DD5104987C07D
:10CA400000B52DED028BB0EE408A83B000F02CF8DB
:10CA5000B4EE488AF1EE10FA06D6DFED0C7AB4EEA9
:10CA6000E78AF1EE10FA03D403B0BDEC028B00BDEF
:10CA7000CDED017AFDF786FBDDED017A87EEA70AA1
:10CA80002123036003B0BDEC028B00BD0000000059
:10CA900082B08DED000B019840F0004000F5801051
:10CAA000C00F02B0704700BFB1EEC00A704700BFB0
:10CAB0002DE9F04755EC104BD34925F000428A424E
:10CAC00086B04FEAD5760CD9D0498A4270D9C5F3E1
:10CAD0001303234340F05481002E66D09FEDB20B28
:10CAE00063E0CB4B9A4200F21A81CA4B9A4240F261
:10CAF000308122462B4620462946F3F72DFDACA374
:10CB0000D3E9002306460F46F3F726FDAAA3D3E98F
:10CB10000023F3F769FB32463B46F3F71DFDA8A35C
:10CB2000D3E90023F3F762FB32463B46F3F714FDEB
:10CB3000A5A3D3E90023F3F757FB32463B46F3F7AF
:10CB40000BFDA3A3D3E90023F3F750FB32463B468A
:10CB5000F3F702FD02460B4620462946F3F744FB55
:10CB6000CDE90201DDE90289204642464B462946CD
:10CB7000F3F7F2FC002206460F464FF08043404692
:10CB80004946F3F731FB02460B4630463946F3F788
:10CB90000DFE22462B46F3F727FB02460B460020EC
:10CBA0009D49F3F721FB41EC100B06B0BDE8F0877F
:10CBB00089A3D3E9002320462946F3F75DFF074602
:10CBC000002840F0E88086A3D3E9002320462946C8
:10CBD000F3F734FF002840F03781904B204603EBF9
:10CBE000C606294680A3D3E90023F3F7B5FCD6E9AE
:10CBF0000023F3F7FBFAF3F75FFF0646F3F742FC77
:10CC00007BA3D3E9002307468846F3F7A5FC024639
:10CC10000B4620462946F3F7E7FA02460B4638460C
:10CC2000414691469A4674A3D3E90023F3F794FC56
:10CC3000CDE90001DDE9002348465146F3F7D4FA77
:10CC400002460B4604460D46F3F786FC58A3D3E98B
:10CC5000002307468846F3F77FFC57A3D3E9002358
:10CC6000F3F7C2FA3A464346F3F776FC54A3D3E906
:10CC70000023F3F7BBFA3A464346F3F76DFC52A3A1
:10CC8000D3E90023F3F7B0FA3A464346F3F764FCDE
:10CC90004FA3D3E90023F3F7A9FA3A464346F3F743
:10CCA0005BFC02460B4620462946F3F79DFA0746F1
:10CCB0008846204629463A464346CDE90278F3F7AE
:10CCC0004BFCCDE90401002E3FF44CAF3A464346FD
:10CCD00000204FF08041F3F787FA02460B46DDE96A
:10CCE0000401F3F763FD02460B46DDE90001F3F7AB
:10CCF0007BFA4A465346F3F777FA0B460246464913
:10CD00000020F3F771FA6FF47F739E42C0F28E80B9
:10CD100001EB065141EC100B06B0BDE8F087404B2B
:10CD20009A423FF65AAF3F4B03EBC603D3E90023C9
:10CD300020462946F3F758FA3B4B03EBC60393ED25
:10CD4000007B86F001038DED007B81468A469E1BA9
:10CD500070E72BA3D3E9002320462946F3F746FAD0
:10CD60002D4B0022F3F788FE00283FF4C2AE2A4B79
:10CD7000002220462946F3F739FA41EC100B14E75C
:10CD800022462B4620462946F3F730FA41EC100B99
:10CD900006B0BDE8F087002006B0BDE8F04700F01F
:10CDA000E7B900BFAFF30080000000000000000002
:10CDB000D0A4BE726937663EF16BD2C541BDBB3EA1
:10CDC0002CDE25AF6A56113F93BDBE166CC1663F7F
:10CDD0003E5555555555C53FEF39FAFE422E864012
:10CDE00051302DD5104987C0FE822B654715F73F7E
:10CDF0000000E0FE422EE63F763C7935EF39EA3D11
:10CE00009C7500883CE4377E412E8640FFFFEF7F13
:10CE1000422ED63FFFFFEF3D0000F03F28EA00081A
:10CE2000B1A2F03F18EA000808EA000806F57A7394
:10CE300001EB035100224FF0B873F3F78DFB41EC87
:10CE4000100B06B0BDE8F087384606B0BDE8F047E5
:10CE500000F086B910EE903A30B523F00044621E1F
:10CE6000B2F1FF4F3FD210EE101A21F0004EBEF18A
:10CE7000FF4F38D2A6453ADB01F00042154600F0DC
:10CE80009D8011F0FF4F03F0FF4C49D14FEA0E2077
:10CE90006FF07D024000002802F1FF32FADCBCF1A5
:10CEA000000F5BD123026FF07D0C5B000CF1FF3CA7
:10CEB000FBD512F17E0F6CDA6FF07D00831AA0EBC8
:10CEC0000C00B2EB0C020EFA03F104FA00F36DD081
:10CED000013A03E03AD04100013A09D3C81A0028C8
:10CEE000F8DA4900F8E760EE200A80EEA00A30BDCB
:10CEF000CB1A48BF0B461BB928E05B000CF1FF3C86
:10CF0000B3F5000FF9DB1CF17E0F38DA6FF07D000E
:10CF1000A0EB0C00034145EA030200EE102A30BDED
:10CF20004FEAEE52BCF1000F16D0E415C1F3160122
:10CF3000C3F31603121B41F4000143F40003A4F1F0
:10CF40007F0CC5D1CB1A002B18DBD6D1224B03EBBB
:10CF5000557393ED000A30BD7F3AA3E7E415A4F1C1
:10CF60007F0C6FF07D01891AC3F31603A2EB0C024C
:10CF700043F400030EFA01F1013AAFE70B46A3F5C3
:10CF800000030CF17F0C2B4343EACC5300EE103A24
:10CF900030BD6FF07D00C1F31601A0EB0C0041F431
:10CFA0000001A2EB0C0204FA00F391E7CB1A002B6C
:10CFB0000ADBCBD0B3F5000F9FDBABE7064B03EBEF
:10CFC000527393ED000A30BD0029BFD0B1F5000FB8
:10CFD0000B4692DB9EE700BF38EA000808B52DED4E
:10CFE000028BF0EE408AB0EE608A00F047F820B97C
:10CFF000B0EE480ABDEC028B08BDB0EE480A00F066
:10D000003DF858B1F4EEC88AF1EE10FAC8BFB0EEA0
:10D01000688AB0EE480ABDEC028B08BDB0EE688AA3
:10D02000B0EE480ABDEC028B08BD00BF08B52DED7F
:10D03000028BF0EE408AB0EE608A00F01FF820B953
:10D04000B0EE480ABDEC028B08BDB0EE480A00F015
:10D0500015F858B1B4EEE88AF1EE10FAC8BFB0EE98
:10D06000688AB0EE480ABDEC028B08BDB0EE688A53
:10D07000B0EE480ABDEC028B08BD00BF10EE103ABE
:10D0800033F000400ED0A0F50003B3F1FE4F0DD3F6
:10D09000074B421E9A4207D9A0F1FF40B0FA80F038
:10D0A00040097047022070470320704704207047F2
:10D0B000FEFF7F0010EE103AC3F3C752002BA2F11F
:10D0C0007F01ACBF01204FF0FF301E290DDC00298D
:10D0D0001ADBC3F31603162943F400030ADD963A5C
:10D0E00003FA02F202FB00F07047FDEEC07A17EE81
:10D0F000900A70474FF480020A411A44C1F11701A7
:10D10000CA4002FB00F07047013118BF0020704791
:10D1100010B582B08DED000B0446FDF733F89DEDA0
:10D12000000B046002B010BD00B5034683B051ECA3
:10D13000100B83B1024601F10043CDE90023DDE984
:10D140000023F3F709FA41EC100B222003B05DF83D
:10D1500004EBFFF7DDBF02460B46EEE700000000E0
:10D160009FED010BFFF7E0BF000000000000001082
:10D170009FED010BFFF7D8BF00000000000000701A
:10D1800080EA104080EA102080EA101046F69613DC
:10D1900000F00F0043FA00F000F00100704700BFFC
:10D1A00038B50022002304460D46F3F747FC28B9A2
:10D1B00020462946BDE8384000F00AB8204605F16F
:10D1C000004100F005F8404261EB410138BD00BF6D
:10D1D00070B50C4B002204460D46F3F7BDF9F3F78A
:10D1E00093FC0646F3F73EF9074B0022F3F7B4F938
:10D1F00002460B4620462946F2F7F6FFF3F784FC79
:10D20000314670BD0000F03D0000F041F8B500BFB0
:10D21000F8BC08BC9E467047F8B500BFF8BC08BC17
:04D220009E4670476F
:10D2280000070E091C1B1215383F363124232A2DFE
:10D2380070777E796C6B6265484F464154535A5DEE
:10D24800E0E7EEE9FCFBF2F5D8DFD6D1C4C3CACDDE
:10D2580090979E998C8B8285A8AFA6A1B4B3BABDCE
:10D26800C7C0C9CEDBDCD5D2FFF8F1F6E3E4EDEABE
:10D27800B7B0B9BEABACA5A28F88818693949D9AAE
:10D288002720292E3B3C35321F18111603040D0A9E
:10D298005750595E4B4C45426F68616673747D7A8E
:10D2A800898E878095929B9CB1B6BFB8ADAAA3A47E
:10D2B800F9FEF7F0E5E2EBECC1C6CFC8DDDAD3D46E
:10D2C800696E676075727B7C51565F584D4A43445E
:10D2D800191E171005020B0C21262F283D3A33344E
:10D2E8004E49404752555C5B7671787F6A6D64633E
:10D2F8003E39303722252C2B0601080F1A1D14132E
:10D30800AEA9A0A7B2B5BCBB9691989F8A8D84831D
:10D31800DED9D0D7C2C5CCCBE6E1E8EFFAFDF4F30D
:10D3280000000000000000000102030406070809CD
:10D3380000000000010203040D0A0D0A0D0A0D0A7F
:10D348000D0000003E3E2041746865616E204D6FFF
:10D35800746F7220436F6E74726F6C6C6572203CD0
:10D368003C0D00003E3E2056657273696F6E3A2090
:10D3780025642E25642E2564203C3C0D0A000000FF
:10D388003E3E20496E76616C69642F756E696E69E0
:10D398007469616C697A656420636F6E6669677524
:10D3A800726174696F6E3B207573696E67205241B4
:10D3B8004D2064656661756C7473202843414E2066
:10D3C80052583D312054583D3029203C3C0D000036
:10D3D8003E3E204452563833323320636F6E6669BE
:10D3E8006775726174696F6E2F72656164626163DB
:10D3F8006B206661696C65643B206D6F746F722089
:10D408006D6F64652072656D61696E73206C6F6302
:10D418006B6564203C3C0D00436865636B696E670F
:10D42800207068617365207369676E2C20706F6C5B
:10D43800652070616972730D0000000043616C69BA
:10D4480062726174696F6E206661696C65643A2006
:10D45800696E76616C696420656E636F64657220BD
:10D46800646973706C6163656D656E7420252E3414
:10D4780066207261640D0A0043616C6962726174AE
:10D48800696F6E206661696C65643A206D656173C9
:10D498007572656420706F6C6520706169727320A5
:10D4A8002564202864656C746120252E34662072FA
:10D4B8006164290D0A0000005068617365206F726D
:10D4C80064657220636F72726563740D00000000FA
:10D4D8005377617070696E67207068617365207337
:10D4E80069676E0D00000000506F6C65205061691F
:10D4F80072733A2025640D0A0000000053746172AB
:10D50800743A20252E3366202020456E643A202563
:10D518002E33660D0A000000506F6C65205061695B
:10D528007273203E2025642C2072656D616C6C6FCF
:10D5380063206572726F725F6172725B5D207369DE
:10D548007A652E0D0A0000005374617274696E6763
:10D55800206F66667365742063616C20616E642059
:10D568006C696E656172697A6174696F6E0D00002D
:10D57800256420256420256420252E33660D0A00A5
:10D588002564202025640D0A000000006C6F6F7070
:10D598005F636F756E743A20256C750D0A00000084
:10D5A8000A0D4641554C540A0D0000005644535F7D
:10D5B8004F43500A0D0000004744460A0D00000082
:10D5C80055564C4F0A0D00004F5453440A0D0000A5
:10D5D8005644535F48410A0D000000005644535F0B
:10D5E8004C410A0D000000005644535F48420A0DA2
:10D5F800000000005644535F4C420A0D0000000032
:10D608005644535F48430A0D000000005644535FD8
:10D618004C430A0D0000000053415F4F430A0D00C0
:10D6280053425F4F430A0D0053435F4F430A0D00B7
:10D638004F54570A0D000000435055560A0D00007C
:10D648005647535F48410A0D000000005647535F94
:10D658004C410A0D000000005647535F48420A0D2E
:10D66800000000005647535F4C420A0D00000000BE
:10D678005647535F48430A0D000000005647535F62
:10D688004C430A0D0000000020436F6D6D616E640D
:10D69800733A0D00206D2020202D204D6F746F727D
:10D6A800204D6F64650D000020632020202D20434D
:10D6B800616C69627261746520456E636F6465723E
:10D6C8000D00000020732020202D205365747570F4
:10D6D8000D00000020652020202D20446973706C07
:10D6E800617920456E636F6465720D00207A202091
:10D6F800202D20536574205A65726F20506F73690E
:10D7080074696F6E0D00000020657363202D20453D
:10D7180078697420746F204D656E750D00000000E7
:10D728000D0A20436F6E66696775726174696F6E62
:10D73800204F7074696F6E73200A0D006D696E005A
:10D74800706172616D657465720000007072656663
:10D758006978000020252D347320252D333173205E
:10D76800252D357320252D367320252D32730D0A6E
:10D778000000000063757272656E742076616C75C6
:10D78800650000006D6178000D0A204D6F746F729E
:10D798003A0D000030000000476561722052617444
:10D7A800696F00006700000020252D347320252DA7
:10D7B80033317320252D357320252D367320252EE2
:10D7C80033660A0D000000002D000000546F7271CE
:10D7D800756520436F6E7374616E7420284E2D6DCD
:10D7E8002F4129006B00000020252D347320252DA2
:10D7F80033317320252D357320252D367320252EA2
:10D8080035660A0D000000000D0A20436F6E747221
:10D818006F6C3A0D000000003130300043757272B1
:10D82800656E742042616E64776964746820284864
:10D838007A2900006200000020252D347320252D50
:10D8480033317320252D357320252D367320252E51
:10D8580031660A0D00000000323030300000000050
:10D86800302E300043757272656E74204C696D6994
:10D8780074202841290000006C00000036302E304A
:10D88800000000004D617820506F736974696F6EF5
:10D8980020536574706F696E742028726164290062
:10D8A800700000004D61782056656C6F636974796B
:10D8B80020536574706F696E742028726164292F13
:10D8C80073000000760000004D617820506F736986
:10D8D80074696F6E204761696E20284E2D6D2F7216
:10D8E8006164290078000000313030302E300000AB
:10D8F8004D61782056656C6F63697479204761695A
:10D908006E20284E2D6D2F7261642F732900000040
:10D9180064000000352E300046572043757272654A
:10D928006E74204C696D697420284129000000003C
:10D938006600000033332E300000000054656D701F
:10D94800204375746F666620284329202830203DBF
:10D95800206E6F6E652900006800000031353000C8
:10D96800436F6E74696E756F757320437572726557
:10D978006E742028412900006300000034302E30E6
:10D988000000000043616C6962726174696F6E2007
:10D9980043757272656E7420284129006100000089
:10D9A80032302E30000000000D0A2043414E3A0D5F
:10D9B8000000000043414E20494400006900000077
:10D9C80020252D347320252D33317320252D3573D3
:10D9D80020252D367320252D35690A0D00000000FD
:10D9E8003132370043414E2054582049440000004A
:10D9F8006D00000043414E2054696D656F757420B9
:10DA0800286379636C6573292830203D206E6F6E1A
:10DA1800652900007400000020252D347320252D71
:10DA280033317320252D357320252D367320256439
:10DA38000A0D00003130303030300000200A0D204F
:10DA4800546F206368616E676520612076616C752C
:10DA5800652C20747970652027707265666978274F
:10DA68002776616C75652727454E544552270A0D60
:10DA780020652E672E202762313030302727454E0B
:10DA8800544552270D0A200056414C554553204E07
:10DA98004F542041435449564520554E54494C2033
:10DAA800504F574552204359434C4521200A0D0AEF
:10DAB8000D00000043616C6962726174696F6E20C9
:10DAC80072656A65637465643B2070726576696F18
:10DAD800757320636F6E66696775726174696F6EBE
:10DAE80020726573746F7265642E0D00455F5A4528
:10DAF800524F3A202564202025660D0A00000000B8
:10DB0800436F6E66696775726174696F6E207361C1
:10DB180076652072656A65637465643B207072651A
:10DB280076696F75732064617461207072657365BE
:10DB3800727665642E0D0000495F42572073657444
:10DB480020746F2025660D0A0000000043414E5FD7
:10DB580049442073657420746F2025640D0A000001
:10DB680043414E5F54585F49442073657420746F75
:10DB78002025640D0A000000495F4D415820736557
:10DB88007420746F2025660D0A000000495F46570F
:10DB98005F4D41582073657420746F2025660D0A07
:10DBA8000000000043414E5F54494D454F555420F5
:10DBB80073657420746F2025640D0A0054454D5018
:10DBC8005F4D41582073657420746F2025660D0AD7
:10DBD80000000000495F4D41585F434F4E54207389
:10DBE800657420746F2025660D0A0000495F434163
:10DBF8004C2073657420746F2025660D0A000000A0
:10DC080047522073657420746F2025660D0A000042
:10DC18004B542073657420746F2025660D0A00002C
:10DC28004B505F4D41582073657420746F202566F2
:10DC38000D0A00004B445F4D4158207365742074F1
:10DC48006F2025660D0A0000505F4D41582073650E
:10DC58007420746F2025660D0A000000565F4D4140
:10DC6800582073657420746F2025660D0A00000023
:10DC78000D0A2027256327204E6F742061207661C6
:10DC88006C696420636F6D6D616E64207072656687
:10DC980069780D0A0D0A00005A65726F2073617663
:10DCA800652072656A65637465643B207072657689
:10DCB800696F757320646174612070726573657231
:10DCC8007665642E0D0000000A0D202053617665EC
:10DCD80064206E6577207A65726F20706F7369743F
:10DCE800696F6E3A202025640A0D0A0D00000000B5
:10DCF8005261773A202535640000000020204C69E5
:10DD08006E656172697A656420436F756E743A2036
:10DD180025356400202053696E676C652054757240
:10DD28006E3A2520342E33660000000020204D7501
:10DD38006C7469205475726E3A2520352E3366004E
:10DD48002020456C656374726963616C3A252035DF
:10DD58002E33660020205475726E733A2520326483
:10DD680000000000202056616C69643A25750000A7
:10DD780020205350493A256C75000000202050613E
:10DD8800726974793A256C750000000020204546B8
:10DD98003A256C750D0A0000000102060500000016
:10DDA800000000002975493CDF6EC93C6F0E173D25
:10DDB8003160493D8FA97B3D38F4963D6B0EB03DEF
:10DDC8004721C93D5E2EE23DEC2FFB3D7F130A3E05
:10DDD800698C163E76FD223EA5662F3E97CA3B3ECD
:10DDE8004A29483E807D543EDAC9603E560E6D3E53
:10DDF800F54A793E3CBD823E0FD1883EA4DF8E3E77
:10DE0800FBE8943EC4EB9A3EFFE7A03EFCDEA63E4C
:10DE18006CCFAC3E4EB9B23EA29CB83E1878BE3E1E
:10DE2800B24BC43EBD18CA3EECDDCF3EED99D53E9F
:10DE3800614FDB3E59FAE03EC39EE63EB038EC3E09
:10DE480071C9F13E5452F73EBBD0FC3E5322013F0C
:10DE5800B2D7033FD387063FB532093F5AD80B3FA5
:10DE6800C0780E3F4013113F82A8133FDF37163F9B
:10DE780055C1183FE5441B3F8FC21D3F543A203F10
:10DE88008AAB223FDB16253F9E7B273FD3D9293F0C
:10DE98007B312C3FED812E3F79CC303FD00F333F83
:10DEA800F14B353F8481373FE2AF393F0AD73B3FDB
:10DEB800FDF63D3F130F403F9B20423F9E29443FC4
:10DEC800132C463F0326483FBD184A3F9B034C3F4F
:10DED800F3E54D3F16C14F3FB493513F745E533F36
:10DEE8005721553F0EDB563F8F8D583FE3365A3F3B
:10DEF800B2D75B3FA4705D3F69005F3F5188603FC8
:10DF08000C07623F9A7C633FA3E9643F274E663F54
:10DF18007EA9673F50FC683F4E456A3FC6856B3F08
:10DF280012BD6C3F31EB6D3F23106F3F412B703FAB
:10DF3800D93D713F9D46723F3546733F9F3C743FC4
:10DF48003529753F9E0C763F32E6763F9AB6773F85
:10DF58002C7D783FEB39793F7CED793F39977A3FD3
:10DF680022377B3F36CD7B3F75597C3F87DC7C3F32
:10DF78001D557D3F87C47D3F74297E3F34857E3F94
:10DF880077D67E3F8E1E7F3F295C7F3FEF8F7F3F96
:10DF980088BA7F3FA5DA7F3FEDF07F3F61FD7F3F85
:10DFA8000000803F23F87F3F19E77F3F92CB7F3FF8
:10DFB80037A67F3FAF777F3FAB3E7F3FD2FB7E3FA9
:10DFC80025AF7E3FA3587E3F4DF87D3F228E7D3F93
:10DFD800221A7D3F4E9C7C3FA5147C3F27837B3FC4
:10DFE800D5E77A3F57437A3F0395793FDBDC783FA3
:10DFF800DF1A783FB54F773FB77A763FE59B753F95
:10E00800E5B3743FB9C2733FB9C7723F8BC3713F61
:10E0180031B6703F029F6F3FA67E6E3F1D556D3F24
:10E0280068226C3F86E66A3F1FA2693FE353683F58
:10E0380022FD663F349D653F1A34643F22C3623F28
:10E048005648613FACC55F3FD6395E3F7AA55C3F15
:10E058009A085B3F3563593F4AB5573F82FF553FA2
:10E068008E40543F637A523FB4AB503F80D44E3F0A
:10E078006FF54C3F280F4B3F5C20493FB329473F82
:10E08800D42B453F1826433F7E18413FB0033F3FFE
:10E09800ABE73C3F72C43A3F5B99383FB667363FBF
:10E0A800DC2E343FCCEE313F2FA82F3F5C5A2D3F5A
:10E0B800FB052B3F0DAB283F9049263F2EE2233F1F
:10E0C8009773213F19FF1E3FB6841C3FC5031A3FB3
:10E0D800957D173FD8F0143FDD5E123FFCC60F3F19
:10E0E80035290D3F2F860A3FECDD073F6A30053F93
:10E0F800AA7D023F598BFF3E3012FA3E8A8EF43ECB
:10E108000803EF3E096DE93EDDCDE33E8525DE3EA1
:10E118004F75D83E3CBDD23EFCFBCC3EDF32C73EFD
:10E128003563C13E5D8ABB3E47ACB53E05C5AF3ED3
:10E1380084D8A93E75E5A33E89EA9D3E60EA973EEC
:10E14800F7E4913E02D98B3ECEC7853EB7627F3E4B
:10E15800F52D733EB7EE663EFDA45A3E65534E3E1E
:10E16800F0F9413E3D9B353E0E32293EA0C31C3E90
:10E17800F44F103E0AD7033EC4B1EE3DB9A5D53DD4
:10E18800A298BC3D1B82A33D49658A3D6685623DD8
:10E19800D637303DF7C7FB3CC615973C5374C93B8F
:10E1A8005374C9BBC61597BCF7C7FBBCD63730BD7F
:10E1B800668562BD49658ABD1B82A3BDA298BCBDA8
:10E1C800B9A5D5BDC4B1EEBD0AD703BEF44F10BE84
:10E1D800A0C31CBE0E3229BE3D9B35BEF0F941BE20
:10E1E80065534EBEFDA45ABEB7EE66BEF52D73BE8E
:10E1F800B7627FBECEC785BE02D98BBEF7E491BE9B
:10E2080060EA97BE89EA9DBE75E5A3BE84D8A9BE1B
:10E2180005C5AFBE47ACB5BE5D8ABBBE3563C1BEE2
:10E22800DF32C7BEFCFBCCBE3CBDD2BE4F75D8BEEC
:10E238008525DEBEDDCDE3BE096DE9BE0803EFBE70
:10E248008A8EF4BE3012FABE598BFFBEAA7D02BF79
:10E258006A3005BFECDD07BF2F860ABF35290DBF21
:10E26800FCC60FBFDD5E12BFD8F014BF957D17BF87
:10E27800C5031ABFB6841CBF19FF1EBF977321BF01
:10E288002EE223BF904926BF0DAB28BFFB052BBF4D
:10E298005C5A2DBF2FA82FBFCCEE31BFDC2E34BF68
:10E2A800B66736BF5B9938BF72C43ABFABE73CBFAD
:10E2B800B0033FBF7E1841BF182643BFD42B45BFCC
:10E2C800B32947BF5C2049BF280F4BBF6FF54CBF30
:10E2D80080D44EBFB4AB50BF637A52BF8E4054BF98
:10E2E80082FF55BF4AB557BF356359BF9A085BBF10
:10E2F8007AA55CBFD6395EBFACC55FBF564861BF63
:10E3080022C362BF1A3464BF349D65BF22FD66BF55
:10E31800E35368BF1FA269BF86E66ABF68226CBF65
:10E328001D556DBFA67E6EBF029F6FBF31B670BF11
:10E338008BC371BFB9C772BFB9C273BFE5B374BF2E
:10E34800E59B75BFB77A76BFB54F77BFDF1A78BF41
:10E35800DBDC78BF039579BF57437ABFD5E77ABF2F
:10E3680027837BBFA5147CBF4E9C7CBF221A7DBF30
:10E37800228E7DBF4DF87DBFA3587EBF25AF7EBFDF
:10E38800D2FB7EBFAB3E7FBFAF777FBF37A67FBFD5
:10E3980092CB7FBF19E77FBF23F87FBF000080BF04
:10E3A80061FD7FBFEDF07FBFA5DA7FBF88BA7FBF71
:10E3B800EF8F7FBF295C7FBF8E1E7FBF77D67EBF62
:10E3C80034857EBF74297EBF87C47DBF1D557DBF40
:10E3D80087DC7CBF75597CBF36CD7BBF22377BBFBE
:10E3E80039977ABF7CED79BFEB3979BF2C7D78BF3F
:10E3F8009AB677BF32E676BF9E0C76BF352975BFD1
:10E408009F3C74BF354673BF9D4672BFD93D71BFEF
:10E41800412B70BF23106FBF31EB6DBF12BD6CBFB6
:10E42800C6856BBF4E456ABF50FC68BF7EA967BFF3
:10E43800274E66BFA3E964BF9A7C63BF0C0762BF1F
:10E44800518860BF69005FBFA4705DBFB2D75BBF72
:10E45800E3365ABF8F8D58BF0EDB56BF572155BFC5
:10E46800745E53BFB49351BF16C14FBFF3E54DBFA0
:10E478009B034CBFBD184ABF032648BF132C46BF99
:10E488009E2944BF9B2042BF130F40BFFDF63DBFEE
:10E498000AD73BBFE2AF39BF848137BFF14B35BFE5
:10E4A800D00F33BF79CC30BFED812EBF7B312CBF6D
:10E4B800D3D929BF9E7B27BFDB1625BF8AAB22BFD6
:10E4C800543A20BF8FC21DBFE5441BBF55C118BFBA
:10E4D800DF3716BF82A813BF401311BFC0780EBF25
:10E4E8005AD80BBFB53209BFD38706BFB2D703BF0F
:10E4F800532201BFBBD0FCBE5452F7BE71C9F1BE56
:10E50800B038ECBEC39EE6BE59FAE0BE614FDBBE32
:10E51800ED99D5BEECDDCFBEBD18CABEB24BC4BEA8
:10E528001878BEBEA29CB8BE4EB9B2BE6CCFACBE07
:10E53800FCDEA6BEFFE7A0BEC4EB9ABEFBE894BE15
:10E54800A4DF8EBE0FD188BE3CBD82BEF54A79BE1F
:10E55800560E6DBEDAC960BE807D54BE4A2948BEDB
:10E5680097CA3BBEA5662FBE76FD22BE698C16BE35
:10E578007F130ABEEC2FFBBD5E2EE2BD4721C9BD4D
:10E588006B0EB0BD38F496BD8FA97BBD316049BD17
:10E598006F0E17BDDF6EC9BC297549BC00000000AD
:10E5A800494E4600696E66004E414E006E616E002F
:10E5B800300030313233343536373839414243440C
:10E5C8004546003031323334353637383961626385
:10E5D800646566002E004300504F53495800496E49
:10E5E80066696E697479004E614E005245454E5415
:10E5F800206D616C6C6F632073756363656564651A
:10E6080064002F566F6C756D65732F646174612F8C
:10E618006A656E6B696E732F776F726B7370616367
:10E62800652F676E755F746F6F6C636861696E7371
:10E638002F61726D5F6275696C64732F61726D2DE5
:10E6480031352F7372632F6E65776C69622D63792C
:10E658006777696E2F6E65776C69622F6C69626384
:10E668002F7374646C69622F64746F612E63004247
:10E67800616C6C6F632073756363656564656400C2
:10E688002F566F6C756D65732F646174612F6A65A1
:10E698006E6B696E732F776F726B73706163652F22
:10E6A800676E755F746F6F6C636861696E732F61F5
:10E6B800726D5F6275696C64732F61726D2D31358F
:10E6C8002F7372632F6E65776C69622D6379677734
:10E6D800696E2F6E65776C69622F6C6962632F7340
:10E6E80074646C69622F6764746F612D6765746800
:10E6F80065782E6300232D302B2000686C4C006554
:10E708006667454647002F566F6C756D65732F64B5
:10E718006174612F6A656E6B696E732F776F726BA8
:10E7280073706163652F676E755F746F6F6C636874
:10E7380061696E732F61726D5F6275696C64732FA6
:10E7480061726D2D31352F7372632F6E65776C6929
:10E75800622D63796777696E2F6E65776C69622FB2
:10E768006C6962632F7374646C69622F6D70726573
:10E77800632E63002C2066756E6374696F6E3A2091
:10E7880000617373657274696F6E2022257322208D
:10E798006661696C65643A2066696C652022257338
:10E7A800222C206C696E65202564257325730A0068
:10E7B80034000000CEFBFFFFCB0300000100000087
:10E7C8000000000035000000CEFBFFFFCB03000077
:10E7D8000100000000000000BC89D897B2D29C3C20
:10E7E80033A7A8D523F649393DA7F444FD0FA53230
:10E7F8009D978CCF08BA5B25436FAC6428066811D7
:10E8080000202020202020202020282828282820F8
:10E8180020202020202020202020202020202020F0
:10E828002088101010101010101010101010101058
:10E838001004040404040404040404101010101048
:10E848001010414141414141010101010101010112
:10E858000101010101010101010101011010101064
:10E8680010104242424242420202020202020202E4
:10E878000202020202020202020202021010101038
:10E888002000000000000000000000000000000060
:10E898000000000000000000000000000000000070
:10E8A8000000000000000000000000000000000060
:10E8B8000000000000000000000000000000000050
:10E8C8000000000000000000000000000000000040
:10E8D8000000000000000000000000000000000030
:10E8E8000000000000000000000000000000000020
:10E8F8000000000000000000000000000000000010
:10E908000000000005000000190000007D00000064
:10E918000080E03779C34143176E05B5B5B8934613
:10E92800F5F93FE9034F384D321D30F94877825ADF
:10E938003CBF737FDD4F1575000000000000F03FFD
:10E9480000000000000024400000000000005940C2
:10E958000000000000408F40000000000088C34015
:10E9680000000000006AF8400000000080842E418A
:10E9780000000000D01263410000000084D79741D6
:10E988000000000065CDCD41000000205FA00242DC
:10E99800000000E876483742000000A2941A6D4251
:10E9A800000040E59C30A2420000901EC4BCD64244
:10E9B80000003426F56B0C430080E03779C34143EF
:10E9C80000A0D8855734764300C84E676DC1AB4365
:10E9D800003D9160E458E143408CB5781DAF154483
:10E9E80050EFE2D6E41A4B4492D54D06CFF080445E
:10E9F800F64AE1C7022DB544B49DD9794378EA4473
:10EA0800763C7935EF39EA3D763C7935EF39EABD20
:10EA18000000E0FE422EE63F0000E0FE422EE6BF88
:10EA2800000000000000E03F000000000000E0BF20
:08EA3800000000000000008056
:08EA4000F016FF7F0100000049
:04EA4800510C000865
:04EA4C00290C000889
:10EA5000000E270700000000030000002C460020E5
:10EA60004300000000000000000000000000000063
:10EA70000000000000000000000000000000000096
:10EA80004300000000000000000000000000000043
:10EA90000000000000000000000000000000000076
:10EAA0004300000000000000000000000000000023
:10EAB0000000000000000000000000000000000056
:10EAC0004300000000000000000000000000000003
:10EAD0000000000000000000000000000000000036
:10EAE00043000000000000000000000000000000E3
:10EAF0000000000000000000000000000000000016
:10EB000043000000000000000000000000000000C2
:10EB100000000000000000000000000000000000F5
:10EB200043000000000000000000000000000000A2
:10EB300000000000000000000000000000000000D5
:10EB4000CDC500088DB600080000000008E80008E8
:10EB5000DCE50008B7E70008B7E70008B7E70008FA
:10EB6000B7E70008B7E70008B7E70008B7E700080D
:10EB7000B7E70008B7E70008FFFFFFFFFFFFFFFF51
:10EB8000FFFFFFFFFFFF0000010041534349490021
:10EB90000000000000000000000000000000000075
:10EBA00000000000000000000000415343494900FC
:10EBB0000000000000000000000000000000000055
:10EBC00000000000000000000000000080010020A4
:10EBD000000000002C46002094460020FC46002047
:10EBE0000000000000000000000000000000000025
:10EBF0000000000000000000000000000000000015
:10EC00000000000000000000000000000000000004
:0CEC1000000000000000000000000000F8
:040000050800885D0A
:00000001FF
