:020000040800F2
:10000000000001209D860008A96A0008AD6A00086A
:10001000B96A0008C56A0008D16A0008000000003B
:10002000000000000000000000000000DD6A000881
:10003000E16A000800000000E56A0008E96A0008BB
:10004000ED860008ED860008ED860008ED860008C4
:10005000ED860008ED860008ED860008ED860008B4
:10006000ED860008ED860008ED860008ED860008A4
:10007000ED860008ED860008ED860008ED86000894
:10008000ED860008ED860008ED860008ED86000884
:10009000ED6A0008ED860008ED860008ED86000890
:1000A000ED8600087D6C0008ED860008ED860008EE
:1000B000ED860008ED860008ED860008ED86000854
:1000C000ED860008ED860008ED860008ED86000844
:1000D000ED860008ED860008556D0008ED860008E5
:1000E000FD6C0008ED860008ED860008ED8600082E
:1000F000ED860008ED860008ED860008ED86000814
:10010000ED860008ED860008ED860008ED86000803
:10011000ED860008ED860008ED860008ED860008F3
:10012000ED860008ED860008ED860008ED860008E3
:1001300001F0FF01102A2BDB10F0070F08D010F898
:10014000013B013A8B422DD010F0070F42B3F6D19C
:10015000F0B441EA012141EA014122F007047FF0B5
:1001600000070023F0E80256083C85EA010586EA0C
:10017000010685FA47F5A3FA87F586FA47F6A5FA48
:1001800087F68EB9EED1F0BC01F0FF0102F0070254
:1001900032B110F8013B013A83EA010313B1F8D1FF
:1001A0000020704701387047002D06BF35460338E0
:1001B000073815F0010F07D1013015F4807F02BF19
:1001C000013015F4C03F0130F0BC0138704700BF6A
:1001D000034613F8012B002AFBD1181A0138704787
:1001E00081F0004102E000BF83F0004330B54FEAE8
:1001F00041044FEA430594EA050F08BF90EA020F55
:100200001FBF54EA000C55EA020C7FEA645C7FEAE7
:10021000655C00F0E2804FEA5454D4EB5555B8BF0A
:100220006D420CDD2C4480EA020281EA030382EA7B
:10023000000083EA010180EA020281EA0303362D0D
:1002400088BF30BD11F0004F4FEA01314FF4801CE0
:100250004CEA113102D0404261EB410113F0004FF2
:100260004FEA03334CEA133302D0524263EB4303A9
:1002700094EA050F00F0A780A4F10104D5F1200E47
:100280000DDB02FA0EFC22FA05F2801841F10001A2
:1002900003FA0EF2801843FA05F359410EE0A5F176
:1002A00020050EF1200E012A03FA0EFC28BF4CF0A7
:1002B000020C43FA05F3C01851EBE37101F000455D
:1002C00007D54FF0000EDCF1000C7EEB00006EEB6A
:1002D0000101B1F5801F1BD3B1F5001F0CD34908F4
:1002E0005FEA30004FEA3C0C04F101044FEA44524B
:1002F00012F5800F80F09A80BCF1004F08BF5FEAD2
:10030000500C50F1000041EB045141EA050130BDB1
:100310005FEA4C0C404141EB0101013C28BFB1F5C3
:10032000801FE9D291F0000F04BF01460020B1FA0E
:1003300081F308BF2033A3F10B03B3F120020CDAE1
:100340000C3208DD02F1140CC2F10C0201FA0CF0BF
:1003500021FA02F10CE002F11402D8BFC2F1200C24
:1003600001FA02F120FA0CFCDCBF41EA0C019040DA
:10037000E41AA2BF01EB0451294330BD6FEA040423
:100380001F3C1CDA0C340EDC04F11404C4F120020E
:1003900020FA04F001FA02F340EA030021FA04F320
:1003A00045EA030130BDC4F10C04C4F1200220FA77
:1003B00002F001FA04F340EA0300294630BD21FAB5
:1003C00004F0294630BD94F0000F83F4801306BF7B
:1003D00081F480110134013D4EE77FEA645C18BF6F
:1003E0007FEA655C29D094EA050F08BF90EA020F06
:1003F00005D054EA000C04BF1946104630BD91EAFE
:10040000030F1EBF0021002030BD5FEA545C05D100
:100410004000494128BF41F0004130BD14F580043F
:100420003CBF01F5801130BD01F0004545F0FE41B3
:1004300041F470014FF0000030BD7FEA645C1ABFE8
:10044000194610467FEA655C1CBF0B46024650EA1F
:10045000013406BF52EA033591EA030F41F400214B
:1004600030BD00BF90F0000F04BF0021704730B5D1
:100470004FF4806404F132044FF000054FF00001A6
:1004800050E700BF90F0000F04BF0021704730B567
:100490004FF4806404F1320410F0004548BF40423C
:1004A0004FF000013EE700BF42004FEAE2014FEA91
:1004B00031014FEA02701FBF12F07F4393F07F4F6C
:1004C00081F06051704732F07F4208BF704793F06F
:1004D0007F4F04BF41F40021704730B54FF4607482
:1004E00001F0004521F000411CE700BF50EA010285
:1004F00008BF704730B54FF000050AE050EA01022E
:1005000008BF704730B511F0004502D5404261EB9D
:1005100041014FF4806404F132045FEA915C3FF4DE
:10052000D8AE4FF003025FEADC0C18BF03325FEA7B
:10053000DC0C18BF033202EBDC02C2F1200300FA2C
:1005400003FC20FA02F001FA03FE40EA0E0021FA51
:1005500002F11444BDE600BF70B54FF0FF0C4CF43F
:10056000E06C1CEA11541DBF1CEA135594EA0C0FF1
:1005700095EA0C0F00F0DEF82C4481EA030621EA2C
:100580004C5123EA4C5350EA013518BF52EA033567
:1005900041F4801143F4801338D0A0FB02CE4FF019
:1005A0000005E1FB02E506F00042E0FB03E54FF049
:1005B0000006E1FB03569CF0000F18BF4EF0010E41
:1005C000A4F1FF04B6F5007F64F5407404D25FEA3D
:1005D0004E0E6D4146EB060642EAC62141EA5551F0
:1005E0004FEAC52040EA5E504FEACE2EB4F1FD0C32
:1005F00088BFBCF5E06F1ED8BEF1004F08BF5FEAB0
:10060000500E50F1000041EB045170BD06F0004661
:1006100046EA010140EA020081EA0301B4EB5C040E
:10062000C2BFD4EB0C0541EA045170BD41F4801106
:100630004FF0000E013C00F3AB8014F1360FDEBF2B
:10064000002001F0004170BDC4F10004203C35DA07
:100650000C341BDC04F11404C4F1200500FA05F38A
:1006600020FA04F001FA05F240EA020001F000422B
:1006700021F0004110EBD37021FA04F642EB0601A1
:100680005EEA430E08BF20EAD37070BDC4F10C04CB
:10069000C4F1200500FA04F320FA05F001FA04F28F
:1006A00040EA020001F0004110EBD37041F100017B
:1006B0005EEA430E08BF20EAD37070BDC4F1200586
:1006C00000FA05F24EEA020E20FA04F301FA05F2EE
:1006D00043EA020321FA04F001F0004121FA04F296
:1006E00020EA020000EBD3705EEA430E08BF20EA66
:1006F000D37070BD94F0000F0FD101F000464000A0
:1007000041EB010111F4801F08BF013CF7D041EA21
:10071000060195F0000F18BF704703F00046520025
:1007200043EB030313F4801F08BF013DF7D043EAF6
:100730000603704794EA0C0F0CEA135518BF95EAAC
:100740000C0F0CD050EA410618BF52EA4306D1D133
:1007500081EA030101F000414FF0000070BD50EA52
:10076000410606BF1046194652EA430619D094EADC
:100770000C0F02D150EA013613D195EA0C0F05D1C6
:1007800052EA03361CBF104619460AD181EA03011A
:1007900001F0004141F0FE4141F470014FF00000D2
:1007A00070BD41F0FE4141F4780170BD70B54FF06D
:1007B000FF0C4CF4E06C1CEA11541DBF1CEA1355ED
:1007C00094EA0C0F95EA0C0F00F0A7F8A4EB0504CF
:1007D00081EA030E52EA03354FEA013100F08880C6
:1007E0004FEA03334FF0805545EA131343EA12638F
:1007F0004FEA022245EA111545EA10654FEA002644
:100800000EF000419D4208BF964244F1FD0404F5FC
:10081000407402D25B084FEA3202B61A65EB030558
:100820005B084FEA32024FF480104FF4002CB6EB15
:10083000020E75EB030E22BFB61A754640EA0C0095
:100840005B084FEA3202B6EB020E75EB030E22BFD5
:10085000B61A754640EA5C005B084FEA3202B6EB16
:10086000020E75EB030E22BFB61A754640EA9C00D5
:100870005B084FEA3202B6EB020E75EB030E22BFA5
:10088000B61A754640EADC0055EA060E18D04FEA63
:10089000051545EA16754FEA06164FEAC30343EA03
:1008A00052734FEAC2025FEA1C1CC0D111F4801FD0
:1008B0000BD141EA00014FF000004FF0004CB6E7C9
:1008C00011F4801F04BF01430020B4F1FD0C88BF68
:1008D000BCF5E06F3FF6AFAEB5EB030C04BFB6EB73
:1008E000020C5FEA500C50F1000041EB045170BD66
:1008F0000EF0004E4EEA113114EB5C04C2BFD4EB93
:100900000C0541EA045170BD41F480114FF0000E16
:10091000013C90E645EA060E8DE60CEA135594EA92
:100920000C0F08BF95EA0C0F3FF43BAF94EA0C0F95
:100930000AD150EA01347FF434AF95EA0C0F7FF40A
:1009400025AF104619462CE795EA0C0F06D152EA5E
:1009500003353FF4FDAE1046194622E750EA410642
:1009600018BF52EA43067FF4C5AE50EA41047FF453
:100970000DAF52EA43057FF4EBAE12E74FF0FF3CB8
:1009800006E000BF4FF0010C02E000BF4FF0010C89
:100990004DF804CD4FEA410C7FEA6C5C4FEA430C02
:1009A00018BF7FEA6C5C1BD001B050EA410C0CBF51
:1009B00052EA430C91EA030F02BF90EA020F0020B3
:1009C000704710F1000F91EA030F58BF994208BF1A
:1009D00090422CBFD8176FEAE37040F001007047D7
:1009E0004FEA410C7FEA6C5C02D150EA013C07D12E
:1009F0004FEA430C7FEA6C5CD6D152EA033CD3D079
:100A00005DF8040B704700BF8446104662468C4672
:100A10001946634600E000BF01B5FFF7B7FF0028A5
:100A200048BF10F1000F01BD4DF808EDFFF7F4FFCE
:100A30000CBF012000205DF808FB00BF4DF808ED59
:100A4000FFF7EAFF34BF012000205DF808FB00BF7C
:100A50004DF808EDFFF7E0FF94BF012000205DF89E
:100A600008FB00BF4DF808EDFFF7CEFF94BF012053
:100A700000205DF808FB00BF4DF808EDFFF7C4FF4C
:100A800034BF012000205DF808FB00BF4FEA410C95
:100A90007FEA6C5C02D150EA013C0AD14FEA430C78
:100AA0007FEA6C5C02D152EA033C02D14FF00000B5
:100AB00070474FF0010070474FEA410212F50012F3
:100AC00015D211D56FF47873B3EB625212D94FEA95
:100AD000C12343F0004343EA505311F0004F23FA7F
:100AE00002F018BF404270474FF00000704750EAD4
:100AF000013005D111F0004008BF6FF00040704791
:100B00004FF00000704700BF4A0011D212F50012EA
:100B100011D20DD56FF47873B3EB62520ED44FEA55
:100B2000C12343F0004343EA505323FA02F07047D5
:100B30004FF00000704750EA013002D14FF0FF3013
:100B400070474FF0000070474FEA4102B2F1E043B6
:100B500024BFB3F5001CDCF1FE5C0DD901F0004CA4
:100B60004FEAC0024CEA5070B2F1004F40EB8300F4
:100B700008BF20F00100704711F0804F21D113F120
:100B80003872BCBF01F00040704741F480114FEA59
:100B90005252C2F11802C2F1200C10FA0CF320FAE2
:100BA00002F018BF40F001004FEAC1234FEAD323FF
:100BB00003FA0CFC40EA0C0023FA02F34FEA430369
:100BC000CCE77FEA625307D150EA01331EBF4FF0F2
:100BD000FE4040F44000704701F0004040F0FE400D
:100BE00040F40000704700BF0348044B834202D02A
:100BF000034B03B118477047CC010020CC01002003
:100C0000000000000548064B1B1AD90F01EBA30199
:100C1000491002D0034B03B118477047CC010020A4
:100C2000CC0100200000000010B5064C237843B929
:100C3000FFF7DAFF044B13B10448AFF30080012340
:100C4000237010BDCC010020000000004CD0000833
:100C500008B5054B1BB105490548AFF30080BDE859
:100C60000840FFF7CFBF00BF00000000D001002008
:100C70004CD0000808B5012006F0D8FF4FF4C06042
:100C800006F0AAFF40F2026006F0A6FF40F2036001
:100C900006F0A2FF40F2046006F09EFF4FF4A06051
:100CA00006F09AFF40F2015006F096FF40F21970EC
:100CB00006F092FF40F20E7006F08EFF40F20F70C9
:100CC00006F08AFF40F20B6006F086FF40F20960F2
:100CD00006F082FF40F20A6006F07EFF40F20F60ED
:100CE00006F07AFFBDE8084040F2117006F074BFCC
:100CF00070B505F099FEFFF7BDFF00F02FFA02F086
:100D0000D9FA02F043FA00F03DFC02F0F1F902F0EA
:100D100017FA00F0CFFA00F0BBFB03F077FBC548F1
:100D200009F014F9C44809F011F901230022022145
:100D3000C24809F0A3F8C248062105F05BFCC04890
:100D400005F042FD002800F0AC81BE4DBE4C6B6941
:100D5000D4ED027A013304BF00236B612B690133A8
:100D600008BF0023F4EE677A08BF2B61F1EE10FA9A
:100D700080F19481BFEE007AF4EE477AF1EE10FA3A
:100D800000F08C81D4ED037AF4EE677AF1EE10FA7C
:100D900080F18181BFEE007AF4EE477AF1EE10FA2D
:100DA00000F07981D4ED067AF4EE677AF1EE10FA6C
:100DB00080F16E81BFEE007AF4EE477AF1EE10FA20
:100DC00000F066816B68D4ED077A013304BF01231C
:100DD0006B60AB68013304BF0023AB60EB68013389
:100DE00008BF4FF47A73F4EE677A08BFEB60F1EE58
:100DF00010FA80F11B81BFEE007AF4EE477AF1EE33
:100E000010FA00F01381D4ED087AF4EE677AF1EE6F
:100E100010FA80F10881BFEE007AF4EE477AF1EE25
:100E200010FA00F00081D4ED097AF4EE677AF1EE61
:100E300010FA80F1F580BFEE007AF4EE477AF1EE19
:100E400010FA00F0ED80D4ED127AF4EE677AF1EE4C
:100E500010FA80F1E280BFEE007AF4EE477AF1EE0C
:100E600010FA00F0DA80D4ED0A7AF4EE677AF1EE47
:100E700010FA80F1CF80BFEE007AF4EE477AF1EEFF
:100E800010FA00F0C780D4ED117AF4EE677AF1EE33
:100E900010FA80F1BB80BFEE007AF4EE477AF1EEF3
:100EA00010FA00F0B380D4ED0E7AF4EE677AF1EE2A
:100EB00010FA80F1A780BFEE007AF4EE477AF1EEE7
:100EC00010FA00F09F80D4ED177AF4EE677AF1EE15
:100ED00010FA80F19480BFEE007AF4EE477AF1EEDA
:100EE00010FA00F08C80D4ED187AF4EE677AF1EE07
:100EF00010FA80F18180BFEE007AF4EE477AF1EECD
:100F000010FA79D0D4ED147A5048514EF4EE677A45
:100F1000D4ED137AF1EE10FA64BF4E4B2365F4EE74
:100F2000677AD4ED167AF1EE10FA64BF4A4BE364A7
:100F3000F4EE677AD4ED157AF1EE10FA64BF474B00
:100F4000A365F4EE677AF1EE10FA64BF444B636573
:100F500003F0F6FC00214FF44472424809F017F800
:100F60006A69A36AC6F8D82064202A69C6F8D42022
:100F7000B3663D4D05F07AFD6421304605F066F814
:100F80003A494FF4007206F1DC0009F04DF895E89B
:100F9000070003F031F9002840F08B80344800F05E
:100FA00011FB344800F028FB00221146282006F0EF
:100FB000C1FD01220021142006F0BCFD0022012108
:100FC000192006F0B7FD00220221262006F0B2FD0E
:100FD000294B062101221980DA7000244FF47A701F
:100FE00005F044FDAB880134002BF7D095E80700ED
:100FF000234603F017F8F1E7204B236682E7204BE6
:10100000E36570E74FF07E53A3635CE74FF07E53D8
:10101000636448E71B4BA36235E7184BA36422E7E0
:10102000194B63620FE7194B2362FCE60023E3616F
:10103000E9E600BF80D100088CD10008ACD10008DF
:10104000C0390020D8390020D83D0020BC3600200F
:101050009833002000004841000048C1000082424F
:10106000000082C2442E00208C330020F039002082
:10107000E8010020FC010020A83600200000A0406C
:101080000000FA430000A841000060410000FA425D
:101090000023A36196E6094BE36083E6084BA36057
:1010A00070E60849084800F06FFB084808F04EFF5A
:1010B0004BE6074808F04AFF70E700BF00002042F7
:1010C00000007A44D83D0020D8390020C8D100085B
:1010D00018D2000808B514484FF4006106F0A2FCCD
:1010E0001248002106F0A8FF002211460F4807F021
:1010F0003BF90E480022012107F036F90B48002287
:10110000022107F031F900221146084807F0CEF815
:1011100006480022012107F0C9F8BDE8084003484D
:101120000022022107F0C2B800080140002C014053
:10113000024A136803431360FFF7CCBFD83E002078
:10114000014B1868704700BFD83E0020024A136860
:1011500023EA000313607047D83E002010B55048C2
:10116000012106F073FC4F48012106F06FFC4E4848
:101170004FF4A0530122182106F0FCFB4A484FF41B
:1011800000630122042106F0F5FB4FF40043012225
:101190004648102106F0EEFB44484FF4004106F0AB
:1011A0003FFC43484FF420430122182106F0E2FBA4
:1011B0003F484FF480430122482106F0DBFB4FF407
:1011C000805301223A48102106F0D4FB38484FF4EE
:1011D000805106F025FC35484FF4006302221021AF
:1011E00006F0C8FB4FF4805303223048042106F078
:1011F000C1FB2E484FF4006106F014FC2B484FF45D
:10120000E0630322182106F0B5FB274803230422DC
:10121000002106F0AFFB264801230422002106F03E
:10122000A9FB21480C230422002106F0A3FB1F4840
:10123000F0230422002106F09DFB1B4830230422EA
:10124000002106F097FB4FF40053022216481021AC
:1012500006F090FB14484FF4005106F0E3FB1348EE
:1012600004230122182106F085FB082301220F48E0
:10127000042106F07FFB01214FF4EA1006F0E6FBA3
:101280000B484FF480730222482106F073FBBDE83F
:10129000104007484FF400730322182106F06ABB80
:1012A0000010200000023000001001400008014042
:1012B000000C014070B5714888B0002106F006F9B5
:1012C0006F4A704B01920024042503934FF400727F
:1012D0004FF400634FF48076029204930DEB050205
:1012E0004FF4805321466548ADF81C60CDE90553A5
:1012F0008DF81E4006F008F92146604806F042F9D4
:1013000021465E4806F050F95F4805F039FD5F4818
:1013100005F036FD4FF4803005F080FD31465A4827
:10132000012205F08BFD22465748022105F086FD7B
:1013300031465648012205F081FD224653480221DC
:1013400005F07CFD2146504805F0A0FD2A464E4898
:10135000012105F0A5FD01224B48022105F0A0FD69
:1013600021464A4805F092FD2A464848012105F0E9
:1013700097FD46480122022105F092FD23462146B1
:101380004148062205F0AAFD23463F480F220121CD
:1013900005F0A4FD23463C480722022105F09EFDEE
:1013A000234639480822032105F098FD23462146AB
:1013B0003648052205F092FD234634480E220121CD
:1013C00005F08CFD23462A463048022105F086FDB3
:1013D00023462E480C22032105F080FD2A484FF4B5
:1013E0006022012105F026FE01221146264805F063
:1013F00005FE26484FF46022012105F01BFE012264
:101400001146224805F0FAFD234621461E480B22CC
:1014100005F0BCFD234621461C480A2205F0B6FD16
:1014200019484FF4E042022105F004FE164801225B
:10143000022105F0E3FD15484FF4E042022105F0DA
:10144000F9FD01220221114805F0D8FD0E4805F0F2
:10145000DFFC0E4805F0DCFC0B4805F0BFFC0B4838
:1014600005F0BCFC012005F001FB074805F0BEFCBF
:10147000064805F0BBFC08B070BD00BF000002408C
:101480004C240140E03E002000240140002801409F
:1014900070B5384888B0042106F018F83649374A44
:1014A00001914FF48063012400254FF4807603926C
:1014B000049301AA4FF480532E4806930421ADF8FB
:1014C0001C6002968DF81E50059406F01DF8294800
:1014D000042106F057F80421264806F065F828484C
:1014E00005F04EFC22463146254805F0A7FC2A4669
:1014F0002348022105F0A2FC2946214805F0C6FC3C
:10150000224621461E4805F0CBFC22461C480221FB
:1015100005F0C6FC2B46294619480D2205F0DEFCD5
:10152000214617484FF4602205F084FD22462146EB
:10153000134805F063FD2B46294611480D2205F09E
:1015400025FD0F484FF4E042022105F073FD2246CD
:1015500002210B4805F052FD094805F059FC0848E6
:1015600005F03CFC204605F081FA054805F03EFCFC
:1015700008B070BD000402404C3C0140DC3E00203D
:10158000003C014000B585B001A9002005F0A8FD90
:101590000A4805F093FD0A484FF48072CDE9010234
:1015A0004FF4802301A90548039305F0CBFD0348C0
:1015B000022105F087FF05B000BD00BF00640040B8
:1015C0000000090300B5014687B0032005F088FD3F
:1015D00001A9012005F084FD00234FF48031012290
:1015E00001A8CDE90133CDE903318DF8142005F0D0
:1015F0003BFE07B000BD00BF00B583B001460190BF
:10160000022005F06DFD054A0199906808600023ED
:1016100006228A724B600B8103B000BDD8390020CE
:10162000F0B52DED028B1E4D83B00446F0EE608ABE
:10163000B0EE418AD5ED130A95ED141A01911020F0
:1016400004F07AFB95ED161AD5ED150A0746B0EEB3
:10165000680A0C2004F070FBD5ED030A95ED0E7AB4
:10166000D5ED117A60EEC70A064660EEA70AB0EE25
:10167000480AB1EE601A0C2004F05EFB03120199D7
:10168000E17203EB06137ABA3111E3730023A173FD
:10169000A28120746374A37403B0BDEC028BF0BD0F
:1016A000D83D002084B0F0B52DED028B83B00AAC9C
:1016B00084E80F009DF836309DF835709DF839208C
:1016C0009DF83760BDF833002D4C9DF838E09DF84B
:1016D0003A10D4ED140A94ED130A0F9D9FED298A58
:1016E0004FEA032C1B0943EA07170CF470631E43EF
:1016F000130240BA120903F470630B4342EA0E125C
:1017000080B210210092019304F02AFB85ED000ABB
:10171000D4ED160A94ED150A38460C2104F020FB8E
:1017200085ED010AD4ED170A3046B0EE480A0C21C7
:1017300004F016FB85ED020AD4ED180A00980C217E
:10174000B0EE480A04F00CFB85ED030A94ED030AA1
:1017500094ED0E7AD4ED117A019820EE470A0C210F
:1017600020EE270AF1EE400A04F0FAFA85ED040AA9
:1017700003B0BDEC028BBDE8F04004B0704700BF81
:10178000D83D00200000000070B54FF480620C4688
:101790000546002108F0FBFB01264FF48072002172
:1017A000204608F0F4FB6E60002300224FF47A76A6
:1017B000C5E904222A60AA60EE60154ADFED156AC9
:1017C0009FED157ADFED157AA3614FF07E51E3614D
:1017D0006363E3632364124BDFF858E0DFF858C01B
:1017E0001048A1636164A2640F49236522660F4B10
:1017F0000F4AC4ED026A84ED037AC4ED087AC4F896
:1018000054E0C4F858C0E164E0656262A36270BD50
:101810000000A04000007A44000020420000FA428C
:10182000000048410000FA43000048C10000A84100
:1018300000006041000082C20000824270B50E4686
:101840001E49A0F1040E00F57F754FF0FF305EF8E1
:10185000044F4FF0000C24FA0CF3DBB2584008227E
:1018600040F300030B40013A83EA5000F8D10CF139
:10187000080CBCF1200FEED17545E8D10F49B646F2
:1018800006F58075DEF800404FF0000C24FA0CF3EA
:10189000DBB25840082240F300030B40013A83EAD0
:1018A0005000F8D10CF1080CBCF1200FEED10EF174
:1018B000040EAE45E6D1C04370BD00BF2083B8ED35
:1018C0000368012B00F22C8243687F2B00F22882F0
:1018D00083687F2B00F22482C368DE4A013B934277
:1018E00000F21E820369DFF8A4C34FF6FF721344AF
:1018F000634500F2158243691A44624500F2108282
:10190000D1ED027A9FEDD47AF0EEE76AF4EE476A01
:10191000F1EE10FA00F20482DFEDDD6AF4EEE67A11
:10192000F1EE10FAC0F2FC81DFEDCC6AF4EEE67A5B
:10193000F1EE10FA00F2F481D1ED037AF0EEE76AED
:10194000F4EE476AF1EE10FA00F2EA819FEDC47AF4
:10195000F4EEC77AF1EE10FAC0F2E2819FEDC17A9F
:10196000F4EEC77AF1EE10FA00F2DA81D1ED064A10
:10197000DFEDB96AB0EEE47AB4EE667AF1EE10FA11
:1019800000F2CE81F5EEC04AF1EE10FAC0F2C88145
:101990009FEDB57AF4EEC74AF1EE10FA00F2C0817D
:1019A00091ED077AB0EEC76AB4EE666AF1EE10FA0E
:1019B00000F2B681B5EEC07AF1EE10FAC0F2B08155
:1019C0009FEDB36AB4EEC67AF1EE10FA00F2A88188
:1019D00091ED087AB0EEC76AB4EE666AF1EE10FADD
:1019E00000F29E81F7EE006AB4EEE67AF1EE10FAAC
:1019F000C0F29681DFED9D6AB4EEE67AF1EE10FA60
:101A000000F28E8191ED095ADFED936AB0EEC57A4E
:101A1000B4EE667AF1EE10FA00F282819FED907AD0
:101A2000B4EEC75AF1EE10FAC0F27A819FED907AC7
:101A3000B4EEC75AF1EE10FA00F2728191ED0A7A13
:101A4000B0EEC76AB4EE666AF1EE10FA00F2688191
:101A5000B7EE006AB4EEC67AF1EE10FAC0F2608119
:101A60009FED846AB4EEC67AF1EE10FA00F2588166
:101A700091ED0D7AB0EEC76AB4EE666AF1EE10FA37
:101A800000F24E81B5EEC07AF1EE10FAC0F2488154
:101A9000DFED7F6AB4EEE67AF1EE10FA00F24081F3
:101AA000D1ED0E6A9FED6C7AB0EEE66AB4EE476A4D
:101AB000F1EE10FA00F234819FED6F6AF4EEC66A1F
:101AC000F1EE10FAC0F22C81B2EE046AF4EEC66AAE
:101AD000F1EE10FA00F22481D1ED0F6AB0EEE66A61
:101AE000B4EE476AF1EE10FA00F21A81F5EEC06A20
:101AF000F1EE10FAC0F214819FED606AF4EEC66A4E
:101B0000F1EE10FA00F20C81D1ED106AB0EEE66A47
:101B1000B4EE476AF1EE10FA00F20281F5EEC06A07
:101B2000F1EE10FAC0F2FC809FED556AF4EEC66A41
:101B3000F1EE10FA00F2F480D1ED116AB0EEE66A2F
:101B4000B4EE476AF1EE10FA00F2EA809FED4D7AAA
:101B5000F4EEC76AF1EE10FAC0F2E2809FED477A28
:101B6000F4EEC76AF1EE10FA00F2DA80D1ED126AF3
:101B70009FED397AB0EEE66AB4EE476AF1EE10FAFC
:101B800000F2CE809FED366AF4EEC66AF1EE10FAEE
:101B9000C0F2C680B3EE046AF4EEC66AF1EE10FA43
:101BA00000F2BE80D1ED135AF0EEE56AF4EE476A1A
:101BB000F1EE10FA00F2B480DFED336AF4EEE65A8B
:101BC000F1EE10FAC0F2AC80F5EEC05AF1EE10FA68
:101BD00000F2A68091ED146AF0EEC66AF4EE476A50
:101BE000F1EE10FA00F29C80B5EEC06AF1EE10FA48
:101BF000C0F296809FED214AB4EEC46AF1EE10FA6D
:101C000000F28E80D1ED156AB0EE473AB0EEE67A7A
:101C1000B4EE437AF1EE10FA00F282809FED1A7A68
:101C2000F4EEC76AF1EE10FA7ADBF5EEC06AF1EE77
:101C300010FA75D891ED167AF0EEC73AF4EE433A01
:101C4000F1EE10FA6CD8B5EEC07AF1EE10FA67DB5F
:101C500020E000BF9F860100FFFF7F7F0000FA4465
:101C6000CDCCCC3D00007042000004420000164381
:101C7000000020420000804217B7D13800007A44AB
:101C80000050C3476F12833A00007AC4FEFF010080
:101C90000000C842B4EEC47AF1EE10FA40D8D1ED9B
:101CA000173AF0EEE32AF4EE432AF1EE10FA37D8B1
:101CB000F5EEC03AF1EE10FA32DBF4EEC43AF1EE92
:101CC00010FA2DD891ED184AF0EE433AB0EEC43A2E
:101CD000B4EE633AF1EE10FA22D8B5EEC04AF1EE56
:101CE00010FA1DDB5FED163AB4EEE34AF1EE10FA9E
:101CF00016D8F4EEE47AF1EE10FA11DBF4EEC57AC0
:101D0000F1EE10FA0CDBF4EEC65AF1EE10FA07D53C
:101D1000F4EEC76AF1EE10FA4CBF012000207047C4
:101D20000020704730B5DFF83CC083B06045069DA9
:101D3000079C02D0002003B030BD0229FAD1B2F5D1
:101D4000A07FF7D1214628460193FFF777FD019B3D
:101D50009842EFD12146284603B0BDE83040FFF756
:101D6000AFBD00BF4154484E401A0028D4BF0020E8
:101D70000120704740B12AB15B1A002BD4BF00206C
:101D8000012070471046704782420CBF4FF0FF3071
:101D90000120704711B10AB1082B01D00020704713
:101DA000009BC01AB3F5006FB0FA80F04FEA5010F4
:101DB00028BF0020704700BF431E00F1060C13F837
:101DC000012FFF2A09D16345F9D1C279131DDBB276
:101DD000022B02D80A70012070470020704700BF14
:101DE00038B5C0F30D0444F4804440F44045204627
:101DF0000BF0E6F8002814BF2846204638BD00BF87
:101E0000084310B5C0F30D0420460BF0D9F844EA9E
:101E1000C03080B210BD00BF10B504460BF0D0F842
:101E200028B914F4804F18BF6FF0010010BD4FF0B7
:101E3000FF3010BDC0F30D00C1F30D01401AB0F525
:101E4000005F03DDA0F5804000B2704710F5005F31
:101E5000B8BF00F5804000B2704700BF0378A52BE3
:101E600029D143785A2B26D18378012B23D110B561
:101E700083790C46CBB9DFF84CE0421E811D00236C
:101E800012F801CF83EA0C0391421EF80330F7D118
:101E9000C2799A4212D1C37823700379637043796F
:101EA000A3708379E370002010BDC378072BE2D0C4
:101EB0004FF0FF3010BD4FF0FF3070476FF0010062
:101EC00010BD00BF68D0000890F800C06CF07F0C17
:101ED00083F800C090F801C083F801C08078987042
:101EE0004FEA122CD970100C110E1A7183F805C02C
:101EF0009871D971704700BF164B1B7803B97047B2
:101F000030B5154C237883B0DBB2CDE900310546FE
:101F100004F0C4FD009B114A019903EB430C4FEA06
:101F20008C0E013342F80E0002EB8C0203F01F030B
:101F30000B4815719160237003781F2B04D8037828
:101F40000133037003B030BD064A136801331360D8
:101F500003B030BDFA3E0020F93E0020FC3E0020D8
:101F6000F83E0020F43E00202DE9F041894C016844
:101F7000236840F201720133914288B0236006D198
:101F8000037A23B9437A13B9827A082A05D0A36861
:101F90000133A36008B0BDE8F08102A90B300093C3
:101FA000FFF75CFF18B1E3680133E360F2E704F088
:101FB00075FD7949009B0A68821A132A40F23B8119
:101FC000626808609DF8081001320729626000F01D
:101FD0003681032901F26D80DFE801F0A59B19022B
:101FE0009DF80A100F2900F2A380DFE811F0EE003F
:101FF000EC00EA00050103010101FF00FD00A10062
:10200000F900F500F100E600E200A100DF009DF814
:102010000A207A2A00F28C80DFE812F0680362035B
:102020005C0305037A03770390038A008A00F000BB
:102030000203FF02F902F302EB02E402E002DC0217
:1020400087037E038A008A008A008A000701F9005C
:10205000F6009403F9000701F6008A008A008A005E
:102060008A008A008A008A008A008A008A008A0020
:102070008A008A008A008A008A008A008A008A0010
:102080008A008A008A008A008A008A00C4039A03B0
:102090000701FA03F403ED03E603DF03D803D103DA
:1020A000CA036B0464045D0456044F0448044104ED
:1020B0003A0433042C0425041E04170410040904F4
:1020C0000004F307D807AD07920758073307210725
:1020D0000607DB06C00695067A06620657064B061B
:1020E00030060F06F405C905AE0579055E05330512
:1020F0001805ED04D504BF04A40489047D047A0402
:102100007204C802F000C002A502990260025802DF
:10211000DE009DF80A20042A00F2CE87DFE802F0F4
:102120003633312F38009DF80A20002A00F06281F2
:102130000123216901310022216103A90220CDE997
:10214000003204F0CDFF00230493ADF8143040F2C8
:10215000817303930823DDE9001202A88DF816307D
:102160000DF11703FFF7B0FE0C4803A905F0F6F8D0
:10217000032800F03B81A3690133A3610AE7084A01
:10218000DBE70F22D9E74FF48032D6E7054AD4E7E0
:10219000054AD2E77C400020F03E00200064004069
:1021A00001D1E0A74154484E01E803009D4A12685E
:1021B000C3E79D4AD2F80823BFE79B4AD2F804231D
:1021C000BBE7A268B9E76268B7E722680B46B4E7E5
:1021D000954AD2F80023B0E7944AD2F8FC22ACE743
:1021E000914AD2F8FC22A8E7E269A6E7A269A4E72F
:1021F0006269A2E72269A0E7E2689EE78B490A8943
:10220000C96842EA014298E740F2154295E7884AD8
:102210009FED887AD2ED037A8749884AB4EEE77A4F
:10222000F1EE10FAB8BF0A4687E7009301F0ECFB25
:10223000009B024681E7636901336361AAE69DF86A
:102240000A20013A0B2A00F23487DFE812F0C800B6
:10225000C000B8009700A4008D00780061004C0019
:10226000370021000C0076489DF80B2001788A4247
:10227000BFF45EAF7349097800782031091A0A4427
:10228000714902F01F020C2000FB0212926854E711
:102290006B489DF80B2001788A42BFF449AF694929
:1022A000097800782031091A0A44674902F01F02B0
:1022B0000C2000FB02121279D2B23EE760489DF872
:1022C0000B2001788A42BFF433AF5E490978007869
:1022D0002031091A0A4402F01F020C205A4900FB5F
:1022E00002F28A5829E75749554800220A7057498F
:1022F00002700A60564A1278007842EA00220868A2
:10230000B0F5803F36BF0968524909040A4314E713
:102310004F4A4FF0000C82F800C01178002976D1A6
:1023200047484A491278007842EA00220868B0F526
:10233000803F36BF0968474909040A43FDE6444A1D
:102340003F48012111701178002955D13F49127879
:10235000007842EA00220868B0F5803F36BF09687D
:102360003C4909040A43E8E63B48028882B11B2144
:10237000009303F0EFFB009B0122DEE69DF80B20AB
:10238000013AD2B2132A03D8334A1288002A67D0FE
:1023900002230022D1E6304A11880029F8D10093A7
:1023A000FEF7CEFE0028F3D11F4991F8DD12002977
:1023B000EED029487A2103F0CDFB009BDCE72648CC
:1023C0000093652103F0C6FB009B0322B5E622487B
:1023D00000936D2103F0BEFB009B0222ADE61E4878
:1023E00000931B2103F0B6FB009BC5E7E3690133B3
:1023F000E361CFE5194AA0E61449124D4FF0000CF5
:1024000085F800C080F800C0C1F800C09FE70D4902
:102410000B4881F800C00D4980F800C0C1F800C029
:1024200080E700BF9C40002098330020BC3600208D
:10243000D83D002000002042A0008002A000C00281
:10244000F83E0020F93E0020FC3E0020F43E002033
:10245000FA3E00200000FFFFA83600204154484EFD
:102460000093FEF76DFE002892D1BC4A9288002AA4
:102470008ED1BB4A92F8DD22002A89D0B94A92F85F
:10248000F522002A84D000F180404FF4805100F5FD
:10249000843005F0CFFA00283FF47AAF9DF80B3076
:1024A0009FEDB17AB14AB24807EE903AF8EE677AFA
:1024B000632167EE877AC2ED127A03F04BFB9DF839
:1024C0000B20009B642101FB02F236E6A54AD2F8FC
:1024D000F81292F8F52242EA01222EE6A1499FED78
:1024E000A57AD1ED067AF4EEC77AF1EE10FA80F211
:1024F00009819FEDA17AF4EEC77AF1EE10FA40F26D
:10250000FF809FED9E7A67EE877AFDEEE77A17EE01
:10251000902AD1ED077A9FED977AF4EEC77AF1EE23
:1025200010FA92B280F2E9809FED937AF4EEC77AC6
:10253000F1EE10FA40F2DF809FED907A67EE877A35
:10254000FDEEE77A17EE901A42EA0142F5E5854A78
:102550009FED8B7AD2ED1C7A67EE877AFCEEE77AF4
:1025600017EE902AE9E57F498A68D1F89800121A97
:10257000B2F5004F2BDA83488242B8BF0246C868E2
:10258000D1F89C10411AB1F5004F92B21CDA7D4887
:102590008142B8BF014642EA0142CEE57149B1F835
:1025A0009820D1F89C1042EA0142C6E57649774A64
:1025B000DFF8ECC101F5007E51F8040F42408E4572
:1025C0000CFB02F2F8D1B8E547F6FF71E3E747F6F6
:1025D000FF72D4E7634AD2F8B420AEE56C4AD2F871
:1025E0001824AAE55E4991F8DE2242B1D1F8E6222C
:1025F000A3E5684AD188128942EA01429DE5032396
:102600009BE5644A5188928842EA014295E5614A15
:102610005189128842EA01428FE55E4AD2688CE510
:10262000504A128A89E54FF480515B48009305F0C7
:1026300001FA4FF400610646574805F001FA031EFF
:1026400056485349D0F8442CC2F3C035D1F8182469
:10265000D1F818E4D1F81814C1F3800CD0F8201C7C
:102660004FEA42124FEA012101F4807102F0200288
:1026700042EA01023A4991F8DD1218BF01230039FC
:1026800018BF012142EA430242EAC1023549009BD8
:1026900091F8F512003918BF012142EA0112CEF378
:1026A000400E42EA850242EA8E1242EACC12D0F88B
:1026B00020CCD0F8201CCCF3001042EA4022C1F319
:1026C000002142EA8122002E08BF42F0010242F0BE
:1026D000004232E50093FEF733FD009B02462CE5F5
:1026E000009304F0DBF9009B024626E51D491346E2
:1026F000D1F8F82221E5234926E747F6FF7123E7C1
:10270000204A06E747F6FF7203E7154A926F14E581
:10271000134AD2F8E02210E52049D1F83C2CD1F838
:102720002C1C92B242EA014207E51C49D1F8342C34
:10273000D1F8381C92B242EA0142FEE4084AD2F8CB
:102740008020FAE4009301F009FB009B0246F4E4C8
:10275000009301F053F9009B0246EEE48C33002015
:1027600098330020BC360020CDCCCC3DD83D002095
:10277000A8360020681103426F1203C200007A4499
:10278000002474490080FFFFEC390020C59D1C81A6
:1027900000600040E03E00200008014000200140B1
:1027A00093010001009301F023F9009B0246C4E469
:1027B0000520009301F03AF9009B0246BDE4042095
:1027C000009301F033F9009B0246B6E40320009326
:1027D00001F02CF9009B0246AFE40220009301F0C7
:1027E00025F9009B0246A8E40120009301F01EF9A0
:1027F000009B0246A1E40020009301F017F9009B22
:1028000002469AE4009301F00BF9009B024694E41F
:10281000009301F0FFF8009B02468EE4C949CA7894
:1028200048780978120442EA00220A4385E40E201F
:10283000009301F005F9009B02467EE40D20009311
:1028400001F0FEF8009B024677E40C20009301F0B3
:10285000F7F8009B024670E40B20009301F0F0F8BB
:10286000009B024669E40A20009301F0E9F8009B0E
:10287000024662E40920009301F0E2F8009B024660
:102880005BE40820009301F0DBF8009B024654E46F
:102890000720009301F0D4F8009B02464DE4062087
:1028A000009301F0CDF8009B024646E4052000931A
:1028B00001F0C6F8009B02463FE40420009301F0BB
:1028C000BFF8009B024638E40320009301F0B8F8FB
:1028D000009B024631E40220009301F0B1F8009B16
:1028E00002462AE40120009301F0AAF8009B024668
:1028F00023E40020009301F0A3F8009B02461CE4AF
:10290000914992480093FEF799FF009B024614E418
:102910008E4A526911E48E498C4AD1ED1A7A1268B6
:10292000FCEEE77A17EE901A42EA014205E4864A85
:102930009FED887AD2ED0A7AF4EEC77AF1EE10FABA
:1029400078DA9FED857AF4EEC77AF1EE10FA6DD958
:102950009FED827A67EE877AFDEEE77A17EE902A8E
:10296000FFF7EBBB7E4A9FED7B7AD2ED557AF4EE12
:10297000C77AF1EE10FA22DA9FED777AF4EEC77A91
:10298000F1EE10FA17D99FED757A67EE877AFDEEB2
:10299000E77A17EE902AFFF7D0BB714A9FED717A64
:1029A000D2ED5E7A67EE877AFCEEE77A17EE902A30
:1029B00092B2FFF7C2BB4FF00042FFF7BEBB6FF011
:1029C0000042FFF7BABB664ADFED666AD2ED5C7A79
:1029D00092ED5D7A67EEA67A27EE267AFCEEE77A2C
:1029E000BCEEC77A17EE902A17EE101A92B242EA9E
:1029F0000142FFF7A2BB5A4A9FED567AD2ED5B7AAD
:102A0000F4EEC77AF1EE10FA1CDA9FED537AF4EE89
:102A1000C77AF1EE10FA11D99FED507A67EE877AF6
:102A2000FDEEE77A17EE902AFFF787BB4FF00042E2
:102A3000FFF783BB6FF00042FFF77FBB4FF0004210
:102A4000FFF77BBB6FF00042FFF777BB444A9FED77
:102A5000417AD2ED5A7AF4EEC77AF1EE10FA2FDA13
:102A60009FED3D7AF4EEC77AF1EE10FA24D99FED8E
:102A70003B7A67EE877AFDEEE77A17EE902AFFF74A
:102A80005CBB374A9FED337AD2ED597AF4EEC77AC0
:102A9000F1EE10FA1CDA9FED307AF4EEC77AF1EE1F
:102AA00010FA11D99FED2D7A67EE877AFDEEE77A5D
:102AB00017EE902AFFF741BB4FF00042FFF73DBBF6
:102AC0006FF00042FFF739BB4FF00042FFF735BB14
:102AD0006FF00042FFF731BB214A9FED1E7AD2ED25
:102AE000587AF4EEC77AF1EE10FA41DA9FED1A7ACD
:102AF000F4EEC77AF1EE10FA36D99FED187A67EE48
:102B0000877AFDEEE77A17EE902AFFF716BB144A94
:102B10009FED107AD2ED577AF4EEC77AF1EE10FA03
:102B20006CDA9FED0D7AF4EEC77AF1EE10FA61D906
:102B30009FED0A7A67EE877AFDEEE77A17EE902A24
:102B4000FFF7FBBAA8360020D83D0020D839002076
:102B5000983300206C12034A6C1203CA00007A44B6
:102B60001032002000401C464FF00042FFF7E5BA4B
:102B70006FF00042FFF7E1BAC74A9FEDC87AD2ED85
:102B8000567AF4EEC77AF1EE10FA2FDA9FEDC47A96
:102B9000F4EEC77AF1EE10FA24D99FEDC27A67EE0F
:102BA000877AFDEEE77A17EE902AFFF7C6BABA4A9F
:102BB0009FEDBA7AD2ED547AF4EEC77AF1EE10FABC
:102BC00058DA9FEDB77AF4EEC77AF1EE10FA4DD9E4
:102BD0009FEDB47A67EE877AFDEEE77A17EE902ADA
:102BE000FFF7ABBA4FF00042FFF7A7BA6FF0004211
:102BF000FFF7A3BA4FF00042FFF79FBA6FF0004211
:102C0000FFF79BBAA84A9FEDA57AD2ED067AF4EEBB
:102C1000C77AF1EE10FA25DA9FEDA17AF4EEC77AC1
:102C2000F1EE10FA1AD99FED9F7A67EE877AFDEEE2
:102C3000E77A17EE902AFFF780BA9C4A9C491278EF
:102C4000097842EA01229B490868B0F5803F36BF07
:102C50000968994909040A43FFF76FBA4FF0004227
:102C6000FFF76BBA6FF00042FFF767BA4FF0004210
:102C7000FFF763BA6FF00042FFF75FBA8F4A9FED2C
:102C8000877AD2ED127AF4EEC77AF1EE10FA18DAFA
:102C90009FED837AF4EEC77AF1EE10FA0DD99FED2D
:102CA000817A67EE877AFDEEE77A17EE902AFFF7D2
:102CB00044BA7D4AD269FFF740BA4FF00042FFF7AD
:102CC0003CBA6FF00042FFF738BA77498A8D08782E
:102CD00091F82010120442EA00220A43FFF72DBAAD
:102CE0007149774A107892F801C00A7C120442EACE
:102CF0000C22024391F8210042EA006291F822007E
:102D000091F8241042EA406242EA8162FFF715BA64
:102D10006C4A9FED627AD2ED377AF4EEC77AF1EE23
:102D200010FA2FDA9FED5E7AF4EEC77AF1EE10FA20
:102D300024D99FED5C7A67EE877AFDEEE77A17EE8D
:102D4000902AFFF7FAB95F4A9FED547AD2ED367AAE
:102D5000F4EEC77AF1EE10FA1CDA9FED517AF4EE38
:102D6000C77AF1EE10FA11D99FED4E7A67EE877AA5
:102D7000FDEEE77A17EE902AFFF7DFB94FF0004239
:102D8000FFF7DBB96FF00042FFF7D7B94FF0004211
:102D9000FFF7D3B96FF00042FFF7CFB9494A9FED73
:102DA0003F7AD2ED357AF4EEC77AF1EE10FA2FDAE7
:102DB0009FED3B7AF4EEC77AF1EE10FA24D99FED3D
:102DC000397A67EE877AFDEEE77A17EE902AFFF7F9
:102DD000B4B93C4A9FED317AD2ED347AF4EEC77A39
:102DE000F1EE10FA1CDA9FED2E7AF4EEC77AF1EECE
:102DF00010FA11D99FED2B7A67EE877AFDEEE77A0C
:102E000017EE902AFFF799B94FF00042FFF795B9F6
:102E10006FF00042FFF791B94FF00042FFF78DB914
:102E20006FF00042FFF789B9264A9FED1C7AD2ED78
:102E3000337AF4EEC77AF1EE10FA1EDA9FED187AC3
:102E4000F4EEC77AF1EE10FA13D99FED167A67EE19
:102E5000877AFDEEE77A17EE902AFFF76EB91A49E6
:102E6000D1F83C2CD1F82C1C92B242EA0142FFF777
:102E700064B94FF00042FFF760B96FF00042FFF70E
:102E80005CB91149D1F8342CD1F8381C92B242EA1D
:102E90000142FFF752B900BF103200206C12034A02
:102EA0006C1203CA00007A4410020020FA3E00208F
:102EB000F83E0020F43E00200000FFFFD83D002037
:102EC000A8360020BC360020002001407C499FED40
:102ED0007D7AD1ED057AF4EEC77AF1EE10FA80F240
:102EE000E5809FED797AF4EEC77AF1EE10FA40F2C0
:102EF000DB809FED767A67EE877AFDEEE77A17EE54
:102F0000902AD1ED067A9FED6F7AF4EEC77AF1EE52
:102F100010FA92B280F2C5809FED6B7AF4EEC77A18
:102F2000F1EE10FA40F2BB809FED687A67EE877A87
:102F3000FDEEE77A17EE901A42EA0142FFF7FDB87C
:102F40005F4A9FED637AD2ED117AF4EEC77AF1EE23
:102F500010FA2FDA9FED5F7AF4EEC77AF1EE10FAED
:102F600024D99FED5A7A67EE877AFDEEE77A17EE5D
:102F7000902AFFF7E2B8524A9FED557AD2ED2A7AAD
:102F8000F4EEC77AF1EE10FA1CDA9FED527AF4EE05
:102F9000C77AF1EE10FA11D99FED4C7A67EE877A75
:102FA000FDEEE77A17EE902AFFF7C7B84FF0004220
:102FB000FFF7C3B86FF00042FFF7BFB84FF0004211
:102FC000FFF7BBB86FF00042FFF7B7B8424A9FED7A
:102FD000407AD2ED037AF4EEC77AF1EE10FA5ADABB
:102FE0009FED3C7AF4EEC77AF1EE10FA4FD99FEDDF
:102FF000377A67EE877AFDEEE77A17EE902AFFF7C9
:103000009CB8009300F0AAFE344A9288151E2C4A00
:1030100092F8F52218BF0125161E314A92F8DD22DA
:10302000804618BF01264FF40061171E2D4818BFB7
:10303000012704F005FD011E2B48D0F8442CC2F3F3
:10304000C03CD0F8202CD0F8203CD0F820EC4FEA3F
:10305000821202F040020EF4807E42EA0E0242EA40
:10306000450242EA860242EAC702C3F3001042EA7E
:103070004C1242EAC01218BF0121B8F1000F18BF6C
:1030800042F00102009B42EA0112FFF756B84FF0EE
:103090000042FFF752B86FF00042FFF74EB81349F5
:1030A0004AE747F6FF7147E7104A2AE747F6FF72FB
:1030B00027E70423FFF73DB80B46FFF73AB800BFF8
:1030C000BC360020681103426F1203C200007A442C
:1030D0006C12034A6C1203CAD83D00208C330020C6
:1030E0009833002000080140002001400080FFFFCD
:1030F00000B5114889B004F045FE9FED0D7B4FF4FB
:1031000000724FF4827100234FF40060CDE9001388
:10311000CDE9020218236946074806938DED047B2A
:1031200004F05EFE044804F075FE09B000BD00BF67
:103130000000000001000000003800400000000016
:1031400000B5114889B004F01DFE9FED0D7B4FF4D2
:1031500000724FF4827100234FF40060CDE9001338
:10316000CDE9020210236946074806938DED047BE2
:1031700004F036FE044804F04DFE09B000BD00BF67
:103180000000000001000000003C004070B548480D
:103190008CB004F051FE08A8002404F0C3FE012501
:1031A0004FF400134FF4FA6208A9414808930A92B9
:1031B00009948DF82C5004F0BDFE3D4805F014F93B
:1031C00021463B4805F0FAF82946394805F0FEF853
:1031D000374804F007FF01A804F038FF022601AACF
:1031E000214633480394CDE9014604F035FF2146DA
:1031F0002F48602205F032F821462D48042205F0C0
:103200008BF821462A48082205F05EF8224621461E
:10321000274805F04BF801AA2946254804F01CFF71
:1032200029462348602205F019F82946204804223F
:1032300005F072F829461E48082205F045F8224696
:1032400029461B4805F032F801AA3146184804F017
:1032500003FF31461648602205F000F83146144855
:10326000042205F059F831461148082205F02CF8DF
:10327000224631460E4805F019F804A804F0C0FEB5
:103280004FF0005304A90A480694CDE90443ADF871
:103290001C4004F0BBFE2146054804F0CDFE294643
:1032A000034804F0A5FE024804F096FE0CB070BD81
:1032B000002C014008B50D4805F09CF80B484FF470
:1032C000E13105F0E3F80948042105F01FF9082170
:1032D000064805F015F9054805F00CF9BDE8084069
:1032E000024840F2053105F027B900BF0044004014
:1032F00038B50546E9B20C4805F00EF941F2010473
:1033000001E0013C07D00848072105F00DF900282D
:10331000F7D0284638BD054A13684FF0FF35013312
:103320001360284638BD00BF004400409C40002088
:10333000F0B52DED028B9B4D1446002285B02A601E
:103340000E46217C0746002900F08480E168DFED0D
:10335000966A5B1A07EE903AF8EEE77AB7EE007AD3
:1033600067EEA67AF4EEC77AF1EE10FAC4ED057AAC
:103370007AD4F0EE006AF4EEE67AF1EE10FA00F19B
:103380008F8004F54053A168D0ED037A94ED068A4E
:10339000C3F85411D6F8A410C3F85C11F16BC3F84C
:1033A0006011316CC3F86411316DC3F86811716D2F
:1033B000C3F86C1137EEC88AB16DC3F87011F16DA6
:1033C000C3F87411B0EEC88A316EC3ED547A83ED40
:1033D000568AC3F878113046F0EE678A01F038FB60
:1033E000DFED727AB4EE678AF1EE10FA0DD8DFEDF8
:1033F000707AB4EEE78AF1EE10FA06D4DFED6D7A5A
:10340000B4EEE78AF1EE10FA62DD304601F020FBFF
:10341000DFED697A68EE277A40F20112FDEEE77A75
:1034200000230120A4F82120237017EE901A84F8BD
:1034300024000A20FEF760FD18EE100AFDF734F8AC
:1034400002465E480B4605B0BDEC028BBDE8F0407D
:1034500006F014BD5A48029306F078FD0122029B43
:1034600022740022E360626104F5005202F54960B3
:1034700002F6984200235349A360036013608A6CEC
:10348000C6F8A42004F53051C6F8A83034313046CF
:1034900001F05AFBFB68A36105B0BDEC028BF0BDE7
:1034A00077EEC77A9FED487A04F5325367EE877A54
:1034B00004F53051103334313046C4ED027AC3ED97
:1034C000007A05B0BDEC028BBDE8F04001F03CBBDA
:1034D0009FED3D0A80EE080A09F00CFD431E142BF7
:1034E00007464FF000023DD82070D4ED067AF4EE86
:1034F000E87AF1EE10FA2ED5344884F8202006F050
:1035000025FD2178324806F0B9FCA069FCF7CCFF14
:1035100002460B4618EE900ACDE90223FCF7C4FFE1
:10352000DDE90223CDE900012A4806F0A7FC94F862
:1035300020302B602378234907EE903AF8EE677A23
:1035400000220123C1ED0A7A227484F8213005B0EB
:10355000BDEC028BF0BD012384F820301E4806F03C
:10356000F5FCCEE7304601F073FA40F20113002279
:103570000121A4F82130227084F824100A20394651
:10358000FEF7BAFC18EE100AFCF78EFF024613484D
:103590000B46394605B0BDEC028BBDE8F04006F0A5
:1035A0006DBC00BFD8390020D1CB0B38FFFF7F7F27
:1035B000CDCC4C3EE4CB164100007A4484D20008C6
:1035C00060D20008D83D0020DB0FC94000D30008BE
:1035D00030D3000844D3000818D30008C0D2000834
:1035E0002DE9F041C24E96ED0A7A2DED028BF3EEF5
:1035F000057AB4EEE77AF1EE10FA84B000F31281A6
:103600001D46137C14460F468046002B00F0D880E0
:10361000D3689FEDB87AEB1A07EE903AF8EEE77AA6
:10362000B7EE006A67EE877AF4EEC67AF1EE10FA2A
:10363000C2ED057A00F1D2809FEDAF8A96ED0A7A4D
:1036400067EE085AC5EE886A76EE866AF4EEE67A88
:10365000F1EE10FA78D4DFEDA96A27EE267AC7EEEC
:10366000086A36EE867AF4EEC77AF1EE10FA00F1C7
:10367000E280084601F0ECF9D6ED0A7ABDEEE77A71
:1036800017EE103A002B40F3928104EB432303F131
:10369000300204F13001002351F8040F9142034439
:1036A000FAD107EE103AB8EEC77A9FED956A656BCE
:1036B0009FED938ADFED938A27EE866AD5F58035F4
:1036C000C7EE066A48BF05F2FF156D120027FDEE32
:1036D000E66AC4ED076A07EE107AF8EEC75A67EE9D
:1036E000886A65EEA75A6FF03F0265EE885A00219E
:1036F00065EEA85AB7EE005A13E036EEC56AB4EE8E
:10370000C76AF1EE10FA03D537EE667AFDEEC77A96
:1037100017EE903A04EB830301325B6B402A1944A5
:1037200033D007EE902AF8EEE77A77EEA57AFDEE31
:10373000E77A17EE903A002BB8EEE77ADDDA37EE4B
:10374000267AFDEEC77AE3E7D2ED027A9FED6E7A34
:1037500077EE877A02F53253084602F53051C2ED12
:10376000027A3431C3ED047A01F0EEF994ED057A72
:10377000D4ED0C7AB4EEE77AF1EE10FA00F3D080D3
:1037800004B0BDEC028BBDE8F0810029B8BF7F31E9
:103790007F2D4FEAE1122946C8BFA5F18001E069FB
:1037A00001F68C2304EB8303121A5A605748013741
:1037B00006F064FB802F2BD0D6ED0A7A01358AE71C
:1037C0005348039306F0C2FB039BA3850023636168
:1037D000012323744FF07E53E560236304F53253D5
:1037E0000022A2601A61B06CC7F8A40004F5305141
:1037F000C7F8A8203431384601F0A6F9D8F80C20D3
:103800006369A261236304B0BDEC028BBDE8F08163
:1038100000220123227484F8223004B0BDEC028B14
:10382000BDE8F0813B48152104B0BDEC028BBDE83A
:10383000F04106F023BBD2ED027A9FED337A77EEAA
:10384000C77A0846C2ED027AB36CC1F8A4300023EF
:10385000C1F8A83002F5325302F53051C3ED047AB5
:10386000343101F071F994ED057AD4ED0C7AB4EEAF
:10387000E77AF1EE10FA83DDA78D002F80D096ED68
:103880000A7AD4ED027ADFED256AD8F87430A068A0
:1038900027EE087A67EEA66AC6EE877AFDEEE77A2B
:1038A00017EE902A9B1ADD1305F480351D4404EBB6
:1038B0008703CDED037A596B0D4405EBD5756D107B
:1038C0005D63FCF7F1FD2B46CDE90001039A124838
:1038D000394606F0D3FAD4ED0C7A9FED0A7AA38D1F
:1038E00077EE877A013BA385C4ED0C7A48E700BFE9
:1038F000D83D0020D1CB0B38DB0FC940DB0F49414D
:10390000000000430000003C5F975B39C8D300080B
:1039100090D3000860D30008B8D3000800008047A7
:1039200094ED026A96ED0A7A5FED046AD8F8743075
:10393000A78D66EE266A27EE087A16EE100AC6EE06
:10394000877AFDEEE77A17EE902A9B1ADD1305F4CD
:1039500080351D4404EB8703CDED037A5D63FCF7EE
:10396000A3FD2B46CDE90001039A1248394606F023
:1039700085FA9FED116A94ED0C7ADFED106AA38D44
:1039800037EE067AFFEE007A84ED0C7A96ED0A6A3D
:1039900007EE103AE6EE267AB8EEC77AB4EE677A0A
:1039A000F1EE10FA3FF4ECAE0133A385E8E69FEDAB
:1039B000047A7AE6B8D300080000003C0000004317
:1039C00000000000024B1878003818BF0120704733
:1039D00004410020044B1B7823B1044A136843F0D0
:1039E00001031360704700BF044100200041002024
:1039F000014B1868704700BF00410020014B186858
:103A0000704700BFFC400020014B1868704700BFA2
:103A1000F8400020014B1868704700BFF4400020B8
:103A2000014B1868704700BFF040002005289DBF7B
:103A3000024B33F8100080B200207047E4400020B1
:103A40000E289ABF024B53F820000020704700BF99
:103A5000A8400020024B1878003818BF012070479A
:103A6000A4400020014B01229A637047A840002027
:103A700070B504464FF6FF7384B0374821806380E9
:103A80004FF48051164603F0CDFF00230393039BB0
:103A90003F2B06D800BF039B01330393039B3F2BAF
:103AA000F8D940F6010501E0013D40D02B48022144
:103AB00004F0BCF90028F7D02188284804F0B0F9B8
:103AC00040F6010501E0013D40D02448012104F009
:103AD000ADF90028F7D0214804F0A4F940F601051B
:103AE000608001E0013D34D01C48802104F09EF943
:103AF0000128F7D000230293029B3F2B4FF00005D3
:103B00001CD915484FF4805103F08AFF002301931C
:103B1000019B3F2B06D800BF019B01330193019B02
:103B20003F2BF8D963883380284604B070BD4FF02E
:103B3000FF3500230293029B3F2BE2D800BF029B7C
:103B400001330293029B3F2BF8D9DAE76FF00105AE
:103B5000EFE76FF00205ECE7000C01400038004091
:103B600070B582B000230DF102024FF40041ADF8B0
:103B70000230ADF80430ADF806300446FFF778FFA8
:103B80004FF40841064601AA2046FFF771FF4FF4A3
:103B9000084105460DF106022046FFF769FF46EA97
:103BA0000503034304D0064A136843F0040313607B
:103BB000BDF80600BDF8043043EA004002B070BD15
:103BC000004100202DE9F04F002787B003ACCDE97C
:103BD000037701943A4EDFF80CA13A4C05978046E2
:103BE0004FF001090DF10E0B14F8015B364BADF8E7
:103BF0000A7043EAC5250DF10A02A9B24046FFF753
:103C000037FF002849D0326842F004024FF0000923
:103C10003260A2450BF1020BE6D1019C2B48002338
:103C200034F8022B20F813200133062BF8D1284951
:103C3000DDF80E30C8F806300B602649DDF812407A
:103C4000BDF80E20BDF810000C60234CBDF8161016
:103C500021600243BDF81230BDF8144025D1C3F3F2
:103C60000A03A02B21D11D4B9FED1D7AD3ED037AC2
:103C7000B4EEE77AF1EE10FAACBF4FF430734FF4C4
:103C800020739C4211D140F21543994208BF09F1BB
:103C9000FF300AD107B0BDE8F08F5A46A9B24046BE
:103CA000FFF7E6FE0028AED1B3E7054A13684FF0F0
:103CB000FF3043F00803136007B0BDE8F08F00BF8A
:103CC00000410020E0DB00080080FFFFE44000200E
:103CD000F8400020F4400020F0400020D83D0020B3
:103CE00000002042E5DB000830B585B004AB03E9F5
:103CF00007001148002104F09FF910484FF40061BB
:103D000003F08EFE00230E4A1C4642F82340013386
:103D10000F2BFAD10B4A0C4B012515701C6002F0D9
:103D2000BDFE0A4B0A4918600A4A0B4B0D7014700D
:103D30001C7005B030BD00BF002C014000080140E0
:103D4000A8400020A4400020A040002008410020FE
:103D50000E4100200D4100200C410020024B18783C
:103D6000003818BF012070470D41002000B585B014
:103D700004AB03E90700002211460F4804F0F4FAEF
:103D80000D480022012104F0EFFA00220A48022126
:103D900004F0EAFA0848002104F04EF907484FF40D
:103DA000006103F03FFE06480649074A00230370FE
:103DB0000B70137005B000BD002C014000080140DD
:103DC0000E4100200D410020A440002070B5844B1E
:103DD00088B001AC84E807001A7812B1814D2A78C6
:103DE00052BB814D2A780AB908B070BD7F4A166867
:103DF00002F054FE0A220146304602F0B7FD0028C8
:103E0000F2D07B484FF4805103F014FE0246E8B92B
:103E1000784E3378002B40F0AB8094E8070005AB78
:103E200003C341F2A1011A8005A80DF11202FFF7A8
:103E30001FFE01233370D7E702F030FE6E4B1B6884
:103E4000C01A0028D0DB00232B70CDE700222A7097
:103E500094E8070005AE03C641F2A101328005A82F
:103E60000DF11202FFF704FE644A9FED657AD2ED70
:103E7000037A94E80700B4EEE77AF1EE10FA05ADA4
:103E800003C5A8BF4FF44B513280B8BF4FF44A511D
:103E90000DF1120205A8FFF7EBFD94E8070005AD50
:103EA00003C542F61541328005A80DF11202FFF755
:103EB000DFFD2046FFF786FE524A5349051E0CBF20
:103EC000012000201060096851605049504809687D
:103ED000916050490968D160B0F802C04E491FFA9C
:103EE0008CFCC2F810C0B0F804C01FFA8CFCC2F8F9
:103EF00014C0C08880B29061D1F80408D061D1F8B4
:103F00000C081062D1F808085062D1F8040C9062D5
:103F1000D1F80C0CD062D1F8081C11633F49D1F8DC
:103F2000081851634DD132484FF4805103F082FD9F
:103F3000002846D02A4B01241C7002F0AFFD2E4A07
:103F4000284B053010602946224635481C7004F085
:103F50000BFA22462146324804F006FA304822463F
:103F6000022104F001FA2E48214604F065F83BE7EF
:103F7000244B009220461A60FFF7F2FD214B2649A0
:103F80005860D1F80408D861D1F80C081862D1F84B
:103F900008085862D1F8040C9862D1F80C0CD86269
:103FA000D1F8080C1863A1F55041009AD1F808180F
:103FB00059630C4B20201A70FDF7BAF8009A2A704A
:103FC00012E7084B002220201A70FDF7B1F80123F8
:103FD000ADF8083094E80700FFF7C8FE04E700BF1B
:103FE0000D410020A44000200E4100200841002087
:103FF000000801400C410020A0400020D83D0020D6
:1040000000002042A8400020F8400020F44000209A
:10401000E4400020F040002000000140003000405B
:10402000002C0140F0B589B001AC84E8070094E8A9
:10403000070005AE03C64FF40041328005A80DF11C
:1040400012021F46FFF714FD94E8070005AB03C3F7
:1040500032804FF408410DF1120205A8BDF812504C
:10406000FFF706FDBDF8124054EA05031FD12B07E8
:1040700043D46F0746D4AE0749D4ED074CD460054E
:104080004FD4A10552D4E20555D4230658D467066F
:104090005BD4A6065ED4E50661D4200764D461072C
:1040A00067D4A2076AD4E3076DD409B0F0BD3B48DA
:1040B000394605F0E3FE6A056BD4AB0502D53848F6
:1040C00005F0DCFEEF0502D5364805F0D7FE2E06DA
:1040D00002D5354805F0D2FE680602D5334805F012
:1040E000CDFEA90602D5324805F0C8FEEA06BED5C7
:1040F000304805F0C3FE2B07BBD52F4805F0BEFEA8
:104100006F07B8D52D4805F0B9FEAE07B5D52C48D8
:1041100005F0B4FEED07B2D52A4805F0AFFE600504
:10412000AFD5294805F0AAFEA105ACD5274805F072
:10413000A5FEE205A9D5264805F0A0FE2306A6D5D2
:10414000244805F09BFE6706A3D5234805F096FE9C
:10415000A606A0D5214805F091FEE5069DD520488C
:1041600005F08CFE20079AD51E4805F087FE6107F2
:1041700097D51D4805F082FEA20794D51B4805F08F
:104180007DFEE30791D51A4809B0BDE8F04005F07F
:1041900075BE184805F072FE8FE700BFD4D3000843
:1041A000F4D3000800D4000808D4000810D4000894
:1041B00018D4000824D4000830D400083CD40008E7
:1041C00048D4000854D4000860D4000868D400081B
:1041D00070D4000878D4000880D4000888D400087F
:1041E00094D40008A0D40008ACD40008B8D40008C7
:1041F000C4D40008E8D300082DE9F04389B001AC2D
:1042000084E80700764F774A774D784900233B6072
:104210002B601360764A1360764A13601A4621F8C1
:1042200013200133062BFAD1FCF754FF724BDFED5C
:10423000737A93ED037AB4EEE77AF1EE10FA25D8AB
:10424000DFF8C4916E4801234FF4006189F8003013
:1042500003F0E6FB0A2002F009FC2046FFF780FC91
:1042600028602B68002B40F0A88005AB94E807007D
:104270001D4603C30DF112081A8041F2A101424606
:104280002846FFF7F5FB4FF44B5323E0DFF8789116
:104290005B4801234FF4006189F8003003F0C0FB54
:1042A0000A2002F0E3FB2046FFF75AFC28602B6847
:1042B000002B7CD105AB94E807001D4603C30DF12C
:1042C00012081A8041F2A10142462846FFF7D0FBAE
:1042D0004FF44A5394E807002E4603C6194632802D
:1042E00028464246FFF7C4FB464800F003FB94E82B
:1042F00007002B4603C3328042F61541424628464A
:10430000FFF7B6FB94E807002B4603C341F2A10177
:10431000328028464246FFF7ABFB012002F0A6FBA5
:10432000384800F0E7FA36484FF4805103F082FB3A
:1043300018B93B6843F010033B602046FFF742FC8E
:1043400028B92F484FF4805103F074FBD8B994E892
:1043500007002B4603C341F2A1011A8028464246BA
:10436000FFF786FB012002F081FB25484FF48051C6
:1043700003F060FB38B32046FFF724FC18BB3B6812
:1043800023F008033B601E484FF4805103F052FBBA
:104390000346C8B194E807000024FFF7E7FC89F85A
:1043A0000040FCF797FE204609B0BDE8F0833A686C
:1043B00042F0020205AB3A607DE73A6842F0020241
:1043C00005AB3A6052E70023202089F80030FCF763
:1043D000AFFE94E80700FFF7C9FC4FF0FF30E3E7BA
:1043E00000410020F8400020FC400020E440002074
:1043F000F4400020F0400020D83D00200000204282
:1044000000080140BC3600200441002008B50C2102
:10441000002003F05DFB4FF480500222002103F0E6
:10442000D5F8BDE808404FF4805003F027B900BF2D
:10443000044A072928BF07210023C0E9012103708E
:10444000704700BF00C0030810B5044603F01CF914
:1044500040F2073003F080FA606803F049F9012365
:10446000237010BD84B00DF1100C0CE90700029808
:10447000049900EB830004B003F0DAB984B00DF1C5
:10448000100C0CE907000298049900EB830004B0BB
:1044900003F0CEB984B00DF1100C0CE907000298BE
:1044A00010EE101A00EB830004B003F0C1B900BF96
:1044B00000B583B0019003F007F901980023037061
:1044C00003B000BD84B00DF1100C0CE9070051F8E9
:1044D000230004B0704700BF84B00DF1100C0CE94C
:1044E000070051F8230004B0704700BF84B00DF1FD
:1044F000100C0CE9070001EB830292ED000A04B0F6
:10450000704700BF08B590ED167AD0ED186A1C4BC5
:10451000F7EE007A2DED048B37EEC77A9FED199AEE
:10452000D0ED178A1968184827EE097A77EEE88ADD
:1045300037EEE68AFCEEC77A17EE902AC9B903F087
:10454000B5FE1148012168EE898AFCEEE87A17EE83
:10455000902A03F0ABFE68EE097ABDEC048BFCEE0A
:10456000E77ABDE80840084817EE902A022103F0D8
:104570009DBE012103F09AFE03480021E3E700BF3E
:10458000D83900200000FA44002C014038B5484BCF
:104590001C680546002C7ED12146464802F06EFD7F
:1045A0000346AB604448214602F068FD034641489B
:1045B000EB60022102F054FD4048022102F050FD60
:1045C00040F6010401E0013C50D03A48042102F0D9
:1045D00069FD0028F7D040F6010401E0013C45D018
:1045E0003648042102F05EFD0028F7D0314804214E
:1045F00002F05EFD3148042102F05AFD00212F48EF
:1046000002F03CFDAA68D5F89810EB68D5ED1C6A5D
:10461000DFED2B5A2861521A07EE102AD5F89C209C
:1046200007EE900A9B1AB8EEE76A07EE903AB8EEEA
:10463000C77AF8EEE77A27EE267A67EEA67AD5F8FB
:10464000F83285ED067AF1EE476A26EE256A76EEB7
:10465000E76A0122013385F8F52285ED086AC5ED88
:10466000077AC5ED056AC5F8F83238BD114804214E
:1046700002F01EFD1148042102F01AFDD5F8FC32AB
:104680000022013385F8F522C5F8FC328020BDE810
:104690003840FCF74DBD0021074802F0EFFC03460F
:1046A000AB600448002102F0E9FC03467FE700BF4D
:1046B000D83900200024014000280140003C01407E
:1046C0001833533C00B52DED028B87B0CDE90210B5
:1046D000CDED050A8DED041A0192F0EE408A01F04D
:1046E00079FBB0EE408AB0EE680A01F04DFBF6EEC1
:1046F000007A67EEC06ADFED175A9FED176A9DEDED
:10470000041ADDED050A03980299019A67EEC87A4A
:10471000B0EE667AA8EE257AE8EE656AF0EE675AA2
:10472000E0EE065AE0EE467A21EE477A21EE400AA4
:1047300021EE661AA8EE200AA5EEA07AA7EEA01A2E
:1047400080ED000A81ED007A82ED001A07B0BDEC21
:10475000028B00BDD7B35DBFD7B35D3F00B52DED74
:10476000028B87B0CDE90110CDED050A8DED041A5D
:10477000CDED031AF0EE408A01F02CFBB0EE408A3A
:10478000B0EE680A01F000FBB6EE007A67EE486A08
:1047900027EE407ADFED185A9FED186A9DED041A56
:1047A000DDED050ADDED031A02980199F0EE667A57
:1047B000B0EE475AA8EE065AE0EE257AA8EE467A01
:1047C00067EE817A21EE451AE0EE656AE8EE207A1E
:1047D000A0EE601AE6EEA17AA7EE611A9FED086AD4
:1047E00067EE867A21EE061AC0ED007A81ED001A96
:1047F00007B0BDEC028B00BDD7B35D3FD7B35DBF43
:10480000ABAA2A3F00B52DED0A8BB0EE609A85B0B9
:10481000F0EE418AF0EE40AAB0EE611AF0EE680ABE
:10482000B0EE490AB0EE618A0192CDE9021001F0C2
:104830004DFAB0EE481AF0EE680AB0EE40AAB0EEBB
:10484000490A01F02BFA3AEE00AAF6EE009AAAEE17
:10485000699ADFED24BA9FED24CA9FED24BA29EEB0
:10486000299AF0EE4C0A29EE2B9A89EE2A0A9FED3E
:10487000209A30EE0B0A01F001FAF0EE490A01F03D
:1048800005FAEAEE698A039880ED000A68EEA98AC3
:10489000F0EE4C0A68EEAB8A88EEAA0A30EE0B0AFC
:1048A00001F0ECF9F0EE490A01F0F0F9AAEE698A9C
:1048B000029981ED000A28EE298AF0EE4C0A28EED2
:1048C0002B8A88EE2A0A30EE0B0A01F0D7F9F0EEB7
:1048D000490A01F0DBF9019A82ED000A05B0BDEC4E
:1048E0000A8B00BD3333933F00000000D7A3F03E96
:1048F000D7A3703FF8B500238365C36503660446FC
:10490000FFF700FE00264FF47A7537462046FFF782
:104910003DFED4E90223013D17441E44F6D1074B66
:1049200083FB0721FA17C2EBA11283FB0631F317B1
:10493000C3EBA113C4E92623F8BD00BFD34D621019
:104940002DE9F843344A354BDFED356ADFED355A52
:104950002DED028BC267C0F8802093ED027A324AB7
:10496000C0F8842066EEC76AF7EE007AB0EE676A98
:10497000A6EEA56A2D4ADFED2E6A1268C0F8C8209F
:1049800027EE267AC7EE866A80ED1D7A77EEE67A04
:1049900080ED1E7AC0ED227A9FED267AD3ED037A60
:1049A000F4EEC77AF1EE10FA33D8234BDFF89C907F
:1049B000DFED228A9FED228A224F03674FF0804865
:1049C00000F1F4050024002607EE904AF8EEE77A9D
:1049D000013467EEA87AC7EE887A17EE900AFBF7E3
:1049E00063FD41EC100B07F0FBFE424651EC100B4F
:1049F0004B46FBF7B1FD32463B46FBF7F7FBFCF7B6
:104A0000A3F8802C45F8040BDED1BDEC028BBDE889
:104A1000F8830D4BCAE700BFEC51383DD83D00206C
:104A2000D1CB0B38DB0FC940BD74933BD839002084
:104A300017B7D13800002042FFFFA43C000000BCA3
:104A40006F12033D0000F03FFFFF243D3333F33F7F
:104A500010B54FF47A7204460021164803F026FC84
:104A600014484FF47A72012103F020FC4FF47A725B
:104A70001048022103F01AFC00230022C4F8A430DD
:104A8000C4F8A830C4F8AC30C4F8B030E363236491
:104A90006361A361E3616364C4F89030C4F88C304F
:104AA00063652365C4F8E830C4F8EC20C4F800233B
:104AB00010BD00BF002C014090ED397AD0ED387A5E
:104AC00090ED3A0ADFED1E0A77EEC77A90ED217A73
:104AD00010B5A7EE270A82B0044680ED3A0A01F02D
:104AE000D5F8184BD3ED060AF1EE600A01F0C6F8CE
:104AF00094ED3C7A84ED3A0A60EE407A84ED290A1E
:104B0000E7EE077AF5EE407AF1EE10FA11D4F1EE05
:104B1000E70A94ED2A0ACDED010A01F0B7F8DDEDC0
:104B2000010AF1EE600A01F0A9F884ED2A0A02B048
:104B300010BDB0EE670A07F0A3FEF0EE400AE8E70A
:104B400000000000D83D002030B52DED028B91ED26
:104B5000170A4B6EB04D91ED186AD1ED036AD0ED96
:104B6000071A90ED061AD0ED050A83B080ED0B0A06
:104B7000436395ED117AC6EE077A044600F14001D1
:104B80003C30C4ED0C7A95ED117AC6EE877AC4ED0F
:104B90000A7AFFF7E3FD9FEDA15A94ED087ADFED65
:104BA000A05AD4ED097A94ED106AD4ED0F6A94ED11
:104BB000114AD4ED124A27EE057A26EE056AA7EED1
:104BC000A57ADFED987A84ED097A66EE856A67EE5C
:104BD000277A9FED955A9FED957AA4EE256AE4EE2B
:104BE000A56A67EE857ADFED925A94ED2B5A84ED33
:104BF000116A67EEA57AD4ED295AC4ED387A75EEBC
:104C0000C57AC4ED126A95ED030AF4EEC77AF1EEA7
:104C100010FA84ED3C0A00F3F080DFED866AF4EED2
:104C2000E67AF1EE10FA00F1E28094ED2C6AD4ED10
:104C30002A7ADFED7E6AC4ED2B5A37EEC67AB4EEDF
:104C4000E67AF1EE10FA00F3D5809FED7A5AB4EED1
:104C5000C57AF1EE10FA00F1C78004F1A801C4EDA5
:104C6000295A04F1A400C4ED2C7AC1ED007A01F0B8
:104C700045F8D4ED0F6AD4ED298A94ED1D7A94EDB0
:104C8000230ADFED6D7A94ED2A8AD4ED380A78EEA6
:104C9000E68AA7EE280A94ED107A30EE270A38EE5D
:104CA000478A84ED140A00F0F1FFD4ED380AF1EEE2
:104CB000600A00F0E3FFD4ED1F6A94ED1D7AD4ED95
:104CC000237AD4ED380A84ED140A27EE267AE7EE2B
:104CD000287AB0EE670AC4ED237A00F0D7FFD4ED4E
:104CE000380AF1EE600A00F0C9FFD4ED147AD4ED71
:104CF000380A84ED230A67EEE77AE0EEA07AF5EE53
:104D0000407AF1EE10FA7BD4F1EEE78A94ED240AB2
:104D1000D4ED1E7AD4ED206AB0EE407AA7EE887A00
:104D200067EEA67ADFED446AA7EE880A77EE267A68
:104D300084ED240AC4ED157A00F0A8FFD4ED380AFA
:104D4000F1EE600A00F09AFFF0EE406A94ED150A69
:104D500094ED147AC4ED246A60EE007AF0EE680AED
:104D6000E7EE077AB1EEE77A84ED397A00F08EFF4C
:104D7000F1EE680A00F082FFF0EE407A04F154018F
:104D800094ED380AC4ED157A04F1500000F0B6FF36
:104D9000DFED2A7A94ED0D7A94ED0B0A94ED151A55
:104DA000D4ED140AA7EE270A04F16C0204F168019D
:104DB00004F16400FFF786FC04F15800D4ED1B1ADF
:104DC00094ED1A1AD4ED190A94ED380A04F1600230
:104DD00004F15C01FFF716FD204603B0BDEC028B29
:104DE000BDE83040FFF78EBB76EE667A35E775EEAC
:104DF000475A1AE776EE267A2FE775EE075A14E738
:104E0000B0EE670ACDED010A07F03AFDDDED010ACB
:104E1000F0EE408A7AE700BFD83D0020CDCCCC3DF3
:104E20006666663F3333933FD7A3703F0AD7233C70
:104E30003ACD133F0AD723BC00000000BAB1513865
:104E400010B590ED330AD0ED0A7A044630EE670AC9
:104E500082B0F6EE000A00F019FFFEEE000A00F044
:104E60000DFFD4F8003342F22732934246D807EEC2
:104E7000903A9FED247AF8EEE77AC7EE875A224BF4
:104E800094ED357AD4ED377A94ED0C6AD4ED3C6A22
:104E9000E7EE007A94ED347A37EE467A94ED366A8E
:104EA000E6EE077AF1EE040A76EEE06A93ED117A07
:104EB000B0EE670AD3ED0E7AE6EEA50A67EE877AC2
:104EC000CDED010A80EE270A00F0E0FEDDED010ADB
:104ED000F1EE600A00F0D2FED4F8003384ED2A0A25
:104EE00042F2273293424FF0000198BF0133C4F8D9
:104EF000A41098BFC4F8003302B010BDF7EE005AFA
:104F0000BDE700BF00A00C46D83D002000230022D2
:104F1000C0F8DC30C0F8D430C0F8D830C0F8CC309D
:104F2000C0F8D030C0F8A830C0F80023704700BFE8
:104F300008B50B4801F06CFB70B1094801F09CFB0F
:104F400038B1074801F0FCFC054801F03DFC013890
:104F500008BD034801F0F4FC4FF0FF3008BD00BF6E
:104F6000C039002010B54FF4805182B00A4802F0D9
:104F700061FD0446FCF7E4F8084A094B094992F838
:104F8000F52293F8DD3289880092221E18BF012293
:104F900001F0DAFC02B010BD00080140BC36002070
:104FA000983300208C33002010B503780446052B7D
:104FB0002AD8DFE803F027032A2927271B4B1A8961
:104FC00018685968FEF7D2FE194B93F82220CAB927
:104FD0001849194A0968916203F50053174893F874
:104FE00048CFD3F84C3F1649C0F800C04FF40072C8
:104FF0004361183005F018F8114912484FF4007257
:1050000005F012F80123E37010BD084B0122C270B5
:10501000186859681A89FEF7A9FE0B48FFF718FDB2
:10502000BDE810400848FFF771BF00BF8C33002077
:105030001002002054310020D83D0020D839002033
:105040006031002074340020BC36002008B50D48C3
:1050500004F07CFF0C4804F079FF0C4804F076FF64
:105060000B4804F073FF0B4804F070FF0A4804F08B
:105070006DFF0A4804F06AFFBDE80840084804F0E4
:1050800065BF00BF88D10008D0D40008DCD4000878
:10509000F0D400080CD500081CD5000834D5000851
:1050A00050D5000830B56C486C4C6D4D85B004F09F
:1050B000E5FE6C486C4B6D4A6D49CDE900046D4CC2
:1050C0006D4804F0DBFE6D4804F040FF606CFBF7B8
:1050D000EBF96B4A6B4B0095CDE902016A496B48CD
:1050E00004F0CCFEA06BFBF7DFF9694A654B009535
:1050F000CDE902016749684804F0C0FE674804F042
:1051000025FFA068FBF7D0F9654B664A0093CDE90F
:105110000201654B6549664804F0B0FEE068FBF7A4
:10512000C3F9644B644A0093CDE90201634B6449BF
:105130005F4804F0A3FE206DFBF7B6F92B46CDE9DE
:105140000201604A00956049594804F097FEA06D3D
:10515000FBF7AAF92B46CDE902015C4A00955C49B0
:1051600053485C4D04F08AFEE06DFBF79DF95A4B05
:105170005A4A0093CDE90201504B59494C4804F07A
:105180007DFE206EFBF790F9564B574A0093CDE910
:1051900002014A4B5549464804F070FEA069FBF7EE
:1051A00083F9534B534A0093CDE90201434B5249D3
:1051B0003F4804F063FE206AFBF776F94F4B504AF4
:1051C0000093CDE902012F4B4E49394804F056FEB9
:1051D000606AFBF769F94C4B4C4A0093CDE9020138
:1051E000364B4B49324804F049FEA06C494CFBF762
:1051F0005BF9CDE902014849304B484A00912C48FF
:10520000474904F03BFE474804F0A0FE6368464A65
:1052100046494748CDE900531A4B04F02FFEA368D6
:105220000193444A174B44490095414804F026FE37
:10523000E068424B424A4349CDE90030114B4248B5
:1052400004F01CFE414804F019FE414805B0BDE8D9
:10525000304004F013BE00BF68D50008BCD500087C
:1052600010D60008CCD5000884D5000888D50008E1
:1052700094D50008D83D00209CD50008D0D5000862
:10528000E0D50008DCD50008ECD50008F0D5000812
:1052900014D600082CD6000830D6000850D60008D6
:1052A000A0D6000864D6000860D600087CD60008A6
:1052B00080D60008C4D60008ACD60008A8D60008DE
:1052C000C0D60008CCD60008E8D60008ECD6000806
:1052D0000CD7000828D8000830D7000810D70008DD
:1052E0002CD700085CD7000838D7000858D700082A
:1052F0007CD7000860D7000878D70008A4D700083A
:1053000084D70008A0D70008C4D70008A8D7000891
:10531000C0D70008D8390020E8D70008CCD700084B
:10532000E4D70008F0D70008FCD7000804D800082C
:1053300008D800082CD8000838D800087CD8000805
:105340003CD800085CD8000860D8000884D8000861
:10535000D0D8000800B5037883B0042B2BD8DFE841
:1053600003F02C20082A030003B05DF804EBFFF7DC
:1053700099BE0190FFF7F6FD0346002852D12D4853
:105380000193C0F8B830FFF763FB2B49019A0889F5
:1053900060F30F020868496803B05DF804EBFEF79C
:1053A000A3BC0190FFF7DEFD034658B1019A00212E
:1053B00001235170D37003B000BD03B05DF804EB5E
:1053C000FFF744BE1B4A1D48DFF878C01C49D2F8DD
:1053D000B420DCF828E0A0F8213080F824300374F1
:1053E000826200F500500A6880F8482F4A69C0F8C8
:1053F0004C2F00F6447C18314FF4007200F57560B4
:105400000193CCF800E004F00FFEDFF83CC0019BF4
:10541000CCF8D8304FF4007219460CF1DC0004F0DF
:10542000B6FDB2E701210620FCF766FD0148FFF753
:105430006DFDBBE7BC3600208C330020100200203D
:10544000D8390020D83D002098330020F0B5837B68
:1054500083B00446002B68D1437822789A4240F00A
:105460008480022B00F08B80052B00F0BA80012B8A
:1054700059D1B04A0193106851681289FEF7A6FC11
:10548000FEF76CFC0546002800F0CE80AA4B93F88E
:105490002130002B00F02F81A74B93F82230002BF6
:1054A00000F03A81A44D95F82430002B40F0F480B0
:1054B000A14BA24EDB6996ED1A7AA14F9FEDA10A8E
:1054C0007B615A4207EE902AF8EEE77AF7EE000A7F
:1054D00067EE877A1D4627EE800A07F055F9DFED63
:1054E0009A7A60EE277A17EE900AFAF7DDFF0B46FC
:1054F00002462946954804F0C1FC95494FF40072D4
:1055000006F1DC0004F090FD91494FF4007207F1C0
:10551000180004F089FDFFF70BFD002840F006811C
:1055200000236370E37003B0F0BD824B18685968C4
:105530001A89FEF74BFC87484FF4805102F07AFA43
:105540000546FEF70BFC002854D1238A40F6B732FB
:10555000591C93422182E6D9227800230121A373AA
:1055600023826370E170002ADDD02046FFF71CFD26
:10557000E378002B7BD12378022B7FF475AF6D4B42
:10558000186859681A89FEF721FCFEF7E7FB002826
:10559000C9D06B4BDA68002A05DD6F49D1F8B81025
:1055A0008A42C0F2B280FFF7DDFC002865D16A486C
:1055B000FFF746FC6848FFF77FFA60496648FFF747
:1055C000C3FA6378022BAED15D4BDB68002BAADDFA
:1055D0006149D1F8B8209342A5DB0132C1F8B82067
:1055E000A1E75D4B5548D3F8B41003B0BDE8F040D7
:1055F00000F04CBF514A92F8DD22002AA5D0564A4D
:1056000092F8F522002AA0D04A4B002D9DD000220E
:105610004FF4F0709A80FBF799FD00220121637826
:10562000A2732282E17018E74B4A434BD2F8B420B0
:10563000986A41F27071121A8A427FF674AF0221A1
:105640000620FCF759FC3B4B198918682A4661F380
:105650000F025968FEF78AFB3749019B81F8243015
:1056600040F20112A1F821206570E3705BE76378D6
:1056700023702046FFF76EFE7DE700210620FCF731
:105680003BFC2C4B1A8918685968FEF76FFB002207
:1056900001236270E37046E73049294BD1ED007A6F
:1056A0002F4905F50052C1ED0A7A92F8481FCDED59
:1056B000017A1960D2F84C6F5E6103F1180002F5AF
:1056C00075614FF4007204F0AFFC1C48DDED017A07
:1056D0002449C0ED1A7AC0F8D8604FF40072DC306B
:1056E00004F0A2FC204804F031FC002385F82430AB
:1056F0006370E37017E718491048D1F8B4300E4AC8
:1057000003B0BDE8F040FDF713BE0520FCF7F4FB45
:105710001148FFF7FBFBB4E70F490848D1F8B43054
:10572000054A03B0BDE8F040FDF75ABF0F4804F04A
:105730000DFCF5E68C330020100200209833002089
:10574000D839002000008037DB0FC94034D9000869
:10575000442C002000080140BC36002054310020B9
:10576000D83D0020F0390020FCD8000848D90008B6
:1057700038B5417BA1F161030446172B19D8DFE846
:1057800013F028004700660085001800A000BF0045
:10579000DA00F900180004011F013E01180018008A
:1057A000490118001800180068011800730118005A
:1057B0009201CC4804F062FB251DFFF7B9FB0028DD
:1057C00040F08C81FFF76EFC0023A38163606B6067
:1057D00038BD051D284602F08AFF51EC100BFBF77F
:1057E000B3F9F3EE040A00EE100A07F03FFBDFED19
:1057F000BE0A07F013FBBD4B10EE100A83ED120A30
:10580000FAF752FE02460B46B94804F037FBD4E7DC
:10581000051D284602F06BFF51EC100BFBF794F9C5
:10582000DFEDB40A00EE100A07F020FBDFEDB20A4C
:1058300007F0F4FAAD4B10EE100A83ED020AFAF706
:1058400033FE02460B46AD4804F018FBB5E7051DD4
:10585000284602F04CFF51EC100BFBF775F9DFED19
:10586000A80A00EE100A07F001FBDFED9F0A07F01F
:10587000D5FA9E4B10EE100A83ED090AFAF714FED2
:1058800002460B469F4804F0F9FA96E7051D2846A4
:1058900002F02DFF51EC100BFBF756F9DFED920AE9
:1058A00000EE100A07F0BAFA904B10EE100A83EDE2
:1058B000180AFAF7F9FD02460B46934804F0DEFA9F
:1058C0007BE7051D284602F012FF51EC100BFBF799
:1058D0003BF9DFED8E0A00EE100A07F0C7FADFEDA4
:1058E000820A07F09BFA814B10EE100A83ED060A3C
:1058F000FAF7DAFD02460B46854804F0BFFA5CE78A
:10590000051D284602F0F3FE51EC100BFBF71CF9C5
:10591000DFED800A00EE100A07F080FA734B10EEFC
:10592000100A83ED110AFAF7BFFD02460B467A48CA
:1059300004F0A4FA41E7051D284602F0D8FE51EC18
:10594000100BFBF701F9DFED750A00EE100A07F006
:105950008DFADFED650A07F061FA644B10EE100A6C
:1059600083ED080AFAF7A0FD02460B466C4804F0E6
:1059700085FA22E7051D284602F0BCFE694B014668
:105980005960694804F07AFA17E7051D284602F0C5
:10599000AEFE51EC100BFBF7D7F8DFED640A00EE1A
:1059A000100A07F03BFA514B10EE100A83ED0E0A75
:1059B000FAF77AFD02460B465D4804F05FFAFCE612
:1059C000051D284602F093FE51EC100BFBF7BCF8C6
:1059D000DFED580A00EE100A07F048FADFED420A40
:1059E00007F01CFA414B10EE100A83ED030AFAF798
:1059F0005BFD02460B46504804F040FADDE6051D0B
:105A0000284602F077FE474B014699604B4804F068
:105A100035FAD2E6051D284602F069FE51EC100B5E
:105A2000FBF792F8DFED300A00EE100A07F0F6F906
:105A30002E4BF1EE407A83ED140AC3ED137A10EE8B
:105A4000100AFAF731FD02460B463D4804F016FAFB
:105A5000B3E6051D284602F04DFE324B0146D960E3
:105A6000384804F00BFAA8E6051D284602F03FFE70
:105A700051EC100BFBF768F8DFED1B0A00EE100A83
:105A800007F0CCF9194BF1EE407A83ED160AC3ED1D
:105A9000157A10EE100AFAF707FD02460B462A485F
:105AA00004F0ECF989E6051D284602F020FE51ECD1
:105AB000100BFBF749F8DFED0C0A00EE100A07F0B7
:105AC000ADF90A4B10EE100A83ED170AFAF7ECFC59
:105AD00002460B461D4804F0D1F96EE61C4804F05E
:105AE00035FA6FE6B8DA000800000000D83D002063
:105AF00034DA00080000FA440000C84280D90008E7
:105B0000000020421CDA00087CDA00080000044291
:105B1000D4D900086F12833A48DA0008000016430F
:105B200004DA0008D839002094D9000817B7D13812
:105B300058DA000800007042C0D90008A8D900084F
:105B400090DA0008ECD90008A4DA000868DA000846
:105B500048D900081B2908B5034645D06D290278AD
:105B600046D052B1042A07D10D294ED0027B002A1B
:105B700048D1417301321A7308BD63391729FBD824
:105B800001A252F821F000BF135C0008795B000805
:105B90001D5C0008795B0008795B0008795B0008F0
:105BA000795B0008795B0008795B0008795B000885
:105BB000795B0008795B0008795B0008795B000875
:105BC000795B0008795B0008275C0008795B0008B6
:105BD000795B0008795B0008795B0008795B000855
:105BE000795B0008315C000800224270C27008BD79
:105BF00002218A424170BFD000220121C27081730C
:105C0000028208BD1044C170B4E7BDE80840FFF748
:105C1000AFBD012100224170C27008BD05210022E4
:105C20004170C27008BD042100224170C27008BDDD
:105C30000D489FED0E0A0023C0F8D43000F0B4FAEE
:105C400009480B4B826F1A61FFF772F9084B28B9AC
:105C500019690848BDE8084004F010B9064804F086
:105C600075F9034BF4E700BF98330020D1CB0B3814
:105C7000D839002010DB0008E0DA0008B4EEE00AB2
:105C8000F1EE10FAD8BFB0EE600A7047F4EEC00A29
:105C9000F1EE10FAD8BFB0EE600A7047B4EEE00A39
:105CA000F1EE10FA07DDB4EEC10AF1EE10FAD8BF3A
:105CB000B0EE410A7047F4EEC10AF1EE10FAD4BF1B
:105CC000B0EE410AB0EE600A704700BFB4EEE00AE1
:105CD000F1EE10FA07D5B4EEC01AF1EE10FAD8BF03
:105CE000B0EE410A7047B4EEE01AF1EE10FAD4BFFC
:105CF000B0EE410AB0EE600A704700BFD1ED007A05
:105D000090ED007A67EEA77AE7EE077AF1EEE76AA0
:105D1000F4EEC06AF1EE10FA0DDD27EE007AC7EE60
:105D2000267AC0ED007AD1ED007A20EE270AC0EE87
:105D3000267AC1ED007A704701238340013B07EECC
:105D4000903A30EE600AF8EEE77A31EE601A67EECC
:105D5000807A87EE817AFDEEC77A17EE900A704757
:105D600007EE900A012370EEC00AF8EEE77A8B4046
:105D7000013B27EEA07A07EE903AF8EEE77AC7EEFD
:105D8000276A36EE800A704700B5DFED0F0A83B050
:105D9000CDED010A06F0F8FCB5EEC00AF1EE10FAFE
:105DA00003D5DDED010A30EE200ADFED087A084B5D
:105DB00020EE270ABDEEC00A10EE102A03EB820384
:105DC00093ED000A03B000BDDB0FC94083F9A24286
:105DD000E8DB000800B5DFED117ADFED110A83B0D2
:105DE00037EEC00ACDED010A06F0CEFCB5EEC00AD2
:105DF000F1EE10FA03D5DDED010A30EE200ADFEDF9
:105E0000097A094B20EE270ABDEEC00A10EE102ACF
:105E100003EB820393ED000A03B000BDDB0FC93F23
:105E2000DB0FC94083F9A242E8DB000870B50546E4
:105E300084B035480E464FF4004101F0F3FD0023D5
:105E40000393039B3F2B06D800BF039B01330393AF
:105E5000039B3F2BF8D940F6010401E0013C3ED002
:105E60002A48022101F0E2FF0028F7D027482946FE
:105E700001F0D6FF40F6010401E0013C3ED023488A
:105E8000012101F0D3FF0028F7D0204801F0CAFF1C
:105E900040F60104308001E0013C32D01B488021F3
:105EA00001F0C4FF0128F7D000230293029B3F2B8F
:105EB0004FF000041AD914484FF4004101F0B0FD2E
:105EC00000230193019B3F2B06D800BF019B0133A8
:105ED0000193019B3F2BF8D9204604B070BD4FF0D1
:105EE000FF3400230293029B3F2BE4D800BF029BA8
:105EF00001330293029B3F2BF8D9DCE76FF00104DA
:105F0000EFE76FF00204ECE700080140003C0040BE
:105F1000F0B5064683B008461746FBF761FF044616
:105F200043F6FF70FBF75CFF01A905462046FFF72B
:105F30007DFF48BB0DF106012846FFF777FF18BB30
:105F4000BDF806402046FBF767FF431CA6F8E04279
:105F50000BD0023012D0C4F30D043C8001A92846B6
:105F6000FFF764FF80B903B0F0BDD6F8003301330A
:105F7000C6F800336FF0010003B0F0BDD6F804336B
:105F80000133C6F80433F5E7D6F8FC3201334FF499
:105F90008070C6F8FC32FBF7CBF84FF0FF30E2E739
:105FA00070B5002182B006460120FBF729FF0446A8
:105FB00043F6FF70FBF714FF0DF10601054620467E
:105FC000FFF734FF38B90DF106012846FFF72EFF21
:105FD00008B902B070BDD6F8FC3201334FF48070BE
:105FE000C6F8FC32FBF7A4F84FF0FF30F1E700BF32
:105FF00010B582B00DF1020243F6FC710446FFF7C2
:1060000087FFF0B901AA43F6FD712046FFF780FF34
:10601000B8B90DF1060201212046FFF779FF80B9DA
:10602000BDF80630BDF80210BDF80420A4F8EA322D
:10603000A4F8E612A4F8E822012384F8DE3202B0C4
:1060400010BD00234FF0FF30F7E700BF2DE9F04F00
:10605000044687B043F6FF700E46FBF7C1FE4FF0D3
:10606000000807462046FFF79BFF4645A4F8DD825F
:10607000A4F8EC8240F383800123CDF808800393D9
:106080009A46C1460DF116013846FFF7CFFE90BB88
:10609000012E44D04FF0010B00250DF116013846BA
:1060A000FFF7C4FE48BBBDF8168001904046FBF7E1
:1060B000B3FE431C019AA4F8E082C8F30D0C05F16D
:1060C00001053AD0023054D00BF1010B5E45A4F823
:1060D000E2C284F8DDA2A4F8EC22DED11F2D1ED985
:1060E0002046FFF785FFB0FA80F0400984F8DE0211
:1060F00007B0BDE8F08F4FF0000BD4F8FC12B4F8F5
:10610000EC2284F8DD920BF1010B01310132012305
:106110005E45C4F8FC12A4F8EC220293BCD1039DA6
:10612000032D1AD0142000F0A1FC6B1C0393002354
:10613000A4F8DD32A4F8EC32A4E7D4F8002301324D
:10614000C4F800230BF1010B5E454FF0000584F805
:10615000DD92A2D1039D032DE4D1029A002384F89D
:10616000DD329A4214BF4FF480704020FAF7E0FF0E
:10617000B6E7D4F804230132C4F80423E2E701258A
:10618000032D4FF014000CD0013500F06FFC4FF0E0
:106190000003032DA4F8DD32A4F8EC824FF01400C4
:1061A000F2D100230293D8E770B52DED028B04469F
:1061B00086B043F6FF70B0EE408AFBF711FED4F8CC
:1061C000F03201330DF11601C4F8F032FFF72EFE64
:1061D000002840F0CD80BDF81630019305461846E2
:1061E000FBF71AFE019BA4F8E032421C00F022816A
:1061F000023000F0E280C3F30D032A46D4F8F41213
:1062000063F30F0263F31F42002940F0F980D4EDDD
:10621000016AC4F8E22201229B00013184F8DD22E8
:1062200000226367C4F8F412A4F8EC22C4ED026AF9
:106230004C220E4604F1100004F10C010393CDED45
:10624000026A019103F08AFE039BDFF83CC29FEDD6
:10625000896A0199DDED026A5A12501C00F07F0034
:1062600004EB820204EB8000D2F8DC20D0F8DC00E2
:10627000C3F3080E801A0EFB00F002EB60221A44F2
:10628000A267DCF81030D31A07EE903AFAEEC87A1B
:10629000BDEEE77AB8EEC77A77EEC77A67EE867A10
:1062A000F5EEC07AF1EE10FA01D577EE867A012E7E
:1062B000C4ED017A73D0D4F8805094F8DC32DCF865
:1062C000141094ED1A6ADFED6C5A9FED6A5A521A57
:1062D00007EE102AB8EEC77A27EE067A27EE257A5F
:1062E000FDEEC75AF8EEE55A37EE657A27EE057AE5
:1062F000B5EEC07AF1EE10FA01D537EE057A77EEF9
:10630000E66ADFED5E5A84ED177AF4EEE56AF1EEA7
:1063100010FA69DC9FED5A7AF4EEC76AF1EE10FAD2
:106320004CBF01220022002B62D02A4407EE102A23
:10633000DFED506AC4F88020B8EEC77A27EE267ADF
:1063400077EE877AD4ED166AC4ED037AB3EE037A5A
:1063500077EEE66A28EE077AC6EE877A26EE276A97
:10636000C4ED187A84ED196A06B0BDEC028B70BDDD
:10637000D4E9BE21B4F8EC3201310132C4E9BE21C6
:106380000020013384F8DD02A4F8EC324FF4807071
:1063900006B0BDEC028BBDE87040FAF7C9BEC4ED93
:1063A000027A04F15C03E1EC017A9942FBD101230A
:1063B000F0EE676A84F8DC3281E7D4F80433013305
:1063C000C4F80433B4F8EC32D4F8F82201339BB2A9
:1063D00001320021022BC4F8F822A4F8EC3284F830
:1063E000DD12C1D94020D3E74FF0FF32002B9CD102
:1063F00001229FED247AC4F8803084F8DC229FE7E4
:106400001846B4F8E41202920193FBF713FD00F56D
:106410000070B0F5806FDDE9013211D8B4F8E412F4
:10642000994202BFD4F80C130131C4F80C13D4F80C
:10643000F412ECE6D4F800330133C4F80033C1E7BA
:10644000D4F80813B4F8EC32C4F8E2220131013375
:10645000C4F80813D4F8F812C4F8F4529BB201310E
:10646000022BA4F8EC32C4F8F812A4F8DC527FF640
:106470007BAFB7E7DB0FC94000008037DB0F494037
:10648000DB0F49C000000000D839002070B5224D54
:106490002B6803F51C5310338B4200D970BD0446A2
:1064A0000E46416F1D4803F0E9FCA16F1C4803F044
:1064B000E5FC6068F9F7F8FF02460B46194803F05F
:1064C000DDFCE068F9F7F0FF02460B46164803F0E2
:1064D000D5FCE06DF9F7E8FF02460B46134803F0E0
:1064E000CDFCD4F88010124803F0C8FC94F8DD12FB
:1064F000104803F0C3FCD4F8FC120F4803F0BEFCB4
:10650000D4F800130D4803F0B9FC0D48D4F8041377
:1065100003F0B4FC2E6070BD1041002038DB000891
:1065200044DB00085CDB000874DB000888DB000843
:106530009CDB0008ACDB0008B8DB0008C4DB00080B
:10654000D4DB000830B585B001AB83E807000E4D01
:10655000002401AB93E807002346FDF7B3FF0134A5
:10656000B4F5807F45F8040FF3D1084D01AB93E8F3
:1065700007002346FDF7BAFF0134B4F5A07FA5EC70
:10658000010AF3D105B030BDD4390020D83D002038
:1065900070B586B003AB83E8070003AA07CA4FF4BF
:1065A000A073FDF799FF03AA064640F2411307CAFC
:1065B000FDF792FF03AA05464FF4A17307CAFDF742
:1065C0008BFF0DF10C0C044640F243139CE80700CE
:1065D000FDF782FF054A0192054A009203462246D2
:1065E00029463046FBF79EFB06B070BDD83D002023
:1065F000D839002000B583B00190FDF719FF01984C
:1066000041680022FF23C0E90312838203B000BD6A
:1066100030B517498BB004461648FBF751F90546CB
:10662000E8B1237D012B1ED900210B46E26863757A
:1066300002EB010E94E8070004AB83E807000DF1BC
:10664000040CCDF814E08CE8070093E8070007ABD2
:1066500083E8070084E807002046FDF7F5FE28469A
:10666000A5750BB030BD013303F00103D902DDE79E
:10667000D83D0020D8390020F0B5837D83B0054691
:106680002BB9002400232046AB7503B0F0BD484968
:106690004848FBF715F90028F3D045494548464ED0
:1066A000FBF7CCF80024074656F8043F95E80700AE
:1066B000009323460134FDF7D5FEB4F5807FF3D176
:1066C0003B4EB6EC010A234695E807000134FDF77E
:1066D000E1FEB4F5A07FF4D10223009395E8070012
:1066E00040F24113FDF7CAFE009495E807004FF40D
:1066F000A173FDF7C3FE009795E8070040F243132E
:10670000FDF7BCFE2A690132009295E807004FF4BC
:10671000A273FDF7B3FE294B009395E807002346CB
:10672000FDF7ACFE234926484FF4806203F07CFC61
:106730001F4924484FF4807203F076FC95E8070067
:10674000FFF700FF95E80700FFF722FF044660B956
:106750001B4918484FF4806203F066FC194914483D
:106760004FF4807203F060FC8BE795E807004FF46C
:10677000A273FDF7B1FE2B69114907464FF4806201
:106780000C485E1C03F050FC0E4909484FF480721F
:1067900003F04AFCB7427FF474AF2B696A7D2A7517
:1067A00001332B6120460023AB7503B0F0BD00BF61
:1067B000D83D0020D8390020D43900204154484E1B
:1067C00014420020144100202DE9F04F93B00646FA
:1067D0000DF10C0800274FF0FF0A0CAD09AC0DF1CC
:1067E000100996E807000DF13C0C8CE80700F368EF
:1067F00003EBC723109385E807009CE8070084E8B3
:106800000700FFF79FFE94E80700FFF7C1FE4FF473
:10681000A27388F80000834694E80700FDF75CFE49
:1068200049F827000346002F41D0BBF1000F02D0EA
:10683000BAF1FF0F54D1059B9DF80D2004999DF8E6
:106840000C00FBF797FA002859DB5FFA80F8B8F1E3
:10685000FF0F54D0B8F1000F56D1354935484FF4E9
:10686000806203F0E1FB344934484FF4807203F056
:10687000DBFBF26886F8148002EBC82796E8070075
:1068800085E807000D9784E8070095E807000FAC3E
:1068900084E807000DEB880394E807001B69336167
:1068A000012386E80700184613B0BDE8F08FBBF15E
:1068B000000F10D01F491E4801934FF4806203F06F
:1068C000B3FB1E491C484FF4807203F0ADFBBAF1D4
:1068D000FF0F04D1BA4608F10108012781E7019BA7
:1068E00018460DEB8A031969FBF73EFA08B15FFA07
:1068F00087FA002F9FD108F10108012771E70023D3
:10690000184613B0BDE8F08FF26802EBC82396E892
:1069100007000DF13C0C8CE80700109385E8070098
:106920009CE8070006AF87E80700FFF70BFEA0E72B
:1069300014420020D839002014410020D83D002006
:1069400000238375FDF7B4BD9DF800C030B949B987
:1069500032B14BB1844508BF052070470120704714
:10696000032070470220704704207047081A9042A5
:1069700034BF0020012070470120704708B503F0A4
:1069800021FB162303604FF0FF3008BD08B503F06C
:1069900019FB16230360FEE770B5161E07DD0C46D3
:1069A0008D19AFF3008004F8010BA542F9D13046F0
:1069B00070BD00BF70B5161E07DD0C468D1914F8AA
:1069C000010BFCF795FCA542F9D1304670BD00BF24
:1069D0004FF0FF30704700BF4FF400534B60002072
:1069E000704700BF01207047002070470C4A08B56F
:1069F000136833B118446946884208D810601846B5
:106A000008BD084B1360184469468842F6D903F064
:106A1000D9FA0C2303604FF0FF33184608BD00BFBE
:106A200014460020704700200D4B0E4A1B68A2FB45
:106A300003239B09013BB3F1807F00D3FEE74FF0B6
:106A4000E02209495361F02081F823004FF0000C47
:106A500007201023C2F818C0106181F82330704756
:106A600000000020D34D621000ED00E0024A1060EB
:106A70001368002BFCD170471C4600200549064ACC
:106A80000B6801330B60136813B11368013B13608B
:106A9000704700BF184600201C460020014B1868B4
:106AA000704700BF18460020704700BF08B502209D
:106AB000FAF73EFBFEE700BF08B50420FAF738FB03
:106AC000FEE700BF08B50820FAF732FBFEE700BF7B
:106AD00008B51020FAF72CFBFEE700BF704700BF97
:106AE000704700BF704700BFFFF7C8BF70B5584C74
:106AF000584884B02246002100F084FC206840F20F
:106B00000173984206D1A36823F07F43B3F5002FA9
:106B100000F08E80504D627A217A6B680093B2FA51
:106B200082F2B1FA81F1A37A52094909FBF732F9ED
:106B300008B904B070BD494A494E4A4B92ED0E7AED
:106B400096ED111AD2ED117AD3ED180A93ED030ADE
:106B50002979454821EE071AC0EEA70A80EE270AD8
:106B600021EE271AFAF75CFD3F493A4800F0F6FBA0
:106B70003E4803A9FBF720F9054660B39DF80C10C9
:106B8000FD294DD0FE291ED0FC29D2D1384C02203F
:106B9000FBF7B2F900253046C6F8B850FEF7B6F953
:106BA000206861682289FDF7E1F861682068228920
:106BB000FDF79AF82020A580FAF7C8FA2D486D2134
:106BC000FEF7C8FFB5E70420FBF796F929487A21BC
:106BD000FEF7C0FFADE7236906F1CC02CDE9003234
:106BE00094E80F00FAF75EFDDFED236AD6ED347A04
:106BF00096ED337AC6F8B85067EEA67A27EE267A75
:106C0000FDEEE77ABDEEC77A17EE903A17EE101A4E
:106C10009BB2012043EA0141FBF76EF904B070BD5D
:106C20000320FBF769F913481B21FEF793FF80E768
:106C300003A904F10B00FBF711F918B99DF80C300A
:106C4000072B01D9206865E72046FBF78DF970E72F
:106C5000E801002000640040D8390020D83D002021
:106C6000BC36002098330020FC010020F3010020F6
:106C70008C330020A83600200000C842012110B546
:106C8000174801F0B9F917490B88013343F69722E9
:106C90009BB2934212D80B80134C2046FDF776FC32
:106CA0009FED120A1248FFF77FFA1248FEF7CEFB5B
:106CB000D4F8B4300133C4F8B43010BD0E4B1A7898
:106CC00000200880B2FA82F200F18040520900F5FB
:106CD00088304FF400511A7000F0A6FEDCE700BFC8
:106CE000002C014022460020BC360020D1CB0B38BE
:106CF00098330020A83600202046002008B54FF425
:106D0000805000F0BBFC11484FF4805100F092FE1F
:106D100000B108BDFCF79EFEA0B9FCF753FE18B108
:106D2000BDE80840FCF756BE08484FF4006100F08B
:106D300087FE0028EDD02020FAF7FAF9044B012253
:106D40009A8008BDBDE80840FCF78CBE00080140F1
:106D50008C33002008B50749074801F0F9FB00B95A
:106D600008BD054801F0DCFBBDE80840C1B203489E
:106D7000FEF7F0BE0503050000440040A8360020E1
:106D800008B5154B98421BD003F5A05398420DD07F
:106D9000A3F5C05398421DD140F2093000F02AFFFC
:106DA000BDE8084040F2093000F032BF40F20F3039
:106DB00000F020FFBDE8084040F20F3000F028BF8F
:106DC00040F20A3000F016FFBDE8084040F20A30F9
:106DD00000F01EBF08BD00BF002801408368DB072C
:106DE00003D4836843F0010383607047826842F0F4
:106DF000080200F1080382601A681107FCD4826857
:106E000042F0040282601A685207FCD4704700BF47
:106E1000836843F480738360704700BF064BD3F8E8
:106E2000042422F47022C3F80424D3F80424024377
:106E3000C3F80424704700BF0020014001F48073B0
:106E40008AB11BB1436843F4807343604B0503D59B
:106E5000436843F480634360890715D5836843F032
:106E60000203836070471BB1436823F4807343605F
:106E70004A0503D5436823F4806343608B0703D539
:106E8000836823F002038360704700BF836819B1F1
:106E900043F400638360704723F4006383607047AA
:106EA00001290ED0022900D07047836B23F44013D0
:106EB0008363013A836B120502F440121A43826322
:106EC0007047C36A23F47003C362013AC36A1205B0
:106ED00002F470021A43C262704700BF052900B570
:106EE0002ED8D0F834C001EB81014FF01F0E0EFAFE
:106EF00001FE2CEA0E0C02FA01F141EA0C01416399
:106F0000092A0DD8016902EB42024FF0070C0CFA76
:106F100002FC21EA0C0103FA02F20A43026100BDFD
:106F2000112AFCD80A3AC16802EB42024FF0070C62
:106F30000CFA02FC21EA0C0193400B43C36000BD34
:106F40000B2910D80639D0F830C001EB81014FF081
:106F50001F0E0EFA01FE2CEA0E0C02FA01F141EAB4
:106F60000C010163CCE70F29CAD80C39D0F82CC02A
:106F700001EB81014FF01F0E0EFA01FE2CEA0E0C00
:106F800002FA01F141EA0C01C162B9E7D0F838C058
:106F90000331CCF3015CA1EB0C0101EB81014FF05B
:106FA0001F0C00B50CFA01FED0F838C002FA01F14E
:106FB0002CEA0E0C41EA0C01092A81630DD8016903
:106FC00002EB42024FF0070C0CFA02FC21EA0C0122
:106FD00003FA02F20A43026100BD112AFCD80A3A00
:106FE000C16802EB42024FF0070C0CFA02FC21EAE6
:106FF0000C0193400B43C36000BD00BF01F00103CF
:107000005AB11BB1836843F4801383608A070FD59C
:10701000836843F40043836070471BB1836823F4A3
:10702000801383608B0703D5836823F40043836058
:10703000704700BF01290AD0022900D07047836839
:1070400023F4E0438360836813438360704783685D
:1070500023F460238360836813438360704700BF19
:10706000CA0703D5836843F4800383608B0703D585
:10707000836843F400138360704700BF03290FD86F
:10708000DFE801F00B080502806C80B27047406CAD
:1070900080B27047006C80B27047C06B80B270479E
:1070A0000020704703680B4214BF01200020704786
:1070B000036823EA01030360704700BF08B5074B6C
:1070C000984200D008BD40F2194000F093FDBDE8A1
:1070D000084040F2194000F09BBD00BF0064004032
:1070E00029B103282CD8DFE800F00E182103FEE7B1
:1070F0000023C1F80B30C1F80F308B724B60CB749A
:107100000B810B607047002340F2FF304FF40032D8
:1071100048810B810A604B60704700234FF4803236
:107120000B740B604B608B60CA6070470023C1F822
:107130000B30C1F80F308B724B600B810B607047C6
:10714000FEE700BF036823F0020300B50360036895
:10715000844643F001034CF8043B4368DB07864652
:1071600008D44FF6FF7301E0013B03D0DCF80020A8
:10717000D007F9D5DEF8040010F0010070D04B788C
:107180008A781B06120402F4702203F04073134342
:107190000A7843EA8273CA78120502F4E0021343C4
:1071A0004A89013AC2F309021343CEF81C300B7925
:1071B000012BDEF800300CBF43F0800323F0800386
:1071C000CEF800304B79012BDEF800300CBF43F0D5
:1071D000400323F04003CEF800308B79012BDEF81A
:1071E00000300CBF43F0200323F02003CEF8003022
:1071F000CB79012BDEF800300CBF43F0100323F0F5
:107200001003CEF800300B7A012BDEF800300CBFF3
:1072100043F0080323F00803CEF800304B7A012B2B
:10722000DEF800300CBF43F0040323F00403CEF873
:107230000030DEF8003023F00103CEF80030DEF835
:107240000430DA070DD54FF6FF7000E040B1DCF8EE
:107250000030DB0700F1FF30F8D4003818BF012000
:1072600000BD012000BD00BF3B494389D1F8002685
:1072700042F0010200B5C1F80026D1F81CC6B0F8F2
:107280000EE001229A402CEA020CC1F81CC6BEF1A5
:10729000000F45D1D1F80CC603F100632CEA020CB3
:1072A000C1F80CC603F6C843B0F806C04188DB003D
:1072B00041EA0C41B0F804C01960018841EA0C4170
:1072C0005960838924492BBBD1F8043623EA020391
:1072D000C1F8043603892049B3B9D1F8143623EA3A
:1072E0000203C1F81436037C012B05D11A49D1F8E9
:1072F0001C361343C1F81C36174AD2F8003623F067
:107300000103C2F8003600BDD1F814361343C1F8AA
:107310001436E8E7D1F804361343C1F80436D9E748
:10732000BEF1010FCDD1D1F80CC603F100634CEAD8
:10733000020CC1F80CC603F6C843B0F800C041887F
:10734000DB0041EA0C41B0F804C01960C18841EA91
:107350000C415960B5E700BF0060004082685201EF
:10736000034605D48268120143D51033012000E0A2
:107370000020D3F8802102F0010210B5C3F880216B
:1073800091F808E04A7A03F5C07CBEF1000F26D0E0
:107390004C6842EAC40242EA0E02D3F880E142EAB3
:1073A0000E02C3F88021D3F8842122F00F02C3F823
:1073B0008421D3F884E18A7A42EA0E02C3F8842158
:1073C000D1F80B20C3F88821D1F80F20C3F88C2105
:1073D000DCF8003043F00103CCF8003010BD0C683D
:1073E000D3F880E142EA445242EA0E02C3F8802117
:1073F000D9E78268D20002D520330220B9E7032002
:10740000704700BF00EB0113D3F8B0C10CF0040CBF
:1074100082F808C0BCF1000F47D1D3F8B0C14FEAE1
:107420005C5CC2F800C0D3F8B0C10CF0020C82F86A
:1074300009C0D3F8B4C14FEA1C2C82F813C0D3F8AA
:10744000B4C10CF00F0C82F80AC0D3F8B8C182F8AE
:107450000BC0D3F8B8C14FEA1C2C82F80CC0D3F88B
:10746000B8C14FEA1C4C82F80DC0D3F8B8C14FEA3E
:107470001C6C82F80EC0D3F8BCC182F80FC0D3F8E0
:10748000BCC14FEA1C2C82F810C0D3F8BCC14FEA33
:107490001C4C82F811C0D3F8BC311B0E937459B93F
:1074A000C36843F02003C3607047D3F8B0C14FEA0C
:1074B000DC0CC2F804C0B6E7036943F020030361A3
:1074C000704700BF43690B43436170470D4B9842BF
:1074D00015D001EB810300EB83030022D3F808C031
:1074E0002CF0010CC3F808C09A60DA601A615A6186
:1074F000426889000F238B4013434360704704297F
:10750000E7D9FEE7000402401D4B984234D001EB5E
:10751000810100EB8100136810B40361936843613B
:10752000138AC360D468536881682343546921F483
:107530007C5123430B438360137E012B83680CBF74
:1075400043F0400323F040038360537E012B8368A4
:107550000CBF43F0800323F080038360937E2BB144
:10756000836843F0100310BC83607047836823F086
:10757000100310BC836070470429C8D9FEE700BF20
:1075800000040240074B984208D001EB81018900BA
:1075900008300B5843F020030B5070470429F4D9EE
:1075A000FEE700BF00040240074B984208D001EB01
:1075B0008101890008300B5843F001030B507047DC
:1075C0000429F4D9FEE700BF000402402A4BD3F897
:1075D00000C42CEA000CC3F800C4D3F804C42CEA9D
:1075E000000CC3F804C4D3F808C42CEA000CC3F898
:1075F00008C4D3F80CC42CEA000CC3F80CC449B37B
:10760000012905D0012A0BD0022A29D0AAB170473E
:10761000D3F80414012A41EA0001C3F80414F3D199
:10762000154BD3F8082422EA0002C3F80824D3F843
:107630000C240243C3F80C2470470F4BD3F80824E2
:107640000243C3F80824D3F80C2422EA0002C3F84A
:107650000C247047D3F800140143C3F80014D1E799
:10766000054BD3F808240243C3F80824D3F80C24AC
:107670000243C3F80C24704700000140014BC3F8DB
:1076800014047047000001400B4B1A69110603D522
:107690000A490B4A59605A600A4BB3F8E030B3F517
:1076A000007F07D9044B1A6D120603D50349044A1B
:1076B00059645A64704700BF0020024023016745A7
:1076C000AB89EFCD00F7FF1F074B08491A69B1F8E6
:1076D000E01042F08002B1F5007F1A6103D91A6D03
:1076E00042F080021A6570470020024000F7FF1F39
:1076F0004B4BB3F8E030B3F5007F6AD9494B4A4AA7
:1077000098424A4B26D2D168C90756D4D368D906C5
:1077100057D4D3685B075AD41169444B41F0020136
:10772000116150611069404940F040001061CA6821
:10773000D00738D4CB68DB063DD4C868C0F38000DE
:107740004000C0B2384A136923F002031361704746
:10775000013B34D0D16CC907FAD4D36CDB0630D4EA
:10776000D36C590733D4136D43F00203136550658E
:10777000D3699B0748BF50612B4A2C4B116D41F0D8
:1077800040011165D16CC9071DD4D36CD80643D410
:10779000D06CC0F380004000C0B2234A136D23F0C8
:1077A000020313657047013B38D0CA68D007FAD48A
:1077B000CB68DB06C1D50320C4E7013BA3D104207D
:1077C000704703207047013BDCD10420E5E702202D
:1077D0007047164B144AD168C90719D4D368DB0621
:1077E000EFD4D3685907F2D41169104B41F002016C
:1077F0001161506110690C4940F040001061CA6885
:10780000D20797D5013B09D0CA68D207FAD491E7CD
:10781000013BE0D1042070470320BEE7042091E73C
:1078200000F7FF1FFFFF0708002002400000FF0FC6
:10783000454BB3F8E030B3F5007F8C4660D9434B3D
:10784000434A9842434B23D2D168C9074CD4D368EA
:10785000D9064DD4D3685B0750D411693D4B41F034
:10786000010111613A49C0F800C0CA68D00731D49B
:10787000CB68DB0636D4C868C0F380004000C0B2D5
:10788000334A136923F0010313617047013B2DD084
:10789000D16CC907FAD4D36CDB0629D4D36C590751
:1078A0002CD4116D2B4B41F0010111652849C0F812
:1078B00000C0CA6CD2071DD4CB6CD80640D4C86CAB
:1078C000C0F380004000C0B2214A136D23F00103D1
:1078D00013657047013B35D0CA68D007FAD4CB682E
:1078E000DB06C8D50320CBE7013BADD104207047B0
:1078F00003207047013BDCD10420E5E702207047FC
:10790000144B134AD168C90716D4D368DB06EFD4E9
:10791000D3685907F2D411690E4B41F0010111618E
:107920000B49C0F800C0CA68D207A1D5013B09D0F5
:10793000CA68D207FAD49BE7013BE3D10420704721
:107940000320C1E704209BE700F7FF1FFFFF0708A4
:10795000002002400000FF0F830903F1804303F57C
:10796000083300F01F001968012282400A431A60A0
:10797000704700BF2DE9F0430C461D46E306014663
:1079800004F00F0602D5042A44D0164300224FF01B
:1079900001080F2706E0482C08BF08610B60013280
:1079A000082A13D008FA02FC4FEA820E1CEA0500EE
:1079B00007FA0EF906FA0EFEF1D00B68282C23EA1E
:1079C00009034EEA0303E6D14861E7E700234FF0DD
:1079D00001080F2709E0482C08BF0861C1F804E03E
:1079E0000132102A03F1040312D008FA02FC1CEA47
:1079F000050007FA03F906FA03FEF1D0D1F804C036
:107A0000282C2CEA090C4EEA0C0EE4D14861E5E77B
:107A1000BDE8F083C36B2B4346F00306C363B5E7B1
:107A200001617047416170470AB10161704741616E
:107A3000704700BF83680B4214BF012000207047CD
:107A4000C3680B4214BF01200020704700281F4B61
:107A500000F4401CB4BFDB695B68BCF5401F00B597
:107A600082B227D010F4801F19D14FEA505C4FEA40
:107A70000C1C02FA0CFC23EA0C0343F0E0634FEA0F
:107A8000505C4FEA0C1C02FA0CF21A43002918BF92
:107A900013460E4A0028B4BFD361536000BDC0F343
:107AA000034E4FF0030C0CFA0EFC23EA0C0343F0D8
:107AB000E063E4E7DFF814E0DEF804C02CF0E06CEB
:107AC00023F0E063CEF804C0D9E700BF0000014016
:107AD00001F003039B000F22032902FA03F200FACC
:107AE00003F0134B07D8996821EA02029A609A685A
:107AF00002439A607047072907D8D96821EA020231
:107B0000DA60DA680243DA6070470B2907D819692E
:107B100021EA02021A611A6902431A61704759691F
:107B200021EA02025A615A6902435A61704700BF52
:107B300000000140DFF898C0DCF80C3003F4E0638B
:107B4000B3F5E06F36D0DCF80C3003F4E063B3F546
:107B5000C06F1BD0DCF80C3003F4E063B3F5A06F0A
:107B600010D0DCF80C3003F4E063B3F5806F25D05F
:107B7000DCF80C3003F4E063B3F5407F22D0134B04
:107B8000CCF80C3002F00302022302E002F00702FC
:107B90000323DFF840C0994011430CEB00030901B7
:107BA000420983F8001300F01F00012383404CF8C2
:107BB0002230704702F00F020423EAE702F00102CC
:107BC0000123E6E700221346E3E700BF0005FA05BC
:107BD00000ED00E000E100E0830903F1804303F5DC
:107BE000043300F01F001968012282400A431A6022
:107BF000704700BF830903F1804303F5043300F0AD
:107C00001F001968012282400A431A60704700BFB2
:107C1000830903F1804303F5043300F01F001A6861
:107C20000121814022EA01021A607047174A536815
:107C3000D26A23F0805323F4404322F000510B28F2
:107C400009D8DFE800F006060606081808180C0C2C
:107C50000C0C43EA80330D4A5360D1627047DFF861
:107C600034C042F000510CEA803C084A43EA0C035D
:107C70005360D1627047064A02EA80321343034AD6
:107C800043F080535360D162704700BF0010024040
:107C900000C0FEFF00C0FCFF10B5DFF8E4C0864660
:107CA0009CE80F0088B008AC04E90F00DCE904018F
:107CB000CDE90001CDE902012D4A536803F00C0320
:107CC000082B24D02B482A4A536851685268C3F3C2
:107CD00003136B441B7C20FA03F3BEF1030F44D85B
:107CE000DFE80EF00812020AC1F3022169440878A5
:107CF00023FA00F008B010BDC2F3C2226A44107A21
:107D000023FA00F008B010BD184608B010BD536843
:107D1000D90311D4184A164B586859685B680C018E
:107D2000C0F3834014D5590018D540F030003F28E7
:107D300012D102FB00F0C6E7D36A5A000C4B58BFC1
:107D40000C4A5B6848BF0D4A9B03E4D55208E2E742
:107D50005B0006D540F020000130EAE740F010005B
:107D6000FAE70F28F8D00230E3E70020C2E700BFAF
:107D70000010024000127A0000093D00006CDC0295
:107D800068D1000808B5154B984212D003F574432A
:107D9000984204D0A3F57843984214D008BD4FF41C
:107DA0004370FFF727FFBDE808404FF44370FFF72B
:107DB0002FBF40F20F40FFF71DFFBDE8084040F223
:107DC0000F40FFF725BF40F20E40FFF713FFBDE85D
:107DD000084040F20E40FFF71BBF00BF003C0040D0
:107DE00010B4D1E901420B6823431343CA680C69FC
:107DF000D1E905C113432343026843EA0C0302F4AB
:107E000041520B4313430360C36923F4006310BC66
:107E1000C3617047036843F040030360704700BFCD
:107E2000C1607047C06880B2704700BF83680B4272
:107E300014BF01200020704708B5374B98424CD042
:107E400015D8A3F50063984251D039D8B0F1804FCE
:107E500022D0A3F5806398425DD140F20140FFF744
:107E6000C9FEBDE8084040F20140FFF7D1BE2B4BF0
:107E7000984246D003F50063984217D0A3F590339B
:107E8000984248D140F20540FFF7B4FEBDE80840F3
:107E900040F20540FFF7BCBE4FF48060FFF7AAFE3A
:107EA000BDE808404FF48060FFF7B2BE40F20D30ED
:107EB000FFF7A0FEBDE8084040F20D30FFF7A8BE76
:107EC000174B984227D140F20340FFF793FEBDE8DD
:107ED000084040F20340FFF79BBE40F20440FFF72A
:107EE00089FEBDE8084040F20440FFF791BE40F231
:107EF0000240FFF77FFEBDE8084040F20240FFF776
:107F000087BE40F20B30FFF775FEBDE8084040F237
:107F10000B30FFF77DBE08BD00100040002C014073
:107F2000000C004000234FF6FF72C0E9003382606E
:107F300003737047254B0A888262984215D020F45B
:107F40004063B3F1804F10D0214B98420DD0214BAC
:107F500020F4806210B49A428C68C4622CD14369C8
:107F600043F0010310BC4361704703684A8823F063
:107F700070030360D0F800C08B8842EA0C020260F4
:107F80000268134303608B68C3620268CB8822F4E3
:107F900040720260D0F800C00C4A43EA0C039042E1
:107FA000036002D00A4B984201D10B7B0363436903
:107FB00043F00103436170470268CB8822F44072AA
:107FC0000260026813430360C9E700BF002C014050
:107FD0000034014000100040036843F001030360D7
:107FE000704700BF036843F080030360704700BF21
:107FF000C3680B43C3607047C9430161704700BF4A
:10800000002303604360836083817047B1F802C03E
:108010000B888A8843EA0C03B1F806C013430A8927
:1080200043EA0C03B1F80AC013438A8943EA0C03FC
:1080300013439BB243647047436C01290CBF43F464
:10804000004323F400434364704700BF00230360F0
:1080500043608360704700BF032929D8DFE811F02F
:10806000AF006C0029000400036A1188B2F804C054
:1080700023F480530362C36923F44073C361036A2A
:1080800043EA01330362036A724923F40053036233
:10809000036A884243EA0C33036240F0D6804368A7
:1080A000128923F480434360436843EA82134360A8
:1080B0007047036A1188B2F804C023F48073036226
:1080C000C36923F00303C361036A43EA0123036224
:1080D000036A604923F400730362036A884243EA37
:1080E0000C23036202D05C4B9842E1D1036AB2F8E0
:1080F00002C0D18823F480630362036A43EA0C233D
:108100000362036A23F400630362036A43EA012300
:10811000036243681189528923F4805343604368A2
:1081200043EA01134360436823F400534360436808
:1081300043EA021343607047036A1188B2F804C02F
:1081400023F010030362836923F440738361036A9D
:1081500043EA01130362036A3E4923F020030362EA
:10816000036A884243EA0C13036202D03A4B9842F6
:108170009ED1036AB2F802C0D18823F040030362A3
:10818000036A43EA0C130362036A23F08003036269
:10819000036A43EA0113036243681189528923F495
:1081A00080634360436843EA81034360436823F488
:1081B00000634360436843EA820343607047036A95
:1081C000118823F001030362D0F818C093882CF0C3
:1081D000030CC0F818C0D0F820C041EA0C010162BD
:1081E000016ADFF870C021F002010162016A604596
:1081F00043EA0103036203D0174B98427FF458AF60
:10820000036A518823F004030362D0F820C0D388A6
:1082100041EA0C010162016A21F008010162016A70
:108220000B4303624368118923F480734360D0F8E1
:1082300004C0538941EA0C014160426822F4007293
:1082400042604268134343607047034B98427FF497
:108250002FAF24E7002C01400034014003290BD844
:10826000DFE801F01C130B02C36923F4E043C36190
:10827000C36943EA0223C3617047C36923F07003F3
:10828000C361C3691343C3617047836923F4E04347
:108290008361836943EA022383617047836923F022
:1082A000700383618369134383617047032904D892
:1082B000DFE801F00806040202647047C2637047F9
:1082C000826370474263704703290BD8DFE801F0EF
:1082D0001C130B02C36923F40063C361C36943EA3F
:1082E0000223C3617047C36923F00803C361C369F4
:1082F0001343C3617047836923F400638361836917
:1083000043EA022383617047836923F00803836192
:10831000836913438361704703290BD8DFE801F0B9
:108320001C130B02C36923F48063C361C36943EA6E
:108330000223C3617047C36923F00403C361C369A7
:108340001343C3617047836923F480638361836946
:1083500043EA022383617047836923F00403836146
:10836000836913438361704703290BD8DFE801F069
:108370001D140B02036A23F480530362036A43EA69
:10838000023303627047036A23F480730362036A53
:1083900043EA022303627047036A23F01003036277
:1083A000036A43EA021303627047036A23F001037E
:1083B0000362036A13430362704700BF436823F0FC
:1083C0007003436043680B434360704721B983687F
:1083D00043F0800383607047012900D070478368B1
:1083E00023F0800383607047836823F00703836072
:1083F000704700BF08B5234B984238D010D9224BA4
:1084000098422AD003F5684398421BD140F20E30BF
:10841000FFF7F0FBBDE8084040F20E30FFF7F8BB75
:10842000A3F5006398420ED003F58063984209D10A
:1084300040F21240FFF7DEFBBDE8084040F2124078
:10844000FFF7E6BB08BD40F21140FFF7D3FBBDE8E4
:10845000084040F21140FFF7DBBB40F21440FFF749
:10846000C9FBBDE8084040F21440FFF7D1BB40F221
:108470001340FFF7BFFBBDE8084040F21340FFF791
:10848000C7BB00BF004C00400050004000B5174B78
:10849000984283B0024617D00ED9154B984213D09C
:1084A00003F5684398421ED1CDE900010320FFF790
:1084B000F3FBDDE900210EE0A3F50063984203D051
:1084C00003F5806398420ED10220CDE90021FFF729
:1084D000E3FBDDE9002100EB5103B3FBF1F39BB2B9
:1084E000936003B000BD0020F5E700BF004C0040E2
:1084F00000500040C36843F40053C360704700BF9E
:10850000C36823F008030B43C3607047C36823F0BC
:1085100004030B43C3607047C1F308014160704717
:108520004068C0F3080070478B0901F01F0118581C
:10853000C84000F0010070478A09012352F800C0CA
:1085400001F01F018B4043EA0C031350704700BF3A
:10855000C1F389128B0D52F800C01858C1F30442C0
:10856000012303FA02F201F01F01024203FA01F3B0
:1085700014BF0120002013EA0C0F00F0010008BF17
:10858000002070474249434BD1F8882042F47002E2
:1085900082B0C1F88820196841F00101196059685A
:1085A000002041F0800159600190019B44F61F6258
:1085B000934205D8019B01330193019B9342F9D962
:1085C00034494B6823F003034B600B6823F084733A
:1085D0004FF41F0223F480330B608A600A68002086
:1085E00022F480220A604860C8620A6842F00102F0
:1085F0004FF4A0630A6001E0013B02D00A689007D3
:10860000FAD5244B1A68920741D5DA69224942F01B
:108610008052DA610A6842F440420A605A685A603D
:108620005A685A605A6842F480625A605A6822F066
:10863000904222F470125A605A6842F0036242F487
:1086400080225A601A6842F080721A601A6890019B
:10865000FCD5114A136843F4803313605368D9037F
:10866000FCD513680C4943F4003313604B689A033C
:10867000FCD5084A536823F003035360536843F062
:108680000203536053681B07FCD502B07047FEE736
:1086900000ED00E00010024000700040DFF834D030
:1086A0000D480E490E4A002302E0D458C45004334A
:1086B000C4188C42F9D30B4A0B4C002301E0136021
:1086C0000432A242FBD3FFF75DFF01F081FCF8F713
:1086D0000FFB70470000012000000020CC010020AB
:1086E00070E80008CC01002070470020FEE7002160
:1086F00001F016BB0A22002101F098BB2DE9FF47CB
:1087000057EC106B002F0C469146DDF830A019464F
:108710004FF0000203DA07F100431F462D220D9DA2
:108720000A7025F02005462D04D0452D00D10134D6
:10873000022100E0032103AB019302AB009347EC5D
:10874000106B5346224601F00FFD472D80461AD18B
:1087500019F0010F0ED000EB04090022002330466F
:108760003946F8F761F908B1CDF80C903022039B37
:108770004B451ED3039B0E9AA3EB080340461360A0
:1087800004B0BDE8F087462D00EB0409E5D103787D
:10879000302B0AD10022002330463946F8F744F93D
:1087A00018B9C4F10104CAF80040DAF8003099445D
:1087B000D3E7591C03911A70D9E7F7B50029BABF5E
:1087C00049422D232B230929027043702ADD0DF124
:1087D0000704871CA6460A26A446B1FBF6F506FB4D
:1087E00015123032632904F1FF340CF8012C2946AC
:1087F000F2DC3031ACF1020204F8011C411C1446D9
:1088000072450AD30DF10903A3EB0C03A64538BF4B
:1088100000233B44181A03B0F0BD12F8013B01F8E5
:10882000013FEDE7302330318370C170031DF1E764
:108830002DE9F04F8FB00C46DDF8608016461F46DC
:10884000054601F0EDFB036807931846F7F7C0FCF7
:1088500000230C93D8F8003094F818A0D4F800B096
:108860000890073323F00703B3EC027B8DED047B04
:10887000C8F80030DDE9048323F0004984ED127B61
:108880009A4B4FF0FF3240464946F8F7FFF870BB6D
:10889000964B4FF0FF3240464946F8F7D9F830BBC7
:1088A000DDE9040100220023F8F7C8F810B12D23F8
:1088B00084F843308E4A8F4BBAF1470F8CBF9046F5
:1088C0009846032323612BF0040323604FF0000933
:1088D000009733460DAA2146284600F0CDF9013015
:1088E00040F08C804FF0FF300FB0BDE8F08FDDE935
:1088F000042310461946F8F7C9F840B1059B7E4A93
:10890000002BBCBF2D2384F843307C4BD4E7636835
:108910005A1C0AF0DF093BD1062363604BF48062E6
:108920000023226003930CABCDE901A30BAB0093B2
:1089300061689DED040B0DF12B032846FFF7DEFE69
:10894000B9F1470F0B99804629D1C81C02DB636837
:108950008B4241DAAAF1020A5FFA8AFA01395246D9
:1089600004F150000B91FFF728FF0C9A1318012A0D
:108970008146236102DC2268D20701D501332361DD
:108980009DF82B30002BA3D02D2384F843309FE794
:10899000B9F1470FC2D1002BC0D10123BDE7BAF115
:1089A000650FDBD9BAF1660F18D1002963680BDDBA
:1089B000216113B92268D00702D501330B4423612A
:1089C000A1654FF00009DBE713B92268D20701D592
:1089D0000233F4E70123F2E74FF0670A0C9B8B4266
:1089E00005DC23682161D807EAD54B1CE7E700299D
:1089F000D4BFC1F1020201221344E0E723685A0503
:108A000007D42369424631462846B847013028D169
:108A100068E7BAF1650F40F2DB80D4E91201002269
:108A20000023F8F701F890B3354A01233146284670
:108A3000B84701303FF456AFDDE90B38434502DB60
:108A40002368D8070DD5DDE9072331462846B84706
:108A500001303FF447AF4FF0000908F1FF38C84537
:108A600009DC23689B0700F10481E0680D9B9842B4
:108A7000B8BF184638E7012304F11A0231462846E8
:108A8000B84701303FF42EAF09F10109E7E70B9B2E
:108A9000834237DC1A4A012331462846B847013061
:108AA0003FF420AFDDE90B3959EA030302D1236813
:108AB000D907D6D5DDE9072331462846B847013026
:108AC0003FF410AF4FF0000A0B9B5B42534501DCB3
:108AD0004B4697E7012304F11A0231462846B8476E
:108AE00001303FF4FFAE0AF1010AEDE7FFFFEF7F2F
:108AF000ECE30008E8E30008F4E30008F0E3000812
:108B0000F8E30008A36DDDF830B05B45A8BF5B4615
:108B1000002B049337DC4FF0000904F11A02049B88
:108B2000D4F858A0002BACBFAAEB030353464B4527
:108B300031DC0B9B9B453ADC2368DA0737D40B9B6F
:108B4000ABEB0309ABEB0A039945A8BF9946B9F112
:108B5000000F34DC4FF000080B9BB9F1000FABEBBA
:108B60000303A8BFA3EB090343457FF77AAF0123B3
:108B700004F11A0231462846B84701303FF4B2AE3C
:108B800008F10108E8E7049B424631462846B84709
:108B90000130C0D1A6E60123314628460992B847E4
:108BA00001303FF49FAE099A09F10109B7E7DDE909
:108BB000072331462846B8470130C0D192E64B46DC
:108BC00008EB0A0231462846B8470130C2D189E68F
:108BD000DDF830A0BAF1010F01DCDB0735D5012348
:108BE000424631462846B84701303FF47BAEDDE9C6
:108BF000072331462846B84701303FF473AED4E925
:108C00001201002200230AF1FF3AF7F70DFFC8B95D
:108C1000534608F1010231462846B84701300DD1CC
:108C200060E6012304F11A0231462846B8470130B4
:108C30003FF458AE08F10108D045F2DB4B4604F191
:108C40005002E0E64FF00008F6E701234246E2E773
:108C5000012304F1190231462846B84701303FF498
:108C600041AE08F10108E3680D995B1A4345EFDC5A
:108C7000FBE64FF00008F6E72DE9F04791469846ED
:108C80008A680B69089E9342B8BF1346C9F8003042
:108C900091F8432007460C4612B10133C9F8003061
:108CA0002368990642BFD9F800300233C9F8003072
:108CB000256815F0060507D104F1190AE368D9F80B
:108CC00000209B1AAB4229DC94F843302268003B19
:108CD00018BF012392062ED404F1430241463846C0
:108CE000B047013021D02368A168226903F0060350
:108CF000042B01BFE568D9F80030ED1A25EAE575C7
:108D000018BF00258B1A2B449142C8BF1D464FF057
:108D100000091A344D451AD1002008E001235246BB
:108D200041463846B047013003D14FF0FF30BDE82F
:108D3000F0870135C2E7E1185A1C302081F8430062
:108D4000224494F8451082F843100233C4E701230B
:108D5000224641463846B0470130E6D009F10109C4
:108D6000D8E700002DE9F04398460B7E85B0782BBC
:108D7000174606460C9A0C4609D8622B01F14301AE
:108D800008D8002B00F0DC80582B00F0BD8004F1E7
:108D9000420539E0A3F163001528F8D801A555F87C
:108DA00020F000BFFD8D0008118E00088F8D000897
:108DB0008F8D00088F8D00088F8D0008118E0008A0
:108DC0008F8D00088F8D00088F8D00088F8D000813
:108DD000218F00083D8E0008CF8E00088F8D00087F
:108DE0008F8D0008498F00088F8D00083D8E000888
:108DF0008F8D00088F8D0008D78E00081368191D0D
:108E00001B68116004F1420584F842300123A8E098
:108E100013682568181D1060280601D51B6803E03B
:108E20006A06FBD5B3F90030002B03DA2D225B4232
:108E300084F84320DFF878C10A2213E0256810681F
:108E400015F0800F50F8043B02D16D0648BF9BB26D
:108E50001060227EDFF858C16F2A5DD10822002001
:108E600084F843006568A560002D05DB20681D437C
:108E700020F00400206051D00D46B3FBF2F002FB5D
:108E8000103E9A421CF80EE005F801ED0346F4D9B5
:108E9000082A0BD12368DA0708D5236962689A4249
:108EA000DEBF302305F8013C05F1FF35491B216188
:108EB000CDF800803B4603AA21463046FFF7DCFE92
:108EC000013053D14FF0FF3005B0BDE8F083236887
:108ED00043F020032360DFF8DCC0782384F84530BA
:108EE0002068156810F0800F55F8043B03D110F08E
:108EF000400F18BF9BB21560C50744BF40F020006B
:108F0000206023B11022AAE7DFF8A4C0E6E72268B8
:108F100022F020022260F5E70A22A0E70D46B7E71B
:108F20001368D4F800C060691D1D15601CF0800F27
:108F30001B6801D0186003E01CF0400FFAD01880C5
:108F4000002323610D46B3E71368191D11601D68E6
:108F5000626800212846F7F7EBF808B1401B606013
:108F600063682361002384F84330A1E723692A461C
:108F700039463046C0470130A4D023689B0714D43B
:108F8000E068039B9842B8BF18469DE7012304F1AF
:108F9000190239463046C047013093D00135E368A5
:108FA00003995B1AAB42F1DCEAE70025F7E700BF63
:108FB000FAE300080BE40008002310B50446C0E9FA
:108FC0000033C0E90433836081814366C2818361D9
:108FD000194608225C3000F0DAFF0D4B63620D4B3E
:108FE000A3620D4BE3620D4B23630D4B24629C4245
:108FF00006D003F16802944202D0D0339C4205D1DE
:1090000004F15800BDE8104001F006B810BD00BFE3
:109010000FC1000831C1000869C100088FC10008F4
:1090200024460020024A0349034800F009BF00BF5C
:109030000400002099C200088001002041680C4B08
:10904000994210B5044601D003F026F9A168094BF6
:10905000994202D0204603F01FF9E168064B99427D
:1090600004D02046BDE8104003F016B910BD00BF83
:10907000244600208C460020F446002010B50A4B00
:109080000A4A1A600A4800220421FFF795FF09489E
:1090900001220921FFF790FFBDE810400648022297
:1090A0001221FFF789BF00BF5C4700202590000810
:1090B000244600208C460020F4460020014800F0A1
:1090C000ACBF00BF61470020014800F0A7BF00BF50
:1090D0006147002010B50446FFF7F0FF236A1BB17B
:1090E000BDE81040FFF7F0BF044B2362044B1B6840
:1090F000002BF5D1FFF7C2FFF2E700BF3D9000085B
:109100005C47002070B504460D4645EC104B1646F2
:1091100002F0C0FE51EC100B7EB1C5F30A53C3F14F
:109120006B03002B09DD1B0503F17F55002405F5BA
:10913000401522462B46F7F70FFA41EC100B70BD95
:109140002DE9F04F9FB00E461792002204901A921C
:109150004FF000084FF0000919910A782B2A0D46AC
:1091600001F101011CD00AD80D2A05D8082AF3D82C
:1091700072B100230B9382E0202AEDD0F9E72D2A6B
:1091800010D10122691C19910B926A78002A37D1FB
:10919000179B1996002B40F0A88542464B462AE0C3
:1091A0000022EFE700210B91302A40F09D806A7881
:1091B00002F0DF02582A5AD102930B9B01931AAB9B
:1091C0000093874A04981BAB19A901F009FE10F01F
:1091D0000F04064605D0062C14D10135002319953D
:1091E0000B93179B002B40F082850B9B002BD4D058
:1091F000424609F1004343EC102B1FB0BDE8F08F4D
:109200000D46D1E71A9A3AB135211CA802F03BFF6E
:109210001A99049802F0F2FA013C042C06D8DFE80F
:1092200004F014031E211400DDE91C89F10548BF78
:1092300049F0004929F000431B0D1B05002BD0D13C
:1092400000F0C0FE22230360CBE7DDE91C831B9AFC
:1092500023F4801302F2334243EA0259E6E7DFF8CF
:109260008891E3E76FF000494FF0FF38DEE7013502
:1092700019952B78302BFAD0002BB2D001234FF068
:10928000000A07932846CDF838A0D3460A2304786D
:10929000A4F13002092A29D95249012200F07FFEA7
:1092A000002836D00020224606905C460146652AFA
:1092B00001D0452A16D124B9079B03433FF468AF78
:1092C0000024199E731C199372782B2A7FD02D2AA3
:1092D00000F083804FF0000CA2F13003092B40F224
:1092E000898019960023ACE00023C8E7BBF1080F82
:1092F000DCBF0E9A03FB024200F10100D5BF303AF9
:1093000003FB0A420E92A2F1300A0BF1010B1990F5
:10931000BDE7199B5A1C19925A78BBF1000F3BD03C
:1093200006905C46A2F13003092B11D90121BEE75A
:10933000199B5A1C19925A780130302AF8D0A2F1A0
:109340003103082B00F2D8840690199D00200446B2
:10935000303A00F1010319D0069905941944069199
:10936000A4464FF00A0E0CF10107391B8B4215DCA5
:10937000059920EAE07001440134082904441CDC0A
:109380000E990A2303FB01230E930023199A511C03
:10939000199152781846C5E75846CEE7BCF1080F38
:1093A00005DC0E990EFB01F10E91BC46DBE70AFBD2
:1093B0000EFC102FD8BFE246F7E70F29DCBF0A23C7
:1093C00003FB0A2AE1E700230693012174E74FF02B
:1093D000000CB31C1993B2787EE74FF0010CF8E74C
:1093E000E8E500081CE400080000F07F199B5A1C07
:1093F00019925A78302AF9D0A2F13103082B3FF69E
:1094000071AFDDF864E0CDF814E0A2F130030A9307
:10941000059B013319931A780593A2F13007092FA0
:109420003BD9A3EB0E03082B44F61F633DDC0A9FD8
:109430009F42A8BF1F460597BCF1000F02D0059BB5
:109440005B420593002C51D1079B03437FF4C9AEC7
:1094500000297FF49DAE692A2BD028DC492A28D028
:109460004E2A7FF495AE9F4919A801F0D7FE002837
:109470003FF48EAE199B1B78282B31D19A491CAA38
:1094800019A801F0E0FE05282AD11D9BDDF87080A7
:1094900043F0FF4949F4E009A3E60A9B0A2707FBCA
:1094A0000327A7F130020A92B2E70593C4E76E2AB8
:1094B000D7E78E4919A801F0B1FE00283FF468AE45
:1094C000199B8B49013B19A8199301F0A7FE10B90C
:1094D000199B01331993DFF828924FF0000880E6BA
:1094E000844800F0B1FD59EC108B7AE6DDE90532D5
:1094F0000E989B1ABBF1000F08BFA346102C0A93CD
:109500002646A8BF1026F6F7ADFF092C80468946EF
:1095100013DC0A9B002B3FF464AE0A9B6FDD162B15
:1095200056DC754901EBC301D1E9000142464B46C7
:10953000F7F712F88046894653E66F4B03EBC603F4
:1095400053E91223F7F708F8804650468946F6F7A4
:1095500089FF02460B4640464946F6F747FE0F2C68
:1095600080468946D5DD0A9BA4EB060A9A44BAF1E7
:10957000000F40F392802AF00F061AF00F0A4DD127
:10958000B6F59A7F5ADC4946DFF8709136114046AD
:109590000027012E76D1A1F15479584901EBC7017A
:1095A00002464B46D1E90001F6F7D6FF544B0A4676
:1095B0000B4054498B42804640D8A1F580118B4224
:1095C00086BFDFF844914FF0FF3802F1547932E062
:1095D0000A9AC4F125039342C5DB474DC4F10F0439
:1095E00005EBC40142464B46D1E90001F6F7B4FF52
:1095F0000A9B1C1B05EBC405D5E9002398E716332D
:10960000B1DBDDE905239A1A3B4B03EBC203D3E937
:10961000002340464946F7F7C9F88BE7364901EB86
:10962000CA0142464B46D1E90001F6F795FF804654
:109630008946002EA4D1002307939BE000240594C3
:109640000E940694049ADFF8B890222313604FF02A
:1096500000080E9B002B3FF4C4AD1A99049802F049
:10966000CDF80699049802F0C9F8DDE9040102F08A
:10967000C5F80E99049802F0C1F80498214602F04A
:10968000BDF8AEE5F20703D5D9E90023F6F764FF8C
:109690000137761009F108097BE7CCD0CAF1000A3E
:1096A0004FEA2A161AF00F0A0DD11F2E2EDD0024C4
:1096B00005940E940694049A22234FF000084FF06C
:1096C00000091360C5E70C4B03EBCA03404649464B
:1096D000D3E90023F7F76AF880468946002EAAD01E
:1096E000E3E700BFF5E30008D4E50008EDE3000878
:1096F00029E40008D3E5000860E7000838E700081F
:109700000000F07F0000A07CFFFFEF7F16F0100349
:1097100018BF6A23754F079340464946F30703D5A0
:10972000D7E90023F6F718FF761007F10807F5D1FF
:10973000079B80468946ABB1C1F30A52C2F16B0365
:10974000002B0F460EDD1F2B55DD342BDEBF4FF0F7
:10975000FF33C2F14B029340B046CCBF4FF05C796F
:1097600003EA01090022002340464946F7F75CF965
:1097700000289CD10E9B0093049823465A46294604
:1097800002F0A4F80E9000283FF458AFDDE905235D
:109790009B1A0A9A002AA8BF00231493002422EAE5
:1097A000E273169305940E9B0498596801F0E8FF44
:1097B000069000283FF446AF0E9B1A69023203F16F
:1097C0000C0192000C3000F02FFC49EC108B049837
:1097D0001CAA1BA9CDE90C8902F0CCFB1A90002829
:1097E0003FF430AF0498012102F006F905900346DA
:1097F00040B9059326E74FF0FF3202FA03F303EA7C
:109800000008AFE71B9D079A002DABBF149B169B6A
:10981000169E149FACBFEF185E1B1C9BAD1A1D4417
:10982000334A013D9542C3F1360354DA3149521BA4
:109830008D42A3EB02034FF0010140DB01FA02FA73
:10984000002507EB030B1E44079B5F451E443B4668
:10985000A8BF5B46B342A8BF3346002BC2BFABEBE9
:10986000030BF61AFF1A149B002B18DD1A46DDE9CC
:10987000040102F08DF9059003460028B9D0014695
:109880001A9A049802F0CEF8034600283FF4DAAEA4
:109890001A9904980F9301F0B1FF0F9B1A93BBF133
:1098A000000F1ADC0A9B002B26DD169A06990498F5
:1098B00002F06EF906900346F0B90693C2E6C5F1D0
:1098C0007F4505F57F0505F57B45E23501FA05F590
:1098D0004FF0010AB5E70025FAE71A9904985A46AD
:1098E00002F0B2F91A900028DCD1ABE600E60008DD
:1098F00002FCFFFFE3FBFFFF002E08DD0699049842
:10990000324602F0A1F9069003460028D5D0002F78
:1099100008DDDDE904013A4602F096F905900028D9
:109920003FF490AE069A1A99049802F01BFA044686
:1099300000283FF487AEC3680F9300230599C360E6
:1099400002F0F4F900283CDA0F9B53EA08035FD1D8
:10995000C9F313034E46002B5AD129F000431B0DC7
:109960001B05B3F1D66F53D9636913B92369012B72
:109970004EDD21460122049802F066F9059904465D
:1099800002F0D4F9002843DDAD4B079A3340002A9A
:109990005DD0B3F1D66F5AD8B3F15C7F7FF68BAE52
:1099A000A84B404649460022F6F7D6FDA44B0B4093
:1099B00080468946002B7FF450AE049A2223136020
:1099C0004BE64E4660D10F9AC9F313034AB39E4A41
:1099D000934229D1079B4146F3B1994B09EA03030E
:1099E000B3F1D46F4FF0FF3219D81B0DC3F16B03E5
:1099F00002FA03F3994217D1944B9E4202D10131EE
:109A00003FF420AE8E4B334003F580194FF0000831
:109A1000079B002BC4D120E64FF0FF33EAE7134643
:109A2000E8E753EA0803AFD0D5B13542F0D00F9B39
:109A3000079A40464946B3B1FFF764FBDDE90C01E4
:109A400053EC102BF6F7D2FB80468946E0E7A3F5EE
:109A500080136FEA13596FEA09594FF0FF38D7E7BF
:109A60001AEA080FE2E7FFF74DFBDDE90C0153ECC2
:109A7000102BF6F7B9FB0022002380468946F6F743
:109A8000D3FF0028C4D016E60599204602F0CAFA92
:109A90005BEC10AB00224FF0804350465946F6F77E
:109AA000D7FF002872D00F9B002B7DD1B8F1000F9B
:109AB00058D1C9F31303002B5AD1654B00225046ED
:109AC0005946F6F7BBFF00285BD150465946614B1B
:109AD0000022F6F741FD82468B460BF10043CDF89C
:109AE00020A00993DDE90823554DCDE9102306EAAE
:109AF00005031593584B06EA05029A4240F0B080E0
:109B0000A6F1547949EC108B02F0C4F9DDE9082381
:109B100051EC100BF6F720FD42464B46F6F766FB7C
:109B20004E4A0D409542804645D90D9A474B9A4280
:109B300003D10C9B01333FF485ADDFF810914FF05A
:109B4000FF381A99049801F059FE0699049801F01B
:109B500055FEDDE9040101F051FE0498214601F0B3
:109B60004DFE20E6B8F1010F02D1002E3FF4A3AD67
:109B70009FED2B7BDFF8D8B08DED087B4FF0000A0E
:109B8000B0E7DFF8D0B04FF0000AA6E7314B5046FF
:109B900059460022F6F7E0FC0F9B82468B46002BCD
:109BA0009BD0CDE908AB9DE79FED1F7B8DED087B3A
:109BB0005BEC17AB96E701F15479079B002BC0D102
:109BC000159A29F000431B0DB2EB035FB9D1504643
:109BD000594603F005FAF6F791FC02460B4650464B
:109BE0005946F6F701FB0F9AC9F3130343EA08033A
:109BF000134306460F4672D00DA3D3E90023F6F7B0
:109C00001DFF00287FF429AD0BA3D3E900233046C4
:109C10003946F6F731FF002893D01EE5AFF30080F8
:109C2000000000000000F0BF000000000000F03F56
:109C30009535A094FFFFDF3F35E5AF350000E03FED
:109C40000000F07F00005039FFFF0F00FFFFEF7FA3
:109C50000000F03F0000E03F0000E07FFFFF9F7C3E
:109C6000079B33B3159BB3F1D46F22D828A3D3E954
:109C7000002350465946F6F7EBFEA0B15946504630
:109C8000F6F742FF012838BF0120F6F7EBFB0F9BE8
:109C900082468B4603BB01F1004312901393DDE92A
:109CA0001223CDE91023119B159A03F1D6639B1A59
:109CB00011939DED0C0BDDE9106702F0EBF83046D7
:109CC00053EC102B3946F6F747FCDDE90C23F6F789
:109CD0008DFA8046894670E7CDE912ABDFE70EA327
:109CE000D3E90023F6F7AAFE95E700230B93179A12
:109CF000199B1360FFF779BA652A3FF464AB452AD4
:109D00003FF461AB0121FFF79FBB00BFAFF30080C1
:109D10000000C0FFFFFFDF419535A094FFFFCF3F5C
:109D20000A4601460248034B0068FFF709BA00BF24
:109D30007C01002010000020242B2DE9F0478846EC
:109D400001D8012B06D100F03DF916230360002055
:109D5000BDE8F087344E0D46294615F8014B375DB6
:109D600017F00807F8D12D2C10D12C7801278D1C65
:109D700033F0100115D1302C0DD1297801F0DF011D
:109D8000582908D16C78023510230AE02B2C04BF27
:109D90002C788D1CECE7002BF6D1302C14BF0A2355
:109DA000082307F1004E0EF1FF3E0021BEFBF3F940
:109DB0000E4603FB19EAA4F1300CBCF1090F10D8D0
:109DC0006446A3421EDDB1F1FF3F07D0B14516D373
:109DD00001D1A24513DB06FB0346012115F8014B17
:109DE000E9E7A4F1410CBCF1190F01D8373CE8E7D1
:109DF000A4F1610CBCF1190F04D8573CE1E74FF016
:109E0000FF31EBE74B1C05D122230360764632B9C4
:109E100030469DE707B17642002AF9D009B105F135
:109E2000FF38C2F80080F3E729E6000813460A4627
:109E3000014602480068FFF77FBF00BF7C01002099
:109E40002DE9F8438046894614460026D4E9017579
:109E5000013F05D52468002CF8D13046BDE8F883D1
:109E6000AB89012B07D9B5F90E30013303D0294650
:109E70004046C84706436835EAE700000FB407B517
:109E8000064904AB086853F8042B8168019301F07C
:109E900057FB03B05DF804EB04B070477C01002071
:109EA000036A70B5846805460E460BB9FFF712F9D0
:109EB000636EDB0705D4A389980502D4A06D00F07A
:109EC000ACF8A389190702D52369002B35D12146A7
:109ED000284602F047FA80B34FF0FF35636EDA0789
:109EE00005D4A3899B0502D4A06D00F097F82846FD
:109EF00070BD002B04DAA269934217DB0A2915D042
:109F000023685A1C22601970A36816F8011F013BD0
:109F1000A3600029EDD18B4211DA22460A2128469E
:109F200002F0E2F90130D7D00A25D7E722462846C9
:109F300002F0DAF90130E7D1CEE7013EE4E7236829
:109F40005A1C22600A221A70EEE70000024B0146FA
:109F50001868FFF7A5BF00BF7C010020884210B53C
:109F600001EB020402D98442234607D8431EA142D2
:109F700007D011F8012B03F8012FF8E702448242C1
:109F800000D110BD13F8011D02F8011DF7E70244CE
:109F90000346934200D1704703F8011BF9E710B55F
:109FA0006AB101398418027811F8013F9A4204D14C
:109FB0000130A04201D0002AF5D1D01A10BD1046C0
:109FC000FCE70000014B1868704700BF7C010020CF
:109FD00070B50D4B0D4C00261D1BB6EBA50F09D11E
:109FE00003F034F80A4C0B4B00261D1BB6EBA50FF3
:109FF00005D170BD54F8043B98470136EDE754F89D
:10A00000043B98470136F1E768E8000868E8000873
:10A0100068E800086CE80008704770477047000067
:10A0200000487047000100200A44914200F1FF33CC
:10A0300000D1704710B511F8014B03F8014F914260
:10A04000F9D110BD000000009FED010B704700BF6B
:10A05000000000000000F87F2DE9F74F03690C694C
:10A06000A34280467EDB013C01F11407A30000F10E
:10A070001405009305EB8403019357F8243055F839
:10A08000242001339A4207EB8409B2FBF3F62ED366
:10A090004FF0000ABC46AE46D3465CF8043B98B28B
:10A0A00006FB00A0020C1B0C06FB0323DEF80020BD
:10A0B00080B292B2121A5A44DEF800004FEA134AF4
:10A0C0009BB2C3EB224303EB104392B242EA03423A
:10A0D000E1454EF8042B4FEA234BDED2009BEB58B0
:10A0E0002BB9019B1A1F954230D3C8F81040404647
:10A0F00001F01CFE002825DB01362946002057F818
:10A10000042BD1F800C01FFA82FE1FFA8CF3A3EBD8
:10A110000E030344120CC2EB234202EB1C429BB21F
:10A1200043EA0243B94541F8043B4FEA2240E6D2F4
:10A1300055F8242005EB840322B9043B9D420BD340
:10A14000C8F81040304603B0BDE8F08F1368002B0C
:10A15000CBD1043A013CC6E71A68002AF0D1043B8F
:10A16000013CEBE70020EEE72DE9F04F99B08DEDD3
:10A170000E0B0C92C269229C0A9157EC106B81461F
:10A18000139382B9102001F0FBF80246C9F81C00B5
:10A1900020B9A94BEF21A94802F01AFA0023C0E91F
:10A1A00001330360C360116859B152684A600123EA
:10A1B00093408B60484601F021FBD9F81C30002207
:10A1C0001A60B7F10008B5BF0123002323602360A4
:10A1D0009B4BBCBF28F00048CDF83C8033EA080315
:10A1E0001AD1139AC8F3130842F20F7358EA0608FB
:10A1F000136000F06185239B53B9924B21E0924B91
:10A2000000930833239A1360009819B0BDE8F08FCB
:10A210008C4B00930333F5E79DED0E7B002251EC50
:10A22000170B00238DED067BF6F7FEFB824650B13F
:10A23000139A01231360239B13B1239A834B13605A
:10A24000834B0093E0E79DED060B16AA17A948463D
:10A2500001F090FE5FEA1854169D019079D0079B9B
:10A26000CDF850A0C3F31303DDE9060143F07F539B
:10A2700043F44013A4F2FF3419460022754BF5F75E
:10A28000B3FF67A3D3E90023F6F766F966A3D3E922
:10A290000023F5F7ABFF064620460F46F6F7F2F827
:10A2A00063A3D3E90023F6F757F902460B4630467D
:10A2B0003946F5F79BFF06460F46F6F7FDFB0022F1
:10A2C0008046002330463946F6F7B8FB48B1404691
:10A2D000F6F7D8F832463B46F6F7A6FB08B908F180
:10A2E000FF38B8F1160F51D85B4B03EBC803D3E925
:10A2F0000023DDE90601F6F7A1FB002848D008F1AC
:10A30000FF38002312932D1B6B1E089343BF0023BD
:10A31000C5F1010708930027B8F1000F3ADB089B4D
:10A32000CDF8348043440893002309930A9B092BFA
:10A3300062D8052BC4BF043B0A930A9BA3F1020316
:10A34000CCBF00240124032B62D8DFE803F0515373
:10A35000362B179C2C4404F23243202BC1BFC3F18F
:10A36000400308FA03F804F2124326FA03F3D6BFB7
:10A37000C3F1200348EA030006FA03F0F6F772F887
:10A380000122A1F1F873013C149275E70123B9E7AA
:10A390001290B8E7C8F1000309930023A7EB080760
:10A3A0000D93C3E701230B930C9B434405930133A7
:10A3B000012B0493B8BF012306E001230B930C9BF0
:10A3C000002B28DDCDE90433D9F81C00002104223C
:10A3D00002F114059D4243D94160484601F0D0F98D
:10A3E000009000283FD11D4B024640F2AF11D2E64B
:10A3F0000023E3E70023D6E701240023CDE90A3454
:10A400004FF0FF330022CDE904330C921223DBE737
:10A4100001230B93F4E70123CDE904330C93D3E735
:10A4200061436F63A787D23FB3C8608B288AC63F5A
:10A43000FB799F501344D33F33E400084AE40008FB
:10A440000000F07F2FE4000826E40008F9E300088C
:10A45000F8E300080000F83F60E70008ABE40008FC
:10A4600001315200B4E7D9F81C30009A1A60049BFD
:10A470000E2B75D8002C73D0B8F1000F40F3C480B8
:10A480009F4B08F00F0203EBC20318F4807FD3E95F
:10A4900000AB4FEA281500F0A3809A4BDDE90601D6
:10A4A000D3E90823F6F782F9CDE9020105F00F059B
:10A4B0000324944E002D40F0998052465B46DDE91E
:10A4C0000201F6F773F982468B46129B002B00F0CF
:10A4D000C3808D4B002250465946F6F7AFFA00284C
:10A4E00000F0BA80049B002B00F0B680059B002B87
:10A4F00036DD08F1FF33029350465946834B002264
:10A50000F6F72AF8059E82468B4601342046F5F779
:10A51000B9FF52465B46F6F71FF87D4B0022F5F770
:10A5200065FE0446A1F15075CDE91045002E40F0BE
:10A530009780784B002250465946F5F755FE224643
:10A540002B4682468B46F6F797FA002840F0BD82EC
:10A55000224605F1004350465946F6F76FFA20BBF4
:10A56000179B002BC0F28D81B8F10E0F00F389818B
:10A57000634B03EBC803D3E900AB0C9B002B80F2C9
:10A580001B81049B002B00F317810ED1614B00222D
:10A5900050465946F5F7E0FF02460B46DDE9060155
:10A5A000F6F756FA002800F0938200252C460C9B03
:10A5B000009EDB430293274600242946484601F0CB
:10A5C0001DF9002F00F0EE802CB1BC4203D02146D3
:10A5D000484601F013F93946484601F00FF9E1E029
:10A5E0009DED067B02248DED027B62E7E90708D52D
:10A5F00050465946D6E90023F5F7AEFF01348246AE
:10A600008B466D10083655E722D0C8F100053C4B4B
:10A610003C4E05F00F0203EBC203D3E90023DDE952
:10A620000601F5F799FF2D1182468B460224002D75
:10A630003FF44BAFEA0708D550465946D6E9002308
:10A64000F5F78AFF013482468B466D100836EEE737
:10A65000DDE906AB022438E7049ECDF8088055E713
:10A66000274B03EBC60353E902010B9B002B55D08C
:10A6700002460B4600202849F6F798F8DDE910233A
:10A68000F5F7B2FD009BCDE910019D191E46594614
:10A690005046F6F711FA00F13004F5F7F3FE0246E2
:10A6A0000B4650465946F5F79FFDDDE9102306F8A5
:10A6B000014B82468B46F6F7C1F9002872D152460B
:10A6C0005B4611490020F5F78FFDDDE91023F6F711
:10A6D000B5F9002840F0B680AE423FF441AFDDE965
:10A6E00010010A4B0022F5F737FF084BCDE91001A6
:10A6F000002250465946F5F72FFF82468B46C6E7A3
:10A7000060E7000838E700080000F03F0000244040
:10A7100000001C40000014400000E03FDDE9102371
:10A72000F5F71AFF009B009CCDE910013344159307
:10A7300059465046F6F7C0F900F13005F5F7A2FE8C
:10A740000B46024659465046F5F74EFD04F8015BAC
:10A75000159B9C4282468B4627D1009B0022DDE957
:10A7600010011E44AA4BF5F741FD02460B46504628
:10A770005946F6F781F9002864D1DDE91023A44990
:10A780000020F5F731FD02460B4650465946F6F7D4
:10A7900055F900283FF4E4AE334616F8012D302A6F
:10A7A000FAD01E46DDF808803AE09A4B0022F5F711
:10A7B000D3FE82468B46BBE7009E52465B46DDE9F0
:10A7C0000601F5F7F3FFF6F777F90746F5F75AFEB6
:10A7D00052465B46F5F7C0FE02460B46DDE9060130
:10A7E000F5F702FD07F1300C009C06F801CBA6EB53
:10A7F000040C049C644502460B4633D1F5F7F6FC85
:10A8000052465B4604460D46F6F736F9C0B9524645
:10A810005B4620462946F6F707F908B1FB070FD437
:10A820000199484600F0EAFF0023139A337008F1BB
:10A8300001031360239B002B3FF4E6AC1E60E3E4AE
:10A84000CDF8088033461E4613F8012D392A06D16B
:10A85000009A9A42F7D1029A0132029230220132D2
:10A860001A709FE76B4B0022F5F776FE02460B4607
:10A87000CDE9062300220023F6F7D6F800289CD065
:10A88000CEE70B9A002A00F0DF800A9A012A00F333
:10A89000C380149A002A00F0B78003F23343099D65
:10A8A0003E46089A01211A4448461F44089201F086
:10A8B000A3F8044656B1089B002B07DDB342089A63
:10A8C000A8BF3346FF1AF61AD31A0893099B0BB395
:10A8D0000B9B002B00F0BF80002D00F0B9802146BB
:10A8E0002A46484601F054F9019A01460446484672
:10A8F00001F098F801998246484600F07FFF099BD5
:10A900005B1B099300F0AA80099A5146484601F062
:10A910003FF901900121484601F06EF80D9B054674
:10A92000002B00F0D0811A460146484601F030F96C
:10A930000A9B012B054600F399800E9B002B40F0EB
:10A9400090800F9BC3F31303002B40F08A800F9B72
:10A9500023F000431B0D1B05002B00F08580089B96
:10A960000133013708934FF0010A0D9B002B00F0D3
:10A97000B0812B6905EB8303186900F0F1FFC0F18A
:10A980002000089B184410F01F0076D01B2870DCB4
:10A99000C0F11C000744064403440893002F05DD62
:10A9A00001993A46484601F04FF90190089B002B67
:10A9B00005DD29461A46484601F046F90546129B30
:10A9C000002B5FD00198294601F0B0F9002859DA30
:10A9D00008F1FF330293019900230A22484600F050
:10A9E0002FFF0B9B0190002B00F075810023214667
:10A9F0000A22484600F024FF059B002B044671DC28
:10AA00000A9B022B47DC6DE0169BC3F1360346E739
:10AA10000000E03F00002440049B5D1E099BAB4208
:10AA200008DB5D1B049B002BBFF63AAF049BFE1AAC
:10AA3000002336E7099B0D9A0995EB1A1A440D92EB
:10AA4000049B3E4600252CE7099D0B9C3E4631E7C2
:10AA5000DDF804A058E7099A019957E7CDF804A05A
:10AA600058E74FF0000A80E79A467EE74FF0000A69
:10AA70007FE71C2892D0C0F120001C30089B0744BF
:10AA8000064489E7049BCDF80880002B24DC05935D
:10AA90000A9B022B22DD059B002B7FF488AD294603
:10AAA000059B0522484600F0CBFE0146054601986D
:10AAB00001F03CF900287FF77AAD009E312306F8BB
:10AAC000013B029B0133029375E535462C46F4E7C2
:10AAD000049DCDF80880F9E7049B05930B9B002BA0
:10AAE00000F0FD80002E05DD21463246484601F08B
:10AAF000ABF80446BAF1000F58D06168484600F040
:10AB00003FFE064628B9814B024640F2EF21FFF78F
:10AB100042BB22690232920004F10C010C30FFF7B3
:10AB200083FA01223146484601F08EF80746009B21
:10AB3000009A03F10108059B134406930E9B03F052
:10AB40000103089329460198FFF786FA21460490ED
:10AB500000F1300B019801F0E9F83A4605902946DA
:10AB6000484601F0FFF8C26808F1FF3A0646FAB914
:10AB70000146019801F0DAF802463146484609924A
:10AB800000F03CFEDDE9092342EA0301089B19437A
:10AB900046460FD1BBF1390F28D0059B002B02DDB3
:10ABA000049B03F1310B8AF800B006E52746BEE7A7
:10ABB0000122E2E7059B002B04DB0A990B4308996D
:10ABC0000B4320D1002AEEDD01990122484601F015
:10ABD0003BF82946019001F0A9F8002803DCE2D1F6
:10ABE0001BF0010FDFD0BBF1390FD9D139238AF81F
:10ABF000003033461E46013B16F8012C392A52D04C
:10AC000001321A70D9E4002A07DDBBF1390FEDD00B
:10AC10000BF101038AF80030CFE4069B08F801BC71
:10AC200043452AD0019900230A22484600F008FE35
:10AC3000BC4201904FF000034FF00A022146484603
:10AC400006D100F0FDFD0446074608F1010879E74A
:10AC500000F0F6FD3946044600230A22484600F07B
:10AC6000EFFD0746F1E7059B5E1E002B009BD8BF5A
:10AC700000265A1C27461644002401990122484602
:10AC800000F0E2FF2946019001F050F80028B0DC06
:10AC900002D11BF0010FACD133461E4613F8012D33
:10ACA000302AFAD089E4009A9A42A3D1029B013358
:10ACB00002933123137080E4239B002B7FF49FAA1F
:10ACC000134BFFF7BEBA0A9B012B7FF736AEDDF8B8
:10ACD00034A0012055E6059B002B7FF7D9AE009EDE
:10ACE00001982946FFF7B8F900F1300B009B06F8F0
:10ACF00001BBF21A059B9342B5DD019900230A229C
:10AD0000484600F09DFD0190EAE700BFABE4000873
:10AD100026E400080369B3EB611F2DE9F0434FEA15
:10AD2000611200F1140443DD11F01F0104EB830CE8
:10AD300004EB82050CD100F110062946614532D39F
:10AD40009B1A9B00033DAC4538BF0023234414E00D
:10AD500054F82260C1F12008CE4005F1040EA1464E
:10AD6000F44515D89A1A9200043A0135AC4538BF1B
:10AD70000022A318A65006B104331A1BA3424FEABF
:10AD8000A20208BF0023026108BF4361BDE8F0834F
:10AD9000DEF8007007FA08F7374349F8047B5EF8DD
:10ADA000046BCE40DCE751F8047B46F8047FC5E72E
:10ADB0002346E2E7A0F13003092B02D82038C0B2C5
:10ADC0007047A0F16103052B01D84738F7E7A0F1E0
:10ADD0004103052B01D82738F1E700207047000018
:10ADE0002DE9F04F85B00F4602930B680190914614
:10ADF0009C1C20783028A04604F10104F9D0A8EB6F
:10AE00000303A3F1020BFFF7D5FF8246002838D1D8
:10AE10009F4901224046FFF7C2F80546002863D14A
:10AE200098F801002646FFF7C5FF00285ED020787D
:10AE30003028A04604F10104F9D0FFF7BBFFB0FAB7
:10AE400080F4640935464FF0010BC24656460AF1BC
:10AE5000010A3078FFF7AEFF0028F7D18C490122B4
:10AE60003046FFF79CF878B945B9554656460AF181
:10AE7000010A3078FFF79EFF0028F7D1AD1BAD0027
:10AE800004E000242546E0E7002DF7D1337803F0F5
:10AE9000DF03502B37D173782B2B29D02D2B2BD0C0
:10AEA000711C4FF0000A0878FFF784FF431EDBB2E5
:10AEB000182B28D8A0F1100211F8010FFFF77AFF24
:10AEC000431EDBB2182B1AD9BAF1000F00D0524240
:10AED00015443960CCB1BBF1000F0CBF0627002729
:10AEE000384605B0BDE8F08F464655460124CDE70B
:10AEF0004FF0000AB11CD6E74FF0010AFAE70A2327
:10AF000003FB0200D6E73146E3E7A6EB0803013B6B
:10AF10002146072B0ADC019800F032FC044640B9B8
:10AF20005C4B0246E4215C4801F052FB01315B10AE
:10AF3000EFE700F1140A002357469B46B04537D38C
:10AF400047F804BBA7EB0A07BB102361584600F083
:10AF500007FDD9F80060C0EBC707B74254DDBF1B3F
:10AF60003946204601F0B2F8804678B17B1E59116F
:10AF700003F01F025AF821104FF0010808FA02F2FC
:10AF80000A4203D0434536DC4FF0020839462046DA
:10AF9000FFF7C0FE3D44D9F80830AB4242DA0198D1
:10AFA000214600F02BFC0E9A00231360A32797E79D
:10AFB00016F8012D2E2A12D0202B04D147F804BBFD
:10AFC0004FF0000B5B4630780393FFF7F3FE039BD3
:10AFD00000F00F0098404BEA000B0433AEE7B04599
:10AFE000EAD82B49039301223046FEF7D8FF039B92
:10AFF0000028E1D1A2E7B91E204601F067F8002839
:10B00000C2D04FF00308C1E709DAF71B21460198C7
:10B010003A4600F019FEED1B044600F1140A4FF009
:10B020000008B8E7D9F80430AB426FDD5D1BAE42D3
:10B0300034DCD9F80C30022B22D0032B24D0012B86
:10B0400015D1AE4213D1012E0BD1029AD9F804309A
:10B05000136001232361CAF800300E9B62271C6035
:10B060003EE7711E204601F031F80028EDD101982D
:10B07000214600F0C3FB0E9A0023136050272FE7F0
:10B080000F9B002BF3D1E0E70F9B002BDDD1EEE708
:10B090001CE40008ABE40008BCE400086F1EB8F133
:10B0A000000F30D127B13946204601F00FF8804615
:10B0B0007A1101235AF8222007F01F07BB401342E0
:10B0C0002946204618BF48F00208761BFFF722FEEB
:10B0D000D9F804500227B8F1000F42D0D9F80C304B
:10B0E000022B15D0032B17D0012B09D118F0020F1A
:10B0F00006D0DAF8003048EA030818F0010F0ED144
:10B1000047F010072DE04FF00108D1E70127E2E7F3
:10B110000F9BC3F101030F930F9B002BF0D0D4F8CA
:10B1200010A004F1140303EB8A0100201A68B2F1A5
:10B13000FF3F1BD001321A60022F04F114033CD1EF
:10B14000D9F80020013AB24209D17111012253F815
:10B15000213006F01F0602FA06F61E423AD147F0E9
:10B1600020070E9B1C60029B1D60B9E643F8040B90
:10B170009942DBD8A3689A4517DB616801980131D1
:10B1800000F0FEFA804618B91A4B02468421CAE63E
:10B190002269023204F10C0192000C30FEF744FFE8
:10B1A0002146019800F02AFB444623695A1C04EB0F
:10B1B0008303226101225A61BEE7226952450BDDF9
:10B1C00001212046FFF7A6FDD9F808300135AB4232
:10B1D000FFF6E5AE0127C2E716F01F06FAD003EB33
:10B1E0008A03C6F1200653F8040C00F0B9FBB04204
:10B1F000E6DBEFE7ABE40008C2F10802920070B5AD
:10B20000C2F120064368046803FA06F52C43D340D4
:10B21000046040F8043F8842F4D370BD30B5036841
:10B220000139013311F8014F14B90360012030BD19
:10B2300013F8012BA2F14105192D98BF2032A2422B
:10B24000F0D00020F3E72DE9F04F0B6887B05E11D6
:10B25000029013F01F0302EB86060193029B18BFB6
:10B2600004360025371F196846F8045C9046B94635
:10B270003C46AB46AA464A784B1C039332B3104671
:10B2800005910492FFF796FD002851D1049A059983
:10B29000202A16D8DA4512DD4C4506D2072D04DCEB
:10B2A0002A4649462046FFF7A7FF444553D90023C5
:10B2B000A4F1040944F8043CD3464C461D460399C6
:10B2C000D9E7292A59D1029B02311960BAF1000F3E
:10B2D00053D04C4506D2072D04DC2A464946204669
:10B2E000FFF78AFF444538D9A8F10402234653F8F2
:10B2F000041B42F8041F9F42F9D23B1B23F00303B7
:10B300000134033EB44288BF002308F10402134411
:10B3100000211A4604339F421160FAD23B681BB9E0
:10B32000474528D101233B60052007B0BDE8F08FD9
:10B330000135082D0AF1010A06DD4445BFD9002375
:10B3400044F8043C0125043C226800F00F0040EA68
:10B3500002102060B3E70825B1E7019B002BDDD088
:10B36000C3F120034FF0FF32DA4056F8043C13409B
:10B3700046F8043CD2E7043FD0E70420D5E70000BC
:10B38000024B0146186800F025B800BF7C01002080
:10B3900070B50F4C0E462168054611B901F0D4F87E
:10B3A00020603146284601F0CFF8431C03D14FF00E
:10B3B000FF34204670BDC41C24F00304A042F8D022
:10B3C000211A284601F0C0F80130F2D1EFE700BFA2
:10B3D000644700202DE9F843CD1C25F0030508350E
:10B3E0000C2D38BF0C25002D064601DBA94204D9DF
:10B3F0000C2333600020BDE8F883334F00F0B4F92C
:10B400003B681C463CBB29463046FFF7C1FF431C46
:10B41000044656D13C68A046B8F1000F40D1002C3C
:10B4200049D023684146304604EB030901F08CF80B
:10B43000814540D121686D1A29463046FFF7A8FFA3
:10B44000013038D023682B4423603B685A685ABBCC
:10B45000C7F800800EE02268521B1ED40B2A16D9B2
:10B460006119A342256018BF5960636808BF39603D
:10B4700062514B60304600F07DF904F10B00231D52
:10B4800020F00700C21A1CBF1B1AA350B3E7626862
:10B49000A3420CBF3A605A60ECE723466468B1E708
:10B4A0004446D8F80480B7E71A465B68A342FBD14C
:10B4B00000235360DEE70C233360304600F05AF976
:10B4C00098E70560D6E700BF6847002082B001B961
:10B4D00001A942B14BB113780B601278101E18BF4E
:10B4E000012002B070471046FBE76FF00100F8E75B
:10B4F0009368013B002B10B4936007DA9469A34270
:10B5000001DB0A2902D110BC00F0EEBE1368581C02
:10B5100010601970084610BC7047F8B506460F4613
:10B520001446D518AC4201D1002007E014F8011BE5
:10B530003A463046FFF7DCFF431CF3D1F8BD00006C
:10B540002DE9F04706469CB00D4614461F4618B13B
:10B55000036A0BB9FDF7BEFD6B6ED90705D4AB8945
:10B560009A0502D4A86DFEF758FDAB891B0701D5DB
:10B570002B699BB92946304600F0F4FE70B16B6E22
:10B58000DE0704D54FF0FF301CB0BDE8F087AB8973
:10B590009C05F7D4A86DFEF741FDF3E7002309935E
:10B5A00020238DF82930039730236A4F8DF82A30F5
:10B5B0004FF0010823461A7899461AB1252A03F15B
:10B5C0000103F8D1B9EB040A0BD0534622462946B1
:10B5D0003046FFF7A2FF013000F0A380099A5244E1
:10B5E000099299F80030002B00F09B8000224FF068
:10B5F000FF33CDE9053209F10109049207928DF874
:10B6000053201A924C46052214F8011B5148F4F7B6
:10B610008FFD049AD0B9D00644BF20238DF8533053
:10B62000110744BF2B238DF8533099F800302A2B93
:10B6300013D007994B4600204FF00A0C1A78303A85
:10B64000092A1C464AD9A8B1079113E0C01B08FA81
:10B6500000F010430490A146D4E7039B191D1B681A
:10B660000391002BBBBF5B4242F00202079307939A
:10B67000B8BF049223782E2B0AD163782A2B32D1BB
:10B68000039B1A1D1B68039243EAE373023405937C
:10B69000DFF8D090217803224846F4F749FD38B10D
:10B6A000049BA0EB09004022824013430134049321
:10B6B000217829488DF828100622F4F739FD002852
:10B6C0003ED0264818BB039B073323F007030833FB
:10B6D0000393099B0344013409936BE701330CFB8B
:10B6E00001210120AAE700230593611C18464FF0B1
:10B6F0000A0C0A78303A092A0C4603D9002BC7D025
:10B700000590C5E701310CFB00200123F1E703ABF5
:10B7100000932A46124B04A93046FDF789F8431CD2
:10B72000D7D16B6ED90705D4AB899A0502D4A86D21
:10B73000FEF774FCAB895B063FF524AF099823E75D
:10B7400003AB00932A46064B04A93046FDF70AFBDB
:10B75000E5E700BF25E500082FE50008318800086F
:10B760001BB500082BE500080148FEF756BC00BFDA
:10B77000604700200148FEF751BC00BF6047002031
:10B7800070B5C46905460E4684B91020FFF7F8FD70
:10B790000446E86128B90246164B17486B2100F0B1
:10B7A00017FF0023C0E901330360C360E36853B9A6
:10B7B00021220421284600F029FFEB69E060DB68C4
:10B7C0000BB9002070BD53F8260030B1026843F871
:10B7D00026200023C0E90333F4E7012101FA06F42F
:10B7E000621D9200284600F011FF0028E9D0C0E950
:10B7F0000164EEE733E4000836E5000870B5C4697B
:10B8000006460D4674B91020FFF7BAFD0246F061F6
:10B8100020B9094B09488F2100F0DAFEC0E9014444
:10B820000460C4603DB1F3696A68DB6853F82210B4
:10B83000296043F8225070BD33E4000836E5000863
:10B840002DE9F0410D6907460C461E4601F1140C26
:10B850000020DCF8003099B202FB01611E0C0B0CD9
:10B8600002FB063389B2013001EB034185424CF8FB
:10B87000041B4FEA1346ECDC0EB3A368AB4219DCA1
:10B88000616838460131FFF77BFF804628B90246E0
:10B890000C4B0D48BA2100F09BFE2269023204F1E4
:10B8A0000C0192000C30FEF7BFFB21463846FFF733
:10B8B000A5FF444604EB850301355E612561204602
:10B8C000BDE8F081ABE4000836E500082DE9F84357
:10B8D000884614461F4609220833064693FBF2F3B6
:10B8E000002101229A4209DB3046FFF749FF40B9A7
:10B8F0000246194B1948D32100F06AFE520001316B
:10B90000F0E7089B4361092C4FF00103036108DC59
:10B9100008F10A050924641B2B199F4212DCBDE8BB
:10B92000F88308F10905A946A04419F8013B01462E
:10B93000303B0A223046FFF783FFC145F5D125444D
:10B94000083DE8E715F8013B0146303B0A22304646
:10B95000FFF776FFE0E700BFABE4000836E500083C
:10B96000B0F5803F034636BF030400201020B3F13A
:10B97000807F3CBF1B020830B3F1805F3CBF1B01DE
:10B980000430B3F1804F3CBF9B000230002B04DB3E
:10B990005B0001D50130704720207047036813F029
:10B9A000070201460BD0DA0722D4980749BF5B088B
:10B9B0009B0801200B605CBF0B600220704798B2AF
:10B9C000A0B91B0C1020DAB20AB908301B0A1A07FA
:10B9D00004BF1B0904309A0704BF9B080230DA0732
:10B9E00002D45B0806D001300B6070471046EAE7CE
:10B9F000002070472020704710B50C460121FFF74A
:10BA0000BFFE024628B9054B054840F2451100F03B
:10BA1000DFFD01234461036110BD00BFABE40008FA
:10BA200036E500082DE9F04FD1F81080D2F81090DB
:10BA3000C84585B00E46144604DB4B460C46C1464D
:10BA400016469846A368616809EB0807BB42B8BF71
:10BA50000131FFF795FE30B902464B4B4B484FF48E
:10BA6000B17100F0B5FD00F1140505EB870B2B4615
:10BA700000225B4522D306F1140101EB880304F197
:10BA8000140C0CEB890C029304F1150363458CBF75
:10BA9000002301230093ACEB0403153B9B080193A7
:10BAA000029B03918B420CD8002F03DD5BF8043D11
:10BAB000002B67D0076105B0BDE8F08F43F8042B79
:10BAC000D7E7B1F800A0BAF1000F28D004F11408AC
:10BAD000A9464FF0000E58F8042BD9F8003096B262
:10BAE0009BB20AFB0633D9F80060120C360C734483
:10BAF0000AFB026606EB13469BB243EA0643C445C3
:10BB000049F8043B4FEA164EE5D8009A019B002AFB
:10BB10004FEA830308BF00232B44C3F804E0039BD0
:10BB2000B3F802E00431BEF1000F29D02B6804F114
:10BB300014069846A9464FF0000A32880EFB02A26E
:10BB400002EB18429BB243EA024349F8043B56F821
:10BB5000043BD9F800804FEA134A1FFA88F30EFB22
:10BB60000A3303EB1243B4454FEA134AE5D8009E6B
:10BB7000019A002E4FEA820208BF00222A44536035
:10BB800004358DE7013F8FE7ABE4000836E5000898
:10BB90002DE9F843174612F0030280460D4607D000
:10BBA000264C013A002354F82220FFF749FE0546AF
:10BBB000BF103FD0D8F81C4094B91020FFF7E0FB2D
:10BBC0000446C8F81C0030B902461D4B1D4840F21F
:10BBD000B31100F0FDFC0023C0E901330360C36032
:10BBE000A66846B940F271214046FFF705FF0023E1
:10BBF000A060064603602C464FF0000907F00103E1
:10BC00007F1053B1294632464046FFF70BFF2146CD
:10BC100005464046FFF7F2FD67B1306838B9324655
:10BC200031464046FFF7FEFE3060C0F80090064601
:10BC30002C46E3E72846BDE8F88300BF2CE7000860
:10BC400033E4000836E500082DE9F84F0C46496852
:10BC50002669A36806EB6216074691464FEA621A08
:10BC600006F1010843450BDB3846FFF789FD054621
:10BC700048B902462B4B2C484FF4EF7100F0A8FC5A
:10BC800001315B00EEE700F1140100230A4618467B
:10BC9000534539DB20692AEAEA7A01EB8A0104F18B
:10BCA000140319F01F098C4603EB800030D0C9F152
:10BCB000200A4FF0000E1A68E34602FA09F242EA3F
:10BCC0000E02CBF8002053F8042B98420CF1040C20
:10BCD00022FA0AFEEFD8031B153B23F0030304F1FD
:10BCE0001502904238BF00231944C1F804E0BEF1A8
:10BCF000000F00D1B0463846C5F810802146FFF746
:10BD00007DFD2846BDE8F88F42F8040B0133BFE7FC
:10BD100053F8041BCCF8001098420CF1040CF7D82F
:10BD2000E8E700BFABE4000836E5000803690A69EC
:10BD30009B1A30B50ED11430143100EB820401EBA4
:10BD4000820154F8045D51F8042D954204D006D2C6
:10BD50004FF0FF33184630BDA042F2D3FAE701237B
:10BD6000F8E700002DE9F74F8A460646114650468F
:10BD70001446FFF7DBFF051E12D129463046FFF7B8
:10BD8000FFFC024628B9414B40F23721404800F001
:10BD90001FFC0123C0E90435104603B0BDE8F08F55
:10BDA000BCBF5346A2463046DAF80410BABF1C4660
:10BDB00001250025FFF7E4FC024618B9334B40F299
:10BDC0004521E3E7DAF810702669C5600AF1140925
:10BDD00004F1140E00F114050AF1100309EB8708B1
:10BDE0000EEB86060193AB464FF0000C019B5EF80C
:10BDF000040B53F804AF01931FFA8AF183B2CB1AF4
:10BE0000000C6344C0EB1A4000EB23409BB243EAB2
:10BE1000004376454BF8043B4FEA204CE6D8331BF1
:10BE2000153B153423F00303A64238BF0023E8185E
:10BE30004B441C1D04302646A5EB090546450ED390
:10BE400008F10301091B21F003010133984538BFB4
:10BE50000021014451F8043DABB117619CE706EBAA
:10BE6000050E56F8041BE2464FEA11491CFA81FC04
:10BE7000514409EB2C4989B241EA09414FEA294C66
:10BE8000CEF80010DAE7013FE4E700BFABE40008BA
:10BE900036E5000882B08DED000B019A0F4B134080
:10BEA000A3F15073002B08DC5B42B3F1A07F4FEA93
:10BEB000235204DA4FF400231341002208E0A2F1D8
:10BEC00014031E2BDABF4FF00042DA400122002398
:10BED0001946104641EC100B02B070470000F07F8D
:10BEE000F8B5056900F1140606EB85052F1F55F816
:10BEF000044C2046FFF734FDC0F120030A280B60F4
:10BF000016DCC0F10B0C24FA0CF1BE4241F07F5359
:10BF100034BF55F8081C0021153004FA00F021FA4E
:10BF20000CF143F4401301430A4643EC102BF8BDD7
:10BF3000BE423ABF55F8081CA5F1080700210B388E
:10BF400012D0C0F1200521FA05F384401C43B7420A
:10BF500044F07F538CBF57F8044C00248140EC40E0
:10BF600043F440132143DFE744F07F5343F440138D
:10BF7000DAE700002DE9F7430F46012159EC108B59
:10BF80001646FFF7FDFB054630B90246234B244811
:10BF900040F20F3100F01CFBC9F30A54C9F313033C
:10BFA0000CB143F480130193B8F1000323D0684629
:10BFB0000093FFF7F3FC0099D8B1019AC0F1200378
:10BFC00002FA03F30B43C2406B610192019BAB6128
:10BFD000002B0CBF012202222A61A4B1A4F2334437
:10BFE00004443C60C0F135003060284603B0BDE831
:10BFF000F0836961EAE701A8FFF7D0FC019B6B6160
:10C0000020300122E8E705EB8203A0F232403860DD
:10C010001869FFF7A5FCC0EB4210E5E7ABE40008A8
:10C0200036E50008F7B50E4669460746FFF758FFA4
:10C0300001A9304655EC104BB0EE407AF0EE607A34
:10C04000FFF74EFF33693A69D21ADDE900369B1BD0
:10C0500003EB4213002BD4BF10EE902A17EE902A68
:10C0600051EC100BD6BFC3EB033302EB035502EBCD
:10C0700003510B46024629462046F4F797FB41EC54
:10C08000100B03B0F0BD013970B5491114690131CD
:10C0900002F1140300EB810103EB8404051FA342AA
:10C0A0000CD3A31A113B23F003031132944238BF7F
:10C0B000002318440023884205D370BD53F8046B55
:10C0C00045F8046FEBE740F8043BF4E700F1140295
:10C0D00000694B11984210B511DB0ADD11F01F0108
:10C0E00007D052F8234024FA01F000FA01F18C4203
:10C0F0000BD102EB8303934203D8002010BD03460B
:10C10000F7E753F8041D0029F5D00120F6E710B534
:10C110000C46B1F90E1000F005FA0028ABBF636DB4
:10C12000A3891B1823F48053ACBF6365A38110BDA2
:10C130002DE9F0411F468B89DB0505460C46164666
:10C1400005D5B1F90E100223002200F0D9F9A38918
:10C15000B4F90E1023F48053A38132463B4628469F
:10C16000BDE8F04100F000BA10B50C46B1F90E1070
:10C1700000F0C6F9B4F90C30421C0BBF23F4805315
:10C1800043F48053A381A38118BF606510BDB1F94A
:10C190000E1000F0FBB90000B1F90C202DE9F041C0
:10C1A000160705460C4651D44B68002B02DC0B6C7D
:10C1B000002B49DDE66A002E46D0002312F480529F
:10C1C0002F682B6031D0626DA389590705D563684C
:10C1D000D21A636B0BB1236CD21A0023E66A216A70
:10C1E0002846B047421CB4F90C3006D129681D29F5
:10C1F00045D8284ACA40D60741D500226260D904F2
:10C200002269226004D5421C01D12B6803B9606504
:10C21000616B2F60C1B104F14403994202D02846FA
:10C2200000F008FA002363630EE0216A0123284628
:10C23000B0470246501CC7D12B68002BC4D01D2B21
:10C2400001D0162B1AD12F6000201DE00F69002F9E
:10C25000FAD093070E6808BF4B690F6018BF002320
:10C26000A6EB07088B60B8F1000FEDDD216AA66A26
:10C2700043463A462846B047002807DCA38943F0E6
:10C280004003A3814FF0FF30BDE8F0810744A8EBE5
:10C290000008E8E70100402038B50B6905460C4668
:10C2A00013B91D46284638BD18B1036A0BB9FCF70F
:10C2B00011FFB4F90C30002BF3D0626ED00704D418
:10C2C000990502D4A06DFDF7A8FE28462146FFF788
:10C2D00063FF636EDA070546E4D4A3899B05E1D4C6
:10C2E000A06DFDF79BFEDDE7F8B505460F46144649
:10C2F00018B1036A0BB9FCF7EDFEA369A360A3892B
:10C300001A0701D5236943B92146284600F02AF8C7
:10C3100018B14FF0FF363046F8BD23692068C01AC7
:10C320006369834205DC21462846FFF7B5FF0028F4
:10C33000EFD1A368013BA36023685A1C22601F70E1
:10C34000636901308342FEB204D0A389DB07E2D5E2
:10C350000A2EE0D121462846FFF79EFF0028DAD0BA
:10C36000D7E7000038B5284B054618680C4618B1C9
:10C37000036A0BB9FCF7AEFEB4F90C30190720D4F0
:10C38000DA0607D409222A6043F04003A3814FF064
:10C39000FF3031E0580711D5616B41B104F144031E
:10C3A000994202D0284600F045F900236363002239
:10C3B000A38962602269226023F0240343F008030A
:10C3C000A38123694BB9A38903F42073B3F5007FDC
:10C3D00003D02146284600F04AF8B4F90C3013F097
:10C3E00001020AD00022A26062695242A26122695F
:10C3F00042B913F08000C7D138BD990758BF6269B0
:10C40000A260F4E70020F7E77C01002049B1FF2A91
:10C4100085BF8A2303600A704FF0FF3098BF012068
:10C4200070470846704770B50E46B1F90E100029E6
:10C4300096B014461D460ADAB28912F0800213D172
:10C440004FF4806100202A60216016B070BD6A46FA
:10C4500000F0ACF80028EFDB019A02F47042A2F57C
:10C4600000535A425A41EBE700224021EAE78B8908
:10C4700073B59E0705460C4607D504F147032360B4
:10C4800023610123636102B070BD01AB6A46FFF70F
:10C49000CAFF009E28463146FEF79CFFB4F90C30D7
:10C4A00038B99A05EFD423F0030343F00203A381C4
:10C4B000E3E743F08003A381019B2060C4E9040605
:10C4C000002BE0D0B4F90E10284600F009F800283F
:10C4D000D9D0A38923F0030343F00103A381D2E75A
:10C4E00038B5064C0023054608462360FAF77AFA69
:10C4F000431C02D1236803B12B6038BD6C47002078
:10C5000038B5074C054608461146002222601A46F7
:10C51000FAF76AFA431C02D1236803B12B6038BDD5
:10C520006C47002038B5074C0546084611460022E6
:10C5300022601A46FAF730FA431C02D1236803B18D
:10C540002B6038BD6C47002038B5064C00230546EB
:10C5500008462360FAF74AFA431C02D1236803B164
:10C560002B6038BD6C47002038B5074C054608469F
:10C570001146002222601A46FAF71CFA431C02D127
:10C58000236803B12B6038BD6C47002038B5064CDA
:10C590000023054608462360FAF71AFA431C02D125
:10C5A000236803B12B6038BD6C47002038B5074CB9
:10C5B00000230546084611462360FAF70DFA431C8E
:10C5C00002D1236803B12B6038BD00BF6C47002047
:10C5D0001FB51D46094B1B680646D86852B1084C6A
:10C5E0000091CDE90142074933462A4600F06EF832
:10C5F00000F07EF8044C2246F2E700BF7C010020E8
:10C6000098E50008A5E50008D3E5000870B5A1FB92
:10C61000026535B93146FEF7DDFE044628B92046ED
:10C6200070BD0C2303600024F9E732462946FDF76C
:10C63000AEFCF4E737B5002944D051F8043C019032
:10C64000002BA1F10404B8BFE418FFF78DF81E4ACF
:10C650000198136833B96360146003B0BDE83040DB
:10C66000FFF788B8A34208D9256861198B4201BF3A
:10C6700019685B6849192160EDE71A465B680BB1E0
:10C68000A342FAD911685518A5420BD12468214458
:10C690005418A3421160E0D11C685B6853600C44DD
:10C6A0001460DAE702D90C230360D6E72568611924
:10C6B0008B4204BF19685B68636004BF491921603D
:10C6C0005460CAE703B030BD684700200EB403B51C
:10C6D000014603AB054853F8042B00680193FEF7AD
:10C6E0002FFF02B05DF804EB03B070477C0100201F
:10C6F00008B5062000F02CF80120FAF747F91F29A9
:10C7000038B505460C4604D9162303604FF0FF30B8
:10C7100038BDC26B12B152F821304BB9284600F037
:10C7200031F8224601462846BDE8384000F018B8E6
:10C73000012B0AD0591C03D1162303600120E7E71F
:10C74000002142F82410204698470020E0E700002E
:10C75000024B01461868FFF7D2BF00BF7C010020E2
:10C7600038B5074C00230546084611462360FAF702
:10C7700005F9431C02D1236803B12B6038BD00BF0B
:10C780006C470020FAF7F8B800B52DED028B83B0A6
:10C79000B0EE408ACDED010A00F07CFADDED010A31
:10C7A000B4EE608AF1EE10FA06D6DFED0C7AF4EE04
:10C7B000670AF1EE10FA03D003B0BDEC028B00BDA6
:10C7C000CDED017AFDF7FEFBDDED017A87EEA70ADC
:10C7D0002123036003B0BDEC028B00BD000000000C
:10C7E00008B52DED048BB0EE409AF0EE609A00F0A3
:10C7F0007FF8B0EE408AF0EE608AB0EE490AF0EEC3
:10C80000690A00F065F878B119A3D3E9002351EC67
:10C81000190BF4F731F970B917A3D3E9002351ECE0
:10C82000190BF4F70BF998B9B0EE480AF0EE680A64
:10C83000BDEC048B08BD9FED0A8BFDF7C3FBB0EE8A
:10C84000480AF0EE680ABDEC048B2223036008BDA1
:10C85000FDF7B8FB22239FED048B0360E4E700BFE4
:10C86000000000000000F07F000000000000000059
:10C87000EF39FAFE422E864051302DD5104987C03F
:10C8800000B52DED028BB0EE408A83B000F02CF89D
:10C89000B4EE488AF1EE10FA06D6DFED0C7AB4EE6B
:10C8A000E78AF1EE10FA03D403B0BDEC028B00BDB1
:10C8B000CDED017AFDF786FBDDED017A87EEA70A63
:10C8C0002123036003B0BDEC028B00BD000000001B
:10C8D00082B08DED000B019840F0004000F5801013
:10C8E000C00F02B0704700BFB1EEC00A704700BF72
:10C8F0002DE9F04755EC104BD34925F000428A4210
:10C9000086B04FEAD5760CD9D0498A4270D9C5F3A2
:10C910001303234340F05481002E66D09FEDB20BE9
:10C9200063E0CB4B9A4200F21A81CA4B9A4240F222
:10C93000308122462B4620462946F3F70DFEACA354
:10C94000D3E9002306460F46F3F706FEAAA3D3E970
:10C950000023F3F749FC32463B46F3F7FDFDA8A35D
:10C96000D3E90023F3F742FC32463B46F3F7F4FDEC
:10C97000A5A3D3E90023F3F737FC32463B46F3F790
:10C98000EBFDA3A3D3E90023F3F730FC32463B468B
:10C99000F3F7E2FD02460B4620462946F3F724FC56
:10C9A000CDE90201DDE90289204642464B4629468F
:10C9B000F3F7D2FD002206460F464FF08043404673
:10C9C0004946F3F711FC02460B4630463946F3F769
:10C9D000EDFE22462B46F3F707FC02460B460020ED
:10C9E0009D49F3F701FC41EC100B06B0BDE8F08760
:10C9F00089A3D3E9002320462946F4F73DF80746EA
:10CA0000002840F0E88086A3D3E900232046294689
:10CA1000F4F714F8002840F03781904B204603EBE0
:10CA2000C606294680A3D3E90023F3F795FDD6E98E
:10CA30000023F3F7DBFBF4F73FF80646F3F722FD9C
:10CA40007BA3D3E9002307468846F3F785FD02461A
:10CA50000B4620462946F3F7C7FB02460B463846ED
:10CA6000414691469A4674A3D3E90023F3F774FD37
:10CA7000CDE90001DDE9002348465146F3F7B4FB58
:10CA800002460B4604460D46F3F766FD58A3D3E96C
:10CA9000002307468846F3F75FFD57A3D3E9002339
:10CAA000F3F7A2FB3A464346F3F756FD54A3D3E906
:10CAB0000023F3F79BFB3A464346F3F74DFD52A3A1
:10CAC000D3E90023F3F790FB3A464346F3F744FDDE
:10CAD0004FA3D3E90023F3F789FB3A464346F3F724
:10CAE0003BFD02460B4620462946F3F77DFB0746F1
:10CAF0008846204629463A464346CDE90278F3F770
:10CB00002BFDCDE90401002E3FF44CAF3A464346DD
:10CB100000204FF08041F3F767FB02460B46DDE94A
:10CB20000401F3F743FE02460B46DDE90001F3F78B
:10CB30005BFB4A465346F3F757FB0B460246464912
:10CB40000020F3F751FB6FF47F739E42C0F28E809A
:10CB500001EB065141EC100B06B0BDE8F087404BED
:10CB60009A423FF65AAF3F4B03EBC603D3E900238B
:10CB700020462946F3F738FB3B4B03EBC60393ED06
:10CB8000007B86F001038DED007B81468A469E1B6B
:10CB900070E72BA3D3E9002320462946F3F726FBB1
:10CBA0002D4B0022F3F768FF00283FF4C2AE2A4B5A
:10CBB000002220462946F3F719FB41EC100B14E73D
:10CBC00022462B4620462946F3F710FB41EC100B7A
:10CBD00006B0BDE8F087002006B0BDE8F04700F0E1
:10CBE000E7B900BFAFF300800000000000000000C4
:10CBF000D0A4BE726937663EF16BD2C541BDBB3E63
:10CC00002CDE25AF6A56113F93BDBE166CC1663F40
:10CC10003E5555555555C53FEF39FAFE422E8640D3
:10CC200051302DD5104987C0FE822B654715F73F3F
:10CC30000000E0FE422EE63F763C7935EF39EA3DD2
:10CC40009C7500883CE4377E412E8640FFFFEF7FD5
:10CC5000422ED63FFFFFEF3D0000F03F48E80008BE
:10CC6000B1A2F03F38E8000828E8000806F57A731A
:10CC700001EB035100224FF0B873F3F76DFC41EC68
:10CC8000100B06B0BDE8F087384606B0BDE8F047A7
:10CC900000F086B910EE903A30B523F00044621EE1
:10CCA000B2F1FF4F3FD210EE101A21F0004EBEF14C
:10CCB000FF4F38D2A6453ADB01F00042154600F09E
:10CCC0009D8011F0FF4F03F0FF4C49D14FEA0E2039
:10CCD0006FF07D024000002802F1FF32FADCBCF167
:10CCE000000F5BD123026FF07D0C5B000CF1FF3C69
:10CCF000FBD512F17E0F6CDA6FF07D00831AA0EB8A
:10CD00000C00B2EB0C020EFA03F104FA00F36DD042
:10CD1000013A03E03AD04100013A09D3C81A002889
:10CD2000F8DA4900F8E760EE200A80EEA00A30BD8C
:10CD3000CB1A48BF0B461BB928E05B000CF1FF3C47
:10CD4000B3F5000FF9DB1CF17E0F38DA6FF07D00D0
:10CD5000A0EB0C00034145EA030200EE102A30BDAF
:10CD60004FEAEE52BCF1000F16D0E415C1F31601E4
:10CD7000C3F31603121B41F4000143F40003A4F1B2
:10CD80007F0CC5D1CB1A002B18DBD6D1224B03EB7D
:10CD9000557393ED000A30BD7F3AA3E7E415A4F183
:10CDA0007F0C6FF07D01891AC3F31603A2EB0C020E
:10CDB00043F400030EFA01F1013AAFE70B46A3F585
:10CDC00000030CF17F0C2B4343EACC5300EE103AE6
:10CDD00030BD6FF07D00C1F31601A0EB0C0041F4F3
:10CDE0000001A2EB0C0204FA00F391E7CB1A002B2E
:10CDF0000ADBCBD0B3F5000F9FDBABE7064B03EBB1
:10CE0000527393ED000A30BD0029BFD0B1F5000F79
:10CE10000B4692DB9EE700BF58E8000808B52DEDF1
:10CE2000028BF0EE408AB0EE608A00F047F820B93D
:10CE3000B0EE480ABDEC028B08BDB0EE480A00F027
:10CE40003DF858B1F4EEC88AF1EE10FAC8BFB0EE62
:10CE5000688AB0EE480ABDEC028B08BDB0EE688A65
:10CE6000B0EE480ABDEC028B08BD00BF08B52DED41
:10CE7000028BF0EE408AB0EE608A00F01FF820B915
:10CE8000B0EE480ABDEC028B08BDB0EE480A00F0D7
:10CE900015F858B1B4EEE88AF1EE10FAC8BFB0EE5A
:10CEA000688AB0EE480ABDEC028B08BDB0EE688A15
:10CEB000B0EE480ABDEC028B08BD00BF10EE103A80
:10CEC00033F000400ED0A0F50003B3F1FE4F0DD3B8
:10CED000074B421E9A4207D9A0F1FF40B0FA80F0FA
:10CEE00040097047022070470320704704207047B4
:10CEF000FEFF7F0010EE103AC3F3C752002BA2F1E1
:10CF00007F01ACBF01204FF0FF301E290DDC00294E
:10CF10001ADBC3F31603162943F400030ADD963A1D
:10CF200003FA02F202FB00F07047FDEEC07A17EE42
:10CF3000900A70474FF480020A411A44C1F1170168
:10CF4000CA4002FB00F07047013118BF0020704753
:10CF500010B582B08DED000B0446FDF733F89DED62
:10CF6000000B046002B010BD00B5034683B051EC65
:10CF7000100B83B1024601F10043CDE90023DDE946
:10CF80000023F3F7E9FA41EC100B222003B05DF81F
:10CF900004EBFFF7DDBF02460B46EEE700000000A2
:10CFA0009FED010BFFF7E0BF000000000000001044
:10CFB0009FED010BFFF7D8BF0000000000000070DC
:10CFC00080EA104080EA102080EA101046F696139E
:10CFD00000F00F0043FA00F000F00100704700BFBE
:10CFE00038B50022002304460D46F3F727FD28B983
:10CFF00020462946BDE8384000F00AB8204605F131
:10D00000004100F005F8404261EB410138BD00BF2E
:10D0100070B50C4B002204460D46F3F79DFAF3F76A
:10D0200073FD0646F3F71EFA074B0022F3F794FA56
:10D0300002460B4620462946F3F7D6F8F3F764FD7F
:10D04000314670BD0000F03D0000F041F8B500BF72
:10D05000F8BC08BC9E467047F8B500BFF8BC08BCD9
:04D060009E46704731
:10D0680000070E091C1B1215383F363124232A2DC0
:10D0780070777E796C6B6265484F464154535A5DB0
:10D08800E0E7EEE9FCFBF2F5D8DFD6D1C4C3CACDA0
:10D0980090979E998C8B8285A8AFA6A1B4B3BABD90
:10D0A800C7C0C9CEDBDCD5D2FFF8F1F6E3E4EDEA80
:10D0B800B7B0B9BEABACA5A28F88818693949D9A70
:10D0C8002720292E3B3C35321F18111603040D0A60
:10D0D8005750595E4B4C45426F68616673747D7A50
:10D0E800898E878095929B9CB1B6BFB8ADAAA3A440
:10D0F800F9FEF7F0E5E2EBECC1C6CFC8DDDAD3D430
:10D10800696E676075727B7C51565F584D4A43441F
:10D11800191E171005020B0C21262F283D3A33340F
:10D128004E49404752555C5B7671787F6A6D6463FF
:10D138003E39303722252C2B0601080F1A1D1413EF
:10D14800AEA9A0A7B2B5BCBB9691989F8A8D8483DF
:10D15800DED9D0D7C2C5CCCBE6E1E8EFFAFDF4F3CF
:10D16800000000000000000001020304060708098F
:10D1780000000000010203040D0A0D0A0D0A0D0A41
:10D188000D0000003E3E2041746865616E204D6FC1
:10D19800746F7220436F6E74726F6C6C6572203C92
:10D1A8003C0D00003E3E2056657273696F6E3A2052
:10D1B80025642E25642E2564203C3C0D0A000000C1
:10D1C8003E3E20496E76616C69642F756E696E69A2
:10D1D8007469616C697A656420636F6E66696775E6
:10D1E800726174696F6E3B207573696E6720524176
:10D1F8004D2064656661756C7473202843414E2028
:10D2080052583D312054583D3029203C3C0D0000F7
:10D218003E3E204452563833323320636F6E66697F
:10D228006775726174696F6E2F726561646261639C
:10D238006B206661696C65643B206D6F746F72204A
:10D248006D6F64652072656D61696E73206C6F63C4
:10D258006B6564203C3C0D00436865636B696E67D1
:10D26800207068617365207369676E2C20706F6C1D
:10D27800652070616972730D0000000043616C697C
:10D2880062726174696F6E206661696C65643A20C8
:10D29800696E76616C696420656E636F646572207F
:10D2A800646973706C6163656D656E7420252E34D6
:10D2B80066207261640D0A0043616C696272617470
:10D2C800696F6E206661696C65643A206D6561738B
:10D2D8007572656420706F6C652070616972732067
:10D2E8002564202864656C746120252E34662072BC
:10D2F8006164290D0A0000005068617365206F722F
:10D3080064657220636F72726563740D00000000BB
:10D318005377617070696E672070686173652073F8
:10D3280069676E0D00000000506F6C6520506169E0
:10D3380072733A2025640D0A00000000537461726C
:10D34800743A20252E3366202020456E643A202525
:10D358002E33660D0A000000506F6C65205061691D
:10D368007273203E2025642C2072656D616C6C6F91
:10D3780063206572726F725F6172725B5D207369A0
:10D388007A652E0D0A0000005374617274696E6725
:10D39800206F66667365742063616C20616E64201B
:10D3A8006C696E656172697A6174696F6E0D0000EF
:10D3B800256420256420256420252E33660D0A0067
:10D3C8002564202025640D0A000000006C6F6F7032
:10D3D8005F636F756E743A20256C750D0A00000046
:10D3E8000A0D4641554C540A0D0000005644535F3F
:10D3F8004F43500A0D0000004744460A0D00000044
:10D4080055564C4F0A0D00004F5453440A0D000066
:10D418005644535F48410A0D000000005644535FCC
:10D428004C410A0D000000005644535F48420A0D63
:10D43800000000005644535F4C420A0D00000000F3
:10D448005644535F48430A0D000000005644535F9A
:10D458004C430A0D0000000053415F4F430A0D0082
:10D4680053425F4F430A0D0053435F4F430A0D0079
:10D478004F54570A0D000000435055560A0D00003E
:10D488005647535F48410A0D000000005647535F56
:10D498004C410A0D000000005647535F48420A0DF0
:10D4A800000000005647535F4C420A0D0000000080
:10D4B8005647535F48430A0D000000005647535F24
:10D4C8004C430A0D0000000020436F6D6D616E64CF
:10D4D800733A0D00206D2020202D204D6F746F723F
:10D4E800204D6F64650D000020632020202D20430F
:10D4F800616C69627261746520456E636F64657200
:10D508000D00000020732020202D205365747570B5
:10D518000D00000020652020202D20446973706CC8
:10D52800617920456E636F6465720D00207A202052
:10D53800202D20536574205A65726F20506F7369CF
:10D5480074696F6E0D00000020657363202D2045FF
:10D5580078697420746F204D656E750D00000000A9
:10D568000D0A20436F6E66696775726174696F6E24
:10D57800204F7074696F6E73200A0D006D696E001C
:10D58800706172616D657465720000007072656625
:10D598006978000020252D347320252D3331732020
:10D5A800252D357320252D367320252D32730D0A30
:10D5B8000000000063757272656E742076616C7588
:10D5C800650000006D6178000D0A204D6F746F7260
:10D5D8003A0D000030000000476561722052617406
:10D5E800696F00006700000020252D347320252D69
:10D5F80033317320252D357320252D367320252EA4
:10D6080033660A0D000000002D000000546F72718F
:10D61800756520436F6E7374616E7420284E2D6D8E
:10D628002F4129006B00000020252D347320252D63
:10D6380033317320252D357320252D367320252E63
:10D6480035660A0D000000000D0A20436F6E7472E3
:10D658006F6C3A0D00000000313030004375727273
:10D66800656E742042616E64776964746820284826
:10D678007A2900006200000020252D347320252D12
:10D6880033317320252D357320252D367320252E13
:10D6980031660A0D00000000323030300000000012
:10D6A800302E300043757272656E74204C696D6956
:10D6B80074202841290000006C00000036302E300C
:10D6C800000000004D617820506F736974696F6EB7
:10D6D80020536574706F696E742028726164290024
:10D6E800700000004D61782056656C6F636974792D
:10D6F80020536574706F696E742028726164292FD5
:10D7080073000000760000004D617820506F736947
:10D7180074696F6E204761696E20284E2D6D2F72D7
:10D728006164290078000000313030302E3000006C
:10D738004D61782056656C6F63697479204761691B
:10D748006E20284E2D6D2F7261642F732900000002
:10D7580064000000352E300046572043757272650C
:10D768006E74204C696D69742028412900000000FE
:10D778006600000033332E300000000054656D70E1
:10D78800204375746F666620284329202830203D81
:10D79800206E6F6E6529000068000000313530008A
:10D7A800436F6E74696E756F757320437572726519
:10D7B8006E742028412900006300000034302E30A8
:10D7C8000000000043616C6962726174696F6E20C9
:10D7D80043757272656E742028412900610000004B
:10D7E80032302E30000000000D0A2043414E3A0D21
:10D7F8000000000043414E20494400006900000039
:10D8080020252D347320252D33317320252D357394
:10D8180020252D367320252D35690A0D00000000BE
:10D828003132370043414E2054582049440000000B
:10D838006D00000043414E2054696D656F7574207A
:10D84800286379636C6573292830203D206E6F6EDC
:10D85800652900007400000020252D347320252D33
:10D8680033317320252D357320252D3673202564FB
:10D878000A0D00003130303030300000200A0D2011
:10D88800546F206368616E676520612076616C75EE
:10D89800652C207479706520277072656669782711
:10D8A8002776616C75652727454E544552270A0D22
:10D8B80020652E672E202762313030302727454ECD
:10D8C800544552270D0A200056414C554553204EC9
:10D8D8004F542041435449564520554E54494C20F5
:10D8E800504F574552204359434C4521200A0D0AB1
:10D8F8000D00000043616C6962726174696F6E208B
:10D9080072656A65637465643B2070726576696FD9
:10D91800757320636F6E66696775726174696F6E7F
:10D9280020726573746F7265642E0D00455F5A45E9
:10D93800524F3A202564202025660D0A0000000079
:10D94800436F6E66696775726174696F6E20736183
:10D9580076652072656A65637465643B20707265DC
:10D9680076696F7573206461746120707265736580
:10D97800727665642E0D0000495F42572073657406
:10D9880020746F2025660D0A0000000043414E5F99
:10D9980049442073657420746F2025640D0A0000C3
:10D9A80043414E5F54585F49442073657420746F37
:10D9B8002025640D0A000000495F4D415820736519
:10D9C8007420746F2025660D0A000000495F4657D1
:10D9D8005F4D41582073657420746F2025660D0AC9
:10D9E8000000000043414E5F54494D454F555420B7
:10D9F80073657420746F2025640D0A0054454D50DA
:10DA08005F4D41582073657420746F2025660D0A98
:10DA180000000000495F4D41585F434F4E5420734A
:10DA2800657420746F2025660D0A0000495F434124
:10DA38004C2073657420746F2025660D0A00000061
:10DA480047522073657420746F2025660D0A000004
:10DA58004B542073657420746F2025660D0A0000EE
:10DA68004B505F4D41582073657420746F202566B4
:10DA78000D0A00004B445F4D4158207365742074B3
:10DA88006F2025660D0A0000505F4D4158207365D0
:10DA98007420746F2025660D0A000000565F4D4102
:10DAA800582073657420746F2025660D0A000000E5
:10DAB8000D0A2027256327204E6F74206120766188
:10DAC8006C696420636F6D6D616E64207072656649
:10DAD80069780D0A0D0A00005A65726F2073617625
:10DAE800652072656A65637465643B20707265764B
:10DAF800696F7573206461746120707265736572F3
:10DB08007665642E0D0000000A0D202053617665AD
:10DB180064206E6577207A65726F20706F73697400
:10DB2800696F6E3A202025640A0D0A0D0000000076
:10DB38005261773A202535640000000020204C69A6
:10DB48006E656172697A656420436F756E743A20F8
:10DB580025356400202053696E676C652054757202
:10DB68006E3A2520342E33660000000020204D75C3
:10DB78006C7469205475726E3A2520352E33660010
:10DB88002020456C656374726963616C3A252035A1
:10DB98002E33660020205475726E733A2520326445
:10DBA80000000000202056616C69643A2575000069
:10DBB80020205350493A256C750000002020506100
:10DBC800726974793A256C7500000000202045467A
:10DBD8003A256C750D0A00000001020605000000D8
:10DBE800000000002975493CDF6EC93C6F0E173DE7
:10DBF8003160493D8FA97B3D38F4963D6B0EB03DB1
:10DC08004721C93D5E2EE23DEC2FFB3D7F130A3EC6
:10DC1800698C163E76FD223EA5662F3E97CA3B3E8E
:10DC28004A29483E807D543EDAC9603E560E6D3E14
:10DC3800F54A793E3CBD823E0FD1883EA4DF8E3E38
:10DC4800FBE8943EC4EB9A3EFFE7A03EFCDEA63E0E
:10DC58006CCFAC3E4EB9B23EA29CB83E1878BE3EE0
:10DC6800B24BC43EBD18CA3EECDDCF3EED99D53E61
:10DC7800614FDB3E59FAE03EC39EE63EB038EC3ECB
:10DC880071C9F13E5452F73EBBD0FC3E5322013FCE
:10DC9800B2D7033FD387063FB532093F5AD80B3F67
:10DCA800C0780E3F4013113F82A8133FDF37163F5D
:10DCB80055C1183FE5441B3F8FC21D3F543A203FD2
:10DCC8008AAB223FDB16253F9E7B273FD3D9293FCE
:10DCD8007B312C3FED812E3F79CC303FD00F333F45
:10DCE800F14B353F8481373FE2AF393F0AD73B3F9D
:10DCF800FDF63D3F130F403F9B20423F9E29443F86
:10DD0800132C463F0326483FBD184A3F9B034C3F10
:10DD1800F3E54D3F16C14F3FB493513F745E533FF7
:10DD28005721553F0EDB563F8F8D583FE3365A3FFC
:10DD3800B2D75B3FA4705D3F69005F3F5188603F89
:10DD48000C07623F9A7C633FA3E9643F274E663F16
:10DD58007EA9673F50FC683F4E456A3FC6856B3FCA
:10DD680012BD6C3F31EB6D3F23106F3F412B703F6D
:10DD7800D93D713F9D46723F3546733F9F3C743F86
:10DD88003529753F9E0C763F32E6763F9AB6773F47
:10DD98002C7D783FEB39793F7CED793F39977A3F95
:10DDA80022377B3F36CD7B3F75597C3F87DC7C3FF4
:10DDB8001D557D3F87C47D3F74297E3F34857E3F56
:10DDC80077D67E3F8E1E7F3F295C7F3FEF8F7F3F58
:10DDD80088BA7F3FA5DA7F3FEDF07F3F61FD7F3F47
:10DDE8000000803F23F87F3F19E77F3F92CB7F3FBA
:10DDF80037A67F3FAF777F3FAB3E7F3FD2FB7E3F6B
:10DE080025AF7E3FA3587E3F4DF87D3F228E7D3F54
:10DE1800221A7D3F4E9C7C3FA5147C3F27837B3F85
:10DE2800D5E77A3F57437A3F0395793FDBDC783F64
:10DE3800DF1A783FB54F773FB77A763FE59B753F56
:10DE4800E5B3743FB9C2733FB9C7723F8BC3713F23
:10DE580031B6703F029F6F3FA67E6E3F1D556D3FE6
:10DE680068226C3F86E66A3F1FA2693FE353683F1A
:10DE780022FD663F349D653F1A34643F22C3623FEA
:10DE88005648613FACC55F3FD6395E3F7AA55C3FD7
:10DE98009A085B3F3563593F4AB5573F82FF553F64
:10DEA8008E40543F637A523FB4AB503F80D44E3FCC
:10DEB8006FF54C3F280F4B3F5C20493FB329473F44
:10DEC800D42B453F1826433F7E18413FB0033F3FC0
:10DED800ABE73C3F72C43A3F5B99383FB667363F81
:10DEE800DC2E343FCCEE313F2FA82F3F5C5A2D3F1C
:10DEF800FB052B3F0DAB283F9049263F2EE2233FE1
:10DF08009773213F19FF1E3FB6841C3FC5031A3F74
:10DF1800957D173FD8F0143FDD5E123FFCC60F3FDA
:10DF280035290D3F2F860A3FECDD073F6A30053F54
:10DF3800AA7D023F598BFF3E3012FA3E8A8EF43E8C
:10DF48000803EF3E096DE93EDDCDE33E8525DE3E63
:10DF58004F75D83E3CBDD23EFCFBCC3EDF32C73EBF
:10DF68003563C13E5D8ABB3E47ACB53E05C5AF3E95
:10DF780084D8A93E75E5A33E89EA9D3E60EA973EAE
:10DF8800F7E4913E02D98B3ECEC7853EB7627F3E0D
:10DF9800F52D733EB7EE663EFDA45A3E65534E3EE0
:10DFA800F0F9413E3D9B353E0E32293EA0C31C3E52
:10DFB800F44F103E0AD7033EC4B1EE3DB9A5D53D96
:10DFC800A298BC3D1B82A33D49658A3D6685623D9A
:10DFD800D637303DF7C7FB3CC615973C5374C93B51
:10DFE8005374C9BBC61597BCF7C7FBBCD63730BD41
:10DFF800668562BD49658ABD1B82A3BDA298BCBD6A
:10E00800B9A5D5BDC4B1EEBD0AD703BEF44F10BE45
:10E01800A0C31CBE0E3229BE3D9B35BEF0F941BEE1
:10E0280065534EBEFDA45ABEB7EE66BEF52D73BE4F
:10E03800B7627FBECEC785BE02D98BBEF7E491BE5C
:10E0480060EA97BE89EA9DBE75E5A3BE84D8A9BEDD
:10E0580005C5AFBE47ACB5BE5D8ABBBE3563C1BEA4
:10E06800DF32C7BEFCFBCCBE3CBDD2BE4F75D8BEAE
:10E078008525DEBEDDCDE3BE096DE9BE0803EFBE32
:10E088008A8EF4BE3012FABE598BFFBEAA7D02BF3B
:10E098006A3005BFECDD07BF2F860ABF35290DBFE3
:10E0A800FCC60FBFDD5E12BFD8F014BF957D17BF49
:10E0B800C5031ABFB6841CBF19FF1EBF977321BFC3
:10E0C8002EE223BF904926BF0DAB28BFFB052BBF0F
:10E0D8005C5A2DBF2FA82FBFCCEE31BFDC2E34BF2A
:10E0E800B66736BF5B9938BF72C43ABFABE73CBF6F
:10E0F800B0033FBF7E1841BF182643BFD42B45BF8E
:10E10800B32947BF5C2049BF280F4BBF6FF54CBFF1
:10E1180080D44EBFB4AB50BF637A52BF8E4054BF59
:10E1280082FF55BF4AB557BF356359BF9A085BBFD1
:10E138007AA55CBFD6395EBFACC55FBF564861BF24
:10E1480022C362BF1A3464BF349D65BF22FD66BF17
:10E15800E35368BF1FA269BF86E66ABF68226CBF27
:10E168001D556DBFA67E6EBF029F6FBF31B670BFD3
:10E178008BC371BFB9C772BFB9C273BFE5B374BFF0
:10E18800E59B75BFB77A76BFB54F77BFDF1A78BF03
:10E19800DBDC78BF039579BF57437ABFD5E77ABFF1
:10E1A80027837BBFA5147CBF4E9C7CBF221A7DBFF2
:10E1B800228E7DBF4DF87DBFA3587EBF25AF7EBFA1
:10E1C800D2FB7EBFAB3E7FBFAF777FBF37A67FBF97
:10E1D80092CB7FBF19E77FBF23F87FBF000080BFC6
:10E1E80061FD7FBFEDF07FBFA5DA7FBF88BA7FBF33
:10E1F800EF8F7FBF295C7FBF8E1E7FBF77D67EBF24
:10E2080034857EBF74297EBF87C47DBF1D557DBF01
:10E2180087DC7CBF75597CBF36CD7BBF22377BBF7F
:10E2280039977ABF7CED79BFEB3979BF2C7D78BF00
:10E238009AB677BF32E676BF9E0C76BF352975BF92
:10E248009F3C74BF354673BF9D4672BFD93D71BFB1
:10E25800412B70BF23106FBF31EB6DBF12BD6CBF78
:10E26800C6856BBF4E456ABF50FC68BF7EA967BFB5
:10E27800274E66BFA3E964BF9A7C63BF0C0762BFE1
:10E28800518860BF69005FBFA4705DBFB2D75BBF34
:10E29800E3365ABF8F8D58BF0EDB56BF572155BF87
:10E2A800745E53BFB49351BF16C14FBFF3E54DBF62
:10E2B8009B034CBFBD184ABF032648BF132C46BF5B
:10E2C8009E2944BF9B2042BF130F40BFFDF63DBFB0
:10E2D8000AD73BBFE2AF39BF848137BFF14B35BFA7
:10E2E800D00F33BF79CC30BFED812EBF7B312CBF2F
:10E2F800D3D929BF9E7B27BFDB1625BF8AAB22BF98
:10E30800543A20BF8FC21DBFE5441BBF55C118BF7B
:10E31800DF3716BF82A813BF401311BFC0780EBFE6
:10E328005AD80BBFB53209BFD38706BFB2D703BFD0
:10E33800532201BFBBD0FCBE5452F7BE71C9F1BE17
:10E34800B038ECBEC39EE6BE59FAE0BE614FDBBEF4
:10E35800ED99D5BEECDDCFBEBD18CABEB24BC4BE6A
:10E368001878BEBEA29CB8BE4EB9B2BE6CCFACBEC9
:10E37800FCDEA6BEFFE7A0BEC4EB9ABEFBE894BED7
:10E38800A4DF8EBE0FD188BE3CBD82BEF54A79BEE1
:10E39800560E6DBEDAC960BE807D54BE4A2948BE9D
:10E3A80097CA3BBEA5662FBE76FD22BE698C16BEF7
:10E3B8007F130ABEEC2FFBBD5E2EE2BD4721C9BD0F
:10E3C8006B0EB0BD38F496BD8FA97BBD316049BDD9
:10E3D8006F0E17BDDF6EC9BC297549BC000000006F
:10E3E800494E4600696E66004E414E006E616E00F1
:10E3F80030003031323334353637383941424344CE
:10E408004546003031323334353637383961626346
:10E41800646566002E004300504F53495800496E0A
:10E4280066696E697479004E614E005245454E54D6
:10E43800206D616C6C6F63207375636365656465DB
:10E4480064002F566F6C756D65732F646174612F4E
:10E458006A656E6B696E732F776F726B7370616329
:10E46800652F474E552D746F6F6C636861696E2F09
:10E4780061726D2D31352F7372632F6E65776C69FC
:10E48800622D63796777696E2F6E65776C69622F85
:10E498006C6962632F7374646C69622F64746F6152
:10E4A8002E630042616C6C6F6320737563636565EE
:10E4B800646564002F566F6C756D65732F646174A5
:10E4C800612F6A656E6B696E732F776F726B7370ED
:10E4D8006163652F474E552D746F6F6C6368616972
:10E4E8006E2F61726D2D31352F7372632F6E6577C4
:10E4F8006C69622D63796777696E2F6E65776C69D1
:10E50800622F6C6962632F7374646C69622F67642D
:10E51800746F612D6765746865782E6300232D30EC
:10E528002B2000686C4C00656667454647002F56EF
:10E538006F6C756D65732F646174612F6A656E6B9E
:10E54800696E732F776F726B73706163652F474EB7
:10E55800552D746F6F6C636861696E2F61726D2DD4
:10E5680031352F7372632F6E65776C69622D63790D
:10E578006777696E2F6E65776C69622F6C69626365
:10E588002F7374646C69622F6D707265632E6300FB
:10E598002C2066756E6374696F6E3A200061737320
:10E5A800657274696F6E2022257322206661696C1A
:10E5B80065643A2066696C6520222573222C206CDC
:10E5C800696E65202564257325730A0034000000F0
:10E5D800CEFBFFFFCB03000001000000000000009D
:10E5E80035000000CEFBFFFFCB0300000100000058
:10E5F8000000000000000000BC89D897B2D29C3C03
:10E6080033A7A8D523F649393DA7F444FD0FA53211
:10E618009D978CCF08BA5B25436FAC6428066811B8
:10E6280000202020202020202020282828282820DA
:10E6380020202020202020202020202020202020D2
:10E64800208810101010101010101010101010103A
:10E65800100404040404040404040410101010102A
:10E6680010104141414141410101010101010101F4
:10E678000101010101010101010101011010101046
:10E6880010104242424242420202020202020202C6
:10E69800020202020202020202020202101010101A
:10E6A8002000000000000000000000000000000042
:10E6B8000000000000000000000000000000000052
:10E6C8000000000000000000000000000000000042
:10E6D8000000000000000000000000000000000032
:10E6E8000000000000000000000000000000000022
:10E6F8000000000000000000000000000000000012
:10E708000000000000000000000000000000000001
:10E7180000000000000000000000000000000000F1
:10E728000000000005000000190000007D00000046
:10E738000080E03779C34143176E05B5B5B89346F5
:10E74800F5F93FE9034F384D321D30F94877825AC1
:10E758003CBF737FDD4F1575000000000000F03FDF
:10E7680000000000000024400000000000005940A4
:10E778000000000000408F40000000000088C340F7
:10E7880000000000006AF8400000000080842E416C
:10E7980000000000D01263410000000084D79741B8
:10E7A8000000000065CDCD41000000205FA00242BE
:10E7B800000000E876483742000000A2941A6D4233
:10E7C800000040E59C30A2420000901EC4BCD64226
:10E7D80000003426F56B0C430080E03779C34143D1
:10E7E80000A0D8855734764300C84E676DC1AB4347
:10E7F800003D9160E458E143408CB5781DAF154465
:10E8080050EFE2D6E41A4B4492D54D06CFF080443F
:10E81800F64AE1C7022DB544B49DD9794378EA4454
:10E82800763C7935EF39EA3D763C7935EF39EABD02
:10E838000000E0FE422EE63F0000E0FE422EE6BF6A
:10E84800000000000000E03F000000000000E0BF02
:08E85800000000000000008038
:08E86000D018FF7F0100000049
:04E86800510C000847
:04E86C00290C00086B
:10E87000000E2707000000000300000024460020CF
:10E880004300000000000000000000000000000045
:10E890000000000000000000000000000000000078
:10E8A0004300000000000000000000000000000025
:10E8B0000000000000000000000000000000000058
:10E8C0004300000000000000000000000000000005
:10E8D0000000000000000000000000000000000038
:10E8E00043000000000000000000000000000000E5
:10E8F0000000000000000000000000000000000018
:10E9000043000000000000000000000000000000C4
:10E9100000000000000000000000000000000000F7
:10E9200043000000000000000000000000000000A4
:10E9300000000000000000000000000000000000D7
:10E940004300000000000000000000000000000084
:10E9500000000000000000000000000000000000B7
:10E960000DC40008CDB400080000000028E600082F
:10E970001CE40008D3E50008D3E50008D3E500084F
:10E98000D3E50008D3E50008D3E50008D3E5000887
:10E99000D3E50008D3E50008FFFFFFFFFFFFFFFFFF
:10E9A000FFFFFFFFFFFF0000010041534349490003
:10E9B0000000000000000000000000000000000057
:10E9C00000000000000000000000415343494900DE
:10E9D0000000000000000000000000000000000037
:10E9E0000000000000000000000000008001002086
:10E9F00000000000244600208C460020F446002041
:10EA00000000000000000000000000000000000006
:10EA100000000000000000000000000000000000F6
:10EA200000000000000000000000000000000000E6
:0CEA3000000000000000000000000000DA
:040000050800869DCC
:00000001FF
