:020000040800F2
:1000000000000120917400080159000805590008FA
:10001000115900081D590008295900080000000066
:10002000000000000000000000000000355900083A
:1000300039590008000000003D59000841590008E6
:10004000E1740008E1740008E1740008E17400083C
:10005000E1740008E1740008E1740008E17400082C
:10006000E1740008E1740008E1740008E17400081C
:10007000E1740008E1740008E1740008E17400080C
:10008000E1740008E1740008E1740008E1740008FC
:1000900045590008E1740008E1740008E1740008A3
:1000A000E1740008715A0008E1740008E174000866
:1000B000E1740008E1740008E1740008E1740008CC
:1000C000E1740008E1740008E1740008E1740008BC
:1000D000E1740008E1740008495B0008E17400085D
:1000E000F15A0008E1740008E1740008E1740008A6
:1000F000E1740008E1740008E1740008E17400088C
:10010000E1740008E1740008E1740008E17400087B
:10011000E1740008E1740008E1740008E17400086B
:10012000E1740008E1740008E1740008E17400085B
:1001300001F0FF01102A2BDB10F0070F08D010F898
:10014000013B013A8B422DD010F0070F42B3F6D19C
:10015000F0B441EA012141EA014122F007047FF0B5
:1001600000070023F0E80256083C85EA010586EA0C
:10017000010685FA47F5A3FA87F586FA47F6A5FA48
:1001800087F68EB9EED1F0BC01F0FF0102F0070254
:1001900032B110F8013B013A83EA010313B1F8D1FF
:1001A0000020704701387047002D06BF35460338E0
:1001B000073815F0010F07D1013015F4807F02BF19
:1001C000013015F4C03F0130F0BC0138704700BF6A
:1001D000034613F8012B002AFBD1181A0138704787
:1001E00081F0004102E000BF83F0004330B54FEAE8
:1001F00041044FEA430594EA050F08BF90EA020F55
:100200001FBF54EA000C55EA020C7FEA645C7FEAE7
:10021000655C00F0E2804FEA5454D4EB5555B8BF0A
:100220006D420CDD2C4480EA020281EA030382EA7B
:10023000000083EA010180EA020281EA0303362D0D
:1002400088BF30BD11F0004F4FEA01314FF4801CE0
:100250004CEA113102D0404261EB410113F0004FF2
:100260004FEA03334CEA133302D0524263EB4303A9
:1002700094EA050F00F0A780A4F10104D5F1200E47
:100280000DDB02FA0EFC22FA05F2801841F10001A2
:1002900003FA0EF2801843FA05F359410EE0A5F176
:1002A00020050EF1200E012A03FA0EFC28BF4CF0A7
:1002B000020C43FA05F3C01851EBE37101F000455D
:1002C00007D54FF0000EDCF1000C7EEB00006EEB6A
:1002D0000101B1F5801F1BD3B1F5001F0CD34908F4
:1002E0005FEA30004FEA3C0C04F101044FEA44524B
:1002F00012F5800F80F09A80BCF1004F08BF5FEAD2
:10030000500C50F1000041EB045141EA050130BDB1
:100310005FEA4C0C404141EB0101013C28BFB1F5C3
:10032000801FE9D291F0000F04BF01460020B1FA0E
:1003300081F308BF2033A3F10B03B3F120020CDAE1
:100340000C3208DD02F1140CC2F10C0201FA0CF0BF
:1003500021FA02F10CE002F11402D8BFC2F1200C24
:1003600001FA02F120FA0CFCDCBF41EA0C019040DA
:10037000E41AA2BF01EB0451294330BD6FEA040423
:100380001F3C1CDA0C340EDC04F11404C4F120020E
:1003900020FA04F001FA02F340EA030021FA04F320
:1003A00045EA030130BDC4F10C04C4F1200220FA77
:1003B00002F001FA04F340EA0300294630BD21FAB5
:1003C00004F0294630BD94F0000F83F4801306BF7B
:1003D00081F480110134013D4EE77FEA645C18BF6F
:1003E0007FEA655C29D094EA050F08BF90EA020F06
:1003F00005D054EA000C04BF1946104630BD91EAFE
:10040000030F1EBF0021002030BD5FEA545C05D100
:100410004000494128BF41F0004130BD14F580043F
:100420003CBF01F5801130BD01F0004545F0FE41B3
:1004300041F470014FF0000030BD7FEA645C1ABFE8
:10044000194610467FEA655C1CBF0B46024650EA1F
:10045000013406BF52EA033591EA030F41F400214B
:1004600030BD00BF90F0000F04BF0021704730B5D1
:100470004FF4806404F132044FF000054FF00001A6
:1004800050E700BF90F0000F04BF0021704730B567
:100490004FF4806404F1320410F0004548BF40423C
:1004A0004FF000013EE700BF42004FEAE2014FEA91
:1004B00031014FEA02701FBF12F07F4393F07F4F6C
:1004C00081F06051704732F07F4208BF704793F06F
:1004D0007F4F04BF41F40021704730B54FF4607482
:1004E00001F0004521F000411CE700BF50EA010285
:1004F00008BF704730B54FF000050AE050EA01022E
:1005000008BF704730B511F0004502D5404261EB9D
:1005100041014FF4806404F132045FEA915C3FF4DE
:10052000D8AE4FF003025FEADC0C18BF03325FEA7B
:10053000DC0C18BF033202EBDC02C2F1200300FA2C
:1005400003FC20FA02F001FA03FE40EA0E0021FA51
:1005500002F11444BDE600BF70B54FF0FF0C4CF43F
:10056000E06C1CEA11541DBF1CEA135594EA0C0FF1
:1005700095EA0C0F00F0DEF82C4481EA030621EA2C
:100580004C5123EA4C5350EA013518BF52EA033567
:1005900041F4801143F4801338D0A0FB02CE4FF019
:1005A0000005E1FB02E506F00042E0FB03E54FF049
:1005B0000006E1FB03569CF0000F18BF4EF0010E41
:1005C000A4F1FF04B6F5007F64F5407404D25FEA3D
:1005D0004E0E6D4146EB060642EAC62141EA5551F0
:1005E0004FEAC52040EA5E504FEACE2EB4F1FD0C32
:1005F00088BFBCF5E06F1ED8BEF1004F08BF5FEAB0
:10060000500E50F1000041EB045170BD06F0004661
:1006100046EA010140EA020081EA0301B4EB5C040E
:10062000C2BFD4EB0C0541EA045170BD41F4801106
:100630004FF0000E013C00F3AB8014F1360FDEBF2B
:10064000002001F0004170BDC4F10004203C35DA07
:100650000C341BDC04F11404C4F1200500FA05F38A
:1006600020FA04F001FA05F240EA020001F000422B
:1006700021F0004110EBD37021FA04F642EB0601A1
:100680005EEA430E08BF20EAD37070BDC4F10C04CB
:10069000C4F1200500FA04F320FA05F001FA04F28F
:1006A00040EA020001F0004110EBD37041F100017B
:1006B0005EEA430E08BF20EAD37070BDC4F1200586
:1006C00000FA05F24EEA020E20FA04F301FA05F2EE
:1006D00043EA020321FA04F001F0004121FA04F296
:1006E00020EA020000EBD3705EEA430E08BF20EA66
:1006F000D37070BD94F0000F0FD101F000464000A0
:1007000041EB010111F4801F08BF013CF7D041EA21
:10071000060195F0000F18BF704703F00046520025
:1007200043EB030313F4801F08BF013DF7D043EAF6
:100730000603704794EA0C0F0CEA135518BF95EAAC
:100740000C0F0CD050EA410618BF52EA4306D1D133
:1007500081EA030101F000414FF0000070BD50EA52
:10076000410606BF1046194652EA430619D094EADC
:100770000C0F02D150EA013613D195EA0C0F05D1C6
:1007800052EA03361CBF104619460AD181EA03011A
:1007900001F0004141F0FE4141F470014FF00000D2
:1007A00070BD41F0FE4141F4780170BD70B54FF06D
:1007B000FF0C4CF4E06C1CEA11541DBF1CEA1355ED
:1007C00094EA0C0F95EA0C0F00F0A7F8A4EB0504CF
:1007D00081EA030E52EA03354FEA013100F08880C6
:1007E0004FEA03334FF0805545EA131343EA12638F
:1007F0004FEA022245EA111545EA10654FEA002644
:100800000EF000419D4208BF964244F1FD0404F5FC
:10081000407402D25B084FEA3202B61A65EB030558
:100820005B084FEA32024FF480104FF4002CB6EB15
:10083000020E75EB030E22BFB61A754640EA0C0095
:100840005B084FEA3202B6EB020E75EB030E22BFD5
:10085000B61A754640EA5C005B084FEA3202B6EB16
:10086000020E75EB030E22BFB61A754640EA9C00D5
:100870005B084FEA3202B6EB020E75EB030E22BFA5
:10088000B61A754640EADC0055EA060E18D04FEA63
:10089000051545EA16754FEA06164FEAC30343EA03
:1008A00052734FEAC2025FEA1C1CC0D111F4801FD0
:1008B0000BD141EA00014FF000004FF0004CB6E7C9
:1008C00011F4801F04BF01430020B4F1FD0C88BF68
:1008D000BCF5E06F3FF6AFAEB5EB030C04BFB6EB73
:1008E000020C5FEA500C50F1000041EB045170BD66
:1008F0000EF0004E4EEA113114EB5C04C2BFD4EB93
:100900000C0541EA045170BD41F480114FF0000E16
:10091000013C90E645EA060E8DE60CEA135594EA92
:100920000C0F08BF95EA0C0F3FF43BAF94EA0C0F95
:100930000AD150EA01347FF434AF95EA0C0F7FF40A
:1009400025AF104619462CE795EA0C0F06D152EA5E
:1009500003353FF4FDAE1046194622E750EA410642
:1009600018BF52EA43067FF4C5AE50EA41047FF453
:100970000DAF52EA43057FF4EBAE12E74FF0FF3CB8
:1009800006E000BF4FF0010C02E000BF4FF0010C89
:100990004DF804CD4FEA410C7FEA6C5C4FEA430C02
:1009A00018BF7FEA6C5C1BD001B050EA410C0CBF51
:1009B00052EA430C91EA030F02BF90EA020F0020B3
:1009C000704710F1000F91EA030F58BF994208BF1A
:1009D00090422CBFD8176FEAE37040F001007047D7
:1009E0004FEA410C7FEA6C5C02D150EA013C07D12E
:1009F0004FEA430C7FEA6C5CD6D152EA033CD3D079
:100A00005DF8040B704700BF8446104662468C4672
:100A10001946634600E000BF01B5FFF7B7FF0028A5
:100A200048BF10F1000F01BD4DF808EDFFF7F4FFCE
:100A30000CBF012000205DF808FB00BF4DF808ED59
:100A4000FFF7EAFF34BF012000205DF808FB00BF7C
:100A50004DF808EDFFF7E0FF94BF012000205DF89E
:100A600008FB00BF4DF808EDFFF7CEFF94BF012053
:100A700000205DF808FB00BF4DF808EDFFF7C4FF4C
:100A800034BF012000205DF808FB00BF4FEA410C95
:100A90007FEA6C5C02D150EA013C0AD14FEA430C78
:100AA0007FEA6C5C02D152EA033C02D14FF00000B5
:100AB00070474FF0010070474FEA410212F50012F3
:100AC00015D211D56FF47873B3EB625212D94FEA95
:100AD000C12343F0004343EA505311F0004F23FA7F
:100AE00002F018BF404270474FF00000704750EAD4
:100AF000013005D111F0004008BF6FF00040704791
:100B00004FF00000704700BF4A0011D212F50012EA
:100B100011D20DD56FF47873B3EB62520ED44FEA55
:100B2000C12343F0004343EA505323FA02F07047D5
:100B30004FF00000704750EA013002D14FF0FF3013
:100B400070474FF0000070474FEA4102B2F1E043B6
:100B500024BFB3F5001CDCF1FE5C0DD901F0004CA4
:100B60004FEAC0024CEA5070B2F1004F40EB8300F4
:100B700008BF20F00100704711F0804F21D113F120
:100B80003872BCBF01F00040704741F480114FEA59
:100B90005252C2F11802C2F1200C10FA0CF320FAE2
:100BA00002F018BF40F001004FEAC1234FEAD323FF
:100BB00003FA0CFC40EA0C0023FA02F34FEA430369
:100BC000CCE77FEA625307D150EA01331EBF4FF0F2
:100BD000FE4040F44000704701F0004040F0FE400D
:100BE00040F40000704700BF0348044B834202D02A
:100BF000034B03B118477047CC010020CC01002003
:100C0000000000000548064B1B1AD90F01EBA30199
:100C1000491002D0034B03B118477047CC010020A4
:100C2000CC0100200000000010B5064C237843B929
:100C3000FFF7DAFF044B13B10448AFF30080012340
:100C4000237010BDCC0100200000000094BE0008FD
:100C500008B5054B1BB105490548AFF30080BDE859
:100C60000840FFF7CFBF00BF00000000D001002008
:100C700094BE000808B5012005F0D2FE4FF4C06014
:100C800005F0A4FE40F2026005F0A0FE40F2036011
:100C900005F09CFE40F2046005F098FE4FF4A06061
:100CA00005F094FE40F2015005F090FE40F21970FC
:100CB00005F08CFE40F20E7005F088FE40F20F70D9
:100CC00005F084FE40F20B6005F080FE40F2096002
:100CD00005F07CFE40F20A6005F078FE40F20F60FD
:100CE00005F074FEBDE8084040F2117005F06EBEDC
:100CF00070B504F0C5FDFFF7BDFF00F02FFA01F05D
:100D000089FC01F0F3FB00F03DFC01F0A1FB01F0D8
:100D1000C7FB00F0CFFA00F0BBFB02F051FCC54866
:100D200008F010F8C44808F00DF801230022022151
:100D3000C24807F09FFFC248062104F087FBC04865
:100D400004F06EFC002800F0AC81BE4DBE4C6B6917
:100D5000D4ED027A013304BF00236B612B690133A8
:100D600008BF0023F4EE677A08BF2B61F1EE10FA9A
:100D700080F19481BFEE007AF4EE477AF1EE10FA3A
:100D800000F08C81D4ED037AF4EE677AF1EE10FA7C
:100D900080F18181BFEE007AF4EE477AF1EE10FA2D
:100DA00000F07981D4ED067AF4EE677AF1EE10FA6C
:100DB00080F16E81BFEE007AF4EE477AF1EE10FA20
:100DC00000F066816B68D4ED077A013304BF01231C
:100DD0006B60AB68013304BF0023AB60EB68013389
:100DE00008BF4FF47A73F4EE677A08BFEB60F1EE58
:100DF00010FA80F11B81BFEE007AF4EE477AF1EE33
:100E000010FA00F01381D4ED087AF4EE677AF1EE6F
:100E100010FA80F10881BFEE007AF4EE477AF1EE25
:100E200010FA00F00081D4ED097AF4EE677AF1EE61
:100E300010FA80F1F580BFEE007AF4EE477AF1EE19
:100E400010FA00F0ED80D4ED127AF4EE677AF1EE4C
:100E500010FA80F1E280BFEE007AF4EE477AF1EE0C
:100E600010FA00F0DA80D4ED0A7AF4EE677AF1EE47
:100E700010FA80F1CF80BFEE007AF4EE477AF1EEFF
:100E800010FA00F0C780D4ED117AF4EE677AF1EE33
:100E900010FA80F1BB80BFEE007AF4EE477AF1EEF3
:100EA00010FA00F0B380D4ED0E7AF4EE677AF1EE2A
:100EB00010FA80F1A780BFEE007AF4EE477AF1EEE7
:100EC00010FA00F09F80D4ED177AF4EE677AF1EE15
:100ED00010FA80F19480BFEE007AF4EE477AF1EEDA
:100EE00010FA00F08C80D4ED187AF4EE677AF1EE07
:100EF00010FA80F18180BFEE007AF4EE477AF1EECD
:100F000010FA79D0D4ED147A5048514EF4EE677A45
:100F1000D4ED137AF1EE10FA64BF4E4B2365F4EE74
:100F2000677AD4ED167AF1EE10FA64BF4A4BE364A7
:100F3000F4EE677AD4ED157AF1EE10FA64BF474B00
:100F4000A365F4EE677AF1EE10FA64BF444B636573
:100F500002F0D0FD00214FF44472424807F013FF25
:100F60006A69A36AC6F8D82064202A69C6F8D42022
:100F7000B3663D4D04F0A6FC6421304603F0A8FFA3
:100F80003A494FF4007206F1DC0007F049FF95E89A
:100F9000070002F017FA002840F08B80344800F078
:100FA00011FB344800F028FB00221146282005F0F0
:100FB000BBFC01220021142005F0B6FC0022012117
:100FC000192005F0B1FC00220221262005F0ACFC1E
:100FD000294B062101221980DA7000244FF47A701F
:100FE00004F070FCAB880134002BF7D095E80700C3
:100FF000234602F0FDF8F1E7204B236682E7204B01
:10100000E36570E74FF07E53A3635CE74FF07E53D8
:10101000636448E71B4BA36235E7184BA36422E7E0
:10102000194B63620FE7194B2362FCE60023E3616F
:10103000E9E600BFC8BF0008D4BF0008F4BF00083D
:101040007837002090370020903B00207834002033
:101050005831002000004841000048C10000824291
:10106000000082C23C2E00204C310020A837002016
:10107000E8010020FC010020683400200000A040AE
:101080000000FA430000A841000060410000FA425D
:101090000023A36196E6094BE36083E6084BA36057
:1010A00070E60849084800F06FFB084807F04AFE60
:1010B0004BE6074807F046FE70E700BF00002042FD
:1010C00000007A44903B00209037002010C00008B8
:1010D00060C0000808B514484FF4006105F09CFB9F
:1010E0001248002105F0A2FE002211460F4806F02A
:1010F00035F80E480022012106F030F80B48002296
:10110000022106F02BF800221146084805F0C8FF1E
:1011100006480022012105F0C3FFBDE8084003484E
:101120000022022105F0BCBF00080140002C014054
:10113000024A136803431360FFF7CCBF903C0020C2
:10114000014B1868704700BF903C0020024A1368AA
:1011500023EA000313607047903C002010B550480C
:10116000012105F06DFB4F48012105F069FB4E4858
:101170004FF4A0530122182105F0F6FA4A484FF423
:1011800000630122042105F0EFFA4FF4004301222D
:101190004648102105F0E8FA44484FF4004105F0B4
:1011A00039FB43484FF420430122182105F0DCFAB3
:1011B0003F484FF480430122482105F0D5FA4FF40F
:1011C000805301223A48102105F0CEFA38484FF4F6
:1011D000805105F01FFB35484FF4006302221021B7
:1011E00005F0C2FA4FF4805303223048042105F081
:1011F000BBFA2E484FF4006105F00EFB2B484FF46C
:10120000E0630322182105F0AFFA274803230422E4
:10121000002105F0A9FA264801230422002105F047
:10122000A3FA21480C230422002105F09DFA1F484F
:10123000F0230422002105F097FA1B4830230422F2
:10124000002105F091FA4FF40053022216481021B4
:1012500005F08AFA14484FF4005105F0DDFA1348FE
:1012600004230122182105F07FFA082301220F48E8
:10127000042105F079FA01214FF4EA1005F0E0FAB3
:101280000B484FF480730222482105F06DFABDE847
:10129000104007484FF400730322182105F064BA88
:1012A0000010200000023000001001400008014042
:1012B000000C014070B5714888B0002105F000F8BD
:1012C0006F4A704B01920024042503934FF400727F
:1012D0004FF400634FF48076029204930DEB050205
:1012E0004FF4805321466548ADF81C60CDE90553A5
:1012F0008DF81E4005F002F82146604805F03CF8E4
:1013000021465E4805F04AF85F4804F033FC5F4828
:1013100004F030FC4FF4803004F07AFC31465A4837
:10132000012204F085FC22465748022104F080FC8B
:1013300031465648012204F07BFC224653480221E4
:1013400004F076FC2146504804F09AFC2A464E48A8
:10135000012104F09FFC01224B48022104F09AFC79
:1013600021464A4804F08CFC2A464848012104F0F2
:1013700091FC46480122022104F08CFC23462146C0
:101380004148062204F0A4FC23463F480F220121D5
:1013900004F09EFC23463C480722022104F098FCFE
:1013A000234639480822032104F092FC23462146B3
:1013B0003648052204F08CFC234634480E220121D5
:1013C00004F086FC23462A463048022104F080FCC3
:1013D00023462E480C22032104F07AFC2A484FF4BD
:1013E0006022012104F020FD01221146264804F06C
:1013F000FFFC26484FF46022012104F015FD012274
:101400001146224804F0F4FC234621461E480B22D4
:1014100004F0B6FC234621461C480A2204F0B0FC26
:1014200019484FF4E042022104F0FEFC1648012264
:10143000022104F0DDFC15484FF4E042022104F0E3
:10144000F3FC01220221114804F0D2FC0E4804F002
:10145000D9FB0E4804F0D6FB0B4804F0B9FB0B484F
:1014600004F0B6FB012004F02DFA074804F0B8FBA5
:10147000064804F0B5FB08B070BD00BF0000024094
:101480004C240140983C00200024014000280140E9
:1014900070B5384888B0042104F012FF3649374A45
:1014A00001914FF48063012400254FF4807603926C
:1014B000049301AA4FF480532E4806930421ADF8FB
:1014C0001C6002968DF81E50059404F017FF294801
:1014D000042104F051FF0421264804F05FFF28484E
:1014E00004F048FB22463146254804F0A1FB2A4679
:1014F0002348022104F09CFB2946214804F0C0FB4C
:10150000224621461E4804F0C5FB22461C48022103
:1015100004F0C0FB2B46294619480D2204F0D8FBE5
:10152000214617484FF4602204F07EFC22462146F3
:10153000134804F05DFC2B46294611480D2204F0A7
:101540001FFC0F484FF4E042022104F06DFC2246DC
:1015500002210B4804F04CFC094804F053FB0848F6
:1015600004F036FB204604F0ADF9054804F038FBE2
:1015700008B070BD000402404C3C0140943C002087
:10158000003C014000B585B001A9002004F0A2FC98
:101590000A4804F08DFC0A484FF48072CDE901023C
:1015A0004FF4802301A90548039304F0C5FC0348C8
:1015B000022104F081FE05B000BD00BF00640040C0
:1015C0000000090300B5014687B0032004F082FC47
:1015D00001A9012004F07EFC00234FF48031012298
:1015E00001A8CDE90133CDE903318DF8142004F0D1
:1015F00035FD07B000BD00BF00B583B001460190C6
:10160000022004F067FC054A0199906808600023F5
:1016100006228A724B600B8103B000BD9037002018
:10162000F0B52DED028B1E4D83B00446F0EE608ABE
:10163000B0EE418AD5ED130A95ED141A01911020F0
:1016400003F0BCFA95ED161AD5ED150A0746B0EE73
:10165000680A0C2003F0B2FAD5ED030A95ED0E7A74
:10166000D5ED117A60EEC70A064660EEA70AB0EE25
:10167000480AB1EE601A0C2003F0A0FA0312019997
:10168000E17203EB06137ABA3111E3730023A173FD
:10169000A28120746374A37403B0BDEC028BF0BD0F
:1016A000903B002084B0F0B52DED028B83B00AACE6
:1016B00084E80F009DF836309DF835709DF839208C
:1016C0009DF83760BDF833002D4C9DF838E09DF84B
:1016D0003A10D4ED140A94ED130A0F9D9FED298A58
:1016E0004FEA032C1B0943EA07170CF470631E43EF
:1016F000130240BA120903F470630B4342EA0E125C
:1017000080B210210092019303F06CFA85ED000A7B
:10171000D4ED160A94ED150A38460C2103F062FA4E
:1017200085ED010AD4ED170A3046B0EE480A0C21C7
:1017300003F058FA85ED020AD4ED180A00980C213E
:10174000B0EE480A03F04EFA85ED030A94ED030A61
:1017500094ED0E7AD4ED117A019820EE470A0C210F
:1017600020EE270AF1EE400A03F03CFA85ED040A68
:1017700003B0BDEC028BBDE8F04004B0704700BF81
:10178000903B00200000000070B54FF480620C46D2
:101790000546002107F0F7FA01264FF48072002178
:1017A000204607F0F0FA6E60002300224FF47A76AC
:1017B000C5E904222A60AA60EE60154ADFED156AC9
:1017C0009FED157ADFED157AA3614FF07E51E3614D
:1017D0006363E3632364124BDFF858E0DFF858C01B
:1017E0001048A1636164A2640F49236522660F4B10
:1017F0000F4AC4ED026A84ED037AC4ED087AC4F896
:1018000054E0C4F858C0E164E0656262A36270BD50
:101810000000A04000007A44000020420000FA428C
:10182000000048410000FA43000048C10000A84100
:1018300000006041000082C20000824270B50E4686
:101840001E49A0F1040E00F57F754FF0FF305EF8E1
:10185000044F4FF0000C24FA0CF3DBB2584008227E
:1018600040F300030B40013A83EA5000F8D10CF139
:10187000080CBCF1200FEED17545E8D10F49B646F2
:1018800006F58075DEF800404FF0000C24FA0CF3EA
:10189000DBB25840082240F300030B40013A83EAD0
:1018A0005000F8D10CF1080CBCF1200FEED10EF174
:1018B000040EAE45E6D1C04370BD00BF2083B8ED35
:1018C0000368012B00F22C8243687F2B00F22882F0
:1018D00083687F2B00F22482C368DE4A013B934277
:1018E00000F21E820369DFF8A4C34FF6FF721344AF
:1018F000634500F2158243691A44624500F2108282
:10190000D1ED027A9FEDD47AF0EEE76AF4EE476A01
:10191000F1EE10FA00F20482DFEDDD6AF4EEE67A11
:10192000F1EE10FAC0F2FC81DFEDCC6AF4EEE67A5B
:10193000F1EE10FA00F2F481D1ED037AF0EEE76AED
:10194000F4EE476AF1EE10FA00F2EA819FEDC47AF4
:10195000F4EEC77AF1EE10FAC0F2E2819FEDC17A9F
:10196000F4EEC77AF1EE10FA00F2DA81D1ED064A10
:10197000DFEDB96AB0EEE47AB4EE667AF1EE10FA11
:1019800000F2CE81F5EEC04AF1EE10FAC0F2C88145
:101990009FEDB57AF4EEC74AF1EE10FA00F2C0817D
:1019A00091ED077AB0EEC76AB4EE666AF1EE10FA0E
:1019B00000F2B681B5EEC07AF1EE10FAC0F2B08155
:1019C0009FEDB36AB4EEC67AF1EE10FA00F2A88188
:1019D00091ED087AB0EEC76AB4EE666AF1EE10FADD
:1019E00000F29E81F7EE006AB4EEE67AF1EE10FAAC
:1019F000C0F29681DFED9D6AB4EEE67AF1EE10FA60
:101A000000F28E8191ED095ADFED936AB0EEC57A4E
:101A1000B4EE667AF1EE10FA00F282819FED907AD0
:101A2000B4EEC75AF1EE10FAC0F27A819FED907AC7
:101A3000B4EEC75AF1EE10FA00F2728191ED0A7A13
:101A4000B0EEC76AB4EE666AF1EE10FA00F2688191
:101A5000B7EE006AB4EEC67AF1EE10FAC0F2608119
:101A60009FED846AB4EEC67AF1EE10FA00F2588166
:101A700091ED0D7AB0EEC76AB4EE666AF1EE10FA37
:101A800000F24E81B5EEC07AF1EE10FAC0F2488154
:101A9000DFED7F6AB4EEE67AF1EE10FA00F24081F3
:101AA000D1ED0E6A9FED6C7AB0EEE66AB4EE476A4D
:101AB000F1EE10FA00F234819FED6F6AF4EEC66A1F
:101AC000F1EE10FAC0F22C81B2EE046AF4EEC66AAE
:101AD000F1EE10FA00F22481D1ED0F6AB0EEE66A61
:101AE000B4EE476AF1EE10FA00F21A81F5EEC06A20
:101AF000F1EE10FAC0F214819FED606AF4EEC66A4E
:101B0000F1EE10FA00F20C81D1ED106AB0EEE66A47
:101B1000B4EE476AF1EE10FA00F20281F5EEC06A07
:101B2000F1EE10FAC0F2FC809FED556AF4EEC66A41
:101B3000F1EE10FA00F2F480D1ED116AB0EEE66A2F
:101B4000B4EE476AF1EE10FA00F2EA809FED4D7AAA
:101B5000F4EEC76AF1EE10FAC0F2E2809FED477A28
:101B6000F4EEC76AF1EE10FA00F2DA80D1ED126AF3
:101B70009FED397AB0EEE66AB4EE476AF1EE10FAFC
:101B800000F2CE809FED366AF4EEC66AF1EE10FAEE
:101B9000C0F2C680B3EE046AF4EEC66AF1EE10FA43
:101BA00000F2BE80D1ED135AF0EEE56AF4EE476A1A
:101BB000F1EE10FA00F2B480DFED336AF4EEE65A8B
:101BC000F1EE10FAC0F2AC80F5EEC05AF1EE10FA68
:101BD00000F2A68091ED146AF0EEC66AF4EE476A50
:101BE000F1EE10FA00F29C80B5EEC06AF1EE10FA48
:101BF000C0F296809FED214AB4EEC46AF1EE10FA6D
:101C000000F28E80D1ED156AB0EE473AB0EEE67A7A
:101C1000B4EE437AF1EE10FA00F282809FED1A7A68
:101C2000F4EEC76AF1EE10FA7ADBF5EEC06AF1EE77
:101C300010FA75D891ED167AF0EEC73AF4EE433A01
:101C4000F1EE10FA6CD8B5EEC07AF1EE10FA67DB5F
:101C500020E000BF9F860100FFFF7F7F0000FA4465
:101C6000CDCCCC3D00007042000004420000164381
:101C7000000020420000804217B7D13800007A44AB
:101C80000050C3476F12833A00007AC4FEFF010080
:101C90000000C842B4EEC47AF1EE10FA40D8D1ED9B
:101CA000173AF0EEE32AF4EE432AF1EE10FA37D8B1
:101CB000F5EEC03AF1EE10FA32DBF4EEC43AF1EE92
:101CC00010FA2DD891ED184AF0EE433AB0EEC43A2E
:101CD000B4EE633AF1EE10FA22D8B5EEC04AF1EE56
:101CE00010FA1DDB5FED163AB4EEE34AF1EE10FA9E
:101CF00016D8F4EEE47AF1EE10FA11DBF4EEC57AC0
:101D0000F1EE10FA0CDBF4EEC65AF1EE10FA07D53C
:101D1000F4EEC76AF1EE10FA4CBF012000207047C4
:101D20000020704730B5DFF83CC083B06045069DA9
:101D3000079C02D0002003B030BD0229FAD1B2F5D1
:101D4000A07FF7D1214628460193FFF777FD019B3D
:101D50009842EFD12146284603B0BDE83040FFF756
:101D6000AFBD00BF4154484E401A0028D4BF0020E8
:101D70000120704740B12AB15B1A002BD4BF00206C
:101D8000012070471046704782420CBF4FF0FF3071
:101D90000120704711B10AB1082B01D00020704713
:101DA000009BC01AB3F5006FB0FA80F04FEA5010F4
:101DB00028BF0020704700BF431E00F1060C13F837
:101DC000012FFF2A09D16345F9D1C279131DDBB276
:101DD000022B02D80A70012070470020704700BF14
:101DE00038B5C0F30D0444F4804440F44045204627
:101DF0000AF00AF8002814BF2846204638BD00BF64
:101E0000084310B5C0F30D04204609F0FDFF44EA75
:101E1000C03080B210BD00BF10B5044609F0F4FF19
:101E200028B914F4804F18BF6FF0010010BD4FF0B7
:101E3000FF3010BDC0F30D00C1F30D01401AB0F525
:101E4000005F03DDA0F5804000B2704710F5005F31
:101E5000B8BF00F5804000B2704700BF0378A52BE3
:101E600020D143785A2B1DD18378012B1AD1837945
:101E7000C3B910B5DFF838E00C46421E811D12F8D8
:101E800001CF83EA0C0391421EF80330F7D1C279E7
:101E90009A420AD1C3782370037963704379A3709F
:101EA000002010BD4FF0FF3070476FF0010010BDF3
:101EB000B0BE000890F800C06CF07F0C83F800C042
:101EC00090F801C083F801C0807898704FEA122C16
:101ED000D970100C110E1A7183F805C09871D97160
:101EE000704700BF70B5864C0168236840F20172EC
:101EF0000133914288B0236006D1037A23B9437A33
:101F000013B9827A082A04D0A3680133A36008B009
:101F100070BD02A90B300093FFF7A0FF18B1E36872
:101F20000133E360F3E703F0E5FC7649009B0A68C0
:101F3000821A132A03D8636901336361E7E7626891
:101F400008609DF8081001326260032900F27C826B
:101F5000DFE801F0689210029DF80A100F2964D89A
:101F6000DFE801F09FA4A2ACAAA8A6BA63B6B2AEFD
:101F7000C0BC63C49DF80A20512A56D8DFE812F08D
:101F80007C01760170011A01160113010F01550041
:101F90005500090106010301FD00F700F100E8000A
:101FA000E400E0008A01810155005500550055000C
:101FB000B900D200A5019F01D200B900A5015500CA
:101FC0005500550055005500550055005500550069
:101FD0005500550055005500550055005500550059
:101FE0005500550055005500550055005500550049
:101FF00099019301B900D801D201CB01C401BD01FF
:10200000B601AF01A80155024E0232022B02240292
:102010001D0216020F0208020102FA01F301EC018F
:10202000E501DE019DF80A2082B301232169013117
:102030000022216103A90220CDE9003203F04AFF0A
:1020400000230493ADF8143040F281730393082306
:10205000DDE9001202A88DF816300DF11703FFF725
:1020600029FF294803A904F073F8032800F0E4814C
:10207000A3690133A3614AE79DF80A20042A00F20C
:10208000E181DFE802F003090C0705001F4AD1E7F0
:102090001F4ACFE71F4ACDE74FF48032CAE70F222D
:1020A000C8E722680B46C5E7A268C3E76268C1E7D4
:1020B000A269BFE76269BDE72269BBE7E268B9E7E9
:1020C000154AD2F80023B5E7144AD2F8FC22B1E74A
:1020D000114AD2F8FC22ADE7E269ABE70E4AD2F82A
:1020E0000823A7E70C4AD2F80423A3E70C4A126896
:1020F000A0E7009300F0B6FD009B02469AE700BF00
:10210000AC3C0020A83C0020006400404154484EF4
:1021100001E8030001D1E0A7583100207834002005
:10212000CC3C0020B34A9FEDB47AD2ED037AB34998
:10213000B34AB4EEE77AF1EE10FAB8BF0A4679E78F
:10214000B04AD2F8B42075E7AF4AD2F8182471E744
:10215000AE4991F8DE22002A00F07281D1F8E62221
:1021600068E7AB4AD188128942EA014262E7A84A8D
:102170005188928842EA01425CE7A54A5189128857
:1021800042EA014256E7A24AD26853E79D4A128AC0
:1021900050E79C490A89C96842EA01424AE79B4ADA
:1021A000D2F8802046E7994A926F43E7974AD2F8DF
:1021B000E0223FE74FF480519648009304F034FB4F
:1021C0004FF400610646934804F034FB92498E4A6E
:1021D000031ED1F8440CC0F3C03ED2F81804D2F864
:1021E00018C44FEA401000F02005D2F81804D1F8C6
:1021F000202C4FEA022202F4807218BF01232A43E6
:1022000042EA4302814B93F8DD32003B18BF0123C1
:1022100042EAC3027B4B93F8F532003B18BF01231F
:1022200042EA0312CCF3400C42EA8E02C0F3800073
:1022300042EA8C1242EAC012D1F8200CD1F8201CDC
:10224000009BC0F3001042EA4022C1F3002142EAA1
:102250008122002E08BF42F0010242F00042E9E66E
:102260000093FEF76DFF009B0246E3E6009303F048
:1022700041FB009B0246DDE662491346D1F8F82295
:10228000D8E66549D1F83C2CD1F82C1C92B242EA30
:102290000142CFE66049D1F8342CD1F8381C92B213
:1022A00042EA0142C6E6009300F0D6FC009B0246DB
:1022B000C0E6009300F0CAFC009B0246BAE6009319
:1022C00000F06CFF009B0246B4E640F21542B1E616
:1022D0000520009300F0D8FC009B0246AAE60420EB
:1022E000009300F0D1FC009B0246A3E6032000937C
:1022F00000F0CAFC009B02469CE60220009300F01E
:10230000C3FC009B024695E60120009300F0BCFC54
:10231000009B02468EE60020009300F0B5FC009B77
:10232000024687E6009300F0A9FC009B024681E686
:10233000009300F09DFC009B02467BE60E2000937C
:1023400000F0ACFC009B024674E60D20009300F008
:10235000A5FC009B02466DE60C20009300F09EFC5D
:10236000009B024666E60B20009300F097FC009B62
:1023700002465FE60A20009300F090FC009B0246B4
:1023800058E60920009300F089FC009B024651E6C4
:102390000820009300F082FC009B02464AE60720DA
:1023A000009300F07BFC009B024643E6062000936E
:1023B00000F074FC009B02463CE60520009300F010
:1023C0006DFC009B024635E60420009300F066FC9D
:1023D000009B02462EE60320009300F05FFC009B6A
:1023E000024627E60220009300F058FC009B0246BC
:1023F00020E600BF903B002000002042A0008002A9
:10240000A000C00278340020006000405831002055
:10241000983C00200008014000200140012000936A
:1024200000F03CFC009B024604E60020009300F014
:1024300035FC009B0246FDE5E3690133E36166E597
:102440000323F7E50B46F1E50423EFE50000000068
:1024500000B5114889B004F08FFB9FED0D7B4FF460
:1024600000724FF4827100234FF40060CDE9001335
:10247000CDE9020218236946074806938DED047BD7
:1024800004F0A8FB044804F0BFFB09B000BD00BF86
:1024900000000000010000000038004000000000C3
:1024A00000B5114889B004F067FB9FED0D7B4FF438
:1024B00000724FF4827100234FF40060CDE90013E5
:1024C000CDE9020210236946074806938DED047B8F
:1024D00004F080FB044804F097FB09B000BD00BF86
:1024E0000000000001000000003C004070B54848BA
:1024F0008CB004F09BFB08A8002404F00DFC01251F
:102500004FF400134FF4FA6208A9414808930A9265
:1025100009948DF82C5004F007FC3D4804F05EFE51
:1025200021463B4804F044FE2946394804F048FE61
:10253000374804F051FC01A804F082FC022601AAED
:10254000214633480394CDE9014604F07FFC21463F
:102550002F48602204F07CFD21462D48042204F01F
:10256000D5FD21462A48082204F0A8FD224621462E
:10257000274804F095FD01AA2946254804F066FC89
:1025800029462348602204F063FD2946204804229E
:1025900004F0BCFD29461E48082204F08FFD2246A7
:1025A00029461B4804F07CFD01AA3146184804F076
:1025B0004DFC31461648602204F04AFD314614486D
:1025C000042204F0A3FD31461148082204F076FDF0
:1025D000224631460E4804F063FD04A804F00AFCCC
:1025E0004FF0005304A90A480694CDE90443ADF81E
:1025F0001C4004F005FC2146054804F017FC294660
:10260000034804F0EFFB024804F0E0FB0CB070BD9F
:10261000002C014008B50D4804F0E6FD0B484FF4CE
:10262000E13104F02DFE0948042104F069FE08217F
:10263000064804F05FFE054804F056FEBDE8084079
:10264000024840F2053104F071BE00BF0044004072
:1026500038B50546E9B20C4804F058FE41F20104D1
:1026600001E0013C07D00848072104F057FE00288C
:10267000F7D0284638BD054A13684FF0FF350133BF
:102680001360284638BD00BF00440040CC3C002009
:10269000F0B52DED028B604D1446002687B02E60FC
:1026A0000A46217C0746002975D0E168DFED5B6AA8
:1026B0005B1A07EE903AF8EEE77AB7EE007A67EE2B
:1026C000A67AF4EEC77AF1EE10FAC4ED057A6ED46C
:1026D000F0EE006AF4EEE67AF1EE10FA00F1838093
:1026E000104601F08FFA94ED067A97ED038ADFED3C
:1026F0004C6A8DED027A78EE477AF0EEE77AC6EE14
:10270000A77A17EE900AFDF7CFFE41EC100B09F007
:10271000BDF951EC100BFEF7F7F99DED027A207030
:10272000B4EEC87AF1EE10FA2FD401233D4884F8B4
:10273000203006F007FB21783B4806F09BFAA069A1
:10274000FDF7B2FE02460B4618EE100ACDE9022351
:10275000FDF7AAFEDDE90223CDE90001334806F0CA
:1027600089FA94F820302B602378314907EE903AAB
:10277000F8EE677A00220123C1ED0A7A227484F808
:10278000213007B0BDEC028BF0BD84F820602948F1
:1027900006F0D8FACFE728480593029206F0D2FA5D
:1027A0000121059B2174029AE3600021616104F517
:1027B000005101F6884501F5496100231C48A360DA
:1027C0002B600B60806CC2F8A40004F53051C2F895
:1027D000A8302C31104601F087FAFB68A36107B0DE
:1027E000BDEC028BF0BD77EEC77A9FED0D7A04F554
:1027F000325367EE877A04F5305108332C31104696
:10280000C4ED027AC3ED007A07B0BDEC028BBDE8DF
:10281000F04001F069BA00BF90370020D1CB0B38EF
:10282000DB0FC940E4C00008FCC0000810C100086C
:10283000903B0020CCC00008A8C000082DE9F04162
:10284000C24E96ED0A7A2DED028BF3EE057AB4EEC8
:10285000E77AF1EE10FA84B000F312811D46137C82
:1028600014460F468046002B00F0D880D3689FEDB9
:10287000B87AEB1A07EE903AF8EEE77AB7EE006A0C
:1028800067EE877AF4EEC67AF1EE10FAC2ED057AB9
:1028900000F1D2809FEDAF8A96ED0A7A67EE085A72
:1028A000C5EE886A76EE866AF4EEE67AF1EE10FA04
:1028B00078D4DFEDA96A27EE267AC7EE086A36EEED
:1028C000867AF4EEC77AF1EE10FA00F1E28008465B
:1028D00001F098F9D6ED0A7ABDEEE77A17EE103AD4
:1028E000002B40F3928104EB432303F1280204F10F
:1028F0002801002351F8040F91420344FAD107EE56
:10290000103AB8EEC77A9FED956AE56A9FED938A13
:10291000DFED938A27EE866AD5F58035C7EE066A25
:1029200048BF05F2FF156D120027FDEEE66AC4ED03
:10293000076A07EE107AF8EEC75A67EE886A65EE06
:10294000A75A6FF03F0265EE885A002165EEA85A3B
:10295000B7EE005A13E036EEC56AB4EEC76AF1EE80
:1029600010FA03D537EE667AFDEEC77A17EE903A85
:1029700004EB83030132DB6A402A194433D007EEAB
:10298000902AF8EEE77A77EEA57AFDEEE77A17EE71
:10299000903A002BB8EEE77ADDDA37EE267AFDEED4
:1029A000C77AE3E7D2ED027A9FED6E7A77EE877A07
:1029B00002F53253084602F53051C2ED027A2C314D
:1029C000C3ED027A01F090F994ED057AD4ED0A7A1C
:1029D000B4EEE77AF1EE10FA00F3D08004B0BDEC6B
:1029E000028BBDE8F0810029B8BF7F317F2D4FEA0F
:1029F000E1122946C8BFA5F18001E06901F68A23EA
:102A000004EB8303121A5A605748013706F032F973
:102A1000802F2BD0D6ED0A7A01358AE753480393ED
:102A200006F090F9039BA3840023636101232374C0
:102A30004FF07E53E560A36204F532530022A2609A
:102A40009A60B06CC7F8A40004F53051C7F8A8200C
:102A50002C31384601F048F9D8F80C206369A2619E
:102A6000A36204B0BDEC028BBDE8F081002201231B
:102A7000227484F8223004B0BDEC028BBDE8F081F2
:102A80003B48152104B0BDEC028BBDE8F04106F0D7
:102A9000F1B8D2ED027A9FED337A77EEC77A084625
:102AA000C2ED027AB36CC1F8A4300023C1F8A8309B
:102AB00002F5325302F53051C3ED027A2C3101F0A8
:102AC00013F994ED057AD4ED0A7AB4EEE77AF1EED3
:102AD00010FA83DDA78C002F80D096ED0A7AD4ED12
:102AE000027ADFED256AD8F87430A06827EE087AFC
:102AF00067EEA66AC6EE877AFDEEE77A17EE902AB1
:102B00009B1ADD1305F480351D4404EB8703CDEDDE
:102B1000037AD96A0D4405EBD5756D10DD62FDF7BA
:102B2000C3FC2B46CDE90001039A1248394606F052
:102B3000A1F8D4ED0A7A9FED0A7AA38C77EE877A12
:102B4000013BA384C4ED0A7A48E700BF903B002014
:102B5000D1CB0B38DB0FC940DB0F494100000043EC
:102B60000000003C5F975B3994C100085CC100081D
:102B70002CC1000884C100080000804794ED026A5F
:102B800096ED0A7A5FED046AD8F87430A78C66EE89
:102B9000266A27EE087A16EE100AC6EE877AFDEE50
:102BA000E77A17EE902A9B1ADD1305F480351D4451
:102BB00004EB8703CDED037ADD62FDF775FC2B4650
:102BC000CDE90001039A1248394606F053F89FED0B
:102BD000116A94ED0A7ADFED106AA38C37EE067A5B
:102BE000FFEE007A84ED0A7A96ED0A6A07EE103A53
:102BF000E6EE267AB8EEC77AB4EE677AF1EE10FA0E
:102C00003FF4ECAE0133A384E8E69FED047A7AE664
:102C100084C100080000003C0000004300000000E8
:102C2000024B1878003818BF01207047303D002053
:102C3000044B1B7823B1044A136843F0010313606B
:102C4000704700BF303D00202C3D0020014B18682C
:102C5000704700BF2C3D0020014B1868704700BF33
:102C6000283D0020014B1868704700BF243D00201C
:102C7000014B1868704700BF203D0020014B1868C9
:102C8000704700BF1C3D002005289DBF024B33F854
:102C9000100080B200207047103D00200E289ABF1F
:102CA000024B53F820000020704700BFD43C0020A6
:102CB000024B1878003818BF01207047D03C002024
:102CC000014B01229A637047D43C002070B5044642
:102CD0004FF6FF7384B03748218063804FF48051F2
:102CE000164603F099FD00230393039B3F2B06D860
:102CF00000BF039B01330393039B3F2BF8D940F69E
:102D0000010501E0013D40D02B48022103F088FF7E
:102D10000028F7D02188284803F07CFF40F6010501
:102D200001E0013D40D02448012103F079FF002853
:102D3000F7D0214803F070FF40F60105608001E004
:102D4000013D34D01C48802103F06AFF0128F7D0F0
:102D500000230293029B3F2B4FF000051CD915481E
:102D60004FF4805103F056FD00230193019B3F2B4C
:102D700006D800BF019B01330193019B3F2BF8D97B
:102D800063883380284604B070BD4FF0FF350023C0
:102D90000293029B3F2BE2D800BF029B01330293B8
:102DA000029B3F2BF8D9DAE76FF00105EFE76FF0F0
:102DB0000205ECE7000C01400038004070B582B01D
:102DC00000230DF102024FF40041ADF80230ADF8DE
:102DD0000430ADF806300446FFF778FF4FF40841A1
:102DE000064601AA2046FFF771FF4FF40841054649
:102DF0000DF106022046FFF769FF46EA050303438B
:102E000004D0064A136843F004031360BDF80600BB
:102E1000BDF8043043EA004002B070BD2C3D0020F4
:102E20002DE9F04F002787B003ACCDE9037701947B
:102E30003A4EDFF80CA13A4C059780464FF0010955
:102E40000DF10E0B14F8015B364BADF80A7043EA36
:102E5000C5250DF10A02A9B24046FFF737FF002849
:102E600049D0326842F004024FF000093260A245B6
:102E70000BF1020BE6D1019C2B48002334F8022B06
:102E800020F813200133062BF8D12849DDF80E3045
:102E9000C8F806300B602649DDF81240BDF80E2058
:102EA000BDF810000C60234CBDF8161021600243E1
:102EB000BDF81230BDF8144025D1C3F30A03A02B8E
:102EC00021D11D4B9FED1D7AD3ED037AB4EEE77A45
:102ED000F1EE10FAACBF4FF430734FF420739C4204
:102EE00011D140F21543994208BF09F1FF300AD1D0
:102EF00007B0BDE8F08F5A46A9B24046FFF7E6FE9C
:102F00000028AED1B3E7054A13684FF0FF3043F015
:102F10000803136007B0BDE8F08F00BF2C3D002010
:102F200074C900080080FFFF103D0020243D0020F0
:102F3000203D00201C3D0020903B0020000020424E
:102F400079C9000830B585B004AB03E907000F4824
:102F5000002103F06BFF0E484FF4006103F05AFCB0
:102F600000230C4A1C4642F8234001330F2BFAD1B0
:102F7000094B01251D7002F0BDFC084B084A186082
:102F8000084B15701C7005B030BD00BF002C01400F
:102F900000080140D43C0020D03C0020343D0020FB
:102FA000393D0020383D002030B56D4B89B001AC73
:102FB00084E807001A780AB909B030BD694A156873
:102FC00002F098FC0A220146284602F0FBFB00288A
:102FD000F2D0634B644800224FF480511A7003F022
:102FE00023FC0346002800F08D8094E8070005AB21
:102FF00003C341F2A1011A8005A80DF1120200934A
:10300000FFF764FE594A9FED5A7AD2ED037A009B8E
:1030100094E80700B4EEE77AF1EE10FA0DF1140C23
:10302000ACE80300A8BF4FF44B511A80B8BF4FF46F
:103030004A510DF1120205A8FFF748FE94E8070077
:10304000009B0DF1140CACE8030042F615411A8008
:1030500005A80DF11202FFF739FE2046FFF7E0FE4A
:10306000444B021E0CBF012100211546424A196043
:103070001168424A59601168414A99601168414A91
:10308000D9605188404889B21961918889B25961E3
:10309000D2883E4992B29A61D0F80428DA61D0F819
:1030A0000C281A62D0F808285A62D0F8042C9A62C8
:1030B000D0F80C2CDA62D0F8082C1A63D1F8082862
:1030C0005A6345D128484FF4805103F0ADFB0028E6
:1030D0003ED02F492F4B304801240C702246294600
:1030E0001D7004F03BF8224621462B4804F036F8C8
:1030F00029482246022104F031F82748214603F0EE
:1031000095FE59E71B49009320460B60FFF756FEDA
:1031100018491D4A4860D2F80408C861D2F80C0862
:103120000862D2F808084862D2F8040C8862D2F823
:103130000C0CC862D2F8082C14480A63154AD0F85F
:103140000848009B4C6320201370FDF7F1FF33E724
:10315000104B002220201A70FDF7EAFF09B030BDA5
:10316000393D0020343D002000080140903B002004
:1031700000002042D43C0020243D0020203D0020BF
:103180001C3D0020103D00200000014000300040A8
:10319000383D0020D03C0020002C0140024B187824
:1031A000003818BF01207047383D002000B585B0B9
:1031B00004AB03E907000948002103F037FE084883
:1031C0004FF4006103F028FB06480749074A002333
:1031D00003700B70137005B000BD00BF002C0140E0
:1031E00000080140393D0020383D0020D03C00203F
:1031F000F0B589B001AC84E8070094E8070005AE9B
:1032000003C64FF40041328005A80DF112021F469B
:10321000FFF75CFD94E8070005AB03C332804FF471
:1032200008410DF1120205A8BDF81250FFF74EFD3E
:10323000BDF8124054EA05031FD12B0743D46F0792
:1032400046D4AE0749D4ED074CD460054FD4A10550
:1032500052D4E20555D4230658D467065BD4A6069B
:103260005ED4E50661D4200764D4610767D4A20761
:103270006AD4E3076DD409B0F0BD3B48394605F088
:10328000F9FC6A056BD4AB0502D5384805F0F2FCB1
:10329000EF0502D5364805F0EDFC2E0602D535487F
:1032A00005F0E8FC680602D5334805F0E3FCA90602
:1032B00002D5324805F0DEFCEA06BED5304805F0FE
:1032C000D9FC2B07BBD52F4805F0D4FC6F07B8D528
:1032D0002D4805F0CFFCAE07B5D52C4805F0CAFC4B
:1032E000ED07B2D52A4805F0C5FC6005AFD52948E1
:1032F00005F0C0FCA105ACD5274805F0BBFCE205F4
:10330000A9D5264805F0B6FC2306A6D5244805F025
:10331000B1FC6706A3D5234805F0ACFCA606A0D5F2
:10332000214805F0A7FCE5069DD5204805F0A2FC44
:1033300020079AD51E4805F09DFC610797D51D48CA
:1033400005F098FCA20794D51B4805F093FCE30711
:1033500091D51A4809B0BDE8F04005F08BBC18487B
:1033600005F088FC8FE700BFA0C10008C0C10008BD
:10337000CCC10008D4C10008DCC10008E4C10008C9
:10338000F0C10008FCC1000808C2000814C200080F
:1033900020C200082CC2000834C200083CC2000849
:1033A00044C200084CC2000854C2000860C20008B1
:1033B0006CC2000878C2000884C2000890C20008ED
:1033C000B4C100082DE9F04188B001AC84E80700E1
:1033D0006C4F6D4A6D4D6E4900233B602B6013604E
:1033E0006C4A13606C4A13601A4621F813200133AB
:1033F000062BFAD1FDF76EFE684B9FED697AD3ED8F
:10340000037A684E6848B4EEE77AF1EE10FA4FF0AE
:1034100001034FF40061A8BF4FF003083370B8BF39
:103420004FF0020803F0F6F90A2002F04BFA2046AA
:10343000FFF7C4FC28602B681BB13B6843F0020314
:103440003B6094E8070005AD03C541F2A1012A8065
:1034500005A80DF11202FFF739FC544800F024FBD7
:1034600094E80700B8F1030F05AB03C314BF4FF492
:103470004A514FF44B512A8005A80DF11202FFF773
:1034800025FC94E8070005AB03C32A8042F61541EA
:103490000DF1120205A8FFF719FC94E8070005AB2F
:1034A00003C341F2A1012A8005A80DF11202FFF722
:1034B0000DFC012002F006FA3B484FF4805103F066
:1034C000B3F918B93B6843F010033B602046FFF79F
:1034D000A7FC28B934484FF4805103F0A5F9E0B9AE
:1034E00094E8070005AB03C341F2A1011A8005A8C7
:1034F0000DF11202FFF7EAFB012002F0E3F92A487E
:103500004FF4805103F090F928B32046FFF788FC70
:1035100008BB3B6823F008033B6023484FF480510D
:1035200003F082F90446B8B12148002103F07EFC83
:103530001D484FF4006103F06FF91E491E4A1F4BEE
:1035400000240C7014701C703470FDF7C3FD20460D
:1035500008B0BDE8F081002420203470FDF7E8FDBC
:103560001348214603F062FC0F484FF4006103F05A
:1035700053F91049104A114B0C704FF0FF30147082
:103580001C70E5E72C3D0020243D0020283D002054
:10359000103D0020203D00201C3D0020903B0020DD
:1035A00000002042303D0020000801407834002017
:1035B000002C0140393D0020383D0020D03C002047
:1035C00008B50C21002003F07DF94FF48050022251
:1035D000002102F0F5FEBDE808404FF4805002F0F3
:1035E00047BF00BF044A072928BF07210023C0E9BD
:1035F00001210370704700BF00C0030810B50446E6
:1036000002F03CFF40F2073003F0A0F8606802F0DF
:1036100069FF0123237010BD84B00DF1100C0CE97B
:1036200007000298049900EB830004B002F0FABF8F
:1036300084B00DF1100C0CE907000298049900EB1E
:10364000830004B002F0EEBF84B00DF1100C0CE961
:103650000700029810EE101A00EB830004B002F08D
:10366000E1BF00BF00B583B0019002F027FF0198D1
:103670000023037003B000BD84B00DF1100C0CE901
:10368000070051F8230004B0704700BF84B00DF16B
:10369000100C0CE9070051F8230004B0704700BF7C
:1036A00084B00DF1100C0CE9070001EB830292EDE0
:1036B000000A04B0704700BF08B590ED167AD0ED4F
:1036C000186A1C4BF7EE007A2DED048B37EEC77AA3
:1036D0009FED199AD0ED178A1968184827EE097AD4
:1036E00077EEE88A37EEE68AFCEEC77A17EE902A84
:1036F000C9B903F0D5FC1148012168EE898AFCEEB6
:10370000E87A17EE902A03F0CBFC68EE097ABDEC5C
:10371000048BFCEEE77ABDE80840084817EE902AD3
:10372000022103F0BDBC012103F0BAFC03480021D3
:10373000E3E700BF903700200000FA44002C01406E
:1037400038B5484B1C680546002C7ED121464648BA
:1037500002F08EFB0346AB604448214602F088FB32
:1037600003464148EB60022102F074FB404802210D
:1037700002F070FB40F6010401E0013C50D03A48F1
:10378000042102F089FB0028F7D040F6010401E093
:10379000013C45D03648042102F07EFB0028F7D0DA
:1037A0003148042102F07EFB3148042102F07AFB0B
:1037B00000212F4802F05CFBAA68D5F89810EB684E
:1037C000D5ED1C6ADFED2B5A2861521A07EE102A3C
:1037D000D5F89C2007EE900A9B1AB8EEE76A07EE30
:1037E000903AB8EEC77AF8EEE77A27EE267A67EED7
:1037F000A67AD5F8F83285ED067AF1EE476A26EE1C
:10380000256A76EEE76A0122013385F8F52285ED17
:10381000086AC5ED077AC5ED056AC5F8F83238BD06
:103820001148042102F03EFB1148042102F03AFB4A
:10383000D5F8FC320022013385F8F522C5F8FC32B8
:103840008020BDE83840FDF773BC0021074802F036
:103850000FFB0346AB600448002102F009FB03465E
:103860007FE700BF9037002000240140002801407E
:10387000003C01401833533C00B52DED028B87B05E
:10388000CDE90210CDED050A8DED041A0192F0EE9E
:10389000408A01F0E1F9B0EE408AB0EE680A01F02A
:1038A000B5F9F6EE007A67EEC06ADFED175A9FEDC4
:1038B000176A9DED041ADDED050A03980299019A35
:1038C00067EEC87AB0EE667AA8EE257AE8EE656A09
:1038D000F0EE675AE0EE065AE0EE467A21EE477ABD
:1038E00021EE400A21EE661AA8EE200AA5EEA07A83
:1038F000A7EEA01A80ED000A81ED007A82ED001A91
:1039000007B0BDEC028B00BDD7B35DBFD7B35D3F41
:1039100000B52DED028B87B0CDE90110CDED050A84
:103920008DED041ACDED031AF0EE408A01F094F902
:10393000B0EE408AB0EE680A01F068F9B6EE007A9F
:1039400067EE486A27EE407ADFED185A9FED186A55
:103950009DED041ADDED050ADDED031A02980199CB
:10396000F0EE667AB0EE475AA8EE065AE0EE257AF7
:10397000A8EE467A67EE817A21EE451AE0EE656A96
:10398000E8EE207AA0EE601AE6EEA17AA7EE611AC0
:103990009FED086A67EE867A21EE061AC0ED007A7E
:1039A00081ED001A07B0BDEC028B00BDD7B35D3FBF
:1039B000D7B35DBFABAA2A3F00B52DED0A8BB0EEA1
:1039C000609A85B0F0EE418AF0EE40AAB0EE611A3E
:1039D000F0EE680AB0EE490AB0EE618A0192CDE9D4
:1039E000021001F0B5F8B0EE481AF0EE680AB0EE39
:1039F00040AAB0EE490A01F093F83AEE00AAF6EEBA
:103A0000009AAAEE699ADFED24BA9FED24CA9FEDD1
:103A100024BA29EE299AF0EE4C0A29EE2B9A89EE67
:103A20002A0A9FED209A30EE0B0A01F069F8F0EEB9
:103A3000490A01F06DF8EAEE698A039880ED000A00
:103A400068EEA98AF0EE4C0A68EEAB8A88EEAA0A04
:103A500030EE0B0A01F054F8F0EE490A01F058F884
:103A6000AAEE698A029981ED000A28EE298AF0EE11
:103A70004C0A28EE2B8A88EE2A0A30EE0B0A01F057
:103A80003FF8F0EE490A01F043F8019A82ED000A8E
:103A900005B0BDEC0A8B00BD3333933F000000003E
:103AA000D7A3F03ED7A3703FF8B500238365C36565
:103AB00003660446FFF700FE00264FF47A7537468A
:103AC0002046FFF73DFED4E90223013D17441E4482
:103AD000F6D1074B83FB0721FA17C2EBA11283FB38
:103AE0000631F317C3EBA113C4E92623F8BD00BFC9
:103AF000D34D62102DE9F843344A354BDFED356A7A
:103B0000DFED355A2DED028BC267C0F8802093EDB2
:103B1000027A324AC0F8842066EEC76AF7EE007A6D
:103B2000B0EE676AA6EEA56A2D4ADFED2E6A12682E
:103B3000C0F8C82027EE267AC7EE866A80ED1D7A87
:103B400077EEE67A80ED1E7AC0ED227A9FED267A36
:103B5000D3ED037AF4EEC77AF1EE10FA33D8234BA3
:103B6000DFF89C90DFED228A9FED228A224F0367C7
:103B70004FF0804800F1F4050024002607EE904A3B
:103B8000F8EEE77A013467EEA87AC7EE887A17EE86
:103B9000900AFCF789FC41EC100B07F01DFD424632
:103BA00051EC100B4B46FCF7D7FC32463B46FCF77A
:103BB0001DFBFCF7C9FF802C45F8040BDED1BDECE2
:103BC000028BBDE8F8830D4BCAE700BFEC51383DCE
:103BD000903B0020D1CB0B38DB0FC940BD74933B29
:103BE0009037002017B7D13800002042FFFFA43CD7
:103BF000000000BC6F12033D0000F03FFFFF243DBA
:103C00003333F33F10B54FF47A7204460021114864
:103C100003F046FA0F484FF47A72012103F040FA9C
:103C20004FF47A720B48022103F03AFA0023002283
:103C3000C4F8A430C4F8A830E36323646364C4F810
:103C40009030C4F88C3063652365C4F8E830C4F85C
:103C5000EC2010BD002C014090ED397AD0ED387A7F
:103C600090ED3A0ADFED1E0A77EEC77A90ED217AE1
:103C700010B5A7EE270A82B0044680ED3A0A00F09C
:103C800047FF184BD3ED060AF1EE600A00F038FF4B
:103C900094ED3C7A84ED3A0A60EE407A84ED290A8C
:103CA000E7EE077AF5EE407AF1EE10FA11D4F1EE74
:103CB000E70A94ED2A0ACDED010A00F029FFDDEDB7
:103CC000010AF1EE600A00F01BFF84ED2A0A02B03F
:103CD00010BDB0EE670A07F0CFFCF0EE400AE8E74F
:103CE00000000000903B002030B52DED028B91EDDF
:103CF000170A4B6E904D91ED186AD0ED071A90EDB2
:103D0000061AD0ED050AD1ED036A83B0436380ED56
:103D10000B0A95ED117AC6EE077A044600F14001D0
:103D20003C30C4ED0C7A95ED117AC6EE877AC4ED7D
:103D30000A7AFFF7EDFD9FED815A94ED087ADFEDE9
:103D4000805AD4ED097A94ED106AD4ED0F6A94ED9F
:103D5000114AD4ED124A27EE057A26EE056AA7EE3F
:103D6000A57A04F1A80104F1A400DFED767A84EDD0
:103D7000097A67EE277A66EE856A9FED735AE4EE5C
:103D8000A56AA4EE256A67EE857ADFED705A84EDA8
:103D9000116A67EEA57AC4ED126AC4ED387A95ED22
:103DA000030A84ED3C0A00F0EBFED4ED0F6AD4ED7B
:103DB000298A94ED1D7A94ED230ADFED657A94ED5E
:103DC0002A8AD4ED380A78EEE68AA7EE280A94ED1E
:103DD000107A30EE270A38EE478A84ED140A00F094
:103DE00097FED4ED380AF1EE600A00F089FED4EDBA
:103DF0001F6A94ED1D7AD4ED237AD4ED380A84ED50
:103E0000140A27EE267AE7EE287AB0EE670AC4EDA8
:103E1000237A00F07DFED4ED380AF1EE600A00F05E
:103E20006FFED4ED147AD4ED380A84ED230A67EEE0
:103E3000E77AE0EEA07AF5EE407AF1EE10FA6FD470
:103E4000F1EEE78A94ED240AD4ED1E7AD4ED206ACF
:103E5000B0EE407AA7EE887A67EEA67ADFED3C6A8C
:103E6000A7EE880A77EE267A84ED240AC4ED157A47
:103E700000F04EFED4ED380AF1EE600A00F040FE8C
:103E8000F0EE406A94ED150A94ED147AC4ED246ABC
:103E900060EE007AF0EE680AE7EE077AB1EEE77AB4
:103EA00084ED397A00F034FEF1EE680A00F028FE65
:103EB000F0EE407A04F1540194ED380AC4ED157A1D
:103EC00004F1500000F05CFEDFED227A94ED0D7AF3
:103ED00094ED0B0A94ED151AD4ED140AA7EE270AF7
:103EE00004F16C0204F1680104F16400FFF7C4FC02
:103EF00004F15800D4ED1B1A94ED1A1AD4ED190AE6
:103F000094ED380A04F1600204F15C01FFF754FDFE
:103F1000204603B0BDEC028BBDE83040FFF7CCBBC0
:103F2000B0EE670ACDED010A07F0A6FBDDED010A50
:103F3000F0EE408A86E700BF903B0020CDCCCC3D20
:103F40006666663F3333933FD7A3703F3ACD133F46
:103F500000000000BAB1513890ED0A7AD0ED337A02
:103F6000D0ED356A90ED370A144BD0ED3C0A77EE70
:103F7000C77A90ED347AA6EEA70A10B5D0ED0C7A88
:103F8000D0ED366A37EE677AD3ED0E7AA6EE870A61
:103F9000044693ED117A67EE877A80EE270A00F0E7
:103FA000B7FDD4ED3C0AF1EE600A00F0A9FD002354
:103FB00084ED2A0AC4F8A43010BD00BF903B002055
:103FC0000023C0F8DC30C0F8D430C0F8D830C0F8D6
:103FD000CC30C0F8D030C0F8A830704708B50B48D6
:103FE00001F042FA70B1094801F072FA38B107489D
:103FF00001F0D2FB054801F013FB013808BD03486E
:1040000001F0CAFB4FF0FF3008BD00BF7837002039
:1040100010B54FF4805182B00A4802F005FC044606
:10402000FDF78EF8084A094B094992F8F52293F8F2
:10403000DD3289880092221E18BF012201F0B0FBF8
:1040400002B010BD00080140783400205831002033
:104050004C31002010B503780446052B0CD8DFE85E
:1040600003F009030C0B09090C4B186859681A89ED
:10407000FFF79CF80123E37010BD084B0122C270CA
:10408000186859681A89FFF791F80548FFF7BAFDD3
:10409000BDE810400248FFF793BF00BF4C3100203D
:1040A0007834002008B50D4804F04CFE0C4804F0AC
:1040B00049FE0C4804F046FE0B4804F043FE0B4852
:1040C00004F040FE0A4804F03DFE0A4804F03AFEBF
:1040D000BDE80840084804F035BE00BFD0BF000866
:1040E0009CC20008A8C20008BCC20008D8C20008D0
:1040F000E8C2000800C300081CC3000830B56C48C3
:104100006C4C6D4D85B004F0B5FD6C486C4B6D4A40
:104110006D49CDE900046D4C6D4804F0ABFD6D4870
:1041200004F010FE606CFCF7BFF96B4A6B4B009516
:10413000CDE902016A496B4804F09CFDA06BFCF7D5
:10414000B3F9694A654B0095CDE9020167496848B2
:1041500004F090FD674804F0F5FDA068FCF7A4F9B1
:10416000654B664A0093CDE90201654B6549664897
:1041700004F080FDE068FCF797F9644B644A009313
:10418000CDE90201634B64495F4804F073FD206D83
:10419000FCF78AF92B46CDE90201604A0095604997
:1041A000594804F067FDA06DFCF77EF92B46CDE978
:1041B00002015C4A00955C4953485C4D04F05AFD8D
:1041C000E06DFCF771F95A4B5A4A0093CDE90201B0
:1041D000504B59494C4804F04DFD206EFCF764F9F2
:1041E000564B574A0093CDE902014A4B5549464880
:1041F00004F040FDA069FCF757F9534B534A009374
:10420000CDE90201434B52493F4804F033FD206A97
:10421000FCF74AF94F4B504A0093CDE902012F4B6E
:104220004E49394804F026FD606AFCF73DF94C4BD5
:104230004C4A0093CDE90201364B4B49324804F019
:1042400019FDA06C494CFCF72FF9CDE90201484952
:10425000304B484A00912C48474904F00BFD474831
:1042600004F070FD6368464A46494748CDE900536B
:104270001A4B04F0FFFCA3680193444A174B4449CE
:104280000095414804F0F6FCE068424B424A43493D
:10429000CDE90030114B424804F0ECFC414804F0F9
:1042A000E9FC414805B0BDE8304004F0E3BC00BF84
:1042B00034C3000888C30008DCC3000898C30008A2
:1042C00050C3000854C3000860C30008903B00209E
:1042D00068C300089CC30008ACC30008A8C300085A
:1042E000B8C30008BCC30008E0C30008F8C3000856
:1042F000FCC300081CC400086CC4000830C40008DB
:104300002CC4000848C400084CC4000890C400082D
:1043100078C4000874C400088CC4000898C400085D
:10432000B4C40008B8C40008D8C40008F4C5000824
:10433000FCC40008DCC40008F8C4000828C5000854
:1043400004C5000824C5000848C500082CC500089D
:1043500044C5000870C5000850C500086CC50008B9
:1043600090C5000874C500088CC50008903700206F
:10437000B4C5000898C50008B0C50008BCC5000851
:10438000C8C50008D0C50008D4C50008F8C5000895
:1043900004C6000848C6000808C6000828C6000869
:1043A0002CC6000850C600089CC6000800B503785B
:1043B00083B0042B2BD8DFE803F02C20082A03005D
:1043C00003B05DF804EBFFF799BE0190FFF720FE04
:1043D00003461E48002B36D1C0F8B8300193FFF7D2
:1043E00011FC1B49019A088960F30F0208684968AB
:1043F00003B05DF804EBFEF7A5BD0190FFF708FEE2
:10440000014658B1019A002101235170D37003B0C5
:1044100000BD03B05DF804EBFFF744BE0D480E4B42
:10442000C0F8D8104FF40072DC30A3F821101974D2
:10443000019104F0A8FC064B019A1889596860F3B1
:104440000F021868D4E7FFF7BBFDDBE778340020E4
:104450004C31002058310020100200202DE9F0419D
:10446000037842789A42044629D1022B1CD0052BAE
:1044700012D0012B21D1544A92F82130002B4BD07D
:1044800092F82230002B62D150495148D1F8B43013
:10449000BDE8F041FEF7D2B94C4B4D48D3F8B4100B
:1044A000BDE8F04100F01EBF4A4B186859681A89F0
:1044B000FEF77AFDFEF772FE40B9BDE8F081FFF726
:1044C000C9FDE378002B3CD12378CEE7424BDA6874
:1044D000002A04DD3D48D0F8B8108A4224DBFFF7FB
:1044E00097FD18BB3948FFF737FD3848FFF7B4FB95
:1044F00037493648FFF7F8FB6378022BDDD1364B9E
:10450000DB68002BD9DD3149D1F8B8209342D4DBE8
:104510000132C1F8B820D0E72C492D48D1F8B43089
:10452000BDE8F041FEF7B4B8FFF74AFD294B1A8900
:1045300018685968FEF73AFE002201236270E370A2
:10454000BBE7637823702046FFF730FFBCE7D369F1
:104550001F4E214F96ED1A7A9FED200A7B615A4239
:1045600007EE902AF8EEE77AF7EE000A67EE877A10
:104570001D4627EE800A07F003F8DFED197A60EE9A
:10458000277A17EE900AFBF78FFF0B460246294663
:10459000144804F06FFB14494FF4007206F1DC007C
:1045A00004F03EFC10494FF4007207F1180004F0CB
:1045B00037FCFFF713FD18B900236370E3707CE745
:1045C0000A4804F0BFFBF7E710020020783400200F
:1045D000583100204C3100209037002000008037F7
:1045E000DB0FC940C8C600083C2C0020DCC6000810
:1045F00038B5417BA1F161030446172B19D8DFE8D8
:1046000013F028004700660085001800A000BF00D6
:10461000DA00F900180004011F013E01180018001B
:1046200049011800180018006801180073011800EB
:104630009201CF4804F01EFB251DFFF7CFFC002898
:1046400040F08C81FFF75AFD0023A38163606B600B
:1046500038BD051D284602F044FF51EC100BFCF755
:1046600073FAF3EE040A00EE100A07F053FBDFEDD5
:10467000C10A07F027FBC04B10EE100A83ED120AA7
:10468000FBF712FF02460B46BC4804F0F3FAD4E7EE
:10469000051D284602F025FF51EC100BFCF754FADB
:1046A000DFEDB70A00EE100A07F034FBDFEDB50AC4
:1046B00007F008FBB04B10EE100A83ED020AFBF77F
:1046C000F3FE02460B46B04804F0D4FAB5E7051DE8
:1046D000284602F006FF51EC100BFCF735FADFED2F
:1046E000AB0A00EE100A07F015FBDFEDA20A07F097
:1046F000E9FAA14B10EE100A83ED090AFBF7D4FE8C
:1047000002460B46A24804F0B5FA96E7051D284676
:1047100002F0E7FE51EC100BFCF716FADFED950AFC
:1047200000EE100A07F0CEFA934B10EE100A83ED5C
:10473000180AFBF7B9FE02460B46964804F09AFAAF
:104740007BE7051D284602F0CCFE51EC100BFCF770
:10475000FBF9DFED910A00EE100A07F0DBFADFED5E
:10476000850A07F0AFFA844B10EE100A83ED060AB3
:10477000FBF79AFE02460B46884804F07BFA5CE79A
:10478000051D284602F0ADFE51EC100BFCF7DCF9DC
:10479000DFED830A00EE100A07F094FA764B10EE74
:1047A000100A83ED110AFBF77FFE02460B467D4897
:1047B00004F060FA41E7051D284602F092FE51EC34
:1047C000100BFCF7C1F9DFED780A00EE100A07F0D4
:1047D000A1FADFED680A07F075FA674B10EE100AD0
:1047E00083ED080AFBF760FE02460B466F4804F0B3
:1047F00041FA22E7051D284602F076FE6C4B014681
:1048000059606C4804F036FA17E7051D284602F097
:1048100068FE51EC100BFCF797F9DFED670A00EE2C
:10482000100A07F04FFA544B10EE100A83ED0E0AEF
:10483000FBF73AFE02460B46604804F01BFAFCE622
:10484000051D284602F04DFE51EC100BFCF77CF9DB
:10485000DFED5B0A00EE100A07F05CFADFED450AB7
:1048600007F030FA444B10EE100A83ED030AFBF711
:104870001BFE02460B46534804F0FCF9DDE6051D1D
:10488000284602F031FE4A4B014699604E4804F03A
:10489000F1F9D2E6051D284602F023FE51EC100B7B
:1048A000FCF752F9DFED330A00EE100A07F00AFABE
:1048B000314BF1EE407A83ED140AC3ED137A10EE1A
:1048C000100AFBF7F1FD02460B46404804F0D2F90E
:1048D000B3E6051D284602F007FE354B0146D960B8
:1048E0003B4804F0C7F9A8E6051D284602F0F9FD8B
:1048F00051EC100BFCF728F9DFED1E0A00EE100A50
:1049000007F0E0F91C4BF1EE407A83ED160AC3ED97
:10491000157A10EE100AFBF7C7FD02460B462D482C
:1049200004F0A8F989E6051D284602F0DAFD51ECED
:10493000100BFCF709F9DFED0F0A00EE100A07F083
:10494000C1F90D4B10EE100A83ED170AFBF7ACFD11
:1049500002460B46204804F08DF96EE61F4804F02D
:10496000F1F9FFF7CBFB0023A38163606B6038BDD7
:104970004CC8000800000000903B0020C8C7000899
:104980000000FA440000C84214C70008000020429A
:10499000B0C7000810C800080000044268C700083B
:1049A0006F12833ADCC700080000164398C700085E
:1049B0009037002028C7000817B7D138ECC7000887
:1049C0000000704254C700083CC7000824C8000813
:1049D00080C7000838C80008FCC70008DCC600080B
:1049E0001B2908B5034645D06D29027846D052B13F
:1049F000042A07D10D294BD0027B002A45D14173EF
:104A000001321A7308BD63391729FBD801A252F885
:104A100021F000BF994A0008054A0008A34A00088F
:104A2000054A0008054A0008054A0008054A00082A
:104A3000054A0008054A0008054A0008054A00081A
:104A4000054A0008054A0008054A0008054A00080A
:104A5000054A0008AD4A0008054A0008054A000852
:104A6000054A0008054A0008054A0008054A0008EA
:104A7000B74A000800224270C27008BD02218A4273
:104A80004170BFD00022C27008BD1044C170B7E7AA
:104A9000BDE80840FFF7ACBD012100224170C270A3
:104AA00008BD052100224170C27008BD042100220A
:104AB0004170C27008BD0D489FED0D0A0023C0F87B
:104AC000D43000F0B3FA09480A4B826F1A61FFF73D
:104AD00085FA084B28B919690748BDE8084004F071
:104AE000C9B8064804F02EF9024BF4E7583100200B
:104AF000D1CB0B3890370020A4C8000874C8000838
:104B0000B4EEE00AF1EE10FAD8BFB0EE600A7047DA
:104B1000F4EEC00AF1EE10FAD8BFB0EE600A7047AA
:104B2000B4EEE00AF1EE10FA07DDB4EEC10AF1EEE0
:104B300010FAD8BFB0EE410A7047F4EEC10AF1EEA8
:104B400010FAD4BFB0EE410AB0EE600A704700BF61
:104B5000B4EEE00AF1EE10FA07D5B4EEC01AF1EEA9
:104B600010FAD8BFB0EE410A7047B4EEE01AF1EE89
:104B700010FAD4BFB0EE410AB0EE600A704700BF31
:104B8000D1ED007A90ED007A67EEA77AE7EE077A2A
:104B9000F1EEE76AF4EEC06AF1EE10FA0DDD27EEF1
:104BA000007AC7EE267AC0ED007AD1ED007A20EEC9
:104BB000270AC0EE267AC1ED007A704701238340B0
:104BC000013B07EE903A30EE600AF8EEE77A31EEFC
:104BD000601A67EE807A87EE817AFDEEC77A17EE6B
:104BE000900A704707EE900A012370EEC00AF8EEB3
:104BF000E77A8B40013B27EEA07A07EE903AF8EE79
:104C0000E77AC7EE276A36EE800A704700B5DFED17
:104C10000F0A83B0CDED010A06F0B2FCB5EEC00A72
:104C2000F1EE10FA03D5DDED010A30EE200ADFEDDA
:104C3000087A084B20EE270ABDEEC00A10EE102AB3
:104C400003EB820393ED000A03B000BDDB0FC94004
:104C500083F9A2427CC9000800B5DFED117ADFEDCF
:104C6000110A83B037EEC00ACDED010A06F088FCC8
:104C7000B5EEC00AF1EE10FA03D5DDED010A30EE13
:104C8000200ADFED097A094B20EE270ABDEEC00AA3
:104C900010EE102A03EB820393ED000A03B000BD6F
:104CA000DB0FC93FDB0FC94083F9A2427CC9000872
:104CB00070B5054684B035480E464FF4004101F00A
:104CC000ABFD00230393039B3F2B06D800BF039B40
:104CD00001330393039B3F2BF8D940F6010401E015
:104CE000013C3ED02A48022101F09AFF0028F7D06B
:104CF0002748294601F08EFF40F6010401E0013CFF
:104D00003ED02348012101F08BFF0028F7D0204836
:104D100001F082FF40F60104308001E0013C32D016
:104D20001B48802101F07CFF0128F7D0002302936B
:104D3000029B3F2B4FF000041AD914484FF4004156
:104D400001F068FD00230193019B3F2B06D800BFB3
:104D5000019B01330193019B3F2BF8D9204604B0FE
:104D600070BD4FF0FF3400230293029B3F2BE4D829
:104D700000BF029B01330293029B3F2BF8D9DCE773
:104D80006FF00104EFE76FF00204ECE70008014068
:104D9000003C0040F0B5064683B008461746FDF7D4
:104DA0001FF8044643F6FF70FDF71AF801A90546FF
:104DB0002046FFF77DFF48BB0DF106012846FFF7AF
:104DC00077FF18BBBDF806402046FDF725F8431CC9
:104DD000A6F8E0420BD0023012D0C4F30D043C80A0
:104DE00001A92846FFF764FF80B903B0F0BDD6F8EB
:104DF00000330133C6F800336FF0010003B0F0BD9B
:104E0000D6F804330133C6F80433F5E7D6F8FC329C
:104E100001334FF48070C6F8FC32FCF789F94FF08B
:104E2000FF30E2E770B5002182B006460120FCF7B2
:104E3000E7FF044643F6FF70FCF7D2FF0DF10601D1
:104E400005462046FFF734FF38B90DF10601284624
:104E5000FFF72EFF08B902B070BDD6F8FC3201335F
:104E60004FF48070C6F8FC32FCF762F94FF0FF3067
:104E7000F1E700BF10B582B00DF1020243F6FC71FC
:104E80000446FFF787FFF0B901AA43F6FD712046FB
:104E9000FFF780FFB8B90DF1060201212046FFF7A8
:104EA00079FF80B9BDF80630BDF80210BDF80420C6
:104EB000A4F8EA32A4F8E612A4F8E822012384F860
:104EC000DE3202B010BD00234FF0FF30F7E700BF25
:104ED0002DE9F04F044687B043F6FF700E46FCF70D
:104EE0007FFF4FF0000807462046FFF79BFF46452F
:104EF000A4F8DD82A4F8EC8240F383800123CDF88E
:104F0000088003939A46C1460DF116013846FFF713
:104F1000CFFE90BB012E44D04FF0010B00250DF1C8
:104F200016013846FFF7C4FE48BBBDF81680019055
:104F30004046FCF771FF431C019AA4F8E082C8F3D5
:104F40000D0C05F101053AD0023054D00BF1010BE4
:104F50005E45A4F8E2C284F8DDA2A4F8EC22DED11A
:104F60001F2D1ED92046FFF785FFB0FA80F04009BB
:104F700084F8DE0207B0BDE8F08F4FF0000BD4F8E4
:104F8000FC12B4F8EC2284F8DD920BF1010B013134
:104F9000013201235E45C4F8FC12A4F8EC2202930E
:104FA000BCD1039D032D1AD0142000F08BFC6B1C88
:104FB00003930023A4F8DD32A4F8EC32A4E7D4F87C
:104FC00000230132C4F800230BF1010B5E454FF0C2
:104FD000000584F8DD92A2D1039D032DE4D1029A4D
:104FE000002384F8DD329A4214BF4FF480704020D1
:104FF000FCF79EF8B6E7D4F804230132C4F8042382
:10500000E2E70125032D4FF014000CD0013500F02C
:1050100059FC4FF00003032DA4F8DD32A4F8EC8214
:105020004FF01400F2D100230293D8E770B52DEDB4
:10503000028B044684B043F6FF70B0EE408AFCF762
:10504000CFFED4F8F03201330DF10E01C4F8F03286
:10505000FFF72EFE002840F0C380BDF80E3001930C
:1050600005461846FCF7D8FE019BA4F8E032421C26
:1050700000F00881023000F0DD80D4F8F422C3F3A0
:105080000D06002A40F0ED80002366F30F03D4EDF7
:10509000016A012166F31F43B5000A44C4F8E232F5
:1050A000002384F8DD12C4F8F422A4F8EC32C4ED35
:1050B000026A4C2204F10C01656704F11000CDED89
:1050C000016A03F047FE6B125A1C02F07F0204EBE8
:1050D000830304EB8202D3F8DC30D2F8DC209FEDAE
:1050E0007B6ADDED016AC5F30801D21A01FB02F209
:1050F00003EB62232B447649A3670A699A1A07EEE9
:10510000102ABAEEC87AFDEEC77AF8EEE77A37EEE3
:10511000677A27EE067AB5EEC07AF1EE10FA01D57D
:1051200037EE067A4A6994ED1A6ADFED6A5A9FED06
:10513000675A84ED017A9B1A07EE903AF8EEE77A07
:1051400067EE867A67EEA57AFDEEE75AF8EEE55A45
:1051500077EEE57A67EE857AF5EEC07AF1EE10FA31
:1051600001D577EE857A77EE666ADFED5B5AC4ED9E
:10517000177AF4EEE56AF1EE10FA48DCDFED577AC3
:10518000D4F8801094F8DC22F4EEE76AF1EE10FA1D
:105190004CBF012300230B44C4F88030002A41D0C7
:1051A00007EE903ADFED496AF8EEE77A67EEA67A05
:1051B00037EE277AD4ED166A84ED037AF3EE037A9C
:1051C00077EE666A68EE277A86EEA77A26EE076A99
:1051D00084ED187A84ED196A04B0BDEC028B70BDC1
:1051E000D4E9BE21B4F8EC3201310132C4E9BE2168
:1051F0000020013384F8DD02A4F8EC324FF4807013
:1052000004B0BDEC028BBDE87040FBF791BFD4F851
:10521000801094F8DC224FF0FF330B44C4F8803048
:10522000002ABDD10123DFED2E7AC4F8802084F856
:10523000DC32BDE7D4F804330133C4F80433B4F8E6
:10524000EC32D4F8F82201339BB201320021022B58
:10525000C4F8F822A4F8EC3284F8DD12BCD940205E
:10526000CEE7B4F8E4123046FCF7E4FD00F5007038
:10527000B0F5806F0CD8B4F8E432B3421DD0D4F846
:10528000F42201E7D4F800330133C4F80033D6E741
:10529000B4F8EC32D4F80813D4F8F82284F8DD52CC
:1052A00001339BB201310132022BC4F80813C4F858
:1052B000F822A4F8EC328FD9D1E7D4F80C33D4F823
:1052C000F4220133C4F80C33DEE600BFDB0FC94023
:1052D0009037002000008037DB0F4940DB0F49C0CA
:1052E0000000000070B5224D2B6803F51C531033ED
:1052F0008B4200D970BD04460E46416F1D4803F035
:10530000B9FCA16F1C4803F0B5FC6068FBF7CCF852
:1053100002460B46194803F0ADFCE068FBF7C4F801
:1053200002460B46164803F0A5FCE06DFBF7BCF8FF
:1053300002460B46134803F09DFCD4F88010124837
:1053400003F098FC94F8DD12104803F093FCD4F8B5
:10535000FC120F4803F08EFCD4F800130D4803F044
:1053600089FC0D48D4F8041303F084FC2E6070BD52
:105370003C3D0020CCC80008D8C80008F0C8000890
:1053800008C900081CC9000830C9000840C9000845
:105390004CC9000858C9000868C9000830B585B074
:1053A00001AB83E807000E4D002401AB93E8070032
:1053B0002346FEF761F90134B4F5807F45F8040F08
:1053C000F3D1084D01AB93E807002346FEF768F9D7
:1053D0000134B4F5A07FA5EC010AF3D105B030BDCE
:1053E0008C370020903B002070B586B003AB83E87B
:1053F000070003AA07CA4FF4A073FEF747F903AAF0
:10540000064640F2411307CAFEF740F903AA0546D3
:105410004FF4A17307CAFEF739F90DF10C0C0446DD
:1054200040F243139CE80700FEF730F9054A019269
:10543000054A00920346224629463046FCF772FC94
:1054400006B070BD903B00209037002000B583B0BF
:105450000190FEF7C7F8019841680022FF23C0E9D8
:105460000312838203B000BD30B517498BB00446E8
:105470001648FCF725FA0546E8B1237D012B1ED915
:1054800000210B46E268637502EB010E94E8070009
:1054900004AB83E807000DF1040CCDF814E08CE8B0
:1054A000070093E8070007AB83E8070084E80700DC
:1054B0002046FEF7A3F82846A5750BB030BD013392
:1054C00003F00103D902DDE7903B00209037002074
:1054D000F0B5837D83B005462BB900240023204618
:1054E000AB7503B0F0BD48494848FCF7E9F900281E
:1054F000F3D045494548464EFCF7A0F9002407463D
:1055000056F8043F95E80700009323460134FEF760
:1055100083F8B4F5807FF3D13B4EB6EC010A234605
:1055200095E807000134FEF78FF8B4F5A07FF4D1B9
:105530000223009395E8070040F24113FEF778F844
:10554000009495E807004FF4A173FEF771F80097F7
:1055500095E8070040F24313FEF76AF82A69013222
:10556000009295E807004FF4A273FEF761F8294B0B
:10557000009395E807002346FEF75AF8234926488A
:105580004FF4806203F04CFC1F4924484FF48072B2
:1055900003F046FC95E80700FFF700FF95E80700D9
:1055A000FFF722FF044660B91B4918484FF4806298
:1055B00003F036FC194914484FF4807203F030FCB4
:1055C0008BE795E807004FF4A273FEF75FF82B69AD
:1055D000114907464FF480620C485E1C03F020FC22
:1055E0000E4909484FF4807203F01AFCB7427FF469
:1055F00074AF2B696A7D2A7501332B612046002325
:10560000AB7503B0F0BD00BF903B00209037002089
:105610008C3700204154484E403E0020403D002041
:105620002DE9F04F93B006460DF10C0800274FF01E
:10563000FF0A0CAD09AC0DF1100996E807000DF159
:105640003C0C8CE80700F36803EBC723109385E854
:1056500007009CE8070084E80700FFF79FFE94E836
:105660000700FFF7C1FE4FF4A27388F800008346DD
:1056700094E80700FEF70AF849F827000346002FD0
:1056800041D0BBF1000F02D0BAF1FF0F54D1059BFE
:105690009DF80D2004999DF80C00FCF76BFB002889
:1056A00059DB5FFA80F8B8F1FF0F54D0B8F1000F62
:1056B00056D1354935484FF4806203F0B1FB344987
:1056C00034484FF4807203F0ABFBF26886F8148024
:1056D00002EBC82796E8070085E807000D9784E8E5
:1056E000070095E807000FAC84E807000DEB88037E
:1056F00094E807001B693361012386E80700184618
:1057000013B0BDE8F08FBBF1000F10D01F491E4849
:1057100001934FF4806203F083FB1E491C484FF451
:10572000807203F07DFBBAF1FF0F04D1BA4608F195
:105730000108012781E7019B18460DEB8A031969CF
:10574000FCF712FB08B15FFA87FA002F9FD108F12E
:105750000108012771E70023184613B0BDE8F08F58
:10576000F26802EBC82396E807000DF13C0C8CE8C8
:105770000700109385E807009CE8070006AF87E85C
:105780000700FFF70BFEA0E7403E00209037002007
:10579000403D0020903B002000238375FDF762BF51
:1057A0009DF800C030B949B932B14BB1844508BF4A
:1057B0000520704701207047032070470220704782
:1057C00004207047081A904234BF0020012070471F
:1057D0000120704708B503F0F1FA162303604FF07B
:1057E000FF3008BD08B503F0E9FA16230360FEE7B1
:1057F00070B5161E07DD0C468D19AFF3008004F856
:10580000010BA542F9D1304670BD00BF70B5161E20
:1058100007DD0C468D1914F8010BFCF719FFA542A2
:10582000F9D1304670BD00BF4FF0FF30704700BF68
:105830004FF400534B600020704700BF01207047B9
:10584000002070470C4A08B5136833B11844694604
:10585000884208D81060184608BD084B13601844E9
:1058600069468842F6D903F0A9FA0C2303604FF089
:10587000FF33184608BD00BF40420020A04300206F
:105880000D4B0E4A1B68A2FB03239B09013BB3F19E
:10589000807F00D3FEE74FF0E02209495361F020FA
:1058A00081F823004FF0000C07201023C2F818C025
:1058B000106181F82330704700000020D34D621042
:1058C00000ED00E0024A10601368002BFCD1704725
:1058D000484200200549064A0B6801330B601368F3
:1058E00013B11368013B1360704700BF44420020AE
:1058F00048420020014B1868704700BF4442002016
:10590000704700BF08B50220FBF712FCFEE700BF9E
:1059100008B50420FBF70CFCFEE700BF08B5082023
:10592000FBF706FCFEE700BF08B51020FBF700FC04
:10593000FEE700BF704700BF704700BF704700BF61
:10594000FFF7C8BF70B5414C414884B022460021E2
:1059500000F052FC206840F20173984205D1A36820
:1059600023F07F43B3F5002F60D03A4D627A217A5D
:105970006B680093B2FA82F2B1FA81F1A37A52090C
:105980004909FCF707FA08B904B070BD324A334E32
:10599000334B92ED0E7A96ED111AD2ED117AD3EDCA
:1059A000180A93ED030A29792E4821EE071AC0EE52
:1059B000A70A80EE270A21EE271AFBF731FE2949B4
:1059C000234800F0C5FB284803A9FCF7F5F9054674
:1059D000D0B19DF80C30FD2B23D0FE2B0FD0FC2B2B
:1059E000D2D100233046C6F8B830FEF7E9FA2020BD
:1059F000FBF7ACFB1D486D21FEF7F2FFC4E71B4827
:105A00007A21FEF7EDFFBFE7236906F1CC02CDE96D
:105A1000003294E80F00FBF745FEC6F8B85004B01A
:105A200070BD12481B21FEF7DBFFADE703A904F1AF
:105A30000B00FCF713FA18B99DF80C30032B01D9B1
:105A4000206892E72046FCF74DFA9DE7E801002028
:105A50000064004090370020903B00207834002004
:105A600058310020FC010020F301002068340020A0
:105A7000012110B5174801F0B9F917490B88013316
:105A800043F697229BB2934212D80B80134C2046C8
:105A9000FDF756FE9FED120A1248FFF7C7FA1248AB
:105AA000FEF7DCFCD4F8B4300133C4F8B43010BDD8
:105AB0000E4B1A7800200880B2FA82F200F1804082
:105AC000520900F588304FF400511A7000F0A6FE1C
:105AD000DCE700BF002C01404E420020783400205B
:105AE000D1CB0B3858310020683400204C420020C4
:105AF00008B54FF4805000F0BBFC11484FF48051C2
:105B000000F092FE00B108BDFDF7D2F8A0B9FDF794
:105B100087F818B1BDE80840FDF78AB808484FF487
:105B2000006100F087FE0028EDD02020FBF700FB8D
:105B3000044B01229A8008BDBDE80840FDF7C0B8BB
:105B4000000801404C31002008B50749074801F022
:105B5000F9FB00B908BD054801F0DCFBBDE80840D1
:105B6000C1B20348FEF73CBF0503050000440040F6
:105B70006834002008B5154B98421BD003F5A0539C
:105B800098420DD0A3F5C05398421DD140F2093080
:105B900000F02AFFBDE8084040F2093000F032BFB3
:105BA00040F20F3000F020FFBDE8084040F20F3017
:105BB00000F028BF40F20A3000F016FFBDE80840B0
:105BC00040F20A3000F01EBF08BD00BF00280140AF
:105BD0008368DB0703D4836843F001038360704765
:105BE000826842F0080200F1080382601A68110717
:105BF000FCD4826842F0040282601A685207FCD426
:105C0000704700BF836843F480738360704700BFB0
:105C1000064BD3F8042422F47022C3F80424D3F8EA
:105C200004240243C3F80424704700BF002001404D
:105C300001F480738AB11BB1436843F480734360FD
:105C40004B0503D5436843F480634360890715D54A
:105C5000836843F00203836070471BB1436823F4F9
:105C6000807343604A0503D5436823F4806343602F
:105C70008B0703D5836823F002038360704700BF5E
:105C8000836819B143F400638360704723F40063B1
:105C90008360704701290ED0022900D07047836BC2
:105CA00023F440138363013A836B120502F440121C
:105CB0001A4382637047C36A23F47003C362013AD4
:105CC000C36A120502F470021A43C262704700BF31
:105CD000052900B52ED8D0F834C001EB81014FF072
:105CE0001F0E0EFA01FE2CEA0E0C02FA01F141EA37
:105CF0000C014163092A0DD8016902EB42024FF001
:105D0000070C0CFA02FC21EA0C0103FA02F20A4326
:105D1000026100BD112AFCD80A3AC16802EB4202B6
:105D20004FF0070C0CFA02FC21EA0C0193400B43E4
:105D3000C36000BD0B2910D80639D0F830C001EB84
:105D400081014FF01F0E0EFA01FE2CEA0E0C02FA32
:105D500001F141EA0C010163CCE70F29CAD80C39E3
:105D6000D0F82CC001EB81014FF01F0E0EFA01FE9E
:105D70002CEA0E0C02FA01F141EA0C01C162B9E70A
:105D8000D0F838C00331CCF3015CA1EB0C0101EB7E
:105D900081014FF01F0C00B50CFA01FED0F838C09D
:105DA00002FA01F12CEA0E0C41EA0C01092A816386
:105DB0000DD8016902EB42024FF0070C0CFA02FC0D
:105DC00021EA0C0103FA02F20A43026100BD112A22
:105DD000FCD80A3AC16802EB42024FF0070C0CFAF9
:105DE00002FC21EA0C0193400B43C36000BD00BFDD
:105DF00001F001035AB11BB1836843F4801383603F
:105E00008A070FD5836843F40043836070471BB152
:105E1000836823F4801383608B0703D5836823F49E
:105E200000438360704700BF01290AD0022900D0D7
:105E30007047836823F4E04383608368134383607F
:105E40007047836823F4602383608368134383600F
:105E5000704700BFCA0703D5836843F4800383609B
:105E60008B0703D5836843F400138360704700BF3A
:105E700003290FD8DFE801F00B080502806C80B21F
:105E80007047406C80B27047006C80B27047C06B46
:105E900080B270470020704703680B4214BF012096
:105EA00000207047036823EA01030360704700BFC6
:105EB00008B5074B984200D008BD40F2194000F0E9
:105EC00093FDBDE8084040F2194000F09BBD00BFC3
:105ED0000064004029B103282CD8DFE800F00E1838
:105EE0002103FEE70023C1F80B30C1F80F308B729D
:105EF0004B60CB740B810B607047002340F2FF3086
:105F00004FF4003248810B810A604B6070470023D8
:105F10004FF480320B740B604B608B60CA6070472B
:105F20000023C1F80B30C1F80F308B724B600B812E
:105F30000B607047FEE700BF036823F0020300B563
:105F400003600368844643F001034CF8043B436854
:105F5000DB07864608D44FF6FF7301E0013B03D010
:105F6000DCF80020D007F9D5DEF8040010F00100BD
:105F700070D04B788A781B06120402F4702203F06A
:105F8000407313430A7843EA8273CA78120502F415
:105F9000E00213434A89013AC2F309021343CEF8DF
:105FA0001C300B79012BDEF800300CBF43F080036E
:105FB00023F08003CEF800304B79012BDEF800305F
:105FC0000CBF43F0400323F04003CEF800308B7940
:105FD000012BDEF800300CBF43F0200323F0200338
:105FE000CEF80030CB79012BDEF800300CBF43F047
:105FF000100323F01003CEF800300B7A012BDEF8EB
:1060000000300CBF43F0080323F00803CEF8003043
:106010004B7A012BDEF800300CBF43F0040323F071
:106020000403CEF80030DEF8003023F00103CEF890
:106030000030DEF80430DA070DD54FF6FF7000E0CF
:1060400040B1DCF80030DB0700F1FF30F8D4003855
:1060500018BF012000BD012000BD00BF3B4943899E
:10606000D1F8002642F0010200B5C1F80026D1F8AF
:106070001CC6B0F80EE001229A402CEA020CC1F8CE
:106080001CC6BEF1000F45D1D1F80CC603F1006368
:106090002CEA020CC1F80CC603F6C843B0F806C0DF
:1060A0004188DB0041EA0C41B0F804C01960018866
:1060B00041EA0C415960838924492BBBD1F804364D
:1060C00023EA0203C1F8043603892049B3B9D1F8A1
:1060D000143623EA0203C1F81436037C012B05D1E0
:1060E0001A49D1F81C361343C1F81C36174AD2F8A6
:1060F000003623F00103C2F8003600BDD1F8143693
:106100001343C1F81436E8E7D1F804361343C1F855
:106110000436D9E7BEF1010FCDD1D1F80CC603F199
:1061200000634CEA020CC1F80CC603F6C843B0F891
:1061300000C04188DB0041EA0C41B0F804C019609E
:10614000C18841EA0C415960B5E700BF00600040DA
:1061500082685201034605D48268120143D5103388
:10616000012000E00020D3F8802102F0010210B5E8
:10617000C3F8802191F808E04A7A03F5C07CBEF1AB
:10618000000F26D04C6842EAC40242EA0E02D3F85D
:1061900080E142EA0E02C3F88021D3F8842122F084
:1061A0000F02C3F88421D3F884E18A7A42EA0E020E
:1061B000C3F88421D1F80B20C3F88821D1F80F202F
:1061C000C3F88C21DCF8003043F00103CCF8003038
:1061D00010BD0C68D3F880E142EA445242EA0E0254
:1061E000C3F88021D9E78268D20002D5203302208B
:1061F000B9E70320704700BF00EB0113D3F8B0C12B
:106200000CF0040C82F808C0BCF1000F47D1D3F8A1
:10621000B0C14FEA5C5CC2F800C0D3F8B0C10CF06A
:10622000020C82F809C0D3F8B4C14FEA1C2C82F8E2
:1062300013C0D3F8B4C10CF00F0C82F80AC0D3F825
:10624000B8C182F80BC0D3F8B8C14FEA1C2C82F851
:106250000CC0D3F8B8C14FEA1C4C82F80DC0D3F87B
:10626000B8C14FEA1C6C82F80EC0D3F8BCC182F8EA
:106270000FC0D3F8BCC14FEA1C2C82F810C0D3F871
:10628000BCC14FEA1C4C82F811C0D3F8BC311B0EC4
:10629000937459B9C36843F02003C3607047D3F8BF
:1062A000B0C14FEADC0CC2F804C0B6E7036943F0A2
:1062B00020030361704700BF43690B43436170478C
:1062C0000D4B984215D001EB810300EB83030022B4
:1062D000D3F808C02CF0010CC3F808C09A60DA604B
:1062E0001A615A61426889000F238B40134343604F
:1062F00070470429E7D9FEE7000402401D4B98428D
:1063000034D001EB810100EB8100136810B403610C
:1063100093684361138AC360D468536881682343D8
:10632000546921F47C5123430B438360137E012B7A
:1063300083680CBF43F0400323F040038360537E27
:10634000012B83680CBF43F0800323F0800383603C
:10635000937E2BB1836843F0100310BC83607047B9
:10636000836823F0100310BC836070470429C8D9E8
:10637000FEE700BF00040240074B984208D001EB43
:106380008101890008300B5843F020030B507047FF
:106390000429F4D9FEE700BF00040240074B9842ED
:1063A00008D001EB8101890008300B5843F001034C
:1063B0000B5070470429F4D9FEE700BF00040240E7
:1063C0002A4BD3F800C42CEA000CC3F800C4D3F85D
:1063D00004C42CEA000CC3F804C4D3F808C42CEAA3
:1063E000000CC3F808C4D3F80CC42CEA000CC3F8A2
:1063F0000CC449B3012905D0012A0BD0022A29D0A7
:10640000AAB17047D3F80414012A41EA0001C3F885
:106410000414F3D1154BD3F8082422EA0002C3F880
:106420000824D3F80C240243C3F80C2470470F4B04
:10643000D3F808240243C3F80824D3F80C2422EA32
:106440000002C3F80C247047D3F800140143C3F8CA
:106450000014D1E7054BD3F808240243C3F80824FD
:10646000D3F80C240243C3F80C2470470000014009
:10647000014BC3F814047047000001400B4B1A692C
:10648000110603D50A490B4A59605A600A4BB3F802
:10649000E030B3F5007F07D9044B1A6D120603D51F
:1064A0000349044A59645A64704700BF00200240FF
:1064B00023016745AB89EFCD00F7FF1F074B084964
:1064C0001A69B1F8E01042F08002B1F5007F1A615C
:1064D00003D91A6D42F080021A657047002002400D
:1064E00000F7FF1F4B4BB3F8E030B3F5007F6AD9DC
:1064F000494B4A4A98424A4B26D2D168C90756D4DA
:10650000D368D90657D4D3685B075AD41169444B72
:1065100041F00201116150611069404940F04000B2
:106520001061CA68D00738D4CB68DB063DD4C86890
:10653000C0F380004000C0B2384A136923F0020360
:1065400013617047013B34D0D16CC907FAD4D36CC6
:10655000DB0630D4D36C590733D4136D43F00203F8
:1065600013655065D3699B0748BF50612B4A2C4B7C
:10657000116D41F040011165D16CC9071DD4D36C78
:10658000D80643D4D06CC0F380004000C0B2234A88
:10659000136D23F0020313657047013B38D0CA68BE
:1065A000D007FAD4CB68DB06C1D50320C4E7013B92
:1065B000A3D10420704703207047013BDCD10420A5
:1065C000E5E702207047164B144AD168C90719D471
:1065D000D368DB06EFD4D3685907F2D41169104BA6
:1065E00041F002011161506110690C4940F0400016
:1065F0001061CA68D20797D5013B09D0CA68D20793
:10660000FAD491E7013BE0D1042070470320BEE7B4
:10661000042091E700F7FF1FFFFF0708002002405A
:106620000000FF0F454BB3F8E030B3F5007F8C4618
:1066300060D9434B434A9842434B23D2D168C907A0
:106640004CD4D368D9064DD4D3685B0750D41169B4
:106650003D4B41F0010111613A49C0F800C0CA68E0
:10666000D00731D4CB68DB0636D4C868C0F38000CD
:106670004000C0B2334A136923F00103136170472D
:10668000013B2DD0D16CC907FAD4D36CDB0629D4D9
:10669000D36C59072CD4116D2B4B41F001011165BE
:1066A0002849C0F800C0CA6CD2071DD4CB6CD806EC
:1066B00040D4C86CC0F380004000C0B2214A136DC2
:1066C00023F0010313657047013B35D0CA68D0073A
:1066D000FAD4CB68DB06C8D50320CBE7013BADD1AC
:1066E0000420704703207047013BDCD10420E5E71C
:1066F00002207047144B134AD168C90716D4D368D7
:10670000DB06EFD4D3685907F2D411690E4B41F080
:10671000010111610B49C0F800C0CA68D207A1D5B8
:10672000013B09D0CA68D207FAD49BE7013BE3D109
:10673000042070470320C1E704209BE700F7FF1FF8
:10674000FFFF0708002002400000FF0F830903F14C
:10675000804303F5083300F01F00196801228240CE
:106760000A431A60704700BF2DE9F0430C461D46EE
:10677000E306014604F00F0602D5042A44D016436E
:1067800000224FF001080F2706E0482C08BF0861DF
:106790000B600132082A13D008FA02FC4FEA820E7D
:1067A0001CEA050007FA0EF906FA0EFEF1D00B6896
:1067B000282C23EA09034EEA0303E6D14861E7E700
:1067C00000234FF001080F2709E0482C08BF08619B
:1067D000C1F804E00132102A03F1040312D008FAD0
:1067E00002FC1CEA050007FA03F906FA03FEF1D0E1
:1067F000D1F804C0282C2CEA090C4EEA0C0EE4D186
:106800004861E5E7BDE8F083C36B2B4346F0030620
:10681000C363B5E701617047416170470AB1016127
:1068200070474161704700BF83680B4214BF01206D
:1068300000207047C3680B4214BF0120002070473E
:1068400000281F4B00F4401CB4BFDB695B68BCF53B
:10685000401F00B582B227D010F4801F19D14FEA33
:10686000505C4FEA0C1C02FA0CFC23EA0C0343F0C8
:10687000E0634FEA505C4FEA0C1C02FA0CF21A4338
:10688000002918BF13460E4A0028B4BFD3615360D5
:1068900000BDC0F3034E4FF0030C0CFA0EFC23EACC
:1068A0000C0343F0E063E4E7DFF814E0DEF804C033
:1068B0002CF0E06C23F0E063CEF804C0D9E700BF11
:1068C0000000014001F003039B000F22032902FA9C
:1068D00003F200FA03F0134B07D8996821EA020289
:1068E0009A609A6802439A607047072907D8D96866
:1068F00021EA0202DA60DA680243DA6070470B29A3
:1069000007D8196921EA02021A611A6902431A6159
:106910007047596921EA02025A615A6902435A6171
:10692000704700BF00000140DFF898C0DCF80C3071
:1069300003F4E063B3F5E06F36D0DCF80C3003F419
:10694000E063B3F5C06F1BD0DCF80C3003F4E063F8
:10695000B3F5A06F10D0DCF80C3003F4E063B3F5AE
:10696000806F25D0DCF80C3003F4E063B3F5407F92
:1069700022D0134BCCF80C3002F00302022302E0C9
:1069800002F007020323DFF840C0994011430CEBEB
:1069900000030901420983F8001300F01F000123DE
:1069A00083404CF82230704702F00F020423EAE7DC
:1069B00002F001020123E6E700221346E3E700BFED
:1069C0000005FA0500ED00E000E100E0830903F1B5
:1069D000804303F5043300F01F0019680122824050
:1069E0000A431A60704700BF830903F1804303F52F
:1069F000043300F01F001968012282400A431A6024
:106A0000704700BF830903F1804303F5043300F0AE
:106A10001F001A680121814022EA01021A607047B2
:106A2000174A5368D26A23F0805323F4404322F07C
:106A300000510B2809D8DFE800F006060606081802
:106A400008180C0C0C0C43EA80330D4A5360D162D9
:106A50007047DFF834C042F000510CEA803C084A2D
:106A600043EA0C035360D1627047064A02EA80325F
:106A70001343034A43F080535360D162704700BF11
:106A80000010024000C0FEFF00C0FCFF10B5DFF8A0
:106A9000E4C086469CE80F0088B008AC04E90F000B
:106AA000DCE90401CDE90001CDE902012D4A53687A
:106AB00003F00C03082B24D02B482A4A5368516852
:106AC0005268C3F303136B441B7C20FA03F3BEF13B
:106AD000030F44D8DFE80EF00812020AC1F30221C6
:106AE0006944087823FA00F008B010BDC2F3C2224E
:106AF0006A44107A23FA00F008B010BD184608B0B6
:106B000010BD5368D90311D4184A164B58685968F8
:106B10005B680C01C0F3834014D5590018D540F0D0
:106B200030003F2812D102FB00F0C6E7D36A5A00BA
:106B30000C4B58BF0C4A5B6848BF0D4A9B03E4D519
:106B40005208E2E75B0006D540F020000130EAE79A
:106B500040F01000FAE70F28F8D00230E3E70020F9
:106B6000C2E700BF0010024000127A0000093D0099
:106B7000006CDC02B0BF000808B5154B984212D07B
:106B800003F57443984204D0A3F57843984214D097
:106B900008BD4FF44370FFF727FFBDE808404FF4EE
:106BA0004370FFF72FBF40F20F40FFF71DFFBDE816
:106BB000084040F20F40FFF725BF40F20E40FFF7BC
:106BC00013FFBDE8084040F20E40FFF71BBF00BFB7
:106BD000003C004010B4D1E901420B682343134349
:106BE000CA680C69D1E905C113432343026843EA2B
:106BF0000C0302F441520B4313430360C36923F4B3
:106C0000006310BCC3617047036843F04003036036
:106C1000704700BFC1607047C06880B2704700BF56
:106C200083680B4214BF01200020704708B5374B22
:106C300098424CD015D8A3F50063984251D039D86A
:106C4000B0F1804F22D0A3F5806398425DD140F22D
:106C50000140FFF7C9FEBDE8084040F20140FFF7E0
:106C6000D1BE2B4B984246D003F50063984217D013
:106C7000A3F59033984248D140F20540FFF7B4FEA7
:106C8000BDE8084040F20540FFF7BCBE4FF480600D
:106C9000FFF7AAFEBDE808404FF48060FFF7B2BEE0
:106CA00040F20D30FFF7A0FEBDE8084040F20D3085
:106CB000FFF7A8BE174B984227D140F20340FFF7D9
:106CC00093FEBDE8084040F20340FFF79BBE40F250
:106CD0000440FFF789FEBDE8084040F20440FFF79A
:106CE00091BE40F20240FFF77FFEBDE8084040F24F
:106CF0000240FFF787BE40F20B30FFF775FEBDE89C
:106D0000084040F20B30FFF77DBE08BD0010004088
:106D1000002C0140000C004000234FF6FF72C0E938
:106D20000033826003737047254B0A888262984261
:106D300015D020F44063B3F1804F10D0214B98421E
:106D40000DD0214B20F4806210B49A428C68C4624A
:106D50002CD1436943F0010310BC436170470368C1
:106D60004A8823F070030360D0F800C08B8842EAA1
:106D70000C0202600268134303608B68C3620268FE
:106D8000CB8822F440720260D0F800C00C4A43EA7B
:106D90000C039042036002D00A4B984201D10B7B56
:106DA0000363436943F00103436170470268CB8882
:106DB00022F440720260026813430360C9E700BF17
:106DC000002C01400034014000100040036843F0F3
:106DD00001030360704700BF036843F08003036052
:106DE000704700BFC3680B43C3607047C94301616C
:106DF000704700BF00230360436083608381704756
:106E0000B1F802C00B888A8843EA0C03B1F806C0C7
:106E100013430A8943EA0C03B1F80AC013438A8971
:106E200043EA0C0313439BB243647047436C01294C
:106E30000CBF43F4004323F400434364704700BF96
:106E40000023036043608360704700BF032929D893
:106E5000DFE811F0AF006C0029000400036A11881C
:106E6000B2F804C023F480530362C36923F440736F
:106E7000C361036A43EA01330362036A724923F47C
:106E800000530362036A884243EA0C33036240F012
:106E9000D6804368128923F480434360436843EA01
:106EA000821343607047036A1188B2F804C023F468
:106EB00080730362C36923F00303C361036A43EA77
:106EC00001230362036A604923F400730362036AC7
:106ED000884243EA0C23036202D05C4B9842E1D122
:106EE000036AB2F802C0D18823F480630362036AA4
:106EF00043EA0C230362036A23F400630362036A18
:106F000043EA0123036243681189528923F48053C1
:106F10004360436843EA01134360436823F400532A
:106F20004360436843EA021343607047036A118871
:106F3000B2F804C023F010030362836923F44073A2
:106F40008361036A43EA01130362036A3E4923F043
:106F500020030362036A884243EA0C13036202D0EF
:106F60003A4B98429ED1036AB2F802C0D18823F00E
:106F700040030362036A43EA0C130362036A23F0CB
:106F800080030362036A43EA0113036243681189C1
:106F9000528923F480634360436843EA810343607A
:106FA000436823F400634360436843EA8203436019
:106FB0007047036A118823F001030362D0F818C0F8
:106FC00093882CF0030CC0F818C0D0F820C041EA18
:106FD0000C010162016ADFF870C021F00201016258
:106FE000016A604543EA0103036203D0174B9842EC
:106FF0007FF458AF036A518823F004030362D0F88A
:1070000020C0D38841EA0C010162016A21F0080125
:107010000162016A0B4303624368118923F48073A0
:107020004360D0F804C0538941EA0C0141604268D2
:1070300022F4007242604268134343607047034B7E
:1070400098427FF42FAF24E7002C01400034014028
:1070500003290BD8DFE801F01C130B02C36923F4EA
:10706000E043C361C36943EA0223C3617047C36954
:1070700023F07003C361C3691343C361704783691D
:1070800023F4E0438361836943EA02238361704709
:10709000836923F0700383618369134383617047BD
:1070A000032904D8DFE801F00806040202647047EF
:1070B000C2637047826370474263704703290BD8ED
:1070C000DFE801F01C130B02C36923F40063C36102
:1070D000C36943EA0223C3617047C36923F008030D
:1070E000C361C3691343C3617047836923F40063B9
:1070F0008361836943EA022383617047836923F0D4
:1071000008038361836913438361704703290BD8A4
:10711000DFE801F01C130B02C36923F48063C36131
:10712000C36943EA0223C3617047C36923F00403C0
:10713000C361C3691343C3617047836923F48063E8
:107140008361836943EA022383617047836923F083
:1071500004038361836913438361704703290BD858
:10716000DFE801F01D140B02036A23F4805303626D
:10717000036A43EA023303627047036A23F48073AD
:107180000362036A43EA022303627047036A23F03F
:1071900010030362036A43EA021303627047036A3F
:1071A00023F001030362036A13430362704700BFC5
:1071B000436823F07003436043680B4343607047A8
:1071C00021B9836843F0800383607047012900D0B0
:1071D0007047836823F0800383607047836823F0DF
:1071E00007038360704700BF08B5234B984238D02F
:1071F00010D9224B98422AD003F5684398421BD1FC
:1072000040F20E30FFF7F0FBBDE8084040F20E30D0
:10721000FFF7F8BBA3F5006398420ED003F5806337
:10722000984209D140F21240FFF7DEFBBDE808406A
:1072300040F21240FFF7E6BB08BD40F21140FFF7F5
:10724000D3FBBDE8084040F21140FFF7DBBB40F242
:107250001440FFF7C9FBBDE8084040F21440FFF7B7
:10726000D1BB40F21340FFF7BFFBBDE8084040F23E
:107270001340FFF7C7BB00BF004C00400050004068
:1072800000B5174B984283B0024617D00ED9154B64
:10729000984213D003F5684398421ED1CDE900010E
:1072A0000320FFF7F3FBDDE900210EE0A3F5006307
:1072B000984203D003F5806398420ED10220CDE9B5
:1072C0000021FFF7E3FBDDE9002100EB5103B3FBF5
:1072D000F1F39BB2936003B000BD0020F5E700BF5F
:1072E000004C004000500040C36843F40053C360AA
:1072F000704700BFC36823F008030B43C3607047A7
:10730000C36823F004030B43C3607047C1F3080153
:10731000416070474068C0F3080070478B0901F076
:107320001F011858C84000F0010070478A09012366
:1073300052F800C001F01F018B4043EA0C031350C8
:10734000704700BFC1F389128B0D52F800C0185866
:10735000C1F30442012303FA02F201F01F010242C9
:1073600003FA01F314BF0120002013EA0C0F00F010
:10737000010008BF002070474249434BD1F88820E4
:1073800042F4700282B0C1F88820196841F001010E
:1073900019605968002041F0800159600190019BFB
:1073A00044F61F62934205D8019B01330193019B70
:1073B0009342F9D934494B6823F003034B600B68BF
:1073C00023F084734FF41F0223F480330B608A6030
:1073D0000A68002022F480220A604860C8620A68B5
:1073E00042F001024FF4A0630A6001E0013B02D0C9
:1073F0000A689007FAD5244B1A68920741D5DA69D2
:10740000224942F08052DA610A6842F440420A603E
:107410005A685A605A685A605A6842F480625A60E0
:107420005A6822F0904222F470125A605A6842F070
:10743000036242F480225A601A6842F080721A6035
:107440001A689001FCD5114A136843F48033136025
:107450005368D903FCD513680C4943F40033136017
:107460004B689A03FCD5084A536823F00303536022
:10747000536843F00203536053681B07FCD502B006
:107480007047FEE700ED00E0001002400070004091
:10749000DFF834D00D480E490E4A002302E0D458DC
:1074A000C4500433C4188C42F9D30B4A0B4C00234C
:1074B00001E013600432A242FBD3FFF75DFF01F04D
:1074C00083FCF9F715FC7047000001200000002044
:1074D000CC01002000D60008CC0100209C430020F5
:1074E000FEE7002101F018BB0A22002101F09ABB3F
:1074F0002DE9FF4757EC106B002F0C469146DDF845
:1075000030A019464FF0000203DA07F100431F468E
:107510002D220D9D0A7025F02005462D04D0452D05
:1075200000D10134022100E0032103AB019302AB3F
:10753000009347EC106B5346224601F011FD472D96
:1075400080461AD119F0010F0ED000EB0409002279
:10755000002330463946F9F767FA08B1CDF80C90A8
:107560003022039B4B451ED3039B0E9AA3EB0803CB
:107570004046136004B0BDE8F087462D00EB0409D7
:10758000E5D10378302B0AD100220023304639465A
:10759000F9F74AFA18B9C4F10104CAF80040DAF858
:1075A00000309944D3E7591C03911A70D9E7F7B515
:1075B0000029BABF49422D232B23092902704370A9
:1075C0002ADD0DF10704871CA6460A26A446B1FB56
:1075D000F6F506FB15123032632904F1FF340CF87E
:1075E000012C2946F2DC3031ACF1020204F8011C16
:1075F000411C144672450AD30DF10903A3EB0C0399
:10760000A64538BF00233B44181A03B0F0BD12F85A
:10761000013B01F8013FEDE7302330318370C17049
:10762000031DF1E72DE9F04F8FB00C46DDF86080C7
:1076300016461F46054601F0EFFB03680793184600
:10764000F8F7C6FD00230C93D8F8003094F818A082
:10765000D4F800B00890073323F00703B3EC027BA3
:107660008DED047BC8F80030DDE9048323F0004988
:1076700084ED127B9A4B4FF0FF3240464946F9F7B2
:1076800005FA70BB964B4FF0FF3240464946F9F77A
:10769000DFF930BBDDE9040100220023F9F7CEF960
:1076A00010B12D2384F843308E4A8F4BBAF1470F27
:1076B0008CBF90469846032323612BF0040323607C
:1076C0004FF00009009733460DAA2146284600F0E6
:1076D000CDF9013040F08C804FF0FF300FB0BDE8A5
:1076E000F08FDDE9042310461946F9F7CFF940B1D0
:1076F000059B7E4A002BBCBF2D2384F843307C4B76
:10770000D4E763685A1C0AF0DF093BD106236360A3
:107710004BF480620023226003930CABCDE901A3FC
:107720000BAB009361689DED040B0DF12B03284614
:10773000FFF7DEFEB9F1470F0B99804629D1C81C2F
:1077400002DB63688B4241DAAAF1020A5FFA8AFA25
:107750000139524604F150000B91FFF728FF0C9AB3
:107760001318012A8146236102DC2268D20701D561
:10777000013323619DF82B30002BA3D02D2384F8F7
:1077800043309FE7B9F1470FC2D1002BC0D101238D
:10779000BDE7BAF1650FDBD9BAF1660F18D1002940
:1077A00063680BDD216113B92268D00702D501336C
:1077B0000B442361A1654FF00009DBE713B9226890
:1077C000D20701D50233F4E70123F2E74FF0670A4D
:1077D0000C9B8B4205DC23682161D807EAD54B1C42
:1077E000E7E70029D4BFC1F1020201221344E0E718
:1077F00023685A0507D42369424631462846B847CC
:10780000013028D168E7BAF1650F40F2DB80D4E996
:10781000120100220023F9F707F990B3354A01233A
:1078200031462846B84701303FF456AFDDE90B3802
:10783000434502DB2368D8070DD5DDE90723314630
:107840002846B84701303FF447AF4FF0000908F130
:10785000FF38C84509DC23689B0700F10481E06814
:107860000D9B9842B8BF184638E7012304F11A026D
:1078700031462846B84701303FF42EAF09F10109DF
:10788000E7E70B9B834237DC1A4A0123314628463F
:10789000B84701303FF420AFDDE90B3959EA030363
:1078A00002D12368D907D6D5DDE90723314628461A
:1078B000B84701303FF410AF4FF0000A0B9B5B421A
:1078C000534501DC4B4697E7012304F11A02314688
:1078D0002846B84701303FF4FFAE0AF1010AEDE750
:1078E000FFFFEF7F80D100087CD1000888D100081D
:1078F00084D100088CD10008A36DDDF830B05B4561
:10790000A8BF5B46002B049337DC4FF0000904F15D
:107910001A02049BD4F858A0002BACBFAAEB0303B7
:1079200053464B4531DC0B9B9B453ADC2368DA0719
:1079300037D40B9BABEB0309ABEB0A039945A8BF0C
:107940009946B9F1000F34DC4FF000080B9BB9F1F8
:10795000000FABEB0303A8BFA3EB090343457FF77D
:107960007AAF012304F11A0231462846B8470130A4
:107970003FF4B2AE08F10108E8E7049B4246314605
:107980002846B8470130C0D1A6E601233146284633
:107990000992B84701303FF49FAE099A09F10109F5
:1079A000B7E7DDE9072331462846B8470130C0D1A3
:1079B00092E64B4608EB0A0231462846B8470130AA
:1079C000C2D189E6DDF830A0BAF1010F01DCDB0796
:1079D00035D50123424631462846B84701303FF4A9
:1079E0007BAEDDE9072331462846B84701303FF436
:1079F00073AED4E91201002200230AF1FF3AF9F72D
:107A000013F8C8B9534608F1010231462846B84771
:107A100001300DD160E6012304F11A0231462846F7
:107A2000B84701303FF458AE08F10108D045F2DB09
:107A30004B4604F15002E0E64FF00008F6E7012360
:107A40004246E2E7012304F1190231462846B847CD
:107A500001303FF441AE08F10108E3680D995B1A6B
:107A60004345EFDCFBE64FF00008F6E72DE9F04771
:107A7000914698468A680B69089E9342B8BF1346A0
:107A8000C9F8003091F8432007460C4612B1013383
:107A9000C9F800302368990642BFD9F80030023394
:107AA000C9F80030256815F0060507D104F1190A58
:107AB000E368D9F800209B1AAB4229DC94F84330E4
:107AC0002268003B18BF012392062ED404F1430222
:107AD00041463846B047013021D02368A168226969
:107AE00003F00603042B01BFE568D9F80030ED1A56
:107AF00025EAE57518BF00258B1A2B449142C8BFB3
:107B00001D464FF000091A344D451AD1002008E0F7
:107B10000123524641463846B047013003D14FF069
:107B2000FF30BDE8F0870135C2E7E1185A1C30206C
:107B300081F84300224494F8451082F84310023340
:107B4000C4E70123224641463846B0470130E6D01B
:107B500009F10109D8E700002DE9F04398460B7EB2
:107B600085B0782B174606460C9A0C4609D8622B2E
:107B700001F1430108D8002B00F0DC80582B00F005
:107B8000BD8004F1420539E0A3F163001528F8D85F
:107B900001A555F820F000BFF17B0008057C000826
:107BA000837B0008837B0008837B0008837B0008BD
:107BB000057C0008837B0008837B0008837B00082A
:107BC000837B0008157D0008317C0008C37C000819
:107BD000837B0008837B00083D7D0008837B0008D1
:107BE000317C0008837B0008837B0008CB7C000885
:107BF0001368191D1B68116004F1420584F84230B6
:107C00000123A8E013682568181D1060280601D517
:107C10001B6803E06A06FBD5B3F90030002B03DADA
:107C20002D225B4284F84320DFF878C10A2213E05A
:107C30002568106815F0800F50F8043B02D16D06DE
:107C400048BF9BB21060227EDFF858C16F2A5DD119
:107C50000822002084F843006568A560002D05DB3C
:107C600020681D4320F00400206051D00D46B3FB76
:107C7000F2F002FB103E9A421CF80EE005F801ED0E
:107C80000346F4D9082A0BD12368DA0708D52369FB
:107C900062689A42DEBF302305F8013C05F1FF35EA
:107CA000491B2161CDF800803B4603AA214630469E
:107CB000FFF7DCFE013053D14FF0FF3005B0BDE8D7
:107CC000F083236843F020032360DFF8DCC07823CF
:107CD00084F845302068156810F0800F55F8043B93
:107CE00003D110F0400F18BF9BB21560C50744BF09
:107CF00040F02000206023B11022AAE7DFF8A4C0E2
:107D0000E6E7226822F020022260F5E70A22A0E7D7
:107D10000D46B7E71368D4F800C060691D1D1560F3
:107D20001CF0800F1B6801D0186003E01CF0400FAE
:107D3000FAD01880002323610D46B3E71368191D9C
:107D400011601D68626800212846F8F7F1F908B152
:107D5000401B606063682361002384F84330A1E71F
:107D600023692A4639463046C0470130A4D02368EB
:107D70009B0714D4E068039B9842B8BF18469DE760
:107D8000012304F1190239463046C047013093D02F
:107D90000135E36803995B1AAB42F1DCEAE70025A1
:107DA000F7E700BF8ED100089FD10008002310B56F
:107DB0000446C0E90033C0E904338360818143662F
:107DC000C2818361194608225C3000F0DCFF0D4B54
:107DD00063620D4BA3620D4BE3620D4B23630D4BAE
:107DE00024629C4206D003F16802944202D0D03350
:107DF0009C4205D104F15800BDE8104001F008B8DC
:107E000010BD00BF07AF000829AF000861AF000830
:107E100087AF000850420020024A0349034800F09F
:107E20000BBF00BF0400002091B0000880010020BB
:107E300041680C4B994210B5044601D003F028F973
:107E4000A168094B994202D0204603F021F9E1686C
:107E5000064B994204D02046BDE8104003F018B903
:107E600010BD00BF50420020B84200202043002037
:107E700010B50A4B0A4A1A600A4800220421FFF78B
:107E800095FF094801220921FFF790FFBDE8104046
:107E9000064802221221FFF789BF00BF8843002055
:107EA000197E000850420020B842002020430020E4
:107EB000014800F0AEBF00BF8D430020014800F034
:107EC000A9BF00BF8D43002010B50446FFF7F0FFA7
:107ED000236A1BB1BDE81040FFF7F0BF044B2362DB
:107EE000044B1B68002BF5D1FFF7C2FFF2E700BF80
:107EF000317E00088843002070B504460D4645ECED
:107F0000104B164602F0C2FE51EC100B7EB1C5F3C9
:107F10000A53C3F16B03002B09DD1B0503F17F55E9
:107F2000002405F5401522462B46F8F715FB41ECD9
:107F3000100B70BD000000002DE9F04F9FB00E4601
:107F40001792002204901A924FF000084FF0000997
:107F500019910A782B2A0D4601F101011CD00AD88B
:107F60000D2A05D8082AF3D872B100230B9382E0BA
:107F7000202AEDD0F9E72D2A10D10122691C199190
:107F80000B926A78002A37D1179B1996002B40F084
:107F9000A88542464B462AE00022EFE700210B91DC
:107FA000302A40F09D806A7802F0DF02582A5AD1C8
:107FB00002930B9B01931AAB0093874A04981BAB67
:107FC00019A901F009FE10F00F04064605D0062C91
:107FD00014D10135002319950B93179B002B40F00A
:107FE00082850B9B002BD4D0424609F1004343EC21
:107FF000102B1FB0BDE8F08F0D46D1E71A9A3AB1A9
:1080000035211CA802F03BFF1A99049802F0F2FAFD
:10801000013C042C06D8DFE804F014031E211400F0
:10802000DDE91C89F10548BF49F0004929F000430A
:108030001B0D1B05002BD0D100F0C0FE22230360D6
:10804000CBE7DDE91C831B9A23F4801302F2334251
:1080500043EA0259E6E7DFF88891E3E76FF0004969
:108060004FF0FF38DEE7013519952B78302BFAD029
:10807000002BB2D001234FF0000A07932846CDF819
:1080800038A0D3460A230478A4F13002092A29D95A
:108090005249012200F07FFE002836D000202246FF
:1080A00006905C460146652A01D0452A16D124B9BE
:1080B000079B03433FF468AF0024199E731C199378
:1080C00072782B2A7FD02D2A00F083804FF0000C8D
:1080D000A2F13003092B40F2898019960023ACE00D
:1080E0000023C8E7BBF1080FDCBF0E9A03FB024276
:1080F00000F10100D5BF303A03FB0A420E92A2F113
:10810000300A0BF1010B1990BDE7199B5A1C19920B
:108110005A78BBF1000F3BD006905C46A2F13003C9
:10812000092B11D90121BEE7199B5A1C19925A78C3
:108130000130302AF8D0A2F13103082B00F2D884A4
:108140000690199D00200446303A00F1010319D031
:108150000699059419440691A4464FF00A0E0CF1B5
:108160000107391B8B4215DC059920EAE0700144B8
:108170000134082904441CDC0E990A2303FB012363
:108180000E930023199A511C199152781846C5E78D
:108190005846CEE7BCF1080F05DC0E990EFB01F145
:1081A0000E91BC46DBE70AFB0EFC102FD8BFE2465F
:1081B000F7E70F29DCBF0A2303FB0A2AE1E70023C4
:1081C0000693012174E74FF0000CB31C1993B278A9
:1081D0007EE74FF0010CF8E77CD30008B0D100082F
:1081E0000000F07F199B5A1C19925A78302AF9D056
:1081F000A2F13103082B3FF671AFDDF864E0CDF852
:1082000014E0A2F130030A93059B013319931A7805
:108210000593A2F13007092F3BD9A3EB0E03082BDE
:1082200044F61F633DDC0A9F9F42A8BF1F46059787
:10823000BCF1000F02D0059B5B420593002C51D18D
:10824000079B03437FF4C9AE00297FF49DAE692AE2
:108250002BD028DC492A28D04E2A7FF495AE9F499E
:1082600019A801F0D7FE00283FF48EAE199B1B78A9
:10827000282B31D19A491CAA19A801F0E0FE052843
:108280002AD11D9BDDF8708043F0FF4949F4E009D5
:10829000A3E60A9B0A2707FB0327A7F130020A92ED
:1082A000B2E70593C4E76E2AD7E78E4919A801F013
:1082B000B1FE00283FF468AE199B8B49013B19A819
:1082C000199301F0A7FE10B9199B01331993DFF838
:1082D00028924FF0000880E6844800F0B1FD59EC88
:1082E000108B7AE6DDE905320E989B1ABBF1000F80
:1082F00008BFA346102C0A932646A8BF1026F8F7FD
:10830000B1F8092C8046894613DC0A9B002B3FF408
:1083100064AE0A9B6FDD162B56DC754901EBC30179
:10832000D1E9000142464B46F8F716F980468946E6
:1083300053E66F4B03EBC60353E91223F8F70CF92E
:10834000804650468946F8F78DF802460B4640466F
:108350004946F7F74BFF0F2C80468946D5DD0A9B2F
:10836000A4EB060A9A44BAF1000F40F392802AF077
:108370000F061AF00F0A4DD1B6F59A7F5ADC49461E
:10838000DFF87091361140460027012E76D1A1F119
:108390005479584901EBC70102464B46D1E9000127
:1083A000F8F7DAF8544B0A460B4054498B428046A2
:1083B00040D8A1F580118B4286BFDFF844914FF081
:1083C000FF3802F1547932E00A9AC4F1250393424E
:1083D000C5DB474DC4F10F0405EBC40142464B46D3
:1083E000D1E90001F8F7B8F80A9B1C1B05EBC4059E
:1083F000D5E9002398E71633B1DBDDE905239A1AA6
:108400003B4B03EBC203D3E9002340464946F8F750
:10841000CDF98BE7364901EBCA0142464B46D1E91B
:108420000001F8F799F880468946002EA4D1002370
:1084300007939BE0002405940E940694049ADFF8B9
:10844000B890222313604FF000080E9B002B3FF4DE
:10845000C4AD1A99049802F0CDF80699049802F078
:10846000C9F8DDE9040102F0C5F80E99049802F09C
:10847000C1F80498214602F0BDF8AEE5F20703D535
:10848000D9E90023F8F768F80137761009F10809EF
:108490007BE7CCD0CAF1000A4FEA2A161AF00F0A7D
:1084A0000DD11F2E2EDD002405940E940694049AFF
:1084B00022234FF000084FF000091360C5E70C4B72
:1084C00003EBCA0340464946D3E90023F8F76EF9A7
:1084D00080468946002EAAD0E3E700BF89D1000874
:1084E00068D3000881D10008BDD1000867D3000817
:1084F000F0D40008C8D400080000F07F0000A07C81
:10850000FFFFEF7F16F0100318BF6A23754F079324
:1085100040464946F30703D5D7E90023F8F71CF88E
:10852000761007F10807F5D1079B80468946ABB165
:10853000C1F30A52C2F16B03002B0F460EDD1F2B55
:1085400055DD342BDEBF4FF0FF33C2F14B029340B9
:10855000B046CCBF4FF05C7903EA0109002200234A
:1085600040464946F8F760FA00289CD10E9B0093DC
:10857000049823465A46294602F0A4F80E90002893
:108580003FF458AFDDE905239B1A0A9A002AA8BFD9
:1085900000231493002422EAE273169305940E9BA1
:1085A0000498596801F0E8FF069000283FF446AFB0
:1085B0000E9B1A69023203F10C0192000C3000F09C
:1085C0002FFC49EC108B04981CAA1BA9CDE90C893F
:1085D00002F0CCFB1A9000283FF430AF0498012140
:1085E00002F006F90590034640B9059326E74FF0DF
:1085F000FF3202FA03F303EA0008AFE71B9D079A74
:10860000002DABBF149B169B169E149FACBFEF189A
:108610005E1B1C9BAD1A1D44334A013D9542C3F1BC
:10862000360354DA3149521B8D42A3EB02034FF05B
:10863000010140DB01FA02FA002507EB030B1E449F
:10864000079B5F451E443B46A8BF5B46B342A8BF9D
:108650003346002BC2BFABEB030BF61AFF1A149B79
:10866000002B18DD1A46DDE9040102F08DF90590B2
:1086700003460028B9D001461A9A049802F0CEF8B1
:10868000034600283FF4DAAE1A9904980F9301F0DC
:10869000B1FF0F9B1A93BBF1000F1ADC0A9B002B52
:1086A00026DD169A0699049802F06EF906900346A4
:1086B000F0B90693C2E6C5F17F4505F57F0505F5DE
:1086C0007B45E23501FA05F54FF0010AB5E70025D3
:1086D000FAE71A9904985A4602F0B2F91A9000285B
:1086E000DCD1ABE690D3000802FCFFFFE3FBFFFF09
:1086F000002E08DD06990498324602F0A1F9069092
:1087000003460028D5D0002F08DDDDE904013A46F4
:1087100002F096F9059000283FF490AE069A1A9957
:10872000049802F01BFA044600283FF487AEC368A1
:108730000F9300230599C36002F0F4F900283CDA96
:108740000F9B53EA08035FD1C9F313034E46002B76
:108750005AD129F000431B0D1B05B3F1D66F53D935
:10876000636913B92369012B4EDD21460122049868
:1087700002F066F90599044602F0D4F9002843DDB9
:10878000AD4B079A3340002A5DD0B3F1D66F5AD86B
:10879000B3F15C7F7FF68BAEA84B40464946002282
:1087A000F7F7DAFEA44B0B4080468946002B7FF496
:1087B00050AE049A222313604BE64E4660D10F9AC6
:1087C000C9F313034AB39E4A934229D1079B4146FA
:1087D000F3B1994B09EA0303B3F1D46F4FF0FF32C1
:1087E00019D81B0DC3F16B0302FA03F3994217D199
:1087F000944B9E4202D101313FF420AE8E4B334068
:1088000003F580194FF00008079B002BC4D120E628
:108810004FF0FF33EAE71346E8E753EA0803AFD027
:10882000D5B13542F0D00F9B079A40464946B3B1C7
:10883000FFF762FBDDE90C0153EC102BF7F7D6FCD8
:1088400080468946E0E7A3F580136FEA13596FEA83
:1088500009594FF0FF38D7E71AEA080FE2E7FFF7A8
:108860004BFBDDE90C0153EC102BF7F7BDFC0022AC
:10887000002380468946F8F7D7F80028C4D016E6CA
:108880000599204602F0CAFA5BEC10AB00224FF0CB
:10889000804350465946F8F7DBF8002872D00F9B0A
:1088A000002B7DD1B8F1000F58D1C9F31303002B71
:1088B0005AD1654B002250465946F8F7BFF80028B8
:1088C0005BD150465946614B0022F7F745FE824680
:1088D0008B460BF10043CDF820A00993DDE9082376
:1088E000554DCDE9102306EA05031593584B06EACA
:1088F00005029A4240F0B080A6F1547949EC108B01
:1089000002F0C4F9DDE9082351EC100BF7F724FE5F
:1089100042464B46F7F76AFC4E4A0D409542804668
:1089200045D90D9A474B9A4203D10C9B01333FF432
:1089300085ADDFF810914FF0FF381A99049801F0D7
:1089400059FE0699049801F055FEDDE9040101F095
:1089500051FE0498214601F04DFE20E6B8F1010FCA
:1089600002D1002E3FF4A3AD9FED2B7BDFF8D8B0F2
:108970008DED087B4FF0000AB0E7DFF8D0B04FF084
:10898000000AA6E7314B504659460022F7F7E4FDAE
:108990000F9B82468B46002B9BD0CDE908AB9DE711
:1089A0009FED1F7B8DED087B5BEC17AB96E701F12C
:1089B0005479079B002BC0D1159A29F000431B0D59
:1089C000B2EB035FB9D15046594603F02DFAF7F7E1
:1089D00095FD02460B4650465946F7F705FC0F9A9F
:1089E000C9F3130343EA0803134306460F4672D044
:1089F0000DA3D3E90023F8F721F800287FF429AD6F
:108A00000BA3D3E9002330463946F8F735F80028A0
:108A100093D01EE5AFF30080000000000000F0BF1F
:108A2000000000000000F03F9535A094FFFFDF3FFD
:108A300035E5AF350000E03F0000F07F0000503921
:108A4000FFFF0F00FFFFEF7F0000F03F0000E03F5F
:108A50000000E07FFFFF9F7C079B33B3159BB3F1C2
:108A6000D46F22D828A3D3E9002350465946F7F7FC
:108A7000EFFFA0B159465046F8F746F8012838BF35
:108A80000120F7F7EFFC0F9B82468B4603BB01F1F9
:108A9000004312901393DDE91223CDE91023119BBB
:108AA000159A03F1D6639B1A11939DED0C0BDDE92A
:108AB000106702F0EBF8304653EC102B3946F7F70D
:108AC0004BFDDDE90C23F7F791FB8046894670E703
:108AD000CDE912ABDFE70EA3D3E90023F7F7AEFF32
:108AE00095E700230B93179A199B1360FFF779BA48
:108AF000652A3FF464AB452A3FF461AB0121FFF7DF
:108B00009FBB00BFAFF300800000C0FFFFFFDF414D
:108B10009535A094FFFFCF3F0A4601460248034B1C
:108B20000068FFF709BA00BF7C0100201000002098
:108B3000242B2DE9F047884601D8012B06D100F0FF
:108B40003DF9162303600020BDE8F087344E0D4642
:108B5000294615F8014B375D17F00807F8D12D2C81
:108B600010D12C7801278D1C33F0100115D1302C39
:108B70000DD1297801F0DF01582908D16C78023530
:108B800010230AE02B2C04BF2C788D1CECE7002B63
:108B9000F6D1302C14BF0A23082307F1004E0EF142
:108BA000FF3E0021BEFBF3F90E4603FB19EAA4F1D8
:108BB000300CBCF1090F10D86446A3421EDDB1F1A0
:108BC000FF3F07D0B14516D301D1A24513DB06FB09
:108BD0000346012115F8014BE9E7A4F1410CBCF172
:108BE000190F01D8373CE8E7A4F1610CBCF1190F6B
:108BF00004D8573CE1E74FF0FF31EBE74B1C05D1C0
:108C000022230360764632B930469DE707B17642AB
:108C1000002AF9D009B105F1FF38C2F80080F3E766
:108C2000B9D3000813460A46014602480068FFF718
:108C30007FBF00BF7C0100202DE9F84380468946B4
:108C400014460026D4E90175013F05D52468002C9F
:108C5000F8D13046BDE8F883AB89012B07D9B5F9C7
:108C60000E30013303D029464046C84706436835D5
:108C7000EAE700000FB407B5064904AB086853F8EB
:108C8000042B8168019301F057FB03B05DF804EBFE
:108C900004B070477C010020036A70B58468054603
:108CA0000E460BB9FFF710F9636EDB0705D4A389F5
:108CB000980502D4A06D00F0ACF8A389190702D57D
:108CC0002369002B35D12146284602F047FA80B3AC
:108CD0004FF0FF35636EDA0705D4A3899B0502D4F4
:108CE000A06D00F097F8284670BD002B04DAA26949
:108CF000934217DB0A2915D023685A1C2260197089
:108D0000A36816F8011F013BA3600029EDD18B4237
:108D100011DA22460A21284602F0E2F90130D7D0C2
:108D20000A25D7E72246284602F0DAF90130E7D1D2
:108D3000CEE7013EE4E723685A1C22600A221A703B
:108D4000EEE70000024B01461868FFF7A5BF00BF21
:108D50007C010020884210B501EB020402D9844254
:108D6000234607D8431EA14207D011F8012B03F870
:108D7000012FF8E70244824200D110BD13F8011D13
:108D800002F8011DF7E702440346934200D1704701
:108D900003F8011BF9E710B56AB1013984180278AC
:108DA00011F8013F9A4204D10130A04201D0002ABB
:108DB000F5D1D01A10BD1046FCE70000014B186831
:108DC000704700BF7C01002070B50D4B0D4C002694
:108DD0001D1BB6EBA50F09D103F05CF80A4C0B4B39
:108DE00000261D1BB6EBA50F05D170BD54F8043B42
:108DF00098470136EDE754F8043B98470136F1E710
:108E0000F8D50008F8D50008F8D50008FCD500080A
:108E1000704770477047000000487047000100200D
:108E20000A44914200F1FF3300D1704710B511F8A8
:108E3000014B03F8014F9142F9D110BD0000000031
:108E40009FED010B704700BF000000000000F87F9D
:108E50002DE9F74F03690C69A34280467EDB013C94
:108E600001F11407A30000F11405009305EB84033E
:108E7000019357F8243055F8242001339A4207EB28
:108E80008409B2FBF3F62ED34FF0000ABC46AE467F
:108E9000D3465CF8043B98B206FB00A0020C1B0C06
:108EA00006FB0323DEF8002080B292B2121A5A4465
:108EB000DEF800004FEA134A9BB2C3EB224303EBF8
:108EC000104392B242EA0342E1454EF8042B4FEAC6
:108ED000234BDED2009BEB582BB9019B1A1F954206
:108EE00030D3C8F81040404601F01CFE002825DBB6
:108EF00001362946002057F8042BD1F800C01FFA8C
:108F000082FE1FFA8CF3A3EB0E030344120CC2EB98
:108F1000234202EB1C429BB243EA0243B94541F8AB
:108F2000043B4FEA2240E6D255F8242005EB8403A7
:108F300022B9043B9D420BD3C8F81040304603B021
:108F4000BDE8F08F1368002BCBD1043A013CC6E793
:108F50001A68002AF0D1043B013CEBE70020EEE761
:108F60002DE9F04F99B08DED0E0B0C92C269229C49
:108F70000A9157EC106B8146139382B9102001F0CF
:108F8000FBF80246C9F81C0020B9A94BEF21A948FB
:108F900002F01AFA0023C0E901330360C3601168CC
:108FA00059B152684A60012393408B60484601F0F2
:108FB00021FBD9F81C3000221A60B7F10008B5BFB8
:108FC00001230023236023609B4BBCBF28F0004893
:108FD000CDF83C8033EA08031AD1139AC8F313087A
:108FE00042F20F7358EA0608136000F06185239B74
:108FF00053B9924B21E0924B00930833239A1360AC
:10900000009819B0BDE8F08F8C4B00930333F5E75F
:109010009DED0E7B002251EC170B00238DED067B9E
:10902000F7F702FD824650B1139A01231360239B88
:1090300013B1239A834B1360834B0093E0E79DEDBC
:10904000060B16AA17A9484601F090FE5FEA1854CD
:10905000169D019079D0079BCDF850A0C3F3130360
:10906000DDE9060143F07F5343F44013A4F2FF34DB
:1090700019460022754BF7F7B7F867A3D3E9002329
:10908000F7F76AFA66A3D3E90023F7F7AFF80646C5
:1090900020460F46F7F7F6F963A3D3E90023F7F765
:1090A0005BFA02460B4630463946F7F79FF806460C
:1090B0000F46F7F701FD002280460023304639466F
:1090C000F7F7BCFC48B14046F7F7DCF932463B46BF
:1090D000F7F7AAFC08B908F1FF38B8F1160F51D814
:1090E0005B4B03EBC803D3E90023DDE90601F7F787
:1090F000A5FC002848D008F1FF38002312932D1B4F
:109100006B1E089343BF0023C5F101070893002796
:10911000B8F1000F3ADB089BCDF834804344089344
:10912000002309930A9B092B62D8052BC4BF043B7B
:109130000A930A9BA3F10203CCBF00240124032B52
:1091400062D8DFE803F05153362B179C2C4404F20D
:109150003243202BC1BFC3F1400308FA03F804F2E5
:10916000124326FA03F3D6BFC3F1200348EA0300F3
:1091700006FA03F0F7F776F90122A1F1F873013C42
:10918000149275E70123B9E71290B8E7C8F100031C
:1091900009930023A7EB08070D93C3E701230B9363
:1091A0000C9B434405930133012B0493B8BF012367
:1091B00006E001230B930C9B002B28DDCDE9043343
:1091C000D9F81C000021042202F114059D4243D964
:1091D0004160484601F0D0F9009000283FD11D4B76
:1091E000024640F2AF11D2E60023E3E70023D6E7C0
:1091F00001240023CDE90A344FF0FF330022CDE9EA
:1092000004330C921223DBE701230B93F4E70123D1
:10921000CDE904330C93D3E761436F63A787D23F53
:10922000B3C8608B288AC63FFB799F501344D33F55
:10923000C7D10008DED100080000F07FC3D10008CC
:10924000BAD100088DD100088CD100080000F83F89
:10925000F0D400083FD2000801315200B4E7D9F839
:109260001C30009A1A60049B0E2B75D8002C73D00A
:10927000B8F1000F40F3C4809F4B08F00F0203EBDE
:10928000C20318F4807FD3E900AB4FEA281500F041
:10929000A3809A4BDDE90601D3E90823F7F786FAA4
:1092A000CDE9020105F00F050324944E002D40F096
:1092B000998052465B46DDE90201F7F777FA82466C
:1092C0008B46129B002B00F0C3808D4B0022504632
:1092D0005946F7F7B3FB002800F0BA80049B002B37
:1092E00000F0B680059B002B36DD08F1FF330293BA
:1092F00050465946834B0022F7F72EF9059E8246C9
:109300008B4601342046F7F7BDF852465B46F7F727
:1093100023F97D4B0022F6F769FF0446A1F1507551
:10932000CDE91045002E40F09780784B0022504642
:109330005946F6F759FF22462B4682468B46F7F7E9
:109340009BFB002840F0BD82224605F100435046B9
:109350005946F7F773FB20BB179B002BC0F28D819A
:10936000B8F10E0F00F38981634B03EBC803D3E917
:1093700000AB0C9B002B80F21B81049B002B00F3A5
:1093800017810ED1614B002250465946F7F7E4F899
:1093900002460B46DDE90601F7F75AFB002800F00C
:1093A000938200252C460C9B009EDB4302932746AC
:1093B00000242946484601F01DF9002F00F0EE80F8
:1093C0002CB1BC4203D02146484601F013F939467E
:1093D000484601F00FF9E1E09DED067B02248DED9A
:1093E000027B62E7E90708D550465946D6E90023D3
:1093F000F7F7B2F8013482468B466D10083655E710
:1094000022D0C8F100053C4B3C4E05F00F0203EBA7
:10941000C203D3E90023DDE90601F7F79DF82D111A
:1094200082468B460224002D3FF44BAFEA0708D555
:1094300050465946D6E90023F7F78EF801348246A4
:109440008B466D100836EEE7DDE906AB022438E7FF
:10945000049ECDF8088055E7274B03EBC60353E97C
:1094600002010B9B002B55D002460B4600202849D9
:10947000F7F79CF9DDE91023F6F7B6FE009BCDE97E
:1094800010019D191E4659465046F7F715FB00F18D
:109490003004F6F7F7FF02460B4650465946F6F7FA
:1094A000A3FEDDE9102306F8014B82468B46F7F751
:1094B000C5FA002872D152465B4611490020F6F7E2
:1094C00093FEDDE91023F7F7B9FA002840F0B680E3
:1094D000AE423FF441AFDDE910010A4B0022F7F73D
:1094E0003BF8084BCDE91001002250465946F7F7EA
:1094F00033F882468B46C6E7F0D40008C8D400088B
:109500000000F03F0000244000001C400000144018
:109510000000E03FDDE91023F7F71EF8009B009CF8
:10952000CDE910013344159359465046F7F7C4FA74
:1095300000F13005F6F7A6FF0B46024659465046A5
:10954000F6F752FE04F8015B159B9C4282468B465F
:1095500027D1009B0022DDE910011E44AA4BF6F73B
:1095600045FE02460B4650465946F7F785FA002855
:1095700064D1DDE91023A4490020F6F735FE024648
:109580000B4650465946F7F759FA00283FF4E4AE27
:10959000334616F8012D302AFAD01E46DDF8088031
:1095A0003AE09A4B0022F6F7D7FF82468B46BBE79C
:1095B000009E52465B46DDE90601F7F7F7F8F7F73C
:1095C0007BFA0746F6F75EFF52465B46F6F7C4FFA6
:1095D00002460B46DDE90601F6F706FE07F1300C00
:1095E000009C06F801CBA6EB040C049C64450246E3
:1095F0000B4633D1F6F7FAFD52465B4604460D465C
:10960000F7F73AFAC0B952465B4620462946F7F7C3
:109610000BFA08B1FB070FD40199484600F0EAFFA6
:109620000023139A337008F101031360239B002B6E
:109630003FF4E6AC1E60E3E4CDF8088033461E46F6
:1096400013F8012D392A06D1009A9A42F7D1029ACD
:1096500001320292302201321A709FE76B4B0022D6
:10966000F6F77AFF02460B46CDE9062300220023D7
:10967000F7F7DAF900289CD0CEE70B9A002A00F021
:10968000DF800A9A012A00F3C380149A002A00F0AE
:10969000B78003F23343099D3E46089A01211A44DC
:1096A00048461F44089201F0A3F8044656B1089BAF
:1096B000002B07DDB342089AA8BF3346FF1AF61AFB
:1096C000D31A0893099B0BB30B9B002B00F0BF80B0
:1096D000002D00F0B98021462A46484601F054F991
:1096E000019A01460446484601F098F801998246DD
:1096F000484600F07FFF099B5B1B099300F0AA809E
:10970000099A5146484601F03FF901900121484627
:1097100001F06EF80D9B0546002B00F0D0811A4633
:109720000146484601F030F90A9B012B054600F33B
:1097300099800E9B002B40F090800F9BC3F3130386
:10974000002B40F08A800F9B23F000431B0D1B056C
:10975000002B00F08580089B0133013708934FF000
:10976000010A0D9B002B00F0B0812B6905EB8303F0
:10977000186900F0F1FFC0F12000089B184410F0B8
:109780001F0076D01B2870DCC0F11C000744064483
:1097900003440893002F05DD01993A46484601F03D
:1097A0004FF90190089B002B05DD29461A464846D3
:1097B00001F046F90546129B002B5FD0019829461F
:1097C00001F0B0F9002859DA08F1FF33029301994A
:1097D00000230A22484600F02FFF0B9B0190002B2C
:1097E00000F07581002321460A22484600F024FF3C
:1097F000059B002B044671DC0A9B022B47DC6DE0C5
:10980000169BC3F1360346E70000E03F000024400A
:10981000049B5D1E099BAB4208DB5D1B049B002B78
:10982000BFF63AAF049BFE1A002336E7099B0D9A58
:109830000995EB1A1A440D92049B3E4600252CE72D
:10984000099D0B9C3E4631E7DDF804A058E7099AD4
:10985000019957E7CDF804A058E74FF0000A80E7D8
:109860009A467EE74FF0000A7FE71C2892D0C0F1AD
:1098700020001C30089B0744064489E7049BCDF870
:109880000880002B24DC05930A9B022B22DD059B1C
:10989000002B7FF488AD2946059B0522484600F041
:1098A000CBFE01460546019801F03CF900287FF700
:1098B0007AAD009E312306F8013B029B01330293EF
:1098C00075E535462C46F4E7049DCDF80880F9E7A8
:1098D000049B05930B9B002B00F0FD80002E05DD03
:1098E00021463246484601F0ABF80446BAF1000F73
:1098F00058D06168484600F03FFE064628B9814BC3
:10990000024640F2EF21FFF742BB22690232920089
:1099100004F10C010C30FFF783FA0122314648466E
:1099200001F08EF80746009B009A03F10108059BA1
:10993000134406930E9B03F00103089329460198F4
:10994000FFF786FA2146049000F1300B019801F0F0
:10995000E9F83A4605902946484601F0FFF8C26802
:1099600008F1FF3A0646FAB90146019801F0DAF823
:10997000024631464846099200F03CFEDDE90923E3
:1099800042EA0301089B194346460FD1BBF1390F48
:1099900028D0059B002B02DD049B03F1310B8AF8D4
:1099A00000B006E52746BEE70122E2E7059B002B53
:1099B00004DB0A990B4308990B4320D1002AEEDD02
:1099C00001990122484601F03BF82946019001F037
:1099D000A9F8002803DCE2D11BF0010FDFD0BBF1B6
:1099E000390FD9D139238AF8003033461E46013B5E
:1099F00016F8012C392A52D001321A70D9E4002A03
:109A000007DDBBF1390FEDD00BF101038AF800300F
:109A1000CFE4069B08F801BC43452AD001990023F6
:109A20000A22484600F008FEBC4201904FF00003B5
:109A30004FF00A022146484606D100F0FDFD0446DB
:109A4000074608F1010879E700F0F6FD39460446BB
:109A500000230A22484600F0EFFD0746F1E7059B88
:109A60005E1E002B009BD8BF00265A1C27461644BA
:109A7000002401990122484600F0E2FF29460190A6
:109A800001F050F80028B0DC02D11BF0010FACD17E
:109A900033461E4613F8012D302AFAD089E4009A85
:109AA0009A42A3D1029B013302933123137080E4C5
:109AB000239B002B7FF49FAA134BFFF7BEBA0A9B90
:109AC000012B7FF736AEDDF834A0012055E6059B6B
:109AD000002B7FF7D9AE009E01982946FFF7B8F911
:109AE00000F1300B009B06F801BBF21A059B934274
:109AF000B5DD019900230A22484600F09DFD019042
:109B0000EAE700BF3FD20008BAD100080369B3EB0F
:109B1000611F2DE9F0434FEA611200F1140443DDA7
:109B200011F01F0104EB830C04EB82050CD100F152
:109B300010062946614532D39B1A9B00033DAC4574
:109B400038BF0023234414E054F82260C1F12008F8
:109B5000CE4005F1040EA146F44515D89A1A92009C
:109B6000043A0135AC4538BF0022A318A65006B10F
:109B700004331A1BA3424FEAA20208BF002302616A
:109B800008BF4361BDE8F083DEF8007007FA08F70C
:109B9000374349F8047B5EF8046BCE40DCE751F8AC
:109BA000047B46F8047FC5E72346E2E7A0F13003D3
:109BB000092B02D82038C0B27047A0F16103052BF1
:109BC00001D84738F7E7A0F14103052B01D8273822
:109BD000F1E70020704700002DE9F04F85B00F46F7
:109BE00002930B68019091469C1C20783028A04677
:109BF00004F10104F9D0A8EB0303A3F1020BFFF772
:109C0000D5FF8246002838D19F4901224046FFF700
:109C1000C2F80546002863D198F801002646FFF7F0
:109C2000C5FF00285ED020783028A04604F101044A
:109C3000F9D0FFF7BBFFB0FA80F4640935464FF066
:109C4000010BC24656460AF1010A3078FFF7AEFF13
:109C50000028F7D18C4901223046FFF79CF878B9EB
:109C600045B9554656460AF1010A3078FFF79EFF7E
:109C70000028F7D1AD1BAD0004E000242546E0E745
:109C8000002DF7D1337803F0DF03502B37D17378F1
:109C90002B2B29D02D2B2BD0711C4FF0000A0878CC
:109CA000FFF784FF431EDBB2182B28D8A0F1100267
:109CB00011F8010FFFF77AFF431EDBB2182B1AD9F8
:109CC000BAF1000F00D0524215443960CCB1BBF15B
:109CD000000F0CBF06270027384605B0BDE8F08FFF
:109CE000464655460124CDE74FF0000AB11CD6E7A1
:109CF0004FF0010AFAE70A2303FB0200D6E73146D8
:109D0000E3E7A6EB0803013B2146072B0ADC019899
:109D100000F032FC044640B95C4B0246E4215C484A
:109D200001F052FB01315B10EFE700F1140A002350
:109D300057469B46B04537D347F804BBA7EB0A0705
:109D4000BB102361584600F007FDD9F80060C0EB56
:109D5000C707B74254DDBF1B3946204601F0B2F8B1
:109D6000804678B17B1E591103F01F025AF821106A
:109D70004FF0010808FA02F20A4203D0434536DCEC
:109D80004FF0020839462046FFF7C0FE3D44D9F89F
:109D90000830AB4242DA0198214600F02BFC0E9AC3
:109DA00000231360A32797E716F8012D2E2A12D05F
:109DB000202B04D147F804BB4FF0000B5B463078F2
:109DC0000393FFF7F3FE039B00F00F0098404BEA6C
:109DD000000B0433AEE7B045EAD82B4903930122C8
:109DE0003046FEF7D8FF039B0028E1D1A2E7B91E59
:109DF000204601F067F80028C2D04FF00308C1E701
:109E000009DAF71B214601983A4600F019FEED1BCE
:109E1000044600F1140A4FF00008B8E7D9F80430FE
:109E2000AB426FDD5D1BAE4234DCD9F80C30022B47
:109E300022D0032B24D0012B15D1AE4213D1012EF9
:109E40000BD1029AD9F80430136001232361CAF8B8
:109E500000300E9B62271C603EE7711E204601F019
:109E600031F80028EDD10198214600F0C3FB0E9A8D
:109E70000023136050272FE70F9B002BF3D1E0E75F
:109E80000F9B002BDDD1EEE7B0D100083FD20008D8
:109E900050D200086F1EB8F1000F30D127B13946FB
:109EA000204601F00FF880467A1101235AF822204B
:109EB00007F01F07BB4013422946204618BF48F051
:109EC0000208761BFFF722FED9F804500227B8F1EA
:109ED000000F42D0D9F80C30022B15D0032B17D02D
:109EE000012B09D118F0020F06D0DAF8003048EA49
:109EF000030818F0010F0ED147F010072DE04FF0C6
:109F00000108D1E70127E2E70F9BC3F101030F939B
:109F10000F9B002BF0D0D4F810A004F1140303EB36
:109F20008A0100201A68B2F1FF3F1BD001321A608B
:109F3000022F04F114033CD1D9F80020013AB242B7
:109F400009D17111012253F8213006F01F0602FADF
:109F500006F61E423AD147F020070E9B1C60029B7A
:109F60001D60B9E643F8040B9942DBD8A3689A4513
:109F700017DB61680198013100F0FEFA804618B9DC
:109F80001A4B02468421CAE62269023204F10C010E
:109F900092000C30FEF744FF2146019800F02AFBA6
:109FA000444623695A1C04EB8303226101225A614F
:109FB000BEE7226952450BDD01212046FFF7A6FDD1
:109FC000D9F808300135AB42FFF6E5AE0127C2E70C
:109FD00016F01F06FAD003EB8A03C6F1200653F8E9
:109FE000040C00F0B9FBB042E6DBEFE73FD200081B
:109FF000C2F10802920070B5C2F1200643680468FD
:10A0000003FA06F52C43D340046040F8043F88422D
:10A01000F4D370BD30B503680139013311F8014F35
:10A0200014B90360012030BD13F8012BA2F14105E2
:10A03000192D98BF2032A242F0D00020F3E72DE97D
:10A04000F04F0B6887B05E11029013F01F0302EB14
:10A0500086060193029B18BF04360025371F196836
:10A0600046F8045C9046B9463C46AB46AA464A7858
:10A070004B1C039332B3104605910492FFF796FDF3
:10A08000002851D1049A0599202A16D8DA4512DD04
:10A090004C4506D2072D04DC2A4649462046FFF7E8
:10A0A000A7FF444553D90023A4F1040944F8043C14
:10A0B000D3464C461D460399D9E7292A59D1029B1C
:10A0C00002311960BAF1000F53D04C4506D2072D6A
:10A0D00004DC2A4649462046FFF78AFF444538D922
:10A0E000A8F10402234653F8041B42F8041F9F42C0
:10A0F000F9D23B1B23F003030134033EB44288BF73
:10A10000002308F10402134400211A4604339F423D
:10A110001160FAD23B681BB9474528D101233B6047
:10A12000052007B0BDE8F08F0135082D0AF1010ABE
:10A1300006DD4445BFD9002344F8043C0125043C16
:10A14000226800F00F0040EA02102060B3E7082503
:10A15000B1E7019B002BDDD0C3F120034FF0FF32AC
:10A16000DA4056F8043C134046F8043CD2E7043F7A
:10A17000D0E70420D5E70000024B0146186800F044
:10A1800025B800BF7C01002070B50F4C0E46216839
:10A19000054611B901F0D4F820603146284601F097
:10A1A000CFF8431C03D14FF0FF34204670BDC41CD0
:10A1B00024F00304A042F8D0211A284601F0C0F888
:10A1C0000130F2D1EFE700BF904300202DE9F843C2
:10A1D000CD1C25F0030508350C2D38BF0C25002DAE
:10A1E000064601DBA94204D90C2333600020BDE8F8
:10A1F000F883334F00F0B4F93B681C463CBB29465A
:10A200003046FFF7C1FF431C044656D13C68A046C8
:10A21000B8F1000F40D1002C49D0236841463046A8
:10A2200004EB030901F08CF8814540D121686D1AD7
:10A2300029463046FFF7A8FF013038D023682B4469
:10A2400023603B685A685ABBC7F800800EE022685A
:10A25000521B1ED40B2A16D96119A342256018BFC0
:10A260005960636808BF396062514B60304600F046
:10A270007DF904F10B00231D20F00700C21A1CBF5A
:10A280001B1AA350B3E76268A3420CBF3A605A603E
:10A29000ECE723466468B1E74446D8F80480B7E7A2
:10A2A0001A465B68A342FBD100235360DEE70C2310
:10A2B0003360304600F05AF998E70560D6E700BFF2
:10A2C0009443002082B001B901A942B14BB1137887
:10A2D0000B601278101E18BF012002B070471046A4
:10A2E000FBE76FF00100F8E79368013B002B10B427
:10A2F000936007DA9469A34201DB0A2902D110BCFA
:10A3000000F0EEBE1368581C10601970084610BCAF
:10A310007047F8B506460F461446D518AC4201D131
:10A32000002007E014F8011B3A463046FFF7DCFF37
:10A33000431CF3D1F8BD00002DE9F04706469CB060
:10A340000D4614461F4618B1036A0BB9FDF7BCFD54
:10A350006B6ED90705D4AB899A0502D4A86DFEF7B8
:10A3600058FDAB891B0701D52B699BB9294630469F
:10A3700000F0F4FE70B16B6EDE0704D54FF0FF30D5
:10A380001CB0BDE8F087AB899C05F7D4A86DFEF73B
:10A3900041FDF3E70023099320238DF8293003972B
:10A3A00030236A4F8DF82A304FF0010823461A787F
:10A3B00099461AB1252A03F10103F8D1B9EB040A31
:10A3C0000BD05346224629463046FFF7A2FF013004
:10A3D00000F0A380099A5244099299F80030002BAA
:10A3E00000F09B8000224FF0FF33CDE9053209F1E8
:10A3F0000109049207928DF853201A924C460522C7
:10A4000014F8011B5148F5F793FE049AD0B9D00611
:10A4100044BF20238DF85330110744BF2B238DF800
:10A42000533099F800302A2B13D007994B4600205F
:10A430004FF00A0C1A78303A092A1C464AD9A8B1BA
:10A44000079113E0C01B08FA00F010430490A146E6
:10A45000D4E7039B191D1B680391002BBBBF5B4214
:10A4600042F0020207930793B8BF049223782E2B81
:10A470000AD163782A2B32D1039B1A1D1B680392E1
:10A4800043EAE37302340593DFF8D0902178032286
:10A490004846F5F74DFE38B1049BA0EB0900402279
:10A4A0008240134301340493217829488DF8281001
:10A4B0000622F5F73DFE00283ED0264818BB039B38
:10A4C000073323F0070308330393099B0344013444
:10A4D00009936BE701330CFB01210120AAE700235C
:10A4E0000593611C18464FF00A0C0A78303A092A85
:10A4F0000C4603D9002BC7D00590C5E701310CFBF2
:10A5000000200123F1E703AB00932A46124B04A974
:10A510003046FDF787F8431CD7D16B6ED90705D4B9
:10A52000AB899A0502D4A86DFEF774FCAB895B0673
:10A530003FF524AF099823E703AB00932A46064B67
:10A5400004A93046FDF708FBE5E700BFB9D20008D3
:10A55000C3D200082576000813A30008BFD2000864
:10A560000148FEF756BC00BF8C4300200148FEF7AF
:10A5700051BC00BF8C43002070B5C46905460E462F
:10A5800084B91020FFF7F8FD0446E86128B90246B7
:10A59000164B17486B2100F017FF0023C0E9013369
:10A5A0000360C360E36853B921220421284600F008
:10A5B00029FFEB69E060DB680BB9002070BD53F840
:10A5C000260030B1026843F826200023C0E9033397
:10A5D000F4E7012101FA06F4621D9200284600F01A
:10A5E00011FF0028E9D0C0E90164EEE7C7D10008F7
:10A5F000CAD2000870B5C46906460D4674B9102069
:10A60000FFF7BAFD0246F06120B9094B09488F21D6
:10A6100000F0DAFEC0E901440460C4603DB1F369B2
:10A620006A68DB6853F82210296043F8225070BD35
:10A63000C7D10008CAD200082DE9F0410D690746CC
:10A640000C461E4601F1140C0020DCF8003099B2D3
:10A6500002FB01611E0C0B0C02FB063389B20130B8
:10A6600001EB034185424CF8041B4FEA1346ECDC36
:10A670000EB3A368AB4219DC616838460131FFF7BD
:10A680007BFF804628B902460C4B0D48BA2100F0EA
:10A690009BFE2269023204F10C0192000C30FEF79D
:10A6A000BFFB21463846FFF7A5FF444604EB850370
:10A6B00001355E6125612046BDE8F0813FD200088A
:10A6C000CAD200082DE9F843884614461F460922DD
:10A6D0000833064693FBF2F3002101229A4209DB7C
:10A6E0003046FFF749FF40B90246194B1948D321BC
:10A6F00000F06AFE52000131F0E7089B4361092C2B
:10A700004FF00103036108DC08F10A050924641B0A
:10A710002B199F4212DCBDE8F88308F10905A94610
:10A72000A04419F8013B0146303B0A223046FFF7AE
:10A7300083FFC145F5D12544083DE8E715F8013B05
:10A740000146303B0A223046FFF776FFE0E700BFC4
:10A750003FD20008CAD20008B0F5803F034636BF9A
:10A76000030400201020B3F1807F3CBF1B0208309F
:10A77000B3F1805F3CBF1B010430B3F1804F3CBF9D
:10A780009B000230002B04DB5B0001D501307047D9
:10A7900020207047036813F0070201460BD0DA0748
:10A7A00022D4980749BF5B089B0801200B605CBF5F
:10A7B0000B600220704798B2A0B91B0C1020DAB2CF
:10A7C0000AB908301B0A1A0704BF1B0904309A078C
:10A7D00004BF9B080230DA0702D45B0806D00130C0
:10A7E0000B6070471046EAE7002070472020704752
:10A7F00010B50C460121FFF7BFFE024628B9054BF4
:10A80000054840F2451100F0DFFD0123446103617A
:10A8100010BD00BF3FD20008CAD200082DE9F04F9A
:10A82000D1F81080D2F81090C84585B00E46144675
:10A8300004DB4B460C46C14616469846A368616841
:10A8400009EB0807BB42B8BF0131FFF795FE30B9ED
:10A8500002464B4B4B484FF4B17100F0B5FD00F18F
:10A86000140505EB870B2B4600225B4522D306F12E
:10A87000140101EB880304F1140C0CEB890C029316
:10A8800004F1150363458CBF002301230093ACEB57
:10A890000403153B9B080193029B03918B420CD848
:10A8A000002F03DD5BF8043D002B67D0076105B086
:10A8B000BDE8F08F43F8042BD7E7B1F800A0BAF158
:10A8C000000F28D004F11408A9464FF0000E58F8E4
:10A8D000042BD9F8003096B29BB20AFB0633D9F8A4
:10A8E0000060120C360C73440AFB026606EB13463A
:10A8F0009BB243EA0643C44549F8043B4FEA164E6F
:10A90000E5D8009A019B002A4FEA830308BF002381
:10A910002B44C3F804E0039BB3F802E00431BEF11A
:10A92000000F29D02B6804F114069846A9464FF071
:10A93000000A32880EFB02A202EB18429BB243EAE5
:10A94000024349F8043B56F8043BD9F800804FEA2B
:10A95000134A1FFA88F30EFB0A3303EB1243B44584
:10A960004FEA134AE5D8009E019A002E4FEA820270
:10A9700008BF00222A44536004358DE7013F8FE76A
:10A980003FD20008CAD200082DE9F843174612F05A
:10A99000030280460D4607D0264C013A002354F8A6
:10A9A0002220FFF749FE0546BF103FD0D8F81C40D3
:10A9B00094B91020FFF7E0FB0446C8F81C0030B93A
:10A9C00002461D4B1D4840F2B31100F0FDFC002370
:10A9D000C0E901330360C360A66846B940F2712143
:10A9E0004046FFF705FF0023A060064603602C46A3
:10A9F0004FF0000907F001037F1053B1294632469A
:10AA00004046FFF70BFF214605464046FFF7F2FDA3
:10AA100067B1306838B9324631464046FFF7FEFE2E
:10AA20003060C0F8009006462C46E3E72846BDE8B3
:10AA3000F88300BFBCD40008C7D10008CAD2000800
:10AA40002DE9F84F0C4649682669A36806EB6216A3
:10AA5000074691464FEA621A06F1010843450BDBAF
:10AA60003846FFF789FD054648B902462B4B2C486E
:10AA70004FF4EF7100F0A8FC01315B00EEE700F14C
:10AA8000140100230A461846534539DB20692AEA97
:10AA9000EA7A01EB8A0104F1140319F01F098C46CC
:10AAA00003EB800030D0C9F1200A4FF0000E1A6885
:10AAB000E34602FA09F242EA0E02CBF8002053F80C
:10AAC000042B98420CF1040C22FA0AFEEFD8031B67
:10AAD000153B23F0030304F11502904238BF002315
:10AAE0001944C1F804E0BEF1000F00D1B046384669
:10AAF000C5F810802146FFF77DFD2846BDE8F88F98
:10AB000042F8040B0133BFE753F8041BCCF80010E4
:10AB100098420CF1040CF7D8E8E700BF3FD20008D8
:10AB2000CAD2000803690A699B1A30B50ED11430E5
:10AB3000143100EB820401EB820154F8045D51F8FA
:10AB4000042D954204D006D24FF0FF33184630BD95
:10AB5000A042F2D3FAE70123F8E700002DE9F74F0E
:10AB60008A460646114650461446FFF7DBFF051E8F
:10AB700012D129463046FFF7FFFC024628B9414B67
:10AB800040F23721404800F01FFC0123C0E90435A2
:10AB9000104603B0BDE8F08FBCBF5346A246304616
:10ABA000DAF80410BABF1C4601250025FFF7E4FCC3
:10ABB000024618B9334B40F24521E3E7DAF810704A
:10ABC0002669C5600AF1140904F1140E00F1140598
:10ABD0000AF1100309EB87080EEB86060193AB46DA
:10ABE0004FF0000C019B5EF8040B53F804AF019387
:10ABF0001FFA8AF183B2CB1A000C6344C0EB1A40EF
:10AC000000EB23409BB243EA004376454BF8043BFC
:10AC10004FEA204CE6D8331B153B153423F00303D1
:10AC2000A64238BF0023E8184B441C1D04302646BA
:10AC3000A5EB090546450ED308F10301091B21F0D8
:10AC400003010133984538BF0021014451F8043D08
:10AC5000ABB117619CE706EB050E56F8041BE24604
:10AC60004FEA11491CFA81FC514409EB2C4989B285
:10AC700041EA09414FEA294CCEF80010DAE7013FDA
:10AC8000E4E700BF3FD20008CAD2000882B08DEDD1
:10AC9000000B019A0F4B1340A3F15073002B08DCFB
:10ACA0005B42B3F1A07F4FEA235204DA4FF4002352
:10ACB0001341002208E0A2F114031E2BDABF4FF06B
:10ACC0000042DA40012200231946104641EC100BE5
:10ACD00002B070470000F07FF8B5056900F1140676
:10ACE00006EB85052F1F55F8044C2046FFF734FD71
:10ACF000C0F120030A280B6016DCC0F10B0C24FA0B
:10AD00000CF1BE4241F07F5334BF55F8081C0021BE
:10AD1000153004FA00F021FA0CF143F4401301431A
:10AD20000A4643EC102BF8BDBE423ABF55F8081C4A
:10AD3000A5F1080700210B3812D0C0F1200521FA37
:10AD400005F384401C43B74244F07F538CBF57F84F
:10AD5000044C00248140EC4043F440132143DFE7DE
:10AD600044F07F5343F44013DAE700002DE9F74342
:10AD70000F46012159EC108B1646FFF7FDFB0546E7
:10AD800030B90246234B244840F20F3100F01CFB3F
:10AD9000C9F30A54C9F313030CB143F480130193AC
:10ADA000B8F1000323D068460093FFF7F3FC009945
:10ADB000D8B1019AC0F1200302FA03F30B43C24059
:10ADC0006B610192019BAB61002B0CBF012202223F
:10ADD0002A61A4B1A4F2334404443C60C0F13500BC
:10ADE0003060284603B0BDE8F0836961EAE701A856
:10ADF000FFF7D0FC019B6B6120300122E8E705EBF7
:10AE00008203A0F2324038601869FFF7A5FCC0EB5E
:10AE10004210E5E73FD20008CAD20008F7B50E4657
:10AE200069460746FFF758FF01A9304655EC104B1D
:10AE3000B0EE407AF0EE607AFFF74EFF33693A6980
:10AE4000D21ADDE900369B1B03EB4213002BD4BF63
:10AE500010EE902A17EE902A51EC100BD6BFC3EBE0
:10AE6000033302EB035502EB03510B46024629461E
:10AE70002046F5F79BFC41EC100B03B0F0BD013907
:10AE800070B549111469013102F1140300EB81011D
:10AE900003EB8404051FA3420CD3A31A113B23F038
:10AEA00003031132944238BF002318440023884220
:10AEB00005D370BD53F8046B45F8046FEBE740F819
:10AEC000043BF4E700F1140200694B11984210B5FD
:10AED00011DB0ADD11F01F0107D052F8234024FADC
:10AEE00001F000FA01F18C420BD102EB8303934293
:10AEF00003D8002010BD0346F7E753F8041D0029CE
:10AF0000F5D00120F6E710B50C46B1F90E1000F0AF
:10AF100005FA0028ABBF636DA3891B1823F4805387
:10AF2000ACBF6365A38110BD2DE9F0411F468B893D
:10AF3000DB0505460C46164605D5B1F90E10022371
:10AF4000002200F0D9F9A389B4F90E1023F480533C
:10AF5000A38132463B462846BDE8F04100F000BAE6
:10AF600010B50C46B1F90E1000F0C6F9B4F90C306A
:10AF7000421C0BBF23F4805343F48053A381A3816D
:10AF800018BF606510BDB1F90E1000F0FBB90000EC
:10AF9000B1F90C202DE9F041160705460C4651D4B5
:10AFA0004B68002B02DC0B6C002B49DDE66A002E9F
:10AFB00046D0002312F480522F682B6031D0626D8E
:10AFC000A389590705D56368D21A636B0BB1236C4B
:10AFD000D21A0023E66A216A2846B047421CB4F917
:10AFE0000C3006D129681D2945D8284ACA40D60701
:10AFF00041D500226260D9042269226004D5421C36
:10B0000001D12B6803B96065616B2F60C1B104F198
:10B010004403994202D0284600F008FA00236363F3
:10B020000EE0216A01232846B0470246501CC7D1D2
:10B030002B68002BC4D01D2B01D0162B1AD12F60EA
:10B0400000201DE00F69002FFAD093070E6808BF9B
:10B050004B690F6018BF0023A6EB07088B60B8F19F
:10B06000000FEDDD216AA66A43463A462846B047FE
:10B07000002807DCA38943F04003A3814FF0FF3091
:10B08000BDE8F0810744A8EB0008E8E70100402094
:10B0900038B50B6905460C4613B91D46284638BD20
:10B0A00018B1036A0BB9FCF70FFFB4F90C30002B91
:10B0B000F3D0626ED00704D4990502D4A06DFDF7D9
:10B0C000A8FE28462146FFF763FF636EDA070546B0
:10B0D000E4D4A3899B05E1D4A06DFDF79BFEDDE7D9
:10B0E000F8B505460F46144618B1036A0BB9FCF7CC
:10B0F000EBFEA369A360A3891A0701D5236943B9AD
:10B100002146284600F02AF818B14FF0FF363046A5
:10B11000F8BD23692068C01A6369834205DC2146B3
:10B120002846FFF7B5FF0028EFD1A368013BA360D5
:10B1300023685A1C22601F70636901308342FEB28B
:10B1400004D0A389DB07E2D50A2EE0D121462846A8
:10B15000FFF79EFF0028DAD0D7E7000038B5284B6C
:10B16000054618680C4618B1036A0BB9FCF7ACFE2B
:10B17000B4F90C30190720D4DA0607D409222A6062
:10B1800043F04003A3814FF0FF3031E0580711D561
:10B19000616B41B104F14403994202D0284600F0AA
:10B1A00045F9002363630022A3896260226922605B
:10B1B00023F0240343F00803A38123694BB9A38937
:10B1C00003F42073B3F5007F03D02146284600F036
:10B1D0004AF8B4F90C3013F001020AD00022A26040
:10B1E00062695242A261226942B913F08000C7D15C
:10B1F00038BD990758BF6269A260F4E70020F7E7FD
:10B200007C01002049B1FF2A85BF8A2303600A70B0
:10B210004FF0FF3098BF012070470846704770B567
:10B220000E46B1F90E10002996B014461D460ADAF2
:10B23000B28912F0800213D14FF4806100202A609D
:10B24000216016B070BD6A4600F0ACF80028EFDB54
:10B25000019A02F47042A2F500535A425A41EBE7B8
:10B2600000224021EAE78B8973B59E0705460C460C
:10B2700007D504F14703236023610123636102B012
:10B2800070BD01AB6A46FFF7CAFF009E28463146F3
:10B29000FEF79CFFB4F90C3038B99A05EFD423F0CF
:10B2A000030343F00203A381E3E743F08003A38198
:10B2B000019B2060C4E90406002BE0D0B4F90E1015
:10B2C000284600F009F80028D9D0A38923F0030309
:10B2D00043F00103A381D2E738B5064C00230546AD
:10B2E00008462360FAF7AAFA431C02D1236803B187
:10B2F0002B6038BD9843002038B5074C05460846FA
:10B300001146002222601A46FAF79AFA431C02D12B
:10B31000236803B12B6038BD9843002038B5074C33
:10B32000054608461146002222601A46FAF760FADE
:10B33000431C02D1236803B12B6038BD9843002021
:10B3400038B5064C0023054608462360FAF77AFA1A
:10B35000431C02D1236803B12B6038BD9843002001
:10B3600038B5074C054608461146002222601A46A9
:10B37000FAF74CFA431C02D1236803B12B6038BDA5
:10B380009843002038B5064C002305460846236044
:10B39000FAF74AFA431C02D1236803B12B6038BD87
:10B3A0009843002038B5074C00230546084611464F
:10B3B0002360FAF73DFA431C02D1236803B12B60E6
:10B3C00038BD00BF984300201FB51D46094B1B68C0
:10B3D0000646D86852B1084C0091CDE901420749B0
:10B3E00033462A4600F06EF800F07EF8044C224600
:10B3F000F2E700BF7C0100202CD3000839D30008FD
:10B4000067D3000870B5A1FB026535B93146FEF778
:10B41000DDFE044628B9204670BD0C2303600024DD
:10B42000F9E732462946FDF7AEFCF4E737B50029C7
:10B4300044D051F8043C0190002BA1F10404B8BFA2
:10B44000E418FFF78DF81E4A0198136833B963605A
:10B45000146003B0BDE83040FFF788B8A34208D9B4
:10B46000256861198B4201BF19685B684919216021
:10B47000EDE71A465B680BB1A342FAD9116855187B
:10B48000A5420BD1246821445418A3421160E0D195
:10B490001C685B6853600C441460DAE702D90C2323
:10B4A0000360D6E7256861198B4204BF19685B68A1
:10B4B000636004BF491921605460CAE703B030BD1E
:10B4C000944300200EB403B5014603AB054853F87E
:10B4D000042B00680193FEF72FFF02B05DF804EB28
:10B4E00003B070477C01002008B5062000F02CF85E
:10B4F0000120FAF777F91F2938B505460C4604D91B
:10B50000162303604FF0FF3038BDC26B12B152F802
:10B5100021304BB9284600F031F822460146284632
:10B52000BDE8384000F018B8012B0AD0591C03D1EF
:10B53000162303600120E7E7002142F8241020468B
:10B5400098470020E0E70000024B01461868FFF72B
:10B55000D2BF00BF7C01002038B5074C0023054650
:10B56000084611462360FAF735F9431C02D12368D7
:10B5700003B12B6038BD00BF98430020FAF728B90B
:10B5800000B52DED028B83B0B0EE408ACDED010AFF
:10B5900000F0D4FADDED010AB4EE608AF1EE10FAA3
:10B5A00006D6DFED0C7AF4EE670AF1EE10FA03D05E
:10B5B00003B0BDEC028B00BDCDED017AFDF7FEFBC3
:10B5C000DDED017A87EEA70A2123036003B0BDEC0D
:10B5D000028B00BD0000000008B52DED048BB0EE1D
:10B5E000409AF0EE609A00F07FF8B0EE408AF0EEFC
:10B5F000608AB0EE490AF0EE690A00F065F878B1A9
:10B6000019A3D3E9002351EC190BF5F735FA70B9FA
:10B6100017A3D3E9002351EC190BF5F70FFA98B9EA
:10B62000B0EE480AF0EE680ABDEC048B08BD9FED51
:10B630000A8BFDF7C3FBB0EE480AF0EE680ABDECDA
:10B64000048B2223036008BDFDF7B8FB22239FED86
:10B65000048B0360E4E700BF000000000000F07FFF
:10B660000000000000000000EF39FAFE422E864084
:10B6700051302DD5104987C000B52DED028BB0EEAD
:10B68000408A83B000F02CF8B4EE488AF1EE10FA4C
:10B6900006D6DFED0C7AB4EEE78AF1EE10FA03D4A9
:10B6A00003B0BDEC028B00BDCDED017AFDF786FB4A
:10B6B000DDED017A87EEA70A2123036003B0BDEC1C
:10B6C000028B00BD0000000082B08DED000B0198E0
:10B6D00040F0004000F58010C00F02B0704700BF7E
:10B6E000B1EEC00A704700BF2DE9F04755EC104B92
:10B6F000D34925F000428A4286B04FEAD5760CD96C
:10B70000D0498A4270D9C5F31303234340F05481D2
:10B71000002E66D09FEDB20B63E0CB4B9A4200F255
:10B720001A81CA4B9A4240F2308122462B4620466B
:10B730002946F4F711FFACA3D3E9002306460F46D0
:10B74000F4F70AFFAAA3D3E90023F4F74DFD32462C
:10B750003B46F4F701FFA8A3D3E90023F4F746FD25
:10B7600032463B46F4F7F8FEA5A3D3E90023F4F7ED
:10B770003BFD32463B46F4F7EFFEA3A3D3E900239B
:10B78000F4F734FD32463B46F4F7E6FE02460B463C
:10B7900020462946F4F728FDCDE90201DDE90289BA
:10B7A000204642464B462946F4F7D6FE002206467E
:10B7B0000F464FF0804340464946F4F715FD0246D8
:10B7C0000B4630463946F4F7F1FF22462B46F4F794
:10B7D0000BFD02460B4600209D49F4F705FD41ECA8
:10B7E000100B06B0BDE8F08789A3D3E900232046FB
:10B7F0002946F5F741F90746002840F0E88086A37E
:10B80000D3E9002320462946F5F718F9002840F02F
:10B810003781904B204603EBC606294680A3D3E927
:10B820000023F4F799FED6E90023F4F7DFFCF5F7DF
:10B8300043F90646F4F726FE7BA3D3E90023074627
:10B840008846F4F789FE02460B4620462946F4F75F
:10B85000CBFC02460B463846414691469A4674A3B5
:10B86000D3E90023F4F778FECDE90001DDE90023F8
:10B8700048465146F4F7B8FC02460B4604460D46CE
:10B88000F4F76AFE58A3D3E9002307468846F4F785
:10B8900063FE57A3D3E90023F4F7A6FC3A464346D8
:10B8A000F4F75AFE54A3D3E90023F4F79FFC3A4679
:10B8B0004346F4F751FE52A3D3E90023F4F794FC76
:10B8C0003A464346F4F748FE4FA3D3E90023F4F782
:10B8D0008DFC3A464346F4F73FFE02460B462046AF
:10B8E0002946F4F781FC07468846204629463A4611
:10B8F0004346CDE90278F4F72FFECDE90401002E8E
:10B900003FF44CAF3A46434600204FF08041F4F7F5
:10B910006BFC02460B46DDE90401F4F747FF0246E3
:10B920000B46DDE90001F4F75FFC4A465346F4F7A5
:10B930005BFC0B46024646490020F4F755FC6FF4C9
:10B940007F739E42C0F28E8001EB065141EC100BDA
:10B9500006B0BDE8F087404B9A423FF65AAF3F4BE6
:10B9600003EBC603D3E9002320462946F4F73CFC49
:10B970003B4B03EBC60393ED007B86F001038DED9B
:10B98000007B81468A469E1B70E72BA3D3E90023E8
:10B9900020462946F4F72AFC2D4B0022F5F76CF8D7
:10B9A00000283FF4C2AE2A4B002220462946F4F775
:10B9B0001DFC41EC100B14E722462B46204629467D
:10B9C000F4F714FC41EC100B06B0BDE8F087002042
:10B9D00006B0BDE8F04700F00FBA00BFAFF300803B
:10B9E0000000000000000000D0A4BE726937663E6F
:10B9F000F16BD2C541BDBB3E2CDE25AF6A56113F6F
:10BA000093BDBE166CC1663F3E5555555555C53F55
:10BA1000EF39FAFE422E864051302DD5104987C0AD
:10BA2000FE822B654715F73F0000E0FE422EE63F01
:10BA3000763C7935EF39EA3D9C7500883CE4377EE9
:10BA4000412E8640FFFFEF7F422ED63FFFFFEF3DA6
:10BA50000000F03FD8D50008B1A2F03FC8D50008DB
:10BA6000B8D5000806F57A7301EB035100224FF0B8
:10BA7000B873F4F771FD41EC100B06B0BDE8F08728
:10BA8000384606B0BDE8F04700F0AEB900B583B067
:10BA90008DED000B0199DDF800C0C1F30A52A2F24E
:10BAA000FF33132B0CDC002B2CDB2348184100EA5E
:10BAB000010252EA0C022BD19DED000B03B000BD38
:10BAC000332B0BDDB3F5806FF6D1DDE90023104693
:10BAD0001946F4F78BFB41EC100BEFE7A2F213428F
:10BAE0004FF0FF3020FA02F212EA0C0FE4D0C3F15B
:10BAF00033030120984010EB0C0028BF013120EAED
:10BB000002000DE0013301F000410FD0002007E0FA
:10BB10004FF4002242FA03F30B4423EA0001002011
:10BB20000B46024643EC102B03B000BD41F07F51A1
:10BB300041F440110020F3E7FFFF0F0010EE903AB0
:10BB400030B523F00044621EB2F1FF4F3FD210EE39
:10BB5000101A21F0004EBEF1FF4F38D2A6453ADB55
:10BB600001F00042154600F09D8011F0FF4F03F0F8
:10BB7000FF4C49D14FEA0E206FF07D0240000028B3
:10BB800002F1FF32FADCBCF1000F5BD123026FF04F
:10BB90007D0C5B000CF1FF3CFBD512F17E0F6CDAE3
:10BBA0006FF07D00831AA0EB0C00B2EB0C020EFAD2
:10BBB00003F104FA00F36DD0013A03E03AD04100FA
:10BBC000013A09D3C81A0028F8DA4900F8E760EE0C
:10BBD000200A80EEA00A30BDCB1A48BF0B461BB925
:10BBE00028E05B000CF1FF3CB3F5000FF9DB1CF122
:10BBF0007E0F38DA6FF07D00A0EB0C00034145EAC0
:10BC0000030200EE102A30BD4FEAEE52BCF1000FE5
:10BC100016D0E415C1F31601C3F31603121B41F449
:10BC2000000143F40003A4F17F0CC5D1CB1A002B13
:10BC300018DBD6D1224B03EB557393ED000A30BDD0
:10BC40007F3AA3E7E415A4F17F0C6FF07D01891A18
:10BC5000C3F31603A2EB0C0243F400030EFA01F146
:10BC6000013AAFE70B46A3F500030CF17F0C2B4321
:10BC700043EACC5300EE103A30BD6FF07D00C1F3C3
:10BC80001601A0EB0C0041F40001A2EB0C0204FA37
:10BC900000F391E7CB1A002B0ADBCBD0B3F5000FF2
:10BCA0009FDBABE7064B03EB527393ED000A30BD0D
:10BCB0000029BFD0B1F5000F0B4692DB9EE700BF15
:10BCC000E8D5000808B52DED028BF0EE408AB0EE05
:10BCD000608A00F047F820B9B0EE480ABDEC028B4C
:10BCE00008BDB0EE480A00F03DF858B1F4EEC88A3D
:10BCF000F1EE10FAC8BFB0EE688AB0EE480ABDECAB
:10BD0000028B08BDB0EE688AB0EE480ABDEC028B2B
:10BD100008BD00BF08B52DED028BF0EE408AB0EEF5
:10BD2000608A00F01FF820B9B0EE480ABDEC028B23
:10BD300008BDB0EE480A00F015F858B1B4EEE88A34
:10BD4000F1EE10FAC8BFB0EE688AB0EE480ABDEC5A
:10BD5000028B08BDB0EE688AB0EE480ABDEC028BDB
:10BD600008BD00BF10EE103A33F000400ED0A0F531
:10BD70000003B3F1FE4F0DD3074B421E9A4207D981
:10BD8000A0F1FF40B0FA80F04009704702207047F0
:10BD90000320704704207047FEFF7F0010B582B07B
:10BDA0008DED000B0446FDF709F89DED000B0460D6
:10BDB00002B010BD00B5034683B051EC100B83B147
:10BDC000024601F10043CDE90023DDE90023F4F749
:10BDD000C3FB41EC100B222003B05DF804EBFFF72E
:10BDE000DDBF02460B46EEE79FED010BFFF7E2BF1A
:10BDF00000000000000000109FED010BFFF7DABF0C
:10BE0000000000000000007080EA104080EA10206E
:10BE100080EA101046F6961300F00F0043FA00F087
:10BE200000F00100704700BF38B50022002304462F
:10BE30000D46F4F703FE28B920462946BDE83840F0
:10BE400000F00AB8204605F1004100F005F8404234
:10BE500061EB410138BD00BF70B50C4B00220446B8
:10BE60000D46F4F779FBF4F74FFE0646F4F7FAFABD
:10BE7000074B0022F4F770FB02460B46204629468A
:10BE8000F4F7B2F9F4F740FE314670BD0000F03D22
:10BE90000000F041F8B500BFF8BC08BC9E467047F2
:0CBEA000F8B500BFF8BC08BC9E46704717
:10BEB00000070E091C1B1215383F363124232A2D8A
:10BEC00070777E796C6B6265484F464154535A5D7A
:10BED000E0E7EEE9FCFBF2F5D8DFD6D1C4C3CACD6A
:10BEE00090979E998C8B8285A8AFA6A1B4B3BABD5A
:10BEF000C7C0C9CEDBDCD5D2FFF8F1F6E3E4EDEA4A
:10BF0000B7B0B9BEABACA5A28F88818693949D9A39
:10BF10002720292E3B3C35321F18111603040D0A29
:10BF20005750595E4B4C45426F68616673747D7A19
:10BF3000898E878095929B9CB1B6BFB8ADAAA3A409
:10BF4000F9FEF7F0E5E2EBECC1C6CFC8DDDAD3D4F9
:10BF5000696E676075727B7C51565F584D4A4344E9
:10BF6000191E171005020B0C21262F283D3A3334D9
:10BF70004E49404752555C5B7671787F6A6D6463C9
:10BF80003E39303722252C2B0601080F1A1D1413B9
:10BF9000AEA9A0A7B2B5BCBB9691989F8A8D8483A9
:10BFA000DED9D0D7C2C5CCCBE6E1E8EFFAFDF4F399
:10BFB0000000000000000000010203040607080959
:10BFC00000000000010203040D0A0D0A0D0A0D0A0B
:10BFD0000D0000003E3E2041746865616E204D6F8B
:10BFE000746F7220436F6E74726F6C6C6572203C5C
:10BFF0003C0D00003E3E2056657273696F6E3A201C
:10C0000025642E25642E2564203C3C0D0A0000008A
:10C010003E3E20496E76616C69642F756E696E696B
:10C020007469616C697A656420636F6E66696775AF
:10C03000726174696F6E3B207573696E672052413F
:10C040004D2064656661756C7473202843414E20F1
:10C0500052583D312054583D3029203C3C0D0000C1
:10C060003E3E204452563833323320636F6E666949
:10C070006775726174696F6E2F7265616462616366
:10C080006B206661696C65643B206D6F746F722014
:10C090006D6F64652072656D61696E73206C6F638E
:10C0A0006B6564203C3C0D00436865636B696E679B
:10C0B000207068617365207369676E2C20706F6CE7
:10C0C000652070616972730D000000005068617333
:10C0D00065206F7264657220636F72726563740DA0
:10C0E000000000005377617070696E6720706861AE
:10C0F0007365207369676E0D00000000506F6C65FA
:10C100002050616972733A2025640D0A0000000016
:10C1100053746172743A20252E3366202020456EB8
:10C12000643A20252E33660D0A000000506F6C65BE
:10C13000205061697273203E2025642C2072656D49
:10C14000616C6C6F63206572726F725F6172725B9B
:10C150005D2073697A652E0D0A00000053746172C8
:10C1600074696E67206F66667365742063616C2006
:10C17000616E64206C696E656172697A6174696F61
:10C180006E0D0000256420256420256420252E33B3
:10C19000660D0A002564202025640D0A00000000B9
:10C1A0006C6F6F705F636F756E743A20256C750DE0
:10C1B0000A0000000A0D4641554C540A0D000000CB
:10C1C0005644535F4F43500A0D0000004744460A4F
:10C1D0000D00000055564C4F0A0D00004F545344BB
:10C1E0000A0D00005644535F48410A0D000000004C
:10C1F0005644535F4C410A0D000000005644535F03
:10C2000048420A0D000000005644535F4C420A0D9C
:10C21000000000005644535F48430A0D0000000030
:10C220005644535F4C430A0D0000000053415F4FDA
:10C23000430A0D0053425F4F430A0D0053435F4FC3
:10C24000430A0D004F54570A0D0000004350555645
:10C250000A0D00005647535F48410A0D00000000D8
:10C260005647535F4C410A0D000000005647535F8C
:10C2700048420A0D000000005647535F4C420A0D29
:10C28000000000005647535F48430A0D00000000BD
:10C290005647535F4C430A0D0000000020436F6D6A
:10C2A0006D616E64733A0D00206D2020202D204DAD
:10C2B0006F746F72204D6F64650D00002063202045
:10C2C000202D2043616C69627261746520456E6344
:10C2D0006F6465720D00000020732020202D205314
:10C2E000657475700D00000020652020202D20440D
:10C2F0006973706C617920456E636F6465720D00BF
:10C30000207A2020202D20536574205A65726F20DA
:10C31000506F736974696F6E0D0000002065736360
:10C32000202D204578697420746F204D656E750D41
:10C33000000000000D0A20436F6E66696775726128
:10C3400074696F6E204F7074696F6E73200A0D00F0
:10C350006D696E00706172616D65746572000000D8
:10C36000707265666978000020252D347320252DB4
:10C3700033317320252D357320252D367320252D3F
:10C3800032730D0A0000000063757272656E7420CE
:10C3900076616C75650000006D6178000D0A204DB6
:10C3A0006F746F723A0D00003000000047656172D3
:10C3B00020526174696F00006700000020252D3451
:10C3C0007320252D33317320252D357320252D36EF
:10C3D0007320252E33660A0D000000002D0000009A
:10C3E000546F7271756520436F6E7374616E742043
:10C3F000284E2D6D2F4129006B00000020252D3483
:10C400007320252D33317320252D357320252D36AE
:10C410007320252E35660A0D000000000D0A20430A
:10C420006F6E74726F6C3A0D000000003130300096
:10C4300043757272656E742042616E6477696474CC
:10C44000682028487A2900006200000020252D3449
:10C450007320252D33317320252D357320252D365E
:10C460007320252E31660A0D000000003230303076
:10C4700000000000302E300043757272656E74202B
:10C480004C696D6974202841290000006C0000008F
:10C4900036302E30000000004D617820506F7369F7
:10C4A00074696F6E20536574706F696E74202872A2
:10C4B00061642900700000004D61782056656C6F42
:10C4C0006369747920536574706F696E7420287283
:10C4D0006164292F73000000760000004D61782010
:10C4E000506F736974696F6E204761696E20284EC2
:10C4F0002D6D2F72616429007800000031303030DA
:10C500002E3000004D61782056656C6F6369747938
:10C51000204761696E20284E2D6D2F7261642F7344
:10C520002900000064000000352E300046572043EB
:10C53000757272656E74204C696D6974202841298A
:10C54000000000006600000033332E3000000000C1
:10C5500054656D70204375746F66662028432920EA
:10C560002830203D206E6F6E6529000068000000B5
:10C5700031353000436F6E74696E756F757320438B
:10C58000757272656E7420284129000063000000F6
:10C5900034302E300000000043616C6962726174B7
:10C5A000696F6E2043757272656E74202841290090
:10C5B0006100000032302E30000000000D0A2043E0
:10C5C000414E3A0D0000000043414E204944000016
:10C5D0006900000020252D347320252D3331732070
:10C5E000252D357320252D367320252D35690A0D0F
:10C5F000000000003132370043414E20545820499A
:10C60000440000006D00000043414E2054696D65F8
:10C610006F757420286379636C6573292830203D19
:10C62000206E6F6E652900007400000020252D34F7
:10C630007320252D33317320252D357320252D367C
:10C64000732025640A0D0000313030303030000096
:10C65000200A0D20546F206368616E676520612099
:10C6600076616C75652C2074797065202770726511
:10C67000666978272776616C75652727454E54458E
:10C6800052270A0D20652E672E2027623130303068
:10C690002727454E544552270D0A200056414C5538
:10C6A0004553204E4F542041435449564520554E42
:10C6B00054494C20504F574552204359434C452133
:10C6C000200A0D0A0D000000455F5A45524F3A20DE
:10C6D0002564202025660D0A00000000436F6E6669
:10C6E000696775726174696F6E2073617665207217
:10C6F000656A65637465643B2070726576696F7501
:10C70000732064617461207072657365727665640C
:10C710002E0D0000495F42572073657420746F200E
:10C7200025660D0A0000000043414E5F4944207316
:10C73000657420746F2025640D0A000043414E5F2C
:10C7400054585F49442073657420746F2025640D2C
:10C750000A000000495F4D41582073657420746FD2
:10C760002025660D0A000000495F46575F4D41587D
:10C770002073657420746F2025660D0A0000000088
:10C7800043414E5F54494D454F55542073657420C5
:10C79000746F2025640D0A0054454D505F4D41587B
:10C7A0002073657420746F2025660D0A0000000058
:10C7B000495F4D41585F434F4E5420736574207458
:10C7C0006F2025660D0A0000495F43414C207365C8
:10C7D0007420746F2025660D0A00000047522073F4
:10C7E000657420746F2025660D0A00004B54207379
:10C7F000657420746F2025660D0A00004B505F4D54
:10C8000041582073657420746F2025660D0A00005E
:10C810004B445F4D41582073657420746F2025662A
:10C820000D0A0000505F4D41582073657420746FED
:10C830002025660D0A000000565F4D4158207365A3
:10C840007420746F2025660D0A0000000D0A202751
:10C85000256327204E6F7420612076616C69642007
:10C86000636F6D6D616E64207072656669780D0A24
:10C870000D0A00005A65726F20736176652072653B
:10C880006A65637465643B2070726576696F757361
:10C890002064617461207072657365727665642EC0
:10C8A0000D0000000A0D20205361766564206E653E
:10C8B00077207A65726F20706F736974696F6E3A52
:10C8C000202025640A0D0A0D000000005261773A0D
:10C8D000202535640000000020204C696E656172DF
:10C8E000697A656420436F756E743A20253564005B
:10C8F000202053696E676C65205475726E3A25204E
:10C90000342E33660000000020204D756C746920C1
:10C910005475726E3A2520352E3366002020456C02
:10C92000656374726963616C3A2520352E33660045
:10C9300020205475726E733A252032640000000086
:10C94000202056616C69643A257500002020535000
:10C95000493A256C75000000202050617269747995
:10C960003A256C7500000000202045463A256C757C
:10C970000D0A000000010206050000000000000092
:10C980002975493CDF6EC93C6F0E173D3160493D4A
:10C990008FA97B3D38F4963D6B0EB03D4721C93DD4
:10C9A0005E2EE23DEC2FFB3D7F130A3E698C163E66
:10C9B00076FD223EA5662F3E97CA3B3E4A29483E59
:10C9C000807D543EDAC9603E560E6D3EF54A793E92
:10C9D0003CBD823E0FD1883EA4DF8E3EFBE8943EF4
:10C9E000C4EB9A3EFFE7A03EFCDEA63E6CCFAC3E19
:10C9F0004EB9B23EA29CB83E1878BE3EB24BC43E81
:10CA0000BD18CA3EECDDCF3EED99D53E614FDB3E11
:10CA100059FAE03EC39EE63EB038EC3E71C9F13EA5
:10CA20005452F73EBBD0FC3E5322013FB2D7033FE6
:10CA3000D387063FB532093F5AD80B3FC0780E3F27
:10CA40004013113F82A8133FDF37163F55C1183FEF
:10CA5000E5441B3F8FC21D3F543A203F8AAB223F23
:10CA6000DB16253F9E7B273FD3D9293F7B312C3FC7
:10CA7000ED812E3F79CC303FD00F333FF14B353F26
:10CA80008481373FE2AF393F0AD73B3FFDF63D3F58
:10CA9000130F403F9B20423F9E29443F132C463FAB
:10CAA0000326483FBD184A3F9B034C3FF3E54D3FEB
:10CAB00016C14F3FB493513F745E533F5721553FCA
:10CAC0000EDB563F8F8D583FE3365A3FB2D75B3F60
:10CAD000A4705D3F69005F3F5188603F0C07623F73
:10CAE0009A7C633FA3E9643F274E663F7EA9673F78
:10CAF00050FC683F4E456A3FC6856B3F12BD6C3F98
:10CB000031EB6D3F23106F3F412B703FD93D713F9B
:10CB10009D46723F3546733F9F3C743F3529753FB4
:10CB20009E0C763F32E6763F9AB6773F2C7D783F73
:10CB3000EB39793F7CED793F39977A3F22377B3F5C
:10CB400036CD7B3F75597C3F87DC7C3F1D557D3F53
:10CB500087C47D3F74297E3F34857E3F77D67E3FF4
:10CB60008E1E7F3F295C7F3FEF8F7F3F88BA7F3FDC
:10CB7000A5DA7F3FEDF07F3F61FD7F3F0000803F02
:10CB800023F87F3F19E77F3F92CB7F3F37A67F3F58
:10CB9000AF777F3FAB3E7F3FD2FB7E3F25AF7E3FEF
:10CBA000A3587E3F4DF87D3F228E7D3F221A7D3F68
:10CBB0004E9C7C3FA5147C3F27837B3FD5E77A3F83
:10CBC00057437A3F0395793FDBDC783FDF1A783FA4
:10CBD000B54F773FB77A763FE59B753FE5B3743F36
:10CBE000B9C2733FB9C7723F8BC3713F31B6703F53
:10CBF000029F6F3FA67E6E3F1D556D3F68226C3FC2
:10CC000086E66A3F1FA2693FE353683F22FD663F05
:10CC1000349D653F1A34643F22C3623F5648613FEA
:10CC2000ACC55F3FD6395E3F7AA55C3F9A085B3F53
:10CC30003563593F4AB5573F82FF553F8E40543FB9
:10CC4000637A523FB4AB503F80D44E3F6FF54C3FB8
:10CC5000280F4B3F5C20493FB329473FD42B453F2A
:10CC60001826433F7E18413FB0033F3FABE73C3FB0
:10CC700072C43A3F5B99383FB667363FDC2E343F8B
:10CC8000CCEE313F2FA82F3F5C5A2D3FFB052B3FA9
:10CC90000DAB283F9049263F2EE2233F9773213F5B
:10CCA00019FF1E3FB6841C3FC5031A3F957D173FF1
:10CCB000D8F0143FDD5E123FFCC60F3F35290D3F13
:10CCC0002F860A3FECDD073F6A30053FAA7D023F11
:10CCD000598BFF3E3012FA3E8A8EF43E0803EF3E37
:10CCE000096DE93EDDCDE33E8525DE3E4F75D83E3C
:10CCF0003CBDD23EFCFBCC3EDF32C73E3563C13E7D
:10CD00005D8ABB3E47ACB53E05C5AF3E84D8A93E63
:10CD100075E5A33E89EA9D3E60EA973EF7E4913EC1
:10CD200002D98B3ECEC7853EB7627F3EF52D733E5E
:10CD3000B7EE663EFDA45A3E65534E3EF0F9413EC5
:10CD40003D9B353E0E32293EA0C31C3EF44F103EA3
:10CD50000AD7033EC4B1EE3DB9A5D53DA298BC3D6E
:10CD60001B82A33D49658A3D6685623DD637303DCD
:10CD7000F7C7FB3CC615973C5374C93B5374C9BBFA
:10CD8000C61597BCF7C7FBBCD63730BD668562BDFC
:10CD900049658ABD1B82A3BDA298BCBDB9A5D5BDFE
:10CDA000C4B1EEBD0AD703BEF44F10BEA0C31CBE73
:10CDB0000E3229BE3D9B35BEF0F941BE65534EBED5
:10CDC000FDA45ABEB7EE66BEF52D73BEB7627FBE38
:10CDD000CEC785BE02D98BBEF7E491BE60EA97BE8E
:10CDE00089EA9DBE75E5A3BE84D8A9BE05C5AFBEC0
:10CDF00047ACB5BE5D8ABBBE3563C1BEDF32C7BEC0
:10CE0000FCFBCCBE3CBDD2BE4F75D8BE8525DEBE78
:10CE1000DDCDE3BE096DE9BE0803EFBE8A8EF4BE28
:10CE20003012FABE598BFFBEAA7D02BF6A3005BF21
:10CE3000ECDD07BF2F860ABF35290DBFFCC60FBF2B
:10CE4000DD5E12BFD8F014BF957D17BFC5031ABFB2
:10CE5000B6841CBF19FF1EBF977321BF2EE223BFEC
:10CE6000904926BF0DAB28BFFB052BBF5C5A2DBFD9
:10CE70002FA82FBFCCEE31BFDC2E34BFB66736BF34
:10CE80005B9938BF72C43ABFABE73CBFB0033FBF4A
:10CE90007E1841BF182643BFD42B45BFB32947BFD7
:10CEA0005C2049BF280F4BBF6FF54CBF80D44EBFED
:10CEB000B4AB50BF637A52BF8E4054BF82FF55BFA0
:10CEC0004AB557BF356359BF9A085BBF7AA55CBFA7
:10CED000D6395EBFACC55FBF564861BF22C362BFD3
:10CEE0001A3464BF349D65BF22FD66BFE35368BF3B
:10CEF0001FA269BF86E66ABF68226CBF1D556DBF61
:10CF0000A67E6EBF029F6FBF31B670BF8BC371BF6D
:10CF1000B9C772BFB9C273BFE5B374BFE59B75BF34
:10CF2000B77A76BFB54F77BFDF1A78BFDBDC78BF43
:10CF3000039579BF57437ABFD5E77ABF27837BBF75
:10CF4000A5147CBF4E9C7CBF221A7DBF228E7DBF64
:10CF50004DF87DBFA3587EBF25AF7EBFD2FB7EBFFD
:10CF6000AB3E7FBFAF777FBF37A67FBF92CB7FBF80
:10CF700019E77FBF23F87FBF000080BF61FD7FBF3F
:10CF8000EDF07FBFA5DA7FBF88BA7FBFEF8F7FBF8D
:10CF9000295C7FBF8E1E7FBF77D67EBF34857EBF64
:10CFA00074297EBF87C47DBF1D557DBF87DC7CBFD4
:10CFB00075597CBF36CD7BBF22377BBF39977ABF8F
:10CFC0007CED79BFEB3979BF2C7D78BF9AB677BFFE
:10CFD00032E676BF9E0C76BF352975BF9F3C74BF85
:10CFE000354673BF9D4672BFD93D71BF412B70BF9F
:10CFF00023106FBF31EB6DBF12BD6CBFC6856BBF19
:10D000004E456ABF50FC68BF7EA967BF274E66BF0A
:10D01000A3E964BF9A7C63BF0C0762BF518860BFFD
:10D0200069005FBFA4705DBFB2D75BBFE3365ABF74
:10D030008F8D58BF0EDB56BF572155BF745E53BF4F
:10D04000B49351BF16C14FBFF3E54DBF9B034CBF17
:10D05000BD184ABF032648BF132C46BF9E2944BFB4
:10D060009B2042BF130F40BFFDF63DBF0AD73BBF19
:10D07000E2AF39BF848137BFF14B35BFD00F33BF2B
:10D0800079CC30BFED812EBF7B312CBFD3D929BFE6
:10D090009E7B27BFDB1625BF8AAB22BF543A20BF39
:10D0A0008FC21DBFE5441BBF55C118BFDF3716BF78
:10D0B00082A813BF401311BFC0780EBF5AD80BBF50
:10D0C000B53209BFD38706BFB2D703BF532201BF12
:10D0D000BBD0FCBE5452F7BE71C9F1BEB038ECBE35
:10D0E000C39EE6BE59FAE0BE614FDBBEED99D5BEE8
:10D0F000ECDDCFBEBD18CABEB24BC4BE1878BEBEF2
:10D10000A29CB8BE4EB9B2BE6CCFACBEFCDEA6BE11
:10D11000FFE7A0BEC4EB9ABEFBE894BEA4DF8EBEC0
:10D120000FD188BE3CBD82BEF54A79BE560E6DBE9B
:10D13000DAC960BE807D54BE4A2948BE97CA3BBE4C
:10D14000A5662FBE76FD22BE698C16BE7F130ABE71
:10D15000EC2FFBBD5E2EE2BD4721C9BD6B0EB0BDFD
:10D1600038F496BD8FA97BBD316049BD6F0E17BDE8
:10D17000DF6EC9BC297549BC00000000494E46005D
:10D18000696E66004E414E006E616E0030003031B7
:10D19000323334353637383941424344454600301E
:10D1A000313233343536373839616263646566004D
:10D1B0002E004300504F53495800496E66696E690E
:10D1C0007479004E614E005245454E54206D616C9D
:10D1D0006C6F6320737563636565646564002F56C7
:10D1E0006F6C756D65732F646174612F6A656E6B0A
:10D1F000696E732F776F726B73706163652F474E23
:10D20000552D746F6F6C636861696E2F61726D2D3F
:10D2100031352F7372632F6E65776C69622D637978
:10D220006777696E2F6E65776C69622F6C696263D0
:10D230002F7374646C69622F64746F612E63004293
:10D24000616C6C6F6320737563636565646564000E
:10D250002F566F6C756D65732F646174612F6A65ED
:10D260006E6B696E732F776F726B73706163652F6E
:10D27000474E552D746F6F6C636861696E2F6172D4
:10D280006D2D31352F7372632F6E65776C69622D4A
:10D2900063796777696E2F6E65776C69622F6C6949
:10D2A00062632F7374646C69622F6764746F612D9D
:10D2B0006765746865782E6300232D302B20006825
:10D2C0006C4C00656667454647002F566F6C756D60
:10D2D00065732F646174612F6A656E6B696E732F5D
:10D2E000776F726B73706163652F474E552D746F46
:10D2F0006F6C636861696E2F61726D2D31352F73AC
:10D3000072632F6E65776C69622D63796777696EDA
:10D310002F6E65776C69622F6C6962632F7374641A
:10D320006C69622F6D707265632E63002C206675C8
:10D330006E6374696F6E3A2000617373657274690D
:10D340006F6E2022257322206661696C65643A2025
:10D3500066696C6520222573222C206C696E65201D
:10D360002564257325730A0034000000CEFBFFFFFF
:10D37000CB030000010000000000000035000000A9
:10D38000CEFBFFFFCB030000010000000000000007
:10D39000BC89D897B2D29C3C33A7A8D523F649398B
:10D3A0003DA7F444FD0FA5329D978CCF08BA5B25AD
:10D3B000436FAC6428066811002020202020202024
:10D3C0002020282828282820202020202020202035
:10D3D0002020202020202020208810101010101045
:10D3E0001010101010101010100404040404040491
:10D3F000040404101010101010104141414141412B
:10D40000010101010101010101010101010101010C
:10D41000010101011010101010104242424242421C
:10D4200002020202020202020202020202020202DC
:10D430000202020210101010200000000000000084
:10D4400000000000000000000000000000000000DC
:10D4500000000000000000000000000000000000CC
:10D4600000000000000000000000000000000000BC
:10D4700000000000000000000000000000000000AC
:10D48000000000000000000000000000000000009C
:10D49000000000000000000000000000000000008C
:10D4A000000000000000000000000000000000007C
:10D4B0000000000000000000000000000500000067
:10D4C000190000007D0000000080E03779C341436F
:10D4D000176E05B5B5B89346F5F93FE9034F384DDA
:10D4E000321D30F94877825A3CBF737FDD4F157586
:10D4F000000000000000F03F000000000000244099
:10D5000000000000000059400000000000408F4073
:10D51000000000000088C34000000000006AF840DE
:10D520000000000080842E4100000000D012634102
:10D530000000000084D797410000000065CDCD4178
:10D54000000000205FA00242000000E87648374259
:10D55000000000A2941A6D42000040E59C30A242F7
:10D560000000901EC4BCD64200003426F56B0C436C
:10D570000080E03779C3414300A0D8855734764313
:10D5800000C84E676DC1AB43003D9160E458E14374
:10D59000408CB5781DAF154450EFE2D6E41A4B44E9
:10D5A00092D54D06CFF08044F64AE1C7022DB5442E
:10D5B000B49DD9794378EA44763C7935EF39EA3D30
:10D5C000763C7935EF39EABD0000E0FE422EE63FB9
:10D5D0000000E0FE422EE6BF000000000000E03F39
:10D5E000000000000000E0BF00000000000000801C
:08D5F000402BFF7F0100000049
:04D5F800510C0008CA
:04D5FC00290C0008EE
:10D60000000E270700000000030000005042002029
:10D6100043000000000000000000000000000000C7
:10D6200000000000000000000000000000000000FA
:10D6300043000000000000000000000000000000A7
:10D6400000000000000000000000000000000000DA
:10D650004300000000000000000000000000000087
:10D6600000000000000000000000000000000000BA
:10D670004300000000000000000000000000000067
:10D68000000000000000000000000000000000009A
:10D690004300000000000000000000000000000047
:10D6A000000000000000000000000000000000007A
:10D6B0004300000000000000000000000000000027
:10D6C000000000000000000000000000000000005A
:10D6D0004300000000000000000000000000000007
:10D6E000000000000000000000000000000000003A
:10D6F00005B20008C5A2000800000000B8D3000869
:10D70000B0D1000867D3000867D3000867D30008CA
:10D7100067D3000867D3000867D3000867D3000801
:10D7200067D3000867D30008FFFFFFFFFFFFFFFF7D
:10D73000FFFFFFFFFFFF0000010041534349490085
:10D7400000000000000000000000000000000000D9
:10D750000000000000000000000041534349490060
:10D7600000000000000000000000000000000000B9
:10D770000000000000000000000000008001002008
:10D780000000000050420020B8420020204300204A
:10D790000000000000000000000000000000000089
:10D7A0000000000000000000000000000000000079
:10D7B0000000000000000000000000000000000069
:0CD7C0000000000000000000000000005D
:0400000508007491EA
:00000001FF
