:020000040800F2
:1000000000000120518800083D6C0008416C000888
:100010004D6C0008596C0008656C00080000000079
:10002000000000000000000000000000716C0008EB
:10003000756C000800000000796C00087D6C0008F9
:10004000A1880008A1880008A1880008A1880008EC
:10005000A1880008A1880008A1880008A1880008DC
:10006000A1880008A1880008A1880008A1880008CC
:10007000A1880008A1880008A1880008A1880008BC
:10008000A1880008A1880008A1880008A1880008AC
:10009000816C0008A1880008A1880008A1880008D8
:1000A000A1880008116E0008A1880008A188000836
:1000B000A1880008A1880008A1880008A18800087C
:1000C000A1880008A1880008A1880008A18800086C
:1000D000A1880008A1880008096F0008A18800080D
:1000E000956E0008A1880008A1880008A188000872
:1000F000A1880008A1880008A1880008A18800083C
:10010000A1880008A1880008A1880008A18800082B
:10011000A1880008A1880008A1880008A18800081B
:10012000A1880008A1880008A1880008A18800080B
:1001300001F0FF01102A2BDB10F0070F08D010F898
:10014000013B013A8B422DD010F0070F42B3F6D19C
:10015000F0B441EA012141EA014122F007047FF0B5
:1001600000070023F0E80256083C85EA010586EA0C
:10017000010685FA47F5A3FA87F586FA47F6A5FA48
:1001800087F68EB9EED1F0BC01F0FF0102F0070254
:1001900032B110F8013B013A83EA010313B1F8D1FF
:1001A0000020704701387047002D06BF35460338E0
:1001B000073815F0010F07D1013015F4807F02BF19
:1001C000013015F4C03F0130F0BC0138704700BF6A
:1001D000034613F8012B002AFBD1181A0138704787
:1001E00081F0004102E000BF83F0004330B54FEAE8
:1001F00041044FEA430594EA050F08BF90EA020F55
:100200001FBF54EA000C55EA020C7FEA645C7FEAE7
:10021000655C00F0E2804FEA5454D4EB5555B8BF0A
:100220006D420CDD2C4480EA020281EA030382EA7B
:10023000000083EA010180EA020281EA0303362D0D
:1002400088BF30BD11F0004F4FEA01314FF4801CE0
:100250004CEA113102D0404261EB410113F0004FF2
:100260004FEA03334CEA133302D0524263EB4303A9
:1002700094EA050F00F0A780A4F10104D5F1200E47
:100280000DDB02FA0EFC22FA05F2801841F10001A2
:1002900003FA0EF2801843FA05F359410EE0A5F176
:1002A00020050EF1200E012A03FA0EFC28BF4CF0A7
:1002B000020C43FA05F3C01851EBE37101F000455D
:1002C00007D54FF0000EDCF1000C7EEB00006EEB6A
:1002D0000101B1F5801F1BD3B1F5001F0CD34908F4
:1002E0005FEA30004FEA3C0C04F101044FEA44524B
:1002F00012F5800F80F09A80BCF1004F08BF5FEAD2
:10030000500C50F1000041EB045141EA050130BDB1
:100310005FEA4C0C404141EB0101013C28BFB1F5C3
:10032000801FE9D291F0000F04BF01460020B1FA0E
:1003300081F308BF2033A3F10B03B3F120020CDAE1
:100340000C3208DD02F1140CC2F10C0201FA0CF0BF
:1003500021FA02F10CE002F11402D8BFC2F1200C24
:1003600001FA02F120FA0CFCDCBF41EA0C019040DA
:10037000E41AA2BF01EB0451294330BD6FEA040423
:100380001F3C1CDA0C340EDC04F11404C4F120020E
:1003900020FA04F001FA02F340EA030021FA04F320
:1003A00045EA030130BDC4F10C04C4F1200220FA77
:1003B00002F001FA04F340EA0300294630BD21FAB5
:1003C00004F0294630BD94F0000F83F4801306BF7B
:1003D00081F480110134013D4EE77FEA645C18BF6F
:1003E0007FEA655C29D094EA050F08BF90EA020F06
:1003F00005D054EA000C04BF1946104630BD91EAFE
:10040000030F1EBF0021002030BD5FEA545C05D100
:100410004000494128BF41F0004130BD14F580043F
:100420003CBF01F5801130BD01F0004545F0FE41B3
:1004300041F470014FF0000030BD7FEA645C1ABFE8
:10044000194610467FEA655C1CBF0B46024650EA1F
:10045000013406BF52EA033591EA030F41F400214B
:1004600030BD00BF90F0000F04BF0021704730B5D1
:100470004FF4806404F132044FF000054FF00001A6
:1004800050E700BF90F0000F04BF0021704730B567
:100490004FF4806404F1320410F0004548BF40423C
:1004A0004FF000013EE700BF42004FEAE2014FEA91
:1004B00031014FEA02701FBF12F07F4393F07F4F6C
:1004C00081F06051704732F07F4208BF704793F06F
:1004D0007F4F04BF41F40021704730B54FF4607482
:1004E00001F0004521F000411CE700BF50EA010285
:1004F00008BF704730B54FF000050AE050EA01022E
:1005000008BF704730B511F0004502D5404261EB9D
:1005100041014FF4806404F132045FEA915C3FF4DE
:10052000D8AE4FF003025FEADC0C18BF03325FEA7B
:10053000DC0C18BF033202EBDC02C2F1200300FA2C
:1005400003FC20FA02F001FA03FE40EA0E0021FA51
:1005500002F11444BDE600BF70B54FF0FF0C4CF43F
:10056000E06C1CEA11541DBF1CEA135594EA0C0FF1
:1005700095EA0C0F00F0DEF82C4481EA030621EA2C
:100580004C5123EA4C5350EA013518BF52EA033567
:1005900041F4801143F4801338D0A0FB02CE4FF019
:1005A0000005E1FB02E506F00042E0FB03E54FF049
:1005B0000006E1FB03569CF0000F18BF4EF0010E41
:1005C000A4F1FF04B6F5007F64F5407404D25FEA3D
:1005D0004E0E6D4146EB060642EAC62141EA5551F0
:1005E0004FEAC52040EA5E504FEACE2EB4F1FD0C32
:1005F00088BFBCF5E06F1ED8BEF1004F08BF5FEAB0
:10060000500E50F1000041EB045170BD06F0004661
:1006100046EA010140EA020081EA0301B4EB5C040E
:10062000C2BFD4EB0C0541EA045170BD41F4801106
:100630004FF0000E013C00F3AB8014F1360FDEBF2B
:10064000002001F0004170BDC4F10004203C35DA07
:100650000C341BDC04F11404C4F1200500FA05F38A
:1006600020FA04F001FA05F240EA020001F000422B
:1006700021F0004110EBD37021FA04F642EB0601A1
:100680005EEA430E08BF20EAD37070BDC4F10C04CB
:10069000C4F1200500FA04F320FA05F001FA04F28F
:1006A00040EA020001F0004110EBD37041F100017B
:1006B0005EEA430E08BF20EAD37070BDC4F1200586
:1006C00000FA05F24EEA020E20FA04F301FA05F2EE
:1006D00043EA020321FA04F001F0004121FA04F296
:1006E00020EA020000EBD3705EEA430E08BF20EA66
:1006F000D37070BD94F0000F0FD101F000464000A0
:1007000041EB010111F4801F08BF013CF7D041EA21
:10071000060195F0000F18BF704703F00046520025
:1007200043EB030313F4801F08BF013DF7D043EAF6
:100730000603704794EA0C0F0CEA135518BF95EAAC
:100740000C0F0CD050EA410618BF52EA4306D1D133
:1007500081EA030101F000414FF0000070BD50EA52
:10076000410606BF1046194652EA430619D094EADC
:100770000C0F02D150EA013613D195EA0C0F05D1C6
:1007800052EA03361CBF104619460AD181EA03011A
:1007900001F0004141F0FE4141F470014FF00000D2
:1007A00070BD41F0FE4141F4780170BD70B54FF06D
:1007B000FF0C4CF4E06C1CEA11541DBF1CEA1355ED
:1007C00094EA0C0F95EA0C0F00F0A7F8A4EB0504CF
:1007D00081EA030E52EA03354FEA013100F08880C6
:1007E0004FEA03334FF0805545EA131343EA12638F
:1007F0004FEA022245EA111545EA10654FEA002644
:100800000EF000419D4208BF964244F1FD0404F5FC
:10081000407402D25B084FEA3202B61A65EB030558
:100820005B084FEA32024FF480104FF4002CB6EB15
:10083000020E75EB030E22BFB61A754640EA0C0095
:100840005B084FEA3202B6EB020E75EB030E22BFD5
:10085000B61A754640EA5C005B084FEA3202B6EB16
:10086000020E75EB030E22BFB61A754640EA9C00D5
:100870005B084FEA3202B6EB020E75EB030E22BFA5
:10088000B61A754640EADC0055EA060E18D04FEA63
:10089000051545EA16754FEA06164FEAC30343EA03
:1008A00052734FEAC2025FEA1C1CC0D111F4801FD0
:1008B0000BD141EA00014FF000004FF0004CB6E7C9
:1008C00011F4801F04BF01430020B4F1FD0C88BF68
:1008D000BCF5E06F3FF6AFAEB5EB030C04BFB6EB73
:1008E000020C5FEA500C50F1000041EB045170BD66
:1008F0000EF0004E4EEA113114EB5C04C2BFD4EB93
:100900000C0541EA045170BD41F480114FF0000E16
:10091000013C90E645EA060E8DE60CEA135594EA92
:100920000C0F08BF95EA0C0F3FF43BAF94EA0C0F95
:100930000AD150EA01347FF434AF95EA0C0F7FF40A
:1009400025AF104619462CE795EA0C0F06D152EA5E
:1009500003353FF4FDAE1046194622E750EA410642
:1009600018BF52EA43067FF4C5AE50EA41047FF453
:100970000DAF52EA43057FF4EBAE12E74FF0FF3CB8
:1009800006E000BF4FF0010C02E000BF4FF0010C89
:100990004DF804CD4FEA410C7FEA6C5C4FEA430C02
:1009A00018BF7FEA6C5C1BD001B050EA410C0CBF51
:1009B00052EA430C91EA030F02BF90EA020F0020B3
:1009C000704710F1000F91EA030F58BF994208BF1A
:1009D00090422CBFD8176FEAE37040F001007047D7
:1009E0004FEA410C7FEA6C5C02D150EA013C07D12E
:1009F0004FEA430C7FEA6C5CD6D152EA033CD3D079
:100A00005DF8040B704700BF8446104662468C4672
:100A10001946634600E000BF01B5FFF7B7FF0028A5
:100A200048BF10F1000F01BD4DF808EDFFF7F4FFCE
:100A30000CBF012000205DF808FB00BF4DF808ED59
:100A4000FFF7EAFF34BF012000205DF808FB00BF7C
:100A50004DF808EDFFF7E0FF94BF012000205DF89E
:100A600008FB00BF4DF808EDFFF7CEFF94BF012053
:100A700000205DF808FB00BF4DF808EDFFF7C4FF4C
:100A800034BF012000205DF808FB00BF4FEA410C95
:100A90007FEA6C5C02D150EA013C0AD14FEA430C78
:100AA0007FEA6C5C02D152EA033C02D14FF00000B5
:100AB00070474FF0010070474FEA410212F50012F3
:100AC00015D211D56FF47873B3EB625212D94FEA95
:100AD000C12343F0004343EA505311F0004F23FA7F
:100AE00002F018BF404270474FF00000704750EAD4
:100AF000013005D111F0004008BF6FF00040704791
:100B00004FF00000704700BF4A0011D212F50012EA
:100B100011D20DD56FF47873B3EB62520ED44FEA55
:100B2000C12343F0004343EA505323FA02F07047D5
:100B30004FF00000704750EA013002D14FF0FF3013
:100B400070474FF0000070474FEA4102B2F1E043B6
:100B500024BFB3F5001CDCF1FE5C0DD901F0004CA4
:100B60004FEAC0024CEA5070B2F1004F40EB8300F4
:100B700008BF20F00100704711F0804F21D113F120
:100B80003872BCBF01F00040704741F480114FEA59
:100B90005252C2F11802C2F1200C10FA0CF320FAE2
:100BA00002F018BF40F001004FEAC1234FEAD323FF
:100BB00003FA0CFC40EA0C0023FA02F34FEA430369
:100BC000CCE77FEA625307D150EA01331EBF4FF0F2
:100BD000FE4040F44000704701F0004040F0FE400D
:100BE00040F40000704700BF0348044B834202D02A
:100BF000034B03B118477047CC010020CC01002003
:100C0000000000000548064B1B1AD90F01EBA30199
:100C1000491002D0034B03B118477047CC010020A4
:100C2000CC0100200000000010B5064C237843B929
:100C3000FFF7DAFF044B13B10448AFF30080012340
:100C4000237010BDCC0100200000000004D2000879
:100C500008B5054B1BB105490548AFF30080BDE859
:100C60000840FFF7CFBF00BF00000000D001002008
:100C700004D2000808B5012007F0B2F84FF4C060B4
:100C800007F084F840F2026007F080F840F2036059
:100C900007F07CF840F2046007F078F84FF4A060A9
:100CA00007F074F840F2015007F070F840F2197044
:100CB00007F06CF840F20E7007F068F840F20F7021
:100CC00007F064F840F20B6007F060F840F209604A
:100CD00007F05CF840F20A6007F058F840F20F6045
:100CE00007F054F8BDE8084040F2117007F04EB824
:100CF00070B505F063FFFFF7BDFF00F02FFA02F0BB
:100D000069FB02F0D3FA00F03DFC02F081FA02F038
:100D1000A7FA00F0CFFA00F0BBFB03F035FCC548A2
:100D200009F0F0F9C44809F0EDF90123002202218D
:100D3000C24809F07FF9C248062105F025FDC048E8
:100D400005F00CFE002800F0AC81BE4DBE4C6B6976
:100D5000D4ED027A013304BF00236B612B690133A8
:100D600008BF0023F4EE677A08BF2B61F1EE10FA9A
:100D700080F19481BFEE007AF4EE477AF1EE10FA3A
:100D800000F08C81D4ED037AF4EE677AF1EE10FA7C
:100D900080F18181BFEE007AF4EE477AF1EE10FA2D
:100DA00000F07981D4ED067AF4EE677AF1EE10FA6C
:100DB00080F16E81BFEE007AF4EE477AF1EE10FA20
:100DC00000F066816B68D4ED077A013304BF01231C
:100DD0006B60AB68013304BF0023AB60EB68013389
:100DE00008BF4FF47A73F4EE677A08BFEB60F1EE58
:100DF00010FA80F11B81BFEE007AF4EE477AF1EE33
:100E000010FA00F01381D4ED087AF4EE677AF1EE6F
:100E100010FA80F10881BFEE007AF4EE477AF1EE25
:100E200010FA00F00081D4ED097AF4EE677AF1EE61
:100E300010FA80F1F580BFEE007AF4EE477AF1EE19
:100E400010FA00F0ED80D4ED127AF4EE677AF1EE4C
:100E500010FA80F1E280BFEE007AF4EE477AF1EE0C
:100E600010FA00F0DA80D4ED0A7AF4EE677AF1EE47
:100E700010FA80F1CF80BFEE007AF4EE477AF1EEFF
:100E800010FA00F0C780D4ED117AF4EE677AF1EE33
:100E900010FA80F1BB80BFEE007AF4EE477AF1EEF3
:100EA00010FA00F0B380D4ED0E7AF4EE677AF1EE2A
:100EB00010FA80F1A780BFEE007AF4EE477AF1EEE7
:100EC00010FA00F09F80D4ED177AF4EE677AF1EE15
:100ED00010FA80F19480BFEE007AF4EE477AF1EEDA
:100EE00010FA00F08C80D4ED187AF4EE677AF1EE07
:100EF00010FA80F18180BFEE007AF4EE477AF1EECD
:100F000010FA79D0D4ED147A5048514EF4EE677A45
:100F1000D4ED137AF1EE10FA64BF4E4B2365F4EE74
:100F2000677AD4ED167AF1EE10FA64BF4A4BE364A7
:100F3000F4EE677AD4ED157AF1EE10FA64BF474B00
:100F4000A365F4EE677AF1EE10FA64BF444B636573
:100F500003F0B4FD00214FF44472424809F0F3F865
:100F60006A69A36AC6F8D82064202A69C6F8D42022
:100F7000B3663D4D05F044FE6421304605F030F97E
:100F80003A494FF4007206F1DC0009F029F995E8BE
:100F9000070003F0EBF9002840F08B80344800F0A4
:100FA00011FB344800F028FB00221146282006F0EF
:100FB0009BFE01220021142006F096FE0022012152
:100FC000192006F091FE00220221262006F08CFE58
:100FD000294B062101221980DA7000244FF47A701F
:100FE00005F00EFEAB880134002BF7D095E8070022
:100FF000234603F0D1F8F1E7204B236682E7204B2C
:10100000E36570E74FF07E53A3635CE74FF07E53D8
:10101000636448E71B4BA36235E7184BA36422E7E0
:10102000194B63620FE7194B2362FCE60023E3616F
:10103000E9E600BF38D3000844D3000864D30008B1
:10104000C0390020D8390020D83D0020BC3600200F
:101050009833002000004841000048C1000082424F
:10106000000082C2442E00208C330020F039002082
:10107000E8010020FC010020A83600200000A0406C
:101080000000FA430000A841000060410000FA425D
:101090000023A36196E6094BE36083E6084BA36057
:1010A00070E60849084800F06FFB084809F02AF884
:1010B0004BE6074809F026F870E700BF0000204221
:1010C00000007A44D83D0020D839002080D30008A1
:1010D000D0D3000808B514484FF4006106F07CFD39
:1010E0001248002107F082F8002211460F4807F04D
:1010F00015FA0E480022012107F010FA0B480022D1
:10110000022107F00BFA00221146084807F0A8F95F
:1011100006480022012107F0A3F9BDE80840034872
:101120000022022107F09CB900080140002C014078
:10113000024A136803431360FFF7CCBFD83E002078
:10114000014B1868704700BFD83E0020024A136860
:1011500023EA000313607047D83E002010B55048C2
:10116000012106F04DFD4F48012106F049FD4E4892
:101170004FF4A0530122182106F0D6FC4A484FF440
:1011800000630122042106F0CFFC4FF4004301224A
:101190004648102106F0C8FC44484FF4004106F0D0
:1011A00019FD43484FF420430122182106F0BCFCEE
:1011B0003F484FF480430122482106F0B5FC4FF42C
:1011C000805301223A48102106F0AEFC38484FF413
:1011D000805106F0FFFC35484FF4006302221021D5
:1011E00006F0A2FC4FF4805303223048042106F09D
:1011F0009BFC2E484FF4006106F0EEFC2B484FF4A8
:10120000E0630322182106F08FFC27480323042201
:10121000002106F089FC264801230422002106F063
:1012200083FC21480C230422002106F07DFC1F488A
:10123000F0230422002106F077FC1B48302304220F
:10124000002106F071FC4FF40053022216481021D1
:1012500006F06AFC14484FF4005106F0BDFC134838
:1012600004230122182106F05FFC082301220F4805
:10127000042106F059FC01214FF4EA1006F0C0FCED
:101280000B484FF480730222482106F04DFCBDE864
:10129000104007484FF400730322182106F044BCA5
:1012A0000010200000023000001001400008014042
:1012B000000C014070B5714888B0002106F0E0F9DB
:1012C0006F4A704B01920024042503934FF400727F
:1012D0004FF400634FF48076029204930DEB050205
:1012E0004FF4805321466548ADF81C60CDE90553A5
:1012F0008DF81E4006F0E2F92146604806F01CFA1F
:1013000021465E4806F02AFA5F4805F013FE5F4862
:1013100005F010FE4FF4803005F05AFE31465A4871
:10132000012205F065FE22465748022105F060FEC5
:1013300031465648012205F05BFE22465348022101
:1013400005F056FE2146504805F07AFE2A464E48E2
:10135000012105F07FFE01224B48022105F07AFEB3
:1013600021464A4805F06CFE2A464848012105F00E
:1013700071FE46480122022105F06CFE23462146FB
:101380004148062205F084FE23463F480F220121F2
:1013900005F07EFE23463C480722022105F078FE38
:1013A000234639480822032105F072FE23462146D0
:1013B0003648052205F06CFE234634480E220121F2
:1013C00005F066FE23462A463048022105F060FEFD
:1013D00023462E480C22032105F05AFE2A484FF4DA
:1013E0006022012105F000FF01221146264805F088
:1013F000DFFE26484FF46022012105F0F5FE0122B0
:101400001146224805F0D4FE234621461E480B22F1
:1014100005F096FE234621461C480A2205F090FE60
:1014200019484FF4E042022105F0DEFE1648012281
:10143000022105F0BDFE15484FF4E042022105F0FF
:10144000D3FE01220221114805F0B2FE0E4805F03C
:10145000B9FD0E4805F0B6FD0B4805F099FD0B48A7
:1014600005F096FD012005F0CBFB074805F098FD3F
:10147000064805F095FD08B070BD00BF00000240B1
:101480004C240140E03E002000240140002801409F
:1014900070B5384888B0042106F0F2F83649374A6A
:1014A00001914FF48063012400254FF4807603926C
:1014B000049301AA4FF480532E4806930421ADF8FB
:1014C0001C6002968DF81E50059406F0F7F8294826
:1014D000042106F031F90421264806F03FF9284896
:1014E00005F028FD22463146254805F081FD2A46B3
:1014F0002348022105F07CFD2946214805F0A0FD86
:10150000224621461E4805F0A5FD22461C48022120
:1015100005F0A0FD2B46294619480D2205F0B8FD1F
:10152000214617484FF4602205F05EFE2246214610
:10153000134805F03DFE2B46294611480D2205F0C3
:10154000FFFD0F484FF4E042022105F04DFE224618
:1015500002210B4805F02CFE094805F033FD084830
:1015600005F016FD204605F04BFB054805F018FD7B
:1015700008B070BD000402404C3C0140DC3E00203D
:10158000003C014000B585B001A9002005F082FEB5
:101590000A4805F06DFE0A484FF48072CDE9010259
:1015A0004FF4802301A90548039305F0A5FE0348E5
:1015B000022106F061F805B000BD00BF00640040E4
:1015C0000000090300B5014687B0032005F062FE64
:1015D00001A9012005F05EFE00234FF480310122B5
:1015E00001A8CDE90133CDE903318DF8142005F0D0
:1015F00015FF07B000BD00BF00B583B001460190E4
:10160000022005F047FE054A019990680860002312
:1016100006228A724B600B8103B000BDD8390020CE
:10162000F0B52DED028B1E4D83B00446F0EE608ABE
:10163000B0EE418AD5ED130A95ED141A01911020F0
:1016400004F044FC95ED161AD5ED150A0746B0EEE8
:10165000680A0C2004F03AFCD5ED030A95ED0E7AE9
:10166000D5ED117A60EEC70A064660EEA70AB0EE25
:10167000480AB1EE601A0C2004F028FC031201990C
:10168000E17203EB06137ABA3111E3730023A173FD
:10169000A28120746374A37403B0BDEC028BF0BD0F
:1016A000D83D002084B0F0B52DED028B83B00AAC9C
:1016B00084E80F009DF836309DF835709DF839208C
:1016C0009DF83760BDF833002D4C9DF838E09DF84B
:1016D0003A10D4ED140A94ED130A0F9D9FED298A58
:1016E0004FEA032C1B0943EA07170CF470631E43EF
:1016F000130240BA120903F470630B4342EA0E125C
:1017000080B210210092019304F0F4FB85ED000AF1
:10171000D4ED160A94ED150A38460C2104F0EAFBC4
:1017200085ED010AD4ED170A3046B0EE480A0C21C7
:1017300004F0E0FB85ED020AD4ED180A00980C21B4
:10174000B0EE480A04F0D6FB85ED030A94ED030AD7
:1017500094ED0E7AD4ED117A019820EE470A0C210F
:1017600020EE270AF1EE400A04F0C4FB85ED040ADE
:1017700003B0BDEC028BBDE8F04004B0704700BF81
:10178000D83D00200000000070B54FF480620C4688
:101790000546002108F0D7FC01264FF48072002195
:1017A000204608F0D0FC6E60002300224FF47A76C9
:1017B000C5E904222A60AA60EE60154ADFED156AC9
:1017C0009FED157ADFED157AA3614FF07E51E3614D
:1017D0006363E3632364124BDFF858E0DFF858C01B
:1017E0001048A1636164A2640F49236522660F4B10
:1017F0000F4AC4ED026A84ED037AC4ED087AC4F896
:1018000054E0C4F858C0E164E0656262A36270BD50
:101810000000A04000007A44000020420000FA428C
:10182000000048410000FA43000048C10000A84100
:1018300000006041000082C20000824270B50E4686
:101840001E49A0F1040E00F57F754FF0FF305EF8E1
:10185000044F4FF0000C24FA0CF3DBB2584008227E
:1018600040F300030B40013A83EA5000F8D10CF139
:10187000080CBCF1200FEED17545E8D10F49B646F2
:1018800006F58075DEF800404FF0000C24FA0CF3EA
:10189000DBB25840082240F300030B40013A83EAD0
:1018A0005000F8D10CF1080CBCF1200FEED10EF174
:1018B000040EAE45E6D1C04370BD00BF2083B8ED35
:1018C0000368012B00F22C8243687F2B00F22882F0
:1018D00083687F2B00F22482C368DE4A013B934277
:1018E00000F21E820369DFF8A4C34FF6FF721344AF
:1018F000634500F2158243691A44624500F2108282
:10190000D1ED027A9FEDD47AF0EEE76AF4EE476A01
:10191000F1EE10FA00F20482DFEDDD6AF4EEE67A11
:10192000F1EE10FAC0F2FC81DFEDCC6AF4EEE67A5B
:10193000F1EE10FA00F2F481D1ED037AF0EEE76AED
:10194000F4EE476AF1EE10FA00F2EA819FEDC47AF4
:10195000F4EEC77AF1EE10FAC0F2E2819FEDC17A9F
:10196000F4EEC77AF1EE10FA00F2DA81D1ED064A10
:10197000DFEDB96AB0EEE47AB4EE667AF1EE10FA11
:1019800000F2CE81F5EEC04AF1EE10FAC0F2C88145
:101990009FEDB57AF4EEC74AF1EE10FA00F2C0817D
:1019A00091ED077AB0EEC76AB4EE666AF1EE10FA0E
:1019B00000F2B681B5EEC07AF1EE10FAC0F2B08155
:1019C0009FEDB36AB4EEC67AF1EE10FA00F2A88188
:1019D00091ED087AB0EEC76AB4EE666AF1EE10FADD
:1019E00000F29E81F7EE006AB4EEE67AF1EE10FAAC
:1019F000C0F29681DFED9D6AB4EEE67AF1EE10FA60
:101A000000F28E8191ED095ADFED936AB0EEC57A4E
:101A1000B4EE667AF1EE10FA00F282819FED907AD0
:101A2000B4EEC75AF1EE10FAC0F27A819FED907AC7
:101A3000B4EEC75AF1EE10FA00F2728191ED0A7A13
:101A4000B0EEC76AB4EE666AF1EE10FA00F2688191
:101A5000B7EE006AB4EEC67AF1EE10FAC0F2608119
:101A60009FED846AB4EEC67AF1EE10FA00F2588166
:101A700091ED0D7AB0EEC76AB4EE666AF1EE10FA37
:101A800000F24E81B5EEC07AF1EE10FAC0F2488154
:101A9000DFED7F6AB4EEE67AF1EE10FA00F24081F3
:101AA000D1ED0E6A9FED6C7AB0EEE66AB4EE476A4D
:101AB000F1EE10FA00F234819FED6F6AF4EEC66A1F
:101AC000F1EE10FAC0F22C81B2EE046AF4EEC66AAE
:101AD000F1EE10FA00F22481D1ED0F6AB0EEE66A61
:101AE000B4EE476AF1EE10FA00F21A81F5EEC06A20
:101AF000F1EE10FAC0F214819FED606AF4EEC66A4E
:101B0000F1EE10FA00F20C81D1ED106AB0EEE66A47
:101B1000B4EE476AF1EE10FA00F20281F5EEC06A07
:101B2000F1EE10FAC0F2FC809FED556AF4EEC66A41
:101B3000F1EE10FA00F2F480D1ED116AB0EEE66A2F
:101B4000B4EE476AF1EE10FA00F2EA809FED4D7AAA
:101B5000F4EEC76AF1EE10FAC0F2E2809FED477A28
:101B6000F4EEC76AF1EE10FA00F2DA80D1ED126AF3
:101B70009FED397AB0EEE66AB4EE476AF1EE10FAFC
:101B800000F2CE809FED366AF4EEC66AF1EE10FAEE
:101B9000C0F2C680B3EE046AF4EEC66AF1EE10FA43
:101BA00000F2BE80D1ED135AF0EEE56AF4EE476A1A
:101BB000F1EE10FA00F2B480DFED336AF4EEE65A8B
:101BC000F1EE10FAC0F2AC80F5EEC05AF1EE10FA68
:101BD00000F2A68091ED146AF0EEC66AF4EE476A50
:101BE000F1EE10FA00F29C80B5EEC06AF1EE10FA48
:101BF000C0F296809FED214AB4EEC46AF1EE10FA6D
:101C000000F28E80D1ED156AB0EE473AB0EEE67A7A
:101C1000B4EE437AF1EE10FA00F282809FED1A7A68
:101C2000F4EEC76AF1EE10FA7ADBF5EEC06AF1EE77
:101C300010FA75D891ED167AF0EEC73AF4EE433A01
:101C4000F1EE10FA6CD8B5EEC07AF1EE10FA67DB5F
:101C500020E000BF9F860100FFFF7F7F0000FA4465
:101C6000CDCCCC3D00007042000004420000164381
:101C7000000020420000804217B7D13800007A44AB
:101C80000050C3476F12833A00007AC4FEFF010080
:101C90000000C842B4EEC47AF1EE10FA40D8D1ED9B
:101CA000173AF0EEE32AF4EE432AF1EE10FA37D8B1
:101CB000F5EEC03AF1EE10FA32DBF4EEC43AF1EE92
:101CC00010FA2DD891ED184AF0EE433AB0EEC43A2E
:101CD000B4EE633AF1EE10FA22D8B5EEC04AF1EE56
:101CE00010FA1DDB5FED163AB4EEE34AF1EE10FA9E
:101CF00016D8F4EEE47AF1EE10FA11DBF4EEC57AC0
:101D0000F1EE10FA0CDBF4EEC65AF1EE10FA07D53C
:101D1000F4EEC76AF1EE10FA4CBF012000207047C4
:101D20000020704730B5DFF83CC083B06045069DA9
:101D3000079C02D0002003B030BD0229FAD1B2F5D1
:101D4000A07FF7D1214628460193FFF777FD019B3D
:101D50009842EFD12146284603B0BDE83040FFF756
:101D6000AFBD00BF4154484E401A0028D4BF0020E8
:101D70000120704740B12AB15B1A002BD4BF00206C
:101D8000012070471046704782420CBF4FF0FF3071
:101D90000120704711B10AB1082B01D00020704713
:101DA000009BC01AB3F5006FB0FA80F04FEA5010F4
:101DB00028BF0020704700BF431E00F1060C13F837
:101DC000012FFF2A09D16345F9D1C279131DDBB276
:101DD000022B02D80A70012070470020704700BF14
:101DE00038B5C0F30D0444F4804440F44045204627
:101DF0000BF0C2F9002814BF2846204638BD00BFAA
:101E0000084310B5C0F30D0420460BF0B5F944EAC1
:101E1000C03080B210BD00BF10B504460BF0ACF965
:101E200028B914F4804F18BF6FF0010010BD4FF0B7
:101E3000FF3010BDC0F30D00C1F30D01401AB0F525
:101E4000005F03DDA0F5804000B2704710F5005F31
:101E5000B8BF00F5804000B2704700BF0378A52BE3
:101E600029D143785A2B26D18378012B23D110B561
:101E700083790C46CBB9DFF84CE0421E811D00236C
:101E800012F801CF83EA0C0391421EF80330F7D118
:101E9000C2799A4212D1C37823700379637043796F
:101EA000A3708379E370002010BDC378072BE2D0C4
:101EB0004FF0FF3010BD4FF0FF3070476FF0010062
:101EC00010BD00BF20D2000890F800C06CF07F0C5D
:101ED00083F800C090F801C083F801C08078987042
:101EE0004FEA122CD970100C110E1A7183F805C02C
:101EF0009871D971704700BF164B1B7803B97047B2
:101F000030B5154C237883B0DBB2CDE900310546FE
:101F100004F08EFE009B114A019903EB430C4FEA3B
:101F20008C0E013342F80E0002EB8C0203F01F030B
:101F30000B4815719160237003781F2B04D8037828
:101F40000133037003B030BD064A136801331360D8
:101F500003B030BDFA3E0020F93E0020FC3E0020D8
:101F6000F83E0020F43E00202DE9F0418A4C016843
:101F7000236840F201720133914288B0236006D198
:101F8000037A23B9437A13B9827A082A05D0A36861
:101F90000133A36008B0BDE8F08102A90B300093C3
:101FA000FFF75CFF18B1E3680133E360F2E704F088
:101FB0003FFE7A49009B0A68821A132A844640F23F
:101FC0003C8162680860013262609DF80820062A40
:101FD00000F01482072A00F03881032A01F2AA8057
:101FE000DFE802F0A59B19029DF80A100F2900F204
:101FF000A380DFE811F002010001FE00FC00FA00FE
:10200000F800F600F400A100F000EC00E800E400A5
:10201000E000A100DD009DF80A207A2A00F28C8001
:10202000DFE812F0FB07F407ED07950790078C0730
:1020300079028A008A0005012F082B0824081D0850
:1020400013080B0806080108820778078A008A002F
:102050008A008A00FF00F100EE007302F100FF0029
:10206000EE008A008A008A008A008A008A008A00BC
:102070008A008A008A008A008A008A008A008A0010
:102080008A008A008A008A008A008A008A008A0000
:102090008A008A002C042604FF006A0863085B0893
:1020A00053084B0843083B0833087007680760076C
:1020B00058075007480740071D0715070D07050774
:1020C000FD06F506ED06E506DB0685066A063B0617
:1020D0002006EA05E005CE05B30580053E051A0594
:1020E000FF04E704DC04D004B5040A04F003CA03C7
:1020F00092037203580332031803F202DB02C80290
:10210000AE029402880285027D02A60405019D04A8
:102110007F0473043A043204D5009DF80A100429A0
:1021200001F20580DFE801F0423432302E009DF8E4
:102130000A20002A00F07281012321690131002266
:10214000216103A90220CDE9003205F0A3F80023A4
:102150000493ADF8143040F2817303930823DDE952
:10216000001202A88DF816300DF11703FFF7ACFE30
:102170000B4803A905F0CCF9032862D0A369013309
:10218000A36107E7074ADCE7074ADAE70F22D8E747
:102190004FF48032D5E700BF84400020F03E00209D
:1021A0000064004001E8030001D1E0A79C4AC8E7B1
:1021B0009C4A1268C5E79C4AD2F80823C1E79A4AAC
:1021C000D2F80423BDE7984AD2F80023B9E7974A2A
:1021D000D2F8FC22B5E7944AD2F8FC22B1E7E269D2
:1021E000AFE7A269ADE76269ABE72269A9E7E268F8
:1021F000A7E7A268A5E76268A3E722680B46A0E705
:1022000040F215429DE78A4A9FED8A7AD2ED037A21
:1022100089498A4AB4EEE77AF1EE10FAB8BF0A4665
:102220008FE7009301F080FC009B024689E77F491D
:102230000A89C96842EA014283E76369013363613D
:10224000A8E6E3690133E361A4E69DF80A20013AB8
:102250000B2A00F26F87DFE812F0CA00C200BA0052
:102260009900A6008F00790061004C003700210022
:102270000C0073489DF80B2001788A42BFF45CAFD4
:102280007049097800782031091A0A446E4902F031
:102290001F020C2000FB0212926852E768489DF86A
:1022A0000B2001788A42BFF447AF6649097800786D
:1022B0002031091A0A44644902F01F020C2000FB75
:1022C00002121279D2B23CE75D489DF80B200178EA
:1022D0008A42BFF431AF5B49097800782031091A8E
:1022E0000A4402F01F020C20574900FB02F28A58F0
:1022F00027E75449524800220A70544902700A6084
:10230000534A1278007842EA00220868B0F5803F0C
:1023100036BF09684F4909040A4312E74C4A4FF097
:10232000000C82F800C01178002940F0AA804448CF
:1023300046491278007842EA00220868B0F5803FEA
:1023400036BF0968434909040A43FAE6404A3C4853
:10235000012111701178002940F088803B491278E2
:10236000007842EA00220868B0F5803F36BF09686D
:10237000384909040A43E4E63748028882B11B2140
:10238000009303F0B1FC009B0122DAE69DF80B20DC
:10239000013AD2B2132A03D82F4A1288002A7AD0DF
:1023A00002230022CDE62C4A11880029F8D100939F
:1023B000FEF7C6FE0028F3D11B4991F8DD12002973
:1023C000EED025487A2103F08FFC009BDCE7224801
:1023D0000093652103F088FC009B0322B1E61E48B0
:1023E00000936D2103F080FC009B0222A9E61A48AD
:1023F00000931B2103F078FC009BC5E7174A9DF86A
:102400000910174C174B11701748C4F800C001226F
:102410004FF400611A7005F0DDFBBBE5004A90E661
:102420004154484EA440002098330020BC36002080
:10243000D83D002000002042A0008002A000C00281
:10244000F83E0020F93E0020FC3E0020F43E002033
:10245000FA3E00200000FFFFA83600208040002048
:102460007C4000208140002000080140C349C44D49
:102470004FF0000C85F800C080F800C0C1F800C023
:102480006DE7BF49BF4881F800C0BC4980F800C073
:10249000C1F800C04DE70093FEF752FE00287FF41C
:1024A0007FAFB94A9288002A7FF47AAFB74A92F890
:1024B000DD22002A3FF474AFB54A92F8F522002AD3
:1024C0003FF46EAF00F180404FF4805100F584304E
:1024D00005F08AFB00283FF463AF9DF80B309FEDB9
:1024E000AD7AAD4AAD4807EE903AF8EE677A6321CF
:1024F00067EE877AC2ED127A03F0F6FB9DF80B20A7
:10250000009B642101FB02F21BE6009301F0E0FC5A
:10251000009B024615E69D4AD2F8802011E69E49AE
:102520009F480093FFF78AF9009B024609E69C4A00
:10253000526906E695499A4AD1ED1A7A1268FCEE7C
:10254000E77A17EE901A42EA0142FAE5924A9FEDC5
:10255000957AD2ED0A7AF4EEC77AF1EE10FA70DAD3
:102560009FED917AF4EEC77AF1EE10FA66D99FEDFD
:102570008F7A67EE877AFDEEE77A17EE902AE0E52C
:102580008B4A9FED887AD2ED557AF4EEC77AF1EE58
:1025900010FA1FDA9FED847AF4EEC77AF1EE10FAA2
:1025A00015D99FED827A67EE877AFDEEE77A17EE0E
:1025B000902AC6E57E4A9FED7F7AD2ED5E7A67EE7D
:1025C000877AFCEEE77A17EE902A92B2B9E54FF0DF
:1025D0000042B6E56FF00042B3E5754ADFED756A7B
:1025E000D2ED5C7A92ED5D7A67EEA67A27EE267AD6
:1025F000FCEEE77ABCEEC77A17EE902A17EE101AB7
:1026000092B242EA01429CE5694A9FED667AD2EDB8
:102610005B7AF4EEC77AF1EE10FA18DA9FED627A7F
:10262000F4EEC77AF1EE10FA0ED99FED607A67EEFC
:10263000877AFDEEE77A17EE902A82E54FF00042A6
:102640007FE56FF000427CE54FF0004279E56FF0E6
:10265000004276E5564A9FED537AD2ED5A7AF4EE6F
:10266000C77AF1EE10FA2CDA9FED4F7AF4EEC77AC2
:10267000F1EE10FA22D99FED4D7A67EE877AFDEEE2
:10268000E77A17EE902A5CE5494A9FED467AD2ED4B
:10269000597AF4EEC77AF1EE10FA18DA9FED427A21
:1026A000F4EEC77AF1EE10FA0ED99FED407A67EE9C
:1026B000877AFDEEE77A17EE902A42E54FF0004266
:1026C0003FE56FF000423CE54FF0004239E56FF026
:1026D000004236E5364A9FED337AD2ED587AF4EE71
:1026E000C77AF1EE10FA2CDA9FED2F7AF4EEC77A62
:1026F000F1EE10FA22D99FED2D7A67EE877AFDEE82
:10270000E77A17EE902A1CE5294A9FED267AD2ED4A
:10271000577AF4EEC77AF1EE10FA70DA9FED227A6A
:10272000F4EEC77AF1EE10FA66D99FED207A67EEE3
:10273000877AFDEEE77A17EE902A02E54FF0004225
:10274000FFE46FF00042FCE4194A9FED167AD2EDE7
:10275000567AF4EEC77AF1EE10FA4ADA9FED127A61
:10276000F4EEC77AF1EE10FA40D99FED107A67EED9
:10277000877AFDEEE77A17EE902AE2E4F43E002035
:10278000F93E0020F83E00208C33002098330020D2
:10279000BC360020CDCCCC3DD83D0020A836002052
:1027A000D83900206C12034A6C1203CA00007A4424
:1027B0001032002000401C46C74A9FEDC87AD2ED77
:1027C000547AF4EEC77AF1EE10FA4EDA9FEDC47A3D
:1027D000F4EEC77AF1EE10FA44D99FEDC27A67EEB3
:1027E000877AFDEEE77A17EE902AAAE44FF00042CE
:1027F000A7E46FF00042A4E44FF00042A1E46FF0C0
:1028000000429EE4B84A9FEDB57AD2ED067AF4EE26
:10281000C77AF1EE10FA22DA9FEDB17AF4EEC77AB8
:10282000F1EE10FA18D99FEDAF7A67EE877AFDEED8
:10283000E77A17EE902A84E4AC4AAD491278097819
:1028400042EA0122AB490868B0F5803F36BF09680B
:10285000A94909040A4374E44FF0004271E46FF09F
:1028600000426EE44FF000426BE46FF0004268E417
:10287000009301F053F9009B024662E4009301F0DB
:1028800047F9009B02465CE49C4AD2F8F81292F8A1
:10289000F52242EA012254E498499FED997AD1ED5C
:1028A000067AF4EEC77AF1EE10FA80F236849FEDE4
:1028B000957AF4EEC77AF1EE10FA40F22B849FED90
:1028C000897A67EE877AFDEEE77A17EE902AD1EDE6
:1028D000077A9FED8B7AF4EEC77AF1EE10FA92B296
:1028E00080F214849FED877AF4EEC77AF1EE10FA45
:1028F00040F209849FED7B7A67EE877AFDEEE77AF6
:1029000017EE901A42EA01421BE47C4A9FED7E7A60
:10291000D2ED1C7A67EE877AFCEEE77A17EE902A02
:102920000FE476498A68D1F89800121AB2F5004F80
:1029300080F2FA8375488242B8BF0246C868D1F86F
:102940009C10411AB1F5004F92B280F2EA836F48B1
:102950008142B8BF014642EA0142FFF7F2BB674934
:10296000B1F89820D1F89C1042EA0142FFF7E9BB88
:102970006749684ADFF8A8C101F5007E51F8040FE5
:1029800042408E450CFB02F2F8D1FFF7DABB624AF7
:102990009FED527AD2ED127AF4EEC77AF1EE10FA88
:1029A00018DA9FED4F7AF4EEC77AF1EE10FA0DD9EE
:1029B0009FED4C7A67EE877AFDEEE77A17EE902A64
:1029C000FFF7BFBB484AD269FFF7BBBB4FF00042DD
:1029D000FFF7B7BB6FF00042FFF7B3BB42498A8DE8
:1029E000087891F82010120442EA00220A43FFF707
:1029F000A8BB3D49494A107892F801C00A7C1204EC
:102A000042EA0C22024391F8210042EA006291F866
:102A1000220091F8241042EA406242EA8162FFF704
:102A200090BB364A9FED2D7AD2ED377AF4EEC77A15
:102A3000F1EE10FA30DA9FED2A7AF4EEC77AF1EE71
:102A400010FA25D99FED277A67EE877AFDEEE77AAF
:102A500017EE902AFFF775BB284A9FED207AD2ED3A
:102A6000367AF4EEC77AF1EE10FA80F282809FEDAA
:102A70001C7AF4EEC77AF1EE10FA76D99FED197A46
:102A800067EE877AFDEEE77A17EE902AFFF759BBDB
:102A90004FF00042FFF755BB6FF00042FFF751BB0C
:102AA000164A9FED0E7AD2ED357AF4EEC77AF1EE42
:102AB00010FA56DA9FED0A7AF4EEC77AF1EE10FAC0
:102AC0004BD99FED087A67EE877AFDEEE77A17EE2D
:102AD000902AFFF736BB00BF103200206C12034A69
:102AE0006C1203CA00007A4410020020FA3E002053
:102AF000F83E0020F43E00200000FFFFBC3600201E
:102B0000681103426F1203C2002474490080FFFF62
:102B1000EC390020C59D1C81D83D0020A83600203E
:102B200093010001D24A9FEDD37AD2ED347AF4EECC
:102B3000C77AF1EE10FA24DA9FEDCF7AF4EEC77A75
:102B4000F1EE10FA19D99FEDCD7A67EE877AFDEE96
:102B5000E77A17EE902AFFF7F4BA4FF00042FFF73A
:102B6000F0BA6FF00042FFF7ECBA4FF00042FFF707
:102B7000E8BA6FF00042FFF7E4BA4FF00042FFF707
:102B8000E0BA6FF00042FFF7DCBAB94A9FEDB97ABC
:102B9000D2ED337AF4EEC77AF1EE10FA1EDA9FED39
:102BA000B67AF4EEC77AF1EE10FA13D99FEDB37A44
:102BB00067EE877AFDEEE77A17EE902AFFF7C1BA43
:102BC000AF49D1F83C2CD1F82C1C92B242EA014218
:102BD000FFF7B7BA4FF00042FFF7B3BA6FF0004209
:102BE000FFF7AFBAA649D1F8342CD1F8381C92B20D
:102BF00042EA0142FFF7A5BA9D499FEDA27AD1EDC5
:102C0000057AF4EEC77AF1EE10FA72DA9FED9E7A49
:102C1000F4EEC77AF1EE10FA69D99FED987A67EE73
:102C2000877AFDEEE77A17EE902AD1ED067A9FEDCE
:102C3000957AF4EEC77AF1EE10FA92B254DA9FED7B
:102C4000927AF4EEC77AF1EE10FA4BD99FED8B7AB7
:102C500067EE877AFDEEE77A17EE901A42EA0142B4
:102C6000FFF76FBA824A9FED837AD2ED117AF4EEC4
:102C7000C77AF1EE10FA31DA9FED7F7AF4EEC77A77
:102C8000F1EE10FA26D99FED7D7A67EE877AFDEE98
:102C9000E77A17EE902AFFF754BA754A9FED757AD6
:102CA000D2ED2A7AF4EEC77AF1EE10FA80F2918032
:102CB0009FED717AF4EEC77AF1EE10FA40F285805A
:102CC0009FED6E7A67EE877AFDEEE77A17EE902A2F
:102CD000FFF737BA4FF00042FFF733BA6FF0004208
:102CE000FFF72FBA6949B9E747F6FF71B6E7674AB8
:102CF0009BE747F6FF7298E7654A9FED5E7AD2ED53
:102D0000037AF4EEC77AF1EE10FA5ADA9FED5A7AA6
:102D1000F4EEC77AF1EE10FA4FD99FED587A67EECC
:102D2000877AFDEEE77A17EE902AFFF70ABA00934A
:102D300001F0CEF8574A9288151E4D4A92F8F522B6
:102D400018BF0125161E544A92F8DD22804618BF8E
:102D500001264FF40061171E504818BF012704F0E8
:102D600049FF011E4648D0F8442CC2F3C03CD0F8BD
:102D7000202CD0F8203CD0F820EC4FEA821202F050
:102D800040020EF4807E42EA0E0242EA450242EA26
:102D9000860242EAC702C3F3001042EA4C1242EA3A
:102DA000C01218BF0121B8F1000F18BF42F0010294
:102DB000009B42EA0112FFF7C4B94FF00042FFF74F
:102DC000C0B96FF00042FFF7BCB94FF00042FFF707
:102DD000B8B96FF00042FFF7B4B93149CA78487802
:102DE0000978120442EA00220A43FFF7AAB90E202A
:102DF000009300F0B5FE009B0246FFF7A2B90D203C
:102E0000009300F0ADFE009B0246FFF79AB90C203C
:102E1000009300F0A5FE009B0246FFF792B90B203D
:102E2000009300F09DFE009B0246FFF78AB90A203E
:102E3000009300F095FE009B0246FFF782B909203F
:102E4000009300F08DFE009B0246FFF77AB9082040
:102E5000009300F085FE009B0246FFF772B9072041
:102E6000009300F07DFE009B0246FFF76AB900BFA9
:102E7000BC3600206C12034A6C1203CA00007A446C
:102E800000200140681103426F1203C20080FFFF5F
:102E9000D83D00208C3300209833002000080140EA
:102EA000A83600200620009300F05AFE009B024640
:102EB000FFF747B90520009300F052FE009B024641
:102EC000FFF73FB90420009300F04AFE009B024642
:102ED000FFF737B90320009300F042FE009B024643
:102EE000FFF72FB90220009300F03AFE009B024644
:102EF000FFF727B90120009300F032FE009B024645
:102F0000FFF71FB90020009300F02AFE009B024645
:102F1000FFF717B98949D1F83C2CD1F82C1C92B293
:102F200042EA0142FFF70DB98449D1F8342CD1F8B7
:102F3000381C92B242EA0142FFF703B9804A926F0D
:102F4000FFF7FFB87E4AD2F8E022FFF7FAB84FF455
:102F500080517C48009304F047FE4FF40061064620
:102F6000784804F047FE031E74487749D0F8442C93
:102F7000C2F3C035D1F81824D1F818E4D1F81814E8
:102F8000C1F3800CD0F8201C4FEA42124FEA012115
:102F900001F4807102F0200242EA0102684991F8CE
:102FA000DD1218BF0123003918BF012142EA430294
:102FB00042EAC1026549009B91F8F512003918BF39
:102FC000012142EA0112CEF3400E42EA850242EAB2
:102FD0008E1242EACC12D0F820CCD0F8201CCCF3D0
:102FE000001042EA4022C1F3002142EA8122002E71
:102FF00008BF42F0010242F00042FFF7A2B800937E
:10300000FEF79EF8009B0246FFF79BB8009303F083
:103010000FFE009B0246FFF794B84C491346D1F8C7
:10302000F822FFF78EB8494AD2F8B420FFF789B8E2
:10303000454AD2F81824FFF784B8414991F8DE22B6
:1030400052B1D1F8E622FFF77CB8414AD188128903
:1030500042EA0142FFF775B80323FFF772B83C4A12
:103060005188928842EA0142FFF76BB8384A518989
:10307000128842EA0142FFF764B8354AD268FFF786
:1030800060B8324A128AFFF75CB80520009300F05E
:103090005DFD009B0246FFF754B80420009300F04A
:1030A00055FD009B0246FFF74CB80320009300F04B
:1030B0004DFD009B0246FFF744B80220009300F04C
:1030C00045FD009B0246FFF73CB80120009300F04D
:1030D0003DFD009B0246FFF734B80020009300F04E
:1030E00035FD009B0246FFF72CB8009300F028FD49
:1030F000009B0246FFF725B8009300F01BFD009BE4
:103100000246FFF71EB81349FFF7FCBB47F6FF71F5
:10311000FFF7F8BB0F4AFFF7DABB47F6FF72FFF77E
:10312000D6BB47F6FF7116E447F6FF7206E4134676
:10313000FFF703B80423FFF700B800BF00200140E9
:10314000983300200008014000600040BC36002099
:10315000E03E00200080FFFFF0B5244C227887B0CD
:103160000AB907B0F0BD03F063FD214A1268801A66
:103170000928F6D91F4B204A5968157818681A890A
:1031800000F04CFE1B4B074659681A89186800F07E
:1031900055FE4FF400610646184804F01DFD4FF03F
:1031A00000012170022001A904F074F84FF0000022
:1031B000ADF80C00ADF8020040F2817001900820DB
:1031C0008DF80E00062047EA06420DF10F038DF838
:1031D0000000002168468DF80150FEF775FE01A938
:1031E000074804F095F907B0F0BD00BF814000200A
:1031F0007C4000208C3300208040002000080140EB
:1032000000640040014B1878704700BF81400020E7
:1032100000B5114889B004F08FFE9FED0D7B4FF48F
:1032200000724FF4827100234FF40060CDE9001367
:10323000CDE9020218236946074806938DED047B09
:1032400004F0A8FE044804F0BFFE09B000BD00BFB2
:1032500000000000010000000038004000000000F5
:1032600000B5114889B004F067FE9FED0D7B4FF467
:1032700000724FF4827100234FF40060CDE9001317
:10328000CDE9020210236946074806938DED047BC1
:1032900004F080FE044804F097FE09B000BD00BFB2
:1032A0000000000001000000003C004070B54848EC
:1032B0008CB004F09BFE08A8002404F00DFF01254B
:1032C0004FF400134FF4FA6208A9414808930A9298
:1032D00009948DF82C5004F007FF3D4805F05EF985
:1032E00021463B4805F044F92946394805F048F99C
:1032F000374804F051FF01A804F082FF022601AA1A
:10330000214633480394CDE9015604F07FFF21465E
:103310002F48602205F07CF821462D48042205F054
:10332000D5F821462A48082205F0A8F82246214669
:10333000274805F095F801AA2946254804F066FFBC
:1033400029462348602205F063F8294620480422D4
:1033500005F0BCF829461E48082205F08FF82246E1
:1033600029461B4805F07CF801AA3146184804F0AC
:103370004DFF31461648602205F04AF831461448A0
:10338000042205F0A3F831461148082205F076F82A
:10339000224631460E4805F063F804A804F00AFFFF
:1033A0004FF0005304A90A480694CDE90443ADF850
:1033B0001C4004F005FF2146054804F017FF29468C
:1033C000034804F0EFFE024804F0E0FE0CB070BDCC
:1033D000002C014008B50D4805F0E6F80B484FF405
:1033E000E13105F02DF90948042105F069F90821BA
:1033F000064805F05FF9054805F056F9BDE80840B4
:10340000024840F2053105F071B900BF00440040A8
:1034100038B50546E9B20C4805F058F941F2010407
:1034200001E0013C07D00848072105F057F90028C2
:10343000F7D0284638BD054A13684FF0FF350133F1
:103440001360284638BD00BF00440040A44000205F
:10345000F0B52DED028B9B4D1446002285B02A60FD
:103460000E46217C0746002900F08480E168DFEDEC
:10347000966A5B1A07EE903AF8EEE77AB7EE007AB2
:1034800067EEA67AF4EEC77AF1EE10FAC4ED057A8B
:103490007AD4F0EE006AF4EEE67AF1EE10FA00F17A
:1034A0008F8004F54053A168D0ED037A94ED068A2D
:1034B000C3F85411D6F8A410C3F85C11F16BC3F82B
:1034C0006011316CC3F86411316DC3F86811716D0E
:1034D000C3F86C1137EEC88AB16DC3F87011F16D85
:1034E000C3F87411B0EEC88A316EC3ED547A83ED1F
:1034F000568AC3F878113046F0EE678A01F066FB11
:10350000DFED727AB4EE678AF1EE10FA0DD8DFEDD6
:10351000707AB4EEE78AF1EE10FA06D4DFED6D7A38
:10352000B4EEE78AF1EE10FA62DD304601F04EFBB0
:10353000DFED697A68EE277A40F20112FDEEE77A54
:1035400000230120A4F82120237017EE901A84F89C
:1035500024000A20FEF7D0FC18EE100AFCF7A4FFA6
:1035600002465E480B4605B0BDEC028BBDE8F0405C
:1035700006F060BD5A48029306F0C4FD0122029B8A
:1035800022740022E360626104F5005202F5496092
:1035900002F6984200235349A360036013608A6CCB
:1035A000C6F8A42004F53051C6F8A83034313046AE
:1035B00001F088FBFB68A36105B0BDEC028BF0BD98
:1035C00077EEC77A9FED487A04F5325367EE877A33
:1035D00004F53051103334313046C4ED027AC3ED76
:1035E000007A05B0BDEC028BBDE8F04001F06ABB8B
:1035F0009FED3D0A80EE080A09F058FD431E142B8A
:1036000007464FF000023DD82070D4ED067AF4EE64
:10361000E87AF1EE10FA2ED5344884F8202006F02E
:1036200071FD2178324806F005FDA069FCF73CFFEA
:1036300002460B4618EE900ACDE90223FCF734FF50
:10364000DDE90223CDE900012A4806F0F3FC94F8F5
:1036500020302B602378234907EE903AF8EE677A02
:1036600000220123C1ED0A7A227484F8213005B0CA
:10367000BDEC028BF0BD012384F820301E4806F01B
:1036800041FDCEE7304601F0A1FA40F201130022DD
:103690000121A4F82130227084F824100A20394630
:1036A000FEF72AFC18EE100AFCF7FEFE024613484D
:1036B0000B46394605B0BDEC028BBDE8F04006F084
:1036C000B9BC00BFD8390020D1CB0B38FFFF7F7FBA
:1036D000CDCC4C3EE4CB164100007A443CD40008EB
:1036E00018D40008D83D0020DB0FC940B8D400082A
:1036F000E8D40008FCD40008D0D4000878D400082E
:103700002DE9F041C24E96ED0A7A2DED028BF3EED3
:10371000057AB4EEE77AF1EE10FA84B000F3128184
:103720001D46137C14460F468046002B00F0D880BF
:10373000D3689FEDB87AEB1A07EE903AF8EEE77A85
:10374000B7EE006A67EE877AF4EEC67AF1EE10FA09
:10375000C2ED057A00F1D2809FEDAF8A96ED0A7A2C
:1037600067EE085AC5EE886A76EE866AF4EEE67A67
:10377000F1EE10FA78D4DFEDA96A27EE267AC7EECB
:10378000086A36EE867AF4EEC77AF1EE10FA00F1A6
:10379000E280084601F01AFAD6ED0A7ABDEEE77A21
:1037A00017EE103A002B40F3928104EB432303F110
:1037B000300204F13001002351F8040F9142034418
:1037C000FAD107EE103AB8EEC77A9FED956A656BAD
:1037D0009FED938ADFED938A27EE866AD5F58035D3
:1037E000C7EE066A48BF05F2FF156D120027FDEE11
:1037F000E66AC4ED076A07EE107AF8EEC75A67EE7C
:10380000886A65EEA75A6FF03F0265EE885A00217C
:1038100065EEA85AB7EE005A13E036EEC56AB4EE6C
:10382000C76AF1EE10FA03D537EE667AFDEEC77A75
:1038300017EE903A04EB830301325B6B402A194484
:1038400033D007EE902AF8EEE77A77EEA57AFDEE10
:10385000E77A17EE903A002BB8EEE77ADDDA37EE2A
:10386000267AFDEEC77AE3E7D2ED027A9FED6E7A13
:1038700077EE877A02F53253084602F53051C2EDF1
:10388000027A3431C3ED047A01F01CFA94ED057A22
:10389000D4ED0C7AB4EEE77AF1EE10FA00F3D080B2
:1038A00004B0BDEC028BBDE8F0810029B8BF7F31C8
:1038B0007F2D4FEAE1122946C8BFA5F18001E069DA
:1038C00001F68C2304EB8303121A5A605748013720
:1038D00006F0B0FB802F2BD0D6ED0A7A01358AE7AF
:1038E0005348039306F00EFC039BA38500236361FA
:1038F000012323744FF07E53E560236304F53253B4
:103900000022A2601A61B06CC7F8A40004F530511F
:10391000C7F8A8203431384601F0D4F9D8F80C2083
:103920006369A261236304B0BDEC028BBDE8F08142
:1039300000220123227484F8223004B0BDEC028BF3
:10394000BDE8F0813B48152104B0BDEC028BBDE819
:10395000F04106F06FBBD2ED027A9FED337A77EE3D
:10396000C77A0846C2ED027AB36CC1F8A4300023CE
:10397000C1F8A83002F5325302F53051C3ED047A94
:10398000343101F09FF994ED057AD4ED0C7AB4EE60
:10399000E77AF1EE10FA83DDA78D002F80D096ED47
:1039A0000A7AD4ED027ADFED256AD8F87430A0687F
:1039B00027EE087A67EEA66AC6EE877AFDEEE77A0A
:1039C00017EE902A9B1ADD1305F480351D4404EB95
:1039D0008703CDED037A596B0D4405EBD5756D105A
:1039E0005D63FCF761FD2B46CDE90001039A1248A7
:1039F000394606F01FFBD4ED0C7A9FED0A7AA38DB1
:103A000077EE877A013BA385C4ED0C7A48E700BFC7
:103A1000D83D0020D1CB0B38DB0FC940DB0F49412B
:103A2000000000430000003C5F975B3980D5000830
:103A300048D5000818D5000870D500080000804758
:103A400094ED026A96ED0A7A5FED046AD8F8743054
:103A5000A78D66EE266A27EE087A16EE100AC6EEE5
:103A6000877AFDEEE77A17EE902A9B1ADD1305F4AC
:103A700080351D4404EB8703CDED037A5D63FCF7CD
:103A800013FD2B46CDE90001039A1248394606F092
:103A9000D1FA9FED116A94ED0C7ADFED106AA38DD7
:103AA00037EE067AFFEE007A84ED0C7A96ED0A6A1C
:103AB00007EE103AE6EE267AB8EEC77AB4EE677AE9
:103AC000F1EE10FA3FF4ECAE0133A385E8E69FED8A
:103AD000047A7AE670D500080000003C000000433C
:103AE00000000000024B1878003818BF0120704712
:103AF0000C410020044B1B7823B1044A136843F0A7
:103B000001031360704700BF0C41002008410020F2
:103B1000014B1868704700BF08410020014B18682E
:103B2000704700BF04410020014B1868704700BF78
:103B300000410020014B1868704700BFFC40002086
:103B4000014B1868704700BFF840002005289DBF52
:103B5000024B33F8100080B200207047EC40002088
:103B60000E289ABF024B53F820000020704700BF78
:103B7000B0400020024B1878003818BF0120704771
:103B8000AC400020014B01229A637047B0400020F6
:103B900070B504464FF6FF7384B0374821806380C8
:103BA0004FF48051164604F017F800230393039B4B
:103BB0003F2B06D800BF039B01330393039B3F2B8E
:103BC000F8D940F6010501E0013D40D02B48022123
:103BD00004F006FA0028F7D02188284804F0FAF902
:103BE00040F6010501E0013D40D02448012104F0E8
:103BF000F7F90028F7D0214804F0EEF940F6010566
:103C0000608001E0013D34D01C48802104F0E8F9D7
:103C10000128F7D000230293029B3F2B4FF00005B1
:103C20001CD915484FF4805103F0D4FF00230193B1
:103C3000019B3F2B06D800BF019B01330193019BE1
:103C40003F2BF8D963883380284604B070BD4FF00D
:103C5000FF3500230293029B3F2BE2D800BF029B5B
:103C600001330293029B3F2BF8D9DAE76FF001058D
:103C7000EFE76FF00205ECE7000C01400038004070
:103C800070B582B000230DF102024FF40041ADF88F
:103C90000230ADF80430ADF806300446FFF778FF87
:103CA0004FF40841064601AA2046FFF771FF4FF482
:103CB000084105460DF106022046FFF769FF46EA76
:103CC0000503034304D0064A136843F0040313605A
:103CD000BDF80600BDF8043043EA004002B070BDF4
:103CE0000841002028B108B5FFF7CAFF014B586012
:103CF00008BD7047B04000202DE9F04F002787B085
:103D000003ACCDE9037701943A4EDFF80CA13A4CAD
:103D1000059780464FF001090DF10E0B14F8015B79
:103D2000364BADF80A7043EAC5250DF10A02A9B277
:103D30004046FFF72DFF002849D0326842F00402C8
:103D40004FF000093260A2450BF1020BE6D1019C55
:103D50002B48002334F8022B20F813200133062BC4
:103D6000F8D12849DDF80E30C8F806300B60264936
:103D7000DDF81240BDF80E20BDF810000C60234C99
:103D8000BDF8161021600243BDF81230BDF8144092
:103D900025D1C3F30A03A02B21D11D4B9FED1D7A22
:103DA000D3ED037AB4EEE77AF1EE10FAACBF4FF43C
:103DB00030734FF420739C4211D140F21543994265
:103DC00008BF09F1FF300AD107B0BDE8F08F5A46AD
:103DD000A9B24046FFF7DCFE0028AED1B3E7054AA2
:103DE00013684FF0FF3043F00803136007B0BDE8DD
:103DF000F08F00BF0841002098DD00080080FFFF21
:103E0000EC40002000410020FC400020F840002051
:103E1000D83D0020000020429DDD000800B587B09D
:103E200001AB83E807000DF116024FF4004118467C
:103E3000FFF7AEFEBDF8160007B000BD00B587B0B5
:103E400001AB83E807000DF116024FF40841184654
:103E5000FFF79EFEBDF8160007B000BD30B585B077
:103E600004AB03E907001148002104F0BFF9104832
:103E70004FF4006103F0AEFE00230E4A1C4642F8E8
:103E8000234001330F2BFAD10B4A0C4B012515703F
:103E90001C6002F0CDFE0A4B0A4918600A4A0B4B1F
:103EA0000D7014701C7005B030BD00BF002C0140B7
:103EB00000080140B0400020AC400020A840002095
:103EC000104100201641002015410020144100201F
:103ED000054B187828B1054B1878B0FA80F04009E6
:103EE000704700F0FF00704715410020AC400020F3
:103EF00000B585B004AB03E90700002211460F4866
:103F000004F00CFB0D480022012104F007FB002205
:103F10000A48022104F002FB0848002104F066F977
:103F200007484FF4006103F057FE06480649074A68
:103F3000002303700B70137005B000BD002C01400E
:103F4000000801401641002015410020AC4000202F
:103F500070B5814B88B001AC84E807001A7812B1C3
:103F60007E4D2A7852BB7E4D2A780AB908B070BDC2
:103F70007C4A166802F05CFE0A220146304602F0D6
:103F8000BFFD0028F2D078484FF4805103F02CFE9A
:103F9000024678BB754E3378002B40F0A58094E83C
:103FA000070005AB03C341F2A1011A8005A80DF17A
:103FB0001202FFF7EDFD01233370D7E702F038FE60
:103FC0006B4B1B68C01A0028D0DB002169482970A0
:103FD000012204F0A3FA01221146664804F09EFA79
:103FE00064480122022104F099FA6248012104F098
:103FF000FDF8BBE700222A7094E8070005AE03C66F
:1040000041F2A101328005A80DF11202FFF7C0FDB7
:10401000594A9FED5A7AD2ED037A94E80700B4EE3C
:10402000E77AF1EE10FA05AD03C5A8BF4FF44B5186
:104030003280B8BF4FF44A510DF1120205A8FFF7C4
:10404000A7FD94E8070005AD03C542F6154132808F
:1040500005A80DF11202FFF79BFD2046FFF74CFE6D
:10406000474A484900280CBF01200020106008681A
:104070004549506009684548916000684449D060EE
:10408000488880B21061888880B25061C8884149F0
:1040900080B29061D1F80408D061D1F80C081062A8
:1040A000D1F808085062D1F8040C9062D1F80C0CD9
:1040B000D062D1F8080C1063A1F55041D1F808186E
:1040C00051633AD128484FF4805103F08DFD002808
:1040D00033D0214B01241C7002F0AAFD244A1F4B4F
:1040E000143010601C7041E7254B009220461A6086
:1040F000FFF7C6FD224B27495860D1F80408D86164
:10410000D1F80C081862D1F808085862D1F8040CEC
:104110009862D1F80C0CD862D1F8080C1863A1F59C
:104120005041009AD1F8081859630C4B20201A709E
:10413000FCF7FEFF009A2A7018E7084B00222020A7
:104140001A70FCF7F5FF0123ADF8083094E807007A
:10415000FFF7CEFE0AE700BF15410020AC4000206B
:1041600016410020104100200008014014410020A9
:10417000A8400020002C0140D83D00200000204233
:10418000B040002000410020FC400020F84000200A
:10419000EC40002000000140F0B589B001AC84E89B
:1041A000070094E8070005AE03C64FF400413280D3
:1041B00005A80DF112021F46FFF7EAFC94E807007C
:1041C00005AB03C332804FF408410DF1120205A87C
:1041D000BDF81250FFF7DCFCBDF8124054EA0503AD
:1041E0001FD12B0743D46F0746D4AE0749D4ED0740
:1041F0004CD460054FD4A10552D4E20555D4230612
:1042000058D467065BD4A6065ED4E50661D42007C1
:1042100064D4610767D4A2076AD4E3076DD409B0F8
:10422000F0BD3B48394605F005FF6A056BD4AB0588
:1042300002D5384805F0FEFEEF0502D5364805F0F8
:10424000F9FE2E0602D5354805F0F4FE680602D5C3
:10425000334805F0EFFEA90602D5324805F0EAFE24
:10426000EA06BED5304805F0E5FE2B07BBD52F4842
:1042700005F0E0FE6F07B8D52D4805F0DBFEAE0770
:10428000B5D52C4805F0D6FEED07B2D52A4805F085
:10429000D1FE6005AFD5294805F0CCFEA105ACD50F
:1042A000274805F0C7FEE205A9D5264805F0C2FE5D
:1042B0002306A6D5244805F0BDFE6706A3D52348EE
:1042C00005F0B8FEA606A0D5214805F0B3FEE50628
:1042D0009DD5204805F0AEFE20079AD51E4805F072
:1042E000A9FE610797D51D4805F0A4FEA20794D545
:1042F0001B4805F09FFEE30791D51A4809B0BDE8B9
:10430000F04005F097BE184805F094FE8FE700BF17
:104310008CD50008ACD50008B8D50008C0D5000879
:10432000C8D50008D0D50008DCD50008E8D50008BD
:10433000F4D5000800D600080CD6000818D60008EE
:1043400020D6000828D6000830D6000838D6000845
:1043500040D600084CD6000858D6000864D600089D
:1043600070D600087CD60008A0D500082DE9F043DF
:1043700089B001AC84E80700784F794A794D7A49D1
:1043800000233B602B601360784A1360784A136007
:104390001A4621F813200133062BFAD1FCF79AFEB6
:1043A000744BDFED757A93ED037AB4EEE77AF1EEB4
:1043B00010FA25D8DFF8CC91704801234FF4006142
:1043C00089F8003003F006FC0A2002F019FC2046B0
:1043D000FFF756FC28602B68002B40F0AB8005AB44
:1043E00094E807001D4603C30DF112081A8041F23C
:1043F000A10142462846FFF7CBFB4FF44B5323E085
:10440000DFF880915D4801234FF4006189F80030A6
:1044100003F0E0FB0A2002F0F3FB2046FFF730FC3C
:1044200028602B68002B7FD105AB94E807001D4660
:1044300003C30DF112081A8041F2A1014246284639
:10444000FFF7A6FB4FF44A5394E807002E4603C635
:104450001946328028464246FFF79AFB484800F04A
:1044600007FB94E807002B4603C3328042F6154150
:1044700042462846FFF78CFB94E807002B4603C30F
:1044800041F2A101328028464246FFF781FB01201C
:1044900002F0B6FB3A4800F0EBFA38484FF480518E
:1044A00003F0A2FB18B93B6843F010033B602046C1
:1044B000FFF722FC28B931484FF4805103F094FBF8
:1044C000D8B994E807002B4603C341F2A1011A8032
:1044D00028464246FFF75CFB012002F091FB27488B
:1044E0004FF4805103F080FB50B32046FFF704FCEB
:1044F00030BB3B6823F008033B6020484FF48051F9
:1045000003F072FB0346E0B194E807000024FFF7D4
:10451000EFFC89F80040FCF7DDFD194800F0A8FA2F
:10452000204609B0BDE8F0833A6842F0020205ABCC
:104530003A607AE73A6842F0020205AB3A604FE728
:104540000023202089F80030FCF7F2FD94E80700F2
:10455000FFF7CEFC4FF0FF30E3E700BF084100203B
:104560000041002004410020EC400020FC400020DD
:10457000F8400020D83D0020000020420008014003
:10458000BC3600200C41002008B50C21002003F0AF
:1045900079FB4FF480500222002103F0F1F8BDE8CE
:1045A00008404FF4805003F043B900BF044A072984
:1045B00028BF07210023C0E901210370704700BF15
:1045C00000C0030810B5044603F038F940F2073084
:1045D00003F09CFA606803F065F90123237010BDB5
:1045E00084B00DF1100C0CE907000298049900EB5F
:1045F000830004B003F0F6B984B00DF1100C0CE99F
:1046000007000298049900EB830004B003F0EAB9B4
:1046100084B00DF1100C0CE90700029810EE101A8E
:1046200000EB830004B003F0DDB900BF00B583B038
:10463000019003F023F901980023037003B000BD3B
:1046400084B00DF1100C0CE9070051F8230004B000
:10465000704700BF84B00DF1100C0CE9070051F851
:10466000230004B0704700BF84B00DF1100C0CE9BA
:10467000070001EB830292ED000A04B0704700BF0F
:1046800008B590ED167AD0ED186A1C4BF7EE007A5B
:104690002DED048B37EEC77A9FED199AD0ED178A6E
:1046A0001968184827EE097A77EEE88A37EEE68A25
:1046B000FCEEC77A17EE902AC9B903F0D1FE114873
:1046C000012168EE898AFCEEE87A17EE902A03F061
:1046D000C7FE68EE097ABDEC048BFCEEE77ABDE814
:1046E0000840084817EE902A022103F0B9BE0121C4
:1046F00003F0B6FE03480021E3E700BFD8390020ED
:104700000000FA44002C014038B5484B1C680546AF
:10471000002C7ED12146464802F08AFD0346AB605C
:104720004448214602F084FD03464148EB600221E3
:1047300002F070FD4048022102F06CFD40F60104D9
:1047400001E0013C50D03A48042102F085FD0028E8
:10475000F7D040F6010401E0013C45D03648042181
:1047600002F07AFD0028F7D03148042102F07AFDEA
:104770003148042102F076FD00212F4802F058FD57
:10478000AA68D5F89810EB68D5ED1C6ADFED2B5AB6
:104790002861521A07EE102AD5F89C2007EE900ADD
:1047A0009B1AB8EEE76A07EE903AB8EEC77AF8EED1
:1047B000E77A27EE267A67EEA67AD5F8F83285ED05
:1047C000067AF1EE476A26EE256A76EEE76A01225E
:1047D000013385F8F52285ED086AC5ED077AC5ED48
:1047E000056AC5F8F83238BD1148042102F03AFDD7
:1047F0001148042102F036FDD5F8FC3200220133C5
:1048000085F8F522C5F8FC328020BDE83840FCF779
:104810008FBC0021074802F00BFD0346AB60044843
:10482000002102F005FD03467FE700BFD8390020D4
:104830000024014000280140003C01401833533C53
:1048400000B52DED028B87B0CDE90210CDED050A44
:104850008DED041A0192F0EE408A01F085FBB0EE76
:10486000408AB0EE680A01F059FBF6EE007A67EE76
:10487000C06ADFED175A9FED176A9DED041ADDED52
:10488000050A03980299019A67EEC87AB0EE667A33
:10489000A8EE257AE8EE656AF0EE675AE0EE065A71
:1048A000E0EE467A21EE477A21EE400A21EE661AC2
:1048B000A8EE200AA5EEA07AA7EEA01A80ED000AC5
:1048C00081ED007A82ED001A07B0BDEC028B00BDCD
:1048D000D7B35DBFD7B35D3F00B52DED028B87B079
:1048E000CDE90110CDED050A8DED041ACDED031AC9
:1048F000F0EE408A01F038FBB0EE408AB0EE680A74
:1049000001F00CFBB6EE007A67EE486A27EE407ABB
:10491000DFED185A9FED186A9DED041ADDED050ACA
:10492000DDED031A02980199F0EE667AB0EE475A6F
:10493000A8EE065AE0EE257AA8EE467A67EE817A6E
:1049400021EE451AE0EE656AE8EE207AA0EE601AE4
:10495000E6EEA17AA7EE611A9FED086A67EE867A05
:1049600021EE061AC0ED007A81ED001A07B0BDEC09
:10497000028B00BDD7B35D3FD7B35DBFABAA2A3F63
:1049800000B52DED0A8BB0EE609A85B0F0EE418A4D
:10499000F0EE40AAB0EE611AF0EE680AB0EE490AF5
:1049A000B0EE618A0192CDE9021001F059FAB0EE41
:1049B000481AF0EE680AB0EE40AAB0EE490A01F0DB
:1049C00037FA3AEE00AAF6EE009AAAEE699ADFEDFF
:1049D00024BA9FED24CA9FED24BA29EE299AF0EE5D
:1049E0004C0A29EE2B9A89EE2A0A9FED209A30EE86
:1049F0000B0A01F00DFAF0EE490A01F011FAEAEEA5
:104A0000698A039880ED000A68EEA98AF0EE4C0AE4
:104A100068EEAB8A88EEAA0A30EE0B0A01F0F8F9CC
:104A2000F0EE490A01F0FCF9AAEE698A029981EDDB
:104A3000000A28EE298AF0EE4C0A28EE2B8A88EE2E
:104A40002A0A30EE0B0A01F0E3F9F0EE490A01F010
:104A5000E7F9019A82ED000A05B0BDEC0A8B00BDB2
:104A60003333933F00000000D7A3F03ED7A3703F3D
:104A7000F8B54FF07C538365C36503660446FFF7C2
:104A8000FFFD00264FF47A7537462046FFF73CFEBF
:104A9000D4E90223013D17441E44F6D1064B83FBA3
:104AA0000721FA17C2EBA11283FB0631F317C3EB00
:104AB000A113C4E92623F8BDD34D62102DE9F843B4
:104AC000344A354BDFED356ADFED355A2DED028B7B
:104AD000C267C0F8802093ED027A324AC0F8842081
:104AE00066EEC76AF7EE007AB0EE676AA6EEA56AD0
:104AF0002D4ADFED2E6A1268C0F8C82027EE267A0C
:104B0000C7EE866A80ED1D7A77EEE67A80ED1E7A32
:104B1000C0ED227A9FED267AD3ED037AF4EEC77AC0
:104B2000F1EE10FA33D8234BDFF89C90DFED228AA8
:104B30009FED228A224F03674FF0804800F1F40571
:104B40000024002607EE904AF8EEE77A013467EE7B
:104B5000A87AC7EE887A17EE900AFBF7A5FC41EC1D
:104B6000100B07F019FF424651EC100B4B46FBF7B8
:104B7000F3FC32463B46FBF739FBFBF7E5FF802CA5
:104B800045F8040BDED1BDEC028BBDE8F8830D4B7C
:104B9000CAE700BFEC51383DD83D0020D1CB0B38DF
:104BA000DB0FC940BD74933BD839002017B7D1380B
:104BB00000002042FFFFA43C000000BC6F12033D38
:104BC0000000F03FFFFF243D3333F33F10B54FF4B7
:104BD0007A7204460021164803F042FC14484FF450
:104BE0007A72012103F03CFC4FF47A7210480221E2
:104BF00003F036FC00230022C4F8A430C4F8A83027
:104C0000C4F8AC30C4F8B030E36323646361A361DB
:104C1000E3616364C4F89030C4F88C306365236545
:104C2000C4F8E830C4F8EC20C4F8002310BD00BF7D
:104C3000002C014090ED397AD0ED387A90ED3A0AA7
:104C4000DFED1E0A77EEC77A90ED217A10B5A7EE58
:104C5000270A82B0044680ED3A0A01F0E1F8184BC9
:104C6000D3ED060AF1EE600A01F0D2F894ED3C7A39
:104C700084ED3A0A60EE407A84ED290AE7EE077A7D
:104C8000F5EE407AF1EE10FA11D4F1EEE70A94ED68
:104C90002A0ACDED010A01F0C3F8DDED010AF1EEBB
:104CA000600A01F0B5F884ED2A0A02B010BDB0EE3A
:104CB000670A07F0C1FEF0EE400AE8E700000000D6
:104CC000D83D002030B52DED028B91ED170A4B6ECB
:104CD000B04D91ED186AD1ED036AD0ED071A90ED51
:104CE000061AD0ED050A83B080ED0B0A436395EDFB
:104CF000117AC6EE077A044600F140013C30C4ED5B
:104D00000C7A95ED117AC6EE877AC4ED0A7AFFF730
:104D1000E3FD9FEDA15A94ED087ADFEDA05AD4EDA2
:104D2000097A94ED106AD4ED0F6A94ED114AD4ED2E
:104D3000124A27EE057A26EE056AA7EEA57ADFED80
:104D4000987A84ED097A66EE856A67EE277A9FED98
:104D5000955A9FED957AA4EE256AE4EEA56A67EE72
:104D6000857ADFED925A94ED2B5A84ED116A67EE45
:104D7000A57AD4ED295AC4ED387A75EEC57AC4ED1A
:104D8000126A95ED030AF4EEC77AF1EE10FA84ED9B
:104D90003C0A00F3F080DFED866AF4EEE67AF1EE8D
:104DA00010FA00F1E28094ED2C6AD4ED2A7ADFED5E
:104DB0007E6AC4ED2B5A37EEC67AB4EEE67AF1EE8F
:104DC00010FA00F3D5809FED7A5AB4EEC57AF1EE71
:104DD00010FA00F1C78004F1A801C4ED295A04F1CA
:104DE000A400C4ED2C7AC1ED007A01F051F8D4EDA5
:104DF0000F6AD4ED298A94ED1D7A94ED230ADFED34
:104E00006D7A94ED2A8AD4ED380A78EEE68AA7EE18
:104E1000280A94ED107A30EE270A38EE478A84ED9E
:104E2000140A00F0FDFFD4ED380AF1EE600A00F03C
:104E3000EFFFD4ED1F6A94ED1D7AD4ED237AD4ED03
:104E4000380A84ED140A27EE267AE7EE287AB0EEC7
:104E5000670AC4ED237A00F0E3FFD4ED380AF1EEDF
:104E6000600A00F0D5FFD4ED147AD4ED380A84ED51
:104E7000230A67EEE77AE0EEA07AF5EE407AF1EEEB
:104E800010FA7BD4F1EEE78A94ED240AD4ED1E7A71
:104E9000D4ED206AB0EE407AA7EE887A67EEA67A63
:104EA000DFED446AA7EE880A77EE267A84ED240ABD
:104EB000C4ED157A00F0B4FFD4ED380AF1EE600AC3
:104EC00000F0A6FFF0EE406A94ED150A94ED147A16
:104ED000C4ED246A60EE007AF0EE680AE7EE077A25
:104EE000B1EEE77A84ED397A00F09AFFF1EE680AC4
:104EF00000F08EFFF0EE407A04F1540194ED380A90
:104F0000C4ED157A04F1500000F0C2FFDFED2A7AFB
:104F100094ED0D7A94ED0B0A94ED151AD4ED140A64
:104F2000A7EE270A04F16C0204F1680104F16400A1
:104F3000FFF786FC04F15800D4ED1B1A94ED1A1A01
:104F4000D4ED190A94ED380A04F1600204F15C0111
:104F5000FFF716FD204603B0BDEC028BBDE83040E4
:104F6000FFF78EBB76EE667A35E775EE475A1AE79D
:104F700076EE267A2FE775EE075A14E7B0EE670A49
:104F8000CDED010A07F058FDDDED010AF0EE408A93
:104F90007AE700BFD83D0020CDCCCC3D6666663FA9
:104FA0003333933FD7A3703F0AD7233C3ACD133F07
:104FB0000AD723BC00000000BAB1513810B590EDFB
:104FC000330AD0ED0A7A044630EE670A82B0F6EE74
:104FD000000A00F025FFFEEE000A00F019FFD4F8E9
:104FE000003342F22732934246D807EE903A9FEDC3
:104FF000247AF8EEE77AC7EE875A224B94ED357A99
:10500000D4ED377A94ED0C6AD4ED3C6AE7EE007A81
:1050100094ED347A37EE467A94ED366AE6EE077A06
:10502000F1EE040A76EEE06A93ED117AB0EE670ACB
:10503000D3ED0E7AE6EEA50A67EE877ACDED010A8A
:1050400080EE270A00F0ECFEDDED010AF1EE600AC9
:1050500000F0DEFED4F8003384ED2A0A42F2273253
:1050600093424FF0000198BF0133C4F8A41098BFD9
:10507000C4F8003302B010BDF7EE005ABDE700BF20
:1050800000A00C46D83D002000230022C0F8DC30F0
:10509000C0F8D430C0F8D830C0F8CC30C0F8D03028
:1050A000C0F8A830C0F80023704700BF08B50B480F
:1050B00001F078FB70B1094801F0A8FB38B107484E
:1050C00001F008FD054801F049FC013808BD03481E
:1050D00001F000FD4FF0FF3008BD00BFC0390020D7
:1050E00010B54FF4805182B00A4802F07DFD0446AD
:1050F000FCF726F8084A094B094992F8F52293F87B
:10510000DD3289880092221E18BF012201F0E6FCE0
:1051100002B010BD00080140BC36002098330020CA
:105120008C33002010B503780446052B2AD8DFE81D
:1051300003F027032A2927271B4B1A891868596867
:10514000FEF7D6FE194B93F82220CAB91849194A1E
:105150000968916203F50053174893F848CFD3F8D4
:105160004C3F1649C0F800C04FF40072436118303C
:1051700005F036F8114912484FF4007205F030F886
:105180000123E37010BD084B0122C27018685968F2
:105190001A89FEF7ADFE0B48FFF718FDBDE8104079
:1051A0000848FFF771BF00BF8C33002010020020B9
:1051B00054310020D83D0020D83900206031002033
:1051C00074340020BC36002008B50D4804F09AFF66
:1051D0000C4804F097FF0C4804F094FF0B4804F0CF
:1051E00091FF0B4804F08EFF0A4804F08BFF0A4839
:1051F00004F088FFBDE80840084804F083BF00BF02
:1052000040D3000888D6000894D60008A8D6000825
:10521000C4D60008D4D60008ECD6000808D7000889
:1052200030B56C486C4C6D4D85B004F003FF6C4894
:105230006C4B6D4A6D49CDE900046D4C6D4804F02E
:10524000F9FE6D4804F05EFF606CFBF72DF96B4AC8
:105250006B4B0095CDE902016A496B4804F0EAFE08
:10526000A06BFBF721F9694A654B0095CDE9020176
:105270006749684804F0DEFE674804F043FFA06811
:10528000FBF712F9654B664A0093CDE90201654BC5
:105290006549664804F0CEFEE068FBF705F9644B0B
:1052A000644A0093CDE90201634B64495F4804F00E
:1052B000C1FE206DFBF7F8F82B46CDE90201604AEC
:1052C00000956049594804F0B5FEA06DFBF7ECF875
:1052D0002B46CDE902015C4A00955C4953485C4D80
:1052E00004F0A8FEE06DFBF7DFF85A4B5A4A009332
:1052F000CDE90201504B59494C4804F09BFE206E09
:10530000FBF7D2F8564B574A0093CDE902014A4BBE
:105310005549464804F08EFEA069FBF7C5F8534B8B
:10532000534A0093CDE90201434B52493F4804F0F0
:1053300081FE206AFBF7B8F84F4B504A0093CDE945
:1053400002012F4B4E49394804F074FE606AFBF7A6
:10535000ABF84C4B4C4A0093CDE90201364B4B491C
:10536000324804F067FEA06C494CFBF79DF8CDE98C
:1053700002014849304B484A00912C48474904F003
:1053800059FE474804F0BEFE6368464A464947480E
:10539000CDE900531A4B04F04DFEA3680193444A33
:1053A000174B44490095414804F044FEE068424BE5
:1053B000424A4349CDE90030114B424804F03AFEDD
:1053C000414804F037FE414805B0BDE8304004F0E4
:1053D00031BE00BF20D7000874D70008C8D7000826
:1053E00084D700083CD7000840D700084CD70008F5
:1053F000D83D002054D7000888D7000898D7000867
:1054000094D70008A4D70008A8D70008CCD7000874
:10541000E4D70008E8D7000808D8000858D80008E2
:105420001CD8000818D8000834D8000838D800085C
:105430007CD8000864D8000860D8000878D8000834
:1054400084D80008A0D80008A4D80008C4D8000850
:10545000E0D90008E8D80008C8D80008E4D8000857
:1054600014D90008F0D8000810D9000834D9000871
:1054700018D9000830D900085CD900083CD90008C8
:1054800058D900087CD9000860D9000878D90008EC
:10549000D8390020A0D9000884D900089CD9000878
:1054A000A8D90008B4D90008BCD90008C0D90008A0
:1054B000E4D90008F0D9000834DA0008F4D900086B
:1054C00014DA000818DA00083CDA000888DA000864
:1054D00000B5037883B0042B18D8DFE803F0251952
:1054E0000817030003B05DF804EBFFF799BE0190C5
:1054F000FFF7F6FD0146002856D13348C0F8B81032
:10550000FFF764FBFEF7E4FC002854D003B000BDB5
:105510000190FFF7E5FD034658B1019A00210123F0
:105520005170D37003B000BD03B05DF804EBFFF71A
:105530004BBE254A2548DFF8A0C02549D2F8B42043
:10554000DCF828E0A0F8213080F82430037482626F
:1055500000F500500A6880F8482F4A69C0F84C2FBF
:1055600000F6447C18314FF4007200F57560CCF8F9
:1055700000E0019304F034FEDFF860C0019BCCF83A
:10558000D8304FF4007219460CF1DC0004F0DBFD5A
:105590001049019A088960F30F020868496803B04E
:1055A0005DF804EBFEF75ABC0620FCF7A5FC0648A4
:1055B000FFF76AFDB1E7074B1989024661F30F0255
:1055C00018685968EBE700BFBC36002010020020C5
:1055D000D83900208C330020D83D0020983300209B
:1055E000F0B5837B83B00446002B68D143782278E2
:1055F0009A4240F08480022B00F08B80052B00F053
:10560000BA80012B59D1B04A0193106851681289B0
:10561000FEF79EFCFEF75CFC0546002800F0CE80FD
:10562000AA4B93F82130002B00F02F81A74B93F861
:105630002230002B00F03A81A44D95F82430002B45
:1056400040F0F480A14BA24EDB6996ED1A7AA14F8F
:105650009FEDA10A7B615A4207EE902AF8EEE77AA5
:10566000F7EE000A67EE877A1D4627EE800A07F0FC
:1056700067F9DFED9A7A60EE277A17EE900AFAF76B
:1056800013FF0B4602462946954804F0D3FC954982
:105690004FF4007206F1DC0004F0A2FD91494FF4D2
:1056A000007207F1180004F09BFDFFF7FFFC0028D3
:1056B00040F0068100236370E37003B0F0BD824BBD
:1056C000186859681A89FEF743FC87484FF48051DF
:1056D00002F08AFA0546FEF7FBFB002854D1238A24
:1056E00040F6B732591C93422182E6D92278002332
:1056F0000121A37323826370E170002ADDD020466C
:10570000FFF710FDE378002B7BD12378022B7FF489
:1057100075AF6D4B186859681A89FEF719FCFEF7CA
:10572000D7FB0028C9D06B4BDA68002A05DD6F492A
:10573000D1F8B8108A42C0F2B280FFF7D1FC00283D
:1057400065D16A48FFF73AFC6848FFF773FA604989
:105750006648FFF7B7FA6378022BAED15D4BDB6882
:10576000002BAADD6149D1F8B8209342A5DB0132B4
:10577000C1F8B820A1E75D4B5548D3F8B41003B089
:10578000BDE8F04000F04CBF514A92F8DD22002AFB
:10579000A5D0564A92F8F522002AA0D04A4B002DF7
:1057A0009DD000224FF4F0709A80FBF7CFFC0022CE
:1057B00001216378A2732282E17018E74B4A434BC0
:1057C000D2F8B420986A41F27071121A8A427FF6B8
:1057D00074AF02210620FCF78FFB3B4B1989186838
:1057E0002A4661F30F025968FEF782FB3749019B95
:1057F00081F8243040F20112A1F821206570E37095
:105800005BE7637823702046FFF762FE7DE7014681
:105810000620FCF771FB2C4B1A8918685968FEF7B3
:1058200067FB002201236270E37046E73049294B91
:10583000D1ED007A2F4905F50052C1ED0A7A92F8B0
:10584000481FCDED017A1960D2F84C6F5E6103F10B
:10585000180002F575614FF4007204F0C1FC1C4899
:10586000DDED017A2449C0ED1A7AC0F8D8604FF412
:105870000072DC3004F0B4FC204804F043FC002348
:1058800085F824306370E37017E718491048D1F8A1
:10589000B4300E4A03B0BDE8F040FDF7D9BD052095
:1058A000FCF72AFB1148FFF7EFFBB4E70F49084864
:1058B000D1F8B430054A03B0BDE8F040FDF720BF91
:1058C0000F4804F01FFCF5E68C3300201002002086
:1058D00098330020D839002000008037DB0FC94002
:1058E000ECDA0008442C002000080140BC360020FF
:1058F00054310020D83D0020F0390020B4DA0008EF
:1059000000DB000838B5417BA1F161030446172B89
:1059100019D8DFE813F0280047006600850018005A
:10592000A000BF00DA00F900180004011F013E01C9
:105930001800180049011800180018006801180024
:10594000730118009201CC4804F074FB251DFFF789
:10595000ADFB002840F08C81FFF762FC0023A3819F
:1059600063606B6038BD051D284602F09AFF51EC5C
:10597000100BFBF7E9F8F3EE040A00EE100A07F04B
:1059800051FBDFEDBE0A07F025FBBD4B10EE100A00
:1059900083ED120AFAF788FD02460B46B94804F077
:1059A00049FBD4E7051D284602F07BFF51EC100BA4
:1059B000FBF7CAF8DFEDB40A00EE100A07F032FB7D
:1059C000DFEDB20A07F006FBAD4B10EE100A83EDD7
:1059D000020AFAF769FD02460B46AD4804F02AFBBD
:1059E000B5E7051D284602F05CFF51EC100BFBF7F4
:1059F000ABF8DFEDA80A00EE100A07F013FBDFEDAD
:105A00009F0A07F0E7FA9E4B10EE100A83ED090A91
:105A1000FAF74AFD02460B469F4804F00BFB96E757
:105A2000051D284602F03DFF51EC100BFBF78CF8EA
:105A3000DFED920A00EE100A07F0CCFA904B10EE60
:105A4000100A83ED180AFAF72FFD02460B46934819
:105A500004F0F0FA7BE7051D284602F022FF51EC26
:105A6000100BFBF771F8DFED8E0A00EE100A07F05D
:105A7000D9FADFED820A07F0ADFA814B10EE100A79
:105A800083ED060AFAF710FD02460B46854804F03E
:105A9000D1FA5CE7051D284602F003FF51EC100B1C
:105AA000FBF752F8DFED800A00EE100A07F092FAD9
:105AB000734B10EE100A83ED110AFAF7F5FC02465B
:105AC0000B467A4804F0B6FA41E7051D284602F075
:105AD000E8FE51EC100BFBF737F8DFED750A00EE2E
:105AE000100A07F09FFADFED650A07F073FA644BBE
:105AF00010EE100A83ED080AFAF7D6FC02460B46B0
:105B00006C4804F097FA22E7051D284602F0CCFE07
:105B1000694B01465960694804F08CFA17E7051D86
:105B2000284602F0BEFE51EC100BFBF70DF8DFED3E
:105B3000640A00EE100A07F04DFA514B10EE100AFD
:105B400083ED0E0AFAF7B0FC02460B465D4804F0FE
:105B500071FAFCE6051D284602F0A3FE51EC100B7D
:105B6000FAF7F2FFDFED580A00EE100A07F05AFAD2
:105B7000DFED420A07F02EFA414B10EE100A83EDDA
:105B8000030AFAF791FC02460B46504804F052FA19
:105B9000DDE6051D284602F087FE474B0146996069
:105BA0004B4804F047FAD2E6051D284602F079FE7C
:105BB00051EC100BFAF7C8FFDFED300A00EE100AC7
:105BC00007F008FA2E4BF1EE407A83ED140AC3ED8C
:105BD000137A10EE100AFAF767FC02460B463D48AE
:105BE00004F028FAB3E6051D284602F05DFE324BAC
:105BF0000146D960384804F01DFAA8E6051D28467C
:105C000002F04FFE51EC100BFAF79EFFDFED1B0A7E
:105C100000EE100A07F0DEF9194BF1EE407A83ED41
:105C2000160AC3ED157A10EE100AFAF73DFC02468B
:105C30000B462A4804F0FEF989E6051D284602F0C5
:105C400030FE51EC100BFAF77FFFDFED0C0A00EE8F
:105C5000100A07F0BFF90A4B10EE100A83ED170A7D
:105C6000FAF722FC02460B461D4804F0E3F96EE603
:105C70001C4804F047FA6FE670DC000800000000E2
:105C8000D83D0020ECDB00080000FA440000C842C8
:105C900038DB000800002042D4DB000834DC0008B8
:105CA000000004428CDB00086F12833A00DC00081D
:105CB00000001643BCDB0008D83900204CDB00088C
:105CC00017B7D13810DC00080000704278DB0008FC
:105CD00060DB000848DC0008A4DB00085CDC00088E
:105CE00020DC000800DB00081B2908B5034645D06E
:105CF0006D29027846D052B1042A07D10D294ED021
:105D0000027B002A48D1417301321A7308BD6339FE
:105D10001729FBD801A252F821F000BFA75D0008A7
:105D20000D5D0008B15D00080D5D00080D5D000807
:105D30000D5D00080D5D00080D5D00080D5D00089B
:105D40000D5D00080D5D00080D5D00080D5D00088B
:105D50000D5D00080D5D00080D5D0008BB5D0008CD
:105D60000D5D00080D5D00080D5D00080D5D00086B
:105D70000D5D00080D5D0008C55D00080022427041
:105D8000C27008BD02218A424170BFD000220121A9
:105D9000C2708173028208BD1044C170B4E7BDE8CF
:105DA0000840FFF7AFBD012100224170C27008BD5D
:105DB000052100224170C27008BD042100224170FB
:105DC000C27008BD0D489FED0E0A0023C0F8D43004
:105DD00000F0B4FA09480B4B826F1A61FFF766F9BD
:105DE000084B28B919690848BDE8084004F022B9F1
:105DF000064804F087F9034BF4E700BF983300200E
:105E0000D1CB0B38D8390020C8DC000898DC00085A
:105E1000B4EEE00AF1EE10FAD8BFB0EE600A7047B7
:105E2000F4EEC00AF1EE10FAD8BFB0EE600A704787
:105E3000B4EEE00AF1EE10FA07DDB4EEC10AF1EEBD
:105E400010FAD8BFB0EE410A7047F4EEC10AF1EE85
:105E500010FAD4BFB0EE410AB0EE600A704700BF3E
:105E6000B4EEE00AF1EE10FA07D5B4EEC01AF1EE86
:105E700010FAD8BFB0EE410A7047B4EEE01AF1EE66
:105E800010FAD4BFB0EE410AB0EE600A704700BF0E
:105E9000D1ED007A90ED007A67EEA77AE7EE077A07
:105EA000F1EEE76AF4EEC06AF1EE10FA0DDD27EECE
:105EB000007AC7EE267AC0ED007AD1ED007A20EEA6
:105EC000270AC0EE267AC1ED007A7047012383408D
:105ED000013B07EE903A30EE600AF8EEE77A31EED9
:105EE000601A67EE807A87EE817AFDEEC77A17EE48
:105EF000900A704707EE900A012370EEC00AF8EE90
:105F0000E77A8B40013B27EEA07A07EE903AF8EE55
:105F1000E77AC7EE276A36EE800A704700B5DFEDF4
:105F20000F0A83B0CDED010A06F00AFDB5EEC00AF6
:105F3000F1EE10FA03D5DDED010A30EE200ADFEDB7
:105F4000087A084B20EE270ABDEEC00A10EE102A90
:105F500003EB820393ED000A03B000BDDB0FC940E1
:105F600083F9A242A0DD000800B5DFED117ADFED74
:105F7000110A83B037EEC00ACDED010A06F0E0FC4D
:105F8000B5EEC00AF1EE10FA03D5DDED010A30EEF0
:105F9000200ADFED097A094B20EE270ABDEEC00A80
:105FA00010EE102A03EB820393ED000A03B000BD4C
:105FB000DB0FC93FDB0FC94083F9A242A0DD000817
:105FC00070B5054684B035480E464FF4004101F0E7
:105FD00003FE00230393039B3F2B06D800BF039BC4
:105FE00001330393039B3F2BF8D940F6010401E0F2
:105FF000013C3ED02A48022101F0F2FF0028F7D0F0
:106000002748294601F0E6FF40F6010401E0013C83
:106010003ED02348012101F0E3FF0028F7D02048BB
:1060200001F0DAFF40F60104308001E0013C32D09B
:106030001B48802101F0D4FF0128F7D000230293F0
:10604000029B3F2B4FF000041AD914484FF4004133
:1060500001F0C0FD00230193019B3F2B06D800BF38
:10606000019B01330193019B3F2BF8D9204604B0DB
:1060700070BD4FF0FF3400230293029B3F2BE4D806
:1060800000BF029B01330293029B3F2BF8D9DCE750
:106090006FF00104EFE76FF00204ECE70008014045
:1060A000003C0040F0B5064683B008461746FBF7B3
:1060B00097FE044643F6FF70FBF792FE01A90546E2
:1060C0002046FFF77DFF48BB0DF106012846FFF78C
:1060D00077FF18BBBDF806402046FBF79DFE431C2A
:1060E000A6F8E0420BD0023012D0C4F30D043C807D
:1060F00001A92846FFF764FF80B903B0F0BDD6F8C8
:1061000000330133C6F800336FF0010003B0F0BD77
:10611000D6F804330133C6F80433F5E7D6F8FC3279
:1061200001334FF48070C6F8FC32FBF701F84FF0F2
:10613000FF30E2E770B5002182B006460120FBF790
:106140005FFE044643F6FF70FBF74AFE0DF10601C1
:1061500005462046FFF734FF38B90DF10601284601
:10616000FFF72EFF08B902B070BDD6F8FC3201333C
:106170004FF48070C6F8FC32FAF7DAFF4FF0FF30C8
:10618000F1E700BF10B582B00DF1020243F6FC71D9
:106190000446FFF787FFF0B901AA43F6FD712046D8
:1061A000FFF780FFB8B90DF1060201212046FFF785
:1061B00079FF80B9BDF80630BDF80210BDF80420A3
:1061C000A4F8EA32A4F8E612A4F8E822012384F83D
:1061D000DE3202B010BD00234FF0FF30F7E700BF02
:1061E0002DE9F04F044687B043F6FF700E46FBF7EB
:1061F000F7FD4FF0000807462046FFF79BFF464596
:10620000A4F8DD82A4F8EC8240F383800123CDF86A
:10621000088003939A46C1460DF116013846FFF7F0
:10622000CFFE90BB012E44D04FF0010B00250DF1A5
:1062300016013846FFF7C4FE48BBBDF81680019032
:106240004046FBF7E9FD431C019AA4F8E082C8F33D
:106250000D0C05F101053AD0023054D00BF1010BC1
:106260005E45A4F8E2C284F8DDA2A4F8EC22DED1F7
:106270001F2D1ED92046FFF785FFB0FA80F0400998
:1062800084F8DE0207B0BDE8F08F4FF0000BD4F8C1
:10629000FC12B4F8EC2284F8DD920BF1010B013111
:1062A000013201235E45C4F8FC12A4F8EC220293EB
:1062B000BCD1039D032D1AD0142000F0A1FC6B1C4F
:1062C00003930023A4F8DD32A4F8EC32A4E7D4F859
:1062D00000230132C4F800230BF1010B5E454FF09F
:1062E000000584F8DD92A2D1039D032DE4D1029A2A
:1062F000002384F8DD329A4214BF4FF480704020AE
:10630000FAF716FFB6E7D4F804230132C4F80423E1
:10631000E2E70125032D4FF014000CD0013500F009
:106320006FFC4FF00003032DA4F8DD32A4F8EC82DB
:106330004FF01400F2D100230293D8E770B52DED91
:10634000028B044686B043F6FF70B0EE408AFBF73E
:1063500047FDD4F8F03201330DF11601C4F8F032E4
:10636000FFF72EFE002840F0CD80BDF816300193D7
:1063700005461846FBF750FD019BA4F8E032421C8D
:1063800000F02281023000F0E280C3F30D032A46C0
:10639000D4F8F41263F30F0263F31F42002940F0B4
:1063A000F980D4ED016AC4F8E22201229B00013198
:1063B00084F8DD2200226367C4F8F412A4F8EC220A
:1063C000C4ED026A4C220E4604F1100004F10C01E7
:1063D0000393CDED026A019103F09CFE039BDFF86D
:1063E0003CC29FED896A0199DDED026A5A12501C88
:1063F00000F07F0004EB820204EB8000D2F8DC2086
:10640000D0F8DC00C3F3080E801A0EFB00F002EB9C
:1064100060221A44A267DCF81030D31A07EE903AD3
:10642000FAEEC87ABDEEE77AB8EEC77A77EEC77AA9
:1064300067EE867AF5EEC07AF1EE10FA01D577EEC6
:10644000867A012EC4ED017A73D0D4F8805094F886
:10645000DC32DCF8141094ED1A6ADFED6C5A9FED13
:106460006A5A521A07EE102AB8EEC77A27EE067A51
:1064700027EE257AFDEEC75AF8EEE55A37EE657A33
:1064800027EE057AB5EEC07AF1EE10FA01D537EEB7
:10649000057A77EEE66ADFED5E5A84ED177AF4EE60
:1064A000E56AF1EE10FA69DC9FED5A7AF4EEC76AFC
:1064B000F1EE10FA4CBF01220022002B62D02A44D8
:1064C00007EE102ADFED506AC4F88020B8EEC77AD4
:1064D00027EE267A77EE877AD4ED166AC4ED037A32
:1064E000B3EE037A77EEE66A28EE077AC6EE877A8D
:1064F00026EE276AC4ED187A84ED196A06B0BDEC61
:10650000028B70BDD4E9BE21B4F8EC320131013206
:10651000C4E9BE210020013384F8DD02A4F8EC3286
:106520004FF4807006B0BDEC028BBDE87040FAF706
:10653000FFBDC4ED027A04F15C03E1EC017A9942FB
:10654000FBD10123F0EE676A84F8DC3281E7D4F8EE
:1065500004330133C4F80433B4F8EC32D4F8F8222D
:1065600001339BB201320021022BC4F8F822A4F8B7
:10657000EC3284F8DD12C1D94020D3E74FF0FF326E
:10658000002B9CD101229FED247AC4F8803084F83E
:10659000DC229FE71846B4F8E41202920193FBF75D
:1065A00049FC00F50070B0F5806FDDE9013211D8CB
:1065B000B4F8E412994202BFD4F80C130131C4F8C4
:1065C0000C13D4F8F412ECE6D4F800330133C4F819
:1065D0000033C1E7D4F80813B4F8EC32C4F8E2226F
:1065E00001310133C4F80813D4F8F812C4F8F45296
:1065F0009BB20131022BA4F8EC32C4F8F812A4F8D3
:10660000DC527FF67BAFB7E7DB0FC9400000803775
:10661000DB0F4940DB0F49C000000000D8390020E3
:1066200070B5224D2B6803F51C5310338B4200D9F3
:1066300070BD04460E46416F1D4803F0FBFCA16F80
:106640001C4803F0F7FC6068F9F72EFF02460B4682
:10665000194803F0EFFCE068F9F726FF02460B4605
:10666000164803F0E7FCE06DF9F71EFF02460B4603
:10667000134803F0DFFCD4F88010124803F0DAFC72
:1066800094F8DD12104803F0D5FCD4F8FC120F4842
:1066900003F0D0FCD4F800130D4803F0CBFC0D48F8
:1066A000D4F8041303F0C6FC2E6070BD184100201E
:1066B000F0DC0008FCDC000814DD00082CDD00081C
:1066C00040DD000854DD000864DD000870DD0008CE
:1066D0007CDD00088CDD000830B585B001AB83E8B7
:1066E00007000E4D002401AB93E807002346FDF799
:1066F000A7FF0134B4F5807F45F8040FF3D1084DAE
:1067000001AB93E807002346FDF7AEFF0134B4F573
:10671000A07FA5EC010AF3D105B030BDD43900202B
:10672000D83D002070B586B003AB83E8070003AA0C
:1067300007CA4FF4A073FDF78DFF03AA064640F287
:10674000411307CAFDF786FF03AA05464FF4A1735C
:1067500007CAFDF77FFF0DF10C0C044640F243130E
:106760009CE80700FDF776FF054A0192054A009272
:106770000346224629463046FBF7D4FA06B070BDE0
:10678000D83D0020D839002000B583B00190FDF736
:106790000DFF019841680022FF23C0E903128382A4
:1067A00003B000BD30B517498BB004461648FBF75F
:1067B00087F80546E8B1237D012B1ED900210B4641
:1067C000E268637502EB010E94E8070004AB83E80E
:1067D00007000DF1040CCDF814E08CE8070093E8F5
:1067E000070007AB83E8070084E807002046FDF7B1
:1067F000E9FE2846A5750BB030BD013303F0010357
:10680000D902DDE7D83D0020D8390020F0B5837DDE
:1068100083B005462BB9002400232046AB7503B096
:10682000F0BD48494848FBF74BF80028F3D04549EC
:106830004548464EFBF702F80024074656F8043F49
:1068400095E80700009323460134FDF7C9FEB4F52F
:10685000807FF3D13B4EB6EC010A234695E8070052
:106860000134FDF7D5FEB4F5A07FF4D102230093E7
:1068700095E8070040F24113FDF7BEFE009495E84D
:1068800007004FF4A173FDF7B7FE009795E80700E6
:1068900040F24313FDF7B0FE2A690132009295E8F9
:1068A00007004FF4A273FDF7A7FE294B009395E86C
:1068B00007002346FDF7A0FE234926484FF48062D7
:1068C00003F08EFC1F4924484FF4807203F088FCCB
:1068D00095E80700FFF700FF95E80700FFF722FFA4
:1068E000044660B91B4918484FF4806203F078FCF5
:1068F000194914484FF4807203F072FC8BE795E855
:1069000007004FF4A273FDF7A5FE2B691149074656
:106910004FF480620C485E1C03F062FC0E4909488B
:106920004FF4807203F05CFCB7427FF474AF2B69C4
:106930006A7D2A7501332B6120460023AB7503B0B5
:10694000F0BD00BFD83D0020D8390020D439002048
:106950004154484E1C4200201C4100202DE9F04FBC
:1069600093B006460DF10C0800274FF0FF0A0CAD5E
:1069700009AC0DF1100996E807000DF13C0C8CE80C
:106980000700F36803EBC723109385E807009CE832
:10699000070084E80700FFF79FFE94E80700FFF771
:1069A000C1FE4FF4A27388F80000834694E8070004
:1069B000FDF750FE49F827000346002F41D0BBF1F8
:1069C000000F02D0BAF1FF0F54D1059B9DF80D20A6
:1069D00004999DF80C00FBF7CDF9002859DB5FFA0C
:1069E00080F8B8F1FF0F54D0B8F1000F56D13549F7
:1069F00035484FF4806203F0F3FB344934484FF4D8
:106A0000807203F0EDFBF26886F8148002EBC82771
:106A100096E8070085E807000D9784E8070095E8E9
:106A200007000FAC84E807000DEB880394E807002B
:106A30001B693361012386E80700184613B0BDE8DF
:106A4000F08FBBF1000F10D01F491E4801934FF487
:106A5000806203F0C5FB1E491C484FF4807203F0AE
:106A6000BFFBBAF1FF0F04D1BA4608F101080127B4
:106A700081E7019B18460DEB8A031969FBF774F94E
:106A800008B15FFA87FA002F9FD108F101080127AA
:106A900071E70023184613B0BDE8F08FF26802EBEF
:106AA000C82396E807000DF13C0C8CE80700109312
:106AB00085E807009CE8070006AF87E80700FFF7B6
:106AC0000BFEA0E71C420020D83900201C4100200A
:106AD000D83D002000238375FDF7A8BD9DF800C0B8
:106AE00030B949B932B14BB1844508BF0520704770
:106AF0000120704703207047022070470420704730
:106B0000081A904234BF00200120704701207047CE
:106B100008B503F033FB162303604FF0FF3008BDC8
:106B200008B503F02BFB16230360FEE770B5161EB5
:106B300007DD0C468D19AFF3008004F8010BA54268
:106B4000F9D1304670BD00BF70B5161E07DD0C468A
:106B50008D1914F8010BFCF75BFCA542F9D1304606
:106B600070BD00BF4FF0FF30704700BF4FF40053BF
:106B70004B600020704700BF012070470020704725
:106B80000C4A08B5136833B118446946884208D8DE
:106B90001060184608BD084B1360184469468842C7
:106BA000F6D903F0EBFA0C2303604FF0FF331846DD
:106BB00008BD00BF1C460020784700200D4B0E4A40
:106BC0001B68A2FB03239B09013BB3F1807F00D329
:106BD000FEE74FF0E02209495361F02081F82300DD
:106BE0004FF0000C07201023C2F818C0106181F884
:106BF0002330704700000020D34D621000ED00E00C
:106C0000024A10601368002BFCD170472446002014
:106C10000549064A0B6801330B60136813B113680A
:106C2000013B1360704700BF20460020244600202F
:106C3000014B1868704700BF20460020704700BF16
:106C400008B50220FAF774FAFEE700BF08B5042081
:106C5000FAF76EFAFEE700BF08B50820FAF768FAFF
:106C6000FEE700BF08B51020FAF762FAFEE700BFA2
:106C7000704700BF704700BF704700BFFFF7C8BF35
:106C800070B5584C584884B02246002100F094FC5E
:106C9000206840F20173984206D1A36823F07F4335
:106CA000B3F5002F00F08E80504D627A217A6B6828
:106CB0000093B2FA82F2B1FA81F1A37A520949093A
:106CC000FBF768F808B904B070BD494A494E4A4B11
:106CD00092ED0E7A96ED111AD2ED117AD3ED180AD3
:106CE00093ED030A2979454821EE071AC0EEA70A59
:106CF00080EE270A21EE271AFAF792FC3F493A481C
:106D000000F006FC3E4803A9FBF756F8054660B3C1
:106D10009DF80C10FD294DD0FE291ED0FC29D2D1A2
:106D2000384C0220FBF7E8F800253046C6F8B8508A
:106D3000FEF7AAF9206861682289FDF7D9F8616831
:106D400020682289FDF78AF82020A580FAF7FEF94D
:106D50002D486D21FEF7C8FFB5E70420FBF7CCF8FE
:106D600029487A21FEF7C0FFADE7236906F1CC027E
:106D7000CDE9003294E80F00FAF794FCDFED236AC6
:106D8000D6ED347A96ED337AC6F8B85067EEA67A27
:106D900027EE267AFDEEE77ABDEEC77A17EE903A37
:106DA00017EE101A9BB2012043EA0141FBF7A4F849
:106DB00004B070BD0320FBF79FF813481B21FEF7BA
:106DC00093FF80E703A904F10B00FBF747F818B91C
:106DD0009DF80C30072B01D9206865E72046FBF7AA
:106DE000C3F870E7E801002000640040D8390020B3
:106DF000D83D0020BC36002098330020FC01002044
:106E0000F30100208C330020A83600200000C84287
:106E1000012110B5184801F0C9F918490B88013350
:106E200043F697229BB2934214D80B80144CFCF784
:106E300093F92046FDF768FC9FED120A1248FFF710
:106E40007DFA1248FEF7CCFBD4F8B4300133C4F815
:106E5000B43010BD0E4B1A7800200880B2FA82F2CE
:106E600000F18040520900F588304FF400511A704B
:106E700000F0B4FEDAE700BF002C01402A460020F3
:106E8000BC360020D1CB0B3898330020A836002028
:106E90002846002008B54FF4805000F0C9FC18487F
:106EA0004FF4805100F0A0FE00B108BDFCF762FE77
:106EB000F0B9FCF717FEB8B9FCF7A4F90028F4D133
:106EC00000F1804000F584304FF4006100F092FE44
:106ED0000028EAD00B48FCF705FF2020FAF728F934
:106EE000084A0123938008BDBDE80840FCF702BEB4
:106EF000FCF748FEBDE808400248FCF7F3BE00BFBF
:106F0000000801408C33002008B50749074801F00C
:106F1000F9FB00B908BD054801F0DCFBBDE80840FD
:106F2000C1B20348FEF7E0BE05030500004400407F
:106F3000A836002008B5154B98421BD003F5A05386
:106F400098420DD0A3F5C05398421DD140F20930AC
:106F500000F02AFFBDE8084040F2093000F032BFDF
:106F600040F20F3000F020FFBDE8084040F20F3043
:106F700000F028BF40F20A3000F016FFBDE80840DC
:106F800040F20A3000F01EBF08BD00BF00280140DB
:106F90008368DB0703D4836843F001038360704791
:106FA000826842F0080200F1080382601A68110743
:106FB000FCD4826842F0040282601A685207FCD452
:106FC000704700BF836843F480738360704700BFDD
:106FD000064BD3F8042422F47022C3F80424D3F817
:106FE00004240243C3F80424704700BF002001407A
:106FF00001F480738AB11BB1436843F4807343602A
:107000004B0503D5436843F480634360890715D576
:10701000836843F00203836070471BB1436823F425
:10702000807343604A0503D5436823F4806343605B
:107030008B0703D5836823F002038360704700BF8A
:10704000836819B143F400638360704723F40063DD
:107050008360704701290ED0022900D07047836BEE
:1070600023F440138363013A836B120502F4401248
:107070001A4382637047C36A23F47003C362013A00
:10708000C36A120502F470021A43C262704700BF5D
:10709000052900B52ED8D0F834C001EB81014FF09E
:1070A0001F0E0EFA01FE2CEA0E0C02FA01F141EA63
:1070B0000C014163092A0DD8016902EB42024FF02D
:1070C000070C0CFA02FC21EA0C0103FA02F20A4353
:1070D000026100BD112AFCD80A3AC16802EB4202E3
:1070E0004FF0070C0CFA02FC21EA0C0193400B4311
:1070F000C36000BD0B2910D80639D0F830C001EBB1
:1071000081014FF01F0E0EFA01FE2CEA0E0C02FA5E
:1071100001F141EA0C010163CCE70F29CAD80C390F
:10712000D0F82CC001EB81014FF01F0E0EFA01FECA
:107130002CEA0E0C02FA01F141EA0C01C162B9E736
:10714000D0F838C00331CCF3015CA1EB0C0101EBAA
:1071500081014FF01F0C00B50CFA01FED0F838C0C9
:1071600002FA01F12CEA0E0C41EA0C01092A8163B2
:107170000DD8016902EB42024FF0070C0CFA02FC39
:1071800021EA0C0103FA02F20A43026100BD112A4E
:10719000FCD80A3AC16802EB42024FF0070C0CFA25
:1071A00002FC21EA0C0193400B43C36000BD00BF09
:1071B00001F001035AB11BB1836843F4801383606B
:1071C0008A070FD5836843F40043836070471BB17F
:1071D000836823F4801383608B0703D5836823F4CB
:1071E00000438360704700BF01290AD0022900D004
:1071F0007047836823F4E0438360836813438360AC
:107200007047836823F4602383608368134383603B
:10721000704700BFCA0703D5836843F480038360C7
:107220008B0703D5836843F400138360704700BF66
:1072300003290FD8DFE801F00B080502806C80B24B
:107240007047406C80B27047006C80B27047C06B72
:1072500080B270470020704703680B4214BF0120C2
:1072600000207047036823EA01030360704700BFF2
:1072700008B5074B984200D008BD40F2194000F015
:1072800093FDBDE8084040F2194000F09BBD00BFEF
:107290000064004029B103282CD8DFE800F00E1864
:1072A0002103FEE70023C1F80B30C1F80F308B72C9
:1072B0004B60CB740B810B607047002340F2FF30B2
:1072C0004FF4003248810B810A604B607047002305
:1072D0004FF480320B740B604B608B60CA60704758
:1072E0000023C1F80B30C1F80F308B724B600B815B
:1072F0000B607047FEE700BF036823F0020300B590
:1073000003600368844643F001034CF8043B436880
:10731000DB07864608D44FF6FF7301E0013B03D03C
:10732000DCF80020D007F9D5DEF8040010F00100E9
:1073300070D04B788A781B06120402F4702203F096
:10734000407313430A7843EA8273CA78120502F441
:10735000E00213434A89013AC2F309021343CEF80B
:107360001C300B79012BDEF800300CBF43F080039A
:1073700023F08003CEF800304B79012BDEF800308B
:107380000CBF43F0400323F04003CEF800308B796C
:10739000012BDEF800300CBF43F0200323F0200364
:1073A000CEF80030CB79012BDEF800300CBF43F073
:1073B000100323F01003CEF800300B7A012BDEF817
:1073C00000300CBF43F0080323F00803CEF8003070
:1073D0004B7A012BDEF800300CBF43F0040323F09E
:1073E0000403CEF80030DEF8003023F00103CEF8BD
:1073F0000030DEF80430DA070DD54FF6FF7000E0FC
:1074000040B1DCF80030DB0700F1FF30F8D4003881
:1074100018BF012000BD012000BD00BF3B494389CA
:10742000D1F8002642F0010200B5C1F80026D1F8DB
:107430001CC6B0F80EE001229A402CEA020CC1F8FA
:107440001CC6BEF1000F45D1D1F80CC603F1006394
:107450002CEA020CC1F80CC603F6C843B0F806C00B
:107460004188DB0041EA0C41B0F804C01960018892
:1074700041EA0C415960838924492BBBD1F8043679
:1074800023EA0203C1F8043603892049B3B9D1F8CD
:10749000143623EA0203C1F81436037C012B05D10C
:1074A0001A49D1F81C361343C1F81C36174AD2F8D2
:1074B000003623F00103C2F8003600BDD1F81436BF
:1074C0001343C1F81436E8E7D1F804361343C1F882
:1074D0000436D9E7BEF1010FCDD1D1F80CC603F1C6
:1074E00000634CEA020CC1F80CC603F6C843B0F8BE
:1074F00000C04188DB0041EA0C41B0F804C01960CB
:10750000C18841EA0C415960B5E700BF0060004006
:1075100082685201034605D48268120143D51033B4
:10752000012000E00020D3F8802102F0010210B514
:10753000C3F8802191F808E04A7A03F5C07CBEF1D7
:10754000000F26D04C6842EAC40242EA0E02D3F889
:1075500080E142EA0E02C3F88021D3F8842122F0B0
:107560000F02C3F88421D3F884E18A7A42EA0E023A
:10757000C3F88421D1F80B20C3F88821D1F80F205B
:10758000C3F88C21DCF8003043F00103CCF8003064
:1075900010BD0C68D3F880E142EA445242EA0E0280
:1075A000C3F88021D9E78268D20002D520330220B7
:1075B000B9E70320704700BF00EB0113D3F8B0C157
:1075C0000CF0040C82F808C0BCF1000F47D1D3F8CE
:1075D000B0C14FEA5C5CC2F800C0D3F8B0C10CF097
:1075E000020C82F809C0D3F8B4C14FEA1C2C82F80F
:1075F00013C0D3F8B4C10CF00F0C82F80AC0D3F852
:10760000B8C182F80BC0D3F8B8C14FEA1C2C82F87D
:107610000CC0D3F8B8C14FEA1C4C82F80DC0D3F8A7
:10762000B8C14FEA1C6C82F80EC0D3F8BCC182F816
:107630000FC0D3F8BCC14FEA1C2C82F810C0D3F89D
:10764000BCC14FEA1C4C82F811C0D3F8BC311B0EF0
:10765000937459B9C36843F02003C3607047D3F8EB
:10766000B0C14FEADC0CC2F804C0B6E7036943F0CE
:1076700020030361704700BF43690B4343617047B8
:107680000D4B984215D001EB810300EB83030022E0
:10769000D3F808C02CF0010CC3F808C09A60DA6077
:1076A0001A615A61426889000F238B40134343607B
:1076B00070470429E7D9FEE7000402401D4B9842B9
:1076C00034D001EB810100EB8100136810B4036139
:1076D00093684361138AC360D46853688168234305
:1076E000546921F47C5123430B438360137E012BA7
:1076F00083680CBF43F0400323F040038360537E54
:10770000012B83680CBF43F0800323F08003836068
:10771000937E2BB1836843F0100310BC83607047E5
:10772000836823F0100310BC836070470429C8D914
:10773000FEE700BF00040240074B984208D001EB6F
:107740008101890008300B5843F020030B5070472B
:107750000429F4D9FEE700BF00040240074B984219
:1077600008D001EB8101890008300B5843F0010378
:107770000B5070470429F4D9FEE700BF0004024013
:107780002A4BD3F800C42CEA000CC3F800C4D3F889
:1077900004C42CEA000CC3F804C4D3F808C42CEACF
:1077A000000CC3F808C4D3F80CC42CEA000CC3F8CE
:1077B0000CC449B3012905D0012A0BD0022A29D0D3
:1077C000AAB17047D3F80414012A41EA0001C3F8B2
:1077D0000414F3D1154BD3F8082422EA0002C3F8AD
:1077E0000824D3F80C240243C3F80C2470470F4B31
:1077F000D3F808240243C3F80824D3F80C2422EA5F
:107800000002C3F80C247047D3F800140143C3F8F6
:107810000014D1E7054BD3F808240243C3F8082429
:10782000D3F80C240243C3F80C2470470000014035
:10783000014BC3F814047047000001400B4B1A6958
:10784000110603D50A490B4A59605A600A4BB3F82E
:10785000E030B3F5007F07D9044B1A6D120603D54B
:107860000349044A59645A64704700BF002002402B
:1078700023016745AB89EFCD00F7FF1F074B084990
:107880001A69B1F8E01042F08002B1F5007F1A6188
:1078900003D91A6D42F080021A6570470020024039
:1078A00000F7FF1F4B4BB3F8E030B3F5007F6AD908
:1078B000494B4A4A98424A4B26D2D168C90756D406
:1078C000D368D90657D4D3685B075AD41169444B9F
:1078D00041F00201116150611069404940F04000DF
:1078E0001061CA68D00738D4CB68DB063DD4C868BD
:1078F000C0F380004000C0B2384A136923F002038D
:1079000013617047013B34D0D16CC907FAD4D36CF2
:10791000DB0630D4D36C590733D4136D43F0020324
:1079200013655065D3699B0748BF50612B4A2C4BA8
:10793000116D41F040011165D16CC9071DD4D36CA4
:10794000D80643D4D06CC0F380004000C0B2234AB4
:10795000136D23F0020313657047013B38D0CA68EA
:10796000D007FAD4CB68DB06C1D50320C4E7013BBE
:10797000A3D10420704703207047013BDCD10420D1
:10798000E5E702207047164B144AD168C90719D49D
:10799000D368DB06EFD4D3685907F2D41169104BD2
:1079A00041F002011161506110690C4940F0400042
:1079B0001061CA68D20797D5013B09D0CA68D207BF
:1079C000FAD491E7013BE0D1042070470320BEE7E1
:1079D000042091E700F7FF1FFFFF07080020024087
:1079E0000000FF0F454BB3F8E030B3F5007F8C4645
:1079F00060D9434B434A9842434B23D2D168C907CD
:107A00004CD4D368D9064DD4D3685B0750D41169E0
:107A10003D4B41F0010111613A49C0F800C0CA680C
:107A2000D00731D4CB68DB0636D4C868C0F38000F9
:107A30004000C0B2334A136923F001031361704759
:107A4000013B2DD0D16CC907FAD4D36CDB0629D405
:107A5000D36C59072CD4116D2B4B41F001011165EA
:107A60002849C0F800C0CA6CD2071DD4CB6CD80618
:107A700040D4C86CC0F380004000C0B2214A136DEE
:107A800023F0010313657047013B35D0CA68D00766
:107A9000FAD4CB68DB06C8D50320CBE7013BADD1D8
:107AA0000420704703207047013BDCD10420E5E748
:107AB00002207047144B134AD168C90716D4D36803
:107AC000DB06EFD4D3685907F2D411690E4B41F0AD
:107AD000010111610B49C0F800C0CA68D207A1D5E5
:107AE000013B09D0CA68D207FAD49BE7013BE3D136
:107AF000042070470320C1E704209BE700F7FF1F25
:107B0000FFFF0708002002400000FF0F830903F178
:107B1000804303F5083300F01F00196801228240FA
:107B20000A431A60704700BF2DE9F0430C461D461A
:107B3000E306014604F00F0602D5042A44D016439A
:107B400000224FF001080F2706E0482C08BF08610B
:107B50000B600132082A13D008FA02FC4FEA820EA9
:107B60001CEA050007FA0EF906FA0EFEF1D00B68C2
:107B7000282C23EA09034EEA0303E6D14861E7E72C
:107B800000234FF001080F2709E0482C08BF0861C7
:107B9000C1F804E00132102A03F1040312D008FAFC
:107BA00002FC1CEA050007FA03F906FA03FEF1D00D
:107BB000D1F804C0282C2CEA090C4EEA0C0EE4D1B2
:107BC0004861E5E7BDE8F083C36B2B4346F003064D
:107BD000C363B5E701617047416170470AB1016154
:107BE00070474161704700BF83680B4214BF01209A
:107BF00000207047C3680B4214BF0120002070476B
:107C000000281F4B00F4401CB4BFDB695B68BCF567
:107C1000401F00B582B227D010F4801F19D14FEA5F
:107C2000505C4FEA0C1C02FA0CFC23EA0C0343F0F4
:107C3000E0634FEA505C4FEA0C1C02FA0CF21A4364
:107C4000002918BF13460E4A0028B4BFD361536001
:107C500000BDC0F3034E4FF0030C0CFA0EFC23EAF8
:107C60000C0343F0E063E4E7DFF814E0DEF804C05F
:107C70002CF0E06C23F0E063CEF804C0D9E700BF3D
:107C80000000014001F003039B000F22032902FAC8
:107C900003F200FA03F0134B07D8996821EA0202B5
:107CA0009A609A6802439A607047072907D8D96892
:107CB00021EA0202DA60DA680243DA6070470B29CF
:107CC00007D8196921EA02021A611A6902431A6186
:107CD0007047596921EA02025A615A6902435A619E
:107CE000704700BF00000140DFF898C0DCF80C309E
:107CF00003F4E063B3F5E06F36D0DCF80C3003F446
:107D0000E063B3F5C06F1BD0DCF80C3003F4E06324
:107D1000B3F5A06F10D0DCF80C3003F4E063B3F5DA
:107D2000806F25D0DCF80C3003F4E063B3F5407FBE
:107D300022D0134BCCF80C3002F00302022302E0F5
:107D400002F007020323DFF840C0994011430CEB17
:107D500000030901420983F8001300F01F0001230A
:107D600083404CF82230704702F00F020423EAE708
:107D700002F001020123E6E700221346E3E700BF19
:107D80000005FA0500ED00E000E100E0830903F1E1
:107D9000804303F5043300F01F001968012282407C
:107DA0000A431A60704700BF830903F1804303F55B
:107DB000043300F01F001968012282400A431A6050
:107DC000704700BF830903F1804303F5043300F0DB
:107DD0001F001A680121814022EA01021A607047DF
:107DE000174A5368D26A23F0805323F4404322F0A9
:107DF00000510B2809D8DFE800F00606060608182F
:107E000008180C0C0C0C43EA80330D4A5360D16205
:107E10007047DFF834C042F000510CEA803C084A59
:107E200043EA0C035360D1627047064A02EA80328B
:107E30001343034A43F080535360D162704700BF3D
:107E40000010024000C0FEFF00C0FCFF10B5DFF8CC
:107E5000E4C086469CE80F0088B008AC04E90F0037
:107E6000DCE90401CDE90001CDE902012D4A5368A6
:107E700003F00C03082B24D02B482A4A536851687E
:107E80005268C3F303136B441B7C20FA03F3BEF167
:107E9000030F44D8DFE80EF00812020AC1F30221F2
:107EA0006944087823FA00F008B010BDC2F3C2227A
:107EB0006A44107A23FA00F008B010BD184608B0E2
:107EC00010BD5368D90311D4184A164B5868596825
:107ED0005B680C01C0F3834014D5590018D540F0FD
:107EE00030003F2812D102FB00F0C6E7D36A5A00E7
:107EF0000C4B58BF0C4A5B6848BF0D4A9B03E4D546
:107F00005208E2E75B0006D540F020000130EAE7C6
:107F100040F01000FAE70F28F8D00230E3E7002025
:107F2000C2E700BF0010024000127A0000093D00C5
:107F3000006CDC0220D3000808B5154B984212D023
:107F400003F57443984204D0A3F57843984214D0C3
:107F500008BD4FF44370FFF727FFBDE808404FF41A
:107F60004370FFF72FBF40F20F40FFF71DFFBDE842
:107F7000084040F20F40FFF725BF40F20E40FFF7E8
:107F800013FFBDE8084040F20E40FFF71BBF00BFE3
:107F9000003C004010B4D1E901420B682343134375
:107FA000CA680C69D1E905C113432343026843EA57
:107FB0000C0302F441520B4313430360C36923F4DF
:107FC000006310BCC3617047036843F04003036063
:107FD000704700BFC1607047C06880B2704700BF83
:107FE00083680B4214BF01200020704708B5374B4F
:107FF00098424CD015D8A3F50063984251D039D897
:10800000B0F1804F22D0A3F5806398425DD140F259
:108010000140FFF7C9FEBDE8084040F20140FFF70C
:10802000D1BE2B4B984246D003F50063984217D03F
:10803000A3F59033984248D140F20540FFF7B4FED3
:10804000BDE8084040F20540FFF7BCBE4FF4806039
:10805000FFF7AAFEBDE808404FF48060FFF7B2BE0C
:1080600040F20D30FFF7A0FEBDE8084040F20D30B1
:10807000FFF7A8BE174B984227D140F20340FFF705
:1080800093FEBDE8084040F20340FFF79BBE40F27C
:108090000440FFF789FEBDE8084040F20440FFF7C6
:1080A00091BE40F20240FFF77FFEBDE8084040F27B
:1080B0000240FFF787BE40F20B30FFF775FEBDE8C8
:1080C000084040F20B30FFF77DBE08BD00100040B5
:1080D000002C0140000C004000234FF6FF72C0E965
:1080E0000033826003737047254B0A88826298428E
:1080F00015D020F44063B3F1804F10D0214B98424B
:108100000DD0214B20F4806210B49A428C68C46276
:108110002CD1436943F0010310BC436170470368ED
:108120004A8823F070030360D0F800C08B8842EACD
:108130000C0202600268134303608B68C36202682A
:10814000CB8822F440720260D0F800C00C4A43EAA7
:108150000C039042036002D00A4B984201D10B7B82
:108160000363436943F00103436170470268CB88AE
:1081700022F440720260026813430360C9E700BF43
:10818000002C01400034014000100040036843F01F
:1081900001030360704700BF036843F0800303607E
:1081A000704700BFC3680B43C3607047C943016198
:1081B000704700BF00230360436083608381704782
:1081C000B1F802C00B888A8843EA0C03B1F806C0F4
:1081D00013430A8943EA0C03B1F80AC013438A899E
:1081E00043EA0C0313439BB243647047436C012979
:1081F0000CBF43F4004323F400434364704700BFC3
:108200000023036043608360704700BF032929D8BF
:10821000DFE811F0AF006C0029000400036A118848
:10822000B2F804C023F480530362C36923F440739B
:10823000C361036A43EA01330362036A724923F4A8
:1082400000530362036A884243EA0C33036240F03E
:10825000D6804368128923F480434360436843EA2D
:10826000821343607047036A1188B2F804C023F494
:1082700080730362C36923F00303C361036A43EAA3
:1082800001230362036A604923F400730362036AF3
:10829000884243EA0C23036202D05C4B9842E1D14E
:1082A000036AB2F802C0D18823F480630362036AD0
:1082B00043EA0C230362036A23F400630362036A44
:1082C00043EA0123036243681189528923F48053EE
:1082D0004360436843EA01134360436823F4005357
:1082E0004360436843EA021343607047036A11889E
:1082F000B2F804C023F010030362836923F44073CF
:108300008361036A43EA01130362036A3E4923F06F
:1083100020030362036A884243EA0C13036202D01B
:108320003A4B98429ED1036AB2F802C0D18823F03A
:1083300040030362036A43EA0C130362036A23F0F7
:1083400080030362036A43EA0113036243681189ED
:10835000528923F480634360436843EA81034360A6
:10836000436823F400634360436843EA8203436045
:108370007047036A118823F001030362D0F818C024
:1083800093882CF0030CC0F818C0D0F820C041EA44
:108390000C010162016ADFF870C021F00201016284
:1083A000016A604543EA0103036203D0174B984218
:1083B0007FF458AF036A518823F004030362D0F8B6
:1083C00020C0D38841EA0C010162016A21F0080152
:1083D0000162016A0B4303624368118923F48073CD
:1083E0004360D0F804C0538941EA0C0141604268FF
:1083F00022F4007242604268134343607047034BAB
:1084000098427FF42FAF24E7002C01400034014054
:1084100003290BD8DFE801F01C130B02C36923F416
:10842000E043C361C36943EA0223C3617047C36980
:1084300023F07003C361C3691343C3617047836949
:1084400023F4E0438361836943EA02238361704735
:10845000836923F0700383618369134383617047E9
:10846000032904D8DFE801F008060402026470471B
:10847000C2637047826370474263704703290BD819
:10848000DFE801F01C130B02C36923F40063C3612E
:10849000C36943EA0223C3617047C36923F0080339
:1084A000C361C3691343C3617047836923F40063E5
:1084B0008361836943EA022383617047836923F000
:1084C00008038361836913438361704703290BD8D1
:1084D000DFE801F01C130B02C36923F48063C3615E
:1084E000C36943EA0223C3617047C36923F00403ED
:1084F000C361C3691343C3617047836923F4806315
:108500008361836943EA022383617047836923F0AF
:1085100004038361836913438361704703290BD884
:10852000DFE801F01D140B02036A23F48053036299
:10853000036A43EA023303627047036A23F48073D9
:108540000362036A43EA022303627047036A23F06B
:1085500010030362036A43EA021303627047036A6B
:1085600023F001030362036A13430362704700BFF1
:10857000436823F07003436043680B4343607047D4
:1085800021B9836843F0800383607047012900D0DC
:108590007047836823F0800383607047836823F00B
:1085A00007038360704700BF08B5234B984238D05B
:1085B00010D9224B98422AD003F5684398421BD128
:1085C00040F20E30FFF7F0FBBDE8084040F20E30FD
:1085D000FFF7F8BBA3F5006398420ED003F5806364
:1085E000984209D140F21240FFF7DEFBBDE8084097
:1085F00040F21240FFF7E6BB08BD40F21140FFF722
:10860000D3FBBDE8084040F21140FFF7DBBB40F26E
:108610001440FFF7C9FBBDE8084040F21440FFF7E3
:10862000D1BB40F21340FFF7BFFBBDE8084040F26A
:108630001340FFF7C7BB00BF004C00400050004094
:1086400000B5174B984283B0024617D00ED9154B90
:10865000984213D003F5684398421ED1CDE900013A
:108660000320FFF7F3FBDDE900210EE0A3F5006333
:10867000984203D003F5806398420ED10220CDE9E1
:108680000021FFF7E3FBDDE9002100EB5103B3FB21
:10869000F1F39BB2936003B000BD0020F5E700BF8B
:1086A000004C004000500040C36843F40053C360D6
:1086B000704700BFC36823F008030B43C3607047D3
:1086C000C36823F004030B43C3607047C1F3080180
:1086D000416070474068C0F3080070478B0901F0A3
:1086E0001F011858C84000F0010070478A09012393
:1086F00052F800C001F01F018B4043EA0C031350F5
:10870000704700BFC1F389128B0D52F800C0185892
:10871000C1F30442012303FA02F201F01F010242F5
:1087200003FA01F314BF0120002013EA0C0F00F03C
:10873000010008BF002070474249434BD1F8882010
:1087400042F4700282B0C1F88820196841F001013A
:1087500019605968002041F0800159600190019B27
:1087600044F61F62934205D8019B01330193019B9C
:108770009342F9D934494B6823F003034B600B68EB
:1087800023F084734FF41F0223F480330B608A605C
:108790000A68002022F480220A604860C8620A68E1
:1087A00042F001024FF4A0630A6001E0013B02D0F5
:1087B0000A689007FAD5244B1A68920741D5DA69FE
:1087C000224942F08052DA610A6842F440420A606B
:1087D0005A685A605A685A605A6842F480625A600D
:1087E0005A6822F0904222F470125A605A6842F09D
:1087F000036242F480225A601A6842F080721A6062
:108800001A689001FCD5114A136843F48033136051
:108810005368D903FCD513680C4943F40033136043
:108820004B689A03FCD5084A536823F0030353604E
:10883000536843F00203536053681B07FCD502B032
:108840007047FEE700ED00E00010024000700040BD
:10885000DFF834D00D480E490E4A002302E0D45808
:10886000C4500433C4188C42F9D30B4A0B4C002378
:1088700001E013600432A242FBD3FFF75DFF01F079
:1088800083FCF8F735FA7047000001200000002053
:10889000CC01002048EA0008CC01002078470020E5
:1088A000FEE7002101F018BB0A22002101F09ABB6B
:1088B0002DE9FF4757EC106B002F0C469146DDF871
:1088C00030A019464FF0000203DA07F100431F46BB
:1088D0002D220D9D0A7025F02005462D04D0452D32
:1088E00000D10134022100E0032103AB019302AB6C
:1088F000009347EC106B5346224601F011FD472DC3
:1089000080461AD119F0010F0ED000EB04090022A5
:10891000002330463946F8F787F808B1CDF80C90B7
:108920003022039B4B451ED3039B0E9AA3EB0803F7
:108930004046136004B0BDE8F087462D00EB040903
:10894000E5D10378302B0AD1002200233046394686
:10895000F8F76AF818B9C4F10104CAF80040DAF867
:1089600000309944D3E7591C03911A70D9E7F7B541
:108970000029BABF49422D232B23092902704370D5
:108980002ADD0DF10704871CA6460A26A446B1FB82
:10899000F6F506FB15123032632904F1FF340CF8AA
:1089A000012C2946F2DC3031ACF1020204F8011C42
:1089B000411C144672450AD30DF10903A3EB0C03C5
:1089C000A64538BF00233B44181A03B0F0BD12F887
:1089D000013B01F8013FEDE7302330318370C17076
:1089E000031DF1E72DE9F04F8FB00C46DDF86080F4
:1089F00016461F46054601F0EFFB0368079318462D
:108A0000F7F7E6FB00230C93D8F8003094F818A091
:108A1000D4F800B00890073323F00703B3EC027BCF
:108A20008DED047BC8F80030DDE9048323F00049B4
:108A300084ED127B9A4B4FF0FF3240464946F8F7DF
:108A400025F870BB964B4FF0FF3240464946F7F78A
:108A5000FFFF30BBDDE9040100220023F7F7EEFF42
:108A600010B12D2384F843308E4A8F4BBAF1470F53
:108A70008CBF90469846032323612BF004032360A8
:108A80004FF00009009733460DAA2146284600F012
:108A9000CDF9013040F08C804FF0FF300FB0BDE8D1
:108AA000F08FDDE9042310461946F7F7EFFF40B1D8
:108AB000059B7E4A002BBCBF2D2384F843307C4BA2
:108AC000D4E763685A1C0AF0DF093BD106236360D0
:108AD0004BF480620023226003930CABCDE901A329
:108AE0000BAB009361689DED040B0DF12B03284641
:108AF000FFF7DEFEB9F1470F0B99804629D1C81C5C
:108B000002DB63688B4241DAAAF1020A5FFA8AFA51
:108B10000139524604F150000B91FFF728FF0C9ADF
:108B20001318012A8146236102DC2268D20701D58D
:108B3000013323619DF82B30002BA3D02D2384F823
:108B400043309FE7B9F1470FC2D1002BC0D10123B9
:108B5000BDE7BAF1650FDBD9BAF1660F18D100296C
:108B600063680BDD216113B92268D00702D5013398
:108B70000B442361A1654FF00009DBE713B92268BC
:108B8000D20701D50233F4E70123F2E74FF0670A79
:108B90000C9B8B4205DC23682161D807EAD54B1C6E
:108BA000E7E70029D4BFC1F1020201221344E0E744
:108BB00023685A0507D42369424631462846B847F8
:108BC000013028D168E7BAF1650F40F2DB80D4E9C3
:108BD000120100220023F7F727FF90B3354A012343
:108BE00031462846B84701303FF456AFDDE90B382F
:108BF000434502DB2368D8070DD5DDE9072331465D
:108C00002846B84701303FF447AF4FF0000908F15C
:108C1000FF38C84509DC23689B0700F10481E06840
:108C20000D9B9842B8BF184638E7012304F11A0299
:108C300031462846B84701303FF42EAF09F101090B
:108C4000E7E70B9B834237DC1A4A0123314628466B
:108C5000B84701303FF420AFDDE90B3959EA03038F
:108C600002D12368D907D6D5DDE907233146284646
:108C7000B84701303FF410AF4FF0000A0B9B5B4246
:108C8000534501DC4B4697E7012304F11A023146B4
:108C90002846B84701303FF4FFAE0AF1010AEDE77C
:108CA000FFFFEF7FA4E50008A0E50008ACE50008A1
:108CB000A8E50008B0E50008A36DDDF830B05B451D
:108CC000A8BF5B46002B049337DC4FF0000904F18A
:108CD0001A02049BD4F858A0002BACBFAAEB0303E4
:108CE00053464B4531DC0B9B9B453ADC2368DA0746
:108CF00037D40B9BABEB0309ABEB0A039945A8BF39
:108D00009946B9F1000F34DC4FF000080B9BB9F124
:108D1000000FABEB0303A8BFA3EB090343457FF7A9
:108D20007AAF012304F11A0231462846B8470130D0
:108D30003FF4B2AE08F10108E8E7049B4246314631
:108D40002846B8470130C0D1A6E60123314628465F
:108D50000992B84701303FF49FAE099A09F1010921
:108D6000B7E7DDE9072331462846B8470130C0D1CF
:108D700092E64B4608EB0A0231462846B8470130D6
:108D8000C2D189E6DDF830A0BAF1010F01DCDB07C2
:108D900035D50123424631462846B84701303FF4D5
:108DA0007BAEDDE9072331462846B84701303FF462
:108DB00073AED4E91201002200230AF1FF3AF7F75B
:108DC00033FEC8B9534608F1010231462846B84778
:108DD00001300DD160E6012304F11A023146284624
:108DE000B84701303FF458AE08F10108D045F2DB36
:108DF0004B4604F15002E0E64FF00008F6E701238D
:108E00004246E2E7012304F1190231462846B847F9
:108E100001303FF441AE08F10108E3680D995B1A97
:108E20004345EFDCFBE64FF00008F6E72DE9F0479D
:108E3000914698468A680B69089E9342B8BF1346CC
:108E4000C9F8003091F8432007460C4612B10133AF
:108E5000C9F800302368990642BFD9F800300233C0
:108E6000C9F80030256815F0060507D104F1190A84
:108E7000E368D9F800209B1AAB4229DC94F8433010
:108E80002268003B18BF012392062ED404F143024E
:108E900041463846B047013021D02368A168226995
:108EA00003F00603042B01BFE568D9F80030ED1A82
:108EB00025EAE57518BF00258B1A2B449142C8BFDF
:108EC0001D464FF000091A344D451AD1002008E024
:108ED0000123524641463846B047013003D14FF096
:108EE000FF30BDE8F0870135C2E7E1185A1C302099
:108EF00081F84300224494F8451082F8431002336D
:108F0000C4E70123224641463846B0470130E6D047
:108F100009F10109D8E700002DE9F04398460B7EDE
:108F200085B0782B174606460C9A0C4609D8622B5A
:108F300001F1430108D8002B00F0DC80582B00F031
:108F4000BD8004F1420539E0A3F163001528F8D88B
:108F500001A555F820F000BFB18F0008C58F0008AB
:108F6000438F0008438F0008438F0008438F000899
:108F7000C58F0008438F0008438F0008438F000807
:108F8000438F0008D5900008F18F000883900008F7
:108F9000438F0008438F0008FD900008438F0008AE
:108FA000F18F0008438F0008438F00088B90000862
:108FB0001368191D1B68116004F1420584F84230E2
:108FC0000123A8E013682568181D1060280601D544
:108FD0001B6803E06A06FBD5B3F90030002B03DA07
:108FE0002D225B4284F84320DFF878C10A2213E087
:108FF0002568106815F0800F50F8043B02D16D060B
:1090000048BF9BB21060227EDFF858C16F2A5DD145
:109010000822002084F843006568A560002D05DB68
:1090200020681D4320F00400206051D00D46B3FBA2
:10903000F2F002FB103E9A421CF80EE005F801ED3A
:109040000346F4D9082A0BD12368DA0708D5236927
:1090500062689A42DEBF302305F8013C05F1FF3516
:10906000491B2161CDF800803B4603AA21463046CA
:10907000FFF7DCFE013053D14FF0FF3005B0BDE803
:10908000F083236843F020032360DFF8DCC07823FB
:1090900084F845302068156810F0800F55F8043BBF
:1090A00003D110F0400F18BF9BB21560C50744BF35
:1090B00040F02000206023B11022AAE7DFF8A4C00E
:1090C000E6E7226822F020022260F5E70A22A0E704
:1090D0000D46B7E71368D4F800C060691D1D156020
:1090E0001CF0800F1B6801D0186003E01CF0400FDB
:1090F000FAD01880002323610D46B3E71368191DC9
:1091000011601D68626800212846F7F711F808B160
:10911000401B606063682361002384F84330A1E74B
:1091200023692A4639463046C0470130A4D0236817
:109130009B0714D4E068039B9842B8BF18469DE78C
:10914000012304F1190239463046C047013093D05B
:109150000135E36803995B1AAB42F1DCEAE70025CD
:10916000F7E700BFB2E50008C3E50008002310B52B
:109170000446C0E90033C0E904338360818143665B
:10918000C2818361194608225C3000F0DCFF0D4B80
:1091900063620D4BA3620D4BE3620D4B23630D4BDA
:1091A00024629C4206D003F16802944202D0D0337C
:1091B0009C4205D104F15800BDE8104001F008B808
:1091C00010BD00BFC7C20008E9C2000821C30008E3
:1091D00047C300082C460020024A0349034800F018
:1091E0000BBF00BF0400002051C400088001002014
:1091F00041680C4B994210B5044601D003F028F9A0
:10920000A168094B994202D0204603F021F9E16898
:10921000064B994204D02046BDE8104003F018B92F
:1092200010BD00BF2C46002094460020FC460020C4
:1092300010B50A4B0A4A1A600A4800220421FFF7B7
:1092400095FF094801220921FFF790FFBDE8104072
:10925000064802221221FFF789BF00BF64470020A1
:10926000D99100082C46002094460020FC4600209E
:10927000014800F0AEBF00BF69470020014800F080
:10928000A9BF00BF6947002010B50446FFF7F0FFF3
:10929000236A1BB1BDE81040FFF7F0BF044B236207
:1092A000044B1B68002BF5D1FFF7C2FFF2E700BFAC
:1092B000F19100086447002070B504460D4645EC66
:1092C000104B164602F0C2FE51EC100B7EB1C5F3F6
:1092D0000A53C3F16B03002B09DD1B0503F17F5516
:1092E000002405F5401522462B46F7F735F941ECE9
:1092F000100B70BD000000002DE9F04F9FB00E462E
:109300001792002204901A924FF000084FF00009C3
:1093100019910A782B2A0D4601F101011CD00AD8B7
:109320000D2A05D8082AF3D872B100230B9382E0E6
:10933000202AEDD0F9E72D2A10D10122691C1991BC
:109340000B926A78002A37D1179B1996002B40F0B0
:10935000A88542464B462AE00022EFE700210B9108
:10936000302A40F09D806A7802F0DF02582A5AD1F4
:1093700002930B9B01931AAB0093874A04981BAB93
:1093800019A901F009FE10F00F04064605D0062CBD
:1093900014D10135002319950B93179B002B40F036
:1093A00082850B9B002BD4D0424609F1004343EC4D
:1093B000102B1FB0BDE8F08F0D46D1E71A9A3AB1D5
:1093C00035211CA802F03BFF1A99049802F0F2FA2A
:1093D000013C042C06D8DFE804F014031E2114001D
:1093E000DDE91C89F10548BF49F0004929F0004337
:1093F0001B0D1B05002BD0D100F0C0FE2223036003
:10940000CBE7DDE91C831B9A23F4801302F233427D
:1094100043EA0259E6E7DFF88891E3E76FF0004995
:109420004FF0FF38DEE7013519952B78302BFAD055
:10943000002BB2D001234FF0000A07932846CDF845
:1094400038A0D3460A230478A4F13002092A29D986
:109450005249012200F07FFE002836D0002022462B
:1094600006905C460146652A01D0452A16D124B9EA
:10947000079B03433FF468AF0024199E731C1993A4
:1094800072782B2A7FD02D2A00F083804FF0000CB9
:10949000A2F13003092B40F2898019960023ACE039
:1094A0000023C8E7BBF1080FDCBF0E9A03FB0242A2
:1094B00000F10100D5BF303A03FB0A420E92A2F13F
:1094C000300A0BF1010B1990BDE7199B5A1C199238
:1094D0005A78BBF1000F3BD006905C46A2F13003F6
:1094E000092B11D90121BEE7199B5A1C19925A78F0
:1094F0000130302AF8D0A2F13103082B00F2D884D1
:109500000690199D00200446303A00F1010319D05D
:109510000699059419440691A4464FF00A0E0CF1E1
:109520000107391B8B4215DC059920EAE0700144E4
:109530000134082904441CDC0E990A2303FB01238F
:109540000E930023199A511C199152781846C5E7B9
:109550005846CEE7BCF1080F05DC0E990EFB01F171
:109560000E91BC46DBE70AFB0EFC102FD8BFE2468B
:10957000F7E70F29DCBF0A2303FB0A2AE1E70023F0
:109580000693012174E74FF0000CB31C1993B278D5
:109590007EE74FF0010CF8E7C4E70008D4E50008C7
:1095A0000000F07F199B5A1C19925A78302AF9D082
:1095B000A2F13103082B3FF671AFDDF864E0CDF87E
:1095C00014E0A2F130030A93059B013319931A7832
:1095D0000593A2F13007092F3BD9A3EB0E03082B0B
:1095E00044F61F633DDC0A9F9F42A8BF1F460597B4
:1095F000BCF1000F02D0059B5B420593002C51D1BA
:10960000079B03437FF4C9AE00297FF49DAE692A0E
:109610002BD028DC492A28D04E2A7FF495AE9F49CA
:1096200019A801F0D7FE00283FF48EAE199B1B78D5
:10963000282B31D19A491CAA19A801F0E0FE05286F
:109640002AD11D9BDDF8708043F0FF4949F4E00901
:10965000A3E60A9B0A2707FB0327A7F130020A9219
:10966000B2E70593C4E76E2AD7E78E4919A801F03F
:10967000B1FE00283FF468AE199B8B49013B19A845
:10968000199301F0A7FE10B9199B01331993DFF864
:1096900028924FF0000880E6844800F0B1FD59ECB4
:1096A000108B7AE6DDE905320E989B1ABBF1000FAC
:1096B00008BFA346102C0A932646A8BF1026F6F72B
:1096C000D1FE092C8046894613DC0A9B002B3FF40F
:1096D00064AE0A9B6FDD162B56DC754901EBC301A6
:1096E000D1E9000142464B46F6F736FF80468946EF
:1096F00053E66F4B03EBC60353E91223F6F72CFF37
:10970000804650468946F6F7ADFE02460B46404677
:109710004946F6F76BFD0F2C80468946D5DD0A9B3E
:10972000A4EB060A9A44BAF1000F40F392802AF0A3
:109730000F061AF00F0A4DD1B6F59A7F5ADC49464A
:10974000DFF87091361140460027012E76D1A1F145
:109750005479584901EBC70102464B46D1E9000153
:10976000F6F7FAFE544B0A460B4054498B428046AA
:1097700040D8A1F580118B4286BFDFF844914FF0AD
:10978000FF3802F1547932E00A9AC4F1250393427A
:10979000C5DB474DC4F10F0405EBC40142464B46FF
:1097A000D1E90001F6F7D8FE0A9B1C1B05EBC405A6
:1097B000D5E9002398E71633B1DBDDE905239A1AD2
:1097C0003B4B03EBC203D3E9002340464946F6F77F
:1097D000EDFF8BE7364901EBCA0142464B46D1E922
:1097E0000001F6F7B9FE80468946002EA4D1002379
:1097F00007939BE0002405940E940694049ADFF8E6
:10980000B890222313604FF000080E9B002B3FF40A
:10981000C4AD1A99049802F0CDF80699049802F0A4
:10982000C9F8DDE9040102F0C5F80E99049802F0C8
:10983000C1F80498214602F0BDF8AEE5F20703D561
:10984000D9E90023F6F788FE0137761009F10809F7
:109850007BE7CCD0CAF1000A4FEA2A161AF00F0AA9
:109860000DD11F2E2EDD002405940E940694049A2B
:1098700022234FF000084FF000091360C5E70C4B9E
:1098800003EBCA0340464946D3E90023F6F78EFFAF
:1098900080468946002EAAD0E3E700BFADE5000868
:1098A000B0E70008A5E50008E1E50008AFE700081B
:1098B00038E9000810E900080000F07F0000A07CF3
:1098C000FFFFEF7F16F0100318BF6A23754F079351
:1098D00040464946F30703D5D7E90023F6F73CFE97
:1098E000761007F10807F5D1079B80468946ABB192
:1098F000C1F30A52C2F16B03002B0F460EDD1F2B82
:1099000055DD342BDEBF4FF0FF33C2F14B029340E5
:10991000B046CCBF4FF05C7903EA01090022002376
:1099200040464946F7F780F800289CD10E9B0093EB
:10993000049823465A46294602F0A4F80E900028BF
:109940003FF458AFDDE905239B1A0A9A002AA8BF05
:1099500000231493002422EAE273169305940E9BCD
:109960000498596801F0E8FF069000283FF446AFDC
:109970000E9B1A69023203F10C0192000C3000F0C8
:109980002FFC49EC108B04981CAA1BA9CDE90C896B
:1099900002F0CCFB1A9000283FF430AF049801216C
:1099A00002F006F90590034640B9059326E74FF00B
:1099B000FF3202FA03F303EA0008AFE71B9D079AA0
:1099C000002DABBF149B169B169E149FACBFEF18C7
:1099D0005E1B1C9BAD1A1D44334A013D9542C3F1E9
:1099E000360354DA3149521B8D42A3EB02034FF088
:1099F000010140DB01FA02FA002507EB030B1E44CC
:109A0000079B5F451E443B46A8BF5B46B342A8BFC9
:109A10003346002BC2BFABEB030BF61AFF1A149BA5
:109A2000002B18DD1A46DDE9040102F08DF90590DE
:109A300003460028B9D001461A9A049802F0CEF8DD
:109A4000034600283FF4DAAE1A9904980F9301F008
:109A5000B1FF0F9B1A93BBF1000F1ADC0A9B002B7E
:109A600026DD169A0699049802F06EF906900346D0
:109A7000F0B90693C2E6C5F17F4505F57F0505F50A
:109A80007B45E23501FA05F54FF0010AB5E70025FF
:109A9000FAE71A9904985A4602F0B2F91A90002887
:109AA000DCD1ABE6D8E7000802FCFFFFE3FBFFFFD9
:109AB000002E08DD06990498324602F0A1F90690BE
:109AC00003460028D5D0002F08DDDDE904013A4621
:109AD00002F096F9059000283FF490AE069A1A9984
:109AE000049802F01BFA044600283FF487AEC368CE
:109AF0000F9300230599C36002F0F4F900283CDAC3
:109B00000F9B53EA08035FD1C9F313034E46002BA2
:109B10005AD129F000431B0D1B05B3F1D66F53D961
:109B2000636913B92369012B4EDD21460122049894
:109B300002F066F90599044602F0D4F9002843DDE5
:109B4000AD4B079A3340002A5DD0B3F1D66F5AD897
:109B5000B3F15C7F7FF68BAEA84B404649460022AE
:109B6000F6F7FAFCA44B0B4080468946002B7FF4A5
:109B700050AE049A222313604BE64E4660D10F9AF2
:109B8000C9F313034AB39E4A934229D1079B414626
:109B9000F3B1994B09EA0303B3F1D46F4FF0FF32ED
:109BA00019D81B0DC3F16B0302FA03F3994217D1C5
:109BB000944B9E4202D101313FF420AE8E4B334094
:109BC00003F580194FF00008079B002BC4D120E655
:109BD0004FF0FF33EAE71346E8E753EA0803AFD054
:109BE000D5B13542F0D00F9B079A40464946B3B1F4
:109BF000FFF762FBDDE90C0153EC102BF6F7F6FAE8
:109C000080468946E0E7A3F580136FEA13596FEAAF
:109C100009594FF0FF38D7E71AEA080FE2E7FFF7D4
:109C20004BFBDDE90C0153EC102BF6F7DDFA0022BB
:109C3000002380468946F6F7F7FE0028C4D016E6D2
:109C40000599204602F0CAFA5BEC10AB00224FF0F7
:109C5000804350465946F6F7FBFE002872D00F9B12
:109C6000002B7DD1B8F1000F58D1C9F31303002B9D
:109C70005AD1654B002250465946F6F7DFFE0028C0
:109C80005BD150465946614B0022F6F765FC82468F
:109C90008B460BF10043CDF820A00993DDE90823A2
:109CA000554DCDE9102306EA05031593584B06EAF6
:109CB00005029A4240F0B080A6F1547949EC108B2D
:109CC00002F0C4F9DDE9082351EC100BF6F744FC6F
:109CD00042464B46F6F78AFA4E4A0D409542804678
:109CE00045D90D9A474B9A4203D10C9B01333FF45F
:109CF00085ADDFF810914FF0FF381A99049801F004
:109D000059FE0699049801F055FEDDE9040101F0C1
:109D100051FE0498214601F04DFE20E6B8F1010FF6
:109D200002D1002E3FF4A3AD9FED2B7BDFF8D8B01E
:109D30008DED087B4FF0000AB0E7DFF8D0B04FF0B0
:109D4000000AA6E7314B504659460022F6F704FCBC
:109D50000F9B82468B46002B9BD0CDE908AB9DE73D
:109D60009FED1F7B8DED087B5BEC17AB96E701F158
:109D70005479079B002BC0D1159A29F000431B0D85
:109D8000B2EB035FB9D15046594603F005FAF6F736
:109D9000B5FB02460B4650465946F6F725FA0F9A90
:109DA000C9F3130343EA0803134306460F4672D070
:109DB0000DA3D3E90023F6F741FE00287FF429AD77
:109DC0000BA3D3E9002330463946F6F755FE0028A9
:109DD00093D01EE5AFF30080000000000000F0BF4C
:109DE000000000000000F03F9535A094FFFFDF3F2A
:109DF00035E5AF350000E03F0000F07F000050394E
:109E0000FFFF0F00FFFFEF7F0000F03F0000E03F8B
:109E10000000E07FFFFF9F7C079B33B3159BB3F1EE
:109E2000D46F22D828A3D3E9002350465946F6F729
:109E30000FFEA0B159465046F6F766FE012838BF1E
:109E40000120F6F70FFB0F9B82468B4603BB01F107
:109E5000004312901393DDE91223CDE91023119BE7
:109E6000159A03F1D6639B1A11939DED0C0BDDE956
:109E7000106702F0EBF8304653EC102B3946F6F73A
:109E80006BFBDDE90C23F6F7B1F98046894670E7F4
:109E9000CDE912ABDFE70EA3D3E90023F6F7CEFD41
:109EA00095E700230B93179A199B1360FFF779BA74
:109EB000652A3FF464AB452A3FF461AB0121FFF70B
:109EC0009FBB00BFAFF300800000C0FFFFFFDF417A
:109ED0009535A094FFFFCF3F0A4601460248034B49
:109EE0000068FFF709BA00BF7C01002010000020C5
:109EF000242B2DE9F047884601D8012B06D100F02C
:109F00003DF9162303600020BDE8F087344E0D466E
:109F1000294615F8014B375D17F00807F8D12D2CAD
:109F200010D12C7801278D1C33F0100115D1302C65
:109F30000DD1297801F0DF01582908D16C7802355C
:109F400010230AE02B2C04BF2C788D1CECE7002B8F
:109F5000F6D1302C14BF0A23082307F1004E0EF16E
:109F6000FF3E0021BEFBF3F90E4603FB19EAA4F104
:109F7000300CBCF1090F10D86446A3421EDDB1F1CC
:109F8000FF3F07D0B14516D301D1A24513DB06FB35
:109F90000346012115F8014BE9E7A4F1410CBCF19E
:109FA000190F01D8373CE8E7A4F1610CBCF1190F97
:109FB00004D8573CE1E74FF0FF31EBE74B1C05D1EC
:109FC00022230360764632B930469DE707B17642D8
:109FD000002AF9D009B105F1FF38C2F80080F3E793
:109FE00001E8000813460A46014602480068FFF7E8
:109FF0007FBF00BF7C0100202DE9F84380468946E1
:10A0000014460026D4E90175013F05D52468002CCB
:10A01000F8D13046BDE8F883AB89012B07D9B5F9F3
:10A020000E30013303D029464046C8470643683501
:10A03000EAE700000FB407B5064904AB086853F817
:10A04000042B8168019301F057FB03B05DF804EB2A
:10A0500004B070477C010020036A70B5846805462F
:10A060000E460BB9FFF710F9636EDB0705D4A38921
:10A07000980502D4A06D00F0ACF8A389190702D5A9
:10A080002369002B35D12146284602F047FA80B3D8
:10A090004FF0FF35636EDA0705D4A3899B0502D420
:10A0A000A06D00F097F8284670BD002B04DAA26975
:10A0B000934217DB0A2915D023685A1C22601970B5
:10A0C000A36816F8011F013BA3600029EDD18B4264
:10A0D00011DA22460A21284602F0E2F90130D7D0EF
:10A0E0000A25D7E72246284602F0DAF90130E7D1FF
:10A0F000CEE7013EE4E723685A1C22600A221A7068
:10A10000EEE70000024B01461868FFF7A5BF00BF4D
:10A110007C010020884210B501EB020402D9844280
:10A12000234607D8431EA14207D011F8012B03F89C
:10A13000012FF8E70244824200D110BD13F8011D3F
:10A1400002F8011DF7E702440346934200D170472D
:10A1500003F8011BF9E710B56AB1013984180278D8
:10A1600011F8013F9A4204D10130A04201D0002AE7
:10A17000F5D1D01A10BD1046FCE70000014B18685D
:10A18000704700BF7C01002070B50D4B0D4C0026C0
:10A190001D1BB6EBA50F09D103F034F80A4C0B4B8D
:10A1A00000261D1BB6EBA50F05D170BD54F8043B6E
:10A1B00098470136EDE754F8043B98470136F1E73C
:10A1C00040EA000840EA000840EA000844EA0008C3
:10A1D000704770477047000000487047000100203A
:10A1E0000A44914200F1FF3300D1704710B511F8D5
:10A1F000014B03F8014F9142F9D110BD000000005E
:10A200009FED010B704700BF000000000000F87FC9
:10A210002DE9F74F03690C69A34280467EDB013CC0
:10A2200001F11407A30000F11405009305EB84036A
:10A23000019357F8243055F8242001339A4207EB54
:10A240008409B2FBF3F62ED34FF0000ABC46AE46AB
:10A25000D3465CF8043B98B206FB00A0020C1B0C32
:10A2600006FB0323DEF8002080B292B2121A5A4491
:10A27000DEF800004FEA134A9BB2C3EB224303EB24
:10A28000104392B242EA0342E1454EF8042B4FEAF2
:10A29000234BDED2009BEB582BB9019B1A1F954232
:10A2A00030D3C8F81040404601F01CFE002825DBE2
:10A2B00001362946002057F8042BD1F800C01FFAB8
:10A2C00082FE1FFA8CF3A3EB0E030344120CC2EBC5
:10A2D000234202EB1C429BB243EA0243B94541F8D8
:10A2E000043B4FEA2240E6D255F8242005EB8403D4
:10A2F00022B9043B9D420BD3C8F81040304603B04E
:10A30000BDE8F08F1368002BCBD1043A013CC6E7BF
:10A310001A68002AF0D1043B013CEBE70020EEE78D
:10A320002DE9F04F99B08DED0E0B0C92C269229C75
:10A330000A9157EC106B8146139382B9102001F0FB
:10A34000FBF80246C9F81C0020B9A94BEF21A94827
:10A3500002F01AFA0023C0E901330360C3601168F8
:10A3600059B152684A60012393408B60484601F01E
:10A3700021FBD9F81C3000221A60B7F10008B5BFE4
:10A3800001230023236023609B4BBCBF28F00048BF
:10A39000CDF83C8033EA08031AD1139AC8F31308A6
:10A3A00042F20F7358EA0608136000F06185239BA0
:10A3B00053B9924B21E0924B00930833239A1360D8
:10A3C000009819B0BDE8F08F8C4B00930333F5E78C
:10A3D0009DED0E7B002251EC170B00238DED067BCB
:10A3E000F6F722FB824650B1139A01231360239B98
:10A3F00013B1239A834B1360834B0093E0E79DEDE9
:10A40000060B16AA17A9484601F090FE5FEA1854F9
:10A41000169D019079D0079BCDF850A0C3F313038C
:10A42000DDE9060143F07F5343F44013A4F2FF3407
:10A4300019460022754BF5F7D7FE67A3D3E9002331
:10A44000F6F78AF866A3D3E90023F5F7CFFE0646B0
:10A4500020460F46F6F716F863A3D3E90023F6F774
:10A460007BF802460B4630463946F5F7BFFE0646F6
:10A470000F46F6F721FB002280460023304639467E
:10A48000F6F7DCFA48B14046F5F7FCFF32463B46AA
:10A49000F6F7CAFA08B908F1FF38B8F1160F51D823
:10A4A0005B4B03EBC803D3E90023DDE90601F6F7B4
:10A4B000C5FA002848D008F1FF38002312932D1B5D
:10A4C0006B1E089343BF0023C5F1010708930027C3
:10A4D000B8F1000F3ADB089BCDF834804344089371
:10A4E000002309930A9B092B62D8052BC4BF043BA8
:10A4F0000A930A9BA3F10203CCBF00240124032B7F
:10A5000062D8DFE803F05153362B179C2C4404F239
:10A510003243202BC1BFC3F1400308FA03F804F211
:10A52000124326FA03F3D6BFC3F1200348EA03001F
:10A5300006FA03F0F5F796FF0122A1F1F873013C4A
:10A54000149275E70123B9E71290B8E7C8F1000348
:10A5500009930023A7EB08070D93C3E701230B938F
:10A560000C9B434405930133012B0493B8BF012393
:10A5700006E001230B930C9B002B28DDCDE904336F
:10A58000D9F81C000021042202F114059D4243D990
:10A590004160484601F0D0F9009000283FD11D4BA2
:10A5A000024640F2AF11D2E60023E3E70023D6E7EC
:10A5B00001240023CDE90A344FF0FF330022CDE916
:10A5C00004330C921223DBE701230B93F4E70123FE
:10A5D000CDE904330C93D3E761436F63A787D23F80
:10A5E000B3C8608B288AC63FFB799F501344D33F82
:10A5F000EBE5000802E600080000F07FE7E5000850
:10A60000DEE50008B1E50008B0E500080000F83F0D
:10A6100038E900086FE6000801315200B4E7D9F8C4
:10A620001C30009A1A60049B0E2B75D8002C73D036
:10A63000B8F1000F40F3C4809F4B08F00F0203EB0A
:10A64000C20318F4807FD3E900AB4FEA281500F06D
:10A65000A3809A4BDDE90601D3E90823F6F7A6F8B3
:10A66000CDE9020105F00F050324944E002D40F0C2
:10A67000998052465B46DDE90201F6F797F882467B
:10A680008B46129B002B00F0C3808D4B002250465E
:10A690005946F6F7D3F9002800F0BA80049B002B46
:10A6A00000F0B680059B002B36DD08F1FF330293E6
:10A6B00050465946834B0022F5F74EFF059E8246D1
:10A6C0008B4601342046F5F7DDFE52465B46F5F732
:10A6D00043FF7D4B0022F5F789FD0446A1F150753B
:10A6E000CDE91045002E40F09780784B002250466F
:10A6F0005946F5F779FD22462B4682468B46F6F7FA
:10A70000BBF9002840F0BD82224605F100435046C7
:10A710005946F6F793F920BB179B002BC0F28D81A9
:10A72000B8F10E0F00F38981634B03EBC803D3E943
:10A7300000AB0C9B002B80F21B81049B002B00F3D1
:10A7400017810ED1614B002250465946F5F704FFA0
:10A7500002460B46DDE90601F6F77AF9002800F01B
:10A76000938200252C460C9B009EDB4302932746D8
:10A7700000242946484601F01DF9002F00F0EE8024
:10A780002CB1BC4203D02146484601F013F93946AA
:10A79000484601F00FF9E1E09DED067B02248DEDC6
:10A7A000027B62E7E90708D550465946D6E90023FF
:10A7B000F5F7D2FE013482468B466D10083655E718
:10A7C00022D0C8F100053C4B3C4E05F00F0203EBD4
:10A7D000C203D3E90023DDE90601F5F7BDFE2D1123
:10A7E00082468B460224002D3FF44BAFEA0708D582
:10A7F00050465946D6E90023F5F7AEFE01348246AD
:10A800008B466D100836EEE7DDE906AB022438E72B
:10A81000049ECDF8088055E7274B03EBC60353E9A8
:10A8200002010B9B002B55D002460B460020284905
:10A83000F5F7BCFFDDE91023F5F7D6FC009BCDE969
:10A8400010019D191E4659465046F6F735F900F19C
:10A850003004F5F717FE02460B4650465946F5F709
:10A86000C3FCDDE9102306F8014B82468B46F6F760
:10A87000E5F8002872D152465B4611490020F5F7F1
:10A88000B3FCDDE91023F6F7D9F8002840F0B680D4
:10A89000AE423FF441AFDDE910010A4B0022F5F76B
:10A8A0005BFE084BCDE91001002250465946F5F7F2
:10A8B00053FE82468B46C6E738E9000810E90008D7
:10A8C0000000F03F0000244000001C400000144045
:10A8D0000000E03FDDE91023F5F73EFE009B009C01
:10A8E000CDE910013344159359465046F6F7E4F884
:10A8F00000F13005F5F7C6FD0B46024659465046B5
:10A90000F5F772FC04F8015B159B9C4282468B466E
:10A9100027D1009B0022DDE910011E44AA4BF5F768
:10A9200065FC02460B4650465946F6F7A5F8002846
:10A9300064D1DDE91023A4490020F5F755FC024657
:10A940000B4650465946F6F779F800283FF4E4AE36
:10A95000334616F8012D302AFAD01E46DDF808805D
:10A960003AE09A4B0022F5F7F7FD82468B46BBE7AB
:10A97000009E52465B46DDE90601F5F717FFF6F744
:10A980009BF80746F5F77EFD52465B46F5F7E4FD7A
:10A9900002460B46DDE90601F5F726FC07F1300C0F
:10A9A000009C06F801CBA6EB040C049C644502460F
:10A9B0000B4633D1F5F71AFC52465B4604460D466A
:10A9C000F6F75AF8C0B952465B4620462946F6F7D4
:10A9D0002BF808B1FB070FD40199484600F0EAFFB5
:10A9E0000023139A337008F101031360239B002B9B
:10A9F0003FF4E6AC1E60E3E4CDF8088033461E4623
:10AA000013F8012D392A06D1009A9A42F7D1029AF9
:10AA100001320292302201321A709FE76B4B002202
:10AA2000F5F79AFD02460B46CDE9062300220023E6
:10AA3000F5F7FAFF00289CD0CEE70B9A002A00F029
:10AA4000DF800A9A012A00F3C380149A002A00F0DA
:10AA5000B78003F23343099D3E46089A01211A4408
:10AA600048461F44089201F0A3F8044656B1089BDB
:10AA7000002B07DDB342089AA8BF3346FF1AF61A27
:10AA8000D31A0893099B0BB30B9B002B00F0BF80DC
:10AA9000002D00F0B98021462A46484601F054F9BD
:10AAA000019A01460446484601F098F80199824609
:10AAB000484600F07FFF099B5B1B099300F0AA80CA
:10AAC000099A5146484601F03FF901900121484654
:10AAD00001F06EF80D9B0546002B00F0D0811A4660
:10AAE0000146484601F030F90A9B012B054600F368
:10AAF00099800E9B002B40F090800F9BC3F31303B3
:10AB0000002B40F08A800F9B23F000431B0D1B0598
:10AB1000002B00F08580089B0133013708934FF02C
:10AB2000010A0D9B002B00F0B0812B6905EB83031C
:10AB3000186900F0F1FFC0F12000089B184410F0E4
:10AB40001F0076D01B2870DCC0F11C0007440644AF
:10AB500003440893002F05DD01993A46484601F069
:10AB60004FF90190089B002B05DD29461A464846FF
:10AB700001F046F90546129B002B5FD0019829464B
:10AB800001F0B0F9002859DA08F1FF330293019976
:10AB900000230A22484600F02FFF0B9B0190002B58
:10ABA00000F07581002321460A22484600F024FF68
:10ABB000059B002B044671DC0A9B022B47DC6DE0F1
:10ABC000169BC3F1360346E70000E03F0000244037
:10ABD000049B5D1E099BAB4208DB5D1B049B002BA5
:10ABE000BFF63AAF049BFE1A002336E7099B0D9A85
:10ABF0000995EB1A1A440D92049B3E4600252CE75A
:10AC0000099D0B9C3E4631E7DDF804A058E7099A00
:10AC1000019957E7CDF804A058E74FF0000A80E704
:10AC20009A467EE74FF0000A7FE71C2892D0C0F1D9
:10AC300020001C30089B0744064489E7049BCDF89C
:10AC40000880002B24DC05930A9B022B22DD059B48
:10AC5000002B7FF488AD2946059B0522484600F06D
:10AC6000CBFE01460546019801F03CF900287FF72C
:10AC70007AAD009E312306F8013B029B013302931B
:10AC800075E535462C46F4E7049DCDF80880F9E7D4
:10AC9000049B05930B9B002B00F0FD80002E05DD2F
:10ACA00021463246484601F0ABF80446BAF1000F9F
:10ACB00058D06168484600F03FFE064628B9814BEF
:10ACC000024640F2EF21FFF742BB226902329200B6
:10ACD00004F10C010C30FFF783FA0122314648469B
:10ACE00001F08EF80746009B009A03F10108059BCE
:10ACF000134406930E9B03F0010308932946019821
:10AD0000FFF786FA2146049000F1300B019801F01C
:10AD1000E9F83A4605902946484601F0FFF8C2682E
:10AD200008F1FF3A0646FAB90146019801F0DAF84F
:10AD3000024631464846099200F03CFEDDE909230F
:10AD400042EA0301089B194346460FD1BBF1390F74
:10AD500028D0059B002B02DD049B03F1310B8AF800
:10AD600000B006E52746BEE70122E2E7059B002B7F
:10AD700004DB0A990B4308990B4320D1002AEEDD2E
:10AD800001990122484601F03BF82946019001F063
:10AD9000A9F8002803DCE2D11BF0010FDFD0BBF1E2
:10ADA000390FD9D139238AF8003033461E46013B8A
:10ADB00016F8012C392A52D001321A70D9E4002A2F
:10ADC00007DDBBF1390FEDD00BF101038AF800303C
:10ADD000CFE4069B08F801BC43452AD00199002323
:10ADE0000A22484600F008FEBC4201904FF00003E2
:10ADF0004FF00A022146484606D100F0FDFD044608
:10AE0000074608F1010879E700F0F6FD39460446E7
:10AE100000230A22484600F0EFFD0746F1E7059BB4
:10AE20005E1E002B009BD8BF00265A1C27461644E6
:10AE3000002401990122484600F0E2FF29460190D2
:10AE400001F050F80028B0DC02D11BF0010FACD1AA
:10AE500033461E4613F8012D302AFAD089E4009AB1
:10AE60009A42A3D1029B013302933123137080E4F1
:10AE7000239B002B7FF49FAA134BFFF7BEBA0A9BBC
:10AE8000012B7FF736AEDDF834A0012055E6059B97
:10AE9000002B7FF7D9AE009E01982946FFF7B8F93D
:10AEA00000F1300B009B06F801BBF21A059B9342A0
:10AEB000B5DD019900230A22484600F09DFD01906E
:10AEC000EAE700BF6FE60008DEE500080369B3EBC0
:10AED000611F2DE9F0434FEA611200F1140443DDD4
:10AEE00011F01F0104EB830C04EB82050CD100F17F
:10AEF00010062946614532D39B1A9B00033DAC45A1
:10AF000038BF0023234414E054F82260C1F1200824
:10AF1000CE4005F1040EA146F44515D89A1A9200C8
:10AF2000043A0135AC4538BF0022A318A65006B13B
:10AF300004331A1BA3424FEAA20208BF0023026196
:10AF400008BF4361BDE8F083DEF8007007FA08F738
:10AF5000374349F8047B5EF8046BCE40DCE751F8D8
:10AF6000047B46F8047FC5E72346E2E7A0F13003FF
:10AF7000092B02D82038C0B27047A0F16103052B1D
:10AF800001D84738F7E7A0F14103052B01D827384E
:10AF9000F1E70020704700002DE9F04F85B00F4623
:10AFA00002930B68019091469C1C20783028A046A3
:10AFB00004F10104F9D0A8EB0303A3F1020BFFF79E
:10AFC000D5FF8246002838D19F4901224046FFF72D
:10AFD000C2F80546002863D198F801002646FFF71D
:10AFE000C5FF00285ED020783028A04604F1010477
:10AFF000F9D0FFF7BBFFB0FA80F4640935464FF093
:10B00000010BC24656460AF1010A3078FFF7AEFF3F
:10B010000028F7D18C4901223046FFF79CF878B917
:10B0200045B9554656460AF1010A3078FFF79EFFAA
:10B030000028F7D1AD1BAD0004E000242546E0E771
:10B04000002DF7D1337803F0DF03502B37D173781D
:10B050002B2B29D02D2B2BD0711C4FF0000A0878F8
:10B06000FFF784FF431EDBB2182B28D8A0F1100293
:10B0700011F8010FFFF77AFF431EDBB2182B1AD924
:10B08000BAF1000F00D0524215443960CCB1BBF187
:10B09000000F0CBF06270027384605B0BDE8F08F2B
:10B0A000464655460124CDE74FF0000AB11CD6E7CD
:10B0B0004FF0010AFAE70A2303FB0200D6E7314604
:10B0C000E3E7A6EB0803013B2146072B0ADC0198C6
:10B0D00000F032FC044640B95C4B0246E4215C4877
:10B0E00001F052FB01315B10EFE700F1140A00237D
:10B0F00057469B46B04537D347F804BBA7EB0A0732
:10B10000BB102361584600F007FDD9F80060C0EB82
:10B11000C707B74254DDBF1B3946204601F0B2F8DD
:10B12000804678B17B1E591103F01F025AF8211096
:10B130004FF0010808FA02F20A4203D0434536DC18
:10B140004FF0020839462046FFF7C0FE3D44D9F8CB
:10B150000830AB4242DA0198214600F02BFC0E9AEF
:10B1600000231360A32797E716F8012D2E2A12D08B
:10B17000202B04D147F804BB4FF0000B5B4630781E
:10B180000393FFF7F3FE039B00F00F0098404BEA98
:10B19000000B0433AEE7B045EAD82B4903930122F4
:10B1A0003046FEF7D8FF039B0028E1D1A2E7B91E85
:10B1B000204601F067F80028C2D04FF00308C1E72D
:10B1C00009DAF71B214601983A4600F019FEED1BFB
:10B1D000044600F1140A4FF00008B8E7D9F804302B
:10B1E000AB426FDD5D1BAE4234DCD9F80C30022B74
:10B1F00022D0032B24D0012B15D1AE4213D1012E26
:10B200000BD1029AD9F80430136001232361CAF8E4
:10B2100000300E9B62271C603EE7711E204601F045
:10B2200031F80028EDD10198214600F0C3FB0E9AB9
:10B230000023136050272FE70F9B002BF3D1E0E78B
:10B240000F9B002BDDD1EEE7D4E500086FE6000888
:10B2500080E600086F1EB8F1000F30D127B13946E3
:10B26000204601F00FF880467A1101235AF8222077
:10B2700007F01F07BB4013422946204618BF48F07D
:10B280000208761BFFF722FED9F804500227B8F116
:10B29000000F42D0D9F80C30022B15D0032B17D059
:10B2A000012B09D118F0020F06D0DAF8003048EA75
:10B2B000030818F0010F0ED147F010072DE04FF0F2
:10B2C0000108D1E70127E2E70F9BC3F101030F93C8
:10B2D0000F9B002BF0D0D4F810A004F1140303EB63
:10B2E0008A0100201A68B2F1FF3F1BD001321A60B8
:10B2F000022F04F114033CD1D9F80020013AB242E4
:10B3000009D17111012253F8213006F01F0602FA0B
:10B3100006F61E423AD147F020070E9B1C60029BA6
:10B320001D60B9E643F8040B9942DBD8A3689A453F
:10B3300017DB61680198013100F0FEFA804618B908
:10B340001A4B02468421CAE62269023204F10C013A
:10B3500092000C30FEF744FF2146019800F02AFBD2
:10B36000444623695A1C04EB8303226101225A617B
:10B37000BEE7226952450BDD01212046FFF7A6FDFD
:10B38000D9F808300135AB42FFF6E5AE0127C2E738
:10B3900016F01F06FAD003EB8A03C6F1200653F815
:10B3A000040C00F0B9FBB042E6DBEFE76FE6000803
:10B3B000C2F10802920070B5C2F120064368046829
:10B3C00003FA06F52C43D340046040F8043F88425A
:10B3D000F4D370BD30B503680139013311F8014F62
:10B3E00014B90360012030BD13F8012BA2F141050F
:10B3F000192D98BF2032A242F0D00020F3E72DE9AA
:10B40000F04F0B6887B05E11029013F01F0302EB40
:10B4100086060193029B18BF04360025371F196862
:10B4200046F8045C9046B9463C46AB46AA464A7884
:10B430004B1C039332B3104605910492FFF796FD1F
:10B44000002851D1049A0599202A16D8DA4512DD30
:10B450004C4506D2072D04DC2A4649462046FFF714
:10B46000A7FF444553D90023A4F1040944F8043C40
:10B47000D3464C461D460399D9E7292A59D1029B48
:10B4800002311960BAF1000F53D04C4506D2072D96
:10B4900004DC2A4649462046FFF78AFF444538D94E
:10B4A000A8F10402234653F8041B42F8041F9F42EC
:10B4B000F9D23B1B23F003030134033EB44288BF9F
:10B4C000002308F10402134400211A4604339F426A
:10B4D0001160FAD23B681BB9474528D101233B6074
:10B4E000052007B0BDE8F08F0135082D0AF1010AEB
:10B4F00006DD4445BFD9002344F8043C0125043C43
:10B50000226800F00F0040EA02102060B3E708252F
:10B51000B1E7019B002BDDD0C3F120034FF0FF32D8
:10B52000DA4056F8043C134046F8043CD2E7043FA6
:10B53000D0E70420D5E70000024B0146186800F070
:10B5400025B800BF7C01002070B50F4C0E46216865
:10B55000054611B901F0D4F820603146284601F0C3
:10B56000CFF8431C03D14FF0FF34204670BDC41CFC
:10B5700024F00304A042F8D0211A284601F0C0F8B4
:10B580000130F2D1EFE700BF6C4700202DE9F8430E
:10B59000CD1C25F0030508350C2D38BF0C25002DDA
:10B5A000064601DBA94204D90C2333600020BDE824
:10B5B000F883334F00F0B4F93B681C463CBB294686
:10B5C0003046FFF7C1FF431C044656D13C68A046F5
:10B5D000B8F1000F40D1002C49D0236841463046D5
:10B5E00004EB030901F08CF8814540D121686D1A04
:10B5F00029463046FFF7A8FF013038D023682B4496
:10B6000023603B685A685ABBC7F800800EE0226886
:10B61000521B1ED40B2A16D96119A342256018BFEC
:10B620005960636808BF396062514B60304600F072
:10B630007DF904F10B00231D20F00700C21A1CBF86
:10B640001B1AA350B3E76268A3420CBF3A605A606A
:10B65000ECE723466468B1E74446D8F80480B7E7CE
:10B660001A465B68A342FBD100235360DEE70C233C
:10B670003360304600F05AF998E70560D6E700BF1E
:10B680007047002082B001B901A942B14BB11378D3
:10B690000B601278101E18BF012002B070471046D0
:10B6A000FBE76FF00100F8E79368013B002B10B453
:10B6B000936007DA9469A34201DB0A2902D110BC26
:10B6C00000F0EEBE1368581C10601970084610BCDC
:10B6D0007047F8B506460F461446D518AC4201D15E
:10B6E000002007E014F8011B3A463046FFF7DCFF64
:10B6F000431CF3D1F8BD00002DE9F04706469CB08D
:10B700000D4614461F4618B1036A0BB9FDF7BCFD80
:10B710006B6ED90705D4AB899A0502D4A86DFEF7E4
:10B7200058FDAB891B0701D52B699BB929463046CB
:10B7300000F0F4FE70B16B6EDE0704D54FF0FF3001
:10B740001CB0BDE8F087AB899C05F7D4A86DFEF767
:10B7500041FDF3E70023099320238DF82930039757
:10B7600030236A4F8DF82A304FF0010823461A78AB
:10B7700099461AB1252A03F10103F8D1B9EB040A5D
:10B780000BD05346224629463046FFF7A2FF013030
:10B7900000F0A380099A5244099299F80030002BD6
:10B7A00000F09B8000224FF0FF33CDE9053209F114
:10B7B0000109049207928DF853201A924C460522F3
:10B7C00014F8011B5148F4F7B3FC049AD0B9D00621
:10B7D00044BF20238DF85330110744BF2B238DF82D
:10B7E000533099F800302A2B13D007994B4600208C
:10B7F0004FF00A0C1A78303A092A1C464AD9A8B1E7
:10B80000079113E0C01B08FA00F010430490A14612
:10B81000D4E7039B191D1B680391002BBBBF5B4240
:10B8200042F0020207930793B8BF049223782E2BAD
:10B830000AD163782A2B32D1039B1A1D1B6803920D
:10B8400043EAE37302340593DFF8D09021780322B2
:10B850004846F4F76DFC38B1049BA0EB0900402288
:10B860008240134301340493217829488DF828102D
:10B870000622F4F75DFC00283ED0264818BB039B47
:10B88000073323F0070308330393099B0344013470
:10B8900009936BE701330CFB01210120AAE7002388
:10B8A0000593611C18464FF00A0C0A78303A092AB1
:10B8B0000C4603D9002BC7D00590C5E701310CFB1E
:10B8C00000200123F1E703AB00932A46124B04A9A1
:10B8D0003046FDF787F8431CD7D16B6ED90705D4E6
:10B8E000AB899A0502D4A86DFEF774FCAB895B06A0
:10B8F0003FF524AF099823E703AB00932A46064B94
:10B9000004A93046FDF708FBE5E700BFF5E60008AF
:10B91000FFE60008E5890008D3B60008FBE600084A
:10B920000148FEF756BC00BF684700200148FEF7FB
:10B9300051BC00BF6847002070B5C46905460E467B
:10B9400084B91020FFF7F8FD0446E86128B90246E3
:10B95000164B17486B2100F017FF0023C0E9013395
:10B960000360C360E36853B921220421284600F034
:10B9700029FFEB69E060DB680BB9002070BD53F86C
:10B98000260030B1026843F826200023C0E90333C3
:10B99000F4E7012101FA06F4621D9200284600F046
:10B9A00011FF0028E9D0C0E90164EEE7EBE50008EB
:10B9B00006E7000870B5C46906460D4674B9102044
:10B9C000FFF7BAFD0246F06120B9094B09488F2103
:10B9D00000F0DAFEC0E901440460C4603DB1F369DF
:10B9E0006A68DB6853F82210296043F8225070BD62
:10B9F000EBE5000806E700082DE9F0410D69074670
:10BA00000C461E4601F1140C0020DCF8003099B2FF
:10BA100002FB01611E0C0B0C02FB063389B20130E4
:10BA200001EB034185424CF8041B4FEA1346ECDC62
:10BA30000EB3A368AB4219DC616838460131FFF7E9
:10BA40007BFF804628B902460C4B0D48BA2100F016
:10BA50009BFE2269023204F10C0192000C30FEF7C9
:10BA6000BFFB21463846FFF7A5FF444604EB85039C
:10BA700001355E6125612046BDE8F0816FE6000872
:10BA800006E700082DE9F843884614461F460922B8
:10BA90000833064693FBF2F3002101229A4209DBA8
:10BAA0003046FFF749FF40B90246194B1948D321E8
:10BAB00000F06AFE52000131F0E7089B4361092C57
:10BAC0004FF00103036108DC08F10A050924641B37
:10BAD0002B199F4212DCBDE8F88308F10905A9463D
:10BAE000A04419F8013B0146303B0A223046FFF7DB
:10BAF00083FFC145F5D12544083DE8E715F8013B32
:10BB00000146303B0A223046FFF776FFE0E700BFF0
:10BB10006FE6000806E70008B0F5803F034636BF31
:10BB2000030400201020B3F1807F3CBF1B020830CB
:10BB3000B3F1805F3CBF1B010430B3F1804F3CBFC9
:10BB40009B000230002B04DB5B0001D50130704705
:10BB500020207047036813F0070201460BD0DA0774
:10BB600022D4980749BF5B089B0801200B605CBF8B
:10BB70000B600220704798B2A0B91B0C1020DAB2FB
:10BB80000AB908301B0A1A0704BF1B0904309A07B8
:10BB900004BF9B080230DA0702D45B0806D00130EC
:10BBA0000B6070471046EAE700207047202070477E
:10BBB00010B50C460121FFF7BFFE024628B9054B20
:10BBC000054840F2451100F0DFFD012344610361A7
:10BBD00010BD00BF6FE6000806E700082DE9F04F32
:10BBE000D1F81080D2F81090C84585B00E461446A2
:10BBF00004DB4B460C46C14616469846A36861686E
:10BC000009EB0807BB42B8BF0131FFF795FE30B919
:10BC100002464B4B4B484FF4B17100F0B5FD00F1BB
:10BC2000140505EB870B2B4600225B4522D306F15A
:10BC3000140101EB880304F1140C0CEB890C029342
:10BC400004F1150363458CBF002301230093ACEB83
:10BC50000403153B9B080193029B03918B420CD874
:10BC6000002F03DD5BF8043D002B67D0076105B0B2
:10BC7000BDE8F08F43F8042BD7E7B1F800A0BAF184
:10BC8000000F28D004F11408A9464FF0000E58F810
:10BC9000042BD9F8003096B29BB20AFB0633D9F8D0
:10BCA0000060120C360C73440AFB026606EB134666
:10BCB0009BB243EA0643C44549F8043B4FEA164E9B
:10BCC000E5D8009A019B002A4FEA830308BF0023AE
:10BCD0002B44C3F804E0039BB3F802E00431BEF147
:10BCE000000F29D02B6804F114069846A9464FF09E
:10BCF000000A32880EFB02A202EB18429BB243EA12
:10BD0000024349F8043B56F8043BD9F800804FEA57
:10BD1000134A1FFA88F30EFB0A3303EB1243B445B0
:10BD20004FEA134AE5D8009E019A002E4FEA82029C
:10BD300008BF00222A44536004358DE7013F8FE796
:10BD40006FE6000806E700082DE9F843174612F0F1
:10BD5000030280460D4607D0264C013A002354F8D2
:10BD60002220FFF749FE0546BF103FD0D8F81C40FF
:10BD700094B91020FFF7E0FB0446C8F81C0030B966
:10BD800002461D4B1D4840F2B31100F0FDFC00239C
:10BD9000C0E901330360C360A66846B940F271216F
:10BDA0004046FFF705FF0023A060064603602C46CF
:10BDB0004FF0000907F001037F1053B129463246C6
:10BDC0004046FFF70BFF214605464046FFF7F2FDD0
:10BDD00067B1306838B9324631464046FFF7FEFE5B
:10BDE0003060C0F8009006462C46E3E72846BDE8E0
:10BDF000F88300BF04E90008EBE5000806E7000847
:10BE00002DE9F84F0C4649682669A36806EB6216CF
:10BE1000074691464FEA621A06F1010843450BDBDB
:10BE20003846FFF789FD054648B902462B4B2C489A
:10BE30004FF4EF7100F0A8FC01315B00EEE700F178
:10BE4000140100230A461846534539DB20692AEAC3
:10BE5000EA7A01EB8A0104F1140319F01F098C46F8
:10BE600003EB800030D0C9F1200A4FF0000E1A68B1
:10BE7000E34602FA09F242EA0E02CBF8002053F838
:10BE8000042B98420CF1040C22FA0AFEEFD8031B93
:10BE9000153B23F0030304F11502904238BF002341
:10BEA0001944C1F804E0BEF1000F00D1B046384695
:10BEB000C5F810802146FFF77DFD2846BDE8F88FC4
:10BEC00042F8040B0133BFE753F8041BCCF8001011
:10BED00098420CF1040CF7D8E8E700BF6FE60008C1
:10BEE00006E7000803690A699B1A30B50ED11430C1
:10BEF000143100EB820401EB820154F8045D51F827
:10BF0000042D954204D006D24FF0FF33184630BDC1
:10BF1000A042F2D3FAE70123F8E700002DE9F74F3A
:10BF20008A460646114650461446FFF7DBFF051EBB
:10BF300012D129463046FFF7FFFC024628B9414B93
:10BF400040F23721404800F01FFC0123C0E90435CE
:10BF5000104603B0BDE8F08FBCBF5346A246304642
:10BF6000DAF80410BABF1C4601250025FFF7E4FCEF
:10BF7000024618B9334B40F24521E3E7DAF8107076
:10BF80002669C5600AF1140904F1140E00F11405C4
:10BF90000AF1100309EB87080EEB86060193AB4606
:10BFA0004FF0000C019B5EF8040B53F804AF0193B3
:10BFB0001FFA8AF183B2CB1A000C6344C0EB1A401B
:10BFC00000EB23409BB243EA004376454BF8043B29
:10BFD0004FEA204CE6D8331B153B153423F00303FE
:10BFE000A64238BF0023E8184B441C1D04302646E7
:10BFF000A5EB090546450ED308F10301091B21F005
:10C0000003010133984538BF0021014451F8043D34
:10C01000ABB117619CE706EB050E56F8041BE24630
:10C020004FEA11491CFA81FC514409EB2C4989B2B1
:10C0300041EA09414FEA294CCEF80010DAE7013F06
:10C04000E4E700BF6FE6000806E7000882B08DED68
:10C05000000B019A0F4B1340A3F15073002B08DC27
:10C060005B42B3F1A07F4FEA235204DA4FF400237E
:10C070001341002208E0A2F114031E2BDABF4FF097
:10C080000042DA40012200231946104641EC100B11
:10C0900002B070470000F07FF8B5056900F11406A2
:10C0A00006EB85052F1F55F8044C2046FFF734FD9D
:10C0B000C0F120030A280B6016DCC0F10B0C24FA37
:10C0C0000CF1BE4241F07F5334BF55F8081C0021EB
:10C0D000153004FA00F021FA0CF143F44013014347
:10C0E0000A4643EC102BF8BDBE423ABF55F8081C77
:10C0F000A5F1080700210B3812D0C0F1200521FA64
:10C1000005F384401C43B74244F07F538CBF57F87B
:10C11000044C00248140EC4043F440132143DFE70A
:10C1200044F07F5343F44013DAE700002DE9F7436E
:10C130000F46012159EC108B1646FFF7FDFB054613
:10C1400030B90246234B244840F20F3100F01CFB6B
:10C15000C9F30A54C9F313030CB143F480130193D8
:10C16000B8F1000323D068460093FFF7F3FC009971
:10C17000D8B1019AC0F1200302FA03F30B43C24085
:10C180006B610192019BAB61002B0CBF012202226B
:10C190002A61A4B1A4F2334404443C60C0F13500E8
:10C1A0003060284603B0BDE8F0836961EAE701A882
:10C1B000FFF7D0FC019B6B6120300122E8E705EB23
:10C1C0008203A0F2324038601869FFF7A5FCC0EB8B
:10C1D0004210E5E76FE6000806E70008F7B50E46EF
:10C1E00069460746FFF758FF01A9304655EC104B4A
:10C1F000B0EE407AF0EE607AFFF74EFF33693A69AD
:10C20000D21ADDE900369B1B03EB4213002BD4BF8F
:10C2100010EE902A17EE902A51EC100BD6BFC3EB0C
:10C22000033302EB035502EB03510B46024629464A
:10C230002046F4F7BBFA41EC100B03B0F0BD013916
:10C2400070B549111469013102F1140300EB810149
:10C2500003EB8404051FA3420CD3A31A113B23F064
:10C2600003031132944238BF00231844002388424C
:10C2700005D370BD53F8046B45F8046FEBE740F845
:10C28000043BF4E700F1140200694B11984210B529
:10C2900011DB0ADD11F01F0107D052F8234024FA08
:10C2A00001F000FA01F18C420BD102EB83039342BF
:10C2B00003D8002010BD0346F7E753F8041D0029FA
:10C2C000F5D00120F6E710B50C46B1F90E1000F0DC
:10C2D00005FA0028ABBF636DA3891B1823F48053B4
:10C2E000ACBF6365A38110BD2DE9F0411F468B896A
:10C2F000DB0505460C46164605D5B1F90E1002239E
:10C30000002200F0D9F9A389B4F90E1023F4805368
:10C31000A38132463B462846BDE8F04100F000BA12
:10C3200010B50C46B1F90E1000F0C6F9B4F90C3096
:10C33000421C0BBF23F4805343F48053A381A38199
:10C3400018BF606510BDB1F90E1000F0FBB9000018
:10C35000B1F90C202DE9F041160705460C4651D4E1
:10C360004B68002B02DC0B6C002B49DDE66A002ECB
:10C3700046D0002312F480522F682B6031D0626DBA
:10C38000A389590705D56368D21A636B0BB1236C77
:10C39000D21A0023E66A216A2846B047421CB4F943
:10C3A0000C3006D129681D2945D8284ACA40D6072D
:10C3B00041D500226260D9042269226004D5421C62
:10C3C00001D12B6803B96065616B2F60C1B104F1C5
:10C3D0004403994202D0284600F008FA0023636320
:10C3E0000EE0216A01232846B0470246501CC7D1FF
:10C3F0002B68002BC4D01D2B01D0162B1AD12F6017
:10C4000000201DE00F69002FFAD093070E6808BFC7
:10C410004B690F6018BF0023A6EB07088B60B8F1CB
:10C42000000FEDDD216AA66A43463A462846B0472A
:10C43000002807DCA38943F04003A3814FF0FF30BD
:10C44000BDE8F0810744A8EB0008E8E701004020C0
:10C4500038B50B6905460C4613B91D46284638BD4C
:10C4600018B1036A0BB9FCF70FFFB4F90C30002BBD
:10C47000F3D0626ED00704D4990502D4A06DFDF705
:10C48000A8FE28462146FFF763FF636EDA070546DC
:10C49000E4D4A3899B05E1D4A06DFDF79BFEDDE705
:10C4A000F8B505460F46144618B1036A0BB9FCF7F8
:10C4B000EBFEA369A360A3891A0701D5236943B9D9
:10C4C0002146284600F02AF818B14FF0FF363046D2
:10C4D000F8BD23692068C01A6369834205DC2146E0
:10C4E0002846FFF7B5FF0028EFD1A368013BA36002
:10C4F00023685A1C22601F70636901308342FEB2B8
:10C5000004D0A389DB07E2D50A2EE0D121462846D4
:10C51000FFF79EFF0028DAD0D7E7000038B5284B98
:10C52000054618680C4618B1036A0BB9FCF7ACFE57
:10C53000B4F90C30190720D4DA0607D409222A608E
:10C5400043F04003A3814FF0FF3031E0580711D58D
:10C55000616B41B104F14403994202D0284600F0D6
:10C5600045F9002363630022A38962602269226087
:10C5700023F0240343F00803A38123694BB9A38963
:10C5800003F42073B3F5007F03D02146284600F062
:10C590004AF8B4F90C3013F001020AD00022A2606C
:10C5A00062695242A261226942B913F08000C7D188
:10C5B00038BD990758BF6269A260F4E70020F7E729
:10C5C0007C01002049B1FF2A85BF8A2303600A70DD
:10C5D0004FF0FF3098BF012070470846704770B594
:10C5E0000E46B1F90E10002996B014461D460ADA1F
:10C5F000B28912F0800213D14FF4806100202A60CA
:10C60000216016B070BD6A4600F0ACF80028EFDB80
:10C61000019A02F47042A2F500535A425A41EBE7E4
:10C6200000224021EAE78B8973B59E0705460C4638
:10C6300007D504F14703236023610123636102B03E
:10C6400070BD01AB6A46FFF7CAFF009E284631461F
:10C65000FEF79CFFB4F90C3038B99A05EFD423F0FB
:10C66000030343F00203A381E3E743F08003A381C4
:10C67000019B2060C4E90406002BE0D0B4F90E1041
:10C68000284600F009F80028D9D0A38923F0030335
:10C6900043F00103A381D2E738B5064C00230546D9
:10C6A00008462360FAF768FA431C02D1236803B1F5
:10C6B0002B6038BD7447002038B5074C0546084646
:10C6C0001146002222601A46FAF758FA431C02D19A
:10C6D000236803B12B6038BD7447002038B5074C80
:10C6E000054608461146002222601A46FAF71EFA4D
:10C6F000431C02D1236803B12B6038BD744700206E
:10C7000038B5064C0023054608462360FAF738FA88
:10C71000431C02D1236803B12B6038BD744700204D
:10C7200038B5074C054608461146002222601A46D5
:10C73000FAF70AFA431C02D1236803B12B6038BD13
:10C740007447002038B5064C002305460846236090
:10C75000FAF708FA431C02D1236803B12B6038BDF5
:10C760007447002038B5074C00230546084611469B
:10C770002360FAF7FBF9431C02D1236803B12B6055
:10C7800038BD00BF744700201FB51D46094B1B680C
:10C790000646D86852B1084C0091CDE901420749DC
:10C7A00033462A4600F06EF800F07EF8044C22462C
:10C7B000F2E700BF7C01002074E7000881E7000871
:10C7C000AFE7000870B5A1FB026535B93146FEF749
:10C7D000DDFE044628B9204670BD0C23036000240A
:10C7E000F9E732462946FDF7AEFCF4E737B50029F4
:10C7F00044D051F8043C0190002BA1F10404B8BFCF
:10C80000E418FFF78DF81E4A0198136833B9636086
:10C81000146003B0BDE83040FFF788B8A34208D9E0
:10C82000256861198B4201BF19685B68491921604D
:10C83000EDE71A465B680BB1A342FAD911685518A7
:10C84000A5420BD1246821445418A3421160E0D1C1
:10C850001C685B6853600C441460DAE702D90C234F
:10C860000360D6E7256861198B4204BF19685B68CD
:10C87000636004BF491921605460CAE703B030BD4A
:10C88000704700200EB403B5014603AB054853F8CA
:10C89000042B00680193FEF72FFF02B05DF804EB54
:10C8A00003B070477C01002008B5062000F02CF88A
:10C8B0000120FAF735F91F2938B505460C4604D989
:10C8C000162303604FF0FF3038BDC26B12B152F82F
:10C8D00021304BB9284600F031F82246014628465F
:10C8E000BDE8384000F018B8012B0AD0591C03D11C
:10C8F000162303600120E7E7002142F824102046B8
:10C9000098470020E0E70000024B01461868FFF757
:10C91000D2BF00BF7C01002038B5074C002305467C
:10C92000084611462360FAF7F3F8431C02D1236846
:10C9300003B12B6038BD00BF74470020FAF7E6B89A
:10C9400000B52DED028B83B0B0EE408ACDED010A2B
:10C9500000F07CFADDED010AB4EE608AF1EE10FA27
:10C9600006D6DFED0C7AF4EE670AF1EE10FA03D08A
:10C9700003B0BDEC028B00BDCDED017AFDF7FEFBEF
:10C98000DDED017A87EEA70A2123036003B0BDEC39
:10C99000028B00BD0000000008B52DED048BB0EE49
:10C9A000409AF0EE609A00F07FF8B0EE408AF0EE28
:10C9B000608AB0EE490AF0EE690A00F065F878B1D5
:10C9C00019A3D3E9002351EC190BF4F755F870B90A
:10C9D00017A3D3E9002351EC190BF4F72FF898B9FA
:10C9E000B0EE480AF0EE680ABDEC048B08BD9FED7E
:10C9F0000A8BFDF7C3FBB0EE480AF0EE680ABDEC07
:10CA0000048B2223036008BDFDF7B8FB22239FEDB2
:10CA1000048B0360E4E700BF000000000000F07F2B
:10CA20000000000000000000EF39FAFE422E8640B0
:10CA300051302DD5104987C000B52DED028BB0EED9
:10CA4000408A83B000F02CF8B4EE488AF1EE10FA78
:10CA500006D6DFED0C7AB4EEE78AF1EE10FA03D4D5
:10CA600003B0BDEC028B00BDCDED017AFDF786FB76
:10CA7000DDED017A87EEA70A2123036003B0BDEC48
:10CA8000028B00BD0000000082B08DED000B01980C
:10CA900040F0004000F58010C00F02B0704700BFAA
:10CAA000B1EEC00A704700BF2DE9F04755EC104BBE
:10CAB000D34925F000428A4286B04FEAD5760CD998
:10CAC000D0498A4270D9C5F31303234340F05481FF
:10CAD000002E66D09FEDB20B63E0CB4B9A4200F282
:10CAE0001A81CA4B9A4240F2308122462B46204698
:10CAF0002946F3F731FDACA3D3E9002306460F46E0
:10CB0000F3F72AFDAAA3D3E90023F3F76DFB32461E
:10CB10003B46F3F721FDA8A3D3E90023F3F766FB17
:10CB200032463B46F3F718FDA5A3D3E90023F3F7FC
:10CB30005BFB32463B46F3F70FFDA3A3D3E900238B
:10CB4000F3F754FB32463B46F3F706FD02460B462D
:10CB500020462946F3F748FBCDE90201DDE90289C9
:10CB6000204642464B462946F3F7F6FC002206468D
:10CB70000F464FF0804340464946F3F735FB0246E7
:10CB80000B4630463946F3F711FE22462B46F3F7A3
:10CB90002BFB02460B4600209D49F3F725FB41EC99
:10CBA000100B06B0BDE8F08789A3D3E90023204627
:10CBB0002946F3F761FF0746002840F0E88086A386
:10CBC000D3E9002320462946F3F738FF002840F038
:10CBD0003781904B204603EBC606294680A3D3E954
:10CBE0000023F3F7B9FCD6E90023F3F7FFFAF3F7D4
:10CBF00063FF0646F3F746FC7BA3D3E90023074611
:10CC00008846F3F7A9FC02460B4620462946F3F76F
:10CC1000EBFA02460B463846414691469A4674A3C3
:10CC2000D3E90023F3F798FCCDE90001DDE9002307
:10CC300048465146F3F7D8FA02460B4604460D46DD
:10CC4000F3F78AFC58A3D3E9002307468846F3F795
:10CC500083FC57A3D3E90023F3F7C6FA3A464346C9
:10CC6000F3F77AFC54A3D3E90023F3F7BFFA3A466B
:10CC70004346F3F771FC52A3D3E90023F3F7B4FA68
:10CC80003A464346F3F768FC4FA3D3E90023F3F792
:10CC9000ADFA3A464346F3F75FFC02460B462046A0
:10CCA0002946F3F7A1FA07468846204629463A4620
:10CCB0004346CDE90278F3F74FFCCDE90401002E9D
:10CCC0003FF44CAF3A46434600204FF08041F3F723
:10CCD0008BFA02460B46DDE90401F3F767FD0246D5
:10CCE0000B46DDE90001F3F77FFA4A465346F3F7B6
:10CCF0007BFA0B46024646490020F3F775FA6FF4BB
:10CD00007F739E42C0F28E8001EB065141EC100B06
:10CD100006B0BDE8F087404B9A423FF65AAF3F4B12
:10CD200003EBC603D3E9002320462946F3F75CFA58
:10CD30003B4B03EBC60393ED007B86F001038DEDC7
:10CD4000007B81468A469E1B70E72BA3D3E9002314
:10CD500020462946F3F74AFA2D4B0022F3F78CFEC2
:10CD600000283FF4C2AE2A4B002220462946F3F7A2
:10CD70003DFA41EC100B14E722462B46204629468B
:10CD8000F3F734FA41EC100B06B0BDE8F087002051
:10CD900006B0BDE8F04700F0E7B900BFAFF3008090
:10CDA0000000000000000000D0A4BE726937663E9B
:10CDB000F16BD2C541BDBB3E2CDE25AF6A56113F9B
:10CDC00093BDBE166CC1663F3E5555555555C53F82
:10CDD000EF39FAFE422E864051302DD5104987C0DA
:10CDE000FE822B654715F73F0000E0FE422EE63F2E
:10CDF000763C7935EF39EA3D9C7500883CE4377E16
:10CE0000412E8640FFFFEF7F422ED63FFFFFEF3DD2
:10CE10000000F03F20EA0008B1A2F03F10EA00084D
:10CE200000EA000806F57A7301EB035100224FF087
:10CE3000B873F3F791FB41EC100B06B0BDE8F08737
:10CE4000384606B0BDE8F04700F086B910EE903ADB
:10CE500030B523F00044621EB2F1FF4F3FD210EE16
:10CE6000101A21F0004EBEF1FF4F38D2A6453ADB32
:10CE700001F00042154600F09D8011F0FF4F03F0D5
:10CE8000FF4C49D14FEA0E206FF07D024000002890
:10CE900002F1FF32FADCBCF1000F5BD123026FF02C
:10CEA0007D0C5B000CF1FF3CFBD512F17E0F6CDAC0
:10CEB0006FF07D00831AA0EB0C00B2EB0C020EFAAF
:10CEC00003F104FA00F36DD0013A03E03AD04100D7
:10CED000013A09D3C81A0028F8DA4900F8E760EEE9
:10CEE000200A80EEA00A30BDCB1A48BF0B461BB902
:10CEF00028E05B000CF1FF3CB3F5000FF9DB1CF1FF
:10CF00007E0F38DA6FF07D00A0EB0C00034145EA9C
:10CF1000030200EE102A30BD4FEAEE52BCF1000FC2
:10CF200016D0E415C1F31601C3F31603121B41F426
:10CF3000000143F40003A4F17F0CC5D1CB1A002BF0
:10CF400018DBD6D1224B03EB557393ED000A30BDAD
:10CF50007F3AA3E7E415A4F17F0C6FF07D01891AF5
:10CF6000C3F31603A2EB0C0243F400030EFA01F123
:10CF7000013AAFE70B46A3F500030CF17F0C2B43FE
:10CF800043EACC5300EE103A30BD6FF07D00C1F3A0
:10CF90001601A0EB0C0041F40001A2EB0C0204FA14
:10CFA00000F391E7CB1A002B0ADBCBD0B3F5000FCF
:10CFB0009FDBABE7064B03EB527393ED000A30BDEA
:10CFC0000029BFD0B1F5000F0B4692DB9EE700BFF2
:10CFD00030EA000808B52DED028BF0EE408AB0EE85
:10CFE000608A00F047F820B9B0EE480ABDEC028B29
:10CFF00008BDB0EE480A00F03DF858B1F4EEC88A1A
:10D00000F1EE10FAC8BFB0EE688AB0EE480ABDEC87
:10D01000028B08BDB0EE688AB0EE480ABDEC028B08
:10D0200008BD00BF08B52DED028BF0EE408AB0EED2
:10D03000608A00F01FF820B9B0EE480ABDEC028B00
:10D0400008BDB0EE480A00F015F858B1B4EEE88A11
:10D05000F1EE10FAC8BFB0EE688AB0EE480ABDEC37
:10D06000028B08BDB0EE688AB0EE480ABDEC028BB8
:10D0700008BD00BF10EE103A33F000400ED0A0F50E
:10D080000003B3F1FE4F0DD3074B421E9A4207D95E
:10D09000A0F1FF40B0FA80F04009704702207047CD
:10D0A0000320704704207047FEFF7F0010EE103A07
:10D0B000C3F3C752002BA2F17F01ACBF01204FF098
:10D0C000FF301E290DDC00291ADBC3F316031629D5
:10D0D00043F400030ADD963A03FA02F202FB00F081
:10D0E0007047FDEEC07A17EE900A70474FF4800249
:10D0F0000A411A44C1F11701CA4002FB00F070470F
:10D10000013118BF0020704710B582B08DED000BC3
:10D110000446FDF733F89DED000B046002B010BD2E
:10D1200000B5034683B051EC100B83B1024601F108
:10D130000043CDE90023DDE90023F3F70DFA41ECCC
:10D14000100B222003B05DF804EBFFF7DDBF0246B1
:10D150000B46EEE7000000009FED010BFFF7E0BF7C
:10D1600000000000000000109FED010BFFF7D8BF8A
:10D17000000000000000007080EA104080EA1020EB
:10D1800080EA101046F6961300F00F0043FA00F004
:10D1900000F00100704700BF38B5002200230446AC
:10D1A0000D46F3F74BFC28B920462946BDE8384028
:10D1B00000F00AB8204605F1004100F005F84042B1
:10D1C00061EB410138BD00BF70B50C4B0022044635
:10D1D0000D46F3F7C1F9F3F797FC0646F3F742F96A
:10D1E000074B0022F3F7B8F902460B4620462946C2
:10D1F000F2F7FAFFF3F788FC314670BD0000F03D0E
:10D200000000F041F8B500BFF8BC08BC9E4670476E
:0CD21000F8B500BFF8BC08BC9E46704793
:10D2200000070E091C1B1215383F363124232A2D06
:10D2300070777E796C6B6265484F464154535A5DF6
:10D24000E0E7EEE9FCFBF2F5D8DFD6D1C4C3CACDE6
:10D2500090979E998C8B8285A8AFA6A1B4B3BABDD6
:10D26000C7C0C9CEDBDCD5D2FFF8F1F6E3E4EDEAC6
:10D27000B7B0B9BEABACA5A28F88818693949D9AB6
:10D280002720292E3B3C35321F18111603040D0AA6
:10D290005750595E4B4C45426F68616673747D7A96
:10D2A000898E878095929B9CB1B6BFB8ADAAA3A486
:10D2B000F9FEF7F0E5E2EBECC1C6CFC8DDDAD3D476
:10D2C000696E676075727B7C51565F584D4A434466
:10D2D000191E171005020B0C21262F283D3A333456
:10D2E0004E49404752555C5B7671787F6A6D646346
:10D2F0003E39303722252C2B0601080F1A1D141336
:10D30000AEA9A0A7B2B5BCBB9691989F8A8D848325
:10D31000DED9D0D7C2C5CCCBE6E1E8EFFAFDF4F315
:10D3200000000000000000000102030406070809D5
:10D3300000000000010203040D0A0D0A0D0A0D0A87
:10D340000D0000003E3E2041746865616E204D6F07
:10D35000746F7220436F6E74726F6C6C6572203CD8
:10D360003C0D00003E3E2056657273696F6E3A2098
:10D3700025642E25642E2564203C3C0D0A00000007
:10D380003E3E20496E76616C69642F756E696E69E8
:10D390007469616C697A656420636F6E666967752C
:10D3A000726174696F6E3B207573696E67205241BC
:10D3B0004D2064656661756C7473202843414E206E
:10D3C00052583D312054583D3029203C3C0D00003E
:10D3D0003E3E204452563833323320636F6E6669C6
:10D3E0006775726174696F6E2F72656164626163E3
:10D3F0006B206661696C65643B206D6F746F722091
:10D400006D6F64652072656D61696E73206C6F630A
:10D410006B6564203C3C0D00436865636B696E6717
:10D42000207068617365207369676E2C20706F6C63
:10D43000652070616972730D0000000043616C69C2
:10D4400062726174696F6E206661696C65643A200E
:10D45000696E76616C696420656E636F64657220C5
:10D46000646973706C6163656D656E7420252E341C
:10D4700066207261640D0A0043616C6962726174B6
:10D48000696F6E206661696C65643A206D656173D1
:10D490007572656420706F6C6520706169727320AD
:10D4A0002564202864656C746120252E3466207202
:10D4B0006164290D0A0000005068617365206F7275
:10D4C00064657220636F72726563740D0000000002
:10D4D0005377617070696E6720706861736520733F
:10D4E00069676E0D00000000506F6C652050616927
:10D4F00072733A2025640D0A0000000053746172B3
:10D50000743A20252E3366202020456E643A20256B
:10D510002E33660D0A000000506F6C652050616963
:10D520007273203E2025642C2072656D616C6C6FD7
:10D5300063206572726F725F6172725B5D207369E6
:10D540007A652E0D0A0000005374617274696E676B
:10D55000206F66667365742063616C20616E642061
:10D560006C696E656172697A6174696F6E0D000035
:10D57000256420256420256420252E33660D0A00AD
:10D580002564202025640D0A000000006C6F6F7078
:10D590005F636F756E743A20256C750D0A0000008C
:10D5A0000A0D4641554C540A0D0000005644535F85
:10D5B0004F43500A0D0000004744460A0D0000008A
:10D5C00055564C4F0A0D00004F5453440A0D0000AD
:10D5D0005644535F48410A0D000000005644535F13
:10D5E0004C410A0D000000005644535F48420A0DAA
:10D5F000000000005644535F4C420A0D000000003A
:10D600005644535F48430A0D000000005644535FE0
:10D610004C430A0D0000000053415F4F430A0D00C8
:10D6200053425F4F430A0D0053435F4F430A0D00BF
:10D630004F54570A0D000000435055560A0D000084
:10D640005647535F48410A0D000000005647535F9C
:10D650004C410A0D000000005647535F48420A0D36
:10D66000000000005647535F4C420A0D00000000C6
:10D670005647535F48430A0D000000005647535F6A
:10D680004C430A0D0000000020436F6D6D616E6415
:10D69000733A0D00206D2020202D204D6F746F7285
:10D6A000204D6F64650D000020632020202D204355
:10D6B000616C69627261746520456E636F64657246
:10D6C0000D00000020732020202D205365747570FC
:10D6D0000D00000020652020202D20446973706C0F
:10D6E000617920456E636F6465720D00207A202099
:10D6F000202D20536574205A65726F20506F736916
:10D7000074696F6E0D00000020657363202D204545
:10D7100078697420746F204D656E750D00000000EF
:10D720000D0A20436F6E66696775726174696F6E6A
:10D73000204F7074696F6E73200A0D006D696E0062
:10D74000706172616D65746572000000707265666B
:10D750006978000020252D347320252D3331732066
:10D76000252D357320252D367320252D32730D0A76
:10D770000000000063757272656E742076616C75CE
:10D78000650000006D6178000D0A204D6F746F72A6
:10D790003A0D00003000000047656172205261744C
:10D7A000696F00006700000020252D347320252DAF
:10D7B00033317320252D357320252D367320252EEA
:10D7C00033660A0D000000002D000000546F7271D6
:10D7D000756520436F6E7374616E7420284E2D6DD5
:10D7E0002F4129006B00000020252D347320252DAA
:10D7F00033317320252D357320252D367320252EAA
:10D8000035660A0D000000000D0A20436F6E747229
:10D810006F6C3A0D000000003130300043757272B9
:10D82000656E742042616E6477696474682028486C
:10D830007A2900006200000020252D347320252D58
:10D8400033317320252D357320252D367320252E59
:10D8500031660A0D00000000323030300000000058
:10D86000302E300043757272656E74204C696D699C
:10D8700074202841290000006C00000036302E3052
:10D88000000000004D617820506F736974696F6EFD
:10D8900020536574706F696E74202872616429006A
:10D8A000700000004D61782056656C6F6369747973
:10D8B00020536574706F696E742028726164292F1B
:10D8C00073000000760000004D617820506F73698E
:10D8D00074696F6E204761696E20284E2D6D2F721E
:10D8E0006164290078000000313030302E300000B3
:10D8F0004D61782056656C6F636974792047616962
:10D900006E20284E2D6D2F7261642F732900000048
:10D9100064000000352E3000465720437572726552
:10D920006E74204C696D6974202841290000000044
:10D930006600000033332E300000000054656D7027
:10D94000204375746F666620284329202830203DC7
:10D95000206E6F6E652900006800000031353000D0
:10D96000436F6E74696E756F75732043757272655F
:10D970006E742028412900006300000034302E30EE
:10D980000000000043616C6962726174696F6E200F
:10D9900043757272656E7420284129006100000091
:10D9A00032302E30000000000D0A2043414E3A0D67
:10D9B0000000000043414E2049440000690000007F
:10D9C00020252D347320252D33317320252D3573DB
:10D9D00020252D367320252D35690A0D0000000005
:10D9E0003132370043414E20545820494400000052
:10D9F0006D00000043414E2054696D656F757420C1
:10DA0000286379636C6573292830203D206E6F6E22
:10DA1000652900007400000020252D347320252D79
:10DA200033317320252D357320252D367320256441
:10DA30000A0D00003130303030300000200A0D2057
:10DA4000546F206368616E676520612076616C7534
:10DA5000652C207479706520277072656669782757
:10DA60002776616C75652727454E544552270A0D68
:10DA700020652E672E202762313030302727454E13
:10DA8000544552270D0A200056414C554553204E0F
:10DA90004F542041435449564520554E54494C203B
:10DAA000504F574552204359434C4521200A0D0AF7
:10DAB0000D00000043616C6962726174696F6E20D1
:10DAC00072656A65637465643B2070726576696F20
:10DAD000757320636F6E66696775726174696F6EC6
:10DAE00020726573746F7265642E0D00455F5A4530
:10DAF000524F3A202564202025660D0A00000000C0
:10DB0000436F6E66696775726174696F6E207361C9
:10DB100076652072656A65637465643B2070726522
:10DB200076696F75732064617461207072657365C6
:10DB3000727665642E0D0000495F4257207365744C
:10DB400020746F2025660D0A0000000043414E5FDF
:10DB500049442073657420746F2025640D0A000009
:10DB600043414E5F54585F49442073657420746F7D
:10DB70002025640D0A000000495F4D41582073655F
:10DB80007420746F2025660D0A000000495F465717
:10DB90005F4D41582073657420746F2025660D0A0F
:10DBA0000000000043414E5F54494D454F555420FD
:10DBB00073657420746F2025640D0A0054454D5020
:10DBC0005F4D41582073657420746F2025660D0ADF
:10DBD00000000000495F4D41585F434F4E54207391
:10DBE000657420746F2025660D0A0000495F43416B
:10DBF0004C2073657420746F2025660D0A000000A8
:10DC000047522073657420746F2025660D0A00004A
:10DC10004B542073657420746F2025660D0A000034
:10DC20004B505F4D41582073657420746F202566FA
:10DC30000D0A00004B445F4D4158207365742074F9
:10DC40006F2025660D0A0000505F4D415820736516
:10DC50007420746F2025660D0A000000565F4D4148
:10DC6000582073657420746F2025660D0A0000002B
:10DC70000D0A2027256327204E6F742061207661CE
:10DC80006C696420636F6D6D616E6420707265668F
:10DC900069780D0A0D0A00005A65726F207361766B
:10DCA000652072656A65637465643B207072657691
:10DCB000696F757320646174612070726573657239
:10DCC0007665642E0D0000000A0D202053617665F4
:10DCD00064206E6577207A65726F20706F73697447
:10DCE000696F6E3A202025640A0D0A0D00000000BD
:10DCF0005261773A202535640000000020204C69ED
:10DD00006E656172697A656420436F756E743A203E
:10DD100025356400202053696E676C652054757248
:10DD20006E3A2520342E33660000000020204D7509
:10DD30006C7469205475726E3A2520352E33660056
:10DD40002020456C656374726963616C3A252035E7
:10DD50002E33660020205475726E733A252032648B
:10DD600000000000202056616C69643A25750000AF
:10DD700020205350493A256C750000002020506146
:10DD8000726974793A256C750000000020204546C0
:10DD90003A256C750D0A000000010206050000001E
:10DDA000000000002975493CDF6EC93C6F0E173D2D
:10DDB0003160493D8FA97B3D38F4963D6B0EB03DF7
:10DDC0004721C93D5E2EE23DEC2FFB3D7F130A3E0D
:10DDD000698C163E76FD223EA5662F3E97CA3B3ED5
:10DDE0004A29483E807D543EDAC9603E560E6D3E5B
:10DDF000F54A793E3CBD823E0FD1883EA4DF8E3E7F
:10DE0000FBE8943EC4EB9A3EFFE7A03EFCDEA63E54
:10DE10006CCFAC3E4EB9B23EA29CB83E1878BE3E26
:10DE2000B24BC43EBD18CA3EECDDCF3EED99D53EA7
:10DE3000614FDB3E59FAE03EC39EE63EB038EC3E11
:10DE400071C9F13E5452F73EBBD0FC3E5322013F14
:10DE5000B2D7033FD387063FB532093F5AD80B3FAD
:10DE6000C0780E3F4013113F82A8133FDF37163FA3
:10DE700055C1183FE5441B3F8FC21D3F543A203F18
:10DE80008AAB223FDB16253F9E7B273FD3D9293F14
:10DE90007B312C3FED812E3F79CC303FD00F333F8B
:10DEA000F14B353F8481373FE2AF393F0AD73B3FE3
:10DEB000FDF63D3F130F403F9B20423F9E29443FCC
:10DEC000132C463F0326483FBD184A3F9B034C3F57
:10DED000F3E54D3F16C14F3FB493513F745E533F3E
:10DEE0005721553F0EDB563F8F8D583FE3365A3F43
:10DEF000B2D75B3FA4705D3F69005F3F5188603FD0
:10DF00000C07623F9A7C633FA3E9643F274E663F5C
:10DF10007EA9673F50FC683F4E456A3FC6856B3F10
:10DF200012BD6C3F31EB6D3F23106F3F412B703FB3
:10DF3000D93D713F9D46723F3546733F9F3C743FCC
:10DF40003529753F9E0C763F32E6763F9AB6773F8D
:10DF50002C7D783FEB39793F7CED793F39977A3FDB
:10DF600022377B3F36CD7B3F75597C3F87DC7C3F3A
:10DF70001D557D3F87C47D3F74297E3F34857E3F9C
:10DF800077D67E3F8E1E7F3F295C7F3FEF8F7F3F9E
:10DF900088BA7F3FA5DA7F3FEDF07F3F61FD7F3F8D
:10DFA0000000803F23F87F3F19E77F3F92CB7F3F00
:10DFB00037A67F3FAF777F3FAB3E7F3FD2FB7E3FB1
:10DFC00025AF7E3FA3587E3F4DF87D3F228E7D3F9B
:10DFD000221A7D3F4E9C7C3FA5147C3F27837B3FCC
:10DFE000D5E77A3F57437A3F0395793FDBDC783FAB
:10DFF000DF1A783FB54F773FB77A763FE59B753F9D
:10E00000E5B3743FB9C2733FB9C7723F8BC3713F69
:10E0100031B6703F029F6F3FA67E6E3F1D556D3F2C
:10E0200068226C3F86E66A3F1FA2693FE353683F60
:10E0300022FD663F349D653F1A34643F22C3623F30
:10E040005648613FACC55F3FD6395E3F7AA55C3F1D
:10E050009A085B3F3563593F4AB5573F82FF553FAA
:10E060008E40543F637A523FB4AB503F80D44E3F12
:10E070006FF54C3F280F4B3F5C20493FB329473F8A
:10E08000D42B453F1826433F7E18413FB0033F3F06
:10E09000ABE73C3F72C43A3F5B99383FB667363FC7
:10E0A000DC2E343FCCEE313F2FA82F3F5C5A2D3F62
:10E0B000FB052B3F0DAB283F9049263F2EE2233F27
:10E0C0009773213F19FF1E3FB6841C3FC5031A3FBB
:10E0D000957D173FD8F0143FDD5E123FFCC60F3F21
:10E0E00035290D3F2F860A3FECDD073F6A30053F9B
:10E0F000AA7D023F598BFF3E3012FA3E8A8EF43ED3
:10E100000803EF3E096DE93EDDCDE33E8525DE3EA9
:10E110004F75D83E3CBDD23EFCFBCC3EDF32C73E05
:10E120003563C13E5D8ABB3E47ACB53E05C5AF3EDB
:10E1300084D8A93E75E5A33E89EA9D3E60EA973EF4
:10E14000F7E4913E02D98B3ECEC7853EB7627F3E53
:10E15000F52D733EB7EE663EFDA45A3E65534E3E26
:10E16000F0F9413E3D9B353E0E32293EA0C31C3E98
:10E17000F44F103E0AD7033EC4B1EE3DB9A5D53DDC
:10E18000A298BC3D1B82A33D49658A3D6685623DE0
:10E19000D637303DF7C7FB3CC615973C5374C93B97
:10E1A0005374C9BBC61597BCF7C7FBBCD63730BD87
:10E1B000668562BD49658ABD1B82A3BDA298BCBDB0
:10E1C000B9A5D5BDC4B1EEBD0AD703BEF44F10BE8C
:10E1D000A0C31CBE0E3229BE3D9B35BEF0F941BE28
:10E1E00065534EBEFDA45ABEB7EE66BEF52D73BE96
:10E1F000B7627FBECEC785BE02D98BBEF7E491BEA3
:10E2000060EA97BE89EA9DBE75E5A3BE84D8A9BE23
:10E2100005C5AFBE47ACB5BE5D8ABBBE3563C1BEEA
:10E22000DF32C7BEFCFBCCBE3CBDD2BE4F75D8BEF4
:10E230008525DEBEDDCDE3BE096DE9BE0803EFBE78
:10E240008A8EF4BE3012FABE598BFFBEAA7D02BF81
:10E250006A3005BFECDD07BF2F860ABF35290DBF29
:10E26000FCC60FBFDD5E12BFD8F014BF957D17BF8F
:10E27000C5031ABFB6841CBF19FF1EBF977321BF09
:10E280002EE223BF904926BF0DAB28BFFB052BBF55
:10E290005C5A2DBF2FA82FBFCCEE31BFDC2E34BF70
:10E2A000B66736BF5B9938BF72C43ABFABE73CBFB5
:10E2B000B0033FBF7E1841BF182643BFD42B45BFD4
:10E2C000B32947BF5C2049BF280F4BBF6FF54CBF38
:10E2D00080D44EBFB4AB50BF637A52BF8E4054BFA0
:10E2E00082FF55BF4AB557BF356359BF9A085BBF18
:10E2F0007AA55CBFD6395EBFACC55FBF564861BF6B
:10E3000022C362BF1A3464BF349D65BF22FD66BF5D
:10E31000E35368BF1FA269BF86E66ABF68226CBF6D
:10E320001D556DBFA67E6EBF029F6FBF31B670BF19
:10E330008BC371BFB9C772BFB9C273BFE5B374BF36
:10E34000E59B75BFB77A76BFB54F77BFDF1A78BF49
:10E35000DBDC78BF039579BF57437ABFD5E77ABF37
:10E3600027837BBFA5147CBF4E9C7CBF221A7DBF38
:10E37000228E7DBF4DF87DBFA3587EBF25AF7EBFE7
:10E38000D2FB7EBFAB3E7FBFAF777FBF37A67FBFDD
:10E3900092CB7FBF19E77FBF23F87FBF000080BF0C
:10E3A00061FD7FBFEDF07FBFA5DA7FBF88BA7FBF79
:10E3B000EF8F7FBF295C7FBF8E1E7FBF77D67EBF6A
:10E3C00034857EBF74297EBF87C47DBF1D557DBF48
:10E3D00087DC7CBF75597CBF36CD7BBF22377BBFC6
:10E3E00039977ABF7CED79BFEB3979BF2C7D78BF47
:10E3F0009AB677BF32E676BF9E0C76BF352975BFD9
:10E400009F3C74BF354673BF9D4672BFD93D71BFF7
:10E41000412B70BF23106FBF31EB6DBF12BD6CBFBE
:10E42000C6856BBF4E456ABF50FC68BF7EA967BFFB
:10E43000274E66BFA3E964BF9A7C63BF0C0762BF27
:10E44000518860BF69005FBFA4705DBFB2D75BBF7A
:10E45000E3365ABF8F8D58BF0EDB56BF572155BFCD
:10E46000745E53BFB49351BF16C14FBFF3E54DBFA8
:10E470009B034CBFBD184ABF032648BF132C46BFA1
:10E480009E2944BF9B2042BF130F40BFFDF63DBFF6
:10E490000AD73BBFE2AF39BF848137BFF14B35BFED
:10E4A000D00F33BF79CC30BFED812EBF7B312CBF75
:10E4B000D3D929BF9E7B27BFDB1625BF8AAB22BFDE
:10E4C000543A20BF8FC21DBFE5441BBF55C118BFC2
:10E4D000DF3716BF82A813BF401311BFC0780EBF2D
:10E4E0005AD80BBFB53209BFD38706BFB2D703BF17
:10E4F000532201BFBBD0FCBE5452F7BE71C9F1BE5E
:10E50000B038ECBEC39EE6BE59FAE0BE614FDBBE3A
:10E51000ED99D5BEECDDCFBEBD18CABEB24BC4BEB0
:10E520001878BEBEA29CB8BE4EB9B2BE6CCFACBE0F
:10E53000FCDEA6BEFFE7A0BEC4EB9ABEFBE894BE1D
:10E54000A4DF8EBE0FD188BE3CBD82BEF54A79BE27
:10E55000560E6DBEDAC960BE807D54BE4A2948BEE3
:10E5600097CA3BBEA5662FBE76FD22BE698C16BE3D
:10E570007F130ABEEC2FFBBD5E2EE2BD4721C9BD55
:10E580006B0EB0BD38F496BD8FA97BBD316049BD1F
:10E590006F0E17BDDF6EC9BC297549BC00000000B5
:10E5A000494E4600696E66004E414E006E616E0037
:10E5B0003000303132333435363738394142434414
:10E5C000454600303132333435363738396162638D
:10E5D000646566002E004300504F53495800496E51
:10E5E00066696E697479004E614E005245454E541D
:10E5F000206D616C6C6F6320737563636565646522
:10E6000064002F566F6C756D65732F646174612F94
:10E610006A656E6B696E732F776F726B737061636F
:10E62000652F676E755F746F6F6C636861696E7379
:10E630002F61726D5F6275696C64732F61726D2DED
:10E6400031352F7372632F6E65776C69622D637934
:10E650006777696E2F6E65776C69622F6C6962638C
:10E660002F7374646C69622F64746F612E6300424F
:10E67000616C6C6F632073756363656564656400CA
:10E680002F566F6C756D65732F646174612F6A65A9
:10E690006E6B696E732F776F726B73706163652F2A
:10E6A000676E755F746F6F6C636861696E732F61FD
:10E6B000726D5F6275696C64732F61726D2D313597
:10E6C0002F7372632F6E65776C69622D637967773C
:10E6D000696E2F6E65776C69622F6C6962632F7348
:10E6E00074646C69622F6764746F612D6765746808
:10E6F00065782E6300232D302B2000686C4C00655C
:10E700006667454647002F566F6C756D65732F64BD
:10E710006174612F6A656E6B696E732F776F726BB0
:10E7200073706163652F676E755F746F6F6C63687C
:10E7300061696E732F61726D5F6275696C64732FAE
:10E7400061726D2D31352F7372632F6E65776C6931
:10E75000622D63796777696E2F6E65776C69622FBA
:10E760006C6962632F7374646C69622F6D7072657B
:10E77000632E63002C2066756E6374696F6E3A2099
:10E7800000617373657274696F6E20222573222095
:10E790006661696C65643A2066696C652022257340
:10E7A000222C206C696E65202564257325730A0070
:10E7B00034000000CEFBFFFFCB030000010000008F
:10E7C0000000000035000000CEFBFFFFCB0300007F
:10E7D0000100000000000000BC89D897B2D29C3C28
:10E7E00033A7A8D523F649393DA7F444FD0FA53238
:10E7F0009D978CCF08BA5B25436FAC6428066811DF
:10E800000020202020202020202028282828282000
:10E8100020202020202020202020202020202020F8
:10E820002088101010101010101010101010101060
:10E830001004040404040404040404101010101050
:10E84000101041414141414101010101010101011A
:10E85000010101010101010101010101101010106C
:10E8600010104242424242420202020202020202EC
:10E870000202020202020202020202021010101040
:10E880002000000000000000000000000000000068
:10E890000000000000000000000000000000000078
:10E8A0000000000000000000000000000000000068
:10E8B0000000000000000000000000000000000058
:10E8C0000000000000000000000000000000000048
:10E8D0000000000000000000000000000000000038
:10E8E0000000000000000000000000000000000028
:10E8F0000000000000000000000000000000000018
:10E900000000000005000000190000007D0000006C
:10E910000080E03779C34143176E05B5B5B893461B
:10E92000F5F93FE9034F384D321D30F94877825AE7
:10E930003CBF737FDD4F1575000000000000F03F05
:10E9400000000000000024400000000000005940CA
:10E950000000000000408F40000000000088C3401D
:10E9600000000000006AF8400000000080842E4192
:10E9700000000000D01263410000000084D79741DE
:10E980000000000065CDCD41000000205FA00242E4
:10E99000000000E876483742000000A2941A6D4259
:10E9A000000040E59C30A2420000901EC4BCD6424C
:10E9B00000003426F56B0C430080E03779C34143F7
:10E9C00000A0D8855734764300C84E676DC1AB436D
:10E9D000003D9160E458E143408CB5781DAF15448B
:10E9E00050EFE2D6E41A4B4492D54D06CFF0804466
:10E9F000F64AE1C7022DB544B49DD9794378EA447B
:10EA0000763C7935EF39EA3D763C7935EF39EABD28
:10EA10000000E0FE422EE63F0000E0FE422EE6BF90
:10EA2000000000000000E03F000000000000E0BF28
:08EA300000000000000000805E
:08EA3800F816FF7F0100000049
:04EA4000510C00086D
:04EA4400290C000891
:10EA4800000E270700000000030000002C460020ED
:10EA5800430000000000000000000000000000006B
:10EA6800000000000000000000000000000000009E
:10EA7800430000000000000000000000000000004B
:10EA8800000000000000000000000000000000007E
:10EA9800430000000000000000000000000000002B
:10EAA800000000000000000000000000000000005E
:10EAB800430000000000000000000000000000000B
:10EAC800000000000000000000000000000000003E
:10EAD80043000000000000000000000000000000EB
:10EAE800000000000000000000000000000000001E
:10EAF80043000000000000000000000000000000CB
:10EB080000000000000000000000000000000000FD
:10EB180043000000000000000000000000000000AA
:10EB280000000000000000000000000000000000DD
:10EB3800C5C5000885B600080000000000E8000808
:10EB4800D4E50008AFE70008AFE70008AFE7000822
:10EB5800AFE70008AFE70008AFE70008AFE7000835
:10EB6800AFE70008AFE70008FFFFFFFFFFFFFFFF69
:10EB7800FFFFFFFFFFFF0000010041534349490029
:10EB8800000000000000000000000000000000007D
:10EB98000000000000000000000041534349490004
:10EBA800000000000000000000000000000000005D
:10EBB80000000000000000000000000080010020AC
:10EBC800000000002C46002094460020FC4600204F
:10EBD800000000000000000000000000000000002D
:10EBE800000000000000000000000000000000001D
:10EBF800000000000000000000000000000000000D
:0CEC080000000000000000000000000000
:040000050800885116
:00000001FF
