:020000040800F2
:10000000000001205D7D000885610008896100080D
:1000100095610008A1610008AD61000800000000C2
:10002000000000000000000000000000B9610008AE
:10003000BD61000800000000C1610008C561000842
:10004000AD7D0008AD7D0008AD7D0008AD7D0008E8
:10005000AD7D0008AD7D0008AD7D0008AD7D0008D8
:10006000AD7D0008AD7D0008AD7D0008AD7D0008C8
:10007000AD7D0008AD7D0008AD7D0008AD7D0008B8
:10008000AD7D0008AD7D0008AD7D0008AD7D0008A8
:10009000C9610008AD7D0008AD7D0008AD7D000898
:1000A000AD7D00083D630008AD7D0008AD7D000812
:1000B000AD7D0008AD7D0008AD7D0008AD7D000878
:1000C000AD7D0008AD7D0008AD7D0008AD7D000868
:1000D000AD7D0008AD7D000815640008AD7D000809
:1000E000BD630008AD7D0008AD7D0008AD7D000852
:1000F000AD7D0008AD7D0008AD7D0008AD7D000838
:10010000AD7D0008AD7D0008AD7D0008AD7D000827
:10011000AD7D0008AD7D0008AD7D0008AD7D000817
:10012000AD7D0008AD7D0008AD7D0008AD7D000807
:1001300001F0FF01102A2BDB10F0070F08D010F898
:10014000013B013A8B422DD010F0070F42B3F6D19C
:10015000F0B441EA012141EA014122F007047FF0B5
:1001600000070023F0E80256083C85EA010586EA0C
:10017000010685FA47F5A3FA87F586FA47F6A5FA48
:1001800087F68EB9EED1F0BC01F0FF0102F0070254
:1001900032B110F8013B013A83EA010313B1F8D1FF
:1001A0000020704701387047002D06BF35460338E0
:1001B000073815F0010F07D1013015F4807F02BF19
:1001C000013015F4C03F0130F0BC0138704700BF6A
:1001D000034613F8012B002AFBD1181A0138704787
:1001E00081F0004102E000BF83F0004330B54FEAE8
:1001F00041044FEA430594EA050F08BF90EA020F55
:100200001FBF54EA000C55EA020C7FEA645C7FEAE7
:10021000655C00F0E2804FEA5454D4EB5555B8BF0A
:100220006D420CDD2C4480EA020281EA030382EA7B
:10023000000083EA010180EA020281EA0303362D0D
:1002400088BF30BD11F0004F4FEA01314FF4801CE0
:100250004CEA113102D0404261EB410113F0004FF2
:100260004FEA03334CEA133302D0524263EB4303A9
:1002700094EA050F00F0A780A4F10104D5F1200E47
:100280000DDB02FA0EFC22FA05F2801841F10001A2
:1002900003FA0EF2801843FA05F359410EE0A5F176
:1002A00020050EF1200E012A03FA0EFC28BF4CF0A7
:1002B000020C43FA05F3C01851EBE37101F000455D
:1002C00007D54FF0000EDCF1000C7EEB00006EEB6A
:1002D0000101B1F5801F1BD3B1F5001F0CD34908F4
:1002E0005FEA30004FEA3C0C04F101044FEA44524B
:1002F00012F5800F80F09A80BCF1004F08BF5FEAD2
:10030000500C50F1000041EB045141EA050130BDB1
:100310005FEA4C0C404141EB0101013C28BFB1F5C3
:10032000801FE9D291F0000F04BF01460020B1FA0E
:1003300081F308BF2033A3F10B03B3F120020CDAE1
:100340000C3208DD02F1140CC2F10C0201FA0CF0BF
:1003500021FA02F10CE002F11402D8BFC2F1200C24
:1003600001FA02F120FA0CFCDCBF41EA0C019040DA
:10037000E41AA2BF01EB0451294330BD6FEA040423
:100380001F3C1CDA0C340EDC04F11404C4F120020E
:1003900020FA04F001FA02F340EA030021FA04F320
:1003A00045EA030130BDC4F10C04C4F1200220FA77
:1003B00002F001FA04F340EA0300294630BD21FAB5
:1003C00004F0294630BD94F0000F83F4801306BF7B
:1003D00081F480110134013D4EE77FEA645C18BF6F
:1003E0007FEA655C29D094EA050F08BF90EA020F06
:1003F00005D054EA000C04BF1946104630BD91EAFE
:10040000030F1EBF0021002030BD5FEA545C05D100
:100410004000494128BF41F0004130BD14F580043F
:100420003CBF01F5801130BD01F0004545F0FE41B3
:1004300041F470014FF0000030BD7FEA645C1ABFE8
:10044000194610467FEA655C1CBF0B46024650EA1F
:10045000013406BF52EA033591EA030F41F400214B
:1004600030BD00BF90F0000F04BF0021704730B5D1
:100470004FF4806404F132044FF000054FF00001A6
:1004800050E700BF90F0000F04BF0021704730B567
:100490004FF4806404F1320410F0004548BF40423C
:1004A0004FF000013EE700BF42004FEAE2014FEA91
:1004B00031014FEA02701FBF12F07F4393F07F4F6C
:1004C00081F06051704732F07F4208BF704793F06F
:1004D0007F4F04BF41F40021704730B54FF4607482
:1004E00001F0004521F000411CE700BF50EA010285
:1004F00008BF704730B54FF000050AE050EA01022E
:1005000008BF704730B511F0004502D5404261EB9D
:1005100041014FF4806404F132045FEA915C3FF4DE
:10052000D8AE4FF003025FEADC0C18BF03325FEA7B
:10053000DC0C18BF033202EBDC02C2F1200300FA2C
:1005400003FC20FA02F001FA03FE40EA0E0021FA51
:1005500002F11444BDE600BF70B54FF0FF0C4CF43F
:10056000E06C1CEA11541DBF1CEA135594EA0C0FF1
:1005700095EA0C0F00F0DEF82C4481EA030621EA2C
:100580004C5123EA4C5350EA013518BF52EA033567
:1005900041F4801143F4801338D0A0FB02CE4FF019
:1005A0000005E1FB02E506F00042E0FB03E54FF049
:1005B0000006E1FB03569CF0000F18BF4EF0010E41
:1005C000A4F1FF04B6F5007F64F5407404D25FEA3D
:1005D0004E0E6D4146EB060642EAC62141EA5551F0
:1005E0004FEAC52040EA5E504FEACE2EB4F1FD0C32
:1005F00088BFBCF5E06F1ED8BEF1004F08BF5FEAB0
:10060000500E50F1000041EB045170BD06F0004661
:1006100046EA010140EA020081EA0301B4EB5C040E
:10062000C2BFD4EB0C0541EA045170BD41F4801106
:100630004FF0000E013C00F3AB8014F1360FDEBF2B
:10064000002001F0004170BDC4F10004203C35DA07
:100650000C341BDC04F11404C4F1200500FA05F38A
:1006600020FA04F001FA05F240EA020001F000422B
:1006700021F0004110EBD37021FA04F642EB0601A1
:100680005EEA430E08BF20EAD37070BDC4F10C04CB
:10069000C4F1200500FA04F320FA05F001FA04F28F
:1006A00040EA020001F0004110EBD37041F100017B
:1006B0005EEA430E08BF20EAD37070BDC4F1200586
:1006C00000FA05F24EEA020E20FA04F301FA05F2EE
:1006D00043EA020321FA04F001F0004121FA04F296
:1006E00020EA020000EBD3705EEA430E08BF20EA66
:1006F000D37070BD94F0000F0FD101F000464000A0
:1007000041EB010111F4801F08BF013CF7D041EA21
:10071000060195F0000F18BF704703F00046520025
:1007200043EB030313F4801F08BF013DF7D043EAF6
:100730000603704794EA0C0F0CEA135518BF95EAAC
:100740000C0F0CD050EA410618BF52EA4306D1D133
:1007500081EA030101F000414FF0000070BD50EA52
:10076000410606BF1046194652EA430619D094EADC
:100770000C0F02D150EA013613D195EA0C0F05D1C6
:1007800052EA03361CBF104619460AD181EA03011A
:1007900001F0004141F0FE4141F470014FF00000D2
:1007A00070BD41F0FE4141F4780170BD70B54FF06D
:1007B000FF0C4CF4E06C1CEA11541DBF1CEA1355ED
:1007C00094EA0C0F95EA0C0F00F0A7F8A4EB0504CF
:1007D00081EA030E52EA03354FEA013100F08880C6
:1007E0004FEA03334FF0805545EA131343EA12638F
:1007F0004FEA022245EA111545EA10654FEA002644
:100800000EF000419D4208BF964244F1FD0404F5FC
:10081000407402D25B084FEA3202B61A65EB030558
:100820005B084FEA32024FF480104FF4002CB6EB15
:10083000020E75EB030E22BFB61A754640EA0C0095
:100840005B084FEA3202B6EB020E75EB030E22BFD5
:10085000B61A754640EA5C005B084FEA3202B6EB16
:10086000020E75EB030E22BFB61A754640EA9C00D5
:100870005B084FEA3202B6EB020E75EB030E22BFA5
:10088000B61A754640EADC0055EA060E18D04FEA63
:10089000051545EA16754FEA06164FEAC30343EA03
:1008A00052734FEAC2025FEA1C1CC0D111F4801FD0
:1008B0000BD141EA00014FF000004FF0004CB6E7C9
:1008C00011F4801F04BF01430020B4F1FD0C88BF68
:1008D000BCF5E06F3FF6AFAEB5EB030C04BFB6EB73
:1008E000020C5FEA500C50F1000041EB045170BD66
:1008F0000EF0004E4EEA113114EB5C04C2BFD4EB93
:100900000C0541EA045170BD41F480114FF0000E16
:10091000013C90E645EA060E8DE60CEA135594EA92
:100920000C0F08BF95EA0C0F3FF43BAF94EA0C0F95
:100930000AD150EA01347FF434AF95EA0C0F7FF40A
:1009400025AF104619462CE795EA0C0F06D152EA5E
:1009500003353FF4FDAE1046194622E750EA410642
:1009600018BF52EA43067FF4C5AE50EA41047FF453
:100970000DAF52EA43057FF4EBAE12E74FF0FF3CB8
:1009800006E000BF4FF0010C02E000BF4FF0010C89
:100990004DF804CD4FEA410C7FEA6C5C4FEA430C02
:1009A00018BF7FEA6C5C1BD001B050EA410C0CBF51
:1009B00052EA430C91EA030F02BF90EA020F0020B3
:1009C000704710F1000F91EA030F58BF994208BF1A
:1009D00090422CBFD8176FEAE37040F001007047D7
:1009E0004FEA410C7FEA6C5C02D150EA013C07D12E
:1009F0004FEA430C7FEA6C5CD6D152EA033CD3D079
:100A00005DF8040B704700BF8446104662468C4672
:100A10001946634600E000BF01B5FFF7B7FF0028A5
:100A200048BF10F1000F01BD4DF808EDFFF7F4FFCE
:100A30000CBF012000205DF808FB00BF4DF808ED59
:100A4000FFF7EAFF34BF012000205DF808FB00BF7C
:100A50004DF808EDFFF7E0FF94BF012000205DF89E
:100A600008FB00BF4DF808EDFFF7CEFF94BF012053
:100A700000205DF808FB00BF4DF808EDFFF7C4FF4C
:100A800034BF012000205DF808FB00BF4FEA410C95
:100A90007FEA6C5C02D150EA013C0AD14FEA430C78
:100AA0007FEA6C5C02D152EA033C02D14FF00000B5
:100AB00070474FF0010070474FEA410212F50012F3
:100AC00015D211D56FF47873B3EB625212D94FEA95
:100AD000C12343F0004343EA505311F0004F23FA7F
:100AE00002F018BF404270474FF00000704750EAD4
:100AF000013005D111F0004008BF6FF00040704791
:100B00004FF00000704700BF4A0011D212F50012EA
:100B100011D20DD56FF47873B3EB62520ED44FEA55
:100B2000C12343F0004343EA505323FA02F07047D5
:100B30004FF00000704750EA013002D14FF0FF3013
:100B400070474FF0000070474FEA4102B2F1E043B6
:100B500024BFB3F5001CDCF1FE5C0DD901F0004CA4
:100B60004FEAC0024CEA5070B2F1004F40EB8300F4
:100B700008BF20F00100704711F0804F21D113F120
:100B80003872BCBF01F00040704741F480114FEA59
:100B90005252C2F11802C2F1200C10FA0CF320FAE2
:100BA00002F018BF40F001004FEAC1234FEAD323FF
:100BB00003FA0CFC40EA0C0023FA02F34FEA430369
:100BC000CCE77FEA625307D150EA01331EBF4FF0F2
:100BD000FE4040F44000704701F0004040F0FE400D
:100BE00040F40000704700BF0348044B834202D02A
:100BF000034B03B118477047CC010020CC01002003
:100C0000000000000548064B1B1AD90F01EBA30199
:100C1000491002D0034B03B118477047CC010020A4
:100C2000CC0100200000000010B5064C237843B929
:100C3000FFF7DAFF044B13B10448AFF30080012340
:100C4000237010BDCC010020000000005CC700082C
:100C500008B5054B1BB105490548AFF30080BDE859
:100C60000840FFF7CFBF00BF00000000D001002008
:100C70005CC7000808B5012006F038FB4FF4C060DF
:100C800006F00AFB40F2026006F006FB40F2036049
:100C900006F002FB40F2046006F0FEFA4FF4A0609A
:100CA00006F0FAFA40F2015006F0F6FA40F2197036
:100CB00006F0F2FA40F20E7006F0EEFA40F20F7013
:100CC00006F0EAFA40F20B6006F0E6FA40F209603C
:100CD00006F0E2FA40F20A6006F0DEFA40F20F6037
:100CE00006F0DAFABDE8084040F2117006F0D4BA16
:100CF00070B505F007FAFFF7BDFF00F02FFA02F01C
:100D000079F801F0E3FF00F03DFC01F091FF01F004
:100D1000B7FF00F0CFFA00F0BBFB03F041F8C54885
:100D200008F074FCC44808F071FC01230022022181
:100D3000C24808F003FCC248062104F0C9FFC048BD
:100D400005F0B0F8002800F0AC81BE4DBE4C6B69D8
:100D5000D4ED027A013304BF00236B612B690133A8
:100D600008BF0023F4EE677A08BF2B61F1EE10FA9A
:100D700080F19481BFEE007AF4EE477AF1EE10FA3A
:100D800000F08C81D4ED037AF4EE677AF1EE10FA7C
:100D900080F18181BFEE007AF4EE477AF1EE10FA2D
:100DA00000F07981D4ED067AF4EE677AF1EE10FA6C
:100DB00080F16E81BFEE007AF4EE477AF1EE10FA20
:100DC00000F066816B68D4ED077A013304BF01231C
:100DD0006B60AB68013304BF0023AB60EB68013389
:100DE00008BF4FF47A73F4EE677A08BFEB60F1EE58
:100DF00010FA80F11B81BFEE007AF4EE477AF1EE33
:100E000010FA00F01381D4ED087AF4EE677AF1EE6F
:100E100010FA80F10881BFEE007AF4EE477AF1EE25
:100E200010FA00F00081D4ED097AF4EE677AF1EE61
:100E300010FA80F1F580BFEE007AF4EE477AF1EE19
:100E400010FA00F0ED80D4ED127AF4EE677AF1EE4C
:100E500010FA80F1E280BFEE007AF4EE477AF1EE0C
:100E600010FA00F0DA80D4ED0A7AF4EE677AF1EE47
:100E700010FA80F1CF80BFEE007AF4EE477AF1EEFF
:100E800010FA00F0C780D4ED117AF4EE677AF1EE33
:100E900010FA80F1BB80BFEE007AF4EE477AF1EEF3
:100EA00010FA00F0B380D4ED0E7AF4EE677AF1EE2A
:100EB00010FA80F1A780BFEE007AF4EE477AF1EEE7
:100EC00010FA00F09F80D4ED177AF4EE677AF1EE15
:100ED00010FA80F19480BFEE007AF4EE477AF1EEDA
:100EE00010FA00F08C80D4ED187AF4EE677AF1EE07
:100EF00010FA80F18180BFEE007AF4EE477AF1EECD
:100F000010FA79D0D4ED147A5048514EF4EE677A45
:100F1000D4ED137AF1EE10FA64BF4E4B2365F4EE74
:100F2000677AD4ED167AF1EE10FA64BF4A4BE364A7
:100F3000F4EE677AD4ED157AF1EE10FA64BF474B00
:100F4000A365F4EE677AF1EE10FA64BF444B636573
:100F500003F0C0F900214FF44472424808F077FBD7
:100F60006A69A36AC6F8D82064202A69C6F8D42022
:100F7000B3663D4D05F0E8F86421304604F0EAFB25
:100F80003A494FF4007206F1DC0008F0ADFB95E839
:100F9000070002F007FE002840F08B80344800F084
:100FA00011FB344800F028FB00221146282006F0EF
:100FB00021F901220021142006F01CF90022012150
:100FC000192006F017F900220221262006F012F956
:100FD000294B062101221980DA7000244FF47A701F
:100FE00005F0B2F8AB880134002BF7D095E8070084
:100FF000234602F0EDFCF1E7204B236682E7204B0D
:10100000E36570E74FF07E53A3635CE74FF07E53D8
:10101000636448E71B4BA36235E7184BA36422E7E0
:10102000194B63620FE7194B2362FCE60023E3616F
:10103000E9E600BF90C800089CC80008BCC80008CA
:10104000843900209C3900209C3D002084360020FB
:101050006433002000004841000048C10000824283
:10106000000082C23C2E002058330020B4390020FA
:10107000E8010020FC010020743600200000A040A0
:101080000000FA430000A841000060410000FA425D
:101090000023A36196E6094BE36083E6084BA36057
:1010A00070E60849084800F06FFB084808F0AEFAFF
:1010B0004BE6074808F0AAFA70E700BF000020429C
:1010C00000007A449C3D00209C390020D8C80008CC
:1010D00028C9000808B514484FF4006106F002F86A
:1010E0001248002106F008FB002211460F4806F0C6
:1010F0009BFC0E480022012106F096FC0B480022C2
:10110000022106F091FC00221146084806F02EFC50
:1011100006480022012106F029FCBDE808400348EA
:101120000022022106F022BC00080140002C0140F0
:10113000024A136803431360FFF7CCBF9C3E0020B4
:10114000014B1868704700BF9C3E0020024A13689C
:1011500023EA0003136070479C3E002010B55048FE
:10116000012105F0D3FF4F48012105F0CFFF4E4884
:101170004FF4A0530122182105F05CFF4A484FF4B8
:1011800000630122042105F055FF4FF400430122C2
:101190004648102105F04EFF44484FF4004105F049
:1011A0009FFF43484FF420430122182105F042FFDE
:1011B0003F484FF480430122482105F03BFF4FF4A4
:1011C000805301223A48102105F034FF38484FF48B
:1011D000805105F085FF35484FF40063022210214D
:1011E00005F028FF4FF4805303223048042105F016
:1011F00021FF2E484FF4006105F074FF2B484FF497
:10120000E0630322182105F015FF27480323042279
:10121000002105F00FFF264801230422002105F0DC
:1012200009FF21480C230422002105F003FF1F4879
:10123000F0230422002105F0FDFE1B483023042288
:10124000002105F0F7FE4FF400530222164810214A
:1012500005F0F0FE14484FF4005105F043FF134829
:1012600004230122182105F0E5FE082301220F487E
:10127000042105F0DFFE01214FF4EA1005F046FFDE
:101280000B484FF480730222482105F0D3FEBDE8DD
:10129000104007484FF400730322182105F0CABE1E
:1012A0000010200000023000001001400008014042
:1012B000000C014070B5714888B0002105F066FC53
:1012C0006F4A704B01920024042503934FF400727F
:1012D0004FF400634FF48076029204930DEB050205
:1012E0004FF4805321466548ADF81C60CDE90553A5
:1012F0008DF81E4005F068FC2146604805F0A2FC10
:1013000021465E4805F0B0FC5F4805F099F85F485B
:1013100005F096F84FF4803005F0E0F831465A4871
:10132000012205F0EBF822465748022105F0E6F8C5
:1013300031465648012205F0E1F822465348022181
:1013400005F0DCF82146504805F000F92A464E48E1
:10135000012105F005F901224B48022105F000F9B1
:1013600021464A4805F0F2F82A464848012105F08E
:10137000F7F846480122022105F0F2F823462146FB
:101380004148062205F00AF923463F480F22012171
:1013900005F004F923463C480722022105F0FEF837
:1013A000234639480822032105F0F8F82346214650
:1013B0003648052205F0F2F8234634480E22012172
:1013C00005F0ECF823462A463048022105F0E6F8FD
:1013D00023462E480C22032105F0E0F82A484FF45A
:1013E0006022012105F086F901221146264805F008
:1013F00065F926484FF46022012105F07BF90122AE
:101400001146224805F05AF9234621461E480B2270
:1014100005F01CF9234621461C480A2205F016F95E
:1014200019484FF4E042022105F064F91648012200
:10143000022105F043F915484FF4E042022105F07E
:1014400059F901220221114805F038F90E4805F03A
:101450003FF80E4805F03CF80B4805F01FF80B4824
:1014600005F01CF8012004F06FFE074805F01EF897
:10147000064805F01BF808B070BD00BF0000024030
:101480004C240140A43E00200024014000280140DB
:1014900070B5384888B0042105F078FB3649374AE2
:1014A00001914FF48063012400254FF4807603926C
:1014B000049301AA4FF480532E4806930421ADF8FB
:1014C0001C6002968DF81E50059405F07DFB29489E
:1014D000042105F0B7FB0421264805F0C5FB284888
:1014E00004F0AEFF22463146254805F007F82A46AB
:1014F0002348022105F002F82946214805F026F884
:10150000224621461E4805F02BF822461C4802219F
:1015100005F026F82B46294619480D2205F03EF81D
:10152000214617484FF4602205F0E4F82246214690
:10153000134805F0C3F82B46294611480D2205F043
:1015400085F80F484FF4E042022105F0D3F8224617
:1015500002210B4805F0B2F8094804F0B9FF084829
:1015600004F09CFF204604F0EFFD054804F09EFFC8
:1015700008B070BD000402404C3C0140A03E002079
:10158000003C014000B585B001A9002005F008F934
:101590000A4805F0F3F80A484FF48072CDE90102D9
:1015A0004FF4802301A90548039305F02BF9034864
:1015B000022105F0E7FA05B000BD00BF006400405D
:1015C0000000090300B5014687B0032005F0E8F8E4
:1015D00001A9012005F0E4F800234FF48031012235
:1015E00001A8CDE90133CDE903318DF8142005F0D0
:1015F0009BF907B000BD00BF00B583B00146019064
:10160000022005F0CDF8054A019990680860002392
:1016100006228A724B600B8103B000BD9C3900200A
:10162000F0B52DED028B1E4D83B00446F0EE608ABE
:10163000B0EE418AD5ED130A95ED141A01911020F0
:1016400003F0FEFE95ED161AD5ED150A0746B0EE2D
:10165000680A0C2003F0F4FED5ED030A95ED0E7A2E
:10166000D5ED117A60EEC70A064660EEA70AB0EE25
:10167000480AB1EE601A0C2003F0E2FE0312019951
:10168000E17203EB06137ABA3111E3730023A173FD
:10169000A28120746374A37403B0BDEC028BF0BD0F
:1016A0009C3D002084B0F0B52DED028B83B00AACD8
:1016B00084E80F009DF836309DF835709DF839208C
:1016C0009DF83760BDF833002D4C9DF838E09DF84B
:1016D0003A10D4ED140A94ED130A0F9D9FED298A58
:1016E0004FEA032C1B0943EA07170CF470631E43EF
:1016F000130240BA120903F470630B4342EA0E125C
:1017000080B210210092019303F0AEFE85ED000A35
:10171000D4ED160A94ED150A38460C2103F0A4FE08
:1017200085ED010AD4ED170A3046B0EE480A0C21C7
:1017300003F09AFE85ED020AD4ED180A00980C21F8
:10174000B0EE480A03F090FE85ED030A94ED030A1B
:1017500094ED0E7AD4ED117A019820EE470A0C210F
:1017600020EE270AF1EE400A03F07EFE85ED040A22
:1017700003B0BDEC028BBDE8F04004B0704700BF81
:101780009C3D00200000000070B54FF480620C46C4
:101790000546002107F05BFF01264FF4807200210F
:1017A000204607F054FF6E60002300224FF47A7643
:1017B000C5E904222A60AA60EE60154ADFED156AC9
:1017C0009FED157ADFED157AA3614FF07E51E3614D
:1017D0006363E3632364124BDFF858E0DFF858C01B
:1017E0001048A1636164A2640F49236522660F4B10
:1017F0000F4AC4ED026A84ED037AC4ED087AC4F896
:1018000054E0C4F858C0E164E0656262A36270BD50
:101810000000A04000007A44000020420000FA428C
:10182000000048410000FA43000048C10000A84100
:1018300000006041000082C20000824270B50E4686
:101840001E49A0F1040E00F57F754FF0FF305EF8E1
:10185000044F4FF0000C24FA0CF3DBB2584008227E
:1018600040F300030B40013A83EA5000F8D10CF139
:10187000080CBCF1200FEED17545E8D10F49B646F2
:1018800006F58075DEF800404FF0000C24FA0CF3EA
:10189000DBB25840082240F300030B40013A83EAD0
:1018A0005000F8D10CF1080CBCF1200FEED10EF174
:1018B000040EAE45E6D1C04370BD00BF2083B8ED35
:1018C0000368012B00F22C8243687F2B00F22882F0
:1018D00083687F2B00F22482C368DE4A013B934277
:1018E00000F21E820369DFF8A4C34FF6FF721344AF
:1018F000634500F2158243691A44624500F2108282
:10190000D1ED027A9FEDD47AF0EEE76AF4EE476A01
:10191000F1EE10FA00F20482DFEDDD6AF4EEE67A11
:10192000F1EE10FAC0F2FC81DFEDCC6AF4EEE67A5B
:10193000F1EE10FA00F2F481D1ED037AF0EEE76AED
:10194000F4EE476AF1EE10FA00F2EA819FEDC47AF4
:10195000F4EEC77AF1EE10FAC0F2E2819FEDC17A9F
:10196000F4EEC77AF1EE10FA00F2DA81D1ED064A10
:10197000DFEDB96AB0EEE47AB4EE667AF1EE10FA11
:1019800000F2CE81F5EEC04AF1EE10FAC0F2C88145
:101990009FEDB57AF4EEC74AF1EE10FA00F2C0817D
:1019A00091ED077AB0EEC76AB4EE666AF1EE10FA0E
:1019B00000F2B681B5EEC07AF1EE10FAC0F2B08155
:1019C0009FEDB36AB4EEC67AF1EE10FA00F2A88188
:1019D00091ED087AB0EEC76AB4EE666AF1EE10FADD
:1019E00000F29E81F7EE006AB4EEE67AF1EE10FAAC
:1019F000C0F29681DFED9D6AB4EEE67AF1EE10FA60
:101A000000F28E8191ED095ADFED936AB0EEC57A4E
:101A1000B4EE667AF1EE10FA00F282819FED907AD0
:101A2000B4EEC75AF1EE10FAC0F27A819FED907AC7
:101A3000B4EEC75AF1EE10FA00F2728191ED0A7A13
:101A4000B0EEC76AB4EE666AF1EE10FA00F2688191
:101A5000B7EE006AB4EEC67AF1EE10FAC0F2608119
:101A60009FED846AB4EEC67AF1EE10FA00F2588166
:101A700091ED0D7AB0EEC76AB4EE666AF1EE10FA37
:101A800000F24E81B5EEC07AF1EE10FAC0F2488154
:101A9000DFED7F6AB4EEE67AF1EE10FA00F24081F3
:101AA000D1ED0E6A9FED6C7AB0EEE66AB4EE476A4D
:101AB000F1EE10FA00F234819FED6F6AF4EEC66A1F
:101AC000F1EE10FAC0F22C81B2EE046AF4EEC66AAE
:101AD000F1EE10FA00F22481D1ED0F6AB0EEE66A61
:101AE000B4EE476AF1EE10FA00F21A81F5EEC06A20
:101AF000F1EE10FAC0F214819FED606AF4EEC66A4E
:101B0000F1EE10FA00F20C81D1ED106AB0EEE66A47
:101B1000B4EE476AF1EE10FA00F20281F5EEC06A07
:101B2000F1EE10FAC0F2FC809FED556AF4EEC66A41
:101B3000F1EE10FA00F2F480D1ED116AB0EEE66A2F
:101B4000B4EE476AF1EE10FA00F2EA809FED4D7AAA
:101B5000F4EEC76AF1EE10FAC0F2E2809FED477A28
:101B6000F4EEC76AF1EE10FA00F2DA80D1ED126AF3
:101B70009FED397AB0EEE66AB4EE476AF1EE10FAFC
:101B800000F2CE809FED366AF4EEC66AF1EE10FAEE
:101B9000C0F2C680B3EE046AF4EEC66AF1EE10FA43
:101BA00000F2BE80D1ED135AF0EEE56AF4EE476A1A
:101BB000F1EE10FA00F2B480DFED336AF4EEE65A8B
:101BC000F1EE10FAC0F2AC80F5EEC05AF1EE10FA68
:101BD00000F2A68091ED146AF0EEC66AF4EE476A50
:101BE000F1EE10FA00F29C80B5EEC06AF1EE10FA48
:101BF000C0F296809FED214AB4EEC46AF1EE10FA6D
:101C000000F28E80D1ED156AB0EE473AB0EEE67A7A
:101C1000B4EE437AF1EE10FA00F282809FED1A7A68
:101C2000F4EEC76AF1EE10FA7ADBF5EEC06AF1EE77
:101C300010FA75D891ED167AF0EEC73AF4EE433A01
:101C4000F1EE10FA6CD8B5EEC07AF1EE10FA67DB5F
:101C500020E000BF9F860100FFFF7F7F0000FA4465
:101C6000CDCCCC3D00007042000004420000164381
:101C7000000020420000804217B7D13800007A44AB
:101C80000050C3476F12833A00007AC4FEFF010080
:101C90000000C842B4EEC47AF1EE10FA40D8D1ED9B
:101CA000173AF0EEE32AF4EE432AF1EE10FA37D8B1
:101CB000F5EEC03AF1EE10FA32DBF4EEC43AF1EE92
:101CC00010FA2DD891ED184AF0EE433AB0EEC43A2E
:101CD000B4EE633AF1EE10FA22D8B5EEC04AF1EE56
:101CE00010FA1DDB5FED163AB4EEE34AF1EE10FA9E
:101CF00016D8F4EEE47AF1EE10FA11DBF4EEC57AC0
:101D0000F1EE10FA0CDBF4EEC65AF1EE10FA07D53C
:101D1000F4EEC76AF1EE10FA4CBF012000207047C4
:101D20000020704730B5DFF83CC083B06045069DA9
:101D3000079C02D0002003B030BD0229FAD1B2F5D1
:101D4000A07FF7D1214628460193FFF777FD019B3D
:101D50009842EFD12146284603B0BDE83040FFF756
:101D6000AFBD00BF4154484E401A0028D4BF0020E8
:101D70000120704740B12AB15B1A002BD4BF00206C
:101D8000012070471046704782420CBF4FF0FF3071
:101D90000120704711B10AB1082B01D00020704713
:101DA000009BC01AB3F5006FB0FA80F04FEA5010F4
:101DB00028BF0020704700BF431E00F1060C13F837
:101DC000012FFF2A09D16345F9D1C279131DDBB276
:101DD000022B02D80A70012070470020704700BF14
:101DE00038B5C0F30D0444F4804440F44045204627
:101DF0000AF06EFC002814BF2846204638BD00BFFC
:101E0000084310B5C0F30D0420460AF061FC44EA13
:101E1000C03080B210BD00BF10B504460AF058FCB7
:101E200028B914F4804F18BF6FF0010010BD4FF0B7
:101E3000FF3010BDC0F30D00C1F30D01401AB0F525
:101E4000005F03DDA0F5804000B2704710F5005F31
:101E5000B8BF00F5804000B2704700BF0378A52BE3
:101E600029D143785A2B26D18378012B23D110B561
:101E700083790C46CBB9DFF84CE0421E811D00236C
:101E800012F801CF83EA0C0391421EF80330F7D118
:101E9000C2799A4212D1C37823700379637043796F
:101EA000A3708379E370002010BDC378072BE2D0C4
:101EB0004FF0FF3010BD4FF0FF3070476FF0010062
:101EC00010BD00BF78C7000890F800C06CF07F0C10
:101ED00083F800C090F801C083F801C08078987042
:101EE0004FEA122CD970100C110E1A7183F805C02C
:101EF0009871D971704700BF164B1B7803B97047B2
:101F000030B5154C237883B0DBB2CDE900310546FE
:101F100004F032F9009B114A019903EB430C4FEA9C
:101F20008C0E013342F80E0002EB8C0203F01F030B
:101F30000B4815719160237003781F2B04D8037828
:101F40000133037003B030BD064A136801331360D8
:101F500003B030BDBE3E0020BD3E0020C03E00208C
:101F6000BC3E0020B83E00202DE9F0418A4C0168BB
:101F7000236840F201720133914288B0236006D198
:101F8000037A23B9437A13B9827A082A05D0A36861
:101F90000133A36008B0BDE8F08102A90B300093C3
:101FA000FFF75CFF18B1E3680133E360F2E704F088
:101FB000E3F87A49009B0A68821A132A40F22381C7
:101FC000626808609DF8081001320729626000F01D
:101FD0001E81032900F21986DFE801F08D831902C2
:101FE0009DF80A100F2900F28B80DFE811F0CA007B
:101FF000C800C600F300F100EF00ED00EB0089001F
:10200000E700D100CD00BF00BB008900C3009DF8F0
:102010000A20632A74D8DFE812F0F205EB05E40524
:102020008C05870583057E057300730077055605CB
:1020300052054B0544053A0532052D052805540285
:102040004B027300730073007300F000E200DF00C6
:102050006D02E200F000DF00730073007300730094
:1020600073007300730073007300730073007300D8
:1020700073007300730073007300730073007300C8
:102080007300730073007300730079027302F00031
:10209000AF02A902A2029B0294028D0286027F0275
:1020A0002003190312030B030403FD02F602EF02DF
:1020B000E802E102DA02D302CC02C502BE02B50296
:1020C000D004B5048A046F0436042D041E040404ED
:1020D000DE03C4038103670354034A034103270358
:1020E0005D029DF80A20042A00F29285DFE802F0E2
:1020F0003633312F38009DF80A20002A00F0C181C4
:102100000123216901310022216103A90220CDE9C7
:10211000003204F045FB00230493ADF8143040F284
:10212000817303930823DDE9001202A88DF81630AD
:102130000DF11703FFF7C8FE194803A904F06EFC60
:10214000032800F07981A3690133A36122E7154ACE
:10215000DBE70F22D9E74FF48032D6E7124AD4E703
:10216000124AD2E7124AD2F80823CEE7104AD2F830
:102170000423CAE70F4A1268C7E7A268C5E7626886
:10218000C3E722680B46C0E7094AD2F80023BCE740
:10219000094AD2F8FC22B8E740400020B43E0020B3
:1021A0000064004001D1E0A74154484E01E803001B
:1021B000643300206040002084360020A04AD2F81A
:1021C000FC22A2E7E269A0E7A2699EE762699CE7B8
:1021D00022699AE7E26898E740F2154295E7994A42
:1021E0009FED997AD2ED037A9849994AB4EEE77A4D
:1021F000F1EE10FAB8BF0A4687E7009301F022F922
:10220000009B024681E7636901336361C2E69DF882
:102210000A20013A0B2A00F2F884DFE812F00601E6
:102220009E00E900A600F1008F00790061004C00DB
:10223000370021000C0087489DF80B2001788A4266
:10224000BFF45EAF8449097800782031091A0A4446
:10225000824902F01F020C2000FB0212926854E730
:102260007C489DF80B2001788A42BFF449AF7A4937
:10227000097800782031091A0A44784902F01F02CF
:102280000C2000FB02121279D2B23EE771489DF891
:102290000B2001788A42BFF433AF6F490978007888
:1022A0002031091A0A4402F01F020C206B4900FB7E
:1022B00002F28A5829E76849664800220A7068498C
:1022C00002700A60674A1278007842EA00220868C1
:1022D000B0F5803F36BF0968634909040A4314E733
:1022E000604A4FF0000C82F800C01178002940F0DD
:1022F000CA8058485A491278007842EA0022086891
:10230000B0F5803F36BF0968574909040A43FCE627
:10231000544A5048012111701178002940F0BD80C5
:102320004F491278007842EA00220868B0F5803FF1
:1023300036BF09684C4909040A43E6E64B4802786F
:1023400041780A43D2B2002A00F098801B21009302
:1023500002F088FF009B0122D7E6444800936D21DC
:1023600002F080FF009B0222CFE69DF80B30013B7C
:10237000DBB2132B00F282803C4A1378527813436D
:1023800013F0FF037AD10093FEF7DAFE002875D12F
:10239000374A9288002A71D1294A92F8DD22002A10
:1023A0006CD0344A92F8F522002A67D000F18040C0
:1023B0004FF4805100F5843004F09CFE00285DD07D
:1023C0009DF80B309FED2C7A1E4A284807EE903A74
:1023D000F8EE677A632167EE877AC2ED127A02F02F
:1023E00041FF9DF80B20009B642101FB02F28CE66B
:1023F0001E480093652102F035FF009B032284E60E
:102400001A490A7849780A43D2B2002A36D1009391
:10241000FEF796FE90BB0A4A92F8DD2272B313488B
:102420007A2102F01FFF009B95E7104800931B21C3
:1024300002F018FF009B8EE7E3690133E361A9E531
:10244000643300209C3D002000002042A000800258
:10245000A000C002BC3E0020BD3E0020C03E0020C7
:10246000B83E0020BE3E00200000FFFF7436002072
:102470005833002084360020CDCCCC3D02230022EE
:1024800043E6B54A41E6B549B54881F800C0B549CB
:1024900080F800C0C1F800C02DE7B249AF4D4FF041
:1024A000000C85F800C080F800C0C1F800C038E713
:1024B000AD49D1F83C2CD1F82C1C92B242EA014231
:1024C00023E6A949D1F8342CD1F8381C92B242EA5B
:1024D00001421AE6A54AA2491278097842EA012285
:1024E000A0490868B0F5803F36BF0968A0490904D3
:1024F0000A430AE6009301F041FA009B024604E613
:10250000009300F099FF009B0246FEE5009300F067
:102510008DFF009B0246F8E50520009300F0A4FF24
:10252000009B0246F1E50420009300F09DFF009B14
:102530000246EAE50320009300F096FF009B024666
:10254000E3E50220009300F08FFF009B0246DCE5EC
:102550000120009300F088FF009B0246D5E5002093
:10256000009300F081FF009B0246CEE5009300F04F
:1025700075FF009B0246C8E5009300F069FF009BD1
:102580000246C2E57B49CA7848780978120442EAD3
:1025900000220A43B9E50E20009300F06FFF009B74
:1025A0000246B2E50D20009300F068FF009B024652
:1025B000ABE50C20009300F061FF009B0246A4E510
:1025C0000B20009300F05AFF009B02469DE50A2075
:1025D000009300F053FF009B024696E5092000930C
:1025E00000F04CFF009B02468FE50820009300F0AE
:1025F00045FF009B024688E50720009300F03EFF60
:10260000009B024681E50620009300F037FF009B07
:1026100002467AE50520009300F030FF009B024659
:1026200073E50420009300F029FF009B02466CE54F
:102630000320009300F022FF009B024665E5022084
:10264000009300F01BFF009B02465EE50120009313
:1026500000F014FF009B024657E50020009300F0B5
:102660000DFF009B024650E5434A9FED447AD2EDB0
:10267000127AF4EEC77AF1EE10FA15DA9FED407A8D
:10268000F4EEC77AF1EE10FA0BD99FED3E7A67EEC1
:10269000877AFDEEE77A17EE902A36E53A4AD26954
:1026A00033E54FF0004230E56FF000422DE536494A
:1026B0008A8C087891F82010120442EA00220A431A
:1026C00023E52C4A3049107892F801C00A7C1204A4
:1026D00042EA0C22024391F8210091F8221042EACA
:1026E000006242EA416210E5284A9FED247AD2ED69
:1026F000377AF4EEC77AF1EE10FA49DA9FED207AD4
:10270000F4EEC77AF1EE10FA22D99FED1E7A67EE49
:10271000877AFDEEE77A17EE902AF6E41B4A9FEDE2
:10272000177AD2ED367AF4EEC77AF1EE10FA35DA8E
:102730009FED137AF4EEC77AF1EE10FA2BD99FEDE4
:10274000117A67EE877AFDEEE77A17EE902ADCE4DD
:102750004FF00042D9E400BF4154484EBD3E002036
:10276000BC3E0020B83E002000200140BE3E0020BC
:102770000000FFFF743600209C3D00206C12034ACD
:102780006C1203CA00007A44100200208436002034
:102790006FF00042B9E44FF00042B6E46FF000423F
:1027A000B3E4CB4A9FEDCB7AD2ED357AF4EEC77A1B
:1027B000F1EE10FA2CDA9FEDC87AF4EEC77AF1EE5A
:1027C00010FA22D99FEDC57A67EE877AFDEEE77A97
:1027D00017EE902A99E4BE4A9FEDBE7AD2ED347A84
:1027E000F4EEC77AF1EE10FA18DA9FEDBB7AF4EE48
:1027F000C77AF1EE10FA0ED99FEDB87A67EE877AB4
:10280000FDEEE77A17EE902A7FE44FF000427CE479
:102810006FF0004279E44FF0004276E46FF000423E
:1028200073E4AB4A9FEDAB7AD2ED337AF4EEC77A1C
:10283000F1EE10FA1BDA9FEDA87AF4EEC77AF1EE0A
:1028400010FA11D99FEDA57A67EE877AFDEEE77A47
:1028500017EE902A59E4A249D1F83C2CD1F82C1C4F
:1028600092B242EA014250E44FF000424DE46FF070
:1028700000424AE49A49D1F8342CD1F8381C92B27B
:1028800042EA014241E492499FED967AD1ED057A00
:10289000F4EEC77AF1EE10FA80F2E4809FED927ABE
:1028A000F4EEC77AF1EE10FA40F2DA809FED8B7AFF
:1028B00067EE877AFDEEE77A17EE902AD1ED067A79
:1028C0009FED887AF4EEC77AF1EE10FA92B280F2B8
:1028D000C4809FED857AF4EEC77AF1EE10FA40F2EB
:1028E000BA809FED7E7A67EE877AFDEEE77A17EE83
:1028F000901A42EA014208E4754A9FED767AD2EDD9
:10290000117AF4EEC77AF1EE10FA2FDA9FED727AAF
:10291000F4EEC77AF1EE10FA24D99FED707A67EEE3
:10292000877AFDEEE77A17EE902AFFF7EEBB684A4A
:102930009FED687AD2ED2A7AF4EEC77AF1EE10FABA
:102940001CDA9FED657AF4EEC77AF1EE10FA11D930
:102950009FED627A67EE877AFDEEE77A17EE902AAE
:10296000FFF7D3BB4FF00042FFF7CFBB6FF0004241
:10297000FFF7CBBB4FF00042FFF7C7BB6FF0004241
:10298000FFF7C3BB594A9FED537AD2ED037AF4EEB9
:10299000C77AF1EE10FA5ADA9FED4F7AF4EEC77A61
:1029A000F1EE10FA4FD99FED4D7A67EE877AFDEE82
:1029B000E77A17EE902AFFF7A8BB009300F0DEFF3E
:1029C0004B4A9288151E424A92F8F52218BF0125FB
:1029D000161E484A92F8DD22804618BF01264FF4A1
:1029E0000061171E444818BF012704F089FB011E2F
:1029F0003B48D0F8442CC2F3C03CD0F8202CD0F88F
:102A0000203CD0F820EC4FEA821202F040020EF493
:102A1000807E42EA0E0242EA450242EA860242EA29
:102A2000C702C3F3001042EA4C1242EAC01218BFB8
:102A30000121B8F1000F18BF42F00102009B42EAE9
:102A40000112FFF762BB4FF00042FFF75EBB6FF071
:102A50000042FFF75ABB29494BE747F6FF7148E7A9
:102A6000264A2BE747F6FF7228E7194AD2F8B42026
:102A7000FFF74BBB224AD2F81824FFF746BB1D498B
:102A800091F8DE2252B1D1F8E622FFF73EBB1D4A93
:102A9000D188128942EA0142FFF737BB0323FFF7CF
:102AA00034BB184A5188928842EA0142FFF72DBB95
:102AB000144A5189128842EA0142FFF726BB114AA3
:102AC000D268FFF722BB024A128AFFF71EBB00BF83
:102AD000843600206C12034A6C1203CA00007A4448
:102AE00000200140681103426F1203C29C3D002088
:102AF0005833002064330020000801400080FFFFAD
:102B000000600040A43E002043490A89C96842EAA7
:102B10000142FFF7FABA414AD2F88020FFF7F5BA2E
:102B20003E4A926FFFF7F1BA3C4AD2F8E022FFF733
:102B3000ECBA4FF480513A48009304F0DBFA4FF4BA
:102B400000610646364804F0DBFA031E3548364974
:102B5000D0F8442CC2F3C035D1F81824D1F818E4C9
:102B6000D1F81814C1F3800CD0F8201C4FEA42129F
:102B70004FEA012101F4807102F0200242EA0102D1
:102B8000264991F8DD1218BF0123003918BF012131
:102B900042EA430242EAC1021F49009B91F8F51242
:102BA000003918BF012142EA0112CEF3400E42EA79
:102BB000850242EA8E1242EACC12D0F820CCD0F83C
:102BC000201CCCF3001042EA4022C1F3002142EA6B
:102BD0008122002E08BF42F0010242F00042FFF7BE
:102BE00094BA0093FEF7ACFA009B0246FFF78DBA49
:102BF000009303F0C1FA009B0246FFF786BA06492C
:102C00001346D1F8F822FFF780BA0423FFF779BA08
:102C10000B46FFF776BA00BF8436002064330020ED
:102C2000000801400020014000600040000000005A
:102C300000B5114889B004F005FC9FED0D7B4FF401
:102C400000724FF4827100234FF40060CDE900134D
:102C5000CDE9020218236946074806938DED047BEF
:102C600004F01EFC044804F035FC09B000BD00BFB0
:102C700000000000010000000038004000000000DB
:102C800000B5114889B004F0DDFB9FED0D7B4FF4DA
:102C900000724FF4827100234FF40060CDE90013FD
:102CA000CDE9020210236946074806938DED047BA7
:102CB00004F0F6FB044804F00DFC09B000BD00BFB1
:102CC0000000000001000000003C004070B54848D2
:102CD0008CB004F011FC08A8002404F083FC01254A
:102CE0004FF400134FF4FA6208A9414808930A927E
:102CF00009948DF82C5004F07DFC3D4804F0D4FE7E
:102D000021463B4804F0BAFE2946394804F0BEFE8D
:102D1000374804F0C7FC01A804F0F8FC022601AA19
:102D2000214633480394CDE9014604F0F5FC2146E1
:102D30002F48602204F0F2FD21462D48042204F0C1
:102D40004BFE21462A48082204F01EFE2246214658
:102D5000274804F00BFE01AA2946254804F0DCFCB4
:102D600029462348602204F0D9FD29462048042240
:102D700004F032FE29461E48082204F005FE2246D1
:102D800029461B4804F0F2FD01AA3146184804F018
:102D9000C3FC31461648602204F0C0FD3146144899
:102DA000042204F019FE31461148082204F0ECFD1B
:102DB000224631460E4804F0D9FD04A804F080FCF8
:102DC0004FF0005304A90A480694CDE90443ADF836
:102DD0001C4004F07BFC2146054804F08DFC29468C
:102DE000034804F065FC024804F056FC0CB070BDCA
:102DF000002C014008B50D4804F05CFE0B484FF470
:102E0000E13104F0A3FE0948042104F0DFFE0821AB
:102E1000064804F0D5FE054804F0CCFEBDE80840A5
:102E2000024840F2053104F0E7BE00BF0044004014
:102E300038B50546E9B20C4804F0CEFE41F2010473
:102E400001E0013C07D00848072104F0CDFE00282E
:102E5000F7D0284638BD054A13684FF0FF350133D7
:102E60001360284638BD00BF004400406040002089
:102E7000F0B52DED028B604D1446002687B02E6014
:102E80000A46217C0746002975D0E168DFED5B6AC0
:102E90005B1A07EE903AF8EEE77AB7EE007A67EE43
:102EA000A67AF4EEC77AF1EE10FAC4ED057A6ED484
:102EB000F0EE006AF4EEE67AF1EE10FA00F18380AB
:102EC000104601F08FFA94ED067A97ED038ADFED54
:102ED0004C6A8DED027A78EE477AF0EEE77AC6EE2C
:102EE000A77A17EE900AFDF7DFFA41EC100B09F014
:102EF00031FA51EC100BFDF707FE9DED027A2070C0
:102F0000B4EEC87AF1EE10FA2FD401233D4884F8CC
:102F1000203006F07BFB21783B4806F00FFBA069D0
:102F2000FDF7C2FA02460B4618EE100ACDE902235D
:102F3000FDF7BAFADDE90223CDE90001334806F0D6
:102F4000FDFA94F820302B602378314907EE903A4F
:102F5000F8EE677A00220123C1ED0A7A227484F820
:102F6000213007B0BDEC028BF0BD84F82060294809
:102F700006F04CFBCFE728480593029206F046FB8B
:102F80000121059B2174029AE3600021616104F52F
:102F9000005101F6884501F5496100231C48A360F2
:102FA0002B600B60806CC2F8A40004F53051C2F8AD
:102FB000A8302C31104601F087FAFB68A36107B0F6
:102FC000BDEC028BF0BD77EEC77A9FED0D7A04F56C
:102FD000325367EE877A04F5305108332C311046AE
:102FE000C4ED027AC3ED007A07B0BDEC028BBDE8F8
:102FF000F04001F069BA00BF9C390020D1CB0B38FA
:10300000DB0FC940ACC90008C4C90008D8C9000812
:103010009C3D002094C9000870C900082DE9F041CA
:10302000C24E96ED0A7A2DED028BF3EE057AB4EEE0
:10303000E77AF1EE10FA84B000F312811D46137C9A
:1030400014460F468046002B00F0D880D3689FEDD1
:10305000B87AEB1A07EE903AF8EEE77AB7EE006A24
:1030600067EE877AF4EEC67AF1EE10FAC2ED057AD1
:1030700000F1D2809FEDAF8A96ED0A7A67EE085A8A
:10308000C5EE886A76EE866AF4EEE67AF1EE10FA1C
:1030900078D4DFEDA96A27EE267AC7EE086A36EE05
:1030A000867AF4EEC77AF1EE10FA00F1E280084673
:1030B00001F098F9D6ED0A7ABDEEE77A17EE103AEC
:1030C000002B40F3928104EB432303F1280204F127
:1030D0002801002351F8040F91420344FAD107EE6E
:1030E000103AB8EEC77A9FED956AE56A9FED938A2C
:1030F000DFED938A27EE866AD5F58035C7EE066A3E
:1031000048BF05F2FF156D120027FDEEE66AC4ED1B
:10311000076A07EE107AF8EEC75A67EE886A65EE1E
:10312000A75A6FF03F0265EE885A002165EEA85A53
:10313000B7EE005A13E036EEC56AB4EEC76AF1EE98
:1031400010FA03D537EE667AFDEEC77A17EE903A9D
:1031500004EB83030132DB6A402A194433D007EEC3
:10316000902AF8EEE77A77EEA57AFDEEE77A17EE89
:10317000903A002BB8EEE77ADDDA37EE267AFDEEEC
:10318000C77AE3E7D2ED027A9FED6E7A77EE877A1F
:1031900002F53253084602F53051C2ED027A2C3165
:1031A000C3ED027A01F090F994ED057AD4ED0A7A34
:1031B000B4EEE77AF1EE10FA00F3D08004B0BDEC83
:1031C000028BBDE8F0810029B8BF7F317F2D4FEA27
:1031D000E1122946C8BFA5F18001E06901F68A2302
:1031E00004EB8303121A5A605748013706F0A6F918
:1031F000802F2BD0D6ED0A7A01358AE75348039306
:1032000006F004FA039BA384002363610123237463
:103210004FF07E53E560A36204F532530022A260B2
:103220009A60B06CC7F8A40004F53051C7F8A82024
:103230002C31384601F048F9D8F80C206369A261B6
:10324000A36204B0BDEC028BBDE8F0810022012333
:10325000227484F8223004B0BDEC028BBDE8F0810A
:103260003B48152104B0BDEC028BBDE8F04106F0EF
:1032700065B9D2ED027A9FED337A77EEC77A0846C8
:10328000C2ED027AB36CC1F8A4300023C1F8A830B3
:1032900002F5325302F53051C3ED027A2C3101F0C0
:1032A00013F994ED057AD4ED0A7AB4EEE77AF1EEEB
:1032B00010FA83DDA78C002F80D096ED0A7AD4ED2A
:1032C000027ADFED256AD8F87430A06827EE087A14
:1032D00067EEA66AC6EE877AFDEEE77A17EE902AC9
:1032E0009B1ADD1305F480351D4404EB8703CDEDF7
:1032F000037AD96A0D4405EBD5756D10DD62FDF7D3
:10330000D3F82B46CDE90001039A1248394606F05E
:1033100015F9D4ED0A7A9FED0A7AA38C77EE877AB5
:10332000013BA384C4ED0A7A48E700BF9C3D00201E
:10333000D1CB0B38DB0FC940DB0F49410000004304
:103340000000003C5F975B395CCA000824CA000893
:10335000F4C900084CCA00080000804794ED026AD6
:1033600096ED0A7A5FED046AD8F87430A78C66EEA1
:10337000266A27EE087A16EE100AC6EE877AFDEE68
:10338000E77A17EE902A9B1ADD1305F480351D4469
:1033900004EB8703CDED037ADD62FDF785F82B465C
:1033A000CDE90001039A1248394606F0C7F89FEDAF
:1033B000116A94ED0A7ADFED106AA38C37EE067A73
:1033C000FFEE007A84ED0A7A96ED0A6A07EE103A6B
:1033D000E6EE267AB8EEC77AB4EE677AF1EE10FA26
:1033E0003FF4ECAE0133A384E8E69FED047A7AE67D
:1033F0004CCA00080000003C000000430000000030
:10340000024B1878003818BF01207047C4400020D4
:10341000044B1B7823B1044A136843F00103136083
:10342000704700BFC4400020C0400020014B186816
:10343000704700BFC0400020014B1868704700BFB4
:10344000BC400020014B1868704700BFB840002006
:10345000014B1868704700BFB4400020014B18684A
:10346000704700BFB040002005289DBF024B33F8D5
:10347000100080B200207047A44000200E289ABFA0
:10348000024B53F820000020704700BF6840002026
:10349000024B1878003818BF0120704764400020A4
:1034A000014B01229A6370476840002070B50446C2
:1034B0004FF6FF7384B03748218063804FF480510A
:1034C000164603F00FFE00230393039B3F2B06D801
:1034D00000BF039B01330393039B3F2BF8D940F6B6
:1034E000010501E0013D40D02B48022103F0FEFF21
:1034F0000028F7D02188284803F0F2FF40F60105A4
:1035000001E0013D40D02448012103F0EFFF0028F5
:10351000F7D0214803F0E6FF40F60105608001E0A6
:10352000013D34D01C48802103F0E0FF0128F7D092
:1035300000230293029B3F2B4FF000051CD9154836
:103540004FF4805103F0CCFD00230193019B3F2BEE
:1035500006D800BF019B01330193019B3F2BF8D993
:1035600063883380284604B070BD4FF0FF350023D8
:103570000293029B3F2BE2D800BF029B01330293D0
:10358000029B3F2BF8D9DAE76FF00105EFE76FF008
:103590000205ECE7000C01400038004070B582B035
:1035A00000230DF102024FF40041ADF80230ADF8F6
:1035B0000430ADF806300446FFF778FF4FF40841B9
:1035C000064601AA2046FFF771FF4FF40841054661
:1035D0000DF106022046FFF769FF46EA05030343A3
:1035E00004D0064A136843F004031360BDF80600D4
:1035F000BDF8043043EA004002B070BDC040002076
:103600002DE9F04F002787B003ACCDE90377019493
:103610003A4EDFF80CA13A4C059780464FF001096D
:103620000DF10E0B14F8015B364BADF80A7043EA4E
:10363000C5250DF10A02A9B24046FFF737FF002861
:1036400049D0326842F004024FF000093260A245CE
:103650000BF1020BE6D1019C2B48002334F8022B1E
:1036600020F813200133062BF8D12849DDF80E305D
:10367000C8F806300B602649DDF81240BDF80E2070
:10368000BDF810000C60234CBDF8161021600243F9
:10369000BDF81230BDF8144025D1C3F30A03A02BA6
:1036A00021D11D4B9FED1D7AD3ED037AB4EEE77A5D
:1036B000F1EE10FAACBF4FF430734FF420739C421C
:1036C00011D140F21543994208BF09F1FF300AD1E8
:1036D00007B0BDE8F08F5A46A9B24046FFF7E6FEB4
:1036E0000028AED1B3E7054A13684FF0FF3043F02E
:1036F0000803136007B0BDE8F08F00BFC040002092
:103700003CD200080080FFFFA4400020B840002009
:10371000B4400020B04000209C3D0020000020422A
:1037200041D2000830B585B004AB03E907000F486B
:10373000002103F0E1FF0E484FF4006103F0D0FCDC
:1037400000230C4A1C4642F8234001330F2BFAD1C8
:10375000094B01251D7002F00FFD084B084A186047
:10376000084B15701C7005B030BD00BF002C014027
:10377000000801406840002064400020C84000204C
:10378000CD400020CC40002030B56D4B89B001AC5D
:1037900084E807001A780AB909B030BD694A15688B
:1037A00002F0EAFC0A220146284602F04DFC0028FD
:1037B000F2D0634B644800224FF480511A7003F03A
:1037C00099FC0346002800F08D8094E8070005ABC3
:1037D00003C341F2A1011A8005A80DF11202009362
:1037E000FFF764FE594A9FED5A7AD2ED037A009BA7
:1037F00094E80700B4EEE77AF1EE10FA0DF1140C3C
:10380000ACE80300A8BF4FF44B511A80B8BF4FF487
:103810004A510DF1120205A8FFF748FE94E807008F
:10382000009B0DF1140CACE8030042F615411A8020
:1038300005A80DF11202FFF739FE2046FFF7E0FE62
:10384000444B021E0CBF012100211546424A19605B
:103850001168424A59601168414A99601168414AA9
:10386000D9605188404889B21961918889B25961FB
:10387000D2883E4992B29A61D0F80428DA61D0F831
:103880000C281A62D0F808285A62D0F8042C9A62E0
:10389000D0F80C2CDA62D0F8082C1A63D1F808287A
:1038A0005A6345D128484FF4805103F023FC002887
:1038B0003ED02F492F4B304801240C702246294618
:1038C0001D7004F0B1F8224621462B4804F0ACF8F4
:1038D00029482246022104F0A7F82748214603F090
:1038E0000BFF59E71B49009320460B60FFF756FE7C
:1038F00018491D4A4860D2F80408C861D2F80C087B
:103900000862D2F808084862D2F8040C8862D2F83B
:103910000C0CC862D2F8082C14480A63154AD0F877
:103920000848009B4C6320201370FDF701FC33E72F
:10393000104B002220201A70FDF7FAFB09B030BDB1
:10394000CD400020C8400020000801409C3D0020E0
:103950000000204268400020B8400020B440002011
:10396000B0400020A4400020000001400030004092
:10397000CC40002064400020002C0140024B18780D
:10398000003818BF01207047CC40002000B585B03A
:1039900004AB03E907000948002103F0ADFE084825
:1039A0004FF4006103F09EFB06480749074A0023D5
:1039B00003700B70137005B000BD00BF002C0140F8
:1039C00000080140CD400020CC4000206440002091
:1039D000F0B589B001AC84E8070094E8070005AEB3
:1039E00003C64FF40041328005A80DF112021F46B4
:1039F000FFF75CFD94E8070005AB03C332804FF48A
:103A000008410DF1120205A8BDF81250FFF74EFD56
:103A1000BDF8124054EA05031FD12B0743D46F07AA
:103A200046D4AE0749D4ED074CD460054FD4A10568
:103A300052D4E20555D4230658D467065BD4A606B3
:103A40005ED4E50661D4200764D4610767D4A20779
:103A50006AD4E3076DD409B0F0BD3B48394605F0A0
:103A60006DFD6A056BD4AB0502D5384805F066FDDF
:103A7000EF0502D5364805F061FD2E0602D5354822
:103A800005F05CFD680602D5334805F057FDA90630
:103A900002D5324805F052FDEA06BED5304805F0A1
:103AA0004DFD2B07BBD52F4805F048FD6F07B8D556
:103AB0002D4805F043FDAE07B5D52C4805F03EFD79
:103AC000ED07B2D52A4805F039FD6005AFD5294884
:103AD00005F034FDA105ACD5274805F02FFDE20522
:103AE000A9D5264805F02AFD2306A6D5244805F0C9
:103AF00025FD6706A3D5234805F020FDA606A0D521
:103B0000214805F01BFDE5069DD5204805F016FD72
:103B100020079AD51E4805F011FD610797D51D486D
:103B200005F00CFDA20794D51B4805F007FDE3073F
:103B300091D51A4809B0BDE8F04005F0FFBC18481F
:103B400005F0FCFC8FE700BF68CA000888CA0008BF
:103B500094CA00089CCA0008A4CA0008ACCA00089D
:103B6000B8CA0008C4CA0008D0CA0008DCCA0008E5
:103B7000E8CA0008F4CA0008FCCA000804CB000820
:103B80000CCB000814CB00081CCB000828CB000885
:103B900034CB000840CB00084CCB000858CB0008C1
:103BA0007CCA00082DE9F04188B001AC84E8070028
:103BB0006C4F6D4A6D4D6E4900233B602B60136066
:103BC0006C4A13606C4A13601A4621F813200133C3
:103BD000062BFAD1FDF77EFA684B9FED697AD3ED9B
:103BE000037A684E6848B4EEE77AF1EE10FA4FF0C7
:103BF00001034FF40061A8BF4FF003083370B8BF52
:103C00004FF0020803F06CFA0A2002F09DFA2046F9
:103C1000FFF7C4FC28602B681BB13B6843F002032C
:103C20003B6094E8070005AD03C541F2A1012A807D
:103C300005A80DF11202FFF739FC544800F024FBEF
:103C400094E80700B8F1030F05AB03C314BF4FF4AA
:103C50004A514FF44B512A8005A80DF11202FFF78B
:103C600025FC94E8070005AB03C32A8042F6154102
:103C70000DF1120205A8FFF719FC94E8070005AB47
:103C800003C341F2A1012A8005A80DF11202FFF73A
:103C90000DFC012002F058FA3B484FF4805103F02C
:103CA00029FA18B93B6843F010033B602046FFF740
:103CB000A7FC28B934484FF4805103F01BFAE0B94F
:103CC00094E8070005AB03C341F2A1011A8005A8DF
:103CD0000DF11202FFF7EAFB012002F035FA2A4843
:103CE0004FF4805103F006FA28B32046FFF788FC12
:103CF00008BB3B6823F008033B6023484FF4805126
:103D000003F0F8F90446B8B12148002103F0F4FCAF
:103D10001D484FF4006103F0E5F91E491E4A1F4B90
:103D200000240C7014701C703470FDF7D3F9204619
:103D300008B0BDE8F081002420203470FDF7F8F9C8
:103D40001348214603F0D8FC0F484FF4006103F0FC
:103D5000C9F91049104A114B0C704FF0FF30147024
:103D60001C70E5E7C0400020B8400020BC400020A7
:103D7000A4400020B4400020B04000209C3D002022
:103D800000002042C440002000080140843600208A
:103D9000002C0140CD400020CC4000206440002099
:103DA00008B50C21002003F0F3F94FF480500222F3
:103DB000002102F06BFFBDE808404FF4805002F094
:103DC000BDBF00BF044A072928BF07210023C0E95F
:103DD00001210370704700BF00C0030810B50446FE
:103DE00002F0B2FF40F2073003F016F9606802F00B
:103DF000DFFF0123237010BD84B00DF1100C0CE91E
:103E000007000298049900EB830004B003F070B837
:103E100084B00DF1100C0CE907000298049900EB36
:103E2000830004B003F064B884B00DF1100C0CE909
:103E30000700029810EE101A00EB830004B003F0A4
:103E400057B800BF00B583B0019002F09DFF019804
:103E50000023037003B000BD84B00DF1100C0CE919
:103E6000070051F8230004B0704700BF84B00DF183
:103E7000100C0CE9070051F8230004B0704700BF94
:103E800084B00DF1100C0CE9070001EB830292EDF8
:103E9000000A04B0704700BF08B590ED167AD0ED67
:103EA000186A1C4BF7EE007A2DED048B37EEC77ABB
:103EB0009FED199AD0ED178A1968184827EE097AEC
:103EC00077EEE88A37EEE68AFCEEC77A17EE902A9C
:103ED000C9B903F04BFD1148012168EE898AFCEE57
:103EE000E87A17EE902A03F041FD68EE097ABDECFE
:103EF000048BFCEEE77ABDE80840084817EE902AEC
:103F0000022103F033BD012103F030FD03480021FD
:103F1000E3E700BF9C3900200000FA44002C014078
:103F200038B5484B1C680546002C7ED121464648D2
:103F300002F004FC0346AB604448214602F0FEFB5D
:103F400003464148EB60022102F0EAFB40480221AF
:103F500002F0E6FB40F6010401E0013C50D03A4893
:103F6000042102F0FFFB0028F7D040F6010401E035
:103F7000013C45D03648042102F0F4FB0028F7D07C
:103F80003148042102F0F4FB3148042102F0F0FB37
:103F900000212F4802F0D2FBAA68D5F89810EB68F0
:103FA000D5ED1C6ADFED2B5A2861521A07EE102A54
:103FB000D5F89C2007EE900A9B1AB8EEE76A07EE48
:103FC000903AB8EEC77AF8EEE77A27EE267A67EEEF
:103FD000A67AD5F8F83285ED067AF1EE476A26EE34
:103FE000256A76EEE76A0122013385F8F52285ED30
:103FF000086AC5ED077AC5ED056AC5F8F83238BD1F
:104000001148042102F0B4FB1148042102F0B0FB76
:10401000D5F8FC320022013385F8F522C5F8FC32D0
:104020008020BDE83840FDF783B80021074802F042
:1040300085FB0346AB600448002102F07FFB03468A
:104040007FE700BF9C390020002401400028014088
:10405000003C01401833533C00B52DED028B87B076
:10406000CDE90210CDED050A8DED041A0192F0EEB6
:10407000408A01F033FAB0EE408AB0EE680A01F0EF
:1040800007FAF6EE007A67EEC06ADFED175A9FED89
:10409000176A9DED041ADDED050A03980299019A4D
:1040A00067EEC87AB0EE667AA8EE257AE8EE656A21
:1040B000F0EE675AE0EE065AE0EE467A21EE477AD5
:1040C00021EE400A21EE661AA8EE200AA5EEA07A9B
:1040D000A7EEA01A80ED000A81ED007A82ED001AA9
:1040E00007B0BDEC028B00BDD7B35DBFD7B35D3F5A
:1040F00000B52DED028B87B0CDE90110CDED050A9D
:104100008DED041ACDED031AF0EE408A01F0E6F9C8
:10411000B0EE408AB0EE680A01F0BAF9B6EE007A65
:1041200067EE486A27EE407ADFED185A9FED186A6D
:104130009DED041ADDED050ADDED031A02980199E3
:10414000F0EE667AB0EE475AA8EE065AE0EE257A0F
:10415000A8EE467A67EE817A21EE451AE0EE656AAE
:10416000E8EE207AA0EE601AE6EEA17AA7EE611AD8
:104170009FED086A67EE867A21EE061AC0ED007A96
:1041800081ED001A07B0BDEC028B00BDD7B35D3FD7
:10419000D7B35DBFABAA2A3F00B52DED0A8BB0EEB9
:1041A000609A85B0F0EE418AF0EE40AAB0EE611A56
:1041B000F0EE680AB0EE490AB0EE618A0192CDE9EC
:1041C000021001F007F9B0EE481AF0EE680AB0EEFE
:1041D00040AAB0EE490A01F0E5F83AEE00AAF6EE80
:1041E000009AAAEE699ADFED24BA9FED24CA9FEDEA
:1041F00024BA29EE299AF0EE4C0A29EE2B9A89EE80
:104200002A0A9FED209A30EE0B0A01F0BBF8F0EE7F
:10421000490A01F0BFF8EAEE698A039880ED000AC6
:1042200068EEA98AF0EE4C0A68EEAB8A88EEAA0A1C
:1042300030EE0B0A01F0A6F8F0EE490A01F0AAF8F8
:10424000AAEE698A029981ED000A28EE298AF0EE29
:104250004C0A28EE2B8A88EE2A0A30EE0B0A01F06F
:1042600091F8F0EE490A01F095F8019A82ED000A02
:1042700005B0BDEC0A8B00BD3333933F0000000056
:10428000D7A3F03ED7A3703FF8B500238365C3657D
:1042900003660446FFF700FE00264FF47A753746A2
:1042A0002046FFF73DFED4E90223013D17441E449A
:1042B000F6D1074B83FB0721FA17C2EBA11283FB50
:1042C0000631F317C3EBA113C4E92623F8BD00BFE1
:1042D000D34D62102DE9F843344A354BDFED356A92
:1042E000DFED355A2DED028BC267C0F8802093EDCB
:1042F000027A324AC0F8842066EEC76AF7EE007A86
:10430000B0EE676AA6EEA56A2D4ADFED2E6A126846
:10431000C0F8C82027EE267AC7EE866A80ED1D7A9F
:1043200077EEE67A80ED1E7AC0ED227A9FED267A4E
:10433000D3ED037AF4EEC77AF1EE10FA33D8234BBB
:10434000DFF89C90DFED228A9FED228A224F0367DF
:104350004FF0804800F1F4050024002607EE904A53
:10436000F8EEE77A013467EEA87AC7EE887A17EE9E
:10437000900AFCF799F841EC100B07F091FD4246CA
:1043800051EC100B4B46FCF7E7F832463B46FBF787
:104390002DFFFCF7D9FB802C45F8040BDED1BDECDA
:1043A000028BBDE8F8830D4BCAE700BFEC51383DE6
:1043B0009C3D0020D1CB0B38DB0FC940BD74933B33
:1043C0009C39002017B7D13800002042FFFFA43CE1
:1043D000000000BC6F12033D0000F03FFFFF243DD2
:1043E0003333F33F10B54FF47A720446002111487D
:1043F00003F0BCFA0F484FF47A72012103F0B6FAC9
:104400004FF47A720B48022103F0B0FA0023002225
:10441000C4F8A430C4F8A830E36323646364C4F828
:104420009030C4F88C3063652365C4F8E830C4F874
:10443000EC2010BD002C014090ED397AD0ED387A97
:1044400090ED3A0ADFED1E0A77EEC77A90ED217AF9
:1044500010B5A7EE270A82B0044680ED3A0A00F0B4
:1044600099FF184BD3ED060AF1EE600A00F08AFFBF
:1044700094ED3C7A84ED3A0A60EE407A84ED290AA4
:10448000E7EE077AF5EE407AF1EE10FA11D4F1EE8C
:10449000E70A94ED2A0ACDED010A00F07BFFDDED7D
:1044A000010AF1EE600A00F06DFF84ED2A0A02B005
:1044B00010BDB0EE670A07F043FDF0EE400AE8E7F2
:1044C000000000009C3D002030B52DED028B91EDE9
:1044D000170A4B6E904D91ED186AD0ED071A90EDCA
:1044E000061AD0ED050AD1ED036A83B0436380ED6F
:1044F0000B0A95ED117AC6EE077A044600F14001E9
:104500003C30C4ED0C7A95ED117AC6EE877AC4ED95
:104510000A7AFFF7EDFD9FED815A94ED087ADFED01
:10452000805AD4ED097A94ED106AD4ED0F6A94EDB7
:10453000114AD4ED124A27EE057A26EE056AA7EE57
:10454000A57A04F1A80104F1A400DFED767A84EDE8
:10455000097A67EE277A66EE856A9FED735AE4EE74
:10456000A56AA4EE256A67EE857ADFED705A84EDC0
:10457000116A67EEA57AC4ED126AC4ED387A95ED3A
:10458000030A84ED3C0A00F03DFFD4ED0F6AD4ED40
:10459000298A94ED1D7A94ED230ADFED657A94ED76
:1045A0002A8AD4ED380A78EEE68AA7EE280A94ED36
:1045B000107A30EE270A38EE478A84ED140A00F0AC
:1045C000E9FED4ED380AF1EE600A00F0DBFED4ED2E
:1045D0001F6A94ED1D7AD4ED237AD4ED380A84ED68
:1045E000140A27EE267AE7EE287AB0EE670AC4EDC1
:1045F000237A00F0CFFED4ED380AF1EE600A00F025
:10460000C1FED4ED147AD4ED380A84ED230A67EEA6
:10461000E77AE0EEA07AF5EE407AF1EE10FA6FD488
:10462000F1EEE78A94ED240AD4ED1E7AD4ED206AE7
:10463000B0EE407AA7EE887A67EEA67ADFED3C6AA4
:10464000A7EE880A77EE267A84ED240AC4ED157A5F
:1046500000F0A0FED4ED380AF1EE600A00F092FE00
:10466000F0EE406A94ED150A94ED147AC4ED246AD4
:1046700060EE007AF0EE680AE7EE077AB1EEE77ACC
:1046800084ED397A00F086FEF1EE680A00F07AFED9
:10469000F0EE407A04F1540194ED380AC4ED157A35
:1046A00004F1500000F0AEFEDFED227A94ED0D7AB9
:1046B00094ED0B0A94ED151AD4ED140AA7EE270A0F
:1046C00004F16C0204F1680104F16400FFF7C4FC1A
:1046D00004F15800D4ED1B1A94ED1A1AD4ED190AFE
:1046E00094ED380A04F1600204F15C01FFF754FD17
:1046F000204603B0BDEC028BBDE83040FFF7CCBBD9
:10470000B0EE670ACDED010A07F01AFCDDED010AF3
:10471000F0EE408A86E700BF9C3D0020CDCCCC3D2A
:104720006666663F3333933FD7A3703F3ACD133F5E
:1047300000000000BAB1513890ED0A7AD0ED337A1A
:10474000D0ED356A90ED370A144BD0ED3C0A77EE88
:10475000C77A90ED347AA6EEA70A10B5D0ED0C7AA0
:10476000D0ED366A37EE677AD3ED0E7AA6EE870A79
:10477000044693ED117A67EE877A80EE270A00F0FF
:1047800009FED4ED3C0AF1EE600A00F0FBFD0023C7
:1047900084ED2A0AC4F8A43010BD00BF9C3D00205F
:1047A0000023C0F8DC30C0F8D430C0F8D830C0F8EE
:1047B000CC30C0F8D030C0F8A830704708B50B48EE
:1047C00001F094FA70B1094801F0C4FA38B1074811
:1047D00001F024FC054801F065FB013808BD0348E1
:1047E00001F01CFC4FF0FF3008BD00BF84390020F1
:1047F00010B54FF4805182B00A4802F07BFC0446A9
:10480000FCF79EFC084A094B094992F8F52293F8F7
:10481000DD3289880092221E18BF012201F002FCBD
:1048200002B010BD0008014084360020643300202F
:104830005833002010B503780446052B2AD8DFE84A
:1048400003F027032A2927271B4B1A891868596860
:10485000FFF79CF8194B93F82220CAB91849194A56
:104860000968916203F50053174893F840CFD3F8D5
:10487000443F1649C0F800C04FF40072436118303D
:1048800004F032FF114912484FF4007204F02CFF7B
:104890000123E37010BD084B0122C27018685968EB
:1048A0001A89FFF773F80B48FFF79CFDBDE810402D
:1048B0000848FFF775BF00BF5833002010020020E2
:1048C0004C3100209C3D00209C39002058310020B4
:1048D000403400208436002008B50D4804F096FED0
:1048E0000C4804F093FE0C4804F090FE0B4804F0D2
:1048F0008DFE0B4804F08AFE0A4804F087FE0A4841
:1049000004F084FEBDE80840084804F07FBE00BF04
:1049100098C8000864CB000870CB000884CB00085E
:10492000A0CB0008B0CB0008C8CB0008E4CB00083F
:1049300030B56C486C4C6D4D85B004F0FFFD6C4893
:104940006C4B6D4A6D49CDE900046D4C6D4804F027
:10495000F5FD6D4804F05AFE606CFBF7A5FD6B4A4F
:104960006B4B0095CDE902016A496B4804F0E6FD06
:10497000A06BFBF799FD694A654B0095CDE90201F3
:104980006749684804F0DAFD674804F03FFEA06814
:10499000FBF78AFD654B664A0093CDE90201654B42
:1049A0006549664804F0CAFDE068FBF77DFD644B8D
:1049B000644A0093CDE90201634B64495F4804F007
:1049C000BDFD206DFBF770FD2B46CDE90201604A6D
:1049D00000956049594804F0B1FDA06DFBF764FDF6
:1049E0002B46CDE902015C4A00955C4953485C4D79
:1049F00004F0A4FDE06DFBF757FD5A4B5A4A0093B3
:104A0000CDE90201504B59494C4804F097FD206E06
:104A1000FBF74AFD564B574A0093CDE902014A4B3A
:104A20005549464804F08AFDA069FBF73DFD534B0C
:104A3000534A0093CDE90201434B52493F4804F0E9
:104A40007DFD206AFBF730FD4F4B504A0093CDE9C6
:104A500002012F4B4E49394804F070FD606AFBF7A4
:104A600023FD4C4B4C4A0093CDE90201364B4B4998
:104A7000324804F063FDA06C494CFBF715FDCDE90D
:104A800002014849304B484A00912C48474904F0FC
:104A900055FD474804F0BAFD6368464A4649474811
:104AA000CDE900531A4B04F049FDA3680193444A31
:104AB000174B44490095414804F040FDE068424BE3
:104AC000424A4349CDE90030114B424804F036FDDB
:104AD000414804F033FD414805B0BDE8304004F0E2
:104AE0002DBD00BFFCCB000850CC0008A4CC0008B2
:104AF00060CC000818CC00081CCC000828CC0008AA
:104B00009C3D002030CC000864CC000874CC000828
:104B100070CC000880CC000884CC0008A8CC000829
:104B2000C0CC0008C4CC0008E4CC000834CD000898
:104B3000F8CC0008F4CC000810CD000814CD000813
:104B400058CD000840CD00083CCD000854CD0008E9
:104B500060CD00087CCD000880CD0008A0CD000805
:104B6000BCCE0008C4CD0008A4CD0008C0CD00080C
:104B7000F0CD0008CCCD0008ECCD000810CE000828
:104B8000F4CD00080CCE000838CE000818CE00087E
:104B900034CE000858CE00083CCE000854CE0008A1
:104BA0009C3900207CCE000860CE000878CE00083A
:104BB00084CE000890CE000898CE00089CCE000855
:104BC000C0CE0008CCCE000810CF0008D0CE000820
:104BD000F0CE0008F4CE000818CF000864CF00081B
:104BE00000B5037883B0042B2BD8DFE803F02C202A
:104BF000082A030003B05DF804EBFFF799BE0190AB
:104C0000FFF7F6FD034600284CD12A480193C0F86F
:104C1000B830FFF7E7FB2849019A088960F30F02D3
:104C20000868496803B05DF804EBFEF77BBD0190AE
:104C3000FFF7DEFD034658B1019A002101235170B0
:104C4000D37003B000BD03B05DF804EBFFF744BEC2
:104C50001A4ADFF870C01A49DCF828C0A2F82130DF
:104C600002F50050137400F63C720193C2F800C0C4
:104C70004B690A6880F8402FC0F8443F18314FF460
:104C8000007200F6487004F02FFDDFF83CC0019B75
:104C9000CCF8D8304FF4007219460CF1DC0004F067
:104CA000D6FCB8E701210620FDF726F90148FFF7F9
:104CB00077FDC1E784360020583300201002002021
:104CC0009C3900209C3D0020643300202DE9F041F8
:104CD000037842789A42044629D1022B1CD0052B36
:104CE00012D0012B21D1594A92F82130002B4CD0FF
:104CF00092F82230002B56D155495648D1F8B4309D
:104D0000BDE8F041FEF78AB9514B5248D3F8B410D0
:104D1000BDE8F04100F028BF4F4B186859681A8968
:104D2000FEF732FDFEF72AFE40B9BDE8F081FFF73D
:104D300081FDE378002B30D12378CEE7474BDA684A
:104D4000002A04DD4249D1F8B8108A4273DBFFF72C
:104D50004FFD002860D13E48FFF7EEFC3C48FFF7CE
:104D60006BFB3C493A48FFF7AFFB6378022BDCD181
:104D70003A4BDB68002BD8DD3549D1F8B820934297
:104D8000D3DB0132C1F8B820CFE731493148D1F83F
:104D9000B430BDE8F041FEF76BB86378237020466D
:104DA000FFF71EFFC8E7D3692A4E2C4F96ED1A7AFB
:104DB0009FED2B0A7B615A4207EE902AF8EEE77AC4
:104DC000F7EE000A67EE877A1D4627EE800A07F0A5
:104DD0003BF8DFED247A60EE277A17EE900AFBF7B6
:104DE00063FB0B46024629461F4804F0A7FB1F49F8
:104DF0004FF4007206F1DC0004F076FC1B494FF41E
:104E0000007207F1180004F06FFCFFF7D7FCC8B977
:104E100000236370E37088E700210620FDF76CF83B
:104E20000D4B1A8918685968FEF7B0FD002201235E
:104E30006270E37079E70520FDF75EF80448FFF73C
:104E4000AFFCEDE70A4804F0E1FBE1E710020020C7
:104E50008436002064330020583300209C39002021
:104E600000008037DB0FC94090CF00083C2C0020A9
:104E7000A4CF000838B5417BA1F161030446172B8C
:104E800019D8DFE813F028004700660085001800F5
:104E9000A000BF00DA00F900180004011F013E0164
:104EA00018001800490118001800180068011800BF
:104EB000730118009201CF4804F040FB251DFFF755
:104EC0007DFC002840F08C81FFF732FD0023A38198
:104ED00063606B6038BD051D284602F068FF51EC29
:104EE000100BFBF731FEF3EE040A00EE100A07F098
:104EF00075FBDFEDC10A07F049FBC04B10EE100A4D
:104F000083ED120AFBF7D0FA02460B46BC4804F0C8
:104F100015FBD4E7051D284602F049FF51EC100BA4
:104F2000FBF712FEDFEDB70A00EE100A07F056FBA2
:104F3000DFEDB50A07F02AFBB04B10EE100A83ED47
:104F4000020AFBF7B1FA02460B46B04804F0F6FA43
:104F5000B5E7051D284602F02AFF51EC100BFBF7C0
:104F6000F3FDDFEDAB0A00EE100A07F037FBDFEDD3
:104F7000A20A07F00BFBA14B10EE100A83ED090A01
:104F8000FBF792FA02460B46A24804F0D7FA96E7DE
:104F9000051D284602F00BFF51EC100BFBF7D4FD6A
:104FA000DFED950A00EE100A07F0F0FA934B10EED1
:104FB000100A83ED180AFBF777FA02460B4696486B
:104FC00004F0BCFA7BE7051D284602F0F0FE51EC28
:104FD000100BFBF7B9FDDFED910A00EE100A07F0A8
:104FE000FDFADFED850A07F0D1FA844B10EE100AC6
:104FF00083ED060AFBF758FA02460B46884804F090
:105000009DFA5CE7051D284602F0D1FE51EC100B1D
:10501000FBF79AFDDFED830A00EE100A07F0B6FAFF
:10502000764B10EE100A83ED110AFBF73DFA0246AB
:105030000B467D4804F082FA41E7051D284602F040
:10504000B6FE51EC100BFBF77FFDDFED780A00EEAA
:10505000100A07F0C3FADFED680A07F097FA674B0A
:1050600010EE100A83ED080AFBF71EFA02460B4603
:105070006F4804F063FA22E7051D284602F09AFE05
:105080006C4B014659606C4804F058FA17E7051D4F
:10509000284602F08CFE51EC100BFBF755FDDFEDBE
:1050A000670A00EE100A07F071FA544B10EE100A6E
:1050B00083ED0E0AFBF7F8F902460B46604804F050
:1050C0003DFAFCE6051D284602F071FE51EC100B7E
:1050D000FBF73AFDDFED5B0A00EE100A07F07EFAFF
:1050E000DFED450A07F052FA444B10EE100A83ED4B
:1050F000030AFBF7D9F902460B46534804F01EFA9F
:10510000DDE6051D284602F055FE4A4B0146996032
:105110004E4804F013FAD2E6051D284602F047FE79
:1051200051EC100BFBF710FDDFED330A00EE100A17
:1051300007F02CFA314BF1EE407A83ED140AC3EDFF
:10514000137A10EE100AFBF7AFF902460B464048FF
:1051500004F0F4F9B3E6051D284602F02BFE354BAA
:105160000146D9603B4804F0E9F9A8E6051D284648
:1051700002F01DFE51EC100BFBF7E6FCDFED1E0A02
:1051800000EE100A07F002FA1C4BF1EE407A83EDB4
:10519000160AC3ED157A10EE100AFBF785F90246E0
:1051A0000B462D4804F0CAF989E6051D284602F091
:1051B000FEFD51EC100BFBF7C7FCDFED0F0A00EE14
:1051C000100A07F0E3F90D4B10EE100A83ED170AF1
:1051D000FBF76AF902460B46204804F0AFF96EE689
:1051E0001F4804F013FAFFF7A3FB0023A3816360B9
:1051F0006B6038BD14D10008000000009C3D002009
:1052000090D000080000FA440000C842DCCF00083B
:105210000000204278D00008D8D0000800000442E6
:1052200030D000086F12833AA4D000080000164363
:1052300060D000089C390020F0CF000817B7D138A3
:10524000B4D00008000070421CD0000804D0000850
:10525000ECD0000848D0000800D10008C4D00008F5
:10526000A4CF00081B2908B5034645D06D29027854
:1052700046D052B1042A07D10D294BD0027B002A17
:1052800045D1417301321A7308BD63391729FBD820
:1052900001A252F821F000BF1D53000889520008F6
:1052A00027530008895200088952000889520008D3
:1052B0008952000889520008895200088952000862
:1052C0008952000889520008895200088952000852
:1052D0008952000889520008315300088952000899
:1052E0008952000889520008895200088952000832
:1052F000895200083B53000800224270C27008BD6A
:1053000002218A424170BFD00022C27008BD104401
:10531000C170B7E7BDE80840FFF7ACBD012100222E
:105320004170C27008BD052100224170C27008BDE5
:10533000042100224170C27008BD0D489FED0D0A86
:105340000023C0F8D43000F0B3FA09480A4B826F4A
:105350001A61FFF733FA084B28B919690748BDE805
:10536000084004F0EBB8064804F050F9024BF4E7AB
:1053700064330020D1CB0B389C3900206CD100085D
:105380003CD10008B4EEE00AF1EE10FAD8BFB0EE5E
:10539000600A7047F4EEC00AF1EE10FAD8BFB0EE22
:1053A000600A7047B4EEE00AF1EE10FA07DDB4EEE1
:1053B000C10AF1EE10FAD8BFB0EE410A7047F4EE20
:1053C000C10AF1EE10FAD4BFB0EE410AB0EE600AA5
:1053D000704700BFB4EEE00AF1EE10FA07D5B4EE64
:1053E000C01AF1EE10FAD8BFB0EE410A7047B4EE21
:1053F000E01AF1EE10FAD4BFB0EE410AB0EE600A46
:10540000704700BFD1ED007A90ED007A67EEA77A81
:10541000E7EE077AF1EEE76AF4EEC06AF1EE10FA11
:105420000DDD27EE007AC7EE267AC0ED007AD1EDC9
:10543000007A20EE270AC0EE267AC1ED007A704786
:1054400001238340013B07EE903A30EE600AF8EE0C
:10545000E77A31EE601A67EE807A87EE817AFDEEA8
:10546000C77A17EE900A704707EE900A012370EE94
:10547000C00AF8EEE77A8B40013B27EEA07A07EEF0
:10548000903AF8EEE77AC7EE276A36EE800A704760
:1054900000B5DFED0F0A83B0CDED010A06F0D4FCB4
:1054A000B5EEC00AF1EE10FA03D5DDED010A30EEDB
:1054B000200ADFED087A084B20EE270ABDEEC00A6D
:1054C00010EE102A03EB820393ED000A03B000BD37
:1054D000DB0FC94083F9A24244D2000800B5DFEDDA
:1054E000117ADFED110A83B037EEC00ACDED010A63
:1054F00006F0AAFCB5EEC00AF1EE10FA03D5DDED18
:10550000010A30EE200ADFED097A094B20EE270A66
:10551000BDEEC00A10EE102A03EB820393ED000AE1
:1055200003B000BDDB0FC93FDB0FC94083F9A242C6
:1055300044D2000870B5054684B035480E464FF495
:10554000004101F0CFFD00230393039B3F2B06D8BE
:1055500000BF039B01330393039B3F2BF8D940F615
:10556000010401E0013C3ED02A48022101F0BEFFC7
:105570000028F7D02748294601F0B2FF40F6010481
:1055800001E0013C3ED02348012101F0AFFF00289B
:10559000F7D0204801F0A6FF40F60104308001E07A
:1055A000013C32D01B48802101F0A0FF0128F7D038
:1055B00000230293029B3F2B4FF000041AD914489A
:1055C0004FF4004101F08CFD00230193019B3F2B20
:1055D00006D800BF019B01330193019B3F2BF8D9F3
:1055E000204604B070BD4FF0FF3400230293029BAD
:1055F0003F2BE4D800BF029B01330293029B3F2B59
:10560000F8D9DCE76FF00104EFE76FF00204ECE794
:1056100000080140003C0040F0B5064683B0084653
:105620001746FCF7DDFB044643F6FF70FCF7D8FB9A
:1056300001A905462046FFF77DFF48BB0DF1060195
:105640002846FFF777FF18BBBDF806402046FCF759
:10565000E3FB431CA6F8E0420BD0023012D0C4F3A7
:105660000D043C8001A92846FFF764FF80B903B010
:10567000F0BDD6F800330133C6F800336FF00100F7
:1056800003B0F0BDD6F804330133C6F80433F5E7B0
:10569000D6F8FC3201334FF48070C6F8FC32FBF7C9
:1056A00047FD4FF0FF30E2E770B5002182B00646BB
:1056B0000120FCF7A5FB044643F6FF70FCF790FBC6
:1056C0000DF1060105462046FFF734FF38B90DF10C
:1056D00006012846FFF72EFF08B902B070BDD6F8C4
:1056E000FC3201334FF48070C6F8FC32FBF720FD2A
:1056F0004FF0FF30F1E700BF10B582B00DF10202AC
:1057000043F6FC710446FFF787FFF0B901AA43F6A0
:10571000FD712046FFF780FFB8B90DF106020121A7
:105720002046FFF779FF80B9BDF80630BDF80210BA
:10573000BDF80420A4F8EA32A4F8E612A4F8E8229E
:10574000012384F8DE3202B010BD00234FF0FF3099
:10575000F7E700BF2DE9F04F044687B043F6FF702E
:105760000E46FCF73DFB4FF0000807462046FFF7CA
:105770009BFF4645A4F8DD82A4F8EC8240F38380C9
:105780000123CDF8088003939A46C1460DF1160116
:105790003846FFF7CFFE90BB012E44D04FF0010BEF
:1057A00000250DF116013846FFF7C4FE48BBBDF8D1
:1057B000168001904046FCF72FFB431C019AA4F889
:1057C000E082C8F30D0C05F101053AD0023054D047
:1057D0000BF1010B5E45A4F8E2C284F8DDA2A4F847
:1057E000EC22DED11F2D1ED92046FFF785FFB0FA2F
:1057F00080F0400984F8DE0207B0BDE8F08F4FF07A
:10580000000BD4F8FC12B4F8EC2284F8DD920BF112
:10581000010B0131013201235E45C4F8FC12A4F8EA
:10582000EC220293BCD1039D032D1AD0142000F06A
:105830008BFC6B1C03930023A4F8DD32A4F8EC323C
:10584000A4E7D4F800230132C4F800230BF1010BC4
:105850005E454FF0000584F8DD92A2D1039D032D33
:10586000E4D1029A002384F8DD329A4214BF4FF447
:1058700080704020FBF75CFCB6E7D4F804230132CB
:10588000C4F80423E2E70125032D4FF014000CD0E7
:10589000013500F059FC4FF00003032DA4F8DD3270
:1058A000A4F8EC824FF01400F2D100230293D8E761
:1058B00070B52DED028B044684B043F6FF70B0EE58
:1058C000408AFCF78DFAD4F8F03201330DF10E0165
:1058D000C4F8F032FFF72EFE002840F0C380BDF878
:1058E0000E30019305461846FCF796FA019BA4F882
:1058F000E032421C00F00881023000F0DD80D4F874
:10590000F422C3F30D06002A40F0ED80002366F375
:105910000F03D4ED016A012166F31F43B5000A4469
:10592000C4F8E232002384F8DD12C4F8F422A4F8AB
:10593000EC32C4ED026A4C2204F10C01656704F1FB
:105940001000CDED016A03F069FE6B125A1C02F0E3
:105950007F0204EB830304EB8202D3F8DC30D2F83D
:10596000DC209FED7B6ADDED016AC5F30801D21AE8
:1059700001FB02F203EB62232B447649A3670A6919
:105980009A1A07EE102ABAEEC87AFDEEC77AF8EE38
:10599000E77A37EE677A27EE067AB5EEC07AF1EE4F
:1059A00010FA01D537EE067A4A6994ED1A6ADFEDEE
:1059B0006A5A9FED675A84ED017A9B1A07EE903A76
:1059C000F8EEE77A67EE867A67EEA57AFDEEE75A9B
:1059D000F8EEE55A77EEE57A67EE857AF5EEC07A6D
:1059E000F1EE10FA01D577EE857A77EE666ADFED93
:1059F0005B5AC4ED177AF4EEE56AF1EE10FA48DC72
:105A0000DFED577AD4F8801094F8DC22F4EEE76AE0
:105A1000F1EE10FA4CBF012300230B44C4F8803090
:105A2000002A41D007EE903ADFED496AF8EEE77AB6
:105A300067EEA67A37EE277AD4ED166A84ED037AFC
:105A4000F3EE037A77EE666A68EE277A86EEA77A37
:105A500026EE076A84ED187A84ED196A04B0BDEC6D
:105A6000028B70BDD4E9BE21B4F8EC3201310132B1
:105A7000C4E9BE210020013384F8DD02A4F8EC3231
:105A80004FF4807004B0BDEC028BBDE87040FBF7B2
:105A90004FBBD4F8801094F8DC224FF0FF330B4456
:105AA000C4F88030002ABDD10123DFED2E7AC4F87E
:105AB000802084F8DC32BDE7D4F804330133C4F825
:105AC0000433B4F8EC32D4F8F82201339BB201323B
:105AD0000021022BC4F8F822A4F8EC3284F8DD127D
:105AE000BCD94020CEE7B4F8E4123046FCF7A2F966
:105AF00000F50070B0F5806F0CD8B4F8E432B34212
:105B00001DD0D4F8F42201E7D4F800330133C4F8EF
:105B10000033D6E7B4F8EC32D4F80813D4F8F822FE
:105B200084F8DD5201339BB201310132022BC4F8FB
:105B30000813C4F8F822A4F8EC328FD9D1E7D4F8CE
:105B40000C33D4F8F4220133C4F80C33DEE600BF82
:105B5000DB0FC9409C39002000008037DB0F494033
:105B6000DB0F49C00000000070B5224D2B6803F523
:105B70001C5310338B4200D970BD04460E46416F52
:105B80001D4803F0DBFCA16F1C4803F0D7FC6068E4
:105B9000FAF78AFC02460B46194803F0CFFCE0688E
:105BA000FAF782FC02460B46164803F0C7FCE06D8C
:105BB000FAF77AFC02460B46134803F0BFFCD4F810
:105BC0008010124803F0BAFC94F8DD12104803F07C
:105BD000B5FCD4F8FC120F4803F0B0FCD4F8001365
:105BE0000D4803F0ABFC0D48D4F8041303F0A6FCF9
:105BF0002E6070BDD040002094D10008A0D10008D4
:105C0000B8D10008D0D10008E4D10008F8D10008CC
:105C100008D2000814D2000820D2000830D20008B0
:105C200030B585B001AB83E807000E4D002401AB11
:105C300093E807002346FEF70FF90134B4F5807F9F
:105C400045F8040FF3D1084D01AB93E80700234654
:105C5000FEF716F90134B4F5A07FA5EC010AF3D1E3
:105C600005B030BD983900209C3D002070B586B04D
:105C700003AB83E8070003AA07CA4FF4A073FEF73B
:105C8000F5F803AA064640F2411307CAFEF7EEF8FC
:105C900003AA05464FF4A17307CAFEF7E7F80DF112
:105CA0000C0C044640F243139CE80700FEF7DEF8B4
:105CB000054A0192054A009203462246294630468B
:105CC000FCF730F806B070BD9C3D00209C390020E8
:105CD00000B583B00190FEF775F801984168002285
:105CE000FF23C0E90312838203B000BD30B517491A
:105CF0008BB004461648FBF7E3FD0546E8B1237D6B
:105D0000012B1ED900210B46E268637502EB010EE0
:105D100094E8070004AB83E807000DF1040CCDF80C
:105D200014E08CE8070093E8070007AB83E807005E
:105D300084E807002046FEF751F82846A5750BB009
:105D400030BD013303F00103D902DDE79C3D0020A3
:105D50009C390020F0B5837D83B005462BB9002423
:105D600000232046AB7503B0F0BD48494848FBF717
:105D7000A7FD0028F3D045494548464EFBF75EFD98
:105D80000024074656F8043F95E807000093234691
:105D90000134FEF731F8B4F5807FF3D13B4EB6EC19
:105DA000010A234695E807000134FEF73DF8B4F5F3
:105DB000A07FF4D10223009395E8070040F241133D
:105DC000FEF726F8009495E807004FF4A173FEF75C
:105DD0001FF8009795E8070040F24313FEF718F804
:105DE0002A690132009295E807004FF4A273FEF78A
:105DF0000FF8294B009395E807002346FEF708F8B3
:105E0000234926484FF4806203F06EFC1F49244862
:105E10004FF4807203F068FC95E80700FFF700FF7D
:105E200095E80700FFF722FF044660B91B491848B0
:105E30004FF4806203F058FC194914484FF4807203
:105E400003F052FC8BE795E807004FF4A273FEF7CE
:105E50000DF82B69114907464FF480620C485E1C0F
:105E600003F042FC0E4909484FF4807203F03CFCF9
:105E7000B7427FF474AF2B696A7D2A7501332B61B9
:105E800020460023AB7503B0F0BD00BF9C3D002051
:105E90009C390020983900204154484ED4410020BC
:105EA000D44000202DE9F04F93B006460DF10C08C8
:105EB00000274FF0FF0A0CAD09AC0DF1100996E870
:105EC00007000DF13C0C8CE80700F36803EBC723D7
:105ED000109385E807009CE8070084E80700FFF7B7
:105EE0009FFE94E80700FFF7C1FE4FF4A27388F805
:105EF0000000834694E80700FDF7B8FF49F8270043
:105F00000346002F41D0BBF1000F02D0BAF1FF0FC2
:105F100054D1059B9DF80D2004999DF80C00FBF7CA
:105F200029FF002859DB5FFA80F8B8F1FF0F54D041
:105F3000B8F1000F56D1354935484FF4806203F06F
:105F4000D3FB344934484FF4807203F0CDFBF26840
:105F500086F8148002EBC82796E8070085E807005A
:105F60000D9784E8070095E807000FAC84E8070068
:105F70000DEB880394E807001B693361012386E871
:105F80000700184613B0BDE8F08FBBF1000F10D02A
:105F90001F491E4801934FF4806203F0A5FB1E4980
:105FA0001C484FF4807203F09FFBBAF1FF0F04D13D
:105FB000BA4608F10108012781E7019B18460DEB5D
:105FC0008A031969FBF7D0FE08B15FFA87FA002F40
:105FD0009FD108F10108012771E70023184613B08B
:105FE000BDE8F08FF26802EBC82396E807000DF1D8
:105FF0003C0C8CE80700109385E807009CE807003C
:1060000006AF87E80700FFF70BFEA0E7D4410020AA
:106010009C390020D44000209C3D00200023837543
:10602000FDF710BF9DF800C030B949B932B14BB18E
:10603000844508BF05207047012070470320704742
:106040000220704704207047081A904234BF002095
:10605000012070470120704708B503F013FB162399
:1060600003604FF0FF3008BD08B503F00BFB1623AB
:106070000360FEE770B5161E07DD0C468D19AFF301
:10608000008004F8010BA542F9D1304670BD00BF75
:1060900070B5161E07DD0C468D1914F8010BFCF7C0
:1060A000C7FEA542F9D1304670BD00BF4FF0FF30AA
:1060B000704700BF4FF400534B600020704700BF93
:1060C00001207047002070470C4A08B5136833B1AF
:1060D00018446946884208D81060184608BD084B25
:1060E0001360184469468842F6D903F0CBFA0C23B2
:1060F00003604FF0FF33184608BD00BFD4450020B1
:10610000304700200D4B0E4A1B68A2FB03239B095E
:10611000013BB3F1807F00D3FEE74FF0E022094955
:106120005361F02081F823004FF0000C072010236A
:10613000C2F818C0106181F82330704700000020B9
:10614000D34D621000ED00E0024A10601368002B8E
:10615000FCD17047DC4500200549064A0B68013335
:106160000B60136813B11368013B1360704700BFE5
:10617000D8450020DC450020014B1868704700BF5F
:10618000D8450020704700BF08B50220FAF7D0FFBD
:10619000FEE700BF08B50420FAF7CAFFFEE700BF1C
:1061A00008B50820FAF7C4FFFEE700BF08B51020C5
:1061B000FAF7BEFFFEE700BF704700BF704700BFA1
:1061C000704700BFFFF7C8BF70B5524C524884B04B
:1061D0002246002100F076FC206840F201739842CC
:1061E00006D1A36823F07F43B3F5002F00F082802F
:1061F0004A4D627A217A6B680093B2FA82F2B1FA60
:1062000081F1A37A52094909FBF7C4FD08B904B02A
:1062100070BD434A434E444B92ED0E7A96ED111AEF
:10622000D2ED117AD3ED180A93ED030A29793F488C
:1062300021EE071AC0EEA70A80EE270A21EE271AE0
:10624000FBF7EEF93949344800F0E8FB384803A978
:10625000FBF7B2FD054600B39DF80C10FD2941D0B7
:10626000FE2912D0FC29D2D10220FBF745FE0023E3
:106270003046C6F8B830FEF793FA2020FAF766FFEA
:106280002C486D21FEF7EEFFC1E70420FBF734FE3A
:1062900028487A21FEF7E6FFB9E7236906F1CC0228
:1062A000CDE9003294E80F00FBF7FCF9DFED226A3C
:1062B000D6ED347A96ED337AC6F8B85067EEA67A02
:1062C00027EE267AFDEEE77ABDEEC77A17EE903A12
:1062D00017EE101A9BB2012043EA0141FBF70CFEB6
:1062E00004B070BD0320FBF707FE12481B21FEF728
:1062F000B9FF8CE703A904F10B00FBF7AFFD18B958
:106300009DF80C30072B01D9206871E72046FBF778
:106310002BFE7CE7E8010020006400409C3900204F
:106320009C3D00208436002064330020FC010020C6
:10633000F3010020743600200000C842012110B58E
:10634000174801F0B9F917490B88013343F6972232
:106350009BB2934212D80B80134C2046FDF7E0FD10
:106360009FED120A1248FFF7A3FA1248FEF7AEFC9F
:10637000D4F8B4300133C4F8B43010BD0E4B1A78E1
:1063800000200880B2FA82F200F18040520900F544
:1063900088304FF400511A7000F0A6FEDCE700BF11
:1063A000002C0140E245002084360020D1CB0B3880
:1063B0006433002074360020E045002008B54FF417
:1063C000805000F0BBFC11484FF4805100F092FE69
:1063D00000B108BDFDF75CF8A0B9FDF711F818B1E0
:1063E000BDE80840FDF714B808484FF4006100F01C
:1063F00087FE0028EDD02020FAF79AFE044B0122F8
:106400009A8008BDBDE80840FDF74AB80008014081
:106410005833002008B50749074801F0F9FB00B9D7
:1064200008BD054801F0DCFBBDE80840C1B20348E7
:10643000FEF718BF05030500004400407436002035
:1064400008B5154B98421BD003F5A05398420DD0C8
:10645000A3F5C05398421DD140F2093000F02AFF45
:10646000BDE8084040F2093000F032BF40F20F3082
:1064700000F020FFBDE8084040F20F3000F028BFD8
:1064800040F20A3000F016FFBDE8084040F20A3042
:1064900000F01EBF08BD00BF002801408368DB0775
:1064A00003D4836843F0010383607047826842F03D
:1064B000080200F1080382601A681107FCD48268A0
:1064C00042F0040282601A685207FCD4704700BF91
:1064D000836843F480738360704700BF064BD3F832
:1064E000042422F47022C3F80424D3F804240243C1
:1064F000C3F80424704700BF0020014001F48073FA
:106500008AB11BB1436843F4807343604B0503D5E4
:10651000436843F480634360890715D5836843F07B
:106520000203836070471BB1436823F480734360A8
:106530004A0503D5436823F4806343608B0703D582
:10654000836823F002038360704700BF836819B13A
:1065500043F400638360704723F4006383607047F3
:1065600001290ED0022900D07047836B23F4401319
:106570008363013A836B120502F440121A4382636B
:106580007047C36A23F47003C362013AC36A1205F9
:1065900002F470021A43C262704700BF052900B5B9
:1065A0002ED8D0F834C001EB81014FF01F0E0EFA47
:1065B00001FE2CEA0E0C02FA01F141EA0C014163E2
:1065C000092A0DD8016902EB42024FF0070C0CFAC0
:1065D00002FC21EA0C0103FA02F20A43026100BD47
:1065E000112AFCD80A3AC16802EB42024FF0070CAC
:1065F0000CFA02FC21EA0C0193400B43C36000BD7E
:106600000B2910D80639D0F830C001EB81014FF0CA
:106610001F0E0EFA01FE2CEA0E0C02FA01F141EAFD
:106620000C010163CCE70F29CAD80C39D0F82CC073
:1066300001EB81014FF01F0E0EFA01FE2CEA0E0C49
:1066400002FA01F141EA0C01C162B9E7D0F838C0A1
:106650000331CCF3015CA1EB0C0101EB81014FF0A4
:106660001F0C00B50CFA01FED0F838C002FA01F197
:106670002CEA0E0C41EA0C01092A81630DD801694C
:1066800002EB42024FF0070C0CFA02FC21EA0C016B
:1066900003FA02F20A43026100BD112AFCD80A3A49
:1066A000C16802EB42024FF0070C0CFA02FC21EA2F
:1066B0000C0193400B43C36000BD00BF01F0010318
:1066C0005AB11BB1836843F4801383608A070FD5E6
:1066D000836843F40043836070471BB1836823F4ED
:1066E000801383608B0703D5836823F400438360A2
:1066F000704700BF01290AD0022900D07047836883
:1067000023F4E043836083681343836070478368A6
:1067100023F460238360836813438360704700BF62
:10672000CA0703D5836843F4800383608B0703D5CE
:10673000836843F400138360704700BF03290FD8B8
:10674000DFE801F00B080502806C80B27047406CF6
:1067500080B27047006C80B27047C06B80B27047E7
:106760000020704703680B4214BF012000207047CF
:10677000036823EA01030360704700BF08B5074BB5
:10678000984200D008BD40F2194000F093FDBDE8EA
:10679000084040F2194000F09BBD00BF006400407B
:1067A00029B103282CD8DFE800F00E182103FEE7FA
:1067B0000023C1F80B30C1F80F308B724B60CB74E3
:1067C0000B810B607047002340F2FF304FF4003222
:1067D00048810B810A604B60704700234FF4803280
:1067E0000B740B604B608B60CA6070470023C1F86C
:1067F0000B30C1F80F308B724B600B810B60704710
:10680000FEE700BF036823F0020300B503600368DE
:10681000844643F001034CF8043B4368DB0786469B
:1068200008D44FF6FF7301E0013B03D0DCF80020F1
:10683000D007F9D5DEF8040010F0010070D04B78D5
:106840008A781B06120402F4702203F0407313438B
:106850000A7843EA8273CA78120502F4E00213430D
:106860004A89013AC2F309021343CEF81C300B796E
:10687000012BDEF800300CBF43F0800323F08003CF
:10688000CEF800304B79012BDEF800300CBF43F01E
:10689000400323F04003CEF800308B79012BDEF863
:1068A00000300CBF43F0200323F02003CEF800306B
:1068B000CB79012BDEF800300CBF43F0100323F03E
:1068C0001003CEF800300B7A012BDEF800300CBF3D
:1068D00043F0080323F00803CEF800304B7A012B75
:1068E000DEF800300CBF43F0040323F00403CEF8BD
:1068F0000030DEF8003023F00103CEF80030DEF87F
:106900000430DA070DD54FF6FF7000E040B1DCF837
:106910000030DB0700F1FF30F8D4003818BF012049
:1069200000BD012000BD00BF3B494389D1F80026CE
:1069300042F0010200B5C1F80026D1F81CC6B0F83B
:106940000EE001229A402CEA020CC1F81CC6BEF1EE
:10695000000F45D1D1F80CC603F100632CEA020CFC
:10696000C1F80CC603F6C843B0F806C04188DB0086
:1069700041EA0C41B0F804C01960018841EA0C41B9
:106980005960838924492BBBD1F8043623EA0203DA
:10699000C1F8043603892049B3B9D1F8143623EA83
:1069A0000203C1F81436037C012B05D11A49D1F832
:1069B0001C361343C1F81C36174AD2F8003623F0B0
:1069C0000103C2F8003600BDD1F814361343C1F8F4
:1069D0001436E8E7D1F804361343C1F80436D9E792
:1069E000BEF1010FCDD1D1F80CC603F100634CEA22
:1069F000020CC1F80CC603F6C843B0F800C04188C9
:106A0000DB0041EA0C41B0F804C01960C18841EADA
:106A10000C415960B5E700BF006000408268520138
:106A2000034605D48268120143D51033012000E0EB
:106A30000020D3F8802102F0010210B5C3F88021B4
:106A400091F808E04A7A03F5C07CBEF1000F26D029
:106A50004C6842EAC40242EA0E02D3F880E142EAFC
:106A60000E02C3F88021D3F8842122F00F02C3F86C
:106A70008421D3F884E18A7A42EA0E02C3F88421A1
:106A8000D1F80B20C3F88821D1F80F20C3F88C214E
:106A9000DCF8003043F00103CCF8003010BD0C6886
:106AA000D3F880E142EA445242EA0E02C3F8802160
:106AB000D9E78268D20002D520330220B9E703204B
:106AC000704700BF00EB0113D3F8B0C10CF0040C09
:106AD00082F808C0BCF1000F47D1D3F8B0C14FEA2B
:106AE0005C5CC2F800C0D3F8B0C10CF0020C82F8B4
:106AF00009C0D3F8B4C14FEA1C2C82F813C0D3F8F4
:106B0000B4C10CF00F0C82F80AC0D3F8B8C182F8F7
:106B10000BC0D3F8B8C14FEA1C2C82F80CC0D3F8D4
:106B2000B8C14FEA1C4C82F80DC0D3F8B8C14FEA87
:106B30001C6C82F80EC0D3F8BCC182F80FC0D3F829
:106B4000BCC14FEA1C2C82F810C0D3F8BCC14FEA7C
:106B50001C4C82F811C0D3F8BC311B0E937459B988
:106B6000C36843F02003C3607047D3F8B0C14FEA55
:106B7000DC0CC2F804C0B6E7036943F020030361EC
:106B8000704700BF43690B43436170470D4B984208
:106B900015D001EB810300EB83030022D3F808C07A
:106BA0002CF0010CC3F808C09A60DA601A615A61CF
:106BB000426889000F238B401343436070470429C8
:106BC000E7D9FEE7000402401D4B984234D001EBA8
:106BD000810100EB8100136810B403619368436185
:106BE000138AC360D468536881682343546921F4CD
:106BF0007C5123430B438360137E012B83680CBFBE
:106C000043F0400323F040038360537E012B8368ED
:106C10000CBF43F0800323F080038360937E2BB18D
:106C2000836843F0100310BC83607047836823F0CF
:106C3000100310BC836070470429C8D9FEE700BF69
:106C400000040240074B984208D001EB8101890003
:106C500008300B5843F020030B5070470429F4D937
:106C6000FEE700BF00040240074B984208D001EB4A
:106C70008101890008300B5843F001030B50704725
:106C80000429F4D9FEE700BF000402402A4BD3F8E0
:106C900000C42CEA000CC3F800C4D3F804C42CEAE6
:106CA000000CC3F804C4D3F808C42CEA000CC3F8E1
:106CB00008C4D3F80CC42CEA000CC3F80CC449B3C4
:106CC000012905D0012A0BD0022A29D0AAB1704788
:106CD000D3F80414012A41EA0001C3F80414F3D1E3
:106CE000154BD3F8082422EA0002C3F80824D3F88D
:106CF0000C240243C3F80C2470470F4BD3F808242C
:106D00000243C3F80824D3F80C2422EA0002C3F893
:106D10000C247047D3F800140143C3F80014D1E7E2
:106D2000054BD3F808240243C3F80824D3F80C24F5
:106D30000243C3F80C24704700000140014BC3F824
:106D400014047047000001400B4B1A69110603D56B
:106D50000A490B4A59605A600A4BB3F8E030B3F560
:106D6000007F07D9044B1A6D120603D50349044A64
:106D700059645A64704700BF0020024023016745F0
:106D8000AB89EFCD00F7FF1F074B08491A69B1F82F
:106D9000E01042F08002B1F5007F1A6103D91A6D4C
:106DA00042F080021A6570470020024000F7FF1F82
:106DB0004B4BB3F8E030B3F5007F6AD9494B4A4AF0
:106DC00098424A4B26D2D168C90756D4D368D9060F
:106DD00057D4D3685B075AD41169444B41F0020180
:106DE000116150611069404940F040001061CA686B
:106DF000D00738D4CB68DB063DD4C868C0F3800028
:106E00004000C0B2384A136923F00203136170478F
:106E1000013B34D0D16CC907FAD4D36CDB0630D433
:106E2000D36C590733D4136D43F0020313655065D7
:106E3000D3699B0748BF50612B4A2C4B116D41F021
:106E400040011165D16CC9071DD4D36CD80643D459
:106E5000D06CC0F380004000C0B2234A136D23F011
:106E6000020313657047013B38D0CA68D007FAD4D3
:106E7000CB68DB06C1D50320C4E7013BA3D10420C6
:106E8000704703207047013BDCD10420E5E7022076
:106E90007047164B144AD168C90719D4D368DB066A
:106EA000EFD4D3685907F2D41169104B41F00201B5
:106EB0001161506110690C4940F040001061CA68CE
:106EC000D20797D5013B09D0CA68D207FAD491E717
:106ED000013BE0D1042070470320BEE7042091E786
:106EE00000F7FF1FFFFF0708002002400000FF0F10
:106EF000454BB3F8E030B3F5007F8C4660D9434B87
:106F0000434A9842434B23D2D168C9074CD4D36833
:106F1000D9064DD4D3685B0750D411693D4B41F07D
:106F2000010111613A49C0F800C0CA68D00731D4E4
:106F3000CB68DB0636D4C868C0F380004000C0B21E
:106F4000334A136923F0010313617047013B2DD0CD
:106F5000D16CC907FAD4D36CDB0629D4D36C59079A
:106F60002CD4116D2B4B41F0010111652849C0F85B
:106F700000C0CA6CD2071DD4CB6CD80640D4C86CF4
:106F8000C0F380004000C0B2214A136D23F001031A
:106F900013657047013B35D0CA68D007FAD4CB6877
:106FA000DB06C8D50320CBE7013BADD104207047F9
:106FB00003207047013BDCD10420E5E70220704745
:106FC000144B134AD168C90716D4D368DB06EFD433
:106FD000D3685907F2D411690E4B41F001011161D8
:106FE0000B49C0F800C0CA68D207A1D5013B09D03F
:106FF000CA68D207FAD49BE7013BE3D1042070476B
:107000000320C1E704209BE700F7FF1FFFFF0708ED
:10701000002002400000FF0F830903F1804303F5C5
:10702000083300F01F001968012282400A431A60E9
:10703000704700BF2DE9F0430C461D46E3060146AC
:1070400004F00F0602D5042A44D0164300224FF064
:1070500001080F2706E0482C08BF08610B600132C9
:10706000082A13D008FA02FC4FEA820E1CEA050037
:1070700007FA0EF906FA0EFEF1D00B68282C23EA67
:1070800009034EEA0303E6D14861E7E700234FF026
:1070900001080F2709E0482C08BF0861C1F804E087
:1070A0000132102A03F1040312D008FA02FC1CEA90
:1070B000050007FA03F906FA03FEF1D0D1F804C07F
:1070C000282C2CEA090C4EEA0C0EE4D14861E5E7C5
:1070D000BDE8F083C36B2B4346F00306C363B5E7FB
:1070E00001617047416170470AB1016170474161B8
:1070F000704700BF83680B4214BF01200020704717
:10710000C3680B4214BF01200020704700281F4BAA
:1071100000F4401CB4BFDB695B68BCF5401F00B5E0
:1071200082B227D010F4801F19D14FEA505C4FEA89
:107130000C1C02FA0CFC23EA0C0343F0E0634FEA58
:10714000505C4FEA0C1C02FA0CF21A43002918BFDB
:1071500013460E4A0028B4BFD361536000BDC0F38C
:10716000034E4FF0030C0CFA0EFC23EA0C0343F021
:10717000E063E4E7DFF814E0DEF804C02CF0E06C34
:1071800023F0E063CEF804C0D9E700BF000001405F
:1071900001F003039B000F22032902FA03F200FA15
:1071A00003F0134B07D8996821EA02029A609A68A3
:1071B00002439A607047072907D8D96821EA02027A
:1071C000DA60DA680243DA6070470B2907D8196978
:1071D00021EA02021A611A6902431A617047596969
:1071E00021EA02025A615A6902435A61704700BF9C
:1071F00000000140DFF898C0DCF80C3003F4E063D5
:10720000B3F5E06F36D0DCF80C3003F4E063B3F58F
:10721000C06F1BD0DCF80C3003F4E063B3F5A06F53
:1072200010D0DCF80C3003F4E063B3F5806F25D0A8
:10723000DCF80C3003F4E063B3F5407F22D0134B4D
:10724000CCF80C3002F00302022302E002F0070245
:107250000323DFF840C0994011430CEB0003090100
:10726000420983F8001300F01F00012383404CF80B
:107270002230704702F00F020423EAE702F0010215
:107280000123E6E700221346E3E700BF0005FA0505
:1072900000ED00E000E100E0830903F1804303F525
:1072A000043300F01F001968012282400A431A606B
:1072B000704700BF830903F1804303F5043300F0F6
:1072C0001F001968012282400A431A60704700BFFC
:1072D000830903F1804303F5043300F01F001A68AB
:1072E0000121814022EA01021A607047174A53685F
:1072F000D26A23F0805323F4404322F000510B283C
:1073000009D8DFE800F006060606081808180C0C75
:107310000C0C43EA80330D4A5360D1627047DFF8AA
:1073200034C042F000510CEA803C084A43EA0C03A6
:107330005360D1627047064A02EA80321343034A1F
:1073400043F080535360D162704700BF0010024089
:1073500000C0FEFF00C0FCFF10B5DFF8E4C08646A9
:107360009CE80F0088B008AC04E90F00DCE90401D8
:10737000CDE90001CDE902012D4A536803F00C0369
:10738000082B24D02B482A4A536851685268C3F30B
:1073900003136B441B7C20FA03F3BEF1030F44D8A4
:1073A000DFE80EF00812020AC1F3022169440878EE
:1073B00023FA00F008B010BDC2F3C2226A44107A6A
:1073C00023FA00F008B010BD184608B010BD53688D
:1073D000D90311D4184A164B586859685B680C01D8
:1073E000C0F3834014D5590018D540F030003F2831
:1073F00012D102FB00F0C6E7D36A5A000C4B58BF0B
:107400000C4A5B6848BF0D4A9B03E4D55208E2E78B
:107410005B0006D540F020000130EAE740F01000A4
:10742000FAE70F28F8D00230E3E70020C2E700BFF8
:107430000010024000127A0000093D00006CDC02DE
:1074400078C8000808B5154B984212D003F574436C
:10745000984204D0A3F57843984214D008BD4FF465
:107460004370FFF727FFBDE808404FF44370FFF774
:107470002FBF40F20F40FFF71DFFBDE8084040F26C
:107480000F40FFF725BF40F20E40FFF713FFBDE8A6
:10749000084040F20E40FFF71BBF00BF003C004019
:1074A00010B4D1E901420B6823431343CA680C6945
:1074B000D1E905C113432343026843EA0C0302F4F4
:1074C00041520B4313430360C36923F4006310BCB0
:1074D000C3617047036843F040030360704700BF17
:1074E000C1607047C06880B2704700BF83680B42BC
:1074F00014BF01200020704708B5374B98424CD08C
:1075000015D8A3F50063984251D039D8B0F1804F17
:1075100022D0A3F5806398425DD140F20140FFF78D
:10752000C9FEBDE8084040F20140FFF7D1BE2B4B39
:10753000984246D003F50063984217D0A3F59033E4
:10754000984248D140F20540FFF7B4FEBDE808403C
:1075500040F20540FFF7BCBE4FF48060FFF7AAFE83
:10756000BDE808404FF48060FFF7B2BE40F20D3036
:10757000FFF7A0FEBDE8084040F20D30FFF7A8BEBF
:10758000174B984227D140F20340FFF793FEBDE826
:10759000084040F20340FFF79BBE40F20440FFF773
:1075A00089FEBDE8084040F20440FFF791BE40F27A
:1075B0000240FFF77FFEBDE8084040F20240FFF7BF
:1075C00087BE40F20B30FFF775FEBDE8084040F281
:1075D0000B30FFF77DBE08BD00100040002C0140BD
:1075E000000C004000234FF6FF72C0E900338260B8
:1075F00003737047254B0A888262984215D020F4A5
:107600004063B3F1804F10D0214B98420DD0214BF5
:1076100020F4806210B49A428C68C4622CD1436911
:1076200043F0010310BC4361704703684A8823F0AC
:1076300070030360D0F800C08B8842EA0C0202603D
:107640000268134303608B68C3620268CB8822F42C
:1076500040720260D0F800C00C4A43EA0C0390422A
:10766000036002D00A4B984201D10B7B036343694C
:1076700043F00103436170470268CB8822F44072F3
:107680000260026813430360C9E700BF002C014099
:107690000034014000100040036843F00103036020
:1076A000704700BF036843F080030360704700BF6A
:1076B000C3680B43C3607047C9430161704700BF93
:1076C000002303604360836083817047B1F802C088
:1076D0000B888A8843EA0C03B1F806C013430A8971
:1076E00043EA0C03B1F80AC013438A8943EA0C0346
:1076F00013439BB243647047436C01290CBF43F4AE
:10770000004323F400434364704700BF0023036039
:1077100043608360704700BF032929D8DFE811F078
:10772000AF006C0029000400036A1188B2F804C09D
:1077300023F480530362C36923F44073C361036A73
:1077400043EA01330362036A724923F4005303627C
:10775000036A884243EA0C33036240F0D6804368F0
:10776000128923F480434360436843EA82134360F1
:107770007047036A1188B2F804C023F4807303626F
:10778000C36923F00303C361036A43EA012303626D
:10779000036A604923F400730362036A884243EA80
:1077A0000C23036202D05C4B9842E1D1036AB2F829
:1077B00002C0D18823F480630362036A43EA0C2386
:1077C0000362036A23F400630362036A43EA01234A
:1077D000036243681189528923F4805343604368EC
:1077E00043EA01134360436823F400534360436852
:1077F00043EA021343607047036A1188B2F804C079
:1078000023F010030362836923F440738361036AE6
:1078100043EA01130362036A3E4923F02003036233
:10782000036A884243EA0C13036202D03A4B98423F
:107830009ED1036AB2F802C0D18823F040030362EC
:10784000036A43EA0C130362036A23F080030362B2
:10785000036A43EA0113036243681189528923F4DE
:1078600080634360436843EA81034360436823F4D1
:1078700000634360436843EA820343607047036ADE
:10788000118823F001030362D0F818C093882CF00C
:10789000030CC0F818C0D0F820C041EA0C01016206
:1078A000016ADFF870C021F002010162016A6045DF
:1078B00043EA0103036203D0174B98427FF458AFA9
:1078C000036A518823F004030362D0F820C0D388F0
:1078D00041EA0C010162016A21F008010162016ABA
:1078E0000B4303624368118923F480734360D0F82B
:1078F00004C0538941EA0C014160426822F40072DD
:1079000042604268134343607047034B98427FF4E0
:107910002FAF24E7002C01400034014003290BD88D
:10792000DFE801F01C130B02C36923F4E043C361D9
:10793000C36943EA0223C3617047C36923F070033C
:10794000C361C3691343C3617047836923F4E04390
:107950008361836943EA022383617047836923F06B
:10796000700383618369134383617047032904D8DB
:10797000DFE801F00806040202647047C263704742
:10798000826370474263704703290BD8DFE801F038
:107990001C130B02C36923F40063C361C36943EA88
:1079A0000223C3617047C36923F00803C361C3693D
:1079B0001343C3617047836923F400638361836960
:1079C00043EA022383617047836923F008038361DC
:1079D000836913438361704703290BD8DFE801F003
:1079E0001C130B02C36923F48063C361C36943EAB8
:1079F0000223C3617047C36923F00403C361C369F1
:107A00001343C3617047836923F48063836183698F
:107A100043EA022383617047836923F0040383618F
:107A2000836913438361704703290BD8DFE801F0B2
:107A30001D140B02036A23F480530362036A43EAB2
:107A4000023303627047036A23F480730362036A9C
:107A500043EA022303627047036A23F010030362C0
:107A6000036A43EA021303627047036A23F00103C7
:107A70000362036A13430362704700BF436823F045
:107A80007003436043680B434360704721B98368C8
:107A900043F0800383607047012900D070478368FA
:107AA00023F0800383607047836823F007038360BB
:107AB000704700BF08B5234B984238D010D9224BED
:107AC00098422AD003F5684398421BD140F20E3009
:107AD000FFF7F0FBBDE8084040F20E30FFF7F8BBBF
:107AE000A3F5006398420ED003F58063984209D154
:107AF00040F21240FFF7DEFBBDE8084040F21240C2
:107B0000FFF7E6BB08BD40F21140FFF7D3FBBDE82D
:107B1000084040F21140FFF7DBBB40F21440FFF792
:107B2000C9FBBDE8084040F21440FFF7D1BB40F26A
:107B30001340FFF7BFFBBDE8084040F21340FFF7DA
:107B4000C7BB00BF004C00400050004000B5174BC1
:107B5000984283B0024617D00ED9154B984213D0E5
:107B600003F5684398421ED1CDE900010320FFF7D9
:107B7000F3FBDDE900210EE0A3F50063984203D09A
:107B800003F5806398420ED10220CDE90021FFF772
:107B9000E3FBDDE9002100EB5103B3FBF1F39BB202
:107BA000936003B000BD0020F5E700BF004C00402B
:107BB00000500040C36843F40053C360704700BFE7
:107BC000C36823F008030B43C3607047C36823F006
:107BD00004030B43C3607047C1F308014160704761
:107BE0004068C0F3080070478B0901F01F01185866
:107BF000C84000F0010070478A09012352F800C014
:107C000001F01F018B4043EA0C031350704700BF83
:107C1000C1F389128B0D52F800C01858C1F3044209
:107C2000012303FA02F201F01F01024203FA01F3F9
:107C300014BF0120002013EA0C0F00F0010008BF60
:107C4000002070474249434BD1F8882042F470022B
:107C500082B0C1F88820196841F0010119605968A3
:107C6000002041F0800159600190019B44F61F62A1
:107C7000934205D8019B01330193019B9342F9D9AB
:107C800034494B6823F003034B600B6823F0847383
:107C90004FF41F0223F480330B608A600A680020CF
:107CA00022F480220A604860C8620A6842F0010239
:107CB0004FF4A0630A6001E0013B02D00A6890071C
:107CC000FAD5244B1A68920741D5DA69224942F065
:107CD0008052DA610A6842F440420A605A685A6087
:107CE0005A685A605A6842F480625A605A6822F0B0
:107CF000904222F470125A605A6842F0036242F4D1
:107D000080225A601A6842F080721A601A689001E4
:107D1000FCD5114A136843F4803313605368D903C8
:107D2000FCD513680C4943F4003313604B689A0385
:107D3000FCD5084A536823F003035360536843F0AB
:107D40000203536053681B07FCD502B07047FEE77F
:107D500000ED00E00010024000700040DFF834D079
:107D60000D480E490E4A002302E0D458C450043393
:107D7000C4188C42F9D30B4A0B4C002301E013606A
:107D80000432A242FBD3FFF75DFF01F081FCF8F75C
:107D9000AFFF70470000012000000020CC01002050
:107DA000F0DE0008CC01002030470020FEE7002173
:107DB00001F016BB0A22002101F098BB2DE9FF4714
:107DC00057EC106B002F0C469146DDF830A0194699
:107DD0004FF0000203DA07F100431F462D220D9DEC
:107DE0000A7025F02005462D04D0452D00D1013420
:107DF000022100E0032103AB019302AB009347ECA7
:107E0000106B5346224601F00FFD472D80461AD1D4
:107E100019F0010F0ED000EB0409002200233046B8
:107E20003946F8F701FE08B1CDF80C903022039BDB
:107E30004B451ED3039B0E9AA3EB080340461360E9
:107E400004B0BDE8F087462D00EB0409E5D10378C6
:107E5000302B0AD10022002330463946F8F7E4FDE2
:107E600018B9C4F10104CAF80040DAF800309944A6
:107E7000D3E7591C03911A70D9E7F7B50029BABFA7
:107E800049422D232B230929027043702ADD0DF16D
:107E90000704871CA6460A26A446B1FBF6F506FB96
:107EA00015123032632904F1FF340CF8012C2946F5
:107EB000F2DC3031ACF1020204F8011C411C144622
:107EC00072450AD30DF10903A3EB0C03A64538BF95
:107ED00000233B44181A03B0F0BD12F8013B01F82F
:107EE000013FEDE7302330318370C170031DF1E7AE
:107EF0002DE9F04F8FB00C46DDF8608016461F4626
:107F0000054601F0EDFB036807931846F8F760F9A2
:107F100000230C93D8F8003094F818A0D4F800B0DF
:107F20000890073323F00703B3EC027B8DED047B4D
:107F3000C8F80030DDE9048323F0004984ED127BAA
:107F40009A4B4FF0FF3240464946F8F79FFD70BB11
:107F5000964B4FF0FF3240464946F8F779FD30BB6B
:107F6000DDE9040100220023F8F768FD10B12D239C
:107F700084F843308E4A8F4BBAF1470F8CBF90463E
:107F80009846032323612BF0040323604FF000097C
:107F9000009733460DAA2146284600F0CDF901305E
:107FA00040F08C804FF0FF300FB0BDE8F08FDDE97E
:107FB000042310461946F8F769FD40B1059B7E4A37
:107FC000002BBCBF2D2384F843307C4BD4E763687F
:107FD0005A1C0AF0DF093BD1062363604BF4806230
:107FE0000023226003930CABCDE901A30BAB0093FC
:107FF00061689DED040B0DF12B032846FFF7DEFEB3
:10800000B9F1470F0B99804629D1C81C02DB636880
:108010008B4241DAAAF1020A5FFA8AFA0139524622
:1080200004F150000B91FFF728FF0C9A1318012A56
:108030008146236102DC2268D20701D50133236126
:108040009DF82B30002BA3D02D2384F843309FE7DD
:10805000B9F1470FC2D1002BC0D10123BDE7BAF15E
:10806000650FDBD9BAF1660F18D1002963680BDD03
:10807000216113B92268D00702D501330B44236173
:10808000A1654FF00009DBE713B92268D20701D5DB
:108090000233F4E70123F2E74FF0670A0C9B8B42AF
:1080A00005DC23682161D807EAD54B1CE7E70029E6
:1080B000D4BFC1F1020201221344E0E723685A054C
:1080C00007D42369424631462846B847013028D1B3
:1080D00068E7BAF1650F40F2DB80D4E912010022B3
:1080E0000023F8F7A1FC90B3354A01233146284616
:1080F000B84701303FF456AFDDE90B38434502DBAA
:108100002368D8070DD5DDE9072331462846B8474F
:1081100001303FF447AF4FF0000908F1FF38C84580
:1081200009DC23689B0700F10481E0680D9B9842FD
:10813000B8BF184638E7012304F11A023146284631
:10814000B84701303FF42EAF09F10109E7E70B9B77
:10815000834237DC1A4A012331462846B8470130AA
:108160003FF420AFDDE90B3959EA030302D123685C
:10817000D907D6D5DDE9072331462846B84701306F
:108180003FF410AF4FF0000A0B9B5B42534501DCFC
:108190004B4697E7012304F11A0231462846B847B7
:1081A00001303FF4FFAE0AF1010AEDE7FFFFEF7F78
:1081B00048DA000844DA000850DA00084CDA00080F
:1081C00054DA0008A36DDDF830B05B45A8BF5B460C
:1081D000002B049337DC4FF0000904F11A02049BD2
:1081E000D4F858A0002BACBFAAEB030353464B4571
:1081F00031DC0B9B9B453ADC2368DA0737D40B9BB9
:10820000ABEB0309ABEB0A039945A8BF9946B9F15B
:10821000000F34DC4FF000080B9BB9F1000FABEB03
:108220000303A8BFA3EB090343457FF77AAF0123FC
:1082300004F11A0231462846B84701303FF4B2AE85
:1082400008F10108E8E7049B424631462846B84752
:108250000130C0D1A6E60123314628460992B8472D
:1082600001303FF49FAE099A09F10109B7E7DDE952
:10827000072331462846B8470130C0D192E64B4625
:1082800008EB0A0231462846B8470130C2D189E6D8
:10829000DDF830A0BAF1010F01DCDB0735D5012391
:1082A000424631462846B84701303FF47BAEDDE90F
:1082B000072331462846B84701303FF473AED4E96E
:1082C0001201002200230AF1FF3AF8F7ADFBC8B90A
:1082D000534608F1010231462846B84701300DD116
:1082E00060E6012304F11A0231462846B8470130FE
:1082F0003FF458AE08F10108D045F2DB4B4604F1DB
:108300005002E0E64FF00008F6E701234246E2E7BC
:10831000012304F1190231462846B84701303FF4E1
:1083200041AE08F10108E3680D995B1A4345EFDCA3
:10833000FBE64FF00008F6E72DE9F0479146984636
:108340008A680B69089E9342B8BF1346C9F800308B
:1083500091F8432007460C4612B10133C9F80030AA
:108360002368990642BFD9F800300233C9F80030BB
:10837000256815F0060507D104F1190AE368D9F854
:1083800000209B1AAB4229DC94F843302268003B62
:1083900018BF012392062ED404F143024146384609
:1083A000B047013021D02368A168226903F0060399
:1083B000042B01BFE568D9F80030ED1A25EAE57510
:1083C00018BF00258B1A2B449142C8BF1D464FF0A1
:1083D00000091A344D451AD1002008E00123524605
:1083E00041463846B047013003D14FF0FF30BDE879
:1083F000F0870135C2E7E1185A1C302081F84300AC
:10840000224494F8451082F843100233C4E7012354
:10841000224641463846B0470130E6D009F101090D
:10842000D8E700002DE9F04398460B7E85B0782B05
:10843000174606460C9A0C4609D8622B01F14301F7
:1084400008D8002B00F0DC80582B00F0BD8004F130
:10845000420539E0A3F163001528F8D801A555F8C5
:1084600020F000BFBD840008D18400084F840008BC
:108470004F8400084F8400084F840008D18400080E
:108480004F8400084F8400084F8400084F84000880
:10849000E1850008FD8400088F8500084F840008EE
:1084A0004F840008098600084F840008FD840008F6
:1084B0004F8400084F840008978500081368191D31
:1084C0001B68116004F1420584F842300123A8E0E2
:1084D00013682568181D1060280601D51B6803E085
:1084E0006A06FBD5B3F90030002B03DA2D225B427C
:1084F00084F84320DFF878C10A2213E02568106869
:1085000015F0800F50F8043B02D16D0648BF9BB2B6
:108510001060227EDFF858C16F2A5DD1082200204A
:1085200084F843006568A560002D05DB20681D43C5
:1085300020F00400206051D00D46B3FBF2F002FBA6
:10854000103E9A421CF80EE005F801ED0346F4D9FE
:10855000082A0BD12368DA0708D5236962689A4292
:10856000DEBF302305F8013C05F1FF35491B2161D1
:10857000CDF800803B4603AA21463046FFF7DCFEDB
:10858000013053D14FF0FF3005B0BDE8F0832368D0
:1085900043F020032360DFF8DCC0782384F8453003
:1085A0002068156810F0800F55F8043B03D110F0D7
:1085B000400F18BF9BB21560C50744BF40F02000B4
:1085C000206023B11022AAE7DFF8A4C0E6E7226802
:1085D00022F020022260F5E70A22A0E70D46B7E765
:1085E0001368D4F800C060691D1D15601CF0800F71
:1085F0001B6801D0186003E01CF0400FFAD018800F
:10860000002323610D46B3E71368191D11601D682F
:10861000626800212846F7F78BFD08B1401B6060B7
:1086200063682361002384F84330A1E723692A4665
:1086300039463046C0470130A4D023689B0714D484
:10864000E068039B9842B8BF18469DE7012304F1F8
:10865000190239463046C047013093D00135E368EE
:1086600003995B1AAB42F1DCEAE70025F7E700BFAC
:1086700056DA000867DA0008002310B50446C0E99E
:108680000033C0E90433836081814366C281836122
:10869000194608225C3000F0DAFF0D4B63620D4B87
:1086A000A3620D4BE3620D4B23630D4B24629C428E
:1086B00006D003F16802944202D0D0339C4205D127
:1086C00004F15800BDE8104001F006B810BD00BF2D
:1086D000CFB70008F1B7000829B800084FB8000864
:1086E000E4450020024A0349034800F009BF00BFE7
:1086F0000400002059B900088001002041680C4B9B
:10870000994210B5044601D003F026F9A168094B3F
:10871000994202D0204603F01FF9E168064B9942C6
:1087200004D02046BDE8104003F016B910BD00BFCC
:10873000E44500204C460020B446002010B50A4B0A
:108740000A4A1A600A4800220421FFF795FF0948E7
:1087500001220921FFF790FFBDE8104006480222E0
:108760001221FFF789BF00BF1C470020E5860008E3
:10877000E44500204C460020B4460020014800F0AB
:10878000ACBF00BF21470020014800F0A7BF00BFD9
:108790002147002010B50446FFF7F0FF236A1BB104
:1087A000BDE81040FFF7F0BF044B2362044B1B6889
:1087B000002BF5D1FFF7C2FFF2E700BFFD860008EE
:1087C0001C47002070B504460D4645EC104B16467C
:1087D00002F0C0FE51EC100B7EB1C5F30A53C3F199
:1087E0006B03002B09DD1B0503F17F55002405F504
:1087F000401522462B46F7F7AFFE41EC100B70BD3B
:108800002DE9F04F9FB00E461792002204901A9265
:108810004FF000084FF0000919910A782B2A0D46F5
:1088200001F101011CD00AD80D2A05D8082AF3D875
:1088300072B100230B9382E0202AEDD0F9E72D2AB4
:1088400010D10122691C19910B926A78002A37D144
:10885000179B1996002B40F0A88542464B462AE00C
:108860000022EFE700210B91302A40F09D806A78CA
:1088700002F0DF02582A5AD102930B9B01931AABE4
:108880000093874A04981BAB19A901F009FE10F068
:108890000F04064605D0062C14D101350023199586
:1088A0000B93179B002B40F082850B9B002BD4D0A1
:1088B000424609F1004343EC102B1FB0BDE8F08F96
:1088C0000D46D1E71A9A3AB135211CA802F03BFFB8
:1088D0001A99049802F0F2FA013C042C06D8DFE859
:1088E00004F014031E211400DDE91C89F10548BFC2
:1088F00049F0004929F000431B0D1B05002BD0D186
:1089000000F0C0FE22230360CBE7DDE91C831B9A45
:1089100023F4801302F2334243EA0259E6E7DFF818
:108920008891E3E76FF000494FF0FF38DEE701354B
:1089300019952B78302BFAD0002BB2D001234FF0B1
:10894000000A07932846CDF838A0D3460A230478B6
:10895000A4F13002092A29D95249012200F07FFEF0
:10896000002836D00020224606905C460146652A43
:1089700001D0452A16D124B9079B03433FF468AFC1
:108980000024199E731C199372782B2A7FD02D2AEC
:1089900000F083804FF0000CA2F13003092B40F26D
:1089A000898019960023ACE00023C8E7BBF1080FCB
:1089B000DCBF0E9A03FB024200F10100D5BF303A42
:1089C00003FB0A420E92A2F1300A0BF1010B19903F
:1089D000BDE7199B5A1C19925A78BBF1000F3BD086
:1089E00006905C46A2F13003092B11D90121BEE7A4
:1089F000199B5A1C19925A780130302AF8D0A2F1EA
:108A00003103082B00F2D8840690199D00200446FB
:108A1000303A00F1010319D00699059419440691E2
:108A2000A4464FF00A0E0CF10107391B8B4215DCEE
:108A3000059920EAE07001440134082904441CDC53
:108A40000E990A2303FB01230E930023199A511C4C
:108A5000199152781846C5E75846CEE7BCF1080F81
:108A600005DC0E990EFB01F10E91BC46DBE70AFB1B
:108A70000EFC102FD8BFE246F7E70F29DCBF0A2310
:108A800003FB0A2AE1E700230693012174E74FF074
:108A9000000CB31C1993B2787EE74FF0010CF8E795
:108AA00068DC000878DA00080000F07F199B5A1C87
:108AB00019925A78302AF9D0A2F13103082B3FF6E7
:108AC00071AFDDF864E0CDF814E0A2F130030A9351
:108AD000059B013319931A780593A2F13007092FEA
:108AE0003BD9A3EB0E03082B44F61F633DDC0A9F22
:108AF0009F42A8BF1F460597BCF1000F02D0059BFF
:108B00005B420593002C51D1079B03437FF4C9AE10
:108B100000297FF49DAE692A2BD028DC492A28D071
:108B20004E2A7FF495AE9F4919A801F0D7FE002880
:108B30003FF48EAE199B1B78282B31D19A491CAA81
:108B400019A801F0E0FE05282AD11D9BDDF87080F0
:108B500043F0FF4949F4E009A3E60A9B0A2707FB13
:108B60000327A7F130020A92B2E70593C4E76E2A01
:108B7000D7E78E4919A801F0B1FE00283FF468AE8E
:108B8000199B8B49013B19A8199301F0A7FE10B955
:108B9000199B01331993DFF828924FF0000880E603
:108BA000844800F0B1FD59EC108B7AE6DDE905321E
:108BB0000E989B1ABBF1000F08BFA346102C0A9316
:108BC0002646A8BF1026F7F74DFC092C804689469B
:108BD00013DC0A9B002B3FF464AE0A9B6FDD162B5F
:108BE00056DC754901EBC301D1E9000142464B4611
:108BF000F7F7B2FC8046894653E66F4B03EBC6039A
:108C000053E91223F7F7A8FC804650468946F7F748
:108C100029FC02460B4640464946F7F7E7FA0F2C77
:108C200080468946D5DD0A9BA4EB060A9A44BAF130
:108C3000000F40F392802AF00F061AF00F0A4DD170
:108C4000B6F59A7F5ADC4946DFF8709136114046F6
:108C50000027012E76D1A1F15479584901EBC701C3
:108C600002464B46D1E90001F7F776FC544B0A4621
:108C70000B4054498B42804640D8A1F580118B426D
:108C800086BFDFF844914FF0FF3802F1547932E0AB
:108C90000A9AC4F125039342C5DB474DC4F10F0482
:108CA00005EBC40142464B46D1E90001F7F754FCFD
:108CB0000A9B1C1B05EBC405D5E9002398E7163376
:108CC000B1DBDDE905239A1A3B4B03EBC203D3E981
:108CD000002340464946F7F769FD8BE7364901EB2B
:108CE000CA0142464B46D1E90001F7F735FC804600
:108CF0008946002EA4D1002307939BE0002405940D
:108D00000E940694049ADFF8B890222313604FF073
:108D100000080E9B002B3FF4C4AD1A99049802F092
:108D2000CDF80699049802F0C9F8DDE9040102F0D3
:108D3000C5F80E99049802F0C1F80498214602F093
:108D4000BDF8AEE5F20703D5D9E90023F7F704FC37
:108D50000137761009F108097BE7CCD0CAF1000A87
:108D60004FEA2A161AF00F0A0DD11F2E2EDD00240D
:108D700005940E940694049A22234FF000084FF0B5
:108D800000091360C5E70C4B03EBCA034046494694
:108D9000D3E90023F7F70AFD80468946002EAAD0C2
:108DA000E3E700BF51DA000854DC000849DA0008A4
:108DB00085DA000853DC0008E0DD0008B8DD0008B3
:108DC0000000F07F0000A07CFFFFEF7F16F0100393
:108DD00018BF6A23754F079340464946F30703D5EA
:108DE000D7E90023F7F7B8FB761007F10807F5D1AC
:108DF000079B80468946ABB1C1F30A52C2F16B03AF
:108E0000002B0F460EDD1F2B55DD342BDEBF4FF040
:108E1000FF33C2F14B029340B046CCBF4FF05C79B8
:108E200003EA01090022002340464946F7F7FCFD0A
:108E300000289CD10E9B0093049823465A4629464D
:108E400002F0A4F80E9000283FF458AFDDE90523A6
:108E50009B1A0A9A002AA8BF00231493002422EA2E
:108E6000E273169305940E9B0498596801F0E8FF8D
:108E7000069000283FF446AF0E9B1A69023203F1B8
:108E80000C0192000C3000F02FFC49EC108B049880
:108E90001CAA1BA9CDE90C8902F0CCFB1A90002872
:108EA0003FF430AF0498012102F006F90590034623
:108EB00040B9059326E74FF0FF3202FA03F303EAC5
:108EC0000008AFE71B9D079A002DABBF149B169BB4
:108ED000169E149FACBFEF185E1B1C9BAD1A1D4461
:108EE000334A013D9542C3F1360354DA3149521BEE
:108EF0008D42A3EB02034FF0010140DB01FA02FABD
:108F0000002507EB030B1E44079B5F451E443B46B1
:108F1000A8BF5B46B342A8BF3346002BC2BFABEB32
:108F2000030BF61AFF1A149B002B18DD1A46DDE915
:108F3000040102F08DF9059003460028B9D00146DE
:108F40001A9A049802F0CEF8034600283FF4DAAEED
:108F50001A9904980F9301F0B1FF0F9B1A93BBF17C
:108F6000000F1ADC0A9B002B26DD169A069904983E
:108F700002F06EF906900346F0B90693C2E6C5F119
:108F80007F4505F57F0505F57B45E23501FA05F5D9
:108F90004FF0010AB5E70025FAE71A9904985A46F6
:108FA00002F0B2F91A900028DCD1ABE680DC0008B0
:108FB00002FCFFFFE3FBFFFF002E08DD069904988B
:108FC000324602F0A1F9069003460028D5D0002FC2
:108FD00008DDDDE904013A4602F096F90590002823
:108FE0003FF490AE069A1A99049802F01BFA0446D0
:108FF00000283FF487AEC3680F9300230599C36030
:1090000002F0F4F900283CDA0F9B53EA08035FD121
:10901000C9F313034E46002B5AD129F000431B0D10
:109020001B05B3F1D66F53D9636913B92369012BBB
:109030004EDD21460122049802F066F905990446A6
:1090400002F0D4F9002843DDAD4B079A3340002AE3
:109050005DD0B3F1D66F5AD8B3F15C7F7FF68BAE9B
:10906000A84B404649460022F7F776FAA44B0B403E
:1090700080468946002B7FF450AE049A2223136069
:109080004BE64E4660D10F9AC9F313034AB39E4A8A
:10909000934229D1079B4146F3B1994B09EA030357
:1090A000B3F1D46F4FF0FF3219D81B0DC3F16B032E
:1090B00002FA03F3994217D1944B9E4202D1013137
:1090C0003FF420AE8E4B334003F580194FF000087B
:1090D000079B002BC4D120E64FF0FF33EAE713468D
:1090E000E8E753EA0803AFD0D5B13542F0D00F9B83
:1090F000079A40464946B3B1FFF764FBDDE90C012E
:1091000053EC102BF7F772F880468946E0E7A3F599
:1091100080136FEA13596FEA09594FF0FF38D7E708
:109120001AEA080FE2E7FFF74DFBDDE90C0153EC0B
:10913000102BF7F759F80022002380468946F7F7ED
:1091400073FC0028C4D016E60599204602F0CAFA3E
:109150005BEC10AB00224FF0804350465946F7F7C6
:1091600077FC002872D00F9B002B7DD1B8F1000F47
:1091700058D1C9F31303002B5AD1654B0022504636
:109180005946F7F75BFC00285BD150465946614BC6
:109190000022F7F7E1F982468B460BF10043CDF848
:1091A00020A00993DDE90823554DCDE9102306EAF7
:1091B00005031593584B06EA05029A4240F0B08029
:1091C000A6F1547949EC108B02F0C4F9DDE90823CB
:1091D00051EC100BF7F7C0F942464B46F7F706F88B
:1091E0004E4A0D409542804645D90D9A474B9A42CA
:1091F00003D10C9B01333FF485ADDFF810914FF0A4
:10920000FF381A99049801F059FE0699049801F064
:1092100055FEDDE9040101F051FE0498214601F0FC
:109220004DFE20E6B8F1010F02D1002E3FF4A3ADB0
:109230009FED2B7BDFF8D8B08DED087B4FF0000A57
:10924000B0E7DFF8D0B04FF0000AA6E7314B504648
:1092500059460022F7F780F90F9B82468B46002B78
:109260009BD0CDE908AB9DE79FED1F7B8DED087B83
:109270005BEC17AB96E701F15479079B002BC0D14B
:10928000159A29F000431B0DB2EB035FB9D150468C
:10929000594603F02DFAF7F731F902460B465046CE
:1092A0005946F6F7A1FF0F9AC9F3130343EA0803DF
:1092B000134306460F4672D00DA3D3E90023F7F7F8
:1092C000BDFB00287FF429AD0BA3D3E90023304672
:1092D0003946F7F7D1FB002893D01EE5AFF30080A5
:1092E000000000000000F0BF000000000000F03FA0
:1092F0009535A094FFFFDF3F35E5AF350000E03F37
:109300000000F07F00005039FFFF0F00FFFFEF7FEC
:109310000000F03F0000E03F0000E07FFFFF9F7C87
:10932000079B33B3159BB3F1D46F22D828A3D3E99D
:10933000002350465946F7F78BFBA0B159465046DB
:10934000F7F7E2FB012838BF0120F7F78BF80F9BF6
:1093500082468B4603BB01F1004312901393DDE973
:109360001223CDE91023119B159A03F1D6639B1AA2
:1093700011939DED0C0BDDE9106702F0EBF8304620
:1093800053EC102B3946F7F7E7F8DDE90C23F6F735
:109390002DFF8046894670E7CDE912ABDFE70EA3CB
:1093A000D3E90023F7F74AFB95E700230B93179ABD
:1093B000199B1360FFF779BA652A3FF464AB452A1D
:1093C0003FF461AB0121FFF79FBB00BFAFF300800B
:1093D0000000C0FFFFFFDF419535A094FFFFCF3FA6
:1093E0000A4601460248034B0068FFF709BA00BF6E
:1093F0007C01002010000020242B2DE9F047884636
:1094000001D8012B06D100F03DF91623036000209E
:10941000BDE8F087344E0D46294615F8014B375DFF
:1094200017F00807F8D12D2C10D12C7801278D1CAE
:1094300033F0100115D1302C0DD1297801F0DF0166
:10944000582908D16C78023510230AE02B2C04BF70
:109450002C788D1CECE7002BF6D1302C14BF0A239E
:10946000082307F1004E0EF1FF3E0021BEFBF3F989
:109470000E4603FB19EAA4F1300CBCF1090F10D819
:109480006446A3421EDDB1F1FF3F07D0B14516D3BC
:1094900001D1A24513DB06FB0346012115F8014B60
:1094A000E9E7A4F1410CBCF1190F01D8373CE8E71A
:1094B000A4F1610CBCF1190F04D8573CE1E74FF05F
:1094C000FF31EBE74B1C05D122230360764632B90E
:1094D00030469DE707B17642002AF9D009B105F17F
:1094E000FF38C2F80080F3E7A9DC000813460A46FB
:1094F000014602480068FFF77FBF00BF7C010020E3
:109500002DE9F8438046894614460026D4E90175C2
:10951000013F05D52468002CF8D13046BDE8F8831A
:10952000AB89012B07D9B5F90E30013303D0294699
:109530004046C84706436835EAE700000FB407B560
:10954000064904AB086853F8042B8168019301F0C5
:1095500057FB03B05DF804EB04B070477C010020BA
:10956000036A70B5846805460E460BB9FFF712F919
:10957000636EDB0705D4A389980502D4A06D00F0C3
:10958000ACF8A389190702D52369002B35D12146F0
:10959000284602F047FA80B34FF0FF35636EDA07D2
:1095A00005D4A3899B0502D4A06D00F097F8284646
:1095B00070BD002B04DAA269934217DB0A2915D08B
:1095C00023685A1C22601970A36816F8011F013B1A
:1095D000A3600029EDD18B4211DA22460A212846E8
:1095E00002F0E2F90130D7D00A25D7E72246284613
:1095F00002F0DAF90130E7D1CEE7013EE4E7236873
:109600005A1C22600A221A70EEE70000024B014643
:109610001868FFF7A5BF00BF7C010020884210B585
:1096200001EB020402D98442234607D8431EA1421B
:1096300007D011F8012B03F8012FF8E7024482420A
:1096400000D110BD13F8011D02F8011DF7E7024417
:109650000346934200D1704703F8011BF9E710B5A8
:109660006AB101398418027811F8013F9A4204D195
:109670000130A04201D0002AF5D1D01A10BD104609
:10968000FCE70000014B1868704700BF7C01002018
:1096900070B50D4B0D4C00261D1BB6EBA50F09D167
:1096A00003F05CF80A4C0B4B00261D1BB6EBA50F14
:1096B00005D170BD54F8043B98470136EDE754F8E6
:1096C000043B98470136F1E7E8DE0008E8DE0008D1
:1096D000E8DE0008ECDE00087047704770470000C5
:1096E00000487047000100200A44914200F1FF3316
:1096F00000D1704710B511F8014B03F8014F9142AA
:10970000F9D110BD000000009FED010B704700BFB4
:10971000000000000000F87F2DE9F74F03690C6995
:10972000A34280467EDB013C01F11407A30000F157
:109730001405009305EB8403019357F8243055F882
:10974000242001339A4207EB8409B2FBF3F62ED3AF
:109750004FF0000ABC46AE46D3465CF8043B98B2D4
:1097600006FB00A0020C1B0C06FB0323DEF8002006
:1097700080B292B2121A5A44DEF800004FEA134A3D
:109780009BB2C3EB224303EB104392B242EA034283
:10979000E1454EF8042B4FEA234BDED2009BEB58F9
:1097A0002BB9019B1A1F954230D3C8F81040404690
:1097B00001F01CFE002825DB01362946002057F861
:1097C000042BD1F800C01FFA82FE1FFA8CF3A3EB22
:1097D0000E030344120CC2EB234202EB1C429BB269
:1097E00043EA0243B94541F8043B4FEA2240E6D23E
:1097F00055F8242005EB840322B9043B9D420BD38A
:10980000C8F81040304603B0BDE8F08F1368002B55
:10981000CBD1043A013CC6E71A68002AF0D1043BD8
:10982000013CEBE70020EEE72DE9F04F99B08DED1C
:109830000E0B0C92C269229C0A9157EC106B814668
:10984000139382B9102001F0FBF80246C9F81C00FE
:1098500020B9A94BEF21A94802F01AFA0023C0E968
:1098600001330360C360116859B152684A60012333
:1098700093408B60484601F021FBD9F81C30002250
:109880001A60B7F10008B5BF0123002323602360ED
:109890009B4BBCBF28F00048CDF83C8033EA08035E
:1098A0001AD1139AC8F3130842F20F7358EA060844
:1098B000136000F06185239B53B9924B21E0924BDA
:1098C00000930833239A1360009819B0BDE8F08F15
:1098D0008C4B00930333F5E79DED0E7B002251EC9A
:1098E000170B00238DED067BF7F79EF8824650B1EB
:1098F000139A01231360239B13B1239A834B1360A4
:10990000834B0093E0E79DED060B16AA17A9484686
:1099100001F090FE5FEA1854169D019079D0079BE4
:10992000CDF850A0C3F31303DDE9060143F07F53E4
:1099300043F44013A4F2FF3419460022754BF6F7A6
:1099400053FC67A3D3E90023F6F706FE66A3D3E929
:109950000023F6F74BFC064620460F46F6F792FD2D
:1099600063A3D3E90023F6F7F7FD02460B46304622
:109970003946F6F73BFC06460F46F7F79DF80022FE
:109980008046002330463946F7F758F848B140463C
:10999000F6F778FD32463B46F7F746F808B908F186
:1099A000FF38B8F1160F51D85B4B03EBC803D3E96E
:1099B0000023DDE90601F7F741F8002848D008F157
:1099C000FF38002312932D1B6B1E089343BF002307
:1099D000C5F1010708930027B8F1000F3ADB089B97
:1099E000CDF8348043440893002309930A9B092B44
:1099F00062D8052BC4BF043B0A930A9BA3F1020360
:109A0000CCBF00240124032B62D8DFE803F05153BC
:109A1000362B179C2C4404F23243202BC1BFC3F1D8
:109A2000400308FA03F804F2124326FA03F3D6BF00
:109A3000C3F1200348EA030006FA03F0F6F712FD2B
:109A40000122A1F1F873013C149275E70123B9E7F3
:109A50001290B8E7C8F1000309930023A7EB0807A9
:109A60000D93C3E701230B930C9B434405930133F0
:109A7000012B0493B8BF012306E001230B930C9B39
:109A8000002B28DDCDE90433D9F81C000021042285
:109A900002F114059D4243D94160484601F0D0F9D6
:109AA000009000283FD11D4B024640F2AF11D2E694
:109AB0000023E3E70023D6E701240023CDE90A349D
:109AC0004FF0FF330022CDE904330C921223DBE781
:109AD00001230B93F4E70123CDE904330C93D3E77F
:109AE00061436F63A787D23FB3C8608B288AC63FA4
:109AF000FB799F501344D33F8FDA0008A6DA0008A1
:109B00000000F07F8BDA000882DA000855DA0008DE
:109B100054DA00080000F83FE0DD000813DB00081D
:109B200001315200B4E7D9F81C30009A1A60049B46
:109B30000E2B75D8002C73D0B8F1000F40F3C48001
:109B40009F4B08F00F0203EBC20318F4807FD3E9A8
:109B500000AB4FEA281500F0A3809A4BDDE906011F
:109B6000D3E90823F6F722FECDE9020105F00F053F
:109B70000324944E002D40F0998052465B46DDE967
:109B80000201F6F713FE82468B46129B002B00F073
:109B9000C3808D4B002250465946F6F74FFF0028F0
:109BA00000F0BA80049B002B00F0B680059B002BD0
:109BB00036DD08F1FF33029350465946834B0022AD
:109BC000F6F7CAFC059E82468B4601342046F6F71E
:109BD00059FC52465B46F6F7BFFC7D4B0022F6F778
:109BE00005FB0446A1F15075CDE91045002E40F06B
:109BF0009780784B002250465946F6F7F5FA2246F0
:109C00002B4682468B46F6F737FF002840F0BD8290
:109C1000224605F1004350465946F6F70FFF20BB98
:109C2000179B002BC0F28D81B8F10E0F00F38981D4
:109C3000634B03EBC803D3E900AB0C9B002B80F212
:109C40001B81049B002B00F317810ED1614B002276
:109C500050465946F6F780FC02460B46DDE9060100
:109C6000F6F7F6FE002800F0938200252C460C9BA8
:109C7000009EDB430293274600242946484601F014
:109C80001DF9002F00F0EE802CB1BC4203D021461C
:109C9000484601F013F93946484601F00FF9E1E072
:109CA0009DED067B02248DED027B62E7E90708D576
:109CB00050465946D6E90023F6F74EFC0134824659
:109CC0008B466D10083655E722D0C8F100053C4B95
:109CD0003C4E05F00F0203EBC203D3E90023DDE99C
:109CE0000601F6F739FC2D1182468B460224002D21
:109CF0003FF44BAFEA0708D550465946D6E9002352
:109D0000F6F72AFC013482468B466D100836EEE7E2
:109D1000DDE906AB022438E7049ECDF8088055E75C
:109D2000274B03EBC60353E902010B9B002B55D0D5
:109D300002460B4600202849F6F738FDDDE91023DE
:109D4000F6F752FA009BCDE910019D191E465946BF
:109D50005046F6F7B1FE00F13004F6F793FB0246E9
:109D60000B4650465946F6F73FFADDE9102306F850
:109D7000014B82468B46F6F761FE002872D15246AF
:109D80005B4611490020F6F72FFADDE91023F6F7BC
:109D900055FE002840F0B680AE423FF441AFDDE909
:109DA00010010A4B0022F6F7D7FB084BCDE9100152
:109DB000002250465946F6F7CFFB82468B46C6E74F
:109DC000E0DD0008B8DD00080000F03F000024409E
:109DD00000001C40000014400000E03FDDE91023BB
:109DE000F6F7BAFB009B009CCDE9100133441593B4
:109DF00059465046F6F760FE00F13005F6F742FB93
:109E00000B46024659465046F6F7EEF904F8015B58
:109E1000159B9C4282468B4627D1009B0022DDE9A0
:109E200010011E44AA4BF6F7E1F902460B465046D4
:109E30005946F6F721FE002864D1DDE91023A44934
:109E40000020F6F7D1F902460B4650465946F6F780
:109E5000F5FD00283FF4E4AE334616F8012D302A14
:109E6000FAD01E46DDF808803AE09A4B0022F6F759
:109E700073FB82468B46BBE7009E52465B46DDE99C
:109E80000601F6F793FCF6F717FE0746F6F7FAFA1F
:109E900052465B46F6F760FB02460B46DDE90601DB
:109EA000F6F7A2F907F1300C009C06F801CBA6EBFF
:109EB000040C049C644502460B4633D1F6F796F930
:109EC00052465B4604460D46F6F7D6FDC0B95246EB
:109ED0005B4620462946F6F7A7FD08B1FB070FD4DD
:109EE0000199484600F0EAFF0023139A337008F105
:109EF00001031360239B002B3FF4E6AC1E60E3E4F8
:109F0000CDF8088033461E4613F8012D392A06D1B4
:109F1000009A9A42F7D1029A01320292302201321B
:109F20001A709FE76B4B0022F6F716FB02460B46B2
:109F3000CDE9062300220023F6F776FD00289CD009
:109F4000CEE70B9A002A00F0DF800A9A012A00F37C
:109F5000C380149A002A00F0B78003F23343099DAE
:109F60003E46089A01211A4448461F44089201F0CF
:109F7000A3F8044656B1089B002B07DDB342089AAC
:109F8000A8BF3346FF1AF61AD31A0893099B0BB3DE
:109F90000B9B002B00F0BF80002D00F0B980214604
:109FA0002A46484601F054F9019A014604464846BB
:109FB00001F098F801998246484600F07FFF099B1E
:109FC0005B1B099300F0AA80099A5146484601F0AC
:109FD0003FF901900121484601F06EF80D9B0546BE
:109FE000002B00F0D0811A460146484601F030F9B6
:109FF0000A9B012B054600F399800E9B002B40F035
:10A0000090800F9BC3F31303002B40F08A800F9BBB
:10A0100023F000431B0D1B05002B00F08580089BDF
:10A020000133013708934FF0010A0D9B002B00F01C
:10A03000B0812B6905EB8303186900F0F1FFC0F1D3
:10A040002000089B184410F01F0076D01B2870DCFD
:10A05000C0F11C000744064403440893002F05DDAB
:10A0600001993A46484601F04FF90190089B002BB0
:10A0700005DD29461A46484601F046F90546129B79
:10A08000002B5FD00198294601F0B0F9002859DA79
:10A0900008F1FF330293019900230A22484600F099
:10A0A0002FFF0B9B0190002B00F0758100232146B0
:10A0B0000A22484600F024FF059B002B044671DC71
:10A0C0000A9B022B47DC6DE0169BC3F1360346E783
:10A0D0000000E03F00002440049B5D1E099BAB4252
:10A0E00008DB5D1B049B002BBFF63AAF049BFE1AF6
:10A0F000002336E7099B0D9A0995EB1A1A440D9235
:10A10000049B3E4600252CE7099D0B9C3E4631E70B
:10A11000DDF804A058E7099A019957E7CDF804A0A3
:10A1200058E74FF0000A80E79A467EE74FF0000AB2
:10A130007FE71C2892D0C0F120001C30089B074408
:10A14000064489E7049BCDF80880002B24DC0593A6
:10A150000A9B022B22DD059B002B7FF488AD29464C
:10A16000059B0522484600F0CBFE014605460198B6
:10A1700001F03CF900287FF77AAD009E312306F804
:10A18000013B029B0133029375E535462C46F4E70B
:10A19000049DCDF80880F9E7049B05930B9B002BE9
:10A1A00000F0FD80002E05DD21463246484601F0D4
:10A1B000ABF80446BAF1000F58D06168484600F089
:10A1C0003FFE064628B9814B024640F2EF21FFF7D9
:10A1D00042BB22690232920004F10C010C30FFF7FD
:10A1E00083FA01223146484601F08EF80746009B6B
:10A1F000009A03F10108059B134406930E9B03F09C
:10A200000103089329460198FFF786FA2146049036
:10A2100000F1300B019801F0E9F83A460590294623
:10A22000484601F0FFF8C26808F1FF3A0646FAB95D
:10A230000146019801F0DAF8024631464846099293
:10A2400000F03CFEDDE9092342EA0301089B1943C3
:10A2500046460FD1BBF1390F28D0059B002B02DDFC
:10A26000049B03F1310B8AF800B006E52746BEE7F0
:10A270000122E2E7059B002B04DB0A990B430899B6
:10A280000B4320D1002AEEDD01990122484601F05E
:10A290003BF82946019001F0A9F8002803DCE2D13F
:10A2A0001BF0010FDFD0BBF1390FD9D139238AF868
:10A2B000003033461E46013B16F8012C392A52D095
:10A2C00001321A70D9E4002A07DDBBF1390FEDD055
:10A2D0000BF101038AF80030CFE4069B08F801BCBB
:10A2E00043452AD0019900230A22484600F008FE7F
:10A2F000BC4201904FF000034FF00A02214648464D
:10A3000006D100F0FDFD0446074608F1010879E793
:10A3100000F0F6FD3946044600230A22484600F0C4
:10A32000EFFD0746F1E7059B5E1E002B009BD8BFA3
:10A3300000265A1C2746164400240199012248464B
:10A3400000F0E2FF2946019001F050F80028B0DC4F
:10A3500002D11BF0010FACD133461E4613F8012D7C
:10A36000302AFAD089E4009A9A42A3D1029B0133A1
:10A3700002933123137080E4239B002B7FF49FAA68
:10A38000134BFFF7BEBA0A9B012B7FF736AEDDF801
:10A3900034A0012055E6059B002B7FF7D9AE009E27
:10A3A00001982946FFF7B8F900F1300B009B06F839
:10A3B00001BBF21A059B9342B5DD019900230A22E5
:10A3C000484600F09DFD0190EAE700BF13DB00085E
:10A3D00082DA00080369B3EB611F2DE9F0434FEA0D
:10A3E000611200F1140443DD11F01F0104EB830C32
:10A3F00004EB82050CD100F110062946614532D3E9
:10A400009B1A9B00033DAC4538BF0023234414E056
:10A4100054F82260C1F12008CE4005F1040EA14697
:10A42000F44515D89A1A9200043A0135AC4538BF64
:10A430000022A318A65006B104331A1BA3424FEA08
:10A44000A20208BF0023026108BF4361BDE8F08398
:10A45000DEF8007007FA08F7374349F8047B5EF826
:10A46000046BCE40DCE751F8047B46F8047FC5E777
:10A470002346E2E7A0F13003092B02D82038C0B20E
:10A480007047A0F16103052B01D84738F7E7A0F129
:10A490004103052B01D82738F1E700207047000061
:10A4A0002DE9F04F85B00F4602930B68019091465D
:10A4B0009C1C20783028A04604F10104F9D0A8EBB8
:10A4C0000303A3F1020BFFF7D5FF8246002838D122
:10A4D0009F4901224046FFF7C2F80546002863D194
:10A4E00098F801002646FFF7C5FF00285ED02078C7
:10A4F0003028A04604F10104F9D0FFF7BBFFB0FA01
:10A5000080F4640935464FF0010BC24656460AF105
:10A51000010A3078FFF7AEFF0028F7D18C490122FD
:10A520003046FFF79CF878B945B9554656460AF1CA
:10A53000010A3078FFF79EFF0028F7D1AD1BAD0070
:10A5400004E000242546E0E7002DF7D1337803F03E
:10A55000DF03502B37D173782B2B29D02D2B2BD009
:10A56000711C4FF0000A0878FFF784FF431EDBB22E
:10A57000182B28D8A0F1100211F8010FFFF77AFF6D
:10A58000431EDBB2182B1AD9BAF1000F00D0524289
:10A5900015443960CCB1BBF1000F0CBF0627002772
:10A5A000384605B0BDE8F08F464655460124CDE754
:10A5B0004FF0000AB11CD6E74FF0010AFAE70A2370
:10A5C00003FB0200D6E73146E3E7A6EB0803013BB5
:10A5D0002146072B0ADC019800F032FC044640B902
:10A5E0005C4B0246E4215C4801F052FB01315B10F8
:10A5F000EFE700F1140A002357469B46B04537D3D6
:10A6000047F804BBA7EB0A07BB102361584600F0CC
:10A6100007FDD9F80060C0EBC707B74254DDBF1B88
:10A620003946204601F0B2F8804678B17B1E5911B8
:10A6300003F01F025AF821104FF0010808FA02F245
:10A640000A4203D0434536DC4FF002083946204623
:10A65000FFF7C0FE3D44D9F80830AB4242DA01981A
:10A66000214600F02BFC0E9A00231360A32797E7E6
:10A6700016F8012D2E2A12D0202B04D147F804BB46
:10A680004FF0000B5B4630780393FFF7F3FE039B1C
:10A6900000F00F0098404BEA000B0433AEE7B045E2
:10A6A000EAD82B49039301223046FEF7D8FF039BDB
:10A6B0000028E1D1A2E7B91E204601F067F8002882
:10A6C000C2D04FF00308C1E709DAF71B2146019811
:10A6D0003A4600F019FEED1B044600F1140A4FF053
:10A6E0000008B8E7D9F80430AB426FDD5D1BAE421D
:10A6F00034DCD9F80C30022B22D0032B24D0012BD0
:10A7000015D1AE4213D1012E0BD1029AD9F80430E3
:10A71000136001232361CAF800300E9B62271C607E
:10A720003EE7711E204601F031F80028EDD1019876
:10A73000214600F0C3FB0E9A0023136050272FE739
:10A740000F9B002BF3D1E0E70F9B002BDDD1EEE751
:10A7500078DA000813DB000824DB00086F1EB8F16C
:10A76000000F30D127B13946204601F00FF880465E
:10A770007A1101235AF8222007F01F07BB40134229
:10A780002946204618BF48F00208761BFFF722FE34
:10A79000D9F804500227B8F1000F42D0D9F80C3094
:10A7A000022B15D0032B17D0012B09D118F0020F63
:10A7B00006D0DAF8003048EA030818F0010F0ED18D
:10A7C00047F010072DE04FF00108D1E70127E2E73D
:10A7D0000F9BC3F101030F930F9B002BF0D0D4F814
:10A7E00010A004F1140303EB8A0100201A68B2F1EF
:10A7F000FF3F1BD001321A60022F04F114033CD139
:10A80000D9F80020013AB24209D17111012253F85E
:10A81000213006F01F0602FA06F61E423AD147F032
:10A8200020070E9B1C60029B1D60B9E643F8040BD9
:10A830009942DBD8A3689A4517DB6168019801311A
:10A8400000F0FEFA804618B91A4B02468421CAE687
:10A850002269023204F10C0192000C30FEF744FF31
:10A860002146019800F02AFB444623695A1C04EB58
:10A870008303226101225A61BEE7226952450BDD42
:10A8800001212046FFF7A6FDD9F808300135AB427B
:10A89000FFF6E5AE0127C2E716F01F06FAD003EB7C
:10A8A0008A03C6F1200653F8040C00F0B9FBB0424D
:10A8B000E6DBEFE713DB0008C2F10802920070B597
:10A8C000C2F120064368046803FA06F52C43D3401E
:10A8D000046040F8043F8842F4D370BD30B503688B
:10A8E0000139013311F8014F14B90360012030BD63
:10A8F00013F8012BA2F14105192D98BF2032A24275
:10A90000F0D00020F3E72DE9F04F0B6887B05E111F
:10A91000029013F01F0302EB86060193029B18BFFF
:10A9200004360025371F196846F8045C9046B9467E
:10A930003C46AB46AA464A784B1C039332B31046BA
:10A9400005910492FFF796FD002851D1049A0599CC
:10A95000202A16D8DA4512DD4C4506D2072D04DC34
:10A960002A4649462046FFF7A7FF444553D900230E
:10A97000A4F1040944F8043CD3464C461D4603990F
:10A98000D9E7292A59D1029B02311960BAF1000F87
:10A9900053D04C4506D2072D04DC2A4649462046B2
:10A9A000FFF78AFF444538D9A8F10402234653F83B
:10A9B000041B42F8041F9F42F9D23B1B23F0030300
:10A9C0000134033EB44288BF002308F1040213445B
:10A9D00000211A4604339F421160FAD23B681BB92A
:10A9E000474528D101233B60052007B0BDE8F08F23
:10A9F0000135082D0AF1010A06DD4445BFD90023BF
:10AA000044F8043C0125043C226800F00F0040EAB1
:10AA100002102060B3E70825B1E7019B002BDDD0D1
:10AA2000C3F120034FF0FF32DA4056F8043C1340E4
:10AA300046F8043CD2E7043FD0E70420D5E7000005
:10AA4000024B0146186800F025B800BF7C010020C9
:10AA500070B50F4C0E462168054611B901F0D4F8C7
:10AA600020603146284601F0CFF8431C03D14FF057
:10AA7000FF34204670BDC41C24F00304A042F8D06B
:10AA8000211A284601F0C0F80130F2D1EFE700BFEB
:10AA9000244700202DE9F843CD1C25F00305083597
:10AAA0000C2D38BF0C25002D064601DBA94204D928
:10AAB0000C2333600020BDE8F883334F00F0B4F975
:10AAC0003B681C463CBB29463046FFF7C1FF431C90
:10AAD000044656D13C68A046B8F1000F40D1002C86
:10AAE00049D023684146304604EB030901F08CF855
:10AAF000814540D121686D1A29463046FFF7A8FFED
:10AB0000013038D023682B4423603B685A685ABB15
:10AB1000C7F800800EE02268521B1ED40B2A16D9FB
:10AB20006119A342256018BF5960636808BF396086
:10AB300062514B60304600F07DF904F10B00231D9B
:10AB400020F00700C21A1CBF1B1AA350B3E76268AB
:10AB5000A3420CBF3A605A60ECE723466468B1E751
:10AB60004446D8F80480B7E71A465B68A342FBD195
:10AB700000235360DEE70C233360304600F05AF9BF
:10AB800098E70560D6E700BF2847002082B001B9EA
:10AB900001A942B14BB113780B601278101E18BF97
:10ABA000012002B070471046FBE76FF00100F8E7A4
:10ABB0009368013B002B10B4936007DA9469A342B9
:10ABC00001DB0A2902D110BC00F0EEBE1368581C4C
:10ABD00010601970084610BC7047F8B506460F465D
:10ABE0001446D518AC4201D1002007E014F8011B2F
:10ABF0003A463046FFF7DCFF431CF3D1F8BD0000B6
:10AC00002DE9F04706469CB00D4614461F4618B184
:10AC1000036A0BB9FDF7BEFD6B6ED90705D4AB898E
:10AC20009A0502D4A86DFEF758FDAB891B0701D524
:10AC30002B699BB92946304600F0F4FE70B16B6E6B
:10AC4000DE0704D54FF0FF301CB0BDE8F087AB89BC
:10AC50009C05F7D4A86DFEF741FDF3E700230993A7
:10AC600020238DF82930039730236A4F8DF82A303E
:10AC70004FF0010823461A7899461AB1252A03F1A4
:10AC80000103F8D1B9EB040A0BD0534622462946FA
:10AC90003046FFF7A2FF013000F0A380099A52442A
:10ACA000099299F80030002B00F09B8000224FF0B1
:10ACB000FF33CDE9053209F10109049207928DF8BD
:10ACC00053201A924C46052214F8011B5148F5F7FF
:10ACD0002FFA049AD0B9D00644BF20238DF8533000
:10ACE000110744BF2B238DF8533099F800302A2BDD
:10ACF00013D007994B4600204FF00A0C1A78303ACF
:10AD0000092A1C464AD9A8B1079113E0C01B08FACA
:10AD100000F010430490A146D4E7039B191D1B6863
:10AD20000391002BBBBF5B4242F0020207930793E3
:10AD3000B8BF049223782E2B0AD163782A2B32D104
:10AD4000039B1A1D1B68039243EAE37302340593C5
:10AD5000DFF8D090217803224846F5F7E9F938B1B9
:10AD6000049BA0EB0900402282401343013404936A
:10AD7000217829488DF828100622F5F7D9F90028FE
:10AD80003ED0264818BB039B073323F00703083344
:10AD90000393099B0344013409936BE701330CFBD4
:10ADA00001210120AAE700230593611C18464FF0FA
:10ADB0000A0C0A78303A092A0C4603D9002BC7D06E
:10ADC0000590C5E701310CFB00200123F1E703AB3F
:10ADD00000932A46124B04A93046FDF789F8431C1C
:10ADE000D7D16B6ED90705D4AB899A0502D4A86D6B
:10ADF000FEF774FCAB895B063FF524AF099823E7A7
:10AE000003AB00932A46064B04A93046FDF70AFB24
:10AE1000E5E700BF99DB0008A3DB0008F17E00082E
:10AE2000DBAB00089FDB00080148FEF756BC00BF03
:10AE3000204700200148FEF751BC00BF20470020FA
:10AE400070B5C46905460E4684B91020FFF7F8FDB9
:10AE50000446E86128B90246164B17486B2100F0FA
:10AE600017FF0023C0E901330360C360E36853B9EF
:10AE700021220421284600F029FFEB69E060DB680D
:10AE80000BB9002070BD53F8260030B1026843F8BA
:10AE900026200023C0E90333F4E7012101FA06F478
:10AEA000621D9200284600F011FF0028E9D0C0E999
:10AEB0000164EEE78FDA0008AADB000870B5C46908
:10AEC00006460D4674B91020FFF7BAFD0246F06140
:10AED00020B9094B09488F2100F0DAFEC0E901448E
:10AEE0000460C4603DB1F3696A68DB6853F82210FE
:10AEF000296043F8225070BD8FDA0008AADB0008F1
:10AF00002DE9F0410D6907460C461E4601F1140C6F
:10AF10000020DCF8003099B202FB01611E0C0B0C22
:10AF200002FB063389B2013001EB034185424CF844
:10AF3000041B4FEA1346ECDC0EB3A368AB4219DCEA
:10AF4000616838460131FFF77BFF804628B9024629
:10AF50000C4B0D48BA2100F09BFE2269023204F12D
:10AF60000C0192000C30FEF7BFFB21463846FFF77C
:10AF7000A5FF444604EB850301355E61256120464B
:10AF8000BDE8F08113DB0008AADB00082DE9F843D7
:10AF9000884614461F4609220833064693FBF2F3FF
:10AFA000002101229A4209DB3046FFF749FF40B9F0
:10AFB0000246194B1948D32100F06AFE52000131B4
:10AFC000F0E7089B4361092C4FF00103036108DCA3
:10AFD00008F10A050924641B2B199F4212DCBDE805
:10AFE000F88308F10905A946A04419F8013B014678
:10AFF000303B0A223046FFF783FFC145F5D1254497
:10B00000083DE8E715F8013B0146303B0A2230468F
:10B01000FFF776FFE0E700BF13DB0008AADB0008BC
:10B02000B0F5803F034636BF030400201020B3F183
:10B03000807F3CBF1B020830B3F1805F3CBF1B0127
:10B040000430B3F1804F3CBF9B000230002B04DB87
:10B050005B0001D50130704720207047036813F072
:10B06000070201460BD0DA0722D4980749BF5B08D4
:10B070009B0801200B605CBF0B600220704798B2F8
:10B08000A0B91B0C1020DAB20AB908301B0A1A0743
:10B0900004BF1B0904309A0704BF9B080230DA077B
:10B0A00002D45B0806D001300B6070471046EAE717
:10B0B000002070472020704710B50C460121FFF793
:10B0C000BFFE024628B9054B054840F2451100F085
:10B0D000DFFD01234461036110BD00BF13DB0008E5
:10B0E000AADB00082DE9F04FD1F81080D2F81090BB
:10B0F000C84585B00E46144604DB4B460C46C14697
:10B1000016469846A368616809EB0807BB42B8BFBA
:10B110000131FFF795FE30B902464B4B4B484FF4D7
:10B12000B17100F0B5FD00F1140505EB870B2B465E
:10B1300000225B4522D306F1140101EB880304F1E0
:10B14000140C0CEB890C029304F1150363458CBFBE
:10B15000002301230093ACEB0403153B9B080193F0
:10B16000029B03918B420CD8002F03DD5BF8043D5A
:10B17000002B67D0076105B0BDE8F08F43F8042BC2
:10B18000D7E7B1F800A0BAF1000F28D004F11408F5
:10B19000A9464FF0000E58F8042BD9F8003096B2AB
:10B1A0009BB20AFB0633D9F80060120C360C7344CC
:10B1B0000AFB026606EB13469BB243EA0643C4450C
:10B1C00049F8043B4FEA164EE5D8009A019B002A45
:10B1D0004FEA830308BF00232B44C3F804E0039B1A
:10B1E000B3F802E00431BEF1000F29D02B6804F15E
:10B1F00014069846A9464FF0000A32880EFB02A2B8
:10B2000002EB18429BB243EA024349F8043B56F86A
:10B21000043BD9F800804FEA134A1FFA88F30EFB6B
:10B220000A3303EB1243B4454FEA134AE5D8009EB4
:10B23000019A002E4FEA820208BF00222A4453607E
:10B2400004358DE7013F8FE713DB0008AADB000818
:10B250002DE9F843174612F0030280460D4607D049
:10B26000264C013A002354F82220FFF749FE0546F8
:10B27000BF103FD0D8F81C4094B91020FFF7E0FB76
:10B280000446C8F81C0030B902461D4B1D4840F268
:10B29000B31100F0FDFC0023C0E901330360C3607B
:10B2A000A66846B940F271214046FFF705FF00232A
:10B2B000A060064603602C464FF0000907F001032A
:10B2C0007F1053B1294632464046FFF70BFF214617
:10B2D00005464046FFF7F2FD67B1306838B932469F
:10B2E00031464046FFF7FEFE3060C0F8009006464B
:10B2F0002C46E3E72846BDE8F88300BFACDD000834
:10B300008FDA0008AADB00082DE9F84F0C464968DF
:10B310002669A36806EB6216074691464FEA621A51
:10B3200006F1010843450BDB3846FFF789FD05466A
:10B3300048B902462B4B2C484FF4EF7100F0A8FCA3
:10B3400001315B00EEE700F1140100230A461846C4
:10B35000534539DB20692AEAEA7A01EB8A0104F1D4
:10B36000140319F01F098C4603EB800030D0C9F19B
:10B37000200A4FF0000E1A68E34602FA09F242EA88
:10B380000E02CBF8002053F8042B98420CF1040C69
:10B3900022FA0AFEEFD8031B153B23F0030304F146
:10B3A0001502904238BF00231944C1F804E0BEF1F1
:10B3B000000F00D1B0463846C5F810802146FFF78F
:10B3C0007DFD2846BDE8F88F42F8040B0133BFE746
:10B3D00053F8041BCCF8001098420CF1040CF7D879
:10B3E000E8E700BF13DB0008AADB000803690A696D
:10B3F0009B1A30B50ED11430143100EB820401EBEE
:10B40000820154F8045D51F8042D954204D006D20F
:10B410004FF0FF33184630BDA042F2D3FAE70123C4
:10B42000F8E700002DE9F74F8A46064611465046D8
:10B430001446FFF7DBFF051E12D129463046FFF701
:10B44000FFFC024628B9414B40F23721404800F04A
:10B450001FFC0123C0E90435104603B0BDE8F08F9E
:10B46000BCBF5346A2463046DAF80410BABF1C46A9
:10B4700001250025FFF7E4FC024618B9334B40F2E2
:10B480004521E3E7DAF810702669C5600AF114096E
:10B4900004F1140E00F114050AF1100309EB8708FA
:10B4A0000EEB86060193AB464FF0000C019B5EF855
:10B4B000040B53F804AF01931FFA8AF183B2CB1A3D
:10B4C000000C6344C0EB1A4000EB23409BB243EAFC
:10B4D000004376454BF8043B4FEA204CE6D8331B3B
:10B4E000153B153423F00303A64238BF0023E818A8
:10B4F0004B441C1D04302646A5EB090546450ED3DA
:10B5000008F10301091B21F003010133984538BFFD
:10B510000021014451F8043DABB117619CE706EBF3
:10B52000050E56F8041BE2464FEA11491CFA81FC4D
:10B53000514409EB2C4989B241EA09414FEA294CAF
:10B54000CEF80010DAE7013FE4E700BF13DB0008A4
:10B55000AADB000882B08DED000B019A0F4B13405F
:10B56000A3F15073002B08DC5B42B3F1A07F4FEADC
:10B57000235204DA4FF400231341002208E0A2F121
:10B5800014031E2BDABF4FF00042DA4001220023E1
:10B590001946104641EC100B02B070470000F07FD6
:10B5A000F8B5056900F1140606EB85052F1F55F85F
:10B5B000044C2046FFF734FDC0F120030A280B603D
:10B5C00016DCC0F10B0C24FA0CF1BE4241F07F53A3
:10B5D00034BF55F8081C0021153004FA00F021FA98
:10B5E0000CF143F4401301430A4643EC102BF8BD21
:10B5F000BE423ABF55F8081CA5F1080700210B38D8
:10B6000012D0C0F1200521FA05F384401C43B74253
:10B6100044F07F538CBF57F8044C00248140EC4029
:10B6200043F440132143DFE744F07F5343F44013D6
:10B63000DAE700002DE9F7430F46012159EC108BA2
:10B640001646FFF7FDFB054630B90246234B24485A
:10B6500040F20F3100F01CFBC9F30A54C9F3130385
:10B660000CB143F480130193B8F1000323D0684672
:10B670000093FFF7F3FC0099D8B1019AC0F12003C1
:10B6800002FA03F30B43C2406B610192019BAB6171
:10B69000002B0CBF012202222A61A4B1A4F2334480
:10B6A00004443C60C0F135003060284603B0BDE87A
:10B6B000F0836961EAE701A8FFF7D0FC019B6B61A9
:10B6C00020300122E8E705EB8203A0F23240386027
:10B6D0001869FFF7A5FCC0EB4210E5E713DB000893
:10B6E000AADB0008F7B50E4669460746FFF758FF84
:10B6F00001A9304655EC104BB0EE407AF0EE607A7E
:10B70000FFF74EFF33693A69D21ADDE900369B1B19
:10B7100003EB4213002BD4BF10EE902A17EE902AB1
:10B7200051EC100BD6BFC3EB033302EB035502EB16
:10B7300003510B46024629462046F5F737F841ECFF
:10B74000100B03B0F0BD013970B549111469013116
:10B7500002F1140300EB810103EB8404051FA342F3
:10B760000CD3A31A113B23F003031132944238BFC8
:10B77000002318440023884205D370BD53F8046B9E
:10B7800045F8046FEBE740F8043BF4E700F11402DE
:10B7900000694B11984210B511DB0ADD11F01F0151
:10B7A00007D052F8234024FA01F000FA01F18C424C
:10B7B0000BD102EB8303934203D8002010BD034654
:10B7C000F7E753F8041D0029F5D00120F6E710B57E
:10B7D0000C46B1F90E1000F005FA0028ABBF636DFE
:10B7E000A3891B1823F48053ACBF6365A38110BDEC
:10B7F0002DE9F0411F468B89DB0505460C461646B0
:10B8000005D5B1F90E100223002200F0D9F9A38961
:10B81000B4F90E1023F48053A38132463B462846E8
:10B82000BDE8F04100F000BA10B50C46B1F90E10B9
:10B8300000F0C6F9B4F90C30421C0BBF23F480535E
:10B8400043F48053A381A38118BF606510BDB1F993
:10B850000E1000F0FBB90000B1F90C202DE9F04109
:10B86000160705460C4651D44B68002B02DC0B6CC6
:10B87000002B49DDE66A002E46D0002312F48052E8
:10B880002F682B6031D0626DA389590705D5636895
:10B89000D21A636B0BB1236CD21A0023E66A216AB9
:10B8A0002846B047421CB4F90C3006D129681D293E
:10B8B00045D8284ACA40D60741D500226260D9043B
:10B8C0002269226004D5421C01D12B6803B960654E
:10B8D000616B2F60C1B104F14403994202D0284644
:10B8E00000F008FA002363630EE0216A0123284672
:10B8F000B0470246501CC7D12B68002BC4D01D2B6B
:10B9000001D0162B1AD12F6000201DE00F69002FE7
:10B91000FAD093070E6808BF4B690F6018BF002369
:10B92000A6EB07088B60B8F1000FEDDD216AA66A6F
:10B9300043463A462846B047002807DCA38943F02F
:10B940004003A3814FF0FF30BDE8F0810744A8EB2E
:10B950000008E8E70100402038B50B6905460C46B1
:10B9600013B91D46284638BD18B1036A0BB9FCF758
:10B9700011FFB4F90C30002BF3D0626ED00704D461
:10B98000990502D4A06DFDF7A8FE28462146FFF7D1
:10B9900063FF636EDA070546E4D4A3899B05E1D40F
:10B9A000A06DFDF79BFEDDE7F8B505460F46144692
:10B9B00018B1036A0BB9FCF7EDFEA369A360A38974
:10B9C0001A0701D5236943B92146284600F02AF811
:10B9D00018B14FF0FF363046F8BD23692068C01A11
:10B9E0006369834205DC21462846FFF7B5FF00283E
:10B9F000EFD1A368013BA36023685A1C22601F702B
:10BA0000636901308342FEB204D0A389DB07E2D52B
:10BA10000A2EE0D121462846FFF79EFF0028DAD003
:10BA2000D7E7000038B5284B054618680C4618B112
:10BA3000036A0BB9FCF7AEFEB4F90C30190720D439
:10BA4000DA0607D409222A6043F04003A3814FF0AD
:10BA5000FF3031E0580711D5616B41B104F1440367
:10BA6000994202D0284600F045F900236363002282
:10BA7000A38962602269226023F0240343F0080353
:10BA8000A38123694BB9A38903F42073B3F5007F25
:10BA900003D02146284600F04AF8B4F90C3013F0E0
:10BAA00001020AD00022A26062695242A2612269A8
:10BAB00042B913F08000C7D138BD990758BF6269F9
:10BAC000A260F4E70020F7E77C01002049B1FF2ADB
:10BAD00085BF8A2303600A704FF0FF3098BF0120B2
:10BAE00070470846704770B50E46B1F90E10002930
:10BAF00096B014461D460ADAB28912F0800213D1BC
:10BB00004FF4806100202A60216016B070BD6A4643
:10BB100000F0ACF80028EFDB019A02F47042A2F5C5
:10BB200000535A425A41EBE700224021EAE78B8951
:10BB300073B59E0705460C4607D504F147032360FD
:10BB400023610123636102B070BD01AB6A46FFF758
:10BB5000CAFF009E28463146FEF79CFFB4F90C3020
:10BB600038B99A05EFD423F0030343F00203A3810D
:10BB7000E3E743F08003A381019B2060C4E904064E
:10BB8000002BE0D0B4F90E10284600F009F8002888
:10BB9000D9D0A38923F0030343F00103A381D2E7A3
:10BBA00038B5064C0023054608462360FAF788FAA4
:10BBB000431C02D1236803B12B6038BD2C47002001
:10BBC00038B5074C054608461146002222601A4641
:10BBD000FAF778FA431C02D1236803B12B6038BD11
:10BBE0002C47002038B5074C054608461146002270
:10BBF00022601A46FAF73EFA431C02D1236803B1C9
:10BC00002B6038BD2C47002038B5064C0023054674
:10BC100008462360FAF758FA431C02D1236803B19F
:10BC20002B6038BD2C47002038B5074C0546084628
:10BC30001146002222601A46FAF72AFA431C02D162
:10BC4000236803B12B6038BD2C47002038B5064C63
:10BC50000023054608462360FAF728FA431C02D160
:10BC6000236803B12B6038BD2C47002038B5074C42
:10BC700000230546084611462360FAF71BFA431CC9
:10BC800002D1236803B12B6038BD00BF2C470020D0
:10BC90001FB51D46094B1B680646D86852B1084CB3
:10BCA0000091CDE90142074933462A4600F06EF87B
:10BCB00000F07EF8044C2246F2E700BF7C01002031
:10BCC00018DC000825DC000853DC000870B5A1FB77
:10BCD000026535B93146FEF7DDFE044628B9204637
:10BCE00070BD0C2303600024F9E732462946FDF7B6
:10BCF000AEFCF4E737B5002944D051F8043C01907C
:10BD0000002BA1F10404B8BFE418FFF78DF81E4A18
:10BD10000198136833B96360146003B0BDE8304024
:10BD2000FFF788B8A34208D9256861198B4201BF83
:10BD300019685B6849192160EDE71A465B680BB129
:10BD4000A342FAD911685518A5420BD124682144A1
:10BD50005418A3421160E0D11C685B6853600C4426
:10BD60001460DAE702D90C230360D6E7256861196D
:10BD70008B4204BF19685B68636004BF4919216086
:10BD80005460CAE703B030BD284700200EB403B5A5
:10BD9000014603AB054853F8042B00680193FEF7F6
:10BDA0002FFF02B05DF804EB03B070477C01002068
:10BDB00008B5062000F02CF80120FAF755F91F29E4
:10BDC00038B505460C4604D9162303604FF0FF3002
:10BDD00038BDC26B12B152F821304BB9284600F081
:10BDE00031F8224601462846BDE8384000F018B830
:10BDF000012B0AD0591C03D1162303600120E7E769
:10BE0000002142F82410204698470020E0E7000077
:10BE1000024B01461868FFF7D2BF00BF7C0100202B
:10BE200038B5074C00230546084611462360FAF74B
:10BE300013F9431C02D1236803B12B6038BD00BF46
:10BE40002C470020FAF706B900B52DED028B83B020
:10BE5000B0EE408ACDED010A00F0D4FADDED010A22
:10BE6000B4EE608AF1EE10FA06D6DFED0C7AF4EE4D
:10BE7000670AF1EE10FA03D003B0BDEC028B00BDEF
:10BE8000CDED017AFDF7FEFBDDED017A87EEA70A25
:10BE90002123036003B0BDEC028B00BD0000000055
:10BEA00008B52DED048BB0EE409AF0EE609A00F0EC
:10BEB0007FF8B0EE408AF0EE608AB0EE490AF0EE0C
:10BEC000690A00F065F878B119A3D3E9002351ECB1
:10BED000190BF4F7D1FD70B917A3D3E9002351EC86
:10BEE000190BF4F7ABFD98B9B0EE480AF0EE680A0A
:10BEF000BDEC048B08BD9FED0A8BFDF7C3FBB0EED4
:10BF0000480AF0EE680ABDEC048B2223036008BDEA
:10BF1000FDF7B8FB22239FED048B0360E4E700BF2D
:10BF2000000000000000F07F0000000000000000A2
:10BF3000EF39FAFE422E864051302DD5104987C088
:10BF400000B52DED028BB0EE408A83B000F02CF8E6
:10BF5000B4EE488AF1EE10FA06D6DFED0C7AB4EEB4
:10BF6000E78AF1EE10FA03D403B0BDEC028B00BDFA
:10BF7000CDED017AFDF786FBDDED017A87EEA70AAC
:10BF80002123036003B0BDEC028B00BD0000000064
:10BF900082B08DED000B019840F0004000F580105C
:10BFA000C00F02B0704700BFB1EEC00A704700BFBB
:10BFB0002DE9F04755EC104BD34925F000428A4259
:10BFC00086B04FEAD5760CD9D0498A4270D9C5F3EC
:10BFD0001303234340F05481002E66D09FEDB20B33
:10BFE00063E0CB4B9A4200F21A81CA4B9A4240F26C
:10BFF000308122462B4620462946F4F7ADFAACA301
:10C00000D3E9002306460F46F4F7A6FAAAA3D3E91C
:10C010000023F4F7E9F832463B46F4F79DFAA8A36B
:10C02000D3E90023F4F7E2F832463B46F4F794FAFA
:10C03000A5A3D3E90023F4F7D7F832463B46F4F73B
:10C040008BFAA3A3D3E90023F4F7D0F832463B469A
:10C05000F4F782FA02460B4620462946F4F7C4F864
:10C06000CDE90201DDE90289204642464B462946D8
:10C07000F4F772FA002206460F464FF0804340461E
:10C080004946F4F7B1F802460B4630463946F4F714
:10C090008DFB22462B46F4F7A7F802460B460020FC
:10C0A0009D49F4F7A1F841EC100B06B0BDE8F0870C
:10C0B00089A3D3E9002320462946F4F7DDFC07468F
:10C0C000002840F0E88086A3D3E9002320462946D3
:10C0D000F4F7B4FC002840F03781904B204603EB86
:10C0E000C606294680A3D3E90023F4F735FAD6E93A
:10C0F0000023F4F77BF8F4F7DFFC0646F4F7C2F907
:10C100007BA3D3E9002307468846F4F725FA0246C5
:10C110000B4620462946F4F767F802460B46384698
:10C12000414691469A4674A3D3E90023F4F714FAE2
:10C13000CDE90001DDE9002348465146F4F754F803
:10C1400002460B4604460D46F4F706FA58A3D3E917
:10C15000002307468846F4F7FFF957A3D3E90023E5
:10C16000F4F742F83A464346F4F7F6F954A3D3E914
:10C170000023F4F73BF83A464346F4F7EDF952A3AF
:10C18000D3E90023F4F730F83A464346F4F7E4F9EC
:10C190004FA3D3E90023F4F729F83A464346F4F7CE
:10C1A000DBF902460B4620462946F4F71DF8074600
:10C1B0008846204629463A464346CDE90278F4F7B8
:10C1C000CBF9CDE90401002E3FF44CAF3A4643468B
:10C1D00000204FF08041F4F707F802460B46DDE9F6
:10C1E0000401F4F7E3FA02460B46DDE90001F3F738
:10C1F000FBFF4A465346F3F7F7FF0B460246464914
:10C200000020F3F7F1FF6FF47F739E42C0F28E803F
:10C2100001EB065141EC100B06B0BDE8F087404B36
:10C220009A423FF65AAF3F4B03EBC603D3E90023D4
:10C2300020462946F3F7D8FF3B4B03EBC60393EDAB
:10C24000007B86F001038DED007B81468A469E1BB4
:10C2500070E72BA3D3E9002320462946F3F7C6FF56
:10C260002D4B0022F4F708FC00283FF4C2AE2A4B05
:10C27000002220462946F3F7B9FF41EC100B14E7E2
:10C2800022462B4620462946F3F7B0FF41EC100B1F
:10C2900006B0BDE8F087002006B0BDE8F04700F02A
:10C2A0000FBA00BFAFF300800000000000000000E4
:10C2B000D0A4BE726937663EF16BD2C541BDBB3EAC
:10C2C0002CDE25AF6A56113F93BDBE166CC1663F8A
:10C2D0003E5555555555C53FEF39FAFE422E86401D
:10C2E00051302DD5104987C0FE822B654715F73F89
:10C2F0000000E0FE422EE63F763C7935EF39EA3D1C
:10C300009C7500883CE4377E412E8640FFFFEF7F1E
:10C31000422ED63FFFFFEF3D0000F03FC8DE000891
:10C32000B1A2F03FB8DE0008A8DE000806F57A7377
:10C3300001EB035100224FF0B873F4F70DF941EC13
:10C34000100B06B0BDE8F087384606B0BDE8F047F0
:10C3500000F0AEB900B583B08DED000B0199DDF8AA
:10C3600000C0C1F30A52A2F2FF33132B0CDC002BE6
:10C370002CDB2348184100EA010252EA0C022BD1BF
:10C380009DED000B03B000BD332B0BDDB3F5806FCB
:10C39000F6D1DDE9002310461946F3F727FF41ECFB
:10C3A000100BEFE7A2F213424FF0FF3020FA02F237
:10C3B00012EA0C0FE4D0C3F133030120984010EBD4
:10C3C0000C0028BF013120EA02000DE0013301F02A
:10C3D00000410FD0002007E04FF4002242FA03F39F
:10C3E0000B4423EA000100200B46024643EC102BCD
:10C3F00003B000BD41F07F5141F440110020F3E74C
:10C40000FFFF0F0010EE903A30B523F00044621E9B
:10C41000B2F1FF4F3FD210EE101A21F0004EBEF1E4
:10C42000FF4F38D2A6453ADB01F00042154600F036
:10C430009D8011F0FF4F03F0FF4C49D14FEA0E20D1
:10C440006FF07D024000002802F1FF32FADCBCF1FF
:10C45000000F5BD123026FF07D0C5B000CF1FF3C01
:10C46000FBD512F17E0F6CDA6FF07D00831AA0EB22
:10C470000C00B2EB0C020EFA03F104FA00F36DD0DB
:10C48000013A03E03AD04100013A09D3C81A002822
:10C49000F8DA4900F8E760EE200A80EEA00A30BD25
:10C4A000CB1A48BF0B461BB928E05B000CF1FF3CE0
:10C4B000B3F5000FF9DB1CF17E0F38DA6FF07D0069
:10C4C000A0EB0C00034145EA030200EE102A30BD48
:10C4D0004FEAEE52BCF1000F16D0E415C1F316017D
:10C4E000C3F31603121B41F4000143F40003A4F14B
:10C4F0007F0CC5D1CB1A002B18DBD6D1224B03EB16
:10C50000557393ED000A30BD7F3AA3E7E415A4F11B
:10C510007F0C6FF07D01891AC3F31603A2EB0C02A6
:10C5200043F400030EFA01F1013AAFE70B46A3F51D
:10C5300000030CF17F0C2B4343EACC5300EE103A7E
:10C5400030BD6FF07D00C1F31601A0EB0C0041F48B
:10C550000001A2EB0C0204FA00F391E7CB1A002BC6
:10C560000ADBCBD0B3F5000F9FDBABE7064B03EB49
:10C57000527393ED000A30BD0029BFD0B1F5000F12
:10C580000B4692DB9EE700BFD8DE000808B52DED14
:10C59000028BF0EE408AB0EE608A00F047F820B9D6
:10C5A000B0EE480ABDEC028B08BDB0EE480A00F0C0
:10C5B0003DF858B1F4EEC88AF1EE10FAC8BFB0EEFB
:10C5C000688AB0EE480ABDEC028B08BDB0EE688AFE
:10C5D000B0EE480ABDEC028B08BD00BF08B52DEDDA
:10C5E000028BF0EE408AB0EE608A00F01FF820B9AE
:10C5F000B0EE480ABDEC028B08BDB0EE480A00F070
:10C6000015F858B1B4EEE88AF1EE10FAC8BFB0EEF2
:10C61000688AB0EE480ABDEC028B08BDB0EE688AAD
:10C62000B0EE480ABDEC028B08BD00BF10EE103A18
:10C6300033F000400ED0A0F50003B3F1FE4F0DD350
:10C64000074B421E9A4207D9A0F1FF40B0FA80F092
:10C65000400970470220704703207047042070474C
:10C66000FEFF7F0010B582B08DED000B0446FDF794
:10C6700009F89DED000B046002B010BD00B5034643
:10C6800083B051EC100B83B1024601F10043CDE9B8
:10C690000023DDE90023F3F75FFF41EC100B2220BC
:10C6A00003B05DF804EBFFF7DDBF02460B46EEE793
:10C6B0009FED010BFFF7E2BF00000000000000103B
:10C6C0009FED010BFFF7DABF0000000000000070D3
:10C6D00080EA104080EA102080EA101046F6961397
:10C6E00000F00F0043FA00F000F00100704700BFB7
:10C6F00038B50022002304460D46F4F79FF928B907
:10C7000020462946BDE8384000F00AB8204605F129
:10C71000004100F005F8404261EB410138BD00BF27
:10C7200070B50C4B002204460D46F3F715FFF4F7E5
:10C73000EBF90646F3F796FE074B0022F3F70CFFE2
:10C7400002460B4620462946F3F74EFDF4F7DCF986
:10C75000314670BD0000F03D0000F041F8B500BF6B
:10C76000F8BC08BC9E467047F8B500BFF8BC08BCD2
:04C770009E4670472A
:10C7780000070E091C1B1215383F363124232A2DB9
:10C7880070777E796C6B6265484F464154535A5DA9
:10C79800E0E7EEE9FCFBF2F5D8DFD6D1C4C3CACD99
:10C7A80090979E998C8B8285A8AFA6A1B4B3BABD89
:10C7B800C7C0C9CEDBDCD5D2FFF8F1F6E3E4EDEA79
:10C7C800B7B0B9BEABACA5A28F88818693949D9A69
:10C7D8002720292E3B3C35321F18111603040D0A59
:10C7E8005750595E4B4C45426F68616673747D7A49
:10C7F800898E878095929B9CB1B6BFB8ADAAA3A439
:10C80800F9FEF7F0E5E2EBECC1C6CFC8DDDAD3D428
:10C81800696E676075727B7C51565F584D4A434418
:10C82800191E171005020B0C21262F283D3A333408
:10C838004E49404752555C5B7671787F6A6D6463F8
:10C848003E39303722252C2B0601080F1A1D1413E8
:10C85800AEA9A0A7B2B5BCBB9691989F8A8D8483D8
:10C86800DED9D0D7C2C5CCCBE6E1E8EFFAFDF4F3C8
:10C878000000000000000000010203040607080988
:10C8880000000000010203040D0A0D0A0D0A0D0A3A
:10C898000D0000003E3E2041746865616E204D6FBA
:10C8A800746F7220436F6E74726F6C6C6572203C8B
:10C8B8003C0D00003E3E2056657273696F6E3A204B
:10C8C80025642E25642E2564203C3C0D0A000000BA
:10C8D8003E3E20496E76616C69642F756E696E699B
:10C8E8007469616C697A656420636F6E66696775DF
:10C8F800726174696F6E3B207573696E672052416F
:10C908004D2064656661756C7473202843414E2020
:10C9180052583D312054583D3029203C3C0D0000F0
:10C928003E3E204452563833323320636F6E666978
:10C938006775726174696F6E2F7265616462616395
:10C948006B206661696C65643B206D6F746F722043
:10C958006D6F64652072656D61696E73206C6F63BD
:10C968006B6564203C3C0D00436865636B696E67CA
:10C97800207068617365207369676E2C20706F6C16
:10C98800652070616972730D000000005068617362
:10C9980065206F7264657220636F72726563740DCF
:10C9A800000000005377617070696E6720706861DD
:10C9B8007365207369676E0D00000000506F6C6529
:10C9C8002050616972733A2025640D0A0000000046
:10C9D80053746172743A20252E3366202020456EE8
:10C9E800643A20252E33660D0A000000506F6C65EE
:10C9F800205061697273203E2025642C2072656D79
:10CA0800616C6C6F63206572726F725F6172725BCA
:10CA18005D2073697A652E0D0A00000053746172F7
:10CA280074696E67206F66667365742063616C2035
:10CA3800616E64206C696E656172697A6174696F90
:10CA48006E0D0000256420256420256420252E33E2
:10CA5800660D0A002564202025640D0A00000000E8
:10CA68006C6F6F705F636F756E743A20256C750D0F
:10CA78000A0000000A0D4641554C540A0D000000FA
:10CA88005644535F4F43500A0D0000004744460A7E
:10CA98000D00000055564C4F0A0D00004F545344EA
:10CAA8000A0D00005644535F48410A0D000000007B
:10CAB8005644535F4C410A0D000000005644535F32
:10CAC80048420A0D000000005644535F4C420A0DCC
:10CAD800000000005644535F48430A0D0000000060
:10CAE8005644535F4C430A0D0000000053415F4F0A
:10CAF800430A0D0053425F4F430A0D0053435F4FF3
:10CB0800430A0D004F54570A0D0000004350555674
:10CB18000A0D00005647535F48410A0D0000000007
:10CB28005647535F4C410A0D000000005647535FBB
:10CB380048420A0D000000005647535F4C420A0D58
:10CB4800000000005647535F48430A0D00000000EC
:10CB58005647535F4C430A0D0000000020436F6D99
:10CB68006D616E64733A0D00206D2020202D204DDC
:10CB78006F746F72204D6F64650D00002063202074
:10CB8800202D2043616C69627261746520456E6373
:10CB98006F6465720D00000020732020202D205343
:10CBA800657475700D00000020652020202D20443C
:10CBB8006973706C617920456E636F6465720D00EE
:10CBC800207A2020202D20536574205A65726F200A
:10CBD800506F736974696F6E0D0000002065736390
:10CBE800202D204578697420746F204D656E750D71
:10CBF800000000000D0A20436F6E66696775726158
:10CC080074696F6E204F7074696F6E73200A0D001F
:10CC18006D696E00706172616D6574657200000007
:10CC2800707265666978000020252D347320252DE3
:10CC380033317320252D357320252D367320252D6E
:10CC480032730D0A0000000063757272656E7420FD
:10CC580076616C75650000006D6178000D0A204DE5
:10CC68006F746F723A0D0000300000004765617202
:10CC780020526174696F00006700000020252D3480
:10CC88007320252D33317320252D357320252D361E
:10CC98007320252E33660A0D000000002D000000C9
:10CCA800546F7271756520436F6E7374616E742072
:10CCB800284E2D6D2F4129006B00000020252D34B2
:10CCC8007320252D33317320252D357320252D36DE
:10CCD8007320252E35660A0D000000000D0A20433A
:10CCE8006F6E74726F6C3A0D0000000031303000C6
:10CCF80043757272656E742042616E6477696474FC
:10CD0800682028487A2900006200000020252D3478
:10CD18007320252D33317320252D357320252D368D
:10CD28007320252E31660A0D0000000032303030A5
:10CD380000000000302E300043757272656E74205A
:10CD48004C696D6974202841290000006C000000BE
:10CD580036302E30000000004D617820506F736926
:10CD680074696F6E20536574706F696E74202872D1
:10CD780061642900700000004D61782056656C6F71
:10CD88006369747920536574706F696E74202872B2
:10CD98006164292F73000000760000004D6178203F
:10CDA800506F736974696F6E204761696E20284EF1
:10CDB8002D6D2F7261642900780000003130303009
:10CDC8002E3000004D61782056656C6F6369747968
:10CDD800204761696E20284E2D6D2F7261642F7374
:10CDE8002900000064000000352E3000465720431B
:10CDF800757272656E74204C696D697420284129BA
:10CE0800000000006600000033332E3000000000F0
:10CE180054656D70204375746F6666202843292019
:10CE28002830203D206E6F6E6529000068000000E4
:10CE380031353000436F6E74696E756F75732043BA
:10CE4800757272656E742028412900006300000025
:10CE580034302E300000000043616C6962726174E6
:10CE6800696F6E2043757272656E742028412900BF
:10CE78006100000032302E30000000000D0A20430F
:10CE8800414E3A0D0000000043414E204944000045
:10CE98006900000020252D347320252D333173209F
:10CEA800252D357320252D367320252D35690A0D3E
:10CEB800000000003132370043414E2054582049C9
:10CEC800440000006D00000043414E2054696D6528
:10CED8006F757420286379636C6573292830203D49
:10CEE800206E6F6E652900007400000020252D3427
:10CEF8007320252D33317320252D357320252D36AC
:10CF0800732025640A0D00003130303030300000C5
:10CF1800200A0D20546F206368616E6765206120C8
:10CF280076616C75652C2074797065202770726540
:10CF3800666978272776616C75652727454E5445BD
:10CF480052270A0D20652E672E2027623130303097
:10CF58002727454E544552270D0A200056414C5567
:10CF68004553204E4F542041435449564520554E71
:10CF780054494C20504F574552204359434C452162
:10CF8800200A0D0A0D000000455F5A45524F3A200D
:10CF98002564202025660D0A00000000436F6E6698
:10CFA800696775726174696F6E2073617665207246
:10CFB800656A65637465643B2070726576696F7530
:10CFC800732064617461207072657365727665643C
:10CFD8002E0D0000495F42572073657420746F203E
:10CFE80025660D0A0000000043414E5F4944207346
:10CFF800657420746F2025640D0A000043414E5F5C
:10D0080054585F49442073657420746F2025640D5B
:10D018000A000000495F4D41582073657420746F01
:10D028002025660D0A000000495F46575F4D4158AC
:10D038002073657420746F2025660D0A00000000B7
:10D0480043414E5F54494D454F55542073657420F4
:10D05800746F2025640D0A0054454D505F4D4158AA
:10D068002073657420746F2025660D0A0000000087
:10D07800495F4D41585F434F4E5420736574207487
:10D088006F2025660D0A0000495F43414C207365F7
:10D098007420746F2025660D0A0000004752207323
:10D0A800657420746F2025660D0A00004B542073A8
:10D0B800657420746F2025660D0A00004B505F4D83
:10D0C80041582073657420746F2025660D0A00008E
:10D0D8004B445F4D41582073657420746F2025665A
:10D0E8000D0A0000505F4D41582073657420746F1D
:10D0F8002025660D0A000000565F4D4158207365D3
:10D108007420746F2025660D0A0000000D0A202780
:10D11800256327204E6F7420612076616C69642036
:10D12800636F6D6D616E64207072656669780D0A53
:10D138000D0A00005A65726F20736176652072656A
:10D148006A65637465643B2070726576696F757390
:10D158002064617461207072657365727665642EEF
:10D168000D0000000A0D20205361766564206E656D
:10D1780077207A65726F20706F736974696F6E3A81
:10D18800202025640A0D0A0D000000005261773A3C
:10D19800202535640000000020204C696E6561720E
:10D1A800697A656420436F756E743A20253564008A
:10D1B800202053696E676C65205475726E3A25207D
:10D1C800342E33660000000020204D756C746920F1
:10D1D8005475726E3A2520352E3366002020456C32
:10D1E800656374726963616C3A2520352E33660075
:10D1F80020205475726E733A2520326400000000B6
:10D20800202056616C69643A25750000202053502F
:10D21800493A256C750000002020506172697479C4
:10D228003A256C7500000000202045463A256C75AB
:10D238000D0A0000000102060500000000000000C1
:10D248002975493CDF6EC93C6F0E173D3160493D79
:10D258008FA97B3D38F4963D6B0EB03D4721C93D03
:10D268005E2EE23DEC2FFB3D7F130A3E698C163E95
:10D2780076FD223EA5662F3E97CA3B3E4A29483E88
:10D28800807D543EDAC9603E560E6D3EF54A793EC1
:10D298003CBD823E0FD1883EA4DF8E3EFBE8943E23
:10D2A800C4EB9A3EFFE7A03EFCDEA63E6CCFAC3E48
:10D2B8004EB9B23EA29CB83E1878BE3EB24BC43EB0
:10D2C800BD18CA3EECDDCF3EED99D53E614FDB3E41
:10D2D80059FAE03EC39EE63EB038EC3E71C9F13ED5
:10D2E8005452F73EBBD0FC3E5322013FB2D7033F16
:10D2F800D387063FB532093F5AD80B3FC0780E3F57
:10D308004013113F82A8133FDF37163F55C1183F1E
:10D31800E5441B3F8FC21D3F543A203F8AAB223F52
:10D32800DB16253F9E7B273FD3D9293F7B312C3FF6
:10D33800ED812E3F79CC303FD00F333FF14B353F55
:10D348008481373FE2AF393F0AD73B3FFDF63D3F87
:10D35800130F403F9B20423F9E29443F132C463FDA
:10D368000326483FBD184A3F9B034C3FF3E54D3F1A
:10D3780016C14F3FB493513F745E533F5721553FF9
:10D388000EDB563F8F8D583FE3365A3FB2D75B3F8F
:10D39800A4705D3F69005F3F5188603F0C07623FA2
:10D3A8009A7C633FA3E9643F274E663F7EA9673FA7
:10D3B80050FC683F4E456A3FC6856B3F12BD6C3FC7
:10D3C80031EB6D3F23106F3F412B703FD93D713FCB
:10D3D8009D46723F3546733F9F3C743F3529753FE4
:10D3E8009E0C763F32E6763F9AB6773F2C7D783FA3
:10D3F800EB39793F7CED793F39977A3F22377B3F8C
:10D4080036CD7B3F75597C3F87DC7C3F1D557D3F82
:10D4180087C47D3F74297E3F34857E3F77D67E3F23
:10D428008E1E7F3F295C7F3FEF8F7F3F88BA7F3F0B
:10D43800A5DA7F3FEDF07F3F61FD7F3F0000803F31
:10D4480023F87F3F19E77F3F92CB7F3F37A67F3F87
:10D45800AF777F3FAB3E7F3FD2FB7E3F25AF7E3F1E
:10D46800A3587E3F4DF87D3F228E7D3F221A7D3F97
:10D478004E9C7C3FA5147C3F27837B3FD5E77A3FB2
:10D4880057437A3F0395793FDBDC783FDF1A783FD3
:10D49800B54F773FB77A763FE59B753FE5B3743F65
:10D4A800B9C2733FB9C7723F8BC3713F31B6703F82
:10D4B800029F6F3FA67E6E3F1D556D3F68226C3FF1
:10D4C80086E66A3F1FA2693FE353683F22FD663F35
:10D4D800349D653F1A34643F22C3623F5648613F1A
:10D4E800ACC55F3FD6395E3F7AA55C3F9A085B3F83
:10D4F8003563593F4AB5573F82FF553F8E40543FE9
:10D50800637A523FB4AB503F80D44E3F6FF54C3FE7
:10D51800280F4B3F5C20493FB329473FD42B453F59
:10D528001826433F7E18413FB0033F3FABE73C3FDF
:10D5380072C43A3F5B99383FB667363FDC2E343FBA
:10D54800CCEE313F2FA82F3F5C5A2D3FFB052B3FD8
:10D558000DAB283F9049263F2EE2233F9773213F8A
:10D5680019FF1E3FB6841C3FC5031A3F957D173F20
:10D57800D8F0143FDD5E123FFCC60F3F35290D3F42
:10D588002F860A3FECDD073F6A30053FAA7D023F40
:10D59800598BFF3E3012FA3E8A8EF43E0803EF3E66
:10D5A800096DE93EDDCDE33E8525DE3E4F75D83E6B
:10D5B8003CBDD23EFCFBCC3EDF32C73E3563C13EAC
:10D5C8005D8ABB3E47ACB53E05C5AF3E84D8A93E93
:10D5D80075E5A33E89EA9D3E60EA973EF7E4913EF1
:10D5E80002D98B3ECEC7853EB7627F3EF52D733E8E
:10D5F800B7EE663EFDA45A3E65534E3EF0F9413EF5
:10D608003D9B353E0E32293EA0C31C3EF44F103ED2
:10D618000AD7033EC4B1EE3DB9A5D53DA298BC3D9D
:10D628001B82A33D49658A3D6685623DD637303DFC
:10D63800F7C7FB3CC615973C5374C93B5374C9BB29
:10D64800C61597BCF7C7FBBCD63730BD668562BD2B
:10D6580049658ABD1B82A3BDA298BCBDB9A5D5BD2D
:10D66800C4B1EEBD0AD703BEF44F10BEA0C31CBEA2
:10D678000E3229BE3D9B35BEF0F941BE65534EBE04
:10D68800FDA45ABEB7EE66BEF52D73BEB7627FBE67
:10D69800CEC785BE02D98BBEF7E491BE60EA97BEBD
:10D6A80089EA9DBE75E5A3BE84D8A9BE05C5AFBEEF
:10D6B80047ACB5BE5D8ABBBE3563C1BEDF32C7BEEF
:10D6C800FCFBCCBE3CBDD2BE4F75D8BE8525DEBEA8
:10D6D800DDCDE3BE096DE9BE0803EFBE8A8EF4BE58
:10D6E8003012FABE598BFFBEAA7D02BF6A3005BF51
:10D6F800ECDD07BF2F860ABF35290DBFFCC60FBF5B
:10D70800DD5E12BFD8F014BF957D17BFC5031ABFE1
:10D71800B6841CBF19FF1EBF977321BF2EE223BF1B
:10D72800904926BF0DAB28BFFB052BBF5C5A2DBF08
:10D738002FA82FBFCCEE31BFDC2E34BFB66736BF63
:10D748005B9938BF72C43ABFABE73CBFB0033FBF79
:10D758007E1841BF182643BFD42B45BFB32947BF06
:10D768005C2049BF280F4BBF6FF54CBF80D44EBF1C
:10D77800B4AB50BF637A52BF8E4054BF82FF55BFCF
:10D788004AB557BF356359BF9A085BBF7AA55CBFD6
:10D79800D6395EBFACC55FBF564861BF22C362BF02
:10D7A8001A3464BF349D65BF22FD66BFE35368BF6A
:10D7B8001FA269BF86E66ABF68226CBF1D556DBF90
:10D7C800A67E6EBF029F6FBF31B670BF8BC371BF9D
:10D7D800B9C772BFB9C273BFE5B374BFE59B75BF64
:10D7E800B77A76BFB54F77BFDF1A78BFDBDC78BF73
:10D7F800039579BF57437ABFD5E77ABF27837BBFA5
:10D80800A5147CBF4E9C7CBF221A7DBF228E7DBF93
:10D818004DF87DBFA3587EBF25AF7EBFD2FB7EBF2C
:10D82800AB3E7FBFAF777FBF37A67FBF92CB7FBFAF
:10D8380019E77FBF23F87FBF000080BF61FD7FBF6E
:10D84800EDF07FBFA5DA7FBF88BA7FBFEF8F7FBFBC
:10D85800295C7FBF8E1E7FBF77D67EBF34857EBF93
:10D8680074297EBF87C47DBF1D557DBF87DC7CBF03
:10D8780075597CBF36CD7BBF22377BBF39977ABFBE
:10D888007CED79BFEB3979BF2C7D78BF9AB677BF2D
:10D8980032E676BF9E0C76BF352975BF9F3C74BFB4
:10D8A800354673BF9D4672BFD93D71BF412B70BFCE
:10D8B80023106FBF31EB6DBF12BD6CBFC6856BBF48
:10D8C8004E456ABF50FC68BF7EA967BF274E66BF3A
:10D8D800A3E964BF9A7C63BF0C0762BF518860BF2D
:10D8E80069005FBFA4705DBFB2D75BBFE3365ABFA4
:10D8F8008F8D58BF0EDB56BF572155BF745E53BF7F
:10D90800B49351BF16C14FBFF3E54DBF9B034CBF46
:10D91800BD184ABF032648BF132C46BF9E2944BFE3
:10D928009B2042BF130F40BFFDF63DBF0AD73BBF48
:10D93800E2AF39BF848137BFF14B35BFD00F33BF5A
:10D9480079CC30BFED812EBF7B312CBFD3D929BF15
:10D958009E7B27BFDB1625BF8AAB22BF543A20BF68
:10D968008FC21DBFE5441BBF55C118BFDF3716BFA7
:10D9780082A813BF401311BFC0780EBF5AD80BBF7F
:10D98800B53209BFD38706BFB2D703BF532201BF41
:10D99800BBD0FCBE5452F7BE71C9F1BEB038ECBE64
:10D9A800C39EE6BE59FAE0BE614FDBBEED99D5BE17
:10D9B800ECDDCFBEBD18CABEB24BC4BE1878BEBE21
:10D9C800A29CB8BE4EB9B2BE6CCFACBEFCDEA6BE41
:10D9D800FFE7A0BEC4EB9ABEFBE894BEA4DF8EBEF0
:10D9E8000FD188BE3CBD82BEF54A79BE560E6DBECB
:10D9F800DAC960BE807D54BE4A2948BE97CA3BBE7C
:10DA0800A5662FBE76FD22BE698C16BE7F130ABEA0
:10DA1800EC2FFBBD5E2EE2BD4721C9BD6B0EB0BD2C
:10DA280038F496BD8FA97BBD316049BD6F0E17BD17
:10DA3800DF6EC9BC297549BC00000000494E46008C
:10DA4800696E66004E414E006E616E0030003031E6
:10DA5800323334353637383941424344454600304D
:10DA6800313233343536373839616263646566007C
:10DA78002E004300504F53495800496E66696E693D
:10DA88007479004E614E005245454E54206D616CCC
:10DA98006C6F6320737563636565646564002F56F6
:10DAA8006F6C756D65732F646174612F6A656E6B39
:10DAB800696E732F776F726B73706163652F676E12
:10DAC800755F746F6F6C636861696E732F61726DD7
:10DAD8005F6275696C64732F61726D2D31352F73B8
:10DAE80072632F6E65776C69622D63796777696EEB
:10DAF8002F6E65776C69622F6C6962632F7374642B
:10DB08006C69622F64746F612E630042616C6C6F84
:10DB18006320737563636565646564002F566F6C75
:10DB2800756D65732F646174612F6A656E6B696EBC
:10DB3800732F776F726B73706163652F676E755F94
:10DB4800746F6F6C636861696E732F61726D5F6269
:10DB580075696C64732F61726D2D31352F73726323
:10DB68002F6E65776C69622D63796777696E2F6EA2
:10DB780065776C69622F6C6962632F7374646C6972
:10DB8800622F6764746F612D6765746865782E63AA
:10DB980000232D302B2000686C4C006566674546D5
:10DBA80047002F566F6C756D65732F646174612F14
:10DBB8006A656E6B696E732F776F726B73706163D2
:10DBC800652F676E755F746F6F6C636861696E73DC
:10DBD8002F61726D5F6275696C64732F61726D2D50
:10DBE80031352F7372632F6E65776C69622D637997
:10DBF8006777696E2F6E65776C69622F6C696263EF
:10DC08002F7374646C69622F6D707265632E630084
:10DC18002C2066756E6374696F6E3A2000617373A9
:10DC2800657274696F6E2022257322206661696CA3
:10DC380065643A2066696C6520222573222C206C65
:10DC4800696E65202564257325730A003400000079
:10DC5800CEFBFFFFCB030000010000000000000026
:10DC680035000000CEFBFFFFCB03000001000000E1
:10DC78000000000000000000BC89D897B2D29C3C8C
:10DC880033A7A8D523F649393DA7F444FD0FA5329B
:10DC98009D978CCF08BA5B25436FAC642806681142
:10DCA8000020202020202020202028282828282064
:10DCB800202020202020202020202020202020205C
:10DCC80020881010101010101010101010101010C4
:10DCD80010040404040404040404041010101010B4
:10DCE800101041414141414101010101010101017E
:10DCF80001010101010101010101010110101010D0
:10DD0800101042424242424202020202020202024F
:10DD180002020202020202020202020210101010A3
:10DD280020000000000000000000000000000000CB
:10DD380000000000000000000000000000000000DB
:10DD480000000000000000000000000000000000CB
:10DD580000000000000000000000000000000000BB
:10DD680000000000000000000000000000000000AB
:10DD7800000000000000000000000000000000009B
:10DD8800000000000000000000000000000000008B
:10DD9800000000000000000000000000000000007B
:10DDA8000000000005000000190000007D000000D0
:10DDB8000080E03779C34143176E05B5B5B893467F
:10DDC800F5F93FE9034F384D321D30F94877825A4B
:10DDD8003CBF737FDD4F1575000000000000F03F69
:10DDE800000000000000244000000000000059402E
:10DDF8000000000000408F40000000000088C34081
:10DE080000000000006AF8400000000080842E41F5
:10DE180000000000D01263410000000084D7974141
:10DE28000000000065CDCD41000000205FA0024247
:10DE3800000000E876483742000000A2941A6D42BC
:10DE4800000040E59C30A2420000901EC4BCD642AF
:10DE580000003426F56B0C430080E03779C341435A
:10DE680000A0D8855734764300C84E676DC1AB43D0
:10DE7800003D9160E458E143408CB5781DAF1544EE
:10DE880050EFE2D6E41A4B4492D54D06CFF08044C9
:10DE9800F64AE1C7022DB544B49DD9794378EA44DE
:10DEA800763C7935EF39EA3D763C7935EF39EABD8C
:10DEB8000000E0FE422EE63F0000E0FE422EE6BFF4
:10DEC800000000000000E03F000000000000E0BF8C
:08DED8000000000000000080C2
:08DEE0005022FF7F0100000049
:04DEE800510C0008D1
:04DEEC00290C0008F5
:10DEF000000E27070000000003000000E44500209A
:10DF000043000000000000000000000000000000CE
:10DF10000000000000000000000000000000000001
:10DF200043000000000000000000000000000000AE
:10DF300000000000000000000000000000000000E1
:10DF4000430000000000000000000000000000008E
:10DF500000000000000000000000000000000000C1
:10DF6000430000000000000000000000000000006E
:10DF700000000000000000000000000000000000A1
:10DF8000430000000000000000000000000000004E
:10DF90000000000000000000000000000000000081
:10DFA000430000000000000000000000000000002E
:10DFB0000000000000000000000000000000000061
:10DFC000430000000000000000000000000000000E
:10DFD0000000000000000000000000000000000041
:10DFE000CDBA00088DAB000800000000A8DC0008D6
:10DFF00078DA000853DC000853DC000853DC000822
:10E0000053DC000853DC000853DC000853DC000834
:10E0100053DC000853DC0008FFFFFFFFFFFFFFFF9A
:10E02000FFFFFFFFFFFF000001004153434949008C
:10E0300000000000000000000000000000000000E0
:10E040000000000000000000000041534349490067
:10E0500000000000000000000000000000000000C0
:10E06000000000000000000000000000800100200F
:10E0700000000000E44500204C460020B44600208B
:10E080000000000000000000000000000000000090
:10E090000000000000000000000000000000000080
:10E0A0000000000000000000000000000000000070
:0CE0B00000000000000000000000000064
:0400000508007D5D15
:00000001FF
