:020000040800F2
:100000000000012019720008A5560008A956000832
:10001000B5560008C1560008CD5600080000000083
:10002000000000000000000000000000D956000899
:10003000DD56000800000000E1560008E556000803
:100040006972000869720008697200086972000824
:100050006972000869720008697200086972000814
:100060006972000869720008697200086972000804
:1000700069720008697200086972000869720008F4
:1000800069720008697200086972000869720008E4
:10009000E956000869720008697200086972000870
:1000A0006972000805580008697200086972000842
:1000B00069720008697200086972000869720008B4
:1000C00069720008697200086972000869720008A4
:1000D0006972000869720008D15800086972000846
:1000E0008558000869720008697200086972000882
:1000F0006972000869720008697200086972000874
:100100006972000869720008697200086972000863
:100110006972000869720008697200086972000853
:100120006972000869720008697200086972000843
:1001300001F0FF01102A2BDB10F0070F08D010F898
:10014000013B013A8B422DD010F0070F42B3F6D19C
:10015000F0B441EA012141EA014122F007047FF0B5
:1001600000070023F0E80256083C85EA010586EA0C
:10017000010685FA47F5A3FA87F586FA47F6A5FA48
:1001800087F68EB9EED1F0BC01F0FF0102F0070254
:1001900032B110F8013B013A83EA010313B1F8D1FF
:1001A0000020704701387047002D06BF35460338E0
:1001B000073815F0010F07D1013015F4807F02BF19
:1001C000013015F4C03F0130F0BC0138704700BF6A
:1001D000034613F8012B002AFBD1181A0138704787
:1001E00081F0004102E000BF83F0004330B54FEAE8
:1001F00041044FEA430594EA050F08BF90EA020F55
:100200001FBF54EA000C55EA020C7FEA645C7FEAE7
:10021000655C00F0E2804FEA5454D4EB5555B8BF0A
:100220006D420CDD2C4480EA020281EA030382EA7B
:10023000000083EA010180EA020281EA0303362D0D
:1002400088BF30BD11F0004F4FEA01314FF4801CE0
:100250004CEA113102D0404261EB410113F0004FF2
:100260004FEA03334CEA133302D0524263EB4303A9
:1002700094EA050F00F0A780A4F10104D5F1200E47
:100280000DDB02FA0EFC22FA05F2801841F10001A2
:1002900003FA0EF2801843FA05F359410EE0A5F176
:1002A00020050EF1200E012A03FA0EFC28BF4CF0A7
:1002B000020C43FA05F3C01851EBE37101F000455D
:1002C00007D54FF0000EDCF1000C7EEB00006EEB6A
:1002D0000101B1F5801F1BD3B1F5001F0CD34908F4
:1002E0005FEA30004FEA3C0C04F101044FEA44524B
:1002F00012F5800F80F09A80BCF1004F08BF5FEAD2
:10030000500C50F1000041EB045141EA050130BDB1
:100310005FEA4C0C404141EB0101013C28BFB1F5C3
:10032000801FE9D291F0000F04BF01460020B1FA0E
:1003300081F308BF2033A3F10B03B3F120020CDAE1
:100340000C3208DD02F1140CC2F10C0201FA0CF0BF
:1003500021FA02F10CE002F11402D8BFC2F1200C24
:1003600001FA02F120FA0CFCDCBF41EA0C019040DA
:10037000E41AA2BF01EB0451294330BD6FEA040423
:100380001F3C1CDA0C340EDC04F11404C4F120020E
:1003900020FA04F001FA02F340EA030021FA04F320
:1003A00045EA030130BDC4F10C04C4F1200220FA77
:1003B00002F001FA04F340EA0300294630BD21FAB5
:1003C00004F0294630BD94F0000F83F4801306BF7B
:1003D00081F480110134013D4EE77FEA645C18BF6F
:1003E0007FEA655C29D094EA050F08BF90EA020F06
:1003F00005D054EA000C04BF1946104630BD91EAFE
:10040000030F1EBF0021002030BD5FEA545C05D100
:100410004000494128BF41F0004130BD14F580043F
:100420003CBF01F5801130BD01F0004545F0FE41B3
:1004300041F470014FF0000030BD7FEA645C1ABFE8
:10044000194610467FEA655C1CBF0B46024650EA1F
:10045000013406BF52EA033591EA030F41F400214B
:1004600030BD00BF90F0000F04BF0021704730B5D1
:100470004FF4806404F132044FF000054FF00001A6
:1004800050E700BF90F0000F04BF0021704730B567
:100490004FF4806404F1320410F0004548BF40423C
:1004A0004FF000013EE700BF42004FEAE2014FEA91
:1004B00031014FEA02701FBF12F07F4393F07F4F6C
:1004C00081F06051704732F07F4208BF704793F06F
:1004D0007F4F04BF41F40021704730B54FF4607482
:1004E00001F0004521F000411CE700BF50EA010285
:1004F00008BF704730B54FF000050AE050EA01022E
:1005000008BF704730B511F0004502D5404261EB9D
:1005100041014FF4806404F132045FEA915C3FF4DE
:10052000D8AE4FF003025FEADC0C18BF03325FEA7B
:10053000DC0C18BF033202EBDC02C2F1200300FA2C
:1005400003FC20FA02F001FA03FE40EA0E0021FA51
:1005500002F11444BDE600BF70B54FF0FF0C4CF43F
:10056000E06C1CEA11541DBF1CEA135594EA0C0FF1
:1005700095EA0C0F00F0DEF82C4481EA030621EA2C
:100580004C5123EA4C5350EA013518BF52EA033567
:1005900041F4801143F4801338D0A0FB02CE4FF019
:1005A0000005E1FB02E506F00042E0FB03E54FF049
:1005B0000006E1FB03569CF0000F18BF4EF0010E41
:1005C000A4F1FF04B6F5007F64F5407404D25FEA3D
:1005D0004E0E6D4146EB060642EAC62141EA5551F0
:1005E0004FEAC52040EA5E504FEACE2EB4F1FD0C32
:1005F00088BFBCF5E06F1ED8BEF1004F08BF5FEAB0
:10060000500E50F1000041EB045170BD06F0004661
:1006100046EA010140EA020081EA0301B4EB5C040E
:10062000C2BFD4EB0C0541EA045170BD41F4801106
:100630004FF0000E013C00F3AB8014F1360FDEBF2B
:10064000002001F0004170BDC4F10004203C35DA07
:100650000C341BDC04F11404C4F1200500FA05F38A
:1006600020FA04F001FA05F240EA020001F000422B
:1006700021F0004110EBD37021FA04F642EB0601A1
:100680005EEA430E08BF20EAD37070BDC4F10C04CB
:10069000C4F1200500FA04F320FA05F001FA04F28F
:1006A00040EA020001F0004110EBD37041F100017B
:1006B0005EEA430E08BF20EAD37070BDC4F1200586
:1006C00000FA05F24EEA020E20FA04F301FA05F2EE
:1006D00043EA020321FA04F001F0004121FA04F296
:1006E00020EA020000EBD3705EEA430E08BF20EA66
:1006F000D37070BD94F0000F0FD101F000464000A0
:1007000041EB010111F4801F08BF013CF7D041EA21
:10071000060195F0000F18BF704703F00046520025
:1007200043EB030313F4801F08BF013DF7D043EAF6
:100730000603704794EA0C0F0CEA135518BF95EAAC
:100740000C0F0CD050EA410618BF52EA4306D1D133
:1007500081EA030101F000414FF0000070BD50EA52
:10076000410606BF1046194652EA430619D094EADC
:100770000C0F02D150EA013613D195EA0C0F05D1C6
:1007800052EA03361CBF104619460AD181EA03011A
:1007900001F0004141F0FE4141F470014FF00000D2
:1007A00070BD41F0FE4141F4780170BD70B54FF06D
:1007B000FF0C4CF4E06C1CEA11541DBF1CEA1355ED
:1007C00094EA0C0F95EA0C0F00F0A7F8A4EB0504CF
:1007D00081EA030E52EA03354FEA013100F08880C6
:1007E0004FEA03334FF0805545EA131343EA12638F
:1007F0004FEA022245EA111545EA10654FEA002644
:100800000EF000419D4208BF964244F1FD0404F5FC
:10081000407402D25B084FEA3202B61A65EB030558
:100820005B084FEA32024FF480104FF4002CB6EB15
:10083000020E75EB030E22BFB61A754640EA0C0095
:100840005B084FEA3202B6EB020E75EB030E22BFD5
:10085000B61A754640EA5C005B084FEA3202B6EB16
:10086000020E75EB030E22BFB61A754640EA9C00D5
:100870005B084FEA3202B6EB020E75EB030E22BFA5
:10088000B61A754640EADC0055EA060E18D04FEA63
:10089000051545EA16754FEA06164FEAC30343EA03
:1008A00052734FEAC2025FEA1C1CC0D111F4801FD0
:1008B0000BD141EA00014FF000004FF0004CB6E7C9
:1008C00011F4801F04BF01430020B4F1FD0C88BF68
:1008D000BCF5E06F3FF6AFAEB5EB030C04BFB6EB73
:1008E000020C5FEA500C50F1000041EB045170BD66
:1008F0000EF0004E4EEA113114EB5C04C2BFD4EB93
:100900000C0541EA045170BD41F480114FF0000E16
:10091000013C90E645EA060E8DE60CEA135594EA92
:100920000C0F08BF95EA0C0F3FF43BAF94EA0C0F95
:100930000AD150EA01347FF434AF95EA0C0F7FF40A
:1009400025AF104619462CE795EA0C0F06D152EA5E
:1009500003353FF4FDAE1046194622E750EA410642
:1009600018BF52EA43067FF4C5AE50EA41047FF453
:100970000DAF52EA43057FF4EBAE12E74FF0FF3CB8
:1009800006E000BF4FF0010C02E000BF4FF0010C89
:100990004DF804CD4FEA410C7FEA6C5C4FEA430C02
:1009A00018BF7FEA6C5C1BD001B050EA410C0CBF51
:1009B00052EA430C91EA030F02BF90EA020F0020B3
:1009C000704710F1000F91EA030F58BF994208BF1A
:1009D00090422CBFD8176FEAE37040F001007047D7
:1009E0004FEA410C7FEA6C5C02D150EA013C07D12E
:1009F0004FEA430C7FEA6C5CD6D152EA033CD3D079
:100A00005DF8040B704700BF8446104662468C4672
:100A10001946634600E000BF01B5FFF7B7FF0028A5
:100A200048BF10F1000F01BD4DF808EDFFF7F4FFCE
:100A30000CBF012000205DF808FB00BF4DF808ED59
:100A4000FFF7EAFF34BF012000205DF808FB00BF7C
:100A50004DF808EDFFF7E0FF94BF012000205DF89E
:100A600008FB00BF4DF808EDFFF7CEFF94BF012053
:100A700000205DF808FB00BF4DF808EDFFF7C4FF4C
:100A800034BF012000205DF808FB00BF4FEA410C95
:100A90007FEA6C5C02D150EA013C0AD14FEA430C78
:100AA0007FEA6C5C02D152EA033C02D14FF00000B5
:100AB00070474FF0010070474FEA410212F50012F3
:100AC00015D211D56FF47873B3EB625212D94FEA95
:100AD000C12343F0004343EA505311F0004F23FA7F
:100AE00002F018BF404270474FF00000704750EAD4
:100AF000013005D111F0004008BF6FF00040704791
:100B00004FF00000704700BF4A0011D212F50012EA
:100B100011D20DD56FF47873B3EB62520ED44FEA55
:100B2000C12343F0004343EA505323FA02F07047D5
:100B30004FF00000704750EA013002D14FF0FF3013
:100B400070474FF0000070474FEA4102B2F1E043B6
:100B500024BFB3F5001CDCF1FE5C0DD901F0004CA4
:100B60004FEAC0024CEA5070B2F1004F40EB8300F4
:100B700008BF20F00100704711F0804F21D113F120
:100B80003872BCBF01F00040704741F480114FEA59
:100B90005252C2F11802C2F1200C10FA0CF320FAE2
:100BA00002F018BF40F001004FEAC1234FEAD323FF
:100BB00003FA0CFC40EA0C0023FA02F34FEA430369
:100BC000CCE77FEA625307D150EA01331EBF4FF0F2
:100BD000FE4040F44000704701F0004040F0FE400D
:100BE00040F40000704700BF0348044B834202D02A
:100BF000034B03B118477047CC010020CC01002003
:100C0000000000000548064B1B1AD90F01EBA30199
:100C1000491002D0034B03B118477047CC010020A4
:100C2000CC0100200000000010B5064C237843B929
:100C3000FFF7DAFF044B13B10448AFF30080012340
:100C4000237010BDCC010020000000001CBC000877
:100C500008B5054B1BB105490548AFF30080BDE859
:100C60000840FFF7CFBF00BF00000000D001002008
:100C70001CBC000808B5012005F096FD4FF4C060CB
:100C800005F068FD40F2026005F064FD40F203608B
:100C900005F060FD40F2046005F05CFD4FF4A060DB
:100CA00005F058FD40F2015005F054FD40F2197076
:100CB00005F050FD40F20E7005F04CFD40F20F7053
:100CC00005F048FD40F20B6005F044FD40F209607C
:100CD00005F040FD40F20A6005F03CFD40F20F6077
:100CE00005F038FDBDE8084040F2117005F032BD56
:100CF00070B504F097FCFFF7BDFF00F027FA01F094
:100D000009FC01F073FB00F035FC01F021FB01F060
:100D100047FB00F0C7FA00F0B3FB02F02FFBC54819
:100D200007F0D4FEC44807F0D1FE012300220221BF
:100D3000C24807F063FEC248062104F059FAC048D1
:100D400004F040FB002800F0AC81BE4DBE4C6B6946
:100D5000D4ED027A013304BF00236B612B690133A8
:100D600008BF0023F4EE677A08BF2B61F1EE10FA9A
:100D700080F19481BFEE007AF4EE477AF1EE10FA3A
:100D800000F08C81D4ED037AF4EE677AF1EE10FA7C
:100D900080F18181BFEE007AF4EE477AF1EE10FA2D
:100DA00000F07981D4ED067AF4EE677AF1EE10FA6C
:100DB00080F16E81BFEE007AF4EE477AF1EE10FA20
:100DC00000F066816B68D4ED077A013304BF01231C
:100DD0006B60AB68013304BF0023AB60EB68013389
:100DE00008BF4FF47A73F4EE677A08BFEB60F1EE58
:100DF00010FA80F11B81BFEE007AF4EE477AF1EE33
:100E000010FA00F01381D4ED087AF4EE677AF1EE6F
:100E100010FA80F10881BFEE007AF4EE477AF1EE25
:100E200010FA00F00081D4ED097AF4EE677AF1EE61
:100E300010FA80F1F580BFEE007AF4EE477AF1EE19
:100E400010FA00F0ED80D4ED127AF4EE677AF1EE4C
:100E500010FA80F1E280BFEE007AF4EE477AF1EE0C
:100E600010FA00F0DA80D4ED0A7AF4EE677AF1EE47
:100E700010FA80F1CF80BFEE007AF4EE477AF1EEFF
:100E800010FA00F0C780D4ED117AF4EE677AF1EE33
:100E900010FA80F1BB80BFEE007AF4EE477AF1EEF3
:100EA00010FA00F0B380D4ED0E7AF4EE677AF1EE2A
:100EB00010FA80F1A780BFEE007AF4EE477AF1EEE7
:100EC00010FA00F09F80D4ED177AF4EE677AF1EE15
:100ED00010FA80F19480BFEE007AF4EE477AF1EEDA
:100EE00010FA00F08C80D4ED187AF4EE677AF1EE07
:100EF00010FA80F18180BFEE007AF4EE477AF1EECD
:100F000010FA79D0D4ED147A5048514EF4EE677A45
:100F1000D4ED137AF1EE10FA64BF4E4B2365F4EE74
:100F2000677AD4ED167AF1EE10FA64BF4A4BE364A7
:100F3000F4EE677AD4ED157AF1EE10FA64BF474B00
:100F4000A365F4EE677AF1EE10FA64BF444B636573
:100F500002F0AEFC00214FF44472424807F0D7FD86
:100F60006A69A36AC6F8D82064202A69C6F8D42022
:100F7000B3663D4D04F078FB6421304603F07AFE01
:100F80003A494FF4007206F1DC0007F00DFE95E8D7
:100F9000070002F0CFF8002840F08B80344800F0C2
:100FA00009FB344800F020FB00221146282005F000
:100FB0007FFB01220021142005F07AFB0022012191
:100FC000192005F075FB00220221262005F070FB98
:100FD000294B062101221980DA7000244FF47A701F
:100FE00004F042FBAB880134002BF7D095E80700F2
:100FF000234601F0B5FFF1E7204B236682E7204B43
:10100000E36570E74FF07E53A3635CE74FF07E53D8
:10101000636448E71B4BA36235E7184BA36422E7E0
:10102000194B63620FE7194B2362FCE60023E3616F
:10103000E9E600BF50BD00085CBD00087CBD0008AB
:101040007837002090370020903B00207834002033
:101050005831002000004841000048C10000824291
:10106000000082C23C2E00204C310020A837002016
:10107000E8010020FC010020683400200000A040AE
:101080000000FA430000A841000060410000FA425D
:101090000023A36196E6094BE36083E6084BA36057
:1010A00070E60849084800F067FB084807F00EFDA5
:1010B0004BE6074807F00AFD70E700BF000020423A
:1010C00000007A44903B00209037002098BD000833
:1010D000E8BD000808B514484FF4006105F060FA57
:1010E0001248002105F066FD002211460F4805F068
:1010F000F9FE0E480022012105F0F4FE0B48002203
:10110000022105F0EFFE00221146084805F08CFE92
:1011100006480022012105F087FEBDE8084003488B
:101120000022022105F080BE00080140002C014091
:10113000024A136803431360FFF7CCBF903C0020C2
:10114000014B1868704700BF903C002010B5504814
:10115000012105F039FA4F48012105F035FA4E48D2
:101160004FF4A0530122182105F0C2F94A484FF468
:1011700000630122042105F0BBF94FF40043012272
:101180004648102105F0B4F944484FF4004105F0F9
:1011900005FA43484FF420430122182105F0A8F92D
:1011A0003F484FF480430122482105F0A1F94FF454
:1011B000805301223A48102105F09AF938484FF43B
:1011C000805105F0EBF935484FF4006302221021FD
:1011D00005F08EF94FF4805303223048042105F0C6
:1011E00087F92E484FF4006105F0DAF92B484FF4E7
:1011F000E0630322182105F07BF92748032304222A
:10120000002105F075F9264801230422002105F08C
:101210006FF921480C230422002105F069F91F48C9
:10122000F0230422002105F063F91B483023042237
:10123000002105F05DF94FF40053022216481021F9
:1012400005F056F914484FF4005105F0A9F9134878
:1012500004230122182105F04BF9082301220F482D
:10126000042105F045F901214FF4EA1005F0ACF92D
:101270000B484FF480730222482105F039F9BDE88C
:10128000104007484FF400730322182105F030B9CD
:101290000010200000023000001001400008014052
:1012A000000C014070B5714888B0002104F0CCFEFC
:1012B0006F4A704B01920024042503934FF400728F
:1012C0004FF400634FF48076029204930DEB050215
:1012D0004FF4805321466548ADF81C60CDE90553B5
:1012E0008DF81E4004F0CEFE2146604804F008FF51
:1012F00021465E4804F016FF5F4804F0FFFA5F489D
:1013000004F0FCFA4FF4803004F046FB31465A48B2
:10131000012204F051FB22465748022104F04CFB05
:1013200031465648012204F047FB22465348022129
:1013300004F042FB2146504804F066FB2A464E4822
:10134000012104F06BFB01224B48022104F066FBF3
:1013500021464A4804F058FB2A464848012104F037
:101360005DFB46480122022104F058FB234621463A
:101370004148062204F070FB23463F480F2201211A
:1013800004F06AFB23463C480722022104F064FB78
:10139000234639480822032104F05EFB23462146F8
:1013A0003648052204F058FB234634480E2201211A
:1013B00004F052FB23462A463048022104F04CFB3D
:1013C00023462E480C22032104F046FB2A484FF402
:1013D0006022012104F0ECFB01221146264804F0B2
:1013E000CBFB26484FF46022012104F0E1FB0122EF
:1013F0001146224804F0C0FB234621461E480B221A
:1014000004F082FB234621461C480A2204F07CFBA0
:1014100019484FF4E042022104F0CAFB16480122A9
:10142000022104F0A9FB15484FF4E042022104F028
:10143000BFFB01220221114804F09EFB0E4804F07C
:10144000A5FA0E4804F0A2FA0B4804F085FA0B48FE
:1014500004F082FA012004F007F9074804F084FA46
:10146000064804F081FA08B070BD00BF00000240D9
:101470004C240140983C00200024014000280140F9
:1014800070B5384888B0042104F0DEFD3649374A8B
:1014900001914FF48063012400254FF4807603927C
:1014A000049301AA4FF480532E4806930421ADF80B
:1014B0001C6002968DF81E50059404F0E3FD294847
:1014C000042104F01DFE0421264804F02BFE2848C8
:1014D00004F014FA22463146254804F06DFA2A46F3
:1014E0002348022104F068FA2946214804F08CFAC6
:1014F000224621461E4804F091FA22461C48022149
:1015000004F08CFA2B46294619480D2204F0A4FA5F
:10151000214617484FF4602204F04AFB2246214638
:10152000134804F029FB2B46294611480D2204F0EC
:10153000EBFA0F484FF4E042022104F039FB224657
:1015400002210B4804F018FB094804F01FFA084870
:1015500004F002FA204604F087F8054804F004FA83
:1015600008B070BD000402404C3C0140943C002097
:10157000003C014000B585B001A9002004F06EFBDD
:101580000A4804F059FB0A484FF48072CDE9010281
:101590004FF4802301A90548039304F091FB03480D
:1015A000022104F04DFD05B000BD00BF0064004005
:1015B0000000090300B5014687B0032004F04EFB8C
:1015C00001A9012004F04AFB00234FF480310122DD
:1015D00001A8CDE90133CDE903318DF8142004F0E1
:1015E00001FC07B000BD00BF00B583B0014601900B
:1015F000022004F033FB054A01999068086000233B
:1016000006228A724B600B8103B000BD9037002028
:10161000F0B52DED028B1E4D83B00446F0EE608ACE
:10162000B0EE418AD5ED130A95ED141A0191102000
:1016300003F096F995ED161AD5ED150A0746B0EEAA
:10164000680A0C2003F08CF9D5ED030A95ED0E7AAB
:10165000D5ED117A60EEC70A064660EEA70AB0EE35
:10166000480AB1EE601A0C2003F07AF903120199CE
:10167000E17203EB06137ABA3111E3730023A1730D
:10168000A28120746374A37403B0BDEC028BF0BD1F
:10169000903B002084B0F0B52DED028B83B00AACF6
:1016A00084E80F009DF836309DF835709DF839209C
:1016B0009DF83760BDF833002D4C9DF838E09DF85B
:1016C0003A10D4ED140A94ED130A0F9D9FED298A68
:1016D0004FEA032C1B0943EA07170CF470631E43FF
:1016E000130240BA120903F470630B4342EA0E126C
:1016F00080B210210092019303F046F985ED000AB3
:10170000D4ED160A94ED150A38460C2103F03CF985
:1017100085ED010AD4ED170A3046B0EE480A0C21D7
:1017200003F032F985ED020AD4ED180A00980C2175
:10173000B0EE480A03F028F985ED030A94ED030A98
:1017400094ED0E7AD4ED117A019820EE470A0C211F
:1017500020EE270AF1EE400A03F016F985ED040A9F
:1017600003B0BDEC028BBDE8F04004B0704700BF91
:10177000903B00200000000070B54FF480620C46E2
:101780000546002107F0C3F901264FF480720021BD
:10179000204607F0BCF96E60002300224FF47A76F1
:1017A000C5E904222A60AA60EE60154ADFED156AD9
:1017B0009FED157ADFED157AA3614FF07E51E3615D
:1017C0006363E3632364124BDFF858E0DFF858C02B
:1017D0001048A1636164A2640F49236522660F4B20
:1017E0000F4AC4ED026A84ED037AC4ED087AC4F8A6
:1017F00054E0C4F858C0E164E0656262A36270BD61
:101800000000A04000007A44000020420000FA429C
:10181000000048410000FA43000048C10000A84110
:1018200000006041000082C20000824270B50E4696
:101830001E49A0F1040E00F57F754FF0FF305EF8F1
:10184000044F4FF0000C24FA0CF3DBB2584008228E
:1018500040F300030B40013A83EA5000F8D10CF149
:10186000080CBCF1200FEED17545E8D10F49B64602
:1018700006F58075DEF800404FF0000C24FA0CF3FA
:10188000DBB25840082240F300030B40013A83EAE0
:101890005000F8D10CF1080CBCF1200FEED10EF184
:1018A000040EAE45E6D1C04370BD00BF2083B8ED45
:1018B0000368012B00F22C8243687F2B00F2288200
:1018C00083687F2B00F22482C368DE4A013B934287
:1018D00000F21E820369DFF8A4C34FF6FF721344BF
:1018E000634500F2158243691A44624500F2108292
:1018F000D1ED027A9FEDD47AF0EEE76AF4EE476A12
:10190000F1EE10FA00F20482DFEDDD6AF4EEE67A21
:10191000F1EE10FAC0F2FC81DFEDCC6AF4EEE67A6B
:10192000F1EE10FA00F2F481D1ED037AF0EEE76AFD
:10193000F4EE476AF1EE10FA00F2EA819FEDC47A04
:10194000F4EEC77AF1EE10FAC0F2E2819FEDC17AAF
:10195000F4EEC77AF1EE10FA00F2DA81D1ED064A20
:10196000DFEDB96AB0EEE47AB4EE667AF1EE10FA21
:1019700000F2CE81F5EEC04AF1EE10FAC0F2C88155
:101980009FEDB57AF4EEC74AF1EE10FA00F2C0818D
:1019900091ED077AB0EEC76AB4EE666AF1EE10FA1E
:1019A00000F2B681B5EEC07AF1EE10FAC0F2B08165
:1019B0009FEDB36AB4EEC67AF1EE10FA00F2A88198
:1019C00091ED087AB0EEC76AB4EE666AF1EE10FAED
:1019D00000F29E81F7EE006AB4EEE67AF1EE10FABC
:1019E000C0F29681DFED9D6AB4EEE67AF1EE10FA70
:1019F00000F28E8191ED095ADFED936AB0EEC57A5F
:101A0000B4EE667AF1EE10FA00F282819FED907AE0
:101A1000B4EEC75AF1EE10FAC0F27A819FED907AD7
:101A2000B4EEC75AF1EE10FA00F2728191ED0A7A23
:101A3000B0EEC76AB4EE666AF1EE10FA00F26881A1
:101A4000B7EE006AB4EEC67AF1EE10FAC0F2608129
:101A50009FED846AB4EEC67AF1EE10FA00F2588176
:101A600091ED0D7AB0EEC76AB4EE666AF1EE10FA47
:101A700000F24E81B5EEC07AF1EE10FAC0F2488164
:101A8000DFED7F6AB4EEE67AF1EE10FA00F2408103
:101A9000D1ED0E6A9FED6C7AB0EEE66AB4EE476A5D
:101AA000F1EE10FA00F234819FED6F6AF4EEC66A2F
:101AB000F1EE10FAC0F22C81B2EE046AF4EEC66ABE
:101AC000F1EE10FA00F22481D1ED0F6AB0EEE66A71
:101AD000B4EE476AF1EE10FA00F21A81F5EEC06A30
:101AE000F1EE10FAC0F214819FED606AF4EEC66A5E
:101AF000F1EE10FA00F20C81D1ED106AB0EEE66A58
:101B0000B4EE476AF1EE10FA00F20281F5EEC06A17
:101B1000F1EE10FAC0F2FC809FED556AF4EEC66A51
:101B2000F1EE10FA00F2F480D1ED116AB0EEE66A3F
:101B3000B4EE476AF1EE10FA00F2EA809FED4D7ABA
:101B4000F4EEC76AF1EE10FAC0F2E2809FED477A38
:101B5000F4EEC76AF1EE10FA00F2DA80D1ED126A03
:101B60009FED397AB0EEE66AB4EE476AF1EE10FA0C
:101B700000F2CE809FED366AF4EEC66AF1EE10FAFE
:101B8000C0F2C680B3EE046AF4EEC66AF1EE10FA53
:101B900000F2BE80D1ED135AF0EEE56AF4EE476A2A
:101BA000F1EE10FA00F2B480DFED336AF4EEE65A9B
:101BB000F1EE10FAC0F2AC80F5EEC05AF1EE10FA78
:101BC00000F2A68091ED146AF0EEC66AF4EE476A60
:101BD000F1EE10FA00F29C80B5EEC06AF1EE10FA58
:101BE000C0F296809FED214AB4EEC46AF1EE10FA7D
:101BF00000F28E80D1ED156AB0EE473AB0EEE67A8B
:101C0000B4EE437AF1EE10FA00F282809FED1A7A78
:101C1000F4EEC76AF1EE10FA7ADBF5EEC06AF1EE87
:101C200010FA75D891ED167AF0EEC73AF4EE433A11
:101C3000F1EE10FA6CD8B5EEC07AF1EE10FA67DB6F
:101C400020E000BF9F860100FFFF7F7F0000FA4475
:101C5000CDCCCC3D00007042000004420000164391
:101C6000000020420000804217B7D13800007A44BB
:101C70000050C3476F12833A00007AC4FEFF010090
:101C80000000C842B4EEC47AF1EE10FA40D8D1EDAB
:101C9000173AF0EEE32AF4EE432AF1EE10FA37D8C1
:101CA000F5EEC03AF1EE10FA32DBF4EEC43AF1EEA2
:101CB00010FA2DD891ED184AF0EE433AB0EEC43A3E
:101CC000B4EE633AF1EE10FA22D8B5EEC04AF1EE66
:101CD00010FA1DDB5FED163AB4EEE34AF1EE10FAAE
:101CE00016D8F4EEE47AF1EE10FA11DBF4EEC57AD0
:101CF000F1EE10FA0CDBF4EEC65AF1EE10FA07D54D
:101D0000F4EEC76AF1EE10FA4CBF012000207047D4
:101D10000020704730B5DFF83CC083B06045069DB9
:101D2000079C02D0002003B030BD0229FAD1B2F5E1
:101D3000A07FF7D1214628460193FFF777FD019B4D
:101D40009842EFD12146284603B0BDE83040FFF766
:101D5000AFBD00BF4154484E401A0028D4BF0020F8
:101D60000120704740B12AB15B1A002BD4BF00207C
:101D7000012070471046704782420CBF4FF0FF3081
:101D80000120704711B10AB1082B01D00020704723
:101D9000009BC01AB3F5006FB0FA80F04FEA501004
:101DA00028BF0020704700BF431E00F1060C13F847
:101DB000012FFF2A09D16345F9D1C279131DDBB286
:101DC000022B02D80A70012070470020704700BF24
:101DD00038B5C0F30D0444F4804440F44045204637
:101DE00009F0D6FE002814BF2846204638BD00BFA3
:101DF000084310B5C0F30D04204609F0C9FE44EABB
:101E0000C03080B210BD00BF10B5044609F0C0FE5E
:101E100028B914F4804F18BF6FF0010010BD4FF0C7
:101E2000FF3010BDC0F30D00C1F30D01401AB0F535
:101E3000005F03DDA0F5804000B2704710F5005F41
:101E4000B8BF00F5804000B2704700BF0378A52BF3
:101E500020D143785A2B1DD18378012B1AD1837955
:101E6000C3B910B5DFF838E00C46421E811D12F8E8
:101E700001CF83EA0C0391421EF80330F7D1C279F7
:101E80009A420AD1C3782370037963704379A370AF
:101E9000002010BD4FF0FF3070476FF0010010BD03
:101EA00038BC000890F800C06CF07F0C83F800C0CC
:101EB00090F801C083F801C0807898704FEA122C26
:101EC000D970100C110E1A7183F805C09871D97170
:101ED000704700BF70B58A4C0168236840F20172F8
:101EE0000133914288B0236006D1037A23B9437A43
:101EF00013B9827A082A04D0A3680133A36008B01A
:101F000070BD02A90B300093FFF7A0FF18B1E36882
:101F10000133E360F3E703F0BFFB7A49009B0A68F3
:101F2000821A132A03D8636901336361E7E76268A1
:101F300008609DF8081001326260032900F2F78101
:101F4000DFE801F0598310029DF80A100F2955D8D7
:101F5000DFE801F0969B99A3A19F9DB154ADA9A57F
:101F6000B7B354BB9DF80A20422A47D8DFE812F0E5
:101F7000C201BC01B60160015C0159015501460076
:101F800046004F01D601D301CD01C70149014001EF
:101F90003C013801E400BE00460046004600460011
:101FA0008200B000FF00F900B0008200FF00460090
:101FB00046004600460046004600460046004600F1
:101FC00046004600460046004600460046004600E1
:101FD00046004600460046004600460046004600D1
:101FE000F300ED00820032012C0125011E011701D2
:101FF0001001090102019DF80A2082B30123216921
:1020000001310022216103A90220CDE9002303F060
:1020100025FE00230493ADF8143040F2817303933E
:102020000823DDE9002102A88DF816300DF1170311
:10203000FFF738FF344803A903F04EFF032800F0F0
:102040007081A3690133A36159E79DF80A20042A2E
:1020500000F26F81DFE802F0030B070905002B4A4D
:10206000D1E72B4ACFE70F22CDE72A4ACBE74FF43F
:102070008032C8E7009300F075FD009B0246C2E77E
:1020800022680B46BFE7A268BDE76268BBE7A269AA
:10209000B9E76269B7E72269B5E7E268B3E71E4AC4
:1020A000D2F80023AFE71D4AD2F8FC22ABE71A4A68
:1020B000D2F8FC22A7E7E269A5E7174AD2F808237D
:1020C000A1E7154AD2F804239DE7154A12689AE75A
:1020D000144A9FED157AD2ED037A1449144AB4EEEE
:1020E000E77AF1EE10FAB8BF0A468CE71149D1F849
:1020F0003C2CD1F82C1C92B242EA014283E700BF8B
:10210000AC3C0020A83C0020006400404154484EF4
:1021100001E8030001D1E0A7583100207834002005
:10212000CC3C0020903B002000002042A000800218
:10213000A000C002002001407F49D1F8342CD1F822
:10214000381C92B242EA01425DE7009300F004FDC0
:10215000009B024657E7009300F0F8FC009B024604
:1021600051E7009300F0D6FE009B02464BE740F299
:10217000154248E70520009300F006FD009B02464B
:1021800041E70420009300F0FFFC009B02463AE781
:102190000320009300F0F8FC009B024633E7022086
:1021A000009300F0F1FC009B02462CE70120009315
:1021B00000F0EAFC009B024625E70020009300F0B7
:1021C000E3FC009B02461EE7009300F0D7FC009B57
:1021D000024618E7009300F0CBFC009B024612E792
:1021E000564AD2F8B4200EE7554AD2F818240AE726
:1021F000544991F8DE22002A00F09780D1F8E622B7
:1022000001E7514AD188128942EA0142FBE64B4973
:102210000A89C96842EA0142F5E64A4AD2F88020B2
:10222000F1E6484A926FEEE6464AD2F8E022EAE644
:102230004FF480514548009304F0BAF94FF400611F
:102240000646424804F0BAF93B493D4A031ED1F81C
:10225000440CC0F3C03ED2F81804D2F818C44FEAB8
:10226000401000F02005D2F81804D1F8202C4FEAD5
:10227000022202F4807218BF01232A4342EA430279
:10228000304B93F8DD32003B18BF012342EAC30212
:102290002A4B93F8F532003B18BF012342EA0312A0
:1022A000CCF3400C42EA8E02C0F3800042EA8C126A
:1022B00042EAC012D1F8200CD1F8201C009BC0F3D8
:1022C000001042EA4022C1F3002142EA8122002E9E
:1022D00008BF42F0010242F0004294E60093FEF78C
:1022E0002FFF009B02468EE6009303F0D5F9009B7A
:1022F000024688E611491346D1F8F82283E6124ACD
:102300005188928842EA01427DE60F4A518912883B
:1023100042EA014277E60C4AD26874E6074A128A1A
:1023200071E6E3690133E361E9E503236BE6042326
:1023300065E60B4663E600BF0020014078340020CC
:102340000060004058310020983C00200008014007
:1023500000B5114889B004F0D3FA9FED0D7B4FF41E
:1023600000724FF4827100234FF40060CDE9001336
:10237000CDE9020218236946074806938DED047BD8
:1023800004F0ECFA044804F003FB09B000BD00BF00
:1023900000000000010000000038004000000000C4
:1023A00000B5114889B004F0ABFA9FED0D7B4FF4F6
:1023B00000724FF4827100234FF40060CDE90013E6
:1023C000CDE9020210236946074806938DED047B90
:1023D00004F0C4FA044804F0DBFA09B000BD00BF01
:1023E0000000000001000000003C004070B54848BB
:1023F0008CB004F0DFFA08A8002404F051FB01259A
:102400004FF400134FF4FA6208A9414808930A9266
:1024100009948DF82C5004F04BFB3D4804F0A2FDCC
:1024200021463B4804F088FD2946394804F08CFDDC
:10243000374804F095FB01A804F0C6FB022601AA68
:10244000214633480394CDE9014604F0C3FB2146FD
:102450002F48602204F0C0FC21462D48042204F0DD
:1024600019FD21462A48082204F0ECFC22462146A8
:10247000274804F0D9FC01AA2946254804F0AAFB04
:1024800029462348602204F0A7FC2946204804225C
:1024900004F000FD29461E48082204F0D3FC224621
:1024A00029461B4804F0C0FC01AA3146184804F034
:1024B00091FB31461648602204F08EFC31461448E8
:1024C000042204F0E7FC31461148082204F0BAFC6B
:1024D000224631460E4804F0A7FC04A804F04EFB47
:1024E0004FF0005304A90A480694CDE90443ADF81F
:1024F0001C4004F049FB2146054804F05BFB2946DB
:10250000034804F033FB024804F024FB0CB070BD18
:10251000002C014008B50D4804F02AFD0B484FF48B
:10252000E13104F071FD0948042104F0ADFD0821FA
:10253000064804F0A3FD054804F09AFDBDE80840F4
:10254000024840F2053104F0B5BD00BF0044004030
:1025500038B50546E9B20C4804F09CFD41F201048F
:1025600001E0013C07D00848072104F09BFD00284A
:10257000F7D0284638BD054A13684FF0FF350133C0
:102580001360284638BD00BF00440040CC3C00200A
:10259000F0B52DED028B604D1446002687B02E60FD
:1025A0000A46217C0746002975D0E168DFED5B6AA9
:1025B0005B1A07EE903AF8EEE77AB7EE007A67EE2C
:1025C000A67AF4EEC77AF1EE10FAC4ED057A6ED46D
:1025D000F0EE006AF4EEE67AF1EE10FA00F1838094
:1025E000104601F0EDF994ED067A97ED038ADFEDE0
:1025F0004C6A8DED027A78EE477AF0EEE77AC6EE15
:10260000A77A17EE900AFDF74FFF41EC100B09F087
:1026100001F951EC100BFEF777FA9DED027A20706C
:10262000B4EEC87AF1EE10FA2FD401233D4884F8B5
:10263000203006F04BFA21783B4806F0DFF9A0691C
:10264000FDF732FF02460B4618EE100ACDE90223D1
:10265000FDF72AFFDDE90223CDE90001334806F04A
:10266000CDF994F820302B602378314907EE903A69
:10267000F8EE677A00220123C1ED0A7A227484F809
:10268000213007B0BDEC028BF0BD84F820602948F2
:1026900006F01CFACFE728480593029206F016FAD6
:1026A0000121059B2174029AE3600021616104F518
:1026B000005101F6884501F5496100231C48A360DB
:1026C0002B600B60806CC2F8A40004F53051C2F896
:1026D000A8302C31104601F0E5F9FB68A36107B082
:1026E000BDEC028BF0BD77EEC77A9FED0D7A04F555
:1026F000325367EE877A04F5305108332C31104697
:10270000C4ED027AC3ED007A07B0BDEC028BBDE8E0
:10271000F04001F0C7B900BF90370020D1CB0B3893
:10272000DB0FC9406CBE000884BE000898BE0008DC
:10273000903B002054BE000830BE00082DE9F04157
:10274000C24E96ED0A7A2DED028BF3EE057AB4EEC9
:10275000E77AF1EE10FA84B000F312811D46137C83
:1027600014460F468046002B00F0D880D3689FEDBA
:10277000B87AEB1A07EE903AF8EEE77AB7EE006A0D
:1027800067EE877AF4EEC67AF1EE10FAC2ED057ABA
:1027900000F1D2809FEDAF8A96ED0A7A67EE085A73
:1027A000C5EE886A76EE866AF4EEE67AF1EE10FA05
:1027B00078D4DFEDA96A27EE267AC7EE086A36EEEE
:1027C000867AF4EEC77AF1EE10FA00F1E28008465C
:1027D00001F0F6F8D6ED0A7ABDEEE77A17EE103A78
:1027E000002B40F3928104EB432303F1280204F110
:1027F0002801002351F8040F91420344FAD107EE57
:10280000103AB8EEC77A9FED956AE56A9FED938A14
:10281000DFED938A27EE866AD5F58035C7EE066A26
:1028200048BF05F2FF156D120027FDEEE66AC4ED04
:10283000076A07EE107AF8EEC75A67EE886A65EE07
:10284000A75A6FF03F0265EE885A002165EEA85A3C
:10285000B7EE005A13E036EEC56AB4EEC76AF1EE81
:1028600010FA03D537EE667AFDEEC77A17EE903A86
:1028700004EB83030132DB6A402A194433D007EEAC
:10288000902AF8EEE77A77EEA57AFDEEE77A17EE72
:10289000903A002BB8EEE77ADDDA37EE267AFDEED5
:1028A000C77AE3E7D2ED027A9FED6E7A77EE877A08
:1028B00002F53253084602F53051C2ED027A2C314E
:1028C000C3ED027A01F0EEF894ED057AD4ED0A7AC0
:1028D000B4EEE77AF1EE10FA00F3D08004B0BDEC6C
:1028E000028BBDE8F0810029B8BF7F317F2D4FEA10
:1028F000E1122946C8BFA5F18001E06901F68A23EB
:1029000004EB8303121A5A605748013706F076F831
:10291000802F2BD0D6ED0A7A01358AE753480393EE
:1029200006F0D4F8039BA38400236361012323747E
:102930004FF07E53E560A36204F532530022A2609B
:102940009A60B06CC7F8A40004F53051C7F8A8200D
:102950002C31384601F0A6F8D8F80C206369A26142
:10296000A36204B0BDEC028BBDE8F081002201231C
:10297000227484F8223004B0BDEC028BBDE8F081F3
:102980003B48152104B0BDEC028BBDE8F04106F0D8
:1029900035B8D2ED027A9FED337A77EEC77A0846E2
:1029A000C2ED027AB36CC1F8A4300023C1F8A8309C
:1029B00002F5325302F53051C3ED027A2C3101F0A9
:1029C00071F894ED057AD4ED0A7AB4EEE77AF1EE77
:1029D00010FA83DDA78C002F80D096ED0A7AD4ED13
:1029E000027ADFED256AD8F87430A06827EE087AFD
:1029F00067EEA66AC6EE877AFDEEE77A17EE902AB2
:102A00009B1ADD1305F480351D4404EB8703CDEDDF
:102A1000037AD96A0D4405EBD5756D10DD62FDF7BB
:102A200043FD2B46CDE90001039A1248394605F0D3
:102A3000E5FFD4ED0A7A9FED0A7AA38C77EE877AC8
:102A4000013BA384C4ED0A7A48E700BF903B002015
:102A5000D1CB0B38DB0FC940DB0F494100000043ED
:102A60000000003C5F975B391CBF0008E4BE000813
:102A7000B4BE00080CBF00080000804794ED026A55
:102A800096ED0A7A5FED046AD8F87430A78C66EE8A
:102A9000266A27EE087A16EE100AC6EE877AFDEE51
:102AA000E77A17EE902A9B1ADD1305F480351D4452
:102AB00004EB8703CDED037ADD62FDF7F5FC2B46D1
:102AC000CDE90001039A1248394605F097FF9FEDC2
:102AD000116A94ED0A7ADFED106AA38C37EE067A5C
:102AE000FFEE007A84ED0A7A96ED0A6A07EE103A54
:102AF000E6EE267AB8EEC77AB4EE677AF1EE10FA0F
:102B00003FF4ECAE0133A384E8E69FED047A7AE665
:102B10000CBF00080000003C000000430000000063
:102B2000024B1878003818BF01207047F03C002095
:102B3000044B1B7823B1044A136843F0010313606C
:102B4000704700BFF03C0020EC3C0020014B1868AF
:102B5000704700BFEC3C0020014B1868704700BF75
:102B6000E83C0020014B1868704700BFE43C00209F
:102B7000014B1868704700BFE03C0020014B18680B
:102B8000704700BFDC3C002005289DBF024B33F896
:102B9000100080B200207047D03C002070B5044681
:102BA0004FF6FF7384B03748218063804FF4805123
:102BB000164603F0F5FC00230393039B3F2B06D836
:102BC00000BF039B01330393039B3F2BF8D940F6CF
:102BD000010501E0013D40D02B48022103F0E4FE55
:102BE0000028F7D02188284803F0D8FE40F60105D8
:102BF00001E0013D40D02448012103F0D5FE00282A
:102C0000F7D0214803F0CCFE40F60105608001E0DA
:102C1000013D34D01C48802103F0C6FE0128F7D0C6
:102C200000230293029B3F2B4FF000051CD915484F
:102C30004FF4805103F0B2FC00230193019B3F2B22
:102C400006D800BF019B01330193019B3F2BF8D9AC
:102C500063883380284604B070BD4FF0FF350023F1
:102C60000293029B3F2BE2D800BF029B01330293E9
:102C7000029B3F2BF8D9DAE76FF00105EFE76FF021
:102C80000205ECE7000C0140003800402DE9F04F50
:102C9000002787B003ACCDE9037701943A4EDFF803
:102CA0000CA13A4C059780464FF001090DF10E0B2F
:102CB00014F8015B364BADF80A7043EAC5250DF1F7
:102CC0000A02A9B24046FFF769FF002849D03268DE
:102CD00042F004024FF000093260A2450BF1020BF2
:102CE000E6D1019C2B48002334F8022B20F8132056
:102CF0000133062BF8D12849DDF80E30C8F806302C
:102D00000B602649DDF81240BDF80E20BDF810001A
:102D10000C60234CBDF8161021600243BDF8123040
:102D2000BDF8144025D1C3F30A03A02B21D11D4BBC
:102D30009FED1D7AD3ED037AB4EEE77AF1EE10FA47
:102D4000ACBF4FF430734FF420739C4211D140F26A
:102D50001543994208BF09F1FF300AD107B0BDE819
:102D6000F08F5A46A9B24046FFF718FF0028AED1AF
:102D7000B3E7054A13684FF0FF3043F008031360D0
:102D800007B0BDE8F08F00BFEC3C0020FCC6000897
:102D90000080FFFFD03C0020E43C0020E03C00200D
:102DA000DC3C0020903B00200000204201C70008CE
:102DB00000B585B004AB03E907000B48002103F020
:102DC000F9FE4FF40061094803F0E8FB02F064FCEF
:102DD000074A0849084B08604FF0010C82F800C010
:102DE00000221A7005B000BD002C0140000801400F
:102DF000F93C0020F43C0020F83C002030B53E4B6C
:102E000089B001AC84E807001A780AB909B030BD6E
:102E10003A4A156802F040FC0A220146284602F0B0
:102E2000A3FB0028F2D0344B354800224FF48051E8
:102E30001A7003F0BDFB002858D094E8070005ABDA
:102E400003C341F2A1011A8005A80DF112020093FB
:102E5000FFF7A4FE2B4A9FED2C7AD2ED037A009B5C
:102E600094E80700B4EEE77AF1EE10FA0DF1140CD5
:102E7000ACE80300A8BF4FF44B511A80B8BF4FF421
:102E80004A510DF1120205A8FFF788FE94E80700E9
:102E9000009B0DF1140CACE803001A8042F61541BA
:102EA0000DF1120205A8FFF779FE2046FFF7EEFEAE
:102EB0000446D8B912484FF4805103F079FBA8B109
:102EC000124B1348012221461A7004F00BF801221C
:102ED00011460F4804F006F80D480122022104F0C3
:102EE00001F80B48012103F065FE8FE72020FEF773
:102EF0001FF909B030BD00BFF93C0020F43C0020B0
:102F000000080140903B002000002042F83C0020D7
:102F1000002C0140024B1878003818BF0120704780
:102F2000F83C002000B585B004AB03E90700084871
:102F3000002103F03FFE07484FF4006103F030FB2F
:102F40000549064A00230B70137005B000BD00BF91
:102F5000002C014000080140F93C0020F83C002012
:102F6000F0B589B001AC84E8070094E8070005AE2D
:102F700003C64FF40041328005A80DF112021F462E
:102F8000FFF70CFE94E8070005AB03C332804FF453
:102F900008410DF1120205A8BDF81250FFF7FEFD21
:102FA000BDF8124054EA05031FD12B0743D46F0725
:102FB00046D4AE0749D4ED074CD460054FD4A105E3
:102FC00052D4E20555D4230658D467065BD4A6062E
:102FD0005ED4E50661D4200764D4610767D4A207F4
:102FE0006AD4E3076DD409B0F0BD3B48394605F01B
:102FF00005FD6A056BD4AB0502D5384805F0FEFC2B
:10300000EF0502D5364805F0F9FC2E0602D5354805
:1030100005F0F4FC680602D5334805F0EFFCA9067C
:1030200002D5324805F0EAFCEA06BED5304805F084
:10303000E5FC2B07BBD52F4805F0E0FC6F07B8D5A2
:103040002D4805F0DBFCAE07B5D52C4805F0D6FCC5
:10305000ED07B2D52A4805F0D1FC6005AFD5294867
:1030600005F0CCFCA105ACD5274805F0C7FCE2056E
:10307000A9D5264805F0C2FC2306A6D5244805F0AC
:10308000BDFC6706A3D5234805F0B8FCA606A0D56D
:10309000214805F0B3FCE5069DD5204805F0AEFCBF
:1030A00020079AD51E4805F0A9FC610797D51D4851
:1030B00005F0A4FCA20794D51B4805F09FFCE3078C
:1030C00091D51A4809B0BDE8F04005F097BC184802
:1030D00005F094FC8FE700BF28BF000848BF000838
:1030E00054BF00085CBF000864BF00086CBF000844
:1030F00078BF000884BF000890BF00089CBF00088C
:10310000A8BF0008B4BF0008BCBF0008C4BF0008C7
:10311000CCBF0008D4BF0008DCBF0008E8BF00082F
:10312000F4BF000800C000080CC0000818C0000868
:103130003CBF00082DE9F04788B001AC84E80700E7
:10314000804E814ADFF83082804900233360C8F81E
:10315000003013607E4A13607E4A13601A4621F8DD
:1031600013200133062BFAD1FDF7B4FF7A4B9FED04
:103170007B7AD3ED037A7A4F7A48B4EEE77AF1EEB0
:1031800010FA4FF001034FF40061A8BF4FF003099C
:103190003B70B8BF4FF0020903F000FA0A2002F0BA
:1031A00063FA002304AA4FF400412046ADF8103022
:1031B000ADF81230ADF81430FFF7F0FC4FF40841D1
:1031C00005460DF112022046FFF7E8FC4FF40841D6
:1031D000824605AA2046FFF7E1FC45EA0A050543B9
:1031E00003D0336843F004033360BDF81420BDF806
:1031F000123043EA0243C8F80030D8F800301BB15F
:10320000336843F00203336094E8070005AD03C55B
:1032100041F2A1012A8005A80DF11202FFF7BEFCC0
:10322000514800F01FFB94E80700B9F1030F05AB0C
:1032300003C314BF4FF44A514FF44B512A8005A8E1
:103240000DF11202FFF7AAFC94E8070005AB03C3D7
:103250002A8042F615410DF1120205A8FFF79EFCE7
:1032600094E8070005AB03C341F2A1012A8005A839
:103270000DF11202FFF792FC012002F0F5F9394836
:103280004FF4805103F094F918B9336843F01003F8
:1032900033602046FFF7FAFC28B932484FF48051DA
:1032A00003F086F9E0B994E8070005AB03C341F2E7
:1032B000A1011A8005A80DF11202FFF76FFC012091
:1032C00002F0D2F927484FF4805103F071F918B396
:1032D0002046FFF7DBFCF8B9336823F008033360BE
:1032E00020484FF4805103F063F90446A8B11F4809
:1032F000002103F05FFC1B484FF4006103F050F91C
:103300001B4A1C4B002414701C703C70FDF7E2FE3D
:10331000204608B0BDE8F087002420203C70FDF76F
:1033200007FF1248214603F045FC0E484FF40061A8
:1033300003F036F90E4A0F4B14704FF0FF301C703B
:10334000E7E700BFEC3C0020E43C0020D03C00203C
:10335000E03C0020DC3C0020903B002000002042AC
:10336000F03C00200008014078340020002C01408F
:10337000F93C0020F83C0020E83C002008B50C2176
:10338000002003F063F94FF480500222002102F084
:10339000DBFEBDE808404FF4805002F02DBF00BFB7
:1033A000044A072928BF07210023C0E9012103702F
:1033B000704700BF00C0030810B5044602F022FFAA
:1033C00040F2073003F086F8606802F04FFF0123F7
:1033D000237010BD84B00DF1100C0CE907000298A9
:1033E000049900EB830004B002F0E0BF84B00DF15B
:1033F000100C0CE907000298049900EB830004B05C
:1034000002F0D4BF84B00DF1100C0CE90700029853
:1034100010EE101A00EB830004B002F0C7BF00BF2B
:1034200000B583B0019002F00DFF019800230370F6
:1034300003B000BD84B00DF1100C0CE9070051F889
:10344000230004B0704700BF84B00DF1100C0CE9EC
:10345000070051F8230004B0704700BF84B00DF19D
:10346000100C0CE9070001EB830292ED000A04B096
:10347000704700BF08B590ED167AD0ED186A1C4B66
:10348000F7EE007A2DED048B37EEC77A9FED199A8F
:10349000D0ED178A1968184827EE097A77EEE88A7E
:1034A00037EEE68AFCEEC77A17EE902AC9B903F028
:1034B000BBFC1148012168EE898AFCEEE87A17EE20
:1034C000902A03F0B1FC68EE097ABDEC048BFCEEA7
:1034D000E77ABDE80840084817EE902A022103F079
:1034E000A3BC012103F0A0FC03480021E3E700BFD7
:1034F000903700200000FA44002C014038B5484BBA
:103500001C680546002C7ED12146464802F074FB1B
:103510000346AB604448214602F06EFB0346414837
:10352000EB60022102F05AFB4048022102F056FBF8
:1035300040F6010401E0013C50D03A48042102F079
:103540006FFB0028F7D040F6010401E0013C45D0B4
:103550003648042102F064FB0028F7D031480421EA
:1035600002F064FB3148042102F060FB00212F4887
:1035700002F042FBAA68D5F89810EB68D5ED1C6AFA
:10358000DFED2B5A2861521A07EE102AD5F89C203D
:1035900007EE900A9B1AB8EEE76A07EE903AB8EE8B
:1035A000C77AF8EEE77A27EE267A67EEA67AD5F89C
:1035B000F83285ED067AF1EE476A26EE256A76EE58
:1035C000E76A0122013385F8F52285ED086AC5ED29
:1035D000077AC5ED056AC5F8F83238BD11480421EF
:1035E00002F024FB1148042102F020FBD5F8FC3244
:1035F0000022013385F8F522C5F8FC328020BDE8B1
:103600003840FDF795BD0021074802F0F5FA034662
:10361000AB600448002102F0EFFA03467FE700BFE9
:10362000903700200024014000280140003C014068
:103630001833533C00B52DED028B87B0CDE9021055
:10364000CDED050A8DED041A0192F0EE408A01F0ED
:10365000D5F9B0EE408AB0EE680A01F0A9F9F6EEAD
:10366000007A67EEC06ADFED175A9FED176A9DED8D
:10367000041ADDED050A03980299019A67EEC87AEB
:10368000B0EE667AA8EE257AE8EE656AF0EE675A43
:10369000E0EE065AE0EE467A21EE477A21EE400A45
:1036A00021EE661AA8EE200AA5EEA07AA7EEA01ACF
:1036B00080ED000A81ED007A82ED001A07B0BDECC2
:1036C000028B00BDD7B35DBFD7B35D3F00B52DED15
:1036D000028B87B0CDE90110CDED050A8DED041AFE
:1036E000CDED031AF0EE408A01F088F9B0EE408A81
:1036F000B0EE680A01F05CF9B6EE007A67EE486A4F
:1037000027EE407ADFED185A9FED186A9DED041AF6
:10371000DDED050ADDED031A02980199F0EE667AF7
:10372000B0EE475AA8EE065AE0EE257AA8EE467AA1
:1037300067EE817A21EE451AE0EE656AE8EE207ABE
:10374000A0EE601AE6EEA17AA7EE611A9FED086A74
:1037500067EE867A21EE061AC0ED007A81ED001A36
:1037600007B0BDEC028B00BDD7B35D3FD7B35DBFE3
:10377000ABAA2A3F00B52DED0A8BB0EE609A85B05A
:10378000F0EE418AF0EE40AAB0EE611AF0EE680A5F
:10379000B0EE490AB0EE618A0192CDE9021001F063
:1037A000A9F8B0EE481AF0EE680AB0EE40AAB0EE02
:1037B000490A01F087F83AEE00AAF6EE009AAAEE5E
:1037C000699ADFED24BA9FED24CA9FED24BA29EE51
:1037D000299AF0EE4C0A29EE2B9A89EE2A0A9FEDDF
:1037E000209A30EE0B0A01F05DF8F0EE490A01F084
:1037F00061F8EAEE698A039880ED000A68EEA98A0A
:10380000F0EE4C0A68EEAB8A88EEAA0A30EE0B0A9C
:1038100001F048F8F0EE490A01F04CF8AAEE698A86
:10382000029981ED000A28EE298AF0EE4C0A28EE72
:103830002B8A88EE2A0A30EE0B0A01F033F8F0EEFC
:10384000490A01F037F8019A82ED000A05B0BDEC93
:103850000A8B00BD3333933F00000000D7A3F03E36
:10386000D7A3703FF8B500238365C365036604469C
:10387000FFF700FE00264FF47A7537462046FFF723
:103880003DFED4E90223013D17441E44F6D1074B07
:1038900083FB0721FA17C2EBA11283FB0631F31752
:1038A000C3EBA113C4E92623F8BD00BFD34D6210BA
:1038B0002DE9F843344A354BDFED356ADFED355AF3
:1038C0002DED028BC267C0F8802093ED027A324A58
:1038D000C0F8842066EEC76AF7EE007AB0EE676A39
:1038E000A6EEA56A2D4ADFED2E6A1268C0F8C82040
:1038F00027EE267AC7EE866A80ED1D7A77EEE67AA5
:1039000080ED1E7AC0ED227A9FED267AD3ED037A00
:10391000F4EEC77AF1EE10FA33D8234BDFF89C901F
:10392000DFED228A9FED228A224F03674FF0804805
:1039300000F1F4050024002607EE904AF8EEE77A3D
:10394000013467EEA87AC7EE887A17EE900AFCF782
:10395000ABFD41EC100B07F003FD424651EC100BA0
:103960004B46FCF7F9FD32463B46FCF73FFCFDF7C2
:10397000EBF8802C45F8040BDED1BDEC028BBDE8E2
:10398000F8830D4BCAE700BFEC51383D903B002057
:10399000D1CB0B38DB0FC940BD74933B903700206F
:1039A00017B7D13800002042FFFFA43C000000BC44
:1039B0006F12033D0000F03FFFFF243D3333F33F20
:1039C00010B54FF47A7204460021114803F02CFA26
:1039D0000F484FF47A72012103F026FA4FF47A72FD
:1039E0000B48022103F020FA00230022C4F8A4307F
:1039F000C4F8A830E36323646364C4F89030C4F867
:103A00008C3063652365C4F8E830C4F8EC2010BD41
:103A1000002C014090ED397AD0ED387A90ED3A0AD9
:103A2000DFED1E0A77EEC77A90ED217A10B5A7EE8A
:103A3000270A82B0044680ED3A0A00F03BFF184B9B
:103A4000D3ED060AF1EE600A00F02CFF94ED3C7A0B
:103A500084ED3A0A60EE407A84ED290AE7EE077AAF
:103A6000F5EE407AF1EE10FA11D4F1EEE70A94ED9A
:103A70002A0ACDED010A00F01DFFDDED010AF1EE8D
:103A8000600A00F00FFF84ED2A0A02B010BDB0EE0C
:103A9000670A07F0B5FCF0EE400AE8E70000000016
:103AA000903B002030B52DED028B91ED170A4B6E47
:103AB000904D91ED186AD0ED071A90ED061AD0EDF1
:103AC000050AD1ED036A83B0436380ED0B0A95EDDF
:103AD000117AC6EE077A044600F140013C30C4ED8D
:103AE0000C7A95ED117AC6EE877AC4ED0A7AFFF763
:103AF000EDFD9FED815A94ED087ADFED805AD4ED0B
:103B0000097A94ED106AD4ED0F6A94ED114AD4ED60
:103B1000124A27EE057A26EE056AA7EEA57A04F189
:103B2000A80104F1A400DFED767A84ED097A67EE4E
:103B3000277A66EE856A9FED735AE4EEA56AA4EED5
:103B4000256A67EE857ADFED705A84ED116A67EEBB
:103B5000A57AC4ED126AC4ED387A95ED030A84EDB6
:103B60003C0A00F0DFFED4ED0F6AD4ED298A94ED13
:103B70001D7A94ED230ADFED657A94ED2A8AD4ED5F
:103B8000380A78EEE68AA7EE280A94ED107A30EE2D
:103B9000270A38EE478A84ED140A00F08BFED4ED34
:103BA000380AF1EE600A00F07DFED4ED1F6A94ED54
:103BB0001D7AD4ED237AD4ED380A84ED140A27EE69
:103BC000267AE7EE287AB0EE670AC4ED237A00F091
:103BD00071FED4ED380AF1EE600A00F063FED4ED18
:103BE000147AD4ED380A84ED230A67EEE77AE0EE22
:103BF000A07AF5EE407AF1EE10FA6FD4F1EEE78A92
:103C000094ED240AD4ED1E7AD4ED206AB0EE407A09
:103C1000A7EE887A67EEA67ADFED3C6AA7EE880AFF
:103C200077EE267A84ED240AC4ED157A00F042FE80
:103C3000D4ED380AF1EE600A00F034FEF0EE406A8E
:103C400094ED150A94ED147AC4ED246A60EE007ABE
:103C5000F0EE680AE7EE077AB1EEE77A84ED397A9A
:103C600000F028FEF1EE680A00F01CFEF0EE407A4B
:103C700004F1540194ED380AC4ED157A04F15000B2
:103C800000F050FEDFED227A94ED0D7A94ED0B0AF0
:103C900094ED151AD4ED140AA7EE270A04F16C026C
:103CA00004F1680104F16400FFF7C4FC04F158005A
:103CB000D4ED1B1A94ED1A1AD4ED190A94ED380AB2
:103CC00004F1600204F15C01FFF754FD204603B0EB
:103CD000BDEC028BBDE83040FFF7CCBBB0EE670A0D
:103CE000CDED010A07F08CFBDDED010AF0EE408A14
:103CF00086E700BF903B0020CDCCCC3D6666663F9A
:103D00003333933FD7A3703F3ACD133F00000000F9
:103D1000BAB1513890ED0A7AD0ED337AD0ED356AE8
:103D200090ED370A144BD0ED3C0A77EEC77A90ED50
:103D3000347AA6EEA70A10B5D0ED0C7AD0ED366A2B
:103D400037EE677AD3ED0E7AA6EE870A044693ED36
:103D5000117A67EE877A80EE270A00F0ABFDD4ED8A
:103D60003C0AF1EE600A00F09DFD002384ED2A0A72
:103D7000C4F8A43010BD00BF903B00200023C0F861
:103D8000DC30C0F8D430C0F8D830C0F8CC30C0F83F
:103D9000D030C0F8A830704708B50B4801F036FAAB
:103DA00070B1094801F066FA38B1074801F0C6FB66
:103DB000054801F007FB013808BD034801F0BEFBD0
:103DC0004FF0FF3008BD00BF7837002010B54FF42A
:103DD000805182B00A4802F0EBFB0446FDF7B0F9CF
:103DE000084A094B094992F8F52293F8DD3289888F
:103DF0000092221E18BF012201F0A4FB02B010BDE8
:103E00000008014078340020583100204C31002057
:103E100010B503780446052B0CD8DFE803F009033E
:103E20000C0B09090C4B186859681A89FFF77AF8C6
:103E30000123E37010BD084B0122C2701868596855
:103E40001A89FFF76FF80548FFF7BAFDBDE8104083
:103E50000248FFF793BF00BF4C31002078340020A8
:103E600008B50D4804F032FE0C4804F02FFE0C4853
:103E700004F02CFE0B4804F029FE0B4804F026FE4B
:103E80000A4804F023FE0A4804F020FEBDE808407A
:103E9000084804F01BBE00BF58BD000824C000083D
:103EA00030C0000844C0000860C0000870C00008AE
:103EB00088C00008A4C0000830B56C486C4C6D4D3B
:103EC00085B004F09BFD6C486C4B6D4A6D49CDE9A3
:103ED00000046D4C6D4804F091FD6D4804F0F6FD52
:103EE000606CFCF7E1FA6B4A6B4B0095CDE902017F
:103EF0006A496B4804F082FDA06BFCF7D5FA694A69
:103F0000654B0095CDE902016749684804F076FDEC
:103F1000674804F0DBFDA068FCF7C6FA654B664A0B
:103F20000093CDE90201654B6549664804F066FDE2
:103F3000E068FCF7B9FA644B644A0093CDE90201EA
:103F4000634B64495F4804F059FD206DFCF7ACFAFF
:103F50002B46CDE90201604A00956049594804F0BA
:103F60004DFDA06DFCF7A0FA2B46CDE902015C4A9D
:103F700000955C4953485C4D04F040FDE06DFCF752
:103F800093FA5A4B5A4A0093CDE90201504B5949D2
:103F90004C4804F033FD206EFCF786FA564B574A26
:103FA0000093CDE902014A4B5549464804F026FDED
:103FB000A069FCF779FA534B534A0093CDE902010B
:103FC000434B52493F4804F019FD206AFCF76CFA54
:103FD0004F4B504A0093CDE902012F4B4E493948CF
:103FE00004F00CFD606AFCF75FFA4C4B4C4A0093FE
:103FF000CDE90201364B4B49324804F0FFFCA06C7E
:10400000494CFCF751FACDE902014849304B484A86
:1040100000912C48474904F0F1FC474804F056FD54
:104020006368464A46494748CDE900531A4B04F0B5
:10403000E5FCA3680193444A174B44490095414865
:1040400004F0DCFCE068424B424A4349CDE90030D1
:10405000114B424804F0D2FC414804F0CFFC4148E7
:1040600005B0BDE8304004F0C9BC00BFBCC00008CA
:1040700010C1000864C1000820C10008D8C00008B1
:10408000DCC00008E8C00008903B0020F0C0000839
:1040900024C1000834C1000830C1000840C1000834
:1040A00044C1000868C1000880C1000884C100083C
:1040B000A4C10008F4C10008B8C10008B4C10008D8
:1040C000D0C10008D4C1000818C2000800C200080E
:1040D000FCC1000814C2000820C200083CC200084D
:1040E00040C2000860C200087CC3000884C2000807
:1040F00064C2000880C20008B0C200088CC2000878
:10410000ACC20008D0C20008B4C20008CCC200088B
:10411000F8C20008D8C20008F4C2000818C300089A
:10412000FCC2000814C30008903700203CC30008FC
:1041300020C3000838C3000844C3000850C3000867
:1041400058C300085CC3000880C300088CC3000883
:10415000D0C3000890C30008B0C30008B4C300086F
:10416000D8C3000824C4000800B5037883B0042B2A
:1041700028D8DFE803F0291D0827030003B05DF805
:1041800004EBFFF799BE0190FFF720FE002835D120
:1041900001901C48FFF714FC1B49019A088960F341
:1041A0000F020868496803B05DF804EBFEF700BE33
:1041B0000190FFF70BFE014658B1019A002101233F
:1041C0005170D37003B000BD03B05DF804EBFFF78E
:1041D00047BE0E480E4BC0F8D8104FF40072DC30CA
:1041E000A3F821101974019104F091FC064B019A77
:1041F0001889596860F30F021868D4E70148FFF77F
:10420000BDFDDAE7783400204C3100205831002021
:10421000100200202DE9F041037842789A420446CA
:1042200045D1022B1CD0052B12D0012B3DD1514A78
:1042300092F82130002B40D092F82230002B4AD146
:104240004D494E48D1F8B430BDE8F041FEF776BA9A
:10425000494B4A48D3F8B410BDE8F04100F014BF10
:10426000474B186859681A89FEF7C8FDFEF752FED9
:10427000D8B1444AD268002A71DD3F490D46D1F8D1
:10428000B8108A426DDBFFF7A1FD00285CD03C4BE3
:10429000186859681A89FEF745FE00236370E370B9
:1042A000D5F8B8300133C5F8B830BDE8F081FFF774
:1042B000AFFDE3784BB92378B3E72F492F48D1F806
:1042C000B430BDE8F041FEF763B96378237020464F
:1042D000FFF74AFFEFE7D369284E2A4F96ED1A7A87
:1042E0009FED290A7B615A4207EE902AF8EEE77AA1
:1042F000F7EE000A67EE877A1D4627EE800A07F080
:1043000003F8DFED227A60EE277A17EE900AFCF7C9
:10431000CBF80B46024629461D4804F06FFB1D49A9
:104320004FF4007206F1DC0004F03EFC19494FF432
:10433000007207F1180004F037FCFFF72DFDA0B95B
:1043400000236370E370B0E70B48FFF7E3FC0A4813
:10435000FFF760FB09490848FFF7A4FBA0E7064DFB
:1043600091E72846FFF70AFD91E70B4804F0AEFB02
:10437000E6E700BF1002002078340020583100200A
:104380004C3100209037002000008037DB0FC940FF
:1043900050C400083C2C002064C4000838B5417BA0
:1043A000A1F161030446172B19D8DFE813F02800A8
:1043B0004700660085001800A000BF00DA00F90081
:1043C000180004011F013E011800180049011800DF
:1043D0001800180068011800730118009201CF48F6
:1043E00004F00CFB251DFFF7D7FC002840F08C8162
:1043F000FFF762FD0023A38163606B6038BD051D7C
:10440000284602F032FF51EC100BFCF79DFBF3EE57
:10441000040A00EE100A07F041FBDFEDC10A07F0C5
:1044200015FBC04B10EE100A83ED120AFCF73CF8A6
:1044300002460B46BC4804F0E1FAD4E7051D2846C5
:1044400002F013FF51EC100BFCF77EFBDFEDB70A17
:1044500000EE100A07F022FBDFEDB50A07F0F6FACE
:10446000B04B10EE100A83ED020AFCF71DF802466D
:104470000B46B04804F0C2FAB5E7051D284602F025
:10448000F4FE51EC100BFCF75FFBDFEDAB0A00EE26
:10449000100A07F003FBDFEDA20A07F0D7FAA14BE1
:1044A00010EE100A83ED090AFBF7FEFF02460B46E9
:1044B000A24804F0A3FA96E7051D284602F0D5FEAF
:1044C00051EC100BFCF740FBDFED950A00EE100AF3
:1044D00007F0BCFA934B10EE100A83ED180AFBF7B5
:1044E000E3FF02460B46964804F088FA7BE7051D79
:1044F000284602F0BAFE51EC100BFCF725FBDFED6D
:10450000910A00EE100A07F0C9FADFED850A07F0FC
:104510009DFA844B10EE100A83ED060AFBF7C4FFE8
:1045200002460B46884804F069FA5CE7051D2846F8
:1045300002F09BFE51EC100BFCF706FBDFED830A4B
:1045400000EE100A07F082FA764B10EE100A83EDA7
:10455000110AFBF7A9FF02460B467D4804F04EFA0C
:1045600041E7051D284602F080FE51EC100BFCF7D8
:10457000EBFADFED780A00EE100A07F08FFADFEDB4
:10458000680A07F063FA674B10EE100A83ED080A19
:10459000FBF78AFF02460B466F4804F02FFA22E72A
:1045A000051D284602F064FE6C4B014659606C48BC
:1045B00004F024FA17E7051D284602F056FE51ECD8
:1045C000100BFCF7C1FADFED670A00EE100A07F0E6
:1045D0003DFA544B10EE100A83ED0E0AFBF764FF10
:1045E00002460B46604804F009FAFCE6051D284621
:1045F00002F03BFE51EC100BFCF7A6FADFED5B0A74
:1046000000EE100A07F04AFADFED450A07F01EFA3D
:10461000444B10EE100A83ED030AFBF745FF0246F8
:104620000B46534804F0EAF9DDE6051D284602F082
:104630001FFE4A4B014699604E4804F0DFF9D2E66E
:10464000051D284602F011FE51EC100BFCF77CFA18
:10465000DFED330A00EE100A07F0F8F9314BF1EE06
:10466000407A83ED140AC3ED137A10EE100AFBF7BB
:104670001BFF02460B46404804F0C0F9B3E6051D97
:10468000284602F0F5FD354B0146D9603B4804F061
:10469000B5F9A8E6051D284602F0E7FD51EC100B20
:1046A000FCF752FADFED1E0A00EE100A07F0CEF911
:1046B0001C4BF1EE407A83ED160AC3ED157A10EE2D
:1046C000100AFBF7F1FE02460B462D4804F096F95E
:1046D00089E6051D284602F0C8FD51EC100BFCF7D9
:1046E00033FADFED0F0A00EE100A07F0AFF90D4BB9
:1046F00010EE100A83ED170AFBF7D6FE02460B46B2
:10470000204804F07BF96EE61F4804F0DFF9FFF75C
:10471000D3FB0023A38163606B6038BDD4C5000860
:1047200000000000903B002050C500080000FA4443
:104730000000C8429CC400080000204238C50008A0
:1047400098C5000800000442F0C400086F12833AC4
:1047500064C500080000164320C5000890370020FB
:10476000B0C4000817B7D13874C500080000704203
:10477000DCC40008C4C40008ACC5000808C50008B3
:10478000C0C5000884C5000864C400081B2908B51A
:10479000034643D002785AB1042A08D10D2943D0E8
:1047A000027B002A3ED01044C17001321A7308BD4A
:1047B00063391729FBD801A252F821F05D4800089F
:1047C000AF4700087B480008AF470008AF47000824
:1047D000AF470008AF470008AF470008AF470008E1
:1047E000AF47000867480008AF470008AF47000818
:1047F000AF470008AF470008AF47000871480008FE
:10480000AF470008AF470008AF470008AF470008B0
:10481000AF470008AF470008314800080022427047
:10482000C27008BD4173C0E7BDE80840FFF7B6BDE0
:1048300017489FED180A0023C0F8D43000F0C8FADA
:104840001348154B826F1A61FFF7A6FA124BC8B9CD
:1048500019691248BDE8084004F0D0B801210022CF
:104860004170C27008BD022100224170C27008BDB3
:10487000042100224170C27008BD05210022417050
:10488000C27008BD064804F021F9034BE0E700BF01
:1048900058310020D1CB0B38903700202CC60008AF
:1048A000FCC50008B4EEE00AF1EE10FAD8BFB0EE95
:1048B000600A7047F4EEC00AF1EE10FAD8BFB0EE0D
:1048C000600A7047B4EEE00AF1EE10FA07DDB4EECC
:1048D000C10AF1EE10FAD8BFB0EE410A7047F4EE0B
:1048E000C10AF1EE10FAD4BFB0EE410AB0EE600A90
:1048F000704700BFB4EEE00AF1EE10FA07D5B4EE4F
:10490000C01AF1EE10FAD8BFB0EE410A7047B4EE0B
:10491000E01AF1EE10FAD4BFB0EE410AB0EE600A30
:10492000704700BFD1ED007A90ED007A67EEA77A6C
:10493000E7EE077AF1EEE76AF4EEC06AF1EE10FAFC
:104940000DDD27EE007AC7EE267AC0ED007AD1EDB4
:10495000007A20EE270AC0EE267AC1ED007A704771
:1049600001238340013B07EE903A30EE600AF8EEF7
:10497000E77A31EE601A67EE807A87EE817AFDEE93
:10498000C77A17EE900A704707EE900A012370EE7F
:10499000C00AF8EEE77A8B40013B27EEA07A07EEDB
:1049A000903AF8EEE77AC7EE276A36EE800A70474B
:1049B00000B5DFED0F0A83B0CDED010A06F0A4FCCF
:1049C000B5EEC00AF1EE10FA03D5DDED010A30EEC6
:1049D000200ADFED087A084B20EE270ABDEEC00A58
:1049E00010EE102A03EB820393ED000A03B000BD22
:1049F000DB0FC94083F9A24204C7000800B5DFED10
:104A0000117ADFED110A83B037EEC00ACDED010A4D
:104A100006F07AFCB5EEC00AF1EE10FA03D5DDED32
:104A2000010A30EE200ADFED097A094B20EE270A51
:104A3000BDEEC00A10EE102A03EB820393ED000ACC
:104A400003B000BDDB0FC93FDB0FC94083F9A242B1
:104A500004C7000870B5054684B035480E464FF4CB
:104A6000004101F09DFD00230393039B3F2B06D8DB
:104A700000BF039B01330393039B3F2BF8D940F600
:104A8000010401E0013C3ED02A48022101F08CFFE4
:104A90000028F7D02748294601F080FF40F601049E
:104AA00001E0013C3ED02348012101F07DFF0028B8
:104AB000F7D0204801F074FF40F60104308001E097
:104AC000013C32D01B48802101F06EFF0128F7D055
:104AD00000230293029B3F2B4FF000041AD9144885
:104AE0004FF4004101F05AFD00230193019B3F2B3D
:104AF00006D800BF019B01330193019B3F2BF8D9DE
:104B0000204604B070BD4FF0FF3400230293029B97
:104B10003F2BE4D800BF029B01330293029B3F2B43
:104B2000F8D9DCE76FF00104EFE76FF00204ECE77F
:104B300000080140003C0040F0B5064683B008463E
:104B40001746FDF745F9044643F6FF70FDF740F9B7
:104B500001A905462046FFF77DFF48BB0DF1060180
:104B60002846FFF777FF18BBBDF806402046FDF743
:104B70004BF9431CA6F8E0420BD0023012D0C4F32C
:104B80000D043C8001A92846FFF764FF80B903B0FB
:104B9000F0BDD6F800330133C6F800336FF00100E2
:104BA00003B0F0BDD6F804330133C6F80433F5E79B
:104BB000D6F8FC3201334FF48070C6F8FC32FCF7B3
:104BC000B7FA4FF0FF30E2E770B5002182B0064639
:104BD0000120FDF70DF9044643F6FF70FDF7F8F8E4
:104BE0000DF1060105462046FFF734FF38B90DF1F7
:104BF00006012846FFF72EFF08B902B070BDD6F8AF
:104C0000FC3201334FF48070C6F8FC32FCF790FAA6
:104C10004FF0FF30F1E700BF10B582B00DF1020296
:104C200043F6FC710446FFF787FFF0B901AA43F68B
:104C3000FD712046FFF780FFB8B90DF10602012192
:104C40002046FFF779FF80B9BDF80630BDF80210A5
:104C5000BDF80420A4F8EA32A4F8E612A4F8E82289
:104C6000012384F8DE3202B010BD00234FF0FF3084
:104C7000F7E700BF2DE9F04F044687B043F6FF7019
:104C80000E46FDF7A5F84FF0000807462046FFF74F
:104C90009BFF4645A4F8DD82A4F8EC8240F38380B4
:104CA0000123CDF8088003939A46C1460DF1160101
:104CB0003846FFF7CFFE90BB012E44D04FF0010BDA
:104CC00000250DF116013846FFF7C4FE48BBBDF8BC
:104CD000168001904046FDF797F8431C019AA4F80E
:104CE000E082C8F30D0C05F101053AD0023054D032
:104CF0000BF1010B5E45A4F8E2C284F8DDA2A4F832
:104D0000EC22DED11F2D1ED92046FFF785FFB0FA19
:104D100080F0400984F8DE0207B0BDE8F08F4FF064
:104D2000000BD4F8FC12B4F8EC2284F8DD920BF1FD
:104D3000010B0131013201235E45C4F8FC12A4F8D5
:104D4000EC220293BCD1039D032D1AD0142000F055
:104D50008BFC6B1C03930023A4F8DD32A4F8EC3227
:104D6000A4E7D4F800230132C4F800230BF1010BAF
:104D70005E454FF0000584F8DD92A2D1039D032D1E
:104D8000E4D1029A002384F8DD329A4214BF4FF432
:104D900080704020FCF7CCF9B6E7D4F80423013248
:104DA000C4F80423E2E70125032D4FF014000CD0D2
:104DB000013500F059FC4FF00003032DA4F8DD325B
:104DC000A4F8EC824FF01400F2D100230293D8E74C
:104DD00070B52DED028B044684B043F6FF70B0EE43
:104DE000408AFCF7F5FFD4F8F03201330DF10E01E3
:104DF000C4F8F032FFF72EFE002840F0C380BDF863
:104E00000E30019305461846FCF7FEFF019BA4F8FF
:104E1000E032421C00F00881023000F0DD80D4F85E
:104E2000F422C3F30D06002A40F0ED80002366F360
:104E30000F03D4ED016A012166F31F43B5000A4454
:104E4000C4F8E232002384F8DD12C4F8F422A4F896
:104E5000EC32C4ED026A4C2204F10C01656704F1E6
:104E60001000CDED016A03F039FE6B125A1C02F0FE
:104E70007F0204EB830304EB8202D3F8DC30D2F828
:104E8000DC209FED7B6ADDED016AC5F30801D21AD3
:104E900001FB02F203EB62232B447649A3670A6904
:104EA0009A1A07EE102ABAEEC87AFDEEC77AF8EE23
:104EB000E77A37EE677A27EE067AB5EEC07AF1EE3A
:104EC00010FA01D537EE067A4A6994ED1A6ADFEDD9
:104ED0006A5A9FED675A84ED017A9B1A07EE903A61
:104EE000F8EEE77A67EE867A67EEA57AFDEEE75A86
:104EF000F8EEE55A77EEE57A67EE857AF5EEC07A58
:104F0000F1EE10FA01D577EE857A77EE666ADFED7D
:104F10005B5AC4ED177AF4EEE56AF1EE10FA48DC5C
:104F2000DFED577AD4F8801094F8DC22F4EEE76ACB
:104F3000F1EE10FA4CBF012300230B44C4F880307B
:104F4000002A41D007EE903ADFED496AF8EEE77AA1
:104F500067EEA67A37EE277AD4ED166A84ED037AE7
:104F6000F3EE037A77EE666A68EE277A86EEA77A22
:104F700026EE076A84ED187A84ED196A04B0BDEC58
:104F8000028B70BDD4E9BE21B4F8EC32013101329C
:104F9000C4E9BE210020013384F8DD02A4F8EC321C
:104FA0004FF4807004B0BDEC028BBDE87040FCF79C
:104FB000BFB8D4F8801094F8DC224FF0FF330B44D4
:104FC000C4F88030002ABDD10123DFED2E7AC4F869
:104FD000802084F8DC32BDE7D4F804330133C4F810
:104FE0000433B4F8EC32D4F8F82201339BB2013226
:104FF0000021022BC4F8F822A4F8EC3284F8DD1268
:10500000BCD94020CEE7B4F8E4123046FCF70AFFE2
:1050100000F50070B0F5806F0CD8B4F8E432B342FC
:105020001DD0D4F8F42201E7D4F800330133C4F8DA
:105030000033D6E7B4F8EC32D4F80813D4F8F822E9
:1050400084F8DD5201339BB201310132022BC4F8E6
:105050000813C4F8F822A4F8EC328FD9D1E7D4F8B9
:105060000C33D4F8F4220133C4F80C33DEE600BF6D
:10507000DB0FC9409037002000008037DB0F49402C
:10508000DB0F49C00000000070B5224D2B6803F50E
:105090001C5310338B4200D970BD04460E46416F3D
:1050A0001D4803F0ABFCA16F1C4803F0A7FC60682F
:1050B000FBF7FAF902460B46194803F09FFCE0683B
:1050C000FBF7F2F902460B46164803F097FCE06D39
:1050D000FBF7EAF902460B46134803F08FFCD4F8BD
:1050E0008010124803F08AFC94F8DD12104803F097
:1050F00085FCD4F8FC120F4803F080FCD4F80013B0
:105100000D4803F07BFC0D48D4F8041303F076FC43
:105110002E6070BDFC3C002054C6000860C600082C
:1051200078C6000890C60008A4C60008B8C60008E3
:10513000C8C60008D4C60008E0C60008F0C60008CB
:1051400030B585B001AB83E807000E4D002401ABFC
:1051500093E807002346FEF76DF90134B4F5807F2C
:1051600045F8040FF3D1084D01AB93E8070023463F
:10517000FEF774F90134B4F5A07FA5EC010AF3D170
:1051800005B030BD8C370020903B002070B586B054
:1051900003AB83E8070003AA07CA4FF4A073FEF726
:1051A00053F903AA064640F2411307CAFEF74CF929
:1051B00003AA05464FF4A17307CAFEF745F90DF19E
:1051C0000C0C044640F243139CE80700FEF73CF940
:1051D000054A0192054A0092034622462946304676
:1051E000FCF798FD06B070BD903B00209037002082
:1051F00000B583B00190FEF7D3F801984168002212
:10520000FF23C0E90312838203B000BD30B5174904
:105210008BB004461648FCF74BFB0546E8B1237DEE
:10522000012B1ED900210B46E268637502EB010ECB
:1052300094E8070004AB83E807000DF1040CCDF8F7
:1052400014E08CE8070093E8070007AB83E8070049
:1052500084E807002046FEF7AFF82846A5750BB096
:1052600030BD013303F00103D902DDE7903B00209C
:1052700090370020F0B5837D83B005462BB900241C
:1052800000232046AB7503B0F0BD48494848FCF701
:105290000FFB0028F3D045494548464EFCF7C6FAB7
:1052A0000024074656F8043F95E80700009323467C
:1052B0000134FEF78FF8B4F5807FF3D13B4EB6ECA6
:1052C000010A234695E807000134FEF79BF8B4F580
:1052D000A07FF4D10223009395E8070040F2411328
:1052E000FEF784F8009495E807004FF4A173FEF7E9
:1052F0007DF8009795E8070040F24313FEF776F833
:105300002A690132009295E807004FF4A273FEF774
:105310006DF8294B009395E807002346FEF766F8E1
:10532000234926484FF4806203F03EFC1F4924487D
:105330004FF4807203F038FC95E80700FFF700FF98
:1053400095E80700FFF722FF044660B91B4918489B
:105350004FF4806203F028FC194914484FF480721E
:1053600003F022FC8BE795E807004FF4A273FEF7E9
:105370006BF82B69114907464FF480620C485E1C9C
:1053800003F012FC0E4909484FF4807203F00CFC44
:10539000B7427FF474AF2B696A7D2A7501332B61A4
:1053A00020460023AB7503B0F0BD00BF903B00204A
:1053B000903700208C3700204154484E003E00209A
:1053C000003D00202DE9F04F93B006460DF10C088A
:1053D00000274FF0FF0A0CAD09AC0DF1100996E85B
:1053E00007000DF13C0C8CE80700F36803EBC723C2
:1053F000109385E807009CE8070084E80700FFF7A2
:105400009FFE94E80700FFF7C1FE4FF4A27388F8EF
:105410000000834694E80700FEF716F849F82700D5
:105420000346002F41D0BBF1000F02D0BAF1FF0FAD
:1054300054D1059B9DF80D2004999DF80C00FCF7B4
:1054400091FC002859DB5FFA80F8B8F1FF0F54D0C7
:10545000B8F1000F56D1354935484FF4806203F05A
:10546000A3FB344934484FF4807203F09DFBF2688B
:1054700086F8148002EBC82796E8070085E8070045
:105480000D9784E8070095E807000FAC84E8070053
:105490000DEB880394E807001B693361012386E85C
:1054A0000700184613B0BDE8F08FBBF1000F10D015
:1054B0001F491E4801934FF4806203F075FB1E499B
:1054C0001C484FF4807203F06FFBBAF1FF0F04D158
:1054D000BA4608F10108012781E7019B18460DEB48
:1054E0008A031969FCF738FC08B15FFA87FA002FC4
:1054F0009FD108F10108012771E70023184613B076
:10550000BDE8F08FF26802EBC82396E807000DF1C2
:105510003C0C8CE80700109385E807009CE8070026
:1055200006AF87E80700FFF70BFEA0E7003E00206C
:1055300090370020003D0020903B00200023837521
:10554000FDF76EBF9DF800C030B949B932B14BB11B
:10555000844508BF0520704701207047032070472D
:105560000220704704207047081A904234BF002080
:10557000012070470120704708B503F0E3FA1623B5
:1055800003604FF0FF3008BD08B503F0DBFA1623C7
:105590000360FEE770B5161E07DD0C468D19AFF3EC
:1055A000008004F8010BA542F9D1304670BD00BF60
:1055B00070B5161E07DD0C468D1914F8010BFCF7AB
:1055C000C7FFA542F9D1304670BD00BF4FF0FF3094
:1055D000704700BF4FF400534B600020704700BF7E
:1055E00001207047002070470C4A08B5136833B19A
:1055F00018446946884208D81060184608BD084B10
:105600001360184469468842F6D903F09BFA0C23CC
:1056100003604FF0FF33184608BD00BF0042002072
:10562000604300200D4B0E4A1B68A2FB03239B091D
:10563000013BB3F1807F00D3FEE74FF0E022094940
:105640005361F02081F823004FF0000C0720102355
:10565000C2F818C0106181F82330704700000020A4
:10566000D34D621000ED00E0024A10601368002B79
:10567000FCD17047084200200549064A0B680133F7
:105680000B60136813B11368013B1360704700BFD0
:105690000442002008420020014B1868704700BFF8
:1056A00004420020704700BF08B50220FBF740FD10
:1056B000FEE700BF08B50420FBF73AFDFEE700BF98
:1056C00008B50820FBF734FDFEE700BF08B5102041
:1056D000FBF72EFDFEE700BF704700BF704700BF1D
:1056E000704700BFFFF7C8BF70B53D4C3D4884B060
:1056F0002246002100F044FC206840F201739842E9
:1057000005D1A36823F07F43B3F5002F58D0364D61
:10571000627A217A6B680093B2FA82F2B1FA81F16F
:10572000A37A52094909FCF72DFB08B904B070BDF2
:105730002E4A2F492F4B92ED0E7A91ED111AD2ED90
:10574000117AD3ED180A93ED030A29792A4821EE3C
:10575000071AC0EEA70A80EE270A21EE271AFBF7E8
:1057600057FF25491F4800F0B7FB244803A9FCF761
:105770001BFB054688B19DF80C30FD2B1BD0FE2B82
:1057800006D0FC2BD2D11E486D21FEF7FFFFCDE7DE
:105790001B487A21FEF7FAFFC8E7154E236906F188
:1057A000CC02CDE9003294E80F00FBF773FFC6F896
:1057B000B85004B070BD12481B21FEF7E7FFB5E7F3
:1057C00003A904F10B00FCF741FB18B99DF80C305C
:1057D000032B01D920689AE72046FCF77BFBA5E75D
:1057E000E80100200064004090370020903B00203A
:1057F0007834002058310020FC010020F301002003
:1058000068340020012110B5174801F0B3F9174999
:105810000B88013343F697229BB2934212D80B8038
:10582000134C2046FDF76AFE9FED120A1248FFF75F
:10583000CFFA1248FEF7EEFCD4F8B4300133C4F8C6
:10584000B43010BD0E4B1A7800200880B2FA82F2F4
:1058500000F18040520900F588304FF400511A7071
:1058600000F0A0FEDCE700BF002C01400E4200204B
:1058700078340020D1CB0B38583100206834002018
:105880000C42002008B54FF4805000F0B5FC0E48E3
:105890004FF4805100F08CFE00B108BDFDF740F9D7
:1058A00068B909484FF4006100F088FE0028F4D080
:1058B0002020FBF73DFC054B01229A8008BDBDE886
:1058C0000840FDF735B900BF000801404C31002009
:1058D00008B50749074801F0F9FB00B908BD0548BC
:1058E00001F0DCFBBDE80840C1B20348FEF74EBF43
:1058F00005030500004400406834002008B5154B3E
:1059000098421BD003F5A05398420DD0A3F5C05385
:1059100098421DD140F2093000F02AFFBDE808404E
:1059200040F2093000F032BF40F20F3000F020FFAB
:10593000BDE8084040F20F3000F028BF40F20A30C6
:1059400000F016FFBDE8084040F20A3000F01EBF2C
:1059500008BD00BF002801408368DB0703D48368CB
:1059600043F0010383607047826842F0080200F14F
:10597000080382601A681107FCD4826842F00402AE
:1059800082601A685207FCD4704700BF836843F4F2
:1059900080738360704700BF064BD3F8042422F461
:1059A0007022C3F80424D3F804240243C3F8042467
:1059B000704700BF0020014001F480738AB11BB121
:1059C000436843F4807343604B0503D5436843F455
:1059D00080634360890715D5836843F002038360C1
:1059E00070471BB1436823F4807343604A0503D5B5
:1059F000436823F4806343608B0703D5836823F0F7
:105A000002038360704700BF836819B143F40063E9
:105A10008360704723F400638360704701290ED0D0
:105A2000022900D07047836B23F440138363013A4B
:105A3000836B120502F440121A4382637047C36AF3
:105A400023F47003C362013AC36A120502F47002C0
:105A50001A43C262704700BF052900B52ED8D0F89E
:105A600034C001EB81014FF01F0E0EFA01FE2CEA4B
:105A70000E0C02FA01F141EA0C014163092A0DD82A
:105A8000016902EB42024FF0070C0CFA02FC21EA1A
:105A90000C0103FA02F20A43026100BD112AFCD88C
:105AA0000A3AC16802EB42024FF0070C0CFA02FC02
:105AB00021EA0C0193400B43C36000BD0B2910D8B1
:105AC0000639D0F830C001EB81014FF01F0E0EFAFD
:105AD00001FE2CEA0E0C02FA01F141EA0C0101630D
:105AE000CCE70F29CAD80C39D0F82CC001EB8101C2
:105AF0004FF01F0E0EFA01FE2CEA0E0C02FA01F115
:105B000041EA0C01C162B9E7D0F838C00331CCF3E7
:105B1000015CA1EB0C0101EB81014FF01F0C00B502
:105B20000CFA01FED0F838C002FA01F12CEA0E0C92
:105B300041EA0C01092A81630DD8016902EB420296
:105B40004FF0070C0CFA02FC21EA0C0103FA02F2F6
:105B50000A43026100BD112AFCD80A3AC16802EB6F
:105B600042024FF0070C0CFA02FC21EA0C019340B0
:105B70000B43C36000BD00BF01F001035AB11BB16C
:105B8000836843F4801383608A070FD5836843F4E6
:105B90000043836070471BB1836823F480138360E4
:105BA0008B0703D5836823F400438360704700BFED
:105BB00001290AD0022900D07047836823F4E0430A
:105BC00083608368134383607047836823F4602392
:105BD0008360836813438360704700BFCA0703D59F
:105BE000836843F4800383608B0703D5836843F4A1
:105BF00000138360704700BF03290FD8DFE801F06E
:105C00000B080502806C80B27047406C80B2704710
:105C1000006C80B27047C06B80B270470020704744
:105C200003680B4214BF012000207047036823EA79
:105C300001030360704700BF08B5074B984200D0CE
:105C400008BD40F2194000F093FDBDE8084040F265
:105C5000194000F09BBD00BF0064004029B103283B
:105C60002CD8DFE800F00E182103FEE70023C1F86E
:105C70000B30C1F80F308B724B60CB740B810B6013
:105C80007047002340F2FF304FF4003248810B810F
:105C90000A604B60704700234FF480320B740B6036
:105CA0004B608B60CA6070470023C1F80B30C1F8AD
:105CB0000F308B724B600B810B607047FEE700BFAB
:105CC000036823F0020300B503600368844643F0D1
:105CD00001034CF8043B4368DB07864608D44FF6C3
:105CE000FF7301E0013B03D0DCF80020D007F9D5B9
:105CF000DEF8040010F0010070D04B788A781B06A3
:105D0000120402F4702203F0407313430A7843EA4A
:105D10008273CA78120502F4E00213434A89013AF9
:105D2000C2F309021343CEF81C300B79012BDEF8C5
:105D300000300CBF43F0800323F08003CEF8003026
:105D40004B79012BDEF800300CBF43F0400323F009
:105D50004003CEF800308B79012BDEF800300CBF09
:105D600043F0200323F02003CEF80030CB79012B41
:105D7000DEF800300CBF43F0100323F01003CEF820
:105D800000300B7A012BDEF800300CBF43F0080323
:105D900023F00803CEF800304B7A012BDEF80030F8
:105DA0000CBF43F0040323F00403CEF80030DEF808
:105DB000003023F00103CEF80030DEF80430DA07BB
:105DC0000DD54FF6FF7000E040B1DCF80030DB0786
:105DD00000F1FF30F8D4003818BF012000BD0120C9
:105DE00000BD00BF3B494389D1F8002642F00102C3
:105DF00000B5C1F80026D1F81CC6B0F80EE00122AB
:105E00009A402CEA020CC1F81CC6BEF1000F45D125
:105E1000D1F80CC603F100632CEA020CC1F80CC6E1
:105E200003F6C843B0F806C04188DB0041EA0C41E4
:105E3000B0F804C01960018841EA0C4159608389B7
:105E400024492BBBD1F8043623EA0203C1F80436F7
:105E500003892049B3B9D1F8143623EA0203C1F803
:105E60001436037C012B05D11A49D1F81C36134393
:105E7000C1F81C36174AD2F8003623F00103C2F8E5
:105E8000003600BDD1F814361343C1F81436E8E7E4
:105E9000D1F804361343C1F80436D9E7BEF1010F37
:105EA000CDD1D1F80CC603F100634CEA020CC1F865
:105EB0000CC603F6C843B0F800C04188DB0041EAD5
:105EC0000C41B0F804C01960C18841EA0C41596026
:105ED000B5E700BF0060004082685201034605D468
:105EE0008268120143D51033012000E00020D3F86E
:105EF000802102F0010210B5C3F8802191F808E07A
:105F00004A7A03F5C07CBEF1000F26D04C6842EA05
:105F1000C40242EA0E02D3F880E142EA0E02C3F85C
:105F20008021D3F8842122F00F02C3F88421D3F812
:105F300084E18A7A42EA0E02C3F88421D1F80B2068
:105F4000C3F88821D1F80F20C3F88C21DCF8003089
:105F500043F00103CCF8003010BD0C68D3F880E1A9
:105F600042EA445242EA0E02C3F88021D9E782682D
:105F7000D20002D520330220B9E70320704700BFCA
:105F800000EB0113D3F8B0C10CF0040C82F808C088
:105F9000BCF1000F47D1D3F8B0C14FEA5C5CC2F846
:105FA00000C0D3F8B0C10CF0020C82F809C0D3F8DD
:105FB000B4C14FEA1C2C82F813C0D3F8B4C10CF062
:105FC0000F0C82F80AC0D3F8B8C182F80BC0D3F81E
:105FD000B8C14FEA1C2C82F80CC0D3F8B8C14FEA04
:105FE0001C4C82F80DC0D3F8B8C14FEA1C6C82F883
:105FF0000EC0D3F8BCC182F80FC0D3F8BCC14FEAC1
:106000001C2C82F810C0D3F8BCC14FEA1C4C82F89B
:1060100011C0D3F8BC311B0E937459B9C36843F057
:106020002003C3607047D3F8B0C14FEADC0CC2F85C
:1060300004C0B6E7036943F020030361704700BF63
:1060400043690B43436170470D4B984215D001EBF8
:10605000810300EB83030022D3F808C02CF0010C6D
:10606000C3F808C09A60DA601A615A614268890010
:106070000F238B401343436070470429E7D9FEE7A1
:10608000000402401D4B984234D001EB810100EB2B
:106090008100136810B4036193684361138AC3607D
:1060A000D468536881682343546921F47C512343A5
:1060B0000B438360137E012B83680CBF43F04003C6
:1060C00023F040038360537E012B83680CBF43F0B1
:1060D000800323F080038360937E2BB1836843F0B9
:1060E000100310BC83607047836823F0100310BC5A
:1060F000836070470429C8D9FEE700BF000402404E
:10610000074B984208D001EB8101890008300B58F9
:1061100043F020030B5070470429F4D9FEE700BF79
:1061200000040240074B984208D001EB810189002E
:1061300008300B5843F001030B5070470429F4D981
:10614000FEE700BF000402402A4BD3F800C42CEA4B
:10615000000CC3F800C4D3F804C42CEA000CC3F844
:1061600004C4D3F808C42CEA000CC3F808C4D3F85C
:106170000CC42CEA000CC3F80CC449B3012905D0A7
:10618000012A0BD0022A29D0AAB17047D3F80414EF
:10619000012A41EA0001C3F80414F3D1154BD3F8E6
:1061A000082422EA0002C3F80824D3F80C2402438E
:1061B000C3F80C2470470F4BD3F808240243C3F8EC
:1061C0000824D3F80C2422EA0002C3F80C247047F8
:1061D000D3F800140143C3F80014D1E7054BD3F8FA
:1061E00008240243C3F80824D3F80C240243C3F85C
:1061F0000C24704700000140014BC3F814047047A1
:10620000000001400B4B1A69110603D50A490B4ADD
:1062100059605A600A4BB3F8E030B3F5007F07D9F4
:10622000044B1A6D120603D50349044A59645A6493
:10623000704700BF0020024023016745AB89EFCDC6
:1062400000F7FF1F074B08491A69B1F8E01042F048
:106250008002B1F5007F1A6103D91A6D42F0800205
:106260001A6570470020024000F7FF1F4B4BB3F840
:10627000E030B3F5007F6AD9494B4A4A98424A4B0D
:1062800026D2D168C90756D4D368D90657D4D36863
:106290005B075AD41169444B41F00201116150610E
:1062A0001069404940F040001061CA68D00738D4F6
:1062B000CB68DB063DD4C868C0F380004000C0B2A4
:1062C000384A136923F0020313617047013B34D04D
:1062D000D16CC907FAD4D36CDB0630D4D36C590720
:1062E00033D4136D43F0020313655065D3699B07E4
:1062F00048BF50612B4A2C4B116D41F04001116594
:10630000D16CC9071DD4D36CD80643D4D06CC0F36C
:1063100080004000C0B2234A136D23F002031365CE
:106320007047013B38D0CA68D007FAD4CB68DB0687
:10633000C1D50320C4E7013BA3D10420704703204B
:106340007047013BDCD10420E5E702207047164B83
:10635000144AD168C90719D4D368DB06EFD4D368CF
:106360005907F2D41169104B41F0020111615061DB
:1063700010690C4940F040001061CA68D20797D5F7
:10638000013B09D0CA68D207FAD491E7013BE0D1BA
:10639000042070470320BEE7042091E700F7FF1FA9
:1063A000FFFF0708002002400000FF0F454BB3F835
:1063B000E030B3F5007F8C4660D9434B434A9842A6
:1063C000434B23D2D168C9074CD4D368D9064DD4E6
:1063D000D3685B0750D411693D4B41F00101116155
:1063E0003A49C0F800C0CA68D00731D4CB68DB0690
:1063F00036D4C868C0F380004000C0B2334A136985
:1064000023F0010313617047013B2DD0D16CC90704
:10641000FAD4D36CDB0629D4D36C59072CD4116D74
:106420002B4B41F0010111652849C0F800C0CA6C2E
:10643000D2071DD4CB6CD80640D4C86CC0F3800002
:106440004000C0B2214A136D23F001031365704769
:10645000013B35D0CA68D007FAD4CB68DB06C8D573
:106460000320CBE7013BADD10420704703207047E8
:10647000013BDCD10420E5E702207047144B134AAE
:10648000D168C90716D4D368DB06EFD4D36859079F
:10649000F2D411690E4B41F0010111610B49C0F8B2
:1064A00000C0CA68D207A1D5013B09D0CA68D2078B
:1064B000FAD49BE7013BE3D1042070470320C1E7F6
:1064C00004209BE700F7FF1FFFFF070800200240A2
:1064D0000000FF0F830903F1804303F5083300F048
:1064E0001F001968012282400A431A60704700BFEA
:1064F0002DE9F0430C461D46E306014604F00F0665
:1065000002D5042A44D0164300224FF001080F2779
:1065100006E0482C08BF08610B600132082A13D03E
:1065200008FA02FC4FEA820E1CEA050007FA0EF98F
:1065300006FA0EFEF1D00B68282C23EA09034EEA76
:106540000303E6D14861E7E700234FF001080F2776
:1065500009E0482C08BF0861C1F804E00132102AA4
:1065600003F1040312D008FA02FC1CEA050007FA42
:1065700003F906FA03FEF1D0D1F804C0282C2CEA66
:10658000090C4EEA0C0EE4D14861E5E7BDE8F08362
:10659000C36B2B4346F00306C363B5E70161704745
:1065A000416170470AB1016170474161704700BFA6
:1065B00083680B4214BF012000207047C3680B4260
:1065C00014BF01200020704700281F4B00F4401C1E
:1065D000B4BFDB695B68BCF5401F00B582B227D051
:1065E00010F4801F19D14FEA505C4FEA0C1C02FADC
:1065F0000CFC23EA0C0343F0E0634FEA505C4FEAE3
:106600000C1C02FA0CF21A43002918BF13460E4A5A
:106610000028B4BFD361536000BDC0F3034E4FF0F8
:10662000030C0CFA0EFC23EA0C0343F0E063E4E7EE
:10663000DFF814E0DEF804C02CF0E06C23F0E06337
:10664000CEF804C0D9E700BF0000014001F0030309
:106650009B000F22032902FA03F200FA03F0134B06
:1066600007D8996821EA02029A609A6802439A6000
:106670007047072907D8D96821EA0202DA60DA6888
:106680000243DA6070470B2907D8196921EA020230
:106690001A611A6902431A617047596921EA0202B4
:1066A0005A615A6902435A61704700BF00000140B5
:1066B000DFF898C0DCF80C3003F4E063B3F5E06F6A
:1066C00036D0DCF80C3003F4E063B3F5C06F1BD0B8
:1066D000DCF80C3003F4E063B3F5A06F10D0DCF805
:1066E0000C3003F4E063B3F5806F25D0DCF80C3098
:1066F00003F4E063B3F5407F22D0134BCCF80C30A9
:1067000002F00302022302E002F007020323DFF893
:1067100040C0994011430CEB00030901420983F882
:10672000001300F01F00012383404CF82230704713
:1067300002F00F020423EAE702F001020123E6E778
:1067400000221346E3E700BF0005FA0500ED00E074
:1067500000E100E0830903F1804303F5043300F016
:106760001F001968012282400A431A60704700BF67
:10677000830903F1804303F5043300F01F00196817
:10678000012282400A431A60704700BF830903F167
:10679000804303F5043300F01F001A680121814093
:1067A00022EA01021A607047174A5368D26A23F03E
:1067B000805323F4404322F000510B2809D8DFE82E
:1067C00000F006060606081808180C0C0C0C43EA24
:1067D00080330D4A5360D1627047DFF834C042F015
:1067E00000510CEA803C084A43EA0C035360D16232
:1067F0007047064A02EA80321343034A43F080534B
:106800005360D162704700BF0010024000C0FEFF1D
:1068100000C0FCFF10B5DFF8E4C086469CE80F001E
:1068200088B008AC04E90F00DCE90401CDE90001FF
:10683000CDE902012D4A536803F00C03082B24D044
:106840002B482A4A536851685268C3F303136B44B8
:106850001B7C20FA03F3BEF1030F44D8DFE80EF0EF
:106860000812020AC1F302216944087823FA00F0F1
:1068700008B010BDC2F3C2226A44107A23FA00F0B5
:1068800008B010BD184608B010BD5368D90311D424
:10689000184A164B586859685B680C01C0F383406E
:1068A00014D5590018D540F030003F2812D102FB12
:1068B00000F0C6E7D36A5A000C4B58BF0C4A5B681D
:1068C00048BF0D4A9B03E4D55208E2E75B0006D5BA
:1068D00040F020000130EAE740F01000FAE70F280E
:1068E000F8D00230E3E70020C2E700BF001002400A
:1068F00000127A0000093D00006CDC0238BD00087F
:1069000008B5154B984212D003F57443984204D051
:10691000A3F57843984214D008BD4FF44370FFF7B5
:1069200027FFBDE808404FF44370FFF72FBF40F248
:106930000F40FFF71DFFBDE8084040F20F40FFF792
:1069400025BF40F20E40FFF713FFBDE8084040F2BC
:106950000E40FFF71BBF00BF003C004010B4D1E960
:1069600001420B6823431343CA680C69D1E905C18E
:1069700013432343026843EA0C0302F441520B43DE
:1069800013430360C36923F4006310BCC361704701
:10699000036843F040030360704700BFC160704765
:1069A000C06880B2704700BF83680B4214BF0120EB
:1069B0000020704708B5374B98424CD015D8A3F546
:1069C0000063984251D039D8B0F1804F22D0A3F55E
:1069D000806398425DD140F20140FFF7C9FEBDE8F7
:1069E000084040F20140FFF7D1BE2B4B984246D001
:1069F00003F50063984217D0A3F59033984248D12D
:106A000040F20540FFF7B4FEBDE8084040F2054003
:106A1000FFF7BCBE4FF48060FFF7AAFEBDE8084058
:106A20004FF48060FFF7B2BE40F20D30FFF7A0FEDA
:106A3000BDE8084040F20D30FFF7A8BE174B984262
:106A400027D140F20340FFF793FEBDE8084040F233
:106A50000340FFF79BBE40F20440FFF789FEBDE80C
:106A6000084040F20440FFF791BE40F20240FFF7B9
:106A70007FFEBDE8084040F20240FFF787BE40F2CB
:106A80000B30FFF775FEBDE8084040F20B30FFF712
:106A90007DBE08BD00100040002C0140000C0040ED
:106AA00000234FF6FF72C0E9003382600373704722
:106AB000254B0A888262984215D020F44063B3F1D6
:106AC000804F10D0214B98420DD0214B20F4806292
:106AD00010B49A428C68C4622CD1436943F001031C
:106AE00010BC4361704703684A8823F07003036059
:106AF000D0F800C08B8842EA0C020260026813439F
:106B000003608B68C3620268CB8822F44072026023
:106B1000D0F800C00C4A43EA0C039042036002D054
:106B20000A4B984201D10B7B0363436943F0010395
:106B3000436170470268CB8822F4407202600268A9
:106B400013430360C9E700BF002C0140003401403B
:106B500000100040036843F001030360704700BF6A
:106B6000036843F080030360704700BFC3680B43B2
:106B7000C3607047C9430161704700BF00230360D1
:106B80004360836083817047B1F802C00B888A88B4
:106B900043EA0C03B1F806C013430A8943EA0C0325
:106BA000B1F80AC013438A8943EA0C0313439BB22A
:106BB00043647047436C01290CBF43F4004323F442
:106BC00000434364704700BF002303604360836059
:106BD000704700BF032929D8DFE811F0AF006C002F
:106BE00029000400036A1188B2F804C023F480531A
:106BF0000362C36923F44073C361036A43EA013348
:106C00000362036A724923F400530362036A8842F1
:106C100043EA0C33036240F0D6804368128923F4C0
:106C200080434360436843EA821343607047036ACA
:106C30001188B2F804C023F480730362C36923F09F
:106C40000303C361036A43EA01230362036A6049E1
:106C500023F400730362036A884243EA0C2303624D
:106C600002D05C4B9842E1D1036AB2F802C0D188ED
:106C700023F480630362036A43EA0C230362036A1A
:106C800023F400630362036A43EA01230362436857
:106C90001189528923F480534360436843EA011306
:106CA0004360436823F400534360436843EA02139C
:106CB00043607047036A1188B2F804C023F01003E0
:106CC0000362836923F440738361036A43EA011317
:106CD0000362036A3E4923F020030362036A884289
:106CE00043EA0C13036202D03A4B98429ED1036AE6
:106CF000B2F802C0D18823F040030362036A43EA7A
:106D00000C130362036A23F080030362036A43EAFD
:106D10000113036243681189528923F4806343603D
:106D2000436843EA81034360436823F4006343609C
:106D3000436843EA820343607047036A118823F083
:106D400001030362D0F818C093882CF0030CC0F83C
:106D500018C0D0F820C041EA0C010162016ADFF8D6
:106D600070C021F002010162016A604543EA01033B
:106D7000036203D0174B98427FF458AF036A5188DF
:106D800023F004030362D0F820C0D38841EA0C0149
:106D90000162016A21F008010162016A0B4303628A
:106DA0004368118923F480734360D0F804C0538989
:106DB00041EA0C014160426822F40072426042687C
:106DC000134343607047034B98427FF42FAF24E78F
:106DD000002C01400034014003290BD8DFE801F00A
:106DE0001C130B02C36923F4E043C361C36943EA84
:106DF0000223C3617047C36923F07003C361C36991
:106E00001343C3617047836923F4E043836183695B
:106E100043EA022383617047836923F0700383612F
:106E20008369134383617047032904D8DFE801F0C5
:106E30000806040202647047C263704782637047A9
:106E40004263704703290BD8DFE801F01C130B02E3
:106E5000C36923F40063C361C36943EA0223C361C6
:106E60007047C36923F00803C361C3691343C36157
:106E70007047836923F400638361836943EA0223D3
:106E800083617047836923F0080383618369134337
:106E90008361704703290BD8DFE801F01C130B0254
:106EA000C36923F48063C361C36943EA0223C361F6
:106EB0007047C36923F00403C361C3691343C3610B
:106EC0007047836923F480638361836943EA022303
:106ED00083617047836923F00403836183691343EB
:106EE0008361704703290BD8DFE801F01D140B0202
:106EF000036A23F480530362036A43EA02330362A2
:106F00007047036A23F480730362036A43EA02232F
:106F100003627047036A23F010030362036A43EAC3
:106F2000021303627047036A23F001030362036ADA
:106F300013430362704700BF436823F0700343604C
:106F400043680B434360704721B9836843F0800373
:106F500083607047012900D07047836823F0800365
:106F600083607047836823F007038360704700BF26
:106F700008B5234B984238D010D9224B98422AD0DA
:106F800003F5684398421BD140F20E30FFF7F0FB47
:106F9000BDE8084040F20E30FFF7F8BBA3F50063F0
:106FA00098420ED003F58063984209D140F2124016
:106FB000FFF7DEFBBDE8084040F21240FFF7E6BBFA
:106FC00008BD40F21140FFF7D3FBBDE8084040F296
:106FD0001140FFF7DBBB40F21440FFF7C9FBBDE8EF
:106FE000084040F21440FFF7D1BB40F21340FFF7D6
:106FF000BFFBBDE8084040F21340FFF7C7BB00BF2E
:10700000004C00400050004000B5174B984283B040
:10701000024617D00ED9154B984213D003F568439A
:1070200098421ED1CDE900010320FFF7F3FBDDE913
:1070300000210EE0A3F50063984203D003F58063BE
:1070400098420ED10220CDE90021FFF7E3FBDDE9F4
:10705000002100EB5103B3FBF1F39BB2936003B04B
:1070600000BD0020F5E700BF004C0040005000408C
:10707000C36843F40053C360704700BFC36823F084
:1070800008030B43C3607047C36823F004030B433A
:10709000C3607047C1F30801416070474068C0F3A6
:1070A000080070478B0901F01F011858C84000F014
:1070B000010070478A09012352F800C001F01F0146
:1070C0008B4043EA0C031350704700BFC1F3891291
:1070D0008B0D52F800C01858C1F30442012303FA83
:1070E00002F201F01F01024203FA01F314BF012072
:1070F000002013EA0C0F00F0010008BF00207047C9
:107100004249434BD1F8882042F4700282B0C1F862
:107110008820196841F0010119605968002041F088
:10712000800159600190019B44F61F62934205D88B
:10713000019B01330193019B9342F9D934494B6878
:1071400023F003034B600B6823F084734FF41F029A
:1071500023F480330B608A600A68002022F48022C6
:107160000A604860C8620A6842F001024FF4A063F6
:107170000A6001E0013B02D00A689007FAD5244B6F
:107180001A68920741D5DA69224942F08052DA61E1
:107190000A6842F440420A605A685A605A685A6063
:1071A0005A6842F480625A605A6822F0904222F48F
:1071B00070125A605A6842F0036242F480225A60A8
:1071C0001A6842F080721A601A689001FCD5114A60
:1071D000136843F4803313605368D903FCD51368F4
:1071E0000C4943F4003313604B689A03FCD5084AFA
:1071F000536823F003035360536843F00203536062
:1072000053681B07FCD502B07047FEE700ED00E0B5
:107210000010024000700040DFF834D00D480E49E5
:107220000E4A002302E0D458C4500433C4188C42E0
:10723000F9D30B4A0B4C002301E013600432A24245
:10724000FBD3FFF75DFF01F083FCF9F751FD7047B9
:107250000000012000000020CC01002088D300089D
:10726000CC0100205C430020FEE7002101F018BBA8
:107270000A22002101F09ABB2DE9FF4757EC106B61
:10728000002F0C469146DDF830A019464FF0000261
:1072900003DA07F100431F462D220D9D0A7025F0E9
:1072A0002005462D04D0452D00D10134022100E0F7
:1072B000032103AB019302AB009347EC106B5346E1
:1072C000224601F011FD472D80461AD119F0010F19
:1072D0000ED000EB04090022002330463946F9F7AE
:1072E000A3FB08B1CDF80C903022039B4B451ED375
:1072F000039B0E9AA3EB08034046136004B0BDE85D
:10730000F087462D00EB0409E5D10378302B0AD134
:107310000022002330463946F9F786FB18B9C4F13C
:107320000104CAF80040DAF800309944D3E7591C48
:1073300003911A70D9E7F7B50029BABF49422D2346
:107340002B230929027043702ADD0DF10704871CE5
:10735000A6460A26A446B1FBF6F506FB1512303206
:10736000632904F1FF340CF8012C2946F2DC30319A
:10737000ACF1020204F8011C411C144672450AD308
:107380000DF10903A3EB0C03A64538BF00233B44D2
:10739000181A03B0F0BD12F8013B01F8013FEDE708
:1073A000302330318370C170031DF1E72DE9F04FB8
:1073B0008FB00C46DDF8608016461F46054601F08A
:1073C000EFFB036807931846F8F702FF00230C93BE
:1073D000D8F8003094F818A0D4F800B0089007331B
:1073E00023F00703B3EC027B8DED047BC8F800307B
:1073F000DDE9048323F0004984ED127B9A4B4FF0C2
:10740000FF3240464946F9F741FB70BB964B4FF0BF
:10741000FF3240464946F9F71BFB30BBDDE904016A
:1074200000220023F9F70AFB10B12D2384F8433022
:107430008E4A8F4BBAF1470F8CBF90469846032374
:1074400023612BF0040323604FF0000900973346BB
:107450000DAA2146284600F0CDF9013040F08C807D
:107460004FF0FF300FB0BDE8F08FDDE90423104688
:107470001946F9F70BFB40B1059B7E4A002BBCBFB8
:107480002D2384F843307C4BD4E763685A1C0AF000
:10749000DF093BD1062363604BF480620023226046
:1074A00003930CABCDE901A30BAB009361689DED99
:1074B000040B0DF12B032846FFF7DEFEB9F1470F51
:1074C0000B99804629D1C81C02DB63688B4241DAE4
:1074D000AAF1020A5FFA8AFA0139524604F1500011
:1074E0000B91FFF728FF0C9A1318012A814623619C
:1074F00002DC2268D20701D5013323619DF82B30CD
:10750000002BA3D02D2384F843309FE7B9F1470F18
:10751000C2D1002BC0D10123BDE7BAF1650FDBD981
:10752000BAF1660F18D1002963680BDD216113B928
:107530002268D00702D501330B442361A1654FF0C7
:107540000009DBE713B92268D20701D50233F4E75B
:107550000123F2E74FF0670A0C9B8B4205DC23689E
:107560002161D807EAD54B1CE7E70029D4BFC1F158
:10757000020201221344E0E723685A0507D4236975
:10758000424631462846B847013028D168E7BAF16B
:10759000650F40F2DB80D4E9120100220023F9F7E5
:1075A00043FA90B3354A012331462846B8470130A3
:1075B0003FF456AFDDE90B38434502DB2368D807BB
:1075C0000DD5DDE9072331462846B84701303FF4A1
:1075D00047AF4FF0000908F1FF38C84509DC2368C0
:1075E0009B0700F10481E0680D9B9842B8BF1846E4
:1075F00038E7012304F11A0231462846B847013022
:107600003FF42EAF09F10109E7E70B9B834237DC1A
:107610001A4A012331462846B84701303FF420AFCB
:10762000DDE90B3959EA030302D12368D907D6D51E
:10763000DDE9072331462846B84701303FF410AF53
:107640004FF0000A0B9B5B42534501DC4B4697E72A
:10765000012304F11A0231462846B84701303FF4AD
:10766000FFAE0AF1010AEDE7FFFFEF7F08CF000848
:1076700004CF000810CF00080CCF000814CF00087A
:10768000A36DDDF830B05B45A8BF5B46002B0493CB
:1076900037DC4FF0000904F11A02049BD4F858A01B
:1076A000002BACBFAAEB030353464B4531DC0B9BCD
:1076B0009B453ADC2368DA0737D40B9BABEB030915
:1076C000ABEB0A039945A8BF9946B9F1000F34DC2A
:1076D0004FF000080B9BB9F1000FABEB0303A8BF01
:1076E000A3EB090343457FF77AAF012304F11A02A4
:1076F00031462846B84701303FF4B2AE08F10108E0
:10770000E8E7049B424631462846B8470130C0D1DD
:10771000A6E60123314628460992B84701303FF4D6
:107720009FAE099A09F10109B7E7DDE90723314660
:107730002846B8470130C0D192E64B4608EB0A0212
:1077400031462846B8470130C2D189E6DDF830A07D
:10775000BAF1010F01DCDB0735D501234246314682
:107760002846B84701303FF47BAEDDE907233146B8
:107770002846B84701303FF473AED4E91201002225
:1077800000230AF1FF3AF9F74FF9C8B9534608F157
:10779000010231462846B84701300DD160E6012389
:1077A00004F11A0231462846B84701303FF458AE7A
:1077B00008F10108D045F2DB4B4604F15002E0E647
:1077C0004FF00008F6E701234246E2E7012304F107
:1077D000190231462846B84701303FF441AE08F15E
:1077E0000108E3680D995B1A4345EFDCFBE64FF0B7
:1077F0000008F6E72DE9F047914698468A680B693C
:10780000089E9342B8BF1346C9F8003091F8432050
:1078100007460C4612B10133C9F8003023689906B7
:1078200042BFD9F800300233C9F80030256815F09E
:10783000060507D104F1190AE368D9F800209B1A5C
:10784000AB4229DC94F843302268003B18BF012387
:1078500092062ED404F1430241463846B047013027
:1078600021D02368A168226903F00603042B01BF1D
:10787000E568D9F80030ED1A25EAE57518BF00254E
:107880008B1A2B449142C8BF1D464FF000091A3491
:107890004D451AD1002008E00123524641463846A2
:1078A000B047013003D14FF0FF30BDE8F08701351C
:1078B000C2E7E1185A1C302081F84300224494F8B2
:1078C000451082F843100233C4E7012322464146A3
:1078D0003846B0470130E6D009F10109D8E7000089
:1078E0002DE9F04398460B7E85B0782B1746064667
:1078F0000C9A0C4609D8622B01F1430108D8002BE1
:1079000000F0DC80582B00F0BD8004F1420539E026
:10791000A3F163001528F8D801A555F820F000BFA1
:10792000797900088D7900080B7900080B79000837
:107930000B7900080B7900088D7900080B79000895
:107940000B7900080B7900080B7900089D7A000874
:10795000B97900084B7A00080B7900080B79000808
:10796000C57A00080B790008B97900080B7900087E
:107970000B790008537A00081368191D1B68116001
:1079800004F1420584F842300123A8E01368256819
:10799000181D1060280601D51B6803E06A06FBD598
:1079A000B3F90030002B03DA2D225B4284F8432028
:1079B000DFF878C10A2213E02568106815F0800FFF
:1079C00050F8043B02D16D0648BF9BB21060227E86
:1079D000DFF858C16F2A5DD10822002084F84300E7
:1079E0006568A560002D05DB20681D4320F00400BC
:1079F000206051D00D46B3FBF2F002FB103E9A42DC
:107A00001CF80EE005F801ED0346F4D9082A0BD165
:107A10002368DA0708D5236962689A42DEBF3023FB
:107A200005F8013C05F1FF35491B2161CDF80080C7
:107A30003B4603AA21463046FFF7DCFE013053D116
:107A40004FF0FF3005B0BDE8F083236843F020031A
:107A50002360DFF8DCC0782384F84530206815689F
:107A600010F0800F55F8043B03D110F0400F18BF01
:107A70009BB21560C50744BF40F02000206023B1D1
:107A80001022AAE7DFF8A4C0E6E7226822F020026D
:107A90002260F5E70A22A0E70D46B7E71368D4F89D
:107AA00000C060691D1D15601CF0800F1B6801D0AF
:107AB000186003E01CF0400FFAD018800023236107
:107AC0000D46B3E71368191D11601D686268002137
:107AD0002846F8F72DFB08B1401B606063682361FE
:107AE000002384F84330A1E723692A46394630460B
:107AF000C0470130A4D023689B0714D4E068039BDF
:107B00009842B8BF18469DE7012304F1190239468F
:107B10003046C047013093D00135E36803995B1AC2
:107B2000AB42F1DCEAE70025F7E700BF16CF00081B
:107B300027CF0008002310B50446C0E90033C0E990
:107B40000433836081814366C281836119460822C0
:107B50005C3000F0DCFF0D4B63620D4BA3620D4BFC
:107B6000E3620D4B23630D4B24629C4206D003F16C
:107B70006802944202D0D0339C4205D104F15800EF
:107B8000BDE8104001F008B810BD00BF8FAC000880
:107B9000B1AC0008E9AC00080FAD000810420020AD
:107BA000024A0349034800F00BBF00BF0400002055
:107BB00019AE00088001002041680C4B994210B5B5
:107BC000044601D003F028F9A168094B994202D07C
:107BD000204603F021F9E168064B994204D0204683
:107BE000BDE8104003F018B910BD00BF10420020DE
:107BF00078420020E042002010B50A4B0A4A1A6081
:107C00000A4800220421FFF795FF094801220921B3
:107C1000FFF790FFBDE81040064802221221FFF74F
:107C200089BF00BF48430020A17B0008104200200C
:107C300078420020E0420020014800F0AEBF00BFC3
:107C40004D430020014800F0A9BF00BF4D43002074
:107C500010B50446FFF7F0FF236A1BB1BDE81040E2
:107C6000FFF7F0BF044B2362044B1B68002BF5D1D8
:107C7000FFF7C2FFF2E700BFB97B000848430020CE
:107C800070B504460D4645EC104B164602F0C2FE98
:107C900051EC100B7EB1C5F30A53C3F16B03002BFB
:107CA00009DD1B0503F17F55002405F5401522462B
:107CB0002B46F8F751FC41EC100B70BD00000000A2
:107CC0002DE9F04F9FB00E461792002204901A92B1
:107CD0004FF000084FF0000919910A782B2A0D4641
:107CE00001F101011CD00AD80D2A05D8082AF3D8C1
:107CF00072B100230B9382E0202AEDD0F9E72D2A00
:107D000010D10122691C19910B926A78002A37D18F
:107D1000179B1996002B40F0A88542464B462AE057
:107D20000022EFE700210B91302A40F09D806A7815
:107D300002F0DF02582A5AD102930B9B01931AAB2F
:107D40000093874A04981BAB19A901F009FE10F0B3
:107D50000F04064605D0062C14D1013500231995D1
:107D60000B93179B002B40F082850B9B002BD4D0EC
:107D7000424609F1004343EC102B1FB0BDE8F08FE1
:107D80000D46D1E71A9A3AB135211CA802F03BFF03
:107D90001A99049802F0F2FA013C042C06D8DFE8A4
:107DA00004F014031E211400DDE91C89F10548BF0D
:107DB00049F0004929F000431B0D1B05002BD0D1D1
:107DC00000F0C0FE22230360CBE7DDE91C831B9A91
:107DD00023F4801302F2334243EA0259E6E7DFF864
:107DE0008891E3E76FF000494FF0FF38DEE7013597
:107DF00019952B78302BFAD0002BB2D001234FF0FD
:107E0000000A07932846CDF838A0D3460A23047801
:107E1000A4F13002092A29D95249012200F07FFE3B
:107E2000002836D00020224606905C460146652A8E
:107E300001D0452A16D124B9079B03433FF468AF0C
:107E40000024199E731C199372782B2A7FD02D2A37
:107E500000F083804FF0000CA2F13003092B40F2B8
:107E6000898019960023ACE00023C8E7BBF1080F16
:107E7000DCBF0E9A03FB024200F10100D5BF303A8D
:107E800003FB0A420E92A2F1300A0BF1010B19908A
:107E9000BDE7199B5A1C19925A78BBF1000F3BD0D1
:107EA00006905C46A2F13003092B11D90121BEE7EF
:107EB000199B5A1C19925A780130302AF8D0A2F135
:107EC0003103082B00F2D8840690199D0020044647
:107ED000303A00F1010319D006990594194406912E
:107EE000A4464FF00A0E0CF10107391B8B4215DC3A
:107EF000059920EAE07001440134082904441CDC9F
:107F00000E990A2303FB01230E930023199A511C97
:107F1000199152781846C5E75846CEE7BCF1080FCC
:107F200005DC0E990EFB01F10E91BC46DBE70AFB66
:107F30000EFC102FD8BFE246F7E70F29DCBF0A235B
:107F400003FB0A2AE1E700230693012174E74FF0BF
:107F5000000CB31C1993B2787EE74FF0010CF8E7E0
:107F600004D1000838CF00080000F07F199B5A1C8C
:107F700019925A78302AF9D0A2F13103082B3FF632
:107F800071AFDDF864E0CDF814E0A2F130030A939C
:107F9000059B013319931A780593A2F13007092F35
:107FA0003BD9A3EB0E03082B44F61F633DDC0A9F6D
:107FB0009F42A8BF1F460597BCF1000F02D0059B4A
:107FC0005B420593002C51D1079B03437FF4C9AE5C
:107FD00000297FF49DAE692A2BD028DC492A28D0BD
:107FE0004E2A7FF495AE9F4919A801F0D7FE0028CC
:107FF0003FF48EAE199B1B78282B31D19A491CAACD
:1080000019A801F0E0FE05282AD11D9BDDF870803B
:1080100043F0FF4949F4E009A3E60A9B0A2707FB5E
:108020000327A7F130020A92B2E70593C4E76E2A4C
:10803000D7E78E4919A801F0B1FE00283FF468AED9
:10804000199B8B49013B19A8199301F0A7FE10B9A0
:10805000199B01331993DFF828924FF0000880E64E
:10806000844800F0B1FD59EC108B7AE6DDE9053269
:108070000E989B1ABBF1000F08BFA346102C0A9361
:108080002646A8BF1026F8F7EDF9092C8046894648
:1080900013DC0A9B002B3FF464AE0A9B6FDD162BAA
:1080A00056DC754901EBC301D1E9000142464B465C
:1080B000F8F752FA8046894653E66F4B03EBC60346
:1080C00053E91223F8F748FA804650468946F8F7F4
:1080D000C9F902460B4640464946F8F787F80F2C87
:1080E00080468946D5DD0A9BA4EB060A9A44BAF17C
:1080F000000F40F392802AF00F061AF00F0A4DD1BC
:10810000B6F59A7F5ADC4946DFF870913611404641
:108110000027012E76D1A1F15479584901EBC7010E
:1081200002464B46D1E90001F8F716FA544B0A46CD
:108130000B4054498B42804640D8A1F580118B42B8
:1081400086BFDFF844914FF0FF3802F1547932E0F6
:108150000A9AC4F125039342C5DB474DC4F10F04CD
:1081600005EBC40142464B46D1E90001F8F7F4F9AA
:108170000A9B1C1B05EBC405D5E9002398E71633C1
:10818000B1DBDDE905239A1A3B4B03EBC203D3E9CC
:10819000002340464946F8F709FB8BE7364901EBD7
:1081A000CA0142464B46D1E90001F8F7D5F98046AD
:1081B0008946002EA4D1002307939BE00024059458
:1081C0000E940694049ADFF8B890222313604FF0BF
:1081D00000080E9B002B3FF4C4AD1A99049802F0DE
:1081E000CDF80699049802F0C9F8DDE9040102F01F
:1081F000C5F80E99049802F0C1F80498214602F0DF
:10820000BDF8AEE5F20703D5D9E90023F8F7A4F9E4
:108210000137761009F108097BE7CCD0CAF1000AD2
:108220004FEA2A161AF00F0A0DD11F2E2EDD002458
:1082300005940E940694049A22234FF000084FF000
:1082400000091360C5E70C4B03EBCA0340464946DF
:10825000D3E90023F8F7AAFA80468946002EAAD06F
:10826000E3E700BF11CF0008F0D0000809CF0008F5
:1082700045CF0008EFD0000878D2000850D200089F
:108280000000F07F0000A07CFFFFEF7F16F01003DE
:1082900018BF6A23754F079340464946F30703D535
:1082A000D7E90023F8F758F9761007F10807F5D158
:1082B000079B80468946ABB1C1F30A52C2F16B03FA
:1082C000002B0F460EDD1F2B55DD342BDEBF4FF08C
:1082D000FF33C2F14B029340B046CCBF4FF05C7904
:1082E00003EA01090022002340464946F8F79CFBB7
:1082F00000289CD10E9B0093049823465A46294699
:1083000002F0A4F80E9000283FF458AFDDE90523F1
:108310009B1A0A9A002AA8BF00231493002422EA79
:10832000E273169305940E9B0498596801F0E8FFD8
:10833000069000283FF446AF0E9B1A69023203F103
:108340000C0192000C3000F02FFC49EC108B0498CB
:108350001CAA1BA9CDE90C8902F0CCFB1A900028BD
:108360003FF430AF0498012102F006F9059003466E
:1083700040B9059326E74FF0FF3202FA03F303EA10
:108380000008AFE71B9D079A002DABBF149B169BFF
:10839000169E149FACBFEF185E1B1C9BAD1A1D44AC
:1083A000334A013D9542C3F1360354DA3149521B39
:1083B0008D42A3EB02034FF0010140DB01FA02FA08
:1083C000002507EB030B1E44079B5F451E443B46FD
:1083D000A8BF5B46B342A8BF3346002BC2BFABEB7E
:1083E000030BF61AFF1A149B002B18DD1A46DDE961
:1083F000040102F08DF9059003460028B9D001462A
:108400001A9A049802F0CEF8034600283FF4DAAE38
:108410001A9904980F9301F0B1FF0F9B1A93BBF1C7
:10842000000F1ADC0A9B002B26DD169A0699049889
:1084300002F06EF906900346F0B90693C2E6C5F164
:108440007F4505F57F0505F57B45E23501FA05F524
:108450004FF0010AB5E70025FAE71A9904985A4641
:1084600002F0B2F91A900028DCD1ABE618D100086E
:1084700002FCFFFFE3FBFFFF002E08DD06990498D6
:10848000324602F0A1F9069003460028D5D0002F0D
:1084900008DDDDE904013A4602F096F9059000286E
:1084A0003FF490AE069A1A99049802F01BFA04461B
:1084B00000283FF487AEC3680F9300230599C3607B
:1084C00002F0F4F900283CDA0F9B53EA08035FD16D
:1084D000C9F313034E46002B5AD129F000431B0D5C
:1084E0001B05B3F1D66F53D9636913B92369012B07
:1084F0004EDD21460122049802F066F905990446F2
:1085000002F0D4F9002843DDAD4B079A3340002A2E
:108510005DD0B3F1D66F5AD8B3F15C7F7FF68BAEE6
:10852000A84B404649460022F8F716F8A44B0B40EA
:1085300080468946002B7FF450AE049A22231360B4
:108540004BE64E4660D10F9AC9F313034AB39E4AD5
:10855000934229D1079B4146F3B1994B09EA0303A2
:10856000B3F1D46F4FF0FF3219D81B0DC3F16B0379
:1085700002FA03F3994217D1944B9E4202D1013182
:108580003FF420AE8E4B334003F580194FF00008C6
:10859000079B002BC4D120E64FF0FF33EAE71346D8
:1085A000E8E753EA0803AFD0D5B13542F0D00F9BCE
:1085B000079A40464946B3B1FFF762FBDDE90C017B
:1085C00053EC102BF7F712FE80468946E0E7A3F53F
:1085D00080136FEA13596FEA09594FF0FF38D7E754
:1085E0001AEA080FE2E7FFF74BFBDDE90C0153EC59
:1085F000102BF7F7F9FD0022002380468946F8F793
:1086000013FA0028C4D016E60599204602F0CAFAEB
:108610005BEC10AB00224FF0804350465946F8F710
:1086200017FA002872D00F9B002B7DD1B8F1000FF4
:1086300058D1C9F31303002B5AD1654B0022504681
:108640005946F8F7FBF900285BD150465946614B73
:108650000022F7F781FF82468B460BF10043CDF8ED
:1086600020A00993DDE90823554DCDE9102306EA42
:1086700005031593584B06EA05029A4240F0B08074
:10868000A6F1547949EC108B02F0C4F9DDE9082316
:1086900051EC100BF7F760FF42464B46F7F7A6FD8B
:1086A0004E4A0D409542804645D90D9A474B9A4215
:1086B00003D10C9B01333FF485ADDFF810914FF0EF
:1086C000FF381A99049801F059FE0699049801F0B0
:1086D00055FEDDE9040101F051FE0498214601F048
:1086E0004DFE20E6B8F1010F02D1002E3FF4A3ADFC
:1086F0009FED2B7BDFF8D8B08DED087B4FF0000AA3
:10870000B0E7DFF8D0B04FF0000AA6E7314B504693
:1087100059460022F7F720FF0F9B82468B46002B1D
:108720009BD0CDE908AB9DE79FED1F7B8DED087BCE
:108730005BEC17AB96E701F15479079B002BC0D196
:10874000159A29F000431B0DB2EB035FB9D15046D7
:10875000594603F02DFAF7F7D1FE02460B46504674
:108760005946F7F741FD0F9AC9F3130343EA08038B
:10877000134306460F4672D00DA3D3E90023F8F742
:108780005DF900287FF429AD0BA3D3E9002330461F
:108790003946F8F771F9002893D01EE5AFF3008051
:1087A000000000000000F0BF000000000000F03FEB
:1087B0009535A094FFFFDF3F35E5AF350000E03F82
:1087C0000000F07F00005039FFFF0F00FFFFEF7F38
:1087D0000000F03F0000E03F0000E07FFFFF9F7CD3
:1087E000079B33B3159BB3F1D46F22D828A3D3E9E9
:1087F000002350465946F8F72BF9A0B15946504688
:10880000F8F782F9012838BF0120F7F72BFE0F9BFC
:1088100082468B4603BB01F1004312901393DDE9BE
:108820001223CDE91023119B159A03F1D6639B1AED
:1088300011939DED0C0BDDE9106702F0EBF830466B
:1088400053EC102B3946F7F787FEDDE90C23F7F7D9
:10885000CDFC8046894670E7CDE912ABDFE70EA379
:10886000D3E90023F8F7EAF895E700230B93179A6A
:10887000199B1360FFF779BA652A3FF464AB452A68
:108880003FF461AB0121FFF79FBB00BFAFF3008056
:108890000000C0FFFFFFDF419535A094FFFFCF3FF1
:1088A0000A4601460248034B0068FFF709BA00BFB9
:1088B0007C01002010000020242B2DE9F047884681
:1088C00001D8012B06D100F03DF9162303600020EA
:1088D000BDE8F087344E0D46294615F8014B375D4B
:1088E00017F00807F8D12D2C10D12C7801278D1CFA
:1088F00033F0100115D1302C0DD1297801F0DF01B2
:10890000582908D16C78023510230AE02B2C04BFBB
:108910002C788D1CECE7002BF6D1302C14BF0A23E9
:10892000082307F1004E0EF1FF3E0021BEFBF3F9D4
:108930000E4603FB19EAA4F1300CBCF1090F10D864
:108940006446A3421EDDB1F1FF3F07D0B14516D307
:1089500001D1A24513DB06FB0346012115F8014BAB
:10896000E9E7A4F1410CBCF1190F01D8373CE8E765
:10897000A4F1610CBCF1190F04D8573CE1E74FF0AA
:10898000FF31EBE74B1C05D122230360764632B959
:1089900030469DE707B17642002AF9D009B105F1CA
:1089A000FF38C2F80080F3E741D1000813460A46B9
:1089B000014602480068FFF77FBF00BF7C0100202E
:1089C0002DE9F8438046894614460026D4E901750E
:1089D000013F05D52468002CF8D13046BDE8F88366
:1089E000AB89012B07D9B5F90E30013303D02946E5
:1089F0004046C84706436835EAE700000FB407B5AC
:108A0000064904AB086853F8042B8168019301F010
:108A100057FB03B05DF804EB04B070477C01002005
:108A2000036A70B5846805460E460BB9FFF710F966
:108A3000636EDB0705D4A389980502D4A06D00F00E
:108A4000ACF8A389190702D52369002B35D121463B
:108A5000284602F047FA80B34FF0FF35636EDA071D
:108A600005D4A3899B0502D4A06D00F097F8284691
:108A700070BD002B04DAA269934217DB0A2915D0D6
:108A800023685A1C22601970A36816F8011F013B65
:108A9000A3600029EDD18B4211DA22460A21284633
:108AA00002F0E2F90130D7D00A25D7E7224628465E
:108AB00002F0DAF90130E7D1CEE7013EE4E72368BE
:108AC0005A1C22600A221A70EEE70000024B01468F
:108AD0001868FFF7A5BF00BF7C010020884210B5D1
:108AE00001EB020402D98442234607D8431EA14267
:108AF00007D011F8012B03F8012FF8E70244824256
:108B000000D110BD13F8011D02F8011DF7E7024462
:108B10000346934200D1704703F8011BF9E710B5F3
:108B20006AB101398418027811F8013F9A4204D1E0
:108B30000130A04201D0002AF5D1D01A10BD104654
:108B4000FCE70000014B1868704700BF7C01002063
:108B500070B50D4B0D4C00261D1BB6EBA50F09D1B2
:108B600003F05CF80A4C0B4B00261D1BB6EBA50F5F
:108B700005D170BD54F8043B98470136EDE754F831
:108B8000043B98470136F1E780D3000880D3000802
:108B900080D3000884D300087047704770470000F6
:108BA00000487047000100200A44914200F1FF3361
:108BB00000D1704710B511F8014B03F8014F9142F5
:108BC000F9D110BD000000009FED010B704700BF00
:108BD000000000000000F87F2DE9F74F03690C69E1
:108BE000A34280467EDB013C01F11407A30000F1A3
:108BF0001405009305EB8403019357F8243055F8CE
:108C0000242001339A4207EB8409B2FBF3F62ED3FA
:108C10004FF0000ABC46AE46D3465CF8043B98B21F
:108C200006FB00A0020C1B0C06FB0323DEF8002051
:108C300080B292B2121A5A44DEF800004FEA134A88
:108C40009BB2C3EB224303EB104392B242EA0342CE
:108C5000E1454EF8042B4FEA234BDED2009BEB5844
:108C60002BB9019B1A1F954230D3C8F810404046DB
:108C700001F01CFE002825DB01362946002057F8AC
:108C8000042BD1F800C01FFA82FE1FFA8CF3A3EB6D
:108C90000E030344120CC2EB234202EB1C429BB2B4
:108CA00043EA0243B94541F8043B4FEA2240E6D289
:108CB00055F8242005EB840322B9043B9D420BD3D5
:108CC000C8F81040304603B0BDE8F08F1368002BA1
:108CD000CBD1043A013CC6E71A68002AF0D1043B24
:108CE000013CEBE70020EEE72DE9F04F99B08DED68
:108CF0000E0B0C92C269229C0A9157EC106B8146B4
:108D0000139382B9102001F0FBF80246C9F81C0049
:108D100020B9A94BEF21A94802F01AFA0023C0E9B3
:108D200001330360C360116859B152684A6001237E
:108D300093408B60484601F021FBD9F81C3000229B
:108D40001A60B7F10008B5BF012300232360236038
:108D50009B4BBCBF28F00048CDF83C8033EA0803A9
:108D60001AD1139AC8F3130842F20F7358EA06088F
:108D7000136000F06185239B53B9924B21E0924B25
:108D800000930833239A1360009819B0BDE8F08F60
:108D90008C4B00930333F5E79DED0E7B002251ECE5
:108DA000170B00238DED067BF7F73EFE824650B190
:108DB000139A01231360239B13B1239A834B1360EF
:108DC000834B0093E0E79DED060B16AA17A94846D2
:108DD00001F090FE5FEA1854169D019079D0079B30
:108DE000CDF850A0C3F31303DDE9060143F07F5330
:108DF00043F44013A4F2FF3419460022754BF7F7F1
:108E0000F3F967A3D3E90023F7F7A6FB66A3D3E939
:108E10000023F7F7EBF9064620460F46F7F732FB3B
:108E200063A3D3E90023F7F797FB02460B463046CE
:108E30003946F7F7DBF906460F46F7F73DFE002205
:108E40008046002330463946F7F7F8FD48B14046E2
:108E5000F7F718FB32463B46F7F7E6FD08B908F18D
:108E6000FF38B8F1160F51D85B4B03EBC803D3E9B9
:108E70000023DDE90601F7F7E1FD002848D008F1FD
:108E8000FF38002312932D1B6B1E089343BF002352
:108E9000C5F1010708930027B8F1000F3ADB089BE2
:108EA000CDF8348043440893002309930A9B092B8F
:108EB00062D8052BC4BF043B0A930A9BA3F10203AB
:108EC000CCBF00240124032B62D8DFE803F0515308
:108ED000362B179C2C4404F23243202BC1BFC3F124
:108EE000400308FA03F804F2124326FA03F3D6BF4C
:108EF000C3F1200348EA030006FA03F0F7F7B2FAD9
:108F00000122A1F1F873013C149275E70123B9E73E
:108F10001290B8E7C8F1000309930023A7EB0807F4
:108F20000D93C3E701230B930C9B4344059301333B
:108F3000012B0493B8BF012306E001230B930C9B84
:108F4000002B28DDCDE90433D9F81C0000210422D0
:108F500002F114059D4243D94160484601F0D0F921
:108F6000009000283FD11D4B024640F2AF11D2E6DF
:108F70000023E3E70023D6E701240023CDE90A34E8
:108F80004FF0FF330022CDE904330C921223DBE7CC
:108F900001230B93F4E70123CDE904330C93D3E7CA
:108FA00061436F63A787D23FB3C8608B288AC63FEF
:108FB000FB799F501344D33F4FCF000866CF000882
:108FC0000000F07F4BCF000842CF000815CF00080B
:108FD00014CF00080000F83F78D20008C7CF00087F
:108FE00001315200B4E7D9F81C30009A1A60049B92
:108FF0000E2B75D8002C73D0B8F1000F40F3C4804D
:109000009F4B08F00F0203EBC20318F4807FD3E9F3
:1090100000AB4FEA281500F0A3809A4BDDE906016A
:10902000D3E90823F7F7C2FBCDE9020105F00F05EC
:109030000324944E002D40F0998052465B46DDE9B2
:109040000201F7F7B3FB82468B46129B002B00F020
:10905000C3808D4B002250465946F7F7EFFC00289D
:1090600000F0BA80049B002B00F0B680059B002B1B
:1090700036DD08F1FF33029350465946834B0022F8
:10908000F7F76AFA059E82468B4601342046F7F7C9
:10909000F9F952465B46F7F75FFA7D4B0022F7F786
:1090A000A5F80446A1F15075CDE91045002E40F019
:1090B0009780784B002250465946F7F795F822469C
:1090C0002B4682468B46F7F7D7FC002840F0BD823E
:1090D000224605F1004350465946F7F7AFFC20BB46
:1090E000179B002BC0F28D81B8F10E0F00F3898120
:1090F000634B03EBC803D3E900AB0C9B002B80F25E
:109100001B81049B002B00F317810ED1614B0022C1
:1091100050465946F7F720FA02460B46DDE90601AC
:10912000F7F796FC002800F0938200252C460C9B54
:10913000009EDB430293274600242946484601F05F
:109140001DF9002F00F0EE802CB1BC4203D0214667
:10915000484601F013F93946484601F00FF9E1E0BD
:109160009DED067B02248DED027B62E7E90708D5C1
:1091700050465946D6E90023F7F7EEF90134824606
:109180008B466D10083655E722D0C8F100053C4BE0
:109190003C4E05F00F0203EBC203D3E90023DDE9E7
:1091A0000601F7F7D9F92D1182468B460224002DCE
:1091B0003FF44BAFEA0708D550465946D6E900239D
:1091C000F7F7CAF9013482468B466D100836EEE790
:1091D000DDE906AB022438E7049ECDF8088055E7A8
:1091E000274B03EBC60353E902010B9B002B55D021
:1091F00002460B4600202849F7F7D8FADDE910238C
:10920000F6F7F2FF009BCDE910019D191E46594665
:109210005046F7F751FC00F13004F7F733F90246F6
:109220000B4650465946F6F7DFFFDDE9102306F8F6
:10923000014B82468B46F7F701FC002872D152465B
:109240005B4611490020F6F7CFFFDDE91023F7F761
:10925000F5FB002840F0B680AE423FF441AFDDE9B7
:1092600010010A4B0022F7F777F9084BCDE91001FE
:10927000002250465946F7F76FF982468B46C6E7FB
:1092800078D2000850D200080000F03F00002440CF
:1092900000001C40000014400000E03FDDE9102306
:1092A000F7F75AF9009B009CCDE910013344159360
:1092B00059465046F7F700FC00F13005F7F7E2F8A1
:1092C0000B46024659465046F6F78EFF04F8015BFE
:1092D000159B9C4282468B4627D1009B0022DDE9EC
:1092E00010011E44AA4BF6F781FF02460B4650467A
:1092F0005946F7F7C1FB002864D1DDE91023A449E2
:109300000020F6F771FF02460B4650465946F7F724
:1093100095FB00283FF4E4AE334616F8012D302AC1
:10932000FAD01E46DDF808803AE09A4B0022F7F7A3
:1093300013F982468B46BBE7009E52465B46DDE949
:109340000601F7F733FAF7F7B7FB0746F7F79AF88E
:1093500052465B46F7F700F902460B46DDE9060187
:10936000F6F742FF07F1300C009C06F801CBA6EBA4
:10937000040C049C644502460B4633D1F6F736FFD5
:1093800052465B4604460D46F7F776FBC0B9524697
:109390005B4620462946F7F747FB08B1FB070FD489
:1093A0000199484600F0EAFF0023139A337008F150
:1093B00001031360239B002B3FF4E6AC1E60E3E443
:1093C000CDF8088033461E4613F8012D392A06D100
:1093D000009A9A42F7D1029A013202923022013267
:1093E0001A709FE76B4B0022F7F7B6F802460B4660
:1093F000CDE9062300220023F7F716FB00289CD0B6
:10940000CEE70B9A002A00F0DF800A9A012A00F3C7
:10941000C380149A002A00F0B78003F23343099DF9
:109420003E46089A01211A4448461F44089201F01A
:10943000A3F8044656B1089B002B07DDB342089AF7
:10944000A8BF3346FF1AF61AD31A0893099B0BB329
:109450000B9B002B00F0BF80002D00F0B98021464F
:109460002A46484601F054F9019A01460446484606
:1094700001F098F801998246484600F07FFF099B69
:109480005B1B099300F0AA80099A5146484601F0F7
:109490003FF901900121484601F06EF80D9B054609
:1094A000002B00F0D0811A460146484601F030F901
:1094B0000A9B012B054600F399800E9B002B40F080
:1094C00090800F9BC3F31303002B40F08A800F9B07
:1094D00023F000431B0D1B05002B00F08580089B2B
:1094E0000133013708934FF0010A0D9B002B00F068
:1094F000B0812B6905EB8303186900F0F1FFC0F11F
:109500002000089B184410F01F0076D01B2870DC48
:10951000C0F11C000744064403440893002F05DDF6
:1095200001993A46484601F04FF90190089B002BFB
:1095300005DD29461A46484601F046F90546129BC4
:10954000002B5FD00198294601F0B0F9002859DAC4
:1095500008F1FF330293019900230A22484600F0E4
:109560002FFF0B9B0190002B00F0758100232146FB
:109570000A22484600F024FF059B002B044671DCBC
:109580000A9B022B47DC6DE0169BC3F1360346E7CE
:109590000000E03F00002440049B5D1E099BAB429D
:1095A00008DB5D1B049B002BBFF63AAF049BFE1A41
:1095B000002336E7099B0D9A0995EB1A1A440D9280
:1095C000049B3E4600252CE7099D0B9C3E4631E757
:1095D000DDF804A058E7099A019957E7CDF804A0EF
:1095E00058E74FF0000A80E79A467EE74FF0000AFE
:1095F0007FE71C2892D0C0F120001C30089B074454
:10960000064489E7049BCDF80880002B24DC0593F1
:109610000A9B022B22DD059B002B7FF488AD294697
:10962000059B0522484600F0CBFE01460546019801
:1096300001F03CF900287FF77AAD009E312306F84F
:10964000013B029B0133029375E535462C46F4E756
:10965000049DCDF80880F9E7049B05930B9B002B34
:1096600000F0FD80002E05DD21463246484601F01F
:10967000ABF80446BAF1000F58D06168484600F0D4
:109680003FFE064628B9814B024640F2EF21FFF724
:1096900042BB22690232920004F10C010C30FFF748
:1096A00083FA01223146484601F08EF80746009BB6
:1096B000009A03F10108059B134406930E9B03F0E7
:1096C0000103089329460198FFF786FA2146049082
:1096D00000F1300B019801F0E9F83A46059029466F
:1096E000484601F0FFF8C26808F1FF3A0646FAB9A9
:1096F0000146019801F0DAF80246314648460992DF
:1097000000F03CFEDDE9092342EA0301089B19430E
:1097100046460FD1BBF1390F28D0059B002B02DD47
:10972000049B03F1310B8AF800B006E52746BEE73B
:109730000122E2E7059B002B04DB0A990B43089901
:109740000B4320D1002AEEDD01990122484601F0A9
:109750003BF82946019001F0A9F8002803DCE2D18A
:109760001BF0010FDFD0BBF1390FD9D139238AF8B3
:10977000003033461E46013B16F8012C392A52D0E0
:1097800001321A70D9E4002A07DDBBF1390FEDD0A0
:109790000BF101038AF80030CFE4069B08F801BC06
:1097A00043452AD0019900230A22484600F008FECA
:1097B000BC4201904FF000034FF00A022146484698
:1097C00006D100F0FDFD0446074608F1010879E7DF
:1097D00000F0F6FD3946044600230A22484600F010
:1097E000EFFD0746F1E7059B5E1E002B009BD8BFEF
:1097F00000265A1C27461644002401990122484697
:1098000000F0E2FF2946019001F050F80028B0DC9A
:1098100002D11BF0010FACD133461E4613F8012DC7
:10982000302AFAD089E4009A9A42A3D1029B0133EC
:1098300002933123137080E4239B002B7FF49FAAB3
:10984000134BFFF7BEBA0A9B012B7FF736AEDDF84C
:1098500034A0012055E6059B002B7FF7D9AE009E72
:1098600001982946FFF7B8F900F1300B009B06F884
:1098700001BBF21A059B9342B5DD019900230A2230
:10988000484600F09DFD0190EAE700BFC7CF000801
:1098900042CF00080369B3EB611F2DE9F0434FEAA3
:1098A000611200F1140443DD11F01F0104EB830C7D
:1098B00004EB82050CD100F110062946614532D334
:1098C0009B1A9B00033DAC4538BF0023234414E0A2
:1098D00054F82260C1F12008CE4005F1040EA146E3
:1098E000F44515D89A1A9200043A0135AC4538BFB0
:1098F0000022A318A65006B104331A1BA3424FEA54
:10990000A20208BF0023026108BF4361BDE8F083E3
:10991000DEF8007007FA08F7374349F8047B5EF871
:10992000046BCE40DCE751F8047B46F8047FC5E7C2
:109930002346E2E7A0F13003092B02D82038C0B259
:109940007047A0F16103052B01D84738F7E7A0F174
:109950004103052B01D82738F1E7002070470000AC
:109960002DE9F04F85B00F4602930B6801909146A8
:109970009C1C20783028A04604F10104F9D0A8EB03
:109980000303A3F1020BFFF7D5FF8246002838D16D
:109990009F4901224046FFF7C2F80546002863D1DF
:1099A00098F801002646FFF7C5FF00285ED0207812
:1099B0003028A04604F10104F9D0FFF7BBFFB0FA4C
:1099C00080F4640935464FF0010BC24656460AF151
:1099D000010A3078FFF7AEFF0028F7D18C49012249
:1099E0003046FFF79CF878B945B9554656460AF116
:1099F000010A3078FFF79EFF0028F7D1AD1BAD00BC
:109A000004E000242546E0E7002DF7D1337803F089
:109A1000DF03502B37D173782B2B29D02D2B2BD054
:109A2000711C4FF0000A0878FFF784FF431EDBB279
:109A3000182B28D8A0F1100211F8010FFFF77AFFB8
:109A4000431EDBB2182B1AD9BAF1000F00D05242D4
:109A500015443960CCB1BBF1000F0CBF06270027BD
:109A6000384605B0BDE8F08F464655460124CDE79F
:109A70004FF0000AB11CD6E74FF0010AFAE70A23BB
:109A800003FB0200D6E73146E3E7A6EB0803013B00
:109A90002146072B0ADC019800F032FC044640B94D
:109AA0005C4B0246E4215C4801F052FB01315B1043
:109AB000EFE700F1140A002357469B46B04537D321
:109AC00047F804BBA7EB0A07BB102361584600F018
:109AD00007FDD9F80060C0EBC707B74254DDBF1BD4
:109AE0003946204601F0B2F8804678B17B1E591104
:109AF00003F01F025AF821104FF0010808FA02F291
:109B00000A4203D0434536DC4FF00208394620466E
:109B1000FFF7C0FE3D44D9F80830AB4242DA019865
:109B2000214600F02BFC0E9A00231360A32797E731
:109B300016F8012D2E2A12D0202B04D147F804BB91
:109B40004FF0000B5B4630780393FFF7F3FE039B67
:109B500000F00F0098404BEA000B0433AEE7B0452D
:109B6000EAD82B49039301223046FEF7D8FF039B26
:109B70000028E1D1A2E7B91E204601F067F80028CD
:109B8000C2D04FF00308C1E709DAF71B214601985C
:109B90003A4600F019FEED1B044600F1140A4FF09E
:109BA0000008B8E7D9F80430AB426FDD5D1BAE4268
:109BB00034DCD9F80C30022B22D0032B24D0012B1B
:109BC00015D1AE4213D1012E0BD1029AD9F804302F
:109BD000136001232361CAF800300E9B62271C60CA
:109BE0003EE7711E204601F031F80028EDD10198C2
:109BF000214600F0C3FB0E9A0023136050272FE785
:109C00000F9B002BF3D1E0E70F9B002BDDD1EEE79C
:109C100038CF0008C7CF0008D8CF00086F1EB8F1B2
:109C2000000F30D127B13946204601F00FF88046A9
:109C30007A1101235AF8222007F01F07BB40134274
:109C40002946204618BF48F00208761BFFF722FE7F
:109C5000D9F804500227B8F1000F42D0D9F80C30DF
:109C6000022B15D0032B17D0012B09D118F0020FAE
:109C700006D0DAF8003048EA030818F0010F0ED1D8
:109C800047F010072DE04FF00108D1E70127E2E788
:109C90000F9BC3F101030F930F9B002BF0D0D4F85F
:109CA00010A004F1140303EB8A0100201A68B2F13A
:109CB000FF3F1BD001321A60022F04F114033CD184
:109CC000D9F80020013AB24209D17111012253F8AA
:109CD000213006F01F0602FA06F61E423AD147F07E
:109CE00020070E9B1C60029B1D60B9E643F8040B25
:109CF0009942DBD8A3689A4517DB61680198013166
:109D000000F0FEFA804618B91A4B02468421CAE6D2
:109D10002269023204F10C0192000C30FEF744FF7C
:109D20002146019800F02AFB444623695A1C04EBA3
:109D30008303226101225A61BEE7226952450BDD8D
:109D400001212046FFF7A6FDD9F808300135AB42C6
:109D5000FFF6E5AE0127C2E716F01F06FAD003EBC7
:109D60008A03C6F1200653F8040C00F0B9FBB04298
:109D7000E6DBEFE7C7CF0008C2F10802920070B53A
:109D8000C2F120064368046803FA06F52C43D34069
:109D9000046040F8043F8842F4D370BD30B50368D6
:109DA0000139013311F8014F14B90360012030BDAE
:109DB00013F8012BA2F14105192D98BF2032A242C0
:109DC000F0D00020F3E72DE9F04F0B6887B05E116B
:109DD000029013F01F0302EB86060193029B18BF4B
:109DE00004360025371F196846F8045C9046B946CA
:109DF0003C46AB46AA464A784B1C039332B3104606
:109E000005910492FFF796FD002851D1049A059917
:109E1000202A16D8DA4512DD4C4506D2072D04DC7F
:109E20002A4649462046FFF7A7FF444553D9002359
:109E3000A4F1040944F8043CD3464C461D4603995A
:109E4000D9E7292A59D1029B02311960BAF1000FD2
:109E500053D04C4506D2072D04DC2A4649462046FD
:109E6000FFF78AFF444538D9A8F10402234653F886
:109E7000041B42F8041F9F42F9D23B1B23F003034B
:109E80000134033EB44288BF002308F104021344A6
:109E900000211A4604339F421160FAD23B681BB975
:109EA000474528D101233B60052007B0BDE8F08F6E
:109EB0000135082D0AF1010A06DD4445BFD900230A
:109EC00044F8043C0125043C226800F00F0040EAFD
:109ED00002102060B3E70825B1E7019B002BDDD01D
:109EE000C3F120034FF0FF32DA4056F8043C134030
:109EF00046F8043CD2E7043FD0E70420D5E7000051
:109F0000024B0146186800F025B800BF7C01002014
:109F100070B50F4C0E462168054611B901F0D4F812
:109F200020603146284601F0CFF8431C03D14FF0A2
:109F3000FF34204670BDC41C24F00304A042F8D0B6
:109F4000211A284601F0C0F80130F2D1EFE700BF36
:109F5000504300202DE9F843CD1C25F003050835BA
:109F60000C2D38BF0C25002D064601DBA94204D973
:109F70000C2333600020BDE8F883334F00F0B4F9C0
:109F80003B681C463CBB29463046FFF7C1FF431CDB
:109F9000044656D13C68A046B8F1000F40D1002CD1
:109FA00049D023684146304604EB030901F08CF8A0
:109FB000814540D121686D1A29463046FFF7A8FF38
:109FC000013038D023682B4423603B685A685ABB61
:109FD000C7F800800EE02268521B1ED40B2A16D947
:109FE0006119A342256018BF5960636808BF3960D2
:109FF00062514B60304600F07DF904F10B00231DE7
:10A0000020F00700C21A1CBF1B1AA350B3E76268F6
:10A01000A3420CBF3A605A60ECE723466468B1E79C
:10A020004446D8F80480B7E71A465B68A342FBD1E0
:10A0300000235360DEE70C233360304600F05AF90A
:10A0400098E70560D6E700BF5443002082B001B90D
:10A0500001A942B14BB113780B601278101E18BFE2
:10A06000012002B070471046FBE76FF00100F8E7EF
:10A070009368013B002B10B4936007DA9469A34204
:10A0800001DB0A2902D110BC00F0EEBE1368581C97
:10A0900010601970084610BC7047F8B506460F46A8
:10A0A0001446D518AC4201D1002007E014F8011B7A
:10A0B0003A463046FFF7DCFF431CF3D1F8BD000001
:10A0C0002DE9F04706469CB00D4614461F4618B1D0
:10A0D000036A0BB9FDF7BCFD6B6ED90705D4AB89DC
:10A0E0009A0502D4A86DFEF758FDAB891B0701D570
:10A0F0002B699BB92946304600F0F4FE70B16B6EB7
:10A10000DE0704D54FF0FF301CB0BDE8F087AB8907
:10A110009C05F7D4A86DFEF741FDF3E700230993F2
:10A1200020238DF82930039730236A4F8DF82A3089
:10A130004FF0010823461A7899461AB1252A03F1EF
:10A140000103F8D1B9EB040A0BD053462246294645
:10A150003046FFF7A2FF013000F0A380099A524475
:10A16000099299F80030002B00F09B8000224FF0FC
:10A17000FF33CDE9053209F10109049207928DF808
:10A1800053201A924C46052214F8011B5148F5F74A
:10A19000CFFF049AD0B9D00644BF20238DF85330A6
:10A1A000110744BF2B238DF8533099F800302A2B28
:10A1B00013D007994B4600204FF00A0C1A78303A1A
:10A1C000092A1C464AD9A8B1079113E0C01B08FA16
:10A1D00000F010430490A146D4E7039B191D1B68AF
:10A1E0000391002BBBBF5B4242F00202079307932F
:10A1F000B8BF049223782E2B0AD163782A2B32D150
:10A20000039B1A1D1B68039243EAE3730234059310
:10A21000DFF8D090217803224846F5F789FF38B15E
:10A22000049BA0EB090040228240134301340493B5
:10A23000217829488DF828100622F5F779FF0028A3
:10A240003ED0264818BB039B073323F0070308338F
:10A250000393099B0344013409936BE701330CFB1F
:10A2600001210120AAE700230593611C18464FF045
:10A270000A0C0A78303A092A0C4603D9002BC7D0B9
:10A280000590C5E701310CFB00200123F1E703AB8A
:10A2900000932A46124B04A93046FDF787F8431C69
:10A2A000D7D16B6ED90705D4AB899A0502D4A86DB6
:10A2B000FEF774FCAB895B063FF524AF099823E7F2
:10A2C00003AB00932A46064B04A93046FDF708FB72
:10A2D000E5E700BF41D000084BD00008AD7300088F
:10A2E0009BA0000847D000080148FEF756BC00BFFD
:10A2F0004C4300200148FEF751BC00BF4C430020F6
:10A3000070B5C46905460E4684B91020FFF7F8FD04
:10A310000446E86128B90246164B17486B2100F045
:10A3200017FF0023C0E901330360C360E36853B93A
:10A3300021220421284600F029FFEB69E060DB6858
:10A340000BB9002070BD53F8260030B1026843F805
:10A3500026200023C0E90333F4E7012101FA06F4C3
:10A36000621D9200284600F011FF0028E9D0C0E9E4
:10A370000164EEE74FCF000852D0000870B5C46901
:10A3800006460D4674B91020FFF7BAFD0246F0618B
:10A3900020B9094B09488F2100F0DAFEC0E90144D9
:10A3A0000460C4603DB1F3696A68DB6853F8221049
:10A3B000296043F8225070BD4FCF000852D00008EA
:10A3C0002DE9F0410D6907460C461E4601F1140CBB
:10A3D0000020DCF8003099B202FB01611E0C0B0C6E
:10A3E00002FB063389B2013001EB034185424CF890
:10A3F000041B4FEA1346ECDC0EB3A368AB4219DC36
:10A40000616838460131FFF77BFF804628B9024674
:10A410000C4B0D48BA2100F09BFE2269023204F178
:10A420000C0192000C30FEF7BFFB21463846FFF7C7
:10A43000A5FF444604EB850301355E612561204696
:10A44000BDE8F081C7CF000852D000082DE9F843DD
:10A45000884614461F4609220833064693FBF2F34A
:10A46000002101229A4209DB3046FFF749FF40B93B
:10A470000246194B1948D32100F06AFE52000131FF
:10A48000F0E7089B4361092C4FF00103036108DCEE
:10A4900008F10A050924641B2B199F4212DCBDE850
:10A4A000F88308F10905A946A04419F8013B0146C3
:10A4B000303B0A223046FFF783FFC145F5D12544E2
:10A4C000083DE8E715F8013B0146303B0A223046DB
:10A4D000FFF776FFE0E700BFC7CF000852D00008C3
:10A4E000B0F5803F034636BF030400201020B3F1CF
:10A4F000807F3CBF1B020830B3F1805F3CBF1B0173
:10A500000430B3F1804F3CBF9B000230002B04DBD2
:10A510005B0001D50130704720207047036813F0BD
:10A52000070201460BD0DA0722D4980749BF5B081F
:10A530009B0801200B605CBF0B600220704798B243
:10A54000A0B91B0C1020DAB20AB908301B0A1A078E
:10A5500004BF1B0904309A0704BF9B080230DA07C6
:10A5600002D45B0806D001300B6070471046EAE762
:10A57000002070472020704710B50C460121FFF7DE
:10A58000BFFE024628B9054B054840F2451100F0D0
:10A59000DFFD01234461036110BD00BFC7CF000888
:10A5A00052D000082DE9F04FD1F81080D2F8109069
:10A5B000C84585B00E46144604DB4B460C46C146E2
:10A5C00016469846A368616809EB0807BB42B8BF06
:10A5D0000131FFF795FE30B902464B4B4B484FF423
:10A5E000B17100F0B5FD00F1140505EB870B2B46AA
:10A5F00000225B4522D306F1140101EB880304F12C
:10A60000140C0CEB890C029304F1150363458CBF09
:10A61000002301230093ACEB0403153B9B0801933B
:10A62000029B03918B420CD8002F03DD5BF8043DA5
:10A63000002B67D0076105B0BDE8F08F43F8042B0D
:10A64000D7E7B1F800A0BAF1000F28D004F1140840
:10A65000A9464FF0000E58F8042BD9F8003096B2F6
:10A660009BB20AFB0633D9F80060120C360C734417
:10A670000AFB026606EB13469BB243EA0643C44557
:10A6800049F8043B4FEA164EE5D8009A019B002A90
:10A690004FEA830308BF00232B44C3F804E0039B65
:10A6A000B3F802E00431BEF1000F29D02B6804F1A9
:10A6B00014069846A9464FF0000A32880EFB02A203
:10A6C00002EB18429BB243EA024349F8043B56F8B6
:10A6D000043BD9F800804FEA134A1FFA88F30EFBB7
:10A6E0000A3303EB1243B4454FEA134AE5D8009E00
:10A6F000019A002E4FEA820208BF00222A445360CA
:10A7000004358DE7013F8FE7C7CF000852D000081E
:10A710002DE9F843174612F0030280460D4607D094
:10A72000264C013A002354F82220FFF749FE054643
:10A73000BF103FD0D8F81C4094B91020FFF7E0FBC1
:10A740000446C8F81C0030B902461D4B1D4840F2B3
:10A75000B31100F0FDFC0023C0E901330360C360C6
:10A76000A66846B940F271214046FFF705FF002375
:10A77000A060064603602C464FF0000907F0010375
:10A780007F1053B1294632464046FFF70BFF214662
:10A7900005464046FFF7F2FD67B1306838B93246EA
:10A7A00031464046FFF7FEFE3060C0F80090064696
:10A7B0002C46E3E72846BDE8F88300BF44D20008F2
:10A7C0004FCF000852D000082DE9F84F0C464968D9
:10A7D0002669A36806EB6216074691464FEA621A9D
:10A7E00006F1010843450BDB3846FFF789FD0546B6
:10A7F00048B902462B4B2C484FF4EF7100F0A8FCEF
:10A8000001315B00EEE700F1140100230A4618460F
:10A81000534539DB20692AEAEA7A01EB8A0104F11F
:10A82000140319F01F098C4603EB800030D0C9F1E6
:10A83000200A4FF0000E1A68E34602FA09F242EAD3
:10A840000E02CBF8002053F8042B98420CF1040CB4
:10A8500022FA0AFEEFD8031B153B23F0030304F191
:10A860001502904238BF00231944C1F804E0BEF13C
:10A87000000F00D1B0463846C5F810802146FFF7DA
:10A880007DFD2846BDE8F88F42F8040B0133BFE791
:10A8900053F8041BCCF8001098420CF1040CF7D8C4
:10A8A000E8E700BFC7CF000852D0000803690A6973
:10A8B0009B1A30B50ED11430143100EB820401EB39
:10A8C000820154F8045D51F8042D954204D006D25B
:10A8D0004FF0FF33184630BDA042F2D3FAE7012310
:10A8E000F8E700002DE9F74F8A4606461146504624
:10A8F0001446FFF7DBFF051E12D129463046FFF74D
:10A90000FFFC024628B9414B40F23721404800F095
:10A910001FFC0123C0E90435104603B0BDE8F08FE9
:10A92000BCBF5346A2463046DAF80410BABF1C46F4
:10A9300001250025FFF7E4FC024618B9334B40F22D
:10A940004521E3E7DAF810702669C5600AF11409B9
:10A9500004F1140E00F114050AF1100309EB870845
:10A960000EEB86060193AB464FF0000C019B5EF8A0
:10A97000040B53F804AF01931FFA8AF183B2CB1A88
:10A98000000C6344C0EB1A4000EB23409BB243EA47
:10A99000004376454BF8043B4FEA204CE6D8331B86
:10A9A000153B153423F00303A64238BF0023E818F3
:10A9B0004B441C1D04302646A5EB090546450ED325
:10A9C00008F10301091B21F003010133984538BF49
:10A9D0000021014451F8043DABB117619CE706EB3F
:10A9E000050E56F8041BE2464FEA11491CFA81FC99
:10A9F000514409EB2C4989B241EA09414FEA294CFB
:10AA0000CEF80010DAE7013FE4E700BFC7CF000847
:10AA100052D0000882B08DED000B019A0F4B13400D
:10AA2000A3F15073002B08DC5B42B3F1A07F4FEA27
:10AA3000235204DA4FF400231341002208E0A2F16C
:10AA400014031E2BDABF4FF00042DA40012200232C
:10AA50001946104641EC100B02B070470000F07F21
:10AA6000F8B5056900F1140606EB85052F1F55F8AA
:10AA7000044C2046FFF734FDC0F120030A280B6088
:10AA800016DCC0F10B0C24FA0CF1BE4241F07F53EE
:10AA900034BF55F8081C0021153004FA00F021FAE3
:10AAA0000CF143F4401301430A4643EC102BF8BD6C
:10AAB000BE423ABF55F8081CA5F1080700210B3823
:10AAC00012D0C0F1200521FA05F384401C43B7429F
:10AAD00044F07F538CBF57F8044C00248140EC4075
:10AAE00043F440132143DFE744F07F5343F4401322
:10AAF000DAE700002DE9F7430F46012159EC108BEE
:10AB00001646FFF7FDFB054630B90246234B2448A5
:10AB100040F20F3100F01CFBC9F30A54C9F31303D0
:10AB20000CB143F480130193B8F1000323D06846BD
:10AB30000093FFF7F3FC0099D8B1019AC0F120030C
:10AB400002FA03F30B43C2406B610192019BAB61BC
:10AB5000002B0CBF012202222A61A4B1A4F23344CB
:10AB600004443C60C0F135003060284603B0BDE8C5
:10AB7000F0836961EAE701A8FFF7D0FC019B6B61F4
:10AB800020300122E8E705EB8203A0F23240386072
:10AB90001869FFF7A5FCC0EB4210E5E7C7CF000836
:10ABA00052D00008F7B50E4669460746FFF758FF32
:10ABB00001A9304655EC104BB0EE407AF0EE607AC9
:10ABC000FFF74EFF33693A69D21ADDE900369B1B65
:10ABD00003EB4213002BD4BF10EE902A17EE902AFD
:10ABE00051EC100BD6BFC3EB033302EB035502EB62
:10ABF00003510B46024629462046F5F7D7FD41ECA6
:10AC0000100B03B0F0BD013970B549111469013161
:10AC100002F1140300EB810103EB8404051FA3423E
:10AC20000CD3A31A113B23F003031132944238BF13
:10AC3000002318440023884205D370BD53F8046BE9
:10AC400045F8046FEBE740F8043BF4E700F1140229
:10AC500000694B11984210B511DB0ADD11F01F019C
:10AC600007D052F8234024FA01F000FA01F18C4297
:10AC70000BD102EB8303934203D8002010BD03469F
:10AC8000F7E753F8041D0029F5D00120F6E710B5C9
:10AC90000C46B1F90E1000F005FA0028ABBF636D49
:10ACA000A3891B1823F48053ACBF6365A38110BD37
:10ACB0002DE9F0411F468B89DB0505460C461646FB
:10ACC00005D5B1F90E100223002200F0D9F9A389AD
:10ACD000B4F90E1023F48053A38132463B46284634
:10ACE000BDE8F04100F000BA10B50C46B1F90E1005
:10ACF00000F0C6F9B4F90C30421C0BBF23F48053AA
:10AD000043F48053A381A38118BF606510BDB1F9DE
:10AD10000E1000F0FBB90000B1F90C202DE9F04154
:10AD2000160705460C4651D44B68002B02DC0B6C11
:10AD3000002B49DDE66A002E46D0002312F4805233
:10AD40002F682B6031D0626DA389590705D56368E0
:10AD5000D21A636B0BB1236CD21A0023E66A216A04
:10AD60002846B047421CB4F90C3006D129681D2989
:10AD700045D8284ACA40D60741D500226260D90486
:10AD80002269226004D5421C01D12B6803B9606599
:10AD9000616B2F60C1B104F14403994202D028468F
:10ADA00000F008FA002363630EE0216A01232846BD
:10ADB000B0470246501CC7D12B68002BC4D01D2BB6
:10ADC00001D0162B1AD12F6000201DE00F69002F33
:10ADD000FAD093070E6808BF4B690F6018BF0023B5
:10ADE000A6EB07088B60B8F1000FEDDD216AA66ABB
:10ADF00043463A462846B047002807DCA38943F07B
:10AE00004003A3814FF0FF30BDE8F0810744A8EB79
:10AE10000008E8E70100402038B50B6905460C46FC
:10AE200013B91D46284638BD18B1036A0BB9FCF7A3
:10AE30000FFFB4F90C30002BF3D0626ED00704D4AE
:10AE4000990502D4A06DFDF7A8FE28462146FFF71C
:10AE500063FF636EDA070546E4D4A3899B05E1D45A
:10AE6000A06DFDF79BFEDDE7F8B505460F461446DD
:10AE700018B1036A0BB9FCF7EBFEA369A360A389C1
:10AE80001A0701D5236943B92146284600F02AF85C
:10AE900018B14FF0FF363046F8BD23692068C01A5C
:10AEA0006369834205DC21462846FFF7B5FF002889
:10AEB000EFD1A368013BA36023685A1C22601F7076
:10AEC000636901308342FEB204D0A389DB07E2D577
:10AED0000A2EE0D121462846FFF79EFF0028DAD04F
:10AEE000D7E7000038B5284B054618680C4618B15E
:10AEF000036A0BB9FCF7ACFEB4F90C30190720D487
:10AF0000DA0607D409222A6043F04003A3814FF0F8
:10AF1000FF3031E0580711D5616B41B104F14403B2
:10AF2000994202D0284600F045F9002363630022CD
:10AF3000A38962602269226023F0240343F008039E
:10AF4000A38123694BB9A38903F42073B3F5007F70
:10AF500003D02146284600F04AF8B4F90C3013F02B
:10AF600001020AD00022A26062695242A2612269F3
:10AF700042B913F08000C7D138BD990758BF626944
:10AF8000A260F4E70020F7E77C01002049B1FF2A26
:10AF900085BF8A2303600A704FF0FF3098BF0120FD
:10AFA00070470846704770B50E46B1F90E1000297B
:10AFB00096B014461D460ADAB28912F0800213D107
:10AFC0004FF4806100202A60216016B070BD6A468F
:10AFD00000F0ACF80028EFDB019A02F47042A2F511
:10AFE00000535A425A41EBE700224021EAE78B899D
:10AFF00073B59E0705460C4607D504F14703236049
:10B0000023610123636102B070BD01AB6A46FFF7A3
:10B01000CAFF009E28463146FEF79CFFB4F90C306B
:10B0200038B99A05EFD423F0030343F00203A38158
:10B03000E3E743F08003A381019B2060C4E9040699
:10B04000002BE0D0B4F90E10284600F009F80028D3
:10B05000D9D0A38923F0030343F00103A381D2E7EE
:10B0600038B5064C0023054608462360FAF7B8FABF
:10B07000431C02D1236803B12B6038BD5843002024
:10B0800038B5074C054608461146002222601A468C
:10B09000FAF7A8FA431C02D1236803B12B6038BD2C
:10B0A0005843002038B5074C054608461146002293
:10B0B00022601A46FAF76EFA431C02D1236803B1E4
:10B0C0002B6038BD5843002038B5064C0023054698
:10B0D00008462360FAF788FA431C02D1236803B1BB
:10B0E0002B6038BD5843002038B5074C054608464C
:10B0F0001146002222601A46FAF75AFA431C02D17E
:10B10000236803B12B6038BD5843002038B5064C86
:10B110000023054608462360FAF758FA431C02D17B
:10B12000236803B12B6038BD5843002038B5074C65
:10B1300000230546084611462360FAF74BFA431CE4
:10B1400002D1236803B12B6038BD00BF58430020F3
:10B150001FB51D46094B1B680646D86852B1084CFE
:10B160000091CDE90142074933462A4600F06EF8C6
:10B1700000F07EF8044C2246F2E700BF7C0100207C
:10B18000B4D00008C1D00008EFD0000870B5A1FB12
:10B19000026535B93146FEF7DDFE044628B9204682
:10B1A00070BD0C2303600024F9E732462946FDF701
:10B1B000AEFCF4E737B5002944D051F8043C0190C7
:10B1C000002BA1F10404B8BFE418FFF78DF81E4A64
:10B1D0000198136833B96360146003B0BDE8304070
:10B1E000FFF788B8A34208D9256861198B4201BFCF
:10B1F00019685B6849192160EDE71A465B680BB175
:10B20000A342FAD911685518A5420BD124682144EC
:10B210005418A3421160E0D11C685B6853600C4471
:10B220001460DAE702D90C230360D6E725686119B8
:10B230008B4204BF19685B68636004BF49192160D1
:10B240005460CAE703B030BD544300200EB403B5C8
:10B25000014603AB054853F8042B00680193FEF741
:10B260002FFF02B05DF804EB03B070477C010020B3
:10B2700008B5062000F02CF80120FAF785F91F29FF
:10B2800038B505460C4604D9162303604FF0FF304D
:10B2900038BDC26B12B152F821304BB9284600F0CC
:10B2A00031F8224601462846BDE8384000F018B87B
:10B2B000012B0AD0591C03D1162303600120E7E7B4
:10B2C000002142F82410204698470020E0E70000C3
:10B2D000024B01461868FFF7D2BF00BF7C01002077
:10B2E00038B5074C00230546084611462360FAF797
:10B2F00043F9431C02D1236803B12B6038BD00BF62
:10B3000058430020FAF736B900B52DED028B83B013
:10B31000B0EE408ACDED010A00F0D4FADDED010A6D
:10B32000B4EE608AF1EE10FA06D6DFED0C7AF4EE98
:10B33000670AF1EE10FA03D003B0BDEC028B00BD3A
:10B34000CDED017AFDF7FEFBDDED017A87EEA70A70
:10B350002123036003B0BDEC028B00BD00000000A0
:10B3600008B52DED048BB0EE409AF0EE609A00F037
:10B370007FF8B0EE408AF0EE608AB0EE490AF0EE57
:10B38000690A00F065F878B119A3D3E9002351ECFC
:10B39000190BF5F771FB70B917A3D3E9002351EC32
:10B3A000190BF5F74BFB98B9B0EE480AF0EE680AB6
:10B3B000BDEC048B08BD9FED0A8BFDF7C3FBB0EE1F
:10B3C000480AF0EE680ABDEC048B2223036008BD36
:10B3D000FDF7B8FB22239FED048B0360E4E700BF79
:10B3E000000000000000F07F0000000000000000EE
:10B3F000EF39FAFE422E864051302DD5104987C0D4
:10B4000000B52DED028BB0EE408A83B000F02CF831
:10B41000B4EE488AF1EE10FA06D6DFED0C7AB4EEFF
:10B42000E78AF1EE10FA03D403B0BDEC028B00BD45
:10B43000CDED017AFDF786FBDDED017A87EEA70AF7
:10B440002123036003B0BDEC028B00BD00000000AF
:10B4500082B08DED000B019840F0004000F58010A7
:10B46000C00F02B0704700BFB1EEC00A704700BF06
:10B470002DE9F04755EC104BD34925F000428A42A4
:10B4800086B04FEAD5760CD9D0498A4270D9C5F337
:10B490001303234340F05481002E66D09FEDB20B7E
:10B4A00063E0CB4B9A4200F21A81CA4B9A4240F2B7
:10B4B000308122462B4620462946F5F74DF8ACA3AD
:10B4C000D3E9002306460F46F5F746F8AAA3D3E9C9
:10B4D0000023F4F789FE32463B46F5F73DF8A8A372
:10B4E000D3E90023F4F782FE32463B46F5F734F801
:10B4F000A5A3D3E90023F4F777FE32463B46F5F7E0
:10B500002BF8A3A3D3E90023F4F770FE32463B46A1
:10B51000F5F722F802460B4620462946F4F764FE6A
:10B52000CDE90201DDE90289204642464B46294623
:10B53000F5F712F8002206460F464FF080434046CA
:10B540004946F4F751FE02460B4630463946F5F7B8
:10B550002DF922462B46F4F747FE02460B46002003
:10B560009D49F4F741FE41EC100B06B0BDE8F087B1
:10B5700089A3D3E9002320462946F5F77DFA07463B
:10B58000002840F0E88086A3D3E90023204629461E
:10B59000F5F754FA002840F03781904B204603EB32
:10B5A000C606294680A3D3E90023F4F7D5FFD6E9E0
:10B5B0000023F4F71BFEF5F77FFA0646F4F762FF67
:10B5C0007BA3D3E9002307468846F4F7C5FF02466C
:10B5D0000B4620462946F4F707FE02460B4638463E
:10B5E000414691469A4674A3D3E90023F4F7B4FF89
:10B5F000CDE90001DDE9002348465146F4F7F4FDAA
:10B6000002460B4604460D46F4F7A6FF58A3D3E9BD
:10B61000002307468846F4F79FFF57A3D3E900238A
:10B62000F4F7E2FD3A464346F4F796FF54A3D3E914
:10B630000023F4F7DBFD3A464346F4F78DFF52A3AF
:10B64000D3E90023F4F7D0FD3A464346F4F784FFEC
:10B650004FA3D3E90023F4F7C9FD3A464346F4F774
:10B660007BFF02460B4620462946F4F7BDFD074600
:10B670008846204629463A464346CDE90278F4F703
:10B680006BFFCDE90401002E3FF44CAF3A46434630
:10B6900000204FF08041F4F7A7FD02460B46DDE99C
:10B6A0000401F5F783F802460B46DDE90001F4F7E3
:10B6B0009BFD4A465346F4F797FD0B460246464922
:10B6C0000020F4F791FD6FF47F739E42C0F28E80EC
:10B6D00001EB065141EC100B06B0BDE8F087404B82
:10B6E0009A423FF65AAF3F4B03EBC603D3E9002320
:10B6F00020462946F4F778FD3B4B03EBC60393ED58
:10B70000007B86F001038DED007B81468A469E1BFF
:10B7100070E72BA3D3E9002320462946F4F766FD02
:10B720002D4B0022F5F7A8F900283FF4C2AE2A4BB2
:10B73000002220462946F4F759FD41EC100B14E78E
:10B7400022462B4620462946F4F750FD41EC100BCB
:10B7500006B0BDE8F087002006B0BDE8F04700F075
:10B760000FBA00BFAFF3008000000000000000002F
:10B77000D0A4BE726937663EF16BD2C541BDBB3EF7
:10B780002CDE25AF6A56113F93BDBE166CC1663FD5
:10B790003E5555555555C53FEF39FAFE422E864068
:10B7A00051302DD5104987C0FE822B654715F73FD4
:10B7B0000000E0FE422EE63F763C7935EF39EA3D67
:10B7C0009C7500883CE4377E412E8640FFFFEF7F6A
:10B7D000422ED63FFFFFEF3D0000F03F60D3000850
:10B7E000B1A2F03F50D3000840D3000806F57A73A9
:10B7F00001EB035100224FF0B873F4F7ADFE41ECBA
:10B80000100B06B0BDE8F087384606B0BDE8F0473B
:10B8100000F0AEB900B583B08DED000B0199DDF8F5
:10B8200000C0C1F30A52A2F2FF33132B0CDC002B31
:10B830002CDB2348184100EA010252EA0C022BD10A
:10B840009DED000B03B000BD332B0BDDB3F5806F16
:10B85000F6D1DDE9002310461946F4F7C7FC41ECA8
:10B86000100BEFE7A2F213424FF0FF3020FA02F282
:10B8700012EA0C0FE4D0C3F133030120984010EB1F
:10B880000C0028BF013120EA02000DE0013301F075
:10B8900000410FD0002007E04FF4002242FA03F3EA
:10B8A0000B4423EA000100200B46024643EC102B18
:10B8B00003B000BD41F07F5141F440110020F3E797
:10B8C000FFFF0F0010EE903A30B523F00044621EE7
:10B8D000B2F1FF4F3FD210EE101A21F0004EBEF130
:10B8E000FF4F38D2A6453ADB01F00042154600F082
:10B8F0009D8011F0FF4F03F0FF4C49D14FEA0E201D
:10B900006FF07D024000002802F1FF32FADCBCF14A
:10B91000000F5BD123026FF07D0C5B000CF1FF3C4C
:10B92000FBD512F17E0F6CDA6FF07D00831AA0EB6D
:10B930000C00B2EB0C020EFA03F104FA00F36DD026
:10B94000013A03E03AD04100013A09D3C81A00286D
:10B95000F8DA4900F8E760EE200A80EEA00A30BD70
:10B96000CB1A48BF0B461BB928E05B000CF1FF3C2B
:10B97000B3F5000FF9DB1CF17E0F38DA6FF07D00B4
:10B98000A0EB0C00034145EA030200EE102A30BD93
:10B990004FEAEE52BCF1000F16D0E415C1F31601C8
:10B9A000C3F31603121B41F4000143F40003A4F196
:10B9B0007F0CC5D1CB1A002B18DBD6D1224B03EB61
:10B9C000557393ED000A30BD7F3AA3E7E415A4F167
:10B9D0007F0C6FF07D01891AC3F31603A2EB0C02F2
:10B9E00043F400030EFA01F1013AAFE70B46A3F569
:10B9F00000030CF17F0C2B4343EACC5300EE103ACA
:10BA000030BD6FF07D00C1F31601A0EB0C0041F4D6
:10BA10000001A2EB0C0204FA00F391E7CB1A002B11
:10BA20000ADBCBD0B3F5000F9FDBABE7064B03EB94
:10BA3000527393ED000A30BD0029BFD0B1F5000F5D
:10BA40000B4692DB9EE700BF70D3000808B52DEDD2
:10BA5000028BF0EE408AB0EE608A00F047F820B921
:10BA6000B0EE480ABDEC028B08BDB0EE480A00F00B
:10BA70003DF858B1F4EEC88AF1EE10FAC8BFB0EE46
:10BA8000688AB0EE480ABDEC028B08BDB0EE688A49
:10BA9000B0EE480ABDEC028B08BD00BF08B52DED25
:10BAA000028BF0EE408AB0EE608A00F01FF820B9F9
:10BAB000B0EE480ABDEC028B08BDB0EE480A00F0BB
:10BAC00015F858B1B4EEE88AF1EE10FAC8BFB0EE3E
:10BAD000688AB0EE480ABDEC028B08BDB0EE688AF9
:10BAE000B0EE480ABDEC028B08BD00BF10EE103A64
:10BAF00033F000400ED0A0F50003B3F1FE4F0DD39C
:10BB0000074B421E9A4207D9A0F1FF40B0FA80F0DD
:10BB10004009704702207047032070470420704797
:10BB2000FEFF7F0010B582B08DED000B0446FDF7DF
:10BB300009F89DED000B046002B010BD00B503468E
:10BB400083B051EC100B83B1024601F10043CDE903
:10BB50000023DDE90023F4F7FFFC41EC100B222069
:10BB600003B05DF804EBFFF7DDBF02460B46EEE7DE
:10BB70009FED010BFFF7E2BF000000000000001086
:10BB80009FED010BFFF7DABF00000000000000701E
:10BB900080EA104080EA102080EA101046F69613E2
:10BBA00000F00F0043FA00F000F00100704700BF02
:10BBB00038B50022002304460D46F4F73FFF28B9AC
:10BBC00020462946BDE8384000F00AB8204605F175
:10BBD000004100F005F8404261EB410138BD00BF73
:10BBE00070B50C4B002204460D46F4F7B5FCF4F793
:10BBF0008BFF0646F4F736FC074B0022F4F7ACFC4B
:10BC000002460B4620462946F4F7EEFAF4F77CFF8D
:10BC1000314670BD0000F03D0000F041F8B500BFB6
:10BC2000F8BC08BC9E467047F8B500BFF8BC08BC1D
:04BC30009E46704775
:10BC380000070E091C1B1215383F363124232A2D04
:10BC480070777E796C6B6265484F464154535A5DF4
:10BC5800E0E7EEE9FCFBF2F5D8DFD6D1C4C3CACDE4
:10BC680090979E998C8B8285A8AFA6A1B4B3BABDD4
:10BC7800C7C0C9CEDBDCD5D2FFF8F1F6E3E4EDEAC4
:10BC8800B7B0B9BEABACA5A28F88818693949D9AB4
:10BC98002720292E3B3C35321F18111603040D0AA4
:10BCA8005750595E4B4C45426F68616673747D7A94
:10BCB800898E878095929B9CB1B6BFB8ADAAA3A484
:10BCC800F9FEF7F0E5E2EBECC1C6CFC8DDDAD3D474
:10BCD800696E676075727B7C51565F584D4A434464
:10BCE800191E171005020B0C21262F283D3A333454
:10BCF8004E49404752555C5B7671787F6A6D646344
:10BD08003E39303722252C2B0601080F1A1D141333
:10BD1800AEA9A0A7B2B5BCBB9691989F8A8D848323
:10BD2800DED9D0D7C2C5CCCBE6E1E8EFFAFDF4F313
:10BD380000000000000000000102030406070809D3
:10BD480000000000010203040D0A0D0A0D0A0D0A85
:10BD58000D0000003E3E2041746865616E204D6F05
:10BD6800746F7220436F6E74726F6C6C6572203CD6
:10BD78003C0D00003E3E2056657273696F6E3A2096
:10BD880025642E25642E2564203C3C0D0A00000005
:10BD98003E3E20496E76616C69642F756E696E69E6
:10BDA8007469616C697A656420636F6E666967752A
:10BDB800726174696F6E3B207573696E67205241BA
:10BDC8004D2064656661756C7473202843414E206C
:10BDD80052583D312054583D3029203C3C0D00003C
:10BDE8003E3E204452563833323320636F6E6669C4
:10BDF8006775726174696F6E2F72656164626163E1
:10BE08006B206661696C65643B206D6F746F72208E
:10BE18006D6F64652072656D61696E73206C6F6308
:10BE28006B6564203C3C0D00436865636B696E6715
:10BE3800207068617365207369676E2C20706F6C61
:10BE4800652070616972730D0000000050686173AD
:10BE580065206F7264657220636F72726563740D1A
:10BE6800000000005377617070696E672070686128
:10BE78007365207369676E0D00000000506F6C6574
:10BE88002050616972733A2025640D0A0000000091
:10BE980053746172743A20252E3366202020456E33
:10BEA800643A20252E33660D0A000000506F6C6539
:10BEB800205061697273203E2025642C2072656DC4
:10BEC800616C6C6F63206572726F725F6172725B16
:10BED8005D2073697A652E0D0A0000005374617243
:10BEE80074696E67206F66667365742063616C2081
:10BEF800616E64206C696E656172697A6174696FDC
:10BF08006E0D0000256420256420256420252E332D
:10BF1800660D0A002564202025640D0A0000000033
:10BF28006C6F6F705F636F756E743A20256C750D5A
:10BF38000A0000000A0D4641554C540A0D00000045
:10BF48005644535F4F43500A0D0000004744460AC9
:10BF58000D00000055564C4F0A0D00004F54534435
:10BF68000A0D00005644535F48410A0D00000000C6
:10BF78005644535F4C410A0D000000005644535F7D
:10BF880048420A0D000000005644535F4C420A0D17
:10BF9800000000005644535F48430A0D00000000AB
:10BFA8005644535F4C430A0D0000000053415F4F55
:10BFB800430A0D0053425F4F430A0D0053435F4F3E
:10BFC800430A0D004F54570A0D00000043505556C0
:10BFD8000A0D00005647535F48410A0D0000000053
:10BFE8005647535F4C410A0D000000005647535F07
:10BFF80048420A0D000000005647535F4C420A0DA4
:10C00800000000005647535F48430A0D0000000037
:10C018005647535F4C430A0D0000000020436F6DE4
:10C028006D616E64733A0D00206D2020202D204D27
:10C038006F746F72204D6F64650D000020632020BF
:10C04800202D2043616C69627261746520456E63BE
:10C058006F6465720D00000020732020202D20538E
:10C06800657475700D00000020652020202D204487
:10C078006973706C617920456E636F6465720D0039
:10C08800207A2020202D20536574205A65726F2055
:10C09800506F736974696F6E0D00000020657363DB
:10C0A800202D204578697420746F204D656E750DBC
:10C0B800000000000D0A20436F6E666967757261A3
:10C0C80074696F6E204F7074696F6E73200A0D006B
:10C0D8006D696E00706172616D6574657200000053
:10C0E800707265666978000020252D347320252D2F
:10C0F80033317320252D357320252D367320252DBA
:10C1080032730D0A0000000063757272656E742048
:10C1180076616C75650000006D6178000D0A204D30
:10C128006F746F723A0D000030000000476561724D
:10C1380020526174696F00006700000020252D34CB
:10C148007320252D33317320252D357320252D3669
:10C158007320252E33660A0D000000002D00000014
:10C16800546F7271756520436F6E7374616E7420BD
:10C17800284E2D6D2F4129006B00000020252D34FD
:10C188007320252D33317320252D357320252D3629
:10C198007320252E35660A0D000000000D0A204385
:10C1A8006F6E74726F6C3A0D000000003130300011
:10C1B80043757272656E742042616E647769647447
:10C1C800682028487A2900006200000020252D34C4
:10C1D8007320252D33317320252D357320252D36D9
:10C1E8007320252E31660A0D0000000032303030F1
:10C1F80000000000302E300043757272656E7420A6
:10C208004C696D6974202841290000006C00000009
:10C2180036302E30000000004D617820506F736971
:10C2280074696F6E20536574706F696E742028721C
:10C2380061642900700000004D61782056656C6FBC
:10C248006369747920536574706F696E74202872FD
:10C258006164292F73000000760000004D6178208A
:10C26800506F736974696F6E204761696E20284E3C
:10C278002D6D2F7261642900780000003130303054
:10C288002E3000004D61782056656C6F63697479B3
:10C29800204761696E20284E2D6D2F7261642F73BF
:10C2A8002900000064000000352E30004657204366
:10C2B800757272656E74204C696D69742028412905
:10C2C800000000006600000033332E30000000003C
:10C2D80054656D70204375746F6666202843292065
:10C2E8002830203D206E6F6E652900006800000030
:10C2F80031353000436F6E74696E756F7573204306
:10C30800757272656E742028412900006300000070
:10C3180034302E300000000043616C696272617431
:10C32800696F6E2043757272656E7420284129000A
:10C338006100000032302E30000000000D0A20435A
:10C34800414E3A0D0000000043414E204944000090
:10C358006900000020252D347320252D33317320EA
:10C36800252D357320252D367320252D35690A0D89
:10C37800000000003132370043414E205458204914
:10C38800440000006D00000043414E2054696D6573
:10C398006F757420286379636C6573292830203D94
:10C3A800206E6F6E652900007400000020252D3472
:10C3B8007320252D33317320252D357320252D36F7
:10C3C800732025640A0D0000313030303030000011
:10C3D800200A0D20546F206368616E676520612014
:10C3E80076616C75652C207479706520277072658C
:10C3F800666978272776616C75652727454E544509
:10C4080052270A0D20652E672E20276231303030E2
:10C418002727454E544552270D0A200056414C55B2
:10C428004553204E4F542041435449564520554EBC
:10C4380054494C20504F574552204359434C4521AD
:10C44800200A0D0A0D000000455F5A45524F3A2058
:10C458002564202025660D0A00000000436F6E66E3
:10C46800696775726174696F6E2073617665207291
:10C47800656A65637465643B2070726576696F757B
:10C488007320646174612070726573657276656487
:10C498002E0D0000495F42572073657420746F2089
:10C4A80025660D0A0000000043414E5F4944207391
:10C4B800657420746F2025640D0A000043414E5FA7
:10C4C80054585F49442073657420746F2025640DA7
:10C4D8000A000000495F4D41582073657420746F4D
:10C4E8002025660D0A000000495F46575F4D4158F8
:10C4F8002073657420746F2025660D0A0000000003
:10C5080043414E5F54494D454F555420736574203F
:10C51800746F2025640D0A0054454D505F4D4158F5
:10C528002073657420746F2025660D0A00000000D2
:10C53800495F4D41585F434F4E54207365742074D2
:10C548006F2025660D0A0000495F43414C20736542
:10C558007420746F2025660D0A000000475220736E
:10C56800657420746F2025660D0A00004B542073F3
:10C57800657420746F2025660D0A00004B505F4DCE
:10C5880041582073657420746F2025660D0A0000D9
:10C598004B445F4D41582073657420746F202566A5
:10C5A8000D0A0000505F4D41582073657420746F68
:10C5B8002025660D0A000000565F4D41582073651E
:10C5C8007420746F2025660D0A0000000D0A2027CC
:10C5D800256327204E6F7420612076616C69642082
:10C5E800636F6D6D616E64207072656669780D0A9F
:10C5F8000D0A00005A65726F2073617665207265B6
:10C608006A65637465643B2070726576696F7573DB
:10C618002064617461207072657365727665642E3A
:10C628000D0000000A0D20205361766564206E65B8
:10C6380077207A65726F20706F736974696F6E3ACC
:10C64800202025640A0D0A0D000000005261773A87
:10C65800202535640000000020204C696E65617259
:10C66800697A656420436F756E743A2025356400D5
:10C67800202053696E676C65205475726E3A2520C8
:10C68800342E33660000000020204D756C7469203C
:10C698005475726E3A2520352E3366002020456C7D
:10C6A800656374726963616C3A2520352E336600C0
:10C6B80020205475726E733A252032640000000001
:10C6C800202056616C69643A25750000202053507B
:10C6D800493A256C75000000202050617269747910
:10C6E8003A256C7500000000202045463A256C75F7
:10C6F8000D0A00000001020605000000000000000D
:10C708002975493CDF6EC93C6F0E173D3160493DC4
:10C718008FA97B3D38F4963D6B0EB03D4721C93D4E
:10C728005E2EE23DEC2FFB3D7F130A3E698C163EE0
:10C7380076FD223EA5662F3E97CA3B3E4A29483ED3
:10C74800807D543EDAC9603E560E6D3EF54A793E0C
:10C758003CBD823E0FD1883EA4DF8E3EFBE8943E6E
:10C76800C4EB9A3EFFE7A03EFCDEA63E6CCFAC3E93
:10C778004EB9B23EA29CB83E1878BE3EB24BC43EFB
:10C78800BD18CA3EECDDCF3EED99D53E614FDB3E8C
:10C7980059FAE03EC39EE63EB038EC3E71C9F13E20
:10C7A8005452F73EBBD0FC3E5322013FB2D7033F61
:10C7B800D387063FB532093F5AD80B3FC0780E3FA2
:10C7C8004013113F82A8133FDF37163F55C1183F6A
:10C7D800E5441B3F8FC21D3F543A203F8AAB223F9E
:10C7E800DB16253F9E7B273FD3D9293F7B312C3F42
:10C7F800ED812E3F79CC303FD00F333FF14B353FA1
:10C808008481373FE2AF393F0AD73B3FFDF63D3FD2
:10C81800130F403F9B20423F9E29443F132C463F25
:10C828000326483FBD184A3F9B034C3FF3E54D3F65
:10C8380016C14F3FB493513F745E533F5721553F44
:10C848000EDB563F8F8D583FE3365A3FB2D75B3FDA
:10C85800A4705D3F69005F3F5188603F0C07623FED
:10C868009A7C633FA3E9643F274E663F7EA9673FF2
:10C8780050FC683F4E456A3FC6856B3F12BD6C3F12
:10C8880031EB6D3F23106F3F412B703FD93D713F16
:10C898009D46723F3546733F9F3C743F3529753F2F
:10C8A8009E0C763F32E6763F9AB6773F2C7D783FEE
:10C8B800EB39793F7CED793F39977A3F22377B3FD7
:10C8C80036CD7B3F75597C3F87DC7C3F1D557D3FCE
:10C8D80087C47D3F74297E3F34857E3F77D67E3F6F
:10C8E8008E1E7F3F295C7F3FEF8F7F3F88BA7F3F57
:10C8F800A5DA7F3FEDF07F3F61FD7F3F0000803F7D
:10C9080023F87F3F19E77F3F92CB7F3F37A67F3FD2
:10C91800AF777F3FAB3E7F3FD2FB7E3F25AF7E3F69
:10C92800A3587E3F4DF87D3F228E7D3F221A7D3FE2
:10C938004E9C7C3FA5147C3F27837B3FD5E77A3FFD
:10C9480057437A3F0395793FDBDC783FDF1A783F1E
:10C95800B54F773FB77A763FE59B753FE5B3743FB0
:10C96800B9C2733FB9C7723F8BC3713F31B6703FCD
:10C97800029F6F3FA67E6E3F1D556D3F68226C3F3C
:10C9880086E66A3F1FA2693FE353683F22FD663F80
:10C99800349D653F1A34643F22C3623F5648613F65
:10C9A800ACC55F3FD6395E3F7AA55C3F9A085B3FCE
:10C9B8003563593F4AB5573F82FF553F8E40543F34
:10C9C800637A523FB4AB503F80D44E3F6FF54C3F33
:10C9D800280F4B3F5C20493FB329473FD42B453FA5
:10C9E8001826433F7E18413FB0033F3FABE73C3F2B
:10C9F80072C43A3F5B99383FB667363FDC2E343F06
:10CA0800CCEE313F2FA82F3F5C5A2D3FFB052B3F23
:10CA18000DAB283F9049263F2EE2233F9773213FD5
:10CA280019FF1E3FB6841C3FC5031A3F957D173F6B
:10CA3800D8F0143FDD5E123FFCC60F3F35290D3F8D
:10CA48002F860A3FECDD073F6A30053FAA7D023F8B
:10CA5800598BFF3E3012FA3E8A8EF43E0803EF3EB1
:10CA6800096DE93EDDCDE33E8525DE3E4F75D83EB6
:10CA78003CBDD23EFCFBCC3EDF32C73E3563C13EF7
:10CA88005D8ABB3E47ACB53E05C5AF3E84D8A93EDE
:10CA980075E5A33E89EA9D3E60EA973EF7E4913E3C
:10CAA80002D98B3ECEC7853EB7627F3EF52D733ED9
:10CAB800B7EE663EFDA45A3E65534E3EF0F9413E40
:10CAC8003D9B353E0E32293EA0C31C3EF44F103E1E
:10CAD8000AD7033EC4B1EE3DB9A5D53DA298BC3DE9
:10CAE8001B82A33D49658A3D6685623DD637303D48
:10CAF800F7C7FB3CC615973C5374C93B5374C9BB75
:10CB0800C61597BCF7C7FBBCD63730BD668562BD76
:10CB180049658ABD1B82A3BDA298BCBDB9A5D5BD78
:10CB2800C4B1EEBD0AD703BEF44F10BEA0C31CBEED
:10CB38000E3229BE3D9B35BEF0F941BE65534EBE4F
:10CB4800FDA45ABEB7EE66BEF52D73BEB7627FBEB2
:10CB5800CEC785BE02D98BBEF7E491BE60EA97BE08
:10CB680089EA9DBE75E5A3BE84D8A9BE05C5AFBE3A
:10CB780047ACB5BE5D8ABBBE3563C1BEDF32C7BE3A
:10CB8800FCFBCCBE3CBDD2BE4F75D8BE8525DEBEF3
:10CB9800DDCDE3BE096DE9BE0803EFBE8A8EF4BEA3
:10CBA8003012FABE598BFFBEAA7D02BF6A3005BF9C
:10CBB800ECDD07BF2F860ABF35290DBFFCC60FBFA6
:10CBC800DD5E12BFD8F014BF957D17BFC5031ABF2D
:10CBD800B6841CBF19FF1EBF977321BF2EE223BF67
:10CBE800904926BF0DAB28BFFB052BBF5C5A2DBF54
:10CBF8002FA82FBFCCEE31BFDC2E34BFB66736BFAF
:10CC08005B9938BF72C43ABFABE73CBFB0033FBFC4
:10CC18007E1841BF182643BFD42B45BFB32947BF51
:10CC28005C2049BF280F4BBF6FF54CBF80D44EBF67
:10CC3800B4AB50BF637A52BF8E4054BF82FF55BF1A
:10CC48004AB557BF356359BF9A085BBF7AA55CBF21
:10CC5800D6395EBFACC55FBF564861BF22C362BF4D
:10CC68001A3464BF349D65BF22FD66BFE35368BFB5
:10CC78001FA269BF86E66ABF68226CBF1D556DBFDB
:10CC8800A67E6EBF029F6FBF31B670BF8BC371BFE8
:10CC9800B9C772BFB9C273BFE5B374BFE59B75BFAF
:10CCA800B77A76BFB54F77BFDF1A78BFDBDC78BFBE
:10CCB800039579BF57437ABFD5E77ABF27837BBFF0
:10CCC800A5147CBF4E9C7CBF221A7DBF228E7DBFDF
:10CCD8004DF87DBFA3587EBF25AF7EBFD2FB7EBF78
:10CCE800AB3E7FBFAF777FBF37A67FBF92CB7FBFFB
:10CCF80019E77FBF23F87FBF000080BF61FD7FBFBA
:10CD0800EDF07FBFA5DA7FBF88BA7FBFEF8F7FBF07
:10CD1800295C7FBF8E1E7FBF77D67EBF34857EBFDE
:10CD280074297EBF87C47DBF1D557DBF87DC7CBF4E
:10CD380075597CBF36CD7BBF22377BBF39977ABF09
:10CD48007CED79BFEB3979BF2C7D78BF9AB677BF78
:10CD580032E676BF9E0C76BF352975BF9F3C74BFFF
:10CD6800354673BF9D4672BFD93D71BF412B70BF19
:10CD780023106FBF31EB6DBF12BD6CBFC6856BBF93
:10CD88004E456ABF50FC68BF7EA967BF274E66BF85
:10CD9800A3E964BF9A7C63BF0C0762BF518860BF78
:10CDA80069005FBFA4705DBFB2D75BBFE3365ABFEF
:10CDB8008F8D58BF0EDB56BF572155BF745E53BFCA
:10CDC800B49351BF16C14FBFF3E54DBF9B034CBF92
:10CDD800BD184ABF032648BF132C46BF9E2944BF2F
:10CDE8009B2042BF130F40BFFDF63DBF0AD73BBF94
:10CDF800E2AF39BF848137BFF14B35BFD00F33BFA6
:10CE080079CC30BFED812EBF7B312CBFD3D929BF60
:10CE18009E7B27BFDB1625BF8AAB22BF543A20BFB3
:10CE28008FC21DBFE5441BBF55C118BFDF3716BFF2
:10CE380082A813BF401311BFC0780EBF5AD80BBFCA
:10CE4800B53209BFD38706BFB2D703BF532201BF8C
:10CE5800BBD0FCBE5452F7BE71C9F1BEB038ECBEAF
:10CE6800C39EE6BE59FAE0BE614FDBBEED99D5BE62
:10CE7800ECDDCFBEBD18CABEB24BC4BE1878BEBE6C
:10CE8800A29CB8BE4EB9B2BE6CCFACBEFCDEA6BE8C
:10CE9800FFE7A0BEC4EB9ABEFBE894BEA4DF8EBE3B
:10CEA8000FD188BE3CBD82BEF54A79BE560E6DBE16
:10CEB800DAC960BE807D54BE4A2948BE97CA3BBEC7
:10CEC800A5662FBE76FD22BE698C16BE7F130ABEEC
:10CED800EC2FFBBD5E2EE2BD4721C9BD6B0EB0BD78
:10CEE80038F496BD8FA97BBD316049BD6F0E17BD63
:10CEF800DF6EC9BC297549BC00000000494E4600D8
:10CF0800696E66004E414E006E616E003000303131
:10CF18003233343536373839414243444546003098
:10CF280031323334353637383961626364656600C7
:10CF38002E004300504F53495800496E66696E6988
:10CF48007479004E614E005245454E54206D616C17
:10CF58006C6F6320737563636565646564002F5641
:10CF68006F6C756D65732F646174612F6A656E6B84
:10CF7800696E732F776F726B73706163652F474E9D
:10CF8800552D746F6F6C636861696E2F61726D2DBA
:10CF980031352F7372632F6E65776C69622D6379F3
:10CFA8006777696E2F6E65776C69622F6C6962634B
:10CFB8002F7374646C69622F64746F612E6300420E
:10CFC800616C6C6F63207375636365656465640089
:10CFD8002F566F6C756D65732F646174612F6A6568
:10CFE8006E6B696E732F776F726B73706163652FE9
:10CFF800474E552D746F6F6C636861696E2F61724F
:10D008006D2D31352F7372632F6E65776C69622DC4
:10D0180063796777696E2F6E65776C69622F6C69C3
:10D0280062632F7374646C69622F6764746F612D17
:10D038006765746865782E6300232D302B2000689F
:10D048006C4C00656667454647002F566F6C756DDA
:10D0580065732F646174612F6A656E6B696E732FD7
:10D06800776F726B73706163652F474E552D746FC0
:10D078006F6C636861696E2F61726D2D31352F7326
:10D0880072632F6E65776C69622D63796777696E55
:10D098002F6E65776C69622F6C6962632F73746495
:10D0A8006C69622F6D707265632E63002C20667543
:10D0B8006E6374696F6E3A20006173736572746988
:10D0C8006F6E2022257322206661696C65643A20A0
:10D0D80066696C6520222573222C206C696E652098
:10D0E8002564257325730A0034000000CEFBFFFF7A
:10D0F800CB03000001000000000000003500000024
:10D10800CEFBFFFFCB030000010000000000000081
:10D11800BC89D897B2D29C3C33A7A8D523F6493905
:10D128003DA7F444FD0FA5329D978CCF08BA5B2527
:10D13800436FAC642806681100202020202020209E
:10D1480020202828282828202020202020202020AF
:10D1580020202020202020202088101010101010BF
:10D16800101010101010101010040404040404040B
:10D1780004040410101010101010414141414141A5
:10D188000101010101010101010101010101010187
:10D198000101010110101010101042424242424297
:10D1A8000202020202020202020202020202020257
:10D1B80002020202101010102000000000000000FF
:10D1C8000000000000000000000000000000000057
:10D1D8000000000000000000000000000000000047
:10D1E8000000000000000000000000000000000037
:10D1F8000000000000000000000000000000000027
:10D208000000000000000000000000000000000016
:10D218000000000000000000000000000000000006
:10D2280000000000000000000000000000000000F6
:10D2380000000000000000000000000005000000E1
:10D24800190000007D0000000080E03779C34143E9
:10D25800176E05B5B5B89346F5F93FE9034F384D54
:10D26800321D30F94877825A3CBF737FDD4F157500
:10D27800000000000000F03F000000000000244013
:10D2880000000000000059400000000000408F40EE
:10D29800000000000088C34000000000006AF84059
:10D2A8000000000080842E4100000000D01263417D
:10D2B8000000000084D797410000000065CDCD41F3
:10D2C800000000205FA00242000000E876483742D4
:10D2D800000000A2941A6D42000040E59C30A24272
:10D2E8000000901EC4BCD64200003426F56B0C43E7
:10D2F8000080E03779C3414300A0D885573476438E
:10D3080000C84E676DC1AB43003D9160E458E143EE
:10D31800408CB5781DAF154450EFE2D6E41A4B4463
:10D3280092D54D06CFF08044F64AE1C7022DB544A8
:10D33800B49DD9794378EA44763C7935EF39EA3DAA
:10D34800763C7935EF39EABD0000E0FE422EE63F33
:10D358000000E0FE422EE6BF000000000000E03FB3
:10D36800000000000000E0BF000000000000008096
:08D37800B82DFF7F0100000049
:04D38000510C000844
:04D38400290C000868
:10D38800000E2707000000000300000010420020E4
:10D398004300000000000000000000000000000042
:10D3A8000000000000000000000000000000000075
:10D3B8004300000000000000000000000000000022
:10D3C8000000000000000000000000000000000055
:10D3D8004300000000000000000000000000000002
:10D3E8000000000000000000000000000000000035
:10D3F80043000000000000000000000000000000E2
:10D408000000000000000000000000000000000014
:10D4180043000000000000000000000000000000C1
:10D4280000000000000000000000000000000000F4
:10D4380043000000000000000000000000000000A1
:10D4480000000000000000000000000000000000D4
:10D458004300000000000000000000000000000081
:10D4680000000000000000000000000000000000B4
:10D478008DAF00084DA000080000000040D1000852
:10D4880038CF0008EFD00008EFD00008EFD0000830
:10D49800EFD00008EFD00008EFD00008EFD0000868
:10D4A800EFD00008EFD00008FFFFFFFFFFFFFFFFEE
:10D4B800FFFFFFFFFFFF0000010041534349490000
:10D4C8000000000000000000000000000000000054
:10D4D80000000000000000000000415343494900DB
:10D4E8000000000000000000000000000000000034
:10D4F8000000000000000000000000008001002083
:10D50800000000001042002078420020E042002085
:10D518000000000000000000000000000000000003
:10D5280000000000000000000000000000000000F3
:10D5380000000000000000000000000000000000E3
:0CD54800000000000000000000000000D7
:040000050800721964
:00000001FF
