:020000040800F2
:100000000000012039920008B1750008B57500089C
:10001000C1750008CD750008D97500080000000002
:10002000000000000000000000000000E57500086E
:10003000E975000800000000ED750008F175000882
:100040008992000889920008899200088992000824
:100050008992000889920008899200088992000814
:100060008992000889920008899200088992000804
:1000700089920008899200088992000889920008F4
:1000800089920008899200088992000889920008E4
:10009000F575000889920008899200088992000885
:1000A00089920008757700088992000889920008F3
:1000B00089920008899200088992000889920008B4
:1000C00089920008899200088992000889920008A4
:1000D00089920008899200087178000889920008C6
:1000E000FD7700088992000889920008899200082B
:1000F0008992000889920008899200088992000874
:100100008992000889920008899200088992000863
:100110008992000889920008899200088992000853
:100120008992000889920008899200088992000843
:1001300001F0FF01102A2BDB10F0070F08D010F898
:10014000013B013A8B422DD010F0070F42B3F6D19C
:10015000F0B441EA012141EA014122F007047FF0B5
:1001600000070023F0E80256083C85EA010586EA0C
:10017000010685FA47F5A3FA87F586FA47F6A5FA48
:1001800087F68EB9EED1F0BC01F0FF0102F0070254
:1001900032B110F8013B013A83EA010313B1F8D1FF
:1001A0000020704701387047002D06BF35460338E0
:1001B000073815F0010F07D1013015F4807F02BF19
:1001C000013015F4C03F0130F0BC0138704700BF6A
:1001D000034613F8012B002AFBD1181A0138704787
:1001E00081F0004102E000BF83F0004330B54FEAE8
:1001F00041044FEA430594EA050F08BF90EA020F55
:100200001FBF54EA000C55EA020C7FEA645C7FEAE7
:10021000655C00F0E2804FEA5454D4EB5555B8BF0A
:100220006D420CDD2C4480EA020281EA030382EA7B
:10023000000083EA010180EA020281EA0303362D0D
:1002400088BF30BD11F0004F4FEA01314FF4801CE0
:100250004CEA113102D0404261EB410113F0004FF2
:100260004FEA03334CEA133302D0524263EB4303A9
:1002700094EA050F00F0A780A4F10104D5F1200E47
:100280000DDB02FA0EFC22FA05F2801841F10001A2
:1002900003FA0EF2801843FA05F359410EE0A5F176
:1002A00020050EF1200E012A03FA0EFC28BF4CF0A7
:1002B000020C43FA05F3C01851EBE37101F000455D
:1002C00007D54FF0000EDCF1000C7EEB00006EEB6A
:1002D0000101B1F5801F1BD3B1F5001F0CD34908F4
:1002E0005FEA30004FEA3C0C04F101044FEA44524B
:1002F00012F5800F80F09A80BCF1004F08BF5FEAD2
:10030000500C50F1000041EB045141EA050130BDB1
:100310005FEA4C0C404141EB0101013C28BFB1F5C3
:10032000801FE9D291F0000F04BF01460020B1FA0E
:1003300081F308BF2033A3F10B03B3F120020CDAE1
:100340000C3208DD02F1140CC2F10C0201FA0CF0BF
:1003500021FA02F10CE002F11402D8BFC2F1200C24
:1003600001FA02F120FA0CFCDCBF41EA0C019040DA
:10037000E41AA2BF01EB0451294330BD6FEA040423
:100380001F3C1CDA0C340EDC04F11404C4F120020E
:1003900020FA04F001FA02F340EA030021FA04F320
:1003A00045EA030130BDC4F10C04C4F1200220FA77
:1003B00002F001FA04F340EA0300294630BD21FAB5
:1003C00004F0294630BD94F0000F83F4801306BF7B
:1003D00081F480110134013D4EE77FEA645C18BF6F
:1003E0007FEA655C29D094EA050F08BF90EA020F06
:1003F00005D054EA000C04BF1946104630BD91EAFE
:10040000030F1EBF0021002030BD5FEA545C05D100
:100410004000494128BF41F0004130BD14F580043F
:100420003CBF01F5801130BD01F0004545F0FE41B3
:1004300041F470014FF0000030BD7FEA645C1ABFE8
:10044000194610467FEA655C1CBF0B46024650EA1F
:10045000013406BF52EA033591EA030F41F400214B
:1004600030BD00BF90F0000F04BF0021704730B5D1
:100470004FF4806404F132044FF000054FF00001A6
:1004800050E700BF90F0000F04BF0021704730B567
:100490004FF4806404F1320410F0004548BF40423C
:1004A0004FF000013EE700BF42004FEAE2014FEA91
:1004B00031014FEA02701FBF12F07F4393F07F4F6C
:1004C00081F06051704732F07F4208BF704793F06F
:1004D0007F4F04BF41F40021704730B54FF4607482
:1004E00001F0004521F000411CE700BF50EA010285
:1004F00008BF704730B54FF000050AE050EA01022E
:1005000008BF704730B511F0004502D5404261EB9D
:1005100041014FF4806404F132045FEA915C3FF4DE
:10052000D8AE4FF003025FEADC0C18BF03325FEA7B
:10053000DC0C18BF033202EBDC02C2F1200300FA2C
:1005400003FC20FA02F001FA03FE40EA0E0021FA51
:1005500002F11444BDE600BF70B54FF0FF0C4CF43F
:10056000E06C1CEA11541DBF1CEA135594EA0C0FF1
:1005700095EA0C0F00F0DEF82C4481EA030621EA2C
:100580004C5123EA4C5350EA013518BF52EA033567
:1005900041F4801143F4801338D0A0FB02CE4FF019
:1005A0000005E1FB02E506F00042E0FB03E54FF049
:1005B0000006E1FB03569CF0000F18BF4EF0010E41
:1005C000A4F1FF04B6F5007F64F5407404D25FEA3D
:1005D0004E0E6D4146EB060642EAC62141EA5551F0
:1005E0004FEAC52040EA5E504FEACE2EB4F1FD0C32
:1005F00088BFBCF5E06F1ED8BEF1004F08BF5FEAB0
:10060000500E50F1000041EB045170BD06F0004661
:1006100046EA010140EA020081EA0301B4EB5C040E
:10062000C2BFD4EB0C0541EA045170BD41F4801106
:100630004FF0000E013C00F3AB8014F1360FDEBF2B
:10064000002001F0004170BDC4F10004203C35DA07
:100650000C341BDC04F11404C4F1200500FA05F38A
:1006600020FA04F001FA05F240EA020001F000422B
:1006700021F0004110EBD37021FA04F642EB0601A1
:100680005EEA430E08BF20EAD37070BDC4F10C04CB
:10069000C4F1200500FA04F320FA05F001FA04F28F
:1006A00040EA020001F0004110EBD37041F100017B
:1006B0005EEA430E08BF20EAD37070BDC4F1200586
:1006C00000FA05F24EEA020E20FA04F301FA05F2EE
:1006D00043EA020321FA04F001F0004121FA04F296
:1006E00020EA020000EBD3705EEA430E08BF20EA66
:1006F000D37070BD94F0000F0FD101F000464000A0
:1007000041EB010111F4801F08BF013CF7D041EA21
:10071000060195F0000F18BF704703F00046520025
:1007200043EB030313F4801F08BF013DF7D043EAF6
:100730000603704794EA0C0F0CEA135518BF95EAAC
:100740000C0F0CD050EA410618BF52EA4306D1D133
:1007500081EA030101F000414FF0000070BD50EA52
:10076000410606BF1046194652EA430619D094EADC
:100770000C0F02D150EA013613D195EA0C0F05D1C6
:1007800052EA03361CBF104619460AD181EA03011A
:1007900001F0004141F0FE4141F470014FF00000D2
:1007A00070BD41F0FE4141F4780170BD70B54FF06D
:1007B000FF0C4CF4E06C1CEA11541DBF1CEA1355ED
:1007C00094EA0C0F95EA0C0F00F0A7F8A4EB0504CF
:1007D00081EA030E52EA03354FEA013100F08880C6
:1007E0004FEA03334FF0805545EA131343EA12638F
:1007F0004FEA022245EA111545EA10654FEA002644
:100800000EF000419D4208BF964244F1FD0404F5FC
:10081000407402D25B084FEA3202B61A65EB030558
:100820005B084FEA32024FF480104FF4002CB6EB15
:10083000020E75EB030E22BFB61A754640EA0C0095
:100840005B084FEA3202B6EB020E75EB030E22BFD5
:10085000B61A754640EA5C005B084FEA3202B6EB16
:10086000020E75EB030E22BFB61A754640EA9C00D5
:100870005B084FEA3202B6EB020E75EB030E22BFA5
:10088000B61A754640EADC0055EA060E18D04FEA63
:10089000051545EA16754FEA06164FEAC30343EA03
:1008A00052734FEAC2025FEA1C1CC0D111F4801FD0
:1008B0000BD141EA00014FF000004FF0004CB6E7C9
:1008C00011F4801F04BF01430020B4F1FD0C88BF68
:1008D000BCF5E06F3FF6AFAEB5EB030C04BFB6EB73
:1008E000020C5FEA500C50F1000041EB045170BD66
:1008F0000EF0004E4EEA113114EB5C04C2BFD4EB93
:100900000C0541EA045170BD41F480114FF0000E16
:10091000013C90E645EA060E8DE60CEA135594EA92
:100920000C0F08BF95EA0C0F3FF43BAF94EA0C0F95
:100930000AD150EA01347FF434AF95EA0C0F7FF40A
:1009400025AF104619462CE795EA0C0F06D152EA5E
:1009500003353FF4FDAE1046194622E750EA410642
:1009600018BF52EA43067FF4C5AE50EA41047FF453
:100970000DAF52EA43057FF4EBAE12E74FF0FF3CB8
:1009800006E000BF4FF0010C02E000BF4FF0010C89
:100990004DF804CD4FEA410C7FEA6C5C4FEA430C02
:1009A00018BF7FEA6C5C1BD001B050EA410C0CBF51
:1009B00052EA430C91EA030F02BF90EA020F0020B3
:1009C000704710F1000F91EA030F58BF994208BF1A
:1009D00090422CBFD8176FEAE37040F001007047D7
:1009E0004FEA410C7FEA6C5C02D150EA013C07D12E
:1009F0004FEA430C7FEA6C5CD6D152EA033CD3D079
:100A00005DF8040B704700BF8446104662468C4672
:100A10001946634600E000BF01B5FFF7B7FF0028A5
:100A200048BF10F1000F01BD4DF808EDFFF7F4FFCE
:100A30000CBF012000205DF808FB00BF4DF808ED59
:100A4000FFF7EAFF34BF012000205DF808FB00BF7C
:100A50004DF808EDFFF7E0FF94BF012000205DF89E
:100A600008FB00BF4DF808EDFFF7CEFF94BF012053
:100A700000205DF808FB00BF4DF808EDFFF7C4FF4C
:100A800034BF012000205DF808FB00BF4FEA410C95
:100A90007FEA6C5C02D150EA013C0AD14FEA430C78
:100AA0007FEA6C5C02D152EA033C02D14FF00000B5
:100AB00070474FF0010070474FEA410212F50012F3
:100AC00015D211D56FF47873B3EB625212D94FEA95
:100AD000C12343F0004343EA505311F0004F23FA7F
:100AE00002F018BF404270474FF00000704750EAD4
:100AF000013005D111F0004008BF6FF00040704791
:100B00004FF00000704700BF4A0011D212F50012EA
:100B100011D20DD56FF47873B3EB62520ED44FEA55
:100B2000C12343F0004343EA505323FA02F07047D5
:100B30004FF00000704750EA013002D14FF0FF3013
:100B400070474FF0000070474FEA4102B2F1E043B6
:100B500024BFB3F5001CDCF1FE5C0DD901F0004CA4
:100B60004FEAC0024CEA5070B2F1004F40EB8300F4
:100B700008BF20F00100704711F0804F21D113F120
:100B80003872BCBF01F00040704741F480114FEA59
:100B90005252C2F11802C2F1200C10FA0CF320FAE2
:100BA00002F018BF40F001004FEAC1234FEAD323FF
:100BB00003FA0CFC40EA0C0023FA02F34FEA430369
:100BC000CCE77FEA625307D150EA01331EBF4FF0F2
:100BD000FE4040F44000704701F0004040F0FE400D
:100BE00040F40000704700BF0348044B834202D02A
:100BF000034B03B118477047CC010020CC01002003
:100C0000000000000548064B1B1AD90F01EBA30199
:100C1000491002D0034B03B118477047CC010020A4
:100C2000CC0100200000000010B5064C237843B929
:100C3000FFF7DAFF044B13B10448AFF30080012340
:100C4000237010BDCC01002000000000ECDB000888
:100C500008B5054B1BB105490548AFF30080BDE859
:100C60000840FFF7CFBF00BF00000000D001002008
:100C7000ECDB000808B5012007F0A6FD4FF4C060CA
:100C800007F078FD40F2026007F074FD40F2036067
:100C900007F070FD40F2046007F06CFD4FF4A060B7
:100CA00007F068FD40F2015007F064FD40F2197052
:100CB00007F060FD40F20E7007F05CFD40F20F702F
:100CC00007F058FD40F20B6007F054FD40F2096058
:100CD00007F050FD40F20A6007F04CFD40F20F6053
:100CE00007F048FDBDE8084040F2117007F042BD32
:100CF00070B506F0DFFBFFF7BDFF00F0FDFA02F074
:100D0000F5FE02F05FFE00F00BFD02F00DFE02F0BA
:100D100033FE00F09DFB00F089FC04F087F8C54825
:100D200009F0E4FEC44809F0E1FE0123002202219B
:100D3000C24809F073FEC248062106F0A1F9C04876
:100D400006F088FA002800F0B081BE4DBE4C6B69F9
:100D5000D4ED027A013304BF00236B612B690133A8
:100D600008BF0023F4EE677A08BF2B61F1EE10FA9A
:100D700080F19881BFEE007AF4EE477AF1EE10FA36
:100D800000F09081D4ED037AF4EE677AF1EE10FA78
:100D900080F18581BFEE007AF4EE477AF1EE10FA29
:100DA00000F07D81D4ED067AF4EE677AF1EE10FA68
:100DB00080F17281BFEE007AF4EE477AF1EE10FA1C
:100DC00000F06A816B68D4ED077A013304BF012318
:100DD0006B60AB68013304BF0023AB60EB68013389
:100DE00008BF40F6B833F4EE677A08BFEB60F1EE67
:100DF00010FA80F14E81BFEE007AF4EE477AF1EE00
:100E000010FA00F04681D4ED087AF4EE677AF1EE3C
:100E100010FA80F13B81BFEE007AF4EE477AF1EEF2
:100E200010FA00F03381D4ED097AF4EE677AF1EE2E
:100E300010FA80F1FB80BFEE007AF4EE477AF1EE13
:100E400010FA00F0F380D4ED127AF4EE677AF1EE46
:100E500010FA80F1E880BFEE007AF4EE477AF1EE06
:100E600010FA00F0E080D4ED0A7AF4EE677AF1EE41
:100E700010FA80F1D580BFEE007AF4EE477AF1EEF9
:100E800010FA00F0CD80D4ED117AF4EE677AF1EE2D
:100E900010FA80F1C180BFEE007AF4EE477AF1EEED
:100EA00010FA00F0B980D4ED0E7AF4EE677AF1EE24
:100EB00010FA80F1AD80BFEE007AF4EE477AF1EEE1
:100EC00010FA00F0A580D4ED177AF4EE677AF1EE0F
:100ED00010FA80F19A80BFEE007AF4EE477AF1EED4
:100EE00010FA00F09280D4ED187AF4EE677AF1EE01
:100EF00010FA80F18780BFEE007AF4EE477AF1EEC7
:100F000010FA7FD0D4ED147A5048514EF4EE677A3F
:100F1000D4ED137AF1EE10FA64BF4E4B2365F4EE74
:100F2000677AD4ED167AF1EE10FA64BF4A4BE364A7
:100F3000F4EE677AD4ED157AF1EE10FA64BF474B00
:100F4000A365F4EE677AF1EE10FA64BF444B636573
:100F500004F060FA00214FF44472424809F0E7FDC2
:100F60006A69A36AC6F8D82064202A69C6F8D42022
:100F7000B3663D4D06F0C0FA6421304605F0ACFD85
:100F80003A494FF4007206F1DC0009F01DFE95E8C5
:100F9000070003F041FE002840F09780344800F03D
:100FA000DFFB344800F0F6FB00221146282007F052
:100FB0008FFB01220021142007F08AFB002201216F
:100FC000192007F085FB00220221262007F080FB74
:100FD000294B062101221980DA7006F0ABFA0028AD
:100FE0006BD1002406F0C8FA4FF47A7006F084FA48
:100FF000AB880134002BF5D095E80700234603F0B9
:1010000021FDEFE71D4B23667CE71D4BE3656AE797
:101010004FF07E53A36356E74FF07E53636442E77D
:10102000184BA3622FE7154BA3641CE7164B6362B2
:1010300009E700BF20DD00082CDD00084CDD0008BA
:10104000C0390020D8390020D83D0020BC3600200F
:10105000983300200000C8420000C8C2000082424D
:10106000000082C2442E00208C330020F039002082
:10107000E8010020FC010020A83600200000A0406C
:101080000000FA430000A84100006041114B2362B8
:10109000C9E60023E361B6E60023A36192E60E4BA6
:1010A000E3607FE60D4BA3606CE60D490D4800F050
:1010B00031FC0D4809F01AFD47E64FF4007000F0CE
:1010C00047F80A4809F012FD8BE7094809F00EFDC0
:1010D00064E700BF0000FA420000204200007A44AA
:1010E000D83D0020D839002068DD000800DE000867
:1010F000B8DD000808B514484FF4006107F060FA45
:101100001248002107F066FD002211460F4807F043
:10111000F9FE0E480022012107F0F4FE0B480022E0
:10112000022107F0EFFE00221146084807F08CFE6E
:1011300006480022012107F087FEBDE80840034869
:101140000022022107F080BE00080140002C01406F
:10115000024A136803431360FFF7CCBFD83E002058
:10116000014B1868704700BFD83E0020024A136840
:1011700023EA000313607047D83E0020036813F091
:10118000010204D00A7D002A43D14FF4804213F0BB
:10119000020F06D091F815C0BCF1000F0AD142F43D
:1011A00000425B0704D58B7D002B74D142F4803262
:1011B0001046704790ED027ADFED4E7AF0EEC76A86
:1011C000F4EE676AF1EE10FAE9D8D0ED036AB0EEFA
:1011D000E66AB4EE676AF1EE10FAE0D8B5EEC07ACE
:1011E000F1EE10FADBD9B4EEE67AF1EE10FAD6DAC7
:1011F00091ED036AF0EEC65AF4EE675AF1EE10FA7A
:10120000CDD8B4EEC67AF1EE10FA69DD42F4006290
:10121000C7E7D0ED017A9FED377AF0EEE76AF4EE9A
:10122000476AF1EE10FAB0D8F5EEC07AF1EE10FA96
:10123000ABD9D1ED006AF0EEE66AF4EE476AF1EE62
:1012400010FAA2D891ED016AB0EEC66AB4EE476A10
:10125000F1EE10FA99D8D1ED025AF0EEE55AF4EE1B
:10126000475AF1EE10FA90D8B4EEE66AF1EE10FAB1
:10127000D8BFB0EE666AF4EEC65AF1EE10FAD8BFE7
:10128000F0EE465AF4EEE57AF1EE10FA4CBF012288
:10129000002292027BE7D0ED047A9FED167AF0EE01
:1012A000E76AF4EE476AF1EE10FA3FF67FAFF5EE2B
:1012B000C07AF1EE10FA7FF679AFD1ED046AB0EEA4
:1012C000E66AB4EE476AF1EE10FA3FF66FAFF4EE5D
:1012D000E67AF1EE10FA7FF56BAF42F4005267E761
:1012E000F4EEC66AF1EE10FA7FF55BAF42F480527D
:1012F00057E700BFFFFF7F7F10B55048012107F07F
:1013000073F94F48012107F06FF94E484FF4A0538D
:101310000122182107F0FCF84A484FF4006301222B
:10132000042107F0F5F84FF400430122464810214C
:1013300007F0EEF844484FF4004107F03FF9434806
:101340004FF420430122182107F0E2F83F484FF400
:1013500080430122482107F0DBF84FF4805301223B
:101360003A48102107F0D4F838484FF4805107F07C
:1013700025F935484FF400630222102107F0C8F820
:101380004FF4805303223048042107F0C1F82E485F
:101390004FF4006107F014F92B484FF4E063032287
:1013A000182107F0B5F8274803230422002107F08D
:1013B000AFF8264801230422002107F0A9F82148AC
:1013C0000C230422002107F0A3F81F48F023042275
:1013D000002107F09DF81B4830230422002107F06C
:1013E00097F84FF4005302221648102107F090F8A6
:1013F00014484FF4005107F0E3F813480423012286
:10140000182107F085F8082301220F48042107F06E
:101410007FF801214FF4EA1007F0E6F80B484FF48B
:1014200080730222482107F073F8BDE81040074896
:101430004FF400730322182107F06AB8001020004F
:10144000000230000010014000080140000C014083
:1014500070B5714888B0002106F0C6FD6F4A704B28
:1014600001920024042503934FF400724FF40063AB
:101470004FF48076029204930DEB05024FF48053F3
:1014800021466548ADF81C60CDE905538DF81E4036
:1014900006F0C8FD2146604806F002FE21465E487F
:1014A00006F010FE5F4806F0F9F95F4806F0F6F91D
:1014B0004FF4803006F040FA31465A48012206F0D7
:1014C0004BFA22465748022106F046FA3146564862
:1014D000012206F041FA22465348022106F03CFA66
:1014E0002146504806F060FA2A464E48012106F08F
:1014F00065FA01224B48022106F060FA21464A486B
:1015000006F052FA2A464848012106F057FA4648A2
:101510000122022106F052FA2346214641480622C2
:1015200006F06AFA23463F480F22012106F064FACA
:1015300023463C480722022106F05EFA234639483A
:101540000822032106F058FA234621463648052290
:1015500006F052FA234634480E22012106F04CFAD6
:1015600023462A463048022106F046FA23462E48F2
:101570000C22032106F040FA2A484FF46022012190
:1015800006F0E6FA01221146264806F0C5FA26487A
:101590004FF46022012106F0DBFA012211462248B5
:1015A00006F0BAFA234621461E480B2206F07CFAC2
:1015B000234621461C480A2206F076FA19484FF4C1
:1015C000E042022106F0C4FA16480122022106F088
:1015D000A3FA15484FF4E042022106F0B9FA0122BD
:1015E0000221114806F098FA0E4806F09FF90E48BD
:1015F00006F09CF90B4806F07FF90B4806F07CF9E1
:10160000012005F079FF074806F07EF9064806F04C
:101610007BF908B070BD00BF000002404C240140BF
:10162000E03E0020002401400028014070B5384809
:1016300088B0042106F0D8FC3649374A01914FF4AE
:101640008063012400254FF480760392049301AA5D
:101650004FF480532E4806930421ADF81C60029687
:101660008DF81E50059406F0DDFC2948042106F093
:1016700017FD0421264806F025FD284806F00EF93E
:1016800022463146254806F067F92A4623480221BA
:1016900006F062F92946214806F086F922462146DD
:1016A0001E4806F08BF922461C48022106F086F9F6
:1016B0000523294619480D2206F09EF921461748B0
:1016C0004FF4602206F044FA22462146134806F001
:1016D00023FA0523294611480D2206F0E5F90F48A3
:1016E0004FF4E042022106F033FA224602210B4871
:1016F00006F012FA094806F019F9084806F0FCF855
:10170000204605F0F9FE054806F0FEF808B070BD69
:10171000000402404C3C0140DC3E0020003C014003
:1017200000B585B001A9002006F068FA0A4806F065
:1017300053FA0A484FF48072CDE901024FF4802336
:1017400001A90548039306F08BFA0348022106F02D
:1017500047FC05B000BD00BF006400400000090365
:1017600000B5014687B0032006F048FA01A9012020
:1017700006F044FA00234FF48031012201A8CDE99C
:101780000133CDE903318DF8142006F0FBFA07B0E0
:1017900000BD00BF00B583B001460190022006F0F5
:1017A0002DFA054A019990680860002306228A7282
:1017B0004B600B8103B000BDD8390020F0B52DED92
:1017C000028B1C4D83B00446F0EE608AB0EE418A75
:1017D000D5ED130A95ED141A0191102004F0F2FFD3
:1017E00095ED161AD5ED150A0746B0EE680A0C20DD
:1017F00004F0E8FFD5ED030AD5ED0E7A60EEE70AB6
:101800000646B0EE480AB1EE601A0C2004F0DAFF8A
:1018100003120199E17203EB06137ABA3111E373F3
:101820000023A173A28120746374A37403B0BDEC80
:10183000028BF0BDD83D002084B0F0B52DED028BB9
:1018400083B00AAC84E80F009DF836309DF83570FF
:101850009DF839209DF83760BDF833002B4C9DF87A
:1018600038E09DF83A10D4ED140A94ED130A0F9D58
:101870009FED278A4FEA032C1B0943EA07170CF454
:1018800070631E43130240BA120903F470630B43E2
:1018900042EA0E1280B210210092019304F0A6FFDA
:1018A00085ED000AD4ED160A94ED150A38460C2190
:1018B00004F09CFF85ED010AD4ED170A3046B0EE26
:1018C000480A0C2104F092FF85ED020AD4ED180AB3
:1018D00000980C21B0EE480A04F088FF85ED030A59
:1018E00094ED030AD4ED0E7A019820EE670A0C21DC
:1018F000F1EE400A04F07AFF85ED040A03B0BDEC76
:10190000028BBDE8F04004B0704700BFD83D002016
:101910000000000070B54FF480620C4600210546BF
:1019200009F005F94FF480720021204609F0FFF814
:1019300001260022C5E904222A60AA60EA616E60DD
:1019400000231B4ADFED1B5A9FED1B6ADFED1B6A6C
:101950009FED1B7ADFED1B7ADFF878E0DFF878C0C7
:10196000194840F6B836EE604FF07E51A361E3614E
:101970006363E3632364A26422666366134AA36617
:10198000E3662367124BC4ED025A84ED036AC4ED8B
:10199000086A84ED137AC4ED147AC4F854E0C4F8EC
:1019A00058C0A1636164E0656262A36270BD00BF5C
:1019B0000000A04000007A44000020420000FA42EB
:1019C0000000C8C20000C8420000FA4300006041A5
:1019D0000000A841000082C20000824270B50E469D
:1019E0001E49A0F1040E00F57F754FF0FF305EF840
:1019F000044F4FF0000C24FA0CF3DBB258400822DD
:101A000040F300030B40013A83EA5000F8D10CF197
:101A1000080CBCF1200FEED17545E8D10F49B64650
:101A200006F58075DEF800404FF0000C24FA0CF348
:101A3000DBB25840082240F300030B40013A83EA2E
:101A40005000F8D10CF1080CBCF1200FEED10EF1D2
:101A5000040EAE45E6D1C04370BD00BF2083B8ED93
:101A60000368012B00F2BF824368B3F5006F80F07A
:101A7000BA828268B2F5006F80F0B58223F08003ED
:101A800040F2017C634500F0AE8222F080026245A4
:101A900000F0A982C368E14A013B934200F2A382AD
:101AA0000369DFF8A0C34FF6FF721344634500F2E9
:101AB0009A8243691A44624500F29582C369072BF2
:101AC00000F29182D1ED027A9FEDE37AF0EEE76ABF
:101AD000F4EE476AF1EE10FA00F285829FEDDB7AB0
:101AE000F4EEC77AF1EE10FAC0F27D829FEDCC7A67
:101AF000F4EEC77AF1EE10FA00F27582D1ED037AB6
:101B0000DFEDD56AB0EEE77AB4EE667AF1EE10FA60
:101B100000F269829FEDC37AF4EEC77AF1EE10FA13
:101B2000C0F261829FEDCA7AF4EEC77AF1EE10FA44
:101B300000F25982D1ED062AB0EEE27AB4EE667A6E
:101B4000F1EE10FA00F24F82F5EEC02AF1EE10FA33
:101B5000C0F249829FEDB47AF4EEC72AF1EE10FA92
:101B600000F2418291ED077AB0EEC76AB4EE666A80
:101B7000F1EE10FA00F23782B5EEC07AF1EE10FA0B
:101B8000C0F23182DFEDB16AB4EEE67AF1EE10FA1E
:101B900000F2298291ED087ADFEDAF6AB0EEC76AF4
:101BA000B4EE666AF1EE10FA00F21D82B7EE006A3A
:101BB000B4EEC67AF1EE10FAC0F21582DFEDA75A44
:101BC000B4EEE57AF1EE10FA00F20D8291ED093AE9
:101BD000B0EEC37AB4EE667AF1EE10FA00F2038248
:101BE0009FED907AB4EEC73AF1EE10FAC0F2FB81A5
:101BF0009FED8E7AB4EEC73AF1EE10FA00F2F3815F
:101C000091ED0A7AF0EEC75AF4EE665AF1EE10FA48
:101C100000F2E981B4EEC67AF1EE10FAC0F2E38187
:101C2000DFED836AB4EEE67AF1EE10FA00F2DB81C2
:101C3000D1ED0D6A9FED887AB0EEE66AB4EE476AA0
:101C4000F1EE10FA00F2CF81F5EEC06AF1EE10FA73
:101C5000C0F2C9819FED7D6AF4EEC66AF1EE10FA1A
:101C600000F2C181D1ED0E6AB0EEE66AB4EE476AC9
:101C7000F1EE10FA00F2B7819FED6E6AF4EEC66ADB
:101C8000F1EE10FAC0F2AF81B2EE046AF4EEC66A69
:101C9000F1EE10FA00F2A781D1ED0F6AB0EEE66A1C
:101CA000B4EE476AF1EE10FA00F29D81F5EEC06ADB
:101CB000F1EE10FAC0F297819FED636AF4EEC66A06
:101CC000F1EE10FA00F28F81D1ED106AB0EEE66A03
:101CD000B4EE476AF1EE10FA00F28581F5EEC06AC3
:101CE000F1EE10FAC0F27F819FED537AF4EEC76AED
:101CF000F1EE10FA00F27781D1ED116A9FED567A7C
:101D0000B0EEE66AB4EE476AF1EE10FA00F26B81CB
:101D10009FED4A6AF4EEC66AF1EE10FAC0F26381F2
:101D20009FED496AF4EEC66AF1EE10FA00F25B81AB
:101D3000D1ED126AB0EEE66AB4EE476AF1EE10FA3F
:101D400000F251819FED376AF4EEC66AF1EE10FAA7
:101D5000C0F24981B3EE046AF4EEC66AF1EE10FAFD
:101D600000F24181D1ED133AF0EEE36AF4EE476AF6
:101D7000F1EE10FA00F237819FED317AF4EEC73AB6
:101D8000F1EE10FAC0F22F81F5EEC03AF1EE10FA42
:101D900000F2298191ED144A9FED2F7AF0EEC46A8A
:101DA000F4EE476AF1EE10FA00F21D81B5EEC04A7A
:101DB000F1EE10FAC0F21781DFED236AB4EEE64AC5
:101DC000F1EE10FA00F20F81D1ED154AB0EEE46A9F
:101DD000B4EE476AF1EE10FA00F205819FED186A41
:101DE000F4EEC64AF1EE10FAC0F2FD80F5EEC04AFC
:101DF000F1EE10FA00F2F78091ED165AB0EEC56AD6
:101E0000B4EE476AF1EE10FA00F2ED80B5EEC05A7A
:101E1000F1EE10FAC0F2E78022E000BF9F860100D9
:101E20000000FA44CDCCCC3D00000442000020422A
:101E30000000804217B7D1380050C3476F12833A71
:101E400000007AC4FEFF010000007A440000C8428E
:101E50000000704200004843FFFF7F7F00001643F0
:101E6000B4EEE65AF1EE10FA00F2BD8091ED177A69
:101E70001FED076AF0EEC76AF4EE466AF1EE10FA5B
:101E800000F2B180B5EEC07AF1EE10FAC0F2AB808C
:101E90005FED136AB4EEE67AF1EE10FA00F2A38079
:101EA00091ED187AF0EEC76AF4EE466AF1EE10FA98
:101EB00000F29980B5EEC07AF1EE10FAC0F293808C
:101EC0005FED1E6AB4EEE67AF1EE10FA00F28B8056
:101ED000D1ED196AB0EEE67AB4EE467AF1EE10FA78
:101EE00000F28180F5EEC06AF1EE10FA7BDB1FEDA7
:101EF000287AF4EEC76AF1EE10FA74D891ED1A7AE6
:101F0000F0EEC75AF4EE465AF1EE10FA6BD8B5EE81
:101F1000C07AF1EE10FA66DB1FED326AB4EEC67AD3
:101F2000F1EE10FA5FD8D1ED1B5A1FED352AF0EE15
:101F3000E51AF4EE421AF1EE10FA54D8F5EEC05A52
:101F4000F1EE10FA4FDBF4EEC65AF1EE10FA4AD871
:101F500091ED1C6AF0EEC61AF4EE421AF1EE10FA98
:101F600041D8B5EEC06AF1EE10FA3CDB1FED452A10
:101F7000B4EEC26AF1EE10FA35D8F4EEE27AF1EE80
:101F800010FA30DBF4EEC37AF1EE10FA2BDBF4EE4C
:101F9000C43AF1EE10FA26D5F4EEC54AF1EE10FA85
:101FA00021D5D90709D5F5EEC06AF1EE10FA1ADD90
:101FB000F4EEE67AF1EE10FA15DB9A0709D5B5EEE4
:101FC000C07AF1EE10FA0EDDB4EEE57AF1EE10FA19
:101FD00009D55B0709D5B5EEC06AF1EE10FACCBFA2
:101FE000012000207047002070470120704700BF8B
:101FF00030B5DFF83CC083B06045069D079C02D039
:10200000002003B030BD0229FAD1B2F5A07FF7D18C
:10201000214628460193FFF7E1FC019B9842EFD14E
:102020002146284603B0BDE83040FFF719BD00BF88
:102030004154484E401A0028D4BF00200120704768
:1020400040B12AB15B1A002BD4BF00200120704799
:102050001046704782420CBF4FF0FF30012070479E
:1020600011B10AB1082B01D000207047009BC01AA3
:10207000B3F5006FB0FA80F04FEA501028BF00208F
:10208000704700BF431E00F1060C13F8012FFF2A12
:1020900009D16345F9D1C279131DDBB2022B02D8F5
:1020A0000A70012070470020704700BF38B5C0F3A8
:1020B0000D0444F4804440F4404520460BF050FDAC
:1020C000002814BF2846204638BD00BF084310B57D
:1020D000C0F30D0420460BF043FD44EAC03080B24B
:1020E00010BD00BF10B504460BF03AFD28B914F43A
:1020F000804F18BF6FF0010010BD4FF0FF3010BDD2
:10210000C0F30D00C1F30D01401AB0F5005F03DD0F
:10211000A0F5804000B2704710F5005FB8BF00F531
:10212000804000B2704700BF0378A52B29D14378C7
:102130005A2B26D18378012B23D110B583790C46F5
:10214000CBB9DFF84CE0421E811D002312F801CF0D
:1021500083EA0C0391421EF80330F7D1C2799A4208
:1021600012D1C3782370037963704379A3708379A4
:10217000E370002010BDC378072BE2D04FF0FF3092
:1021800010BD4FF0FF3070476FF0010010BD00BF71
:1021900008DC000890F800C06CF07F0C83F800C0E9
:1021A00090F801C083F801C0807898704FEA122C33
:1021B000D970100C110E1A7183F805C09871D9717D
:1021C000704700BF08B5084908484FF4806208F01E
:1021D000FBFC4FF480720649064808F0F5FC064BFC
:1021E00001221A7008BD00BFD8390020F83F002036
:1021F000D83D0020F83E0020F53E0020164B1B780D
:1022000003B9704730B5154C237883B0DBB2CDE904
:102210000031054605F088F9009B114A019903EB4E
:10222000430C4FEA8C0E013342F80E0002EB8C0295
:1022300003F01F030B4815719160237003781F2B67
:1022400004D803780133037003B030BD064A136825
:102250000133136003B030BDFE430020FD43002076
:1022600000440020FC430020F84300202DE9F04109
:10227000794C0168236840F20172013391428AB0BF
:10228000236006D1037A23B9437A13B9827A082AE4
:1022900005D0A3680133A3600AB0BDE8F08104A9AA
:1022A0000B300193FFF740FF18B1E3680133E3609F
:1022B000F2E705F039F96949019B0A68821A132A85
:1022C000844640F2328162680860013262609DF8A3
:1022D0001020062A00F06182072A00F02A81032AD2
:1022E00001F2A582DFE802F0BCAF19029DF81210DE
:1022F0000F2900F2BA80DFE811F0EA000D010B01AE
:1023000009010701050103010101B800FD00F90001
:10231000F500F100ED00B8000F019DF812208E2AA3
:1023200000F2A380DFE812F0E007D907D2077B07AD
:10233000760772076D07A100A10066073B07370704
:10234000300729072207180713070E0724031B036A
:10235000A100A100A100A100FB0045063D06360634
:102360004506FB003D06A100A100A100A100A100BF
:10237000A100A100A100A100A100A100A100A10055
:10238000A100A100A100A100A100A100A100A10045
:10239000A100A100A100A1002F062806FB005D03FB
:1023A00057035003490342033B0334032D038108C1
:1023B00079087108690861085908510849084108F5
:1023C00039083108290821081908110807082D0AB9
:1023D000120A1C09EA08CA09C009A60889088D0959
:1023E0007209CD08B008520947090308E607EF054E
:1023F000D40553053805B9059E051B05FE04D30415
:10240000BB04A5048B047104650462045A043C04F3
:102410006607340419040D04D803D003E200C9038D
:10242000C203BB03B403AD03A6039F0398036A036F
:102430006303D706CF06C706BF06FA06DF06940673
:1024400079065C0654069DF81220042A0DD8DFE8B0
:1024500002F03C393735330088450020F03E00203B
:102460009DF81220002A00F00E820123216901311B
:102470000022216105A90220CDE9013205F0BEFB51
:1024800000230693ADF81C3040F2817305930823B6
:10249000DDE9011204A88DF81E300DF11F03FFF7CE
:1024A00079FE9F4805A905F0E7FC032800F071813B
:1024B000A3690133A361EFE69A4ADBE79A4AD9E7B9
:1024C0000F22D7E74FF48032D4E7984AD2E7226848
:1024D0000B46CFE7964AD2F80823CBE7944AD2F8C6
:1024E0000423C7E7924AD2F80023C3E7914AD2F8FF
:1024F000FC22BFE78E4AD2F8FC22BBE7E269B9E7CB
:10250000A269B7E76269B5E72269B3E7E268B1E7B4
:10251000A268AFE76268ADE7874A1268AAE701934D
:1025200001F08EFE019B0246A4E7636901336361FB
:10253000B2E69DF81220A2F12001C9B2672940F24B
:10254000668102F17001C9B2672940F23681F72A2B
:1025500000F25081013A0B2A01F26981DFE812F0A2
:1025600012010A010201A10099008F0079006100A7
:102570004C00370021000C0070489DF813200178B2
:102580008A42BFF472AF6E49097800782031091A87
:102590000A446C4902F01F020C2000FB02129268F0
:1025A00068E766489DF8132001788A42BFF45DAF62
:1025B0006349097800782031091A0A44614902F018
:1025C0001F020C2000FB02121279D2B252E75B48C4
:1025D0009DF8132001788A42BFF447AF5849097823
:1025E00000782031091A0A4402F01F020C205549D4
:1025F00000FB02F28A583DE75149504800220A7018
:10260000514902700A60514A1278007842EA002269
:102610000868B0F5803F36BF09684D4909040A4390
:1026200028E74A484FF0000C80F800C00278002AE2
:1026300040F06D81414A44490078127840EA022214
:102640000868B0F5803F36BF0968414909040A436C
:1026500010E73E48012202700278002A40F06181B2
:10266000364A39490078127840EA02220868B0F503
:10267000803F36BF0968364909040A43FAE63548FF
:1026800002885AB11B21019303F0AAFF019B01228A
:10269000F0E6304A1188002900F04F810223002221
:1026A000E8E69DF81320013AD2B2132AF6D8294A57
:1026B0001288002AF2D10193FEF752FD0028EDD1D5
:1026C000254A9288002AE9D1194A92F8DD22002A87
:1026D000E4D0184A92F8F522002ADFD000F18040B9
:1026E0004FF4805100F5843005F072FF0028D5D0FA
:1026F0009DF813309FED197A194A164807EE903A63
:10270000F8EE677A632167EE877AC2ED127A03F0FA
:1027100067FF9DF81320019B642101FB02F2A9E6EB
:102720000064004001E8030001D1E0A74154484E95
:1027300098330020BC360020A8450020FC43002030
:10274000FD43002000440020F8430020FE43002009
:102750000000FFFFA83600208C330020CDCCCC3DFC
:10276000D83D0020A9480193652103F039FF019B62
:1027700003227FE6A54801936D2103F031FF019B01
:10278000022277E6A14801931B2103F029FF019B58
:102790007DE7E3690133E3617EE59D4A9DF8111011
:1027A0009C4C9D4B11709D48C4F800C001224FF411
:1027B00000611A7005F002FF6EE5994800788A08FA
:1027C00001F0030138B9CDE902130192FFF7FAFCD9
:1027D000DDE90213019A934800EB420C10F8120055
:1027E0009CF80120002840F08E808F4800EB820288
:1027F000525C3FE6F82A30D0F92A46D0FA2A7FF414
:1028000034AE874900220A7088490A703FE784483D
:1028100000788A0801F0030138B9CDE9021301926A
:10282000FFF7D0FCDDE90213019A7E4810F812C0D0
:1028300000EB420E9EF80100BCF1000F5ED1DFF804
:10284000E8C10CEB80009DF813C000F801C0774888
:1028500041EA0222012101700CE6714A12781AB98C
:102860000193FFF7AFFC019B71496F480193FFF79C
:10287000F7F800283FF4F9AD6D496B48FFF7AEF863
:10288000019B0246F6E56B4AF4E5604A1288002A8D
:102890007FF404AF0193FEF763FC00287FF4FEAEE3
:1028A000654A9288002A7FF4F9AE604B1A78002AB4
:1028B0003FF4F4AE5A4A019B127812B9FFF782FC3A
:1028C000019B5B4958480193FFF7CAF800283FF481
:1028D000CCAD554959484FF4806208F075F9544918
:1028E00057484FF4807208F06FF903F095F8019B98
:1028F000002800F05A8303230022BBE5DFF830C133
:102900000CEB80009FE74A4800EB820270E74D4ADB
:102910004D4982F800C04D4A82F800C0C1F800C09D
:102920008AE64A4A4849474D4FF0000C85F800C0F6
:1029300082F800C0C1F800C094E60193FEF710FCD5
:1029400000287FF4ABAE424991F8DD1200293FF434
:10295000A5AE2E487A2103F043FE019B97E63D4940
:10296000D1F83C2CD1F82C1C92B242EA014281E50C
:102970003849D1F8342CD1F8381C92B242EA0142DD
:1029800078E50520019301F06DFC019B024671E59D
:102990000420019301F066FC019B02466AE50320D6
:1029A000019301F05FFC019B024663E50220019365
:1029B00001F058FC019B02465CE50120019301F007
:1029C00051FC019B024655E50020019301F04AFCB1
:1029D000019B02464EE5019301F03EFC019B02463D
:1029E00048E5019301F032FC019B024642E50920D3
:1029F000019301F04BFC019B02463BE5082001934B
:102A000001F044FC019B024634E500BFA8360020DB
:102A100084450020804500208545002000080140B5
:102A2000F53E002014E80008F83F0020F43E0020A6
:102A3000F83E00204154484E8C330020D839002005
:102A4000D83D0020FD430020F8430020FC43002037
:102A500098330020002001400720019301F016FC6C
:102A6000019B024606E50620019301F00FFC019B45
:102A70000246FFE40520019301F008FC019B024699
:102A8000F8E40420019301F001FC019B0246F1E40B
:102A90000320019301F0FAFB019B0246EAE40220C5
:102AA000019301F0F3FB019B0246E3E40120019353
:102AB00001F0ECFB019B0246DCE40020019301F0F5
:102AC000E5FB019B0246D5E4D04AD2F8F81292F811
:102AD000F52242EA0122CDE4CC499FEDCD7AD1ED39
:102AE000067AF4EEC77AF1EE10FA74DA9FEDC97A3D
:102AF000F4EEC77AF1EE10FA6BD99FEDC77A67EE64
:102B0000877AFDEEE77A17EE902AD1ED077A9FEDEE
:102B1000C07AF4EEC77AF1EE10FA92B256DA9FED6F
:102B2000BD7AF4EEC77AF1EE10FA4DD99FEDBA7A7C
:102B300067EE877AFDEEE77A17EE901A42EA0142D5
:102B400098E4B24A9FEDB57AD2ED1C7A67EE877AA7
:102B5000FCEEE77A17EE902A8CE4AC498A68D1F84B
:102B60009800121AB2F5004F2BDAAD488242B8BF76
:102B70000246C868D1F89C10411AB1F5004F92B2D4
:102B80001CDAA7488142B8BF014642EA014271E41B
:102B90009E49B1F89820D1F89C1042EA014269E4BC
:102BA000A049A14ADFF8A0C201F5007E51F8040F48
:102BB00050408E450CFB00F2F8D15BE447F6FF7104
:102BC000E3E747F6FF72D4E79549B7E747F6FF71A9
:102BD000B4E7934A99E747F6FF7296E7934994481A
:102BE0000193FEF7FBFE019B024643E4904A5269C3
:102BF00040E490498E4AD1ED1A7A1268FCEEE77AE9
:102C000017EE901A42EA014234E4884A9FED8A7A2C
:102C1000D2ED0A7AF4EEC77AF1EE10FA76DA9FED89
:102C2000877AF4EEC77AF1EE10FA6BD99FED7A7AD3
:102C300067EE877AFDEEE77A17EE902A1AE4804A6B
:102C40009FED7D7AD2ED557AF4EEC77AF1EE10FA67
:102C500021DA9FED7A7AF4EEC77AF1EE10FA16D9FE
:102C60009FED6D7A67EE877AFDEEE77A17EE902A90
:102C700000E4734A9FED737AD2ED5E7A67EE877A4D
:102C8000FCEEE77A17EE902A92B2FFF7F3BB4FF013
:102C90000042FFF7EFBB6FF00042FFF7EBBB684A63
:102CA000DFED686AD2ED5C7A92ED5D7A67EEA67A26
:102CB00027EE267AFCEEE77ABCEEC77A17EE902A6A
:102CC00017EE101A92B242EA0142FFF7D3BB5C4AF8
:102CD0009FED597AD2ED5B7AF4EEC77AF1EE10FAF5
:102CE0001CDA9FED567AF4EEC77AF1EE10FA11D99C
:102CF0009FED497A67EE877AFDEEE77A17EE902A24
:102D0000FFF7B8BB4FF00042FFF7B4BB6FF00042D3
:102D1000FFF7B0BB4FF00042FFF7ACBB6FF00042D3
:102D2000FFF7A8BB464A9FED447AD2ED5A7AF4EEFB
:102D3000C77AF1EE10FA80F203819FED407AF4EE4B
:102D4000C77AF1EE10FA40F2F7809FED337A67EE22
:102D5000877AFDEEE77A17EE902AFFF78BBB384AA9
:102D60009FED357AD2ED597AF4EEC77AF1EE10FA8A
:102D700080F2F6809FED317AF4EEC77AF1EE10FA28
:102D800040F2EA809FED247A67EE877AFDEEE77ADB
:102D900017EE902AFFF76EBB294A9FED277AD2EDF6
:102DA000567AF4EEC77AF1EE10FA4FDA9FED237AF5
:102DB000F4EEC77AF1EE10FA24D99FED177A67EE98
:102DC000877AFDEEE77A17EE902AFFF753BB1C4A8D
:102DD0009FED197AD2ED547AF4EEC77AF1EE10FA3B
:102DE0003CDA9FED167AF4EEC77AF1EE10FA31D99B
:102DF0009FED097A67EE877AFDEEE77A17EE902A63
:102E0000FFF738BB4FF00042FFF734BBBC36002061
:102E1000681103426F1203C200007A44002474490F
:102E20000080FFFFEC390020C59D1C81D83D0020AB
:102E3000D8390020983300206C12034A6C1203CA60
:102E40001032002000401C46930100016FF0004248
:102E5000FFF710BB4FF00042FFF70CBB6FF00042D2
:102E6000FFF708BBD04A9FEDD17AD2ED587AF4EE45
:102E7000C77AF1EE10FA6BDA9FEDCD7AF4EEC77AED
:102E8000F1EE10FA60D99FEDCB7A67EE877AFDEE0E
:102E9000E77A17EE902AFFF7EDBAC34A9FEDC37A9F
:102EA000D2ED577AF4EEC77AF1EE10FA60DA9FEDC0
:102EB000C07AF4EEC77AF1EE10FA55D99FEDBD7ADB
:102EC00067EE877AFDEEE77A17EE902AFFF7D2BA1F
:102ED000B94A9FEDB67AD2ED067AF4EEC77AF1EEF2
:102EE00010FA25DA9FEDB27AF4EEC77AF1EE10FA15
:102EF0001AD99FEDB07A67EE877AFDEEE77A17EE82
:102F0000902AFFF7B7BAAD4AAD491278097842EA7C
:102F10000122AC490868B0F5803F36BF0968AA496C
:102F200009040A43FFF7A6BA4FF00042FFF7A2BA1E
:102F30006FF00042FFF79EBA4FF00042FFF79ABAD7
:102F40006FF00042FFF796BA4FF00042FFF792BAD7
:102F50006FF00042FFF78EBA4FF00042FFF78ABAD7
:102F60006FF00042FFF786BA4FF00042FFF782BAD7
:102F70006FF00042FFF77EBA019301F05BF9019B0D
:102F80000246FFF777BA019301F04EF9019B024622
:102F9000FFF770BA019301F0ABFB019B0246FFF70C
:102FA00069BA40F21542FFF765BA884A1070FFF718
:102FB0006EBB874A9FED877AD2ED037A8649874AAE
:102FC000B4EEE77AF1EE10FAB8BF0A46FFF752BA4C
:102FD00083490A8A91F8F51242EA0142FFF74ABA98
:102FE0007B4A9FED727AD2ED1C7AF4EEC77AF1EE4D
:102FF00010FA80F29B809FED6E7AF4EEC77AF1EEC4
:1030000010FA40F28F809FED6B7A67EE877AFDEEC3
:10301000E77A17EE902AFFF72DBA6D4A9FED637A93
:10302000D2ED1B7AF4EEC77AF1EE10FA2FDA9FEDAB
:10303000607AF4EEC77AF1EE10FA24D99FED5D7A4A
:1030400067EE877AFDEEE77A17EE902AFFF712BA5D
:103050005F4A9FED567AD2ED1A7AF4EEC77AF1EE16
:1030600010FA1CDA9FED527AF4EEC77AF1EE10FAFC
:1030700011D99FED507A67EE877AFDEEE77A17EE69
:10308000902AFFF7F7B94FF00042FFF7F3B96FF05E
:103090000042FFF7EFB94FF00042FFF7EBB96FF0D6
:1030A0000042FFF7E7B90D20019301F0EFF8019B13
:1030B0000246FFF7DFB90C20019301F0E7F8019B0E
:1030C0000246FFF7D7B90B20019301F0DFF8019B0F
:1030D0000246FFF7CFB90A20019301F0D7F8019B10
:1030E0000246FFF7C7B93A4A9FED307AD2ED197A16
:1030F000F4EEC77AF1EE10FA20DA9FED2D7AF4EEB5
:10310000C77AF1EE10FA15D99FED2A7A67EE877A21
:10311000FDEEE77A17EE902AFFF7ACB9314AD26993
:10312000FFF7A8B94FF00042FFF7A4B96FF00042D3
:10313000FFF7A0B94FF00042FFF79CB96FF00042D3
:10314000FFF798B9264AD2F8B420FFF793B9264A78
:10315000D2F81824FFF78EB9244A92F8DE1200291B
:103160003FF4C9ABD2F8E622FFF784B9204AD188F0
:10317000128942EA0142FFF77DB91D4A51889288BF
:1031800042EA0142FFF776B9194A5189128842EAA8
:103190000142FFF76FB9164AD268FFF76BB9104AC0
:1031A000128AFFF767B900BF103200206C12034A81
:1031B0006C1203CA00007A4410020020FE43002073
:1031C000FC430020F84300200000FFFFF43E0020F5
:1031D000D83D002000002042A0008002A000C002D4
:1031E000BC360020D8390020006000409833002011
:1031F000E03E0020CF490A89C96842EA0142FFF750
:1032000039B9CD4AD2F88020FFF734B9CA4A926F53
:10321000FFF730B9C84AD2F8E022FFF72BB94FF4D4
:103220008051C648019305F0D3F94FF4006106467A
:10323000C24805F0D3F9C249C24A031ED1F8440C72
:10324000C0F3C03ED2F81804D2F818C44FEA4010B8
:1032500000F02005D2F81804D1F8202C4FEA022201
:1032600002F4807218BF01232A4342EA4302B24BA0
:1032700093F8DD32003B18BF012342EAC302AD4B95
:1032800093F8F532003B18BF012342EA0312CCF356
:10329000400C42EA8E02C0F3800042EA8C1242EAFD
:1032A000C012D1F8200CD1F8201C019BC0F30010F3
:1032B00042EA4022C1F3002142EA8122002E08BFE7
:1032C00042F0010242F00042FFF7D4B80193FDF74B
:1032D00047FF019B0246FFF7CDB8019304F024F9A4
:1032E000019B0246FFF7C6B892491346D1F8F8226F
:1032F000FFF7C0B8944A9FED957AD2ED127AF4EEBA
:10330000C77AF1EE10FA80F27D819FED917AF4EEAA
:10331000C77AF1EE10FA40F271819FED8E7A67EE76
:10332000877AFDEEE77A17EE902AFFF7A3B88A4A6C
:10333000D269FFF79FB88949CA784878097812049A
:1033400042EA00220A43FFF795B80E20019300F0ED
:1033500093FF019B0246FFF78DB80D20019300F00B
:103360008BFF019B0246FFF785B80C20019300F00C
:1033700083FF019B0246FFF77DB80B20019300F00D
:103380007BFF019B0246FFF775B80A20019300F00E
:1033900073FF019B0246FFF76DB80920019300F00F
:1033A0006BFF019B0246FFF765B80820019300F010
:1033B00063FF019B0246FFF75DB80720019300F011
:1033C0005BFF019B0246FFF755B80620019300F012
:1033D00053FF019B0246FFF74DB80520019300F013
:1033E0004BFF019B0246FFF745B80420019300F014
:1033F00043FF019B0246FFF73DB80320019300F015
:103400003BFF019B0246FFF735B80220019300F015
:1034100033FF019B0246FFF72DB80120019300F016
:103420002BFF019B0246FFF725B80020019300F017
:1034300023FF019B0246FFF71DB83E4A9FED437AEA
:10344000D2ED337AF4EEC77AF1EE10FA80F27081A1
:103450009FED3F7AF4EEC77AF1EE10FA40F2648104
:103460009FED3C7A67EE877AFDEEE77A17EE902AB9
:10347000FFF700B83249D1F83C2CD1F82C1C92B29D
:1034800042EA0142FEF7F6BF2A4A9FED307AD2EDBA
:10349000377AF4EEC77AF1EE10FA80F2F1809FED00
:1034A0002C7AF4EEC77AF1EE10FA40F2E5809FED47
:1034B000297A67EE877AFDEEE77A17EE902AFEF713
:1034C000D9BF1C4A9FED217AD2ED367AF4EEC77A45
:1034D000F1EE10FA80F29F819FED1D7AF4EEC77A2B
:1034E000F1EE10FA40F293819FED1A7A67EE877A37
:1034F000FDEEE77A17EE902AFEF7BCBF0D4A9FED6E
:10350000137AD2ED117AF4EEC77AF1EE10FA46DAB8
:103510009FED0F7AF4EEC77AF1EE10FA3BD99FEDEA
:103520000D7A67EE877AFDEEE77A17EE902AFEF7BE
:10353000A1BF00BFBC360020983300200008014026
:103540000020014000600040D83D00206C12034A7A
:103550006C1203CA00007A4410020020A836002032
:10356000B44A9FEDB57AD2ED2A7AF4EEC77AF1EE3D
:1035700010FA1CDA9FEDB17AF4EEC77AF1EE10FA88
:1035800011D99FEDAF7A67EE877AFDEEE77A17EEF5
:10359000902AFEF76FBF4FF00042FEF76BBF6FF04F
:1035A0000042FEF767BF4FF00042FEF763BF6FF0C7
:1035B0000042FEF75FBFA3498A8D087891F820107A
:1035C000120442EA00220A43FEF754BF9D499E4A74
:1035D000107892F801C00A7C120442EA0C220243DD
:1035E00091F8210042EA006291F8220091F824103B
:1035F00042EA406242EA8162FEF73CBF4FF000427D
:10360000FEF738BF6FF00042FEF734BF894A9FEDE6
:103610008A7AD2ED357AF4EEC77AF1EE10FA37DA1B
:103620009FED867AF4EEC77AF1EE10FA2CD99FED71
:10363000847A67EE877AFDEEE77A17EE902AFEF736
:1036400019BF7C4A9FED7C7AD2ED347AF4EEC77ACA
:10365000F1EE10FA24DA9FED797AF4EEC77AF1EE02
:1036600010FA19D99FED767A67EE877AFDEEE77A40
:1036700017EE902AFEF7FEBE4FF00042FEF7FABEAC
:103680006FF00042FEF7F6BE4FF00042FEF7F2BECA
:103690006FF00042FEF7EEBE4FF00042FEF7EABECA
:1036A0006FF00042FEF7E6BE6849D1F8342CD1F83D
:1036B000381C92B242EA0142FEF7DCBE5D499FED42
:1036C000647AD1ED057AF4EEC77AF1EE10FA3ADABF
:1036D0009FED607AF4EEC77AF1EE10FA31D99FEDE2
:1036E000587A67EE877AFDEEE77A17EE902AD1EDE9
:1036F000067A9FED577AF4EEC77AF1EE10FA92B29D
:103700001CDA9FED547AF4EEC77AF1EE10FA13D971
:103710009FED4B7A67EE877AFDEEE77A17EE901A07
:1037200042EA0142FEF7A6BE4FF00042FEF7A2BEFB
:103730006FF00042FEF79EBE4749F1E747F6FF7182
:10374000EEE7454AD3E747F6FF72D0E7434A9FEDDD
:103750003A7AD2ED037AF4EEC77AF1EE10FA62DA31
:103760009FED367AF4EEC77AF1EE10FA57D99FED55
:10377000347A67EE877AFDEEE77A17EE902AFEF745
:1037800079BE019300F0B4FF354A9288151E294A8C
:1037900092F8F52218BF0125161E324A92F8DD2252
:1037A000804618BF01264FF40061171E2E4818BF2F
:1037B000012704F013FF011E2448D0F8442CC2F363
:1037C000C03CD0F8202CD0F8203CD0F820EC4FEAB8
:1037D000821202F040020EF4807E42EA0E0242EAB9
:1037E000450242EA860242EAC702C3F3001042EAF7
:1037F0004C1242EAC01218BF0121B8F1000F18BFE5
:1038000042F00102019B42EA0112FEF733BE4FF083
:103810000042FEF72FBE6FF00042FEF72BBE4FF0C6
:103820000042FEF727BE6FF00042FEF723BE0423DE
:10383000FEF71CBEBC3600206C12034A6C1203CA91
:1038400000007A4410020020A83600200020014029
:10385000681103426F1203C20080FFFFD83D0020B1
:103860008C3300209833002000080140F0B5244C30
:10387000227887B00AB907B0F0BD03F055FE214A9F
:103880001268801A0928F6D91F4B204A5968157802
:1038900018681A8900F0CEFE1B4B074659681A8932
:1038A000186800F0D7FE4FF400610646184804F08F
:1038B00087FE4FF000012170022001A904F09EF95B
:1038C0004FF00000ADF80C00ADF8020040F281703E
:1038D000019008208DF80E00062047EA06420DF1FF
:1038E0000F038DF80000002168468DF80150FEF7A7
:1038F00051FC01A9074804F0BFFA07B0F0BD00BFB2
:1039000085450020804500208C3300208445002020
:103910000008014000640040014B1878704700BF68
:10392000854500200000000000B5114889B004F072
:10393000F7FF9FED0D7B4FF400724FF4827100236F
:103940004FF40060CDE90013CDE902021823694667
:10395000074806938DED047B05F010F8044805F048
:1039600027F809B000BD00BF000000000100000002
:10397000003800400000000000B5114889B004F094
:10398000CFFF9FED0D7B4FF400724FF48271002347
:103990004FF40060CDE90013CDE90202102369461F
:1039A000074806938DED047B04F0E8FF044804F01B
:1039B000FFFF09B000BD00BF0000000001000000D3
:1039C000003C004070B548488CB005F003F808A8EA
:1039D000002405F075F801254FF400134FF4FA6246
:1039E00008A9414808930A9209948DF82C5005F0D3
:1039F0006FF83D4805F0C6FA21463B4805F0ACFAA1
:103A00002946394805F0B0FA374805F0B9F801A859
:103A100005F0EAF8022601AA214633480394CDE9CD
:103A2000015605F0E7F821462F48602205F0E4F939
:103A300021462D48042205F03DFA21462A48082255
:103A400005F010FA22462146274805F0FDF901AAA3
:103A50002946254805F0CEF829462348602205F07E
:103A6000CBF929462048042205F024FA29461E48AD
:103A7000082205F0F7F9224629461B4805F0E4F92B
:103A800001AA3146184805F0B5F8314616486022BB
:103A900005F0B2F931461448042205F00BFA31461C
:103AA0001148082205F0DEF9224631460E4805F09D
:103AB000CBF904A805F072F84FF0005304A90A48A6
:103AC0000694CDE90443ADF81C4005F06DF821469D
:103AD000054805F07FF82946034805F057F80248E5
:103AE00005F048F80CB070BD002C014008B50D4839
:103AF00005F04EFA0B484FF4E13105F095FA09480C
:103B0000042105F0D1FA0821064805F0C7FA054856
:103B100005F0BEFABDE80840024840F2053105F064
:103B2000D9BA00BF0044004038B50546E9B20C4898
:103B300005F0C0FA41F2010401E0013C07D0084859
:103B4000072105F0BFFA0028F7D0284638BD054AFE
:103B500013684FF0FF3501331360284638BD00BFAE
:103B600000440040A8450020F0B52DED028B9B4D90
:103B70001446002285B02A600E46217C07460029A3
:103B800000F08480E168DFED966A5B1A07EE903AF8
:103B9000F8EEE77AB7EE007A67EEA67AF4EEC77A27
:103BA000F1EE10FAC4ED057A7AD4F0EE006AF4EE84
:103BB000E67AF1EE10FA00F18F8004F54053A16827
:103BC000D0ED037A94ED068AC3F85411D6F8A41008
:103BD000C3F85C11F16BC3F86011316CC3F8641168
:103BE000316DC3F86811716DC3F86C1137EEC88A76
:103BF000B16DC3F87011F16DC3F87411B0EEC88ADD
:103C0000316EC3ED547A83ED568AC3F8781130468D
:103C1000F0EE678A01F086FCDFED727AB4EE678A17
:103C2000F1EE10FA0DD8DFED707AB4EEE78AF1EE1E
:103C300010FA06D4DFED6D7AB4EEE78AF1EE10FAF1
:103C400062DD304601F06EFCDFED697A68EE277ABE
:103C500040F20112FDEEE77A00230120A4F82120B2
:103C6000237017EE901A84F824000A20FEF7C6FA93
:103C700018EE100AFCF718FC02465E480B4605B029
:103C8000BDEC028BBDE8F04006F0C8BE5A48029376
:103C900006F02CFF0122029B22740022E360626185
:103CA00004F5005202F5496002F698420023534998
:103CB000A360036013608A6CC6F8A42004F5305139
:103CC000C6F8A8303431304601F0A8FCFB68A36187
:103CD00005B0BDEC028BF0BD77EEC77A9FED487A58
:103CE00004F5325367EE877A04F5305110333431DE
:103CF0003046C4ED027AC3ED007A05B0BDEC028B0C
:103D0000BDE8F04001F08ABC9FED3D0A80EE080A54
:103D100009F0C0FE431E142B07464FF000023DD8A9
:103D20002070D4ED067AF4EEE87AF1EE10FA2ED592
:103D3000344884F8202006F0D9FE2178324806F075
:103D40006DFEA069FCF7B0FB02460B4618EE900A28
:103D5000CDE90223FCF7A8FBDDE90223CDE9000150
:103D60002A4806F05BFE94F820302B602378234924
:103D700007EE903AF8EE677A00220123C1ED0A7A45
:103D8000227484F8213005B0BDEC028BF0BD012314
:103D900084F820301E4806F0A9FECEE7304601F038
:103DA000C1FB40F2011300220121A4F8213022704E
:103DB00084F824100A203946FEF720FA18EE100A7B
:103DC000FCF772FB024613480B46394605B0BDECC2
:103DD000028BBDE8F04006F021BE00BFD8390020BC
:103DE000D1CB0B38FFFF7F7FCDCC4C3EE4CB1641CF
:103DF00000007A4464DE000840DE0008D83D002060
:103E0000DB0FC940E0DE000810DF000824DF0008F7
:103E1000F8DE0008A0DE00082DE9F041C24E96ED64
:103E20000A7A2DED028BF3EE057AB4EEE77AF1EE25
:103E300010FA84B000F312811D46137C14460F461D
:103E40008046002B00F0D880D3689FEDB87AEB1A3B
:103E500007EE903AF8EEE77AB7EE006A67EE877AF7
:103E6000F4EEC67AF1EE10FAC2ED057A00F1D280D6
:103E70009FEDAF8A96ED0A7A67EE085AC5EE886A1A
:103E800076EE866AF4EEE67AF1EE10FA78D4DFED9B
:103E9000A96A27EE267AC7EE086A36EE867AF4EE2D
:103EA000C77AF1EE10FA00F1E280084601F03AFB21
:103EB000D6ED0A7ABDEEE77A17EE103A002B40F302
:103EC000928104EB432303F1300204F1300100231B
:103ED00051F8040F91420344FAD107EE103AB8EEBC
:103EE000C77A9FED956A656B9FED938ADFED938AA4
:103EF00027EE866AD5F58035C7EE066A48BF05F21B
:103F0000FF156D120027FDEEE66AC4ED076A07EEA5
:103F1000107AF8EEC75A67EE886A65EEA75A6FF016
:103F20003F0265EE885A002165EEA85AB7EE005AA6
:103F300013E036EEC56AB4EEC76AF1EE10FA03D5A7
:103F400037EE667AFDEEC77A17EE903A04EB8303FC
:103F500001325B6B402A194433D007EE902AF8EE09
:103F6000E77A77EEA57AFDEEE77A17EE903A002B26
:103F7000B8EEE77ADDDA37EE267AFDEEC77AE3E7C8
:103F8000D2ED027A9FED6E7A77EE877A02F53253A0
:103F9000084602F53051C2ED027A3431C3ED047A9D
:103FA00001F03CFB94ED057AD4ED0C7AB4EEE77A9F
:103FB000F1EE10FA00F3D08004B0BDEC028BBDE846
:103FC000F0810029B8BF7F317F2D4FEAE1122946E9
:103FD000C8BFA5F18001E06901F68C2304EB8303DF
:103FE000121A5A605748013706F018FD802F2BD05F
:103FF000D6ED0A7A01358AE75348039306F076FD39
:10400000039BA38500236361012323744FF07E5338
:10401000E560236304F532530022A2601A61B06C9C
:10402000C7F8A40004F53051C7F8A8203431384649
:1040300001F0F4FAD8F80C206369A261236304B09C
:10404000BDEC028BBDE8F08100220123227484F8CC
:10405000223004B0BDEC028BBDE8F0813B48152155
:1040600004B0BDEC028BBDE8F04106F0D7BCD2ED48
:10407000027A9FED337A77EEC77A0846C2ED027A6C
:10408000B36CC1F8A4300023C1F8A83002F5325354
:1040900002F53051C3ED047A343101F0BFFA94EDEA
:1040A000057AD4ED0C7AB4EEE77AF1EE10FA83DDFE
:1040B000A78D002F80D096ED0A7AD4ED027ADFED3D
:1040C000256AD8F87430A06827EE087A67EEA66AE9
:1040D000C6EE877AFDEEE77A17EE902A9B1ADD137B
:1040E00005F480351D4404EB8703CDED037A596B4D
:1040F0000D4405EBD5756D105D63FCF7D5F92B46C6
:10410000CDE90001039A1248394606F087FCD4ED48
:104110000C7A9FED0A7AA38D77EE877A013BA3850F
:10412000C4ED0C7A48E700BFD83D0020D1CB0B3856
:10413000DB0FC940DB0F4941000000430000003C99
:104140005F975B39A8DF000870DF000840DF0008D8
:1041500098DF00080000804794ED026A96ED0A7A25
:104160005FED046AD8F87430A78D66EE266A27EEF4
:10417000087A16EE100AC6EE877AFDEEE77A17EE99
:10418000902A9B1ADD1305F480351D4404EB870348
:10419000CDED037A5D63FCF787F92B46CDE900018D
:1041A000039A1248394606F039FC9FED116A94EDE6
:1041B0000C7ADFED106AA38D37EE067AFFEE007AF7
:1041C00084ED0C7A96ED0A6A07EE103AE6EE267A4E
:1041D000B8EEC77AB4EE677AF1EE10FA3FF4ECAEBF
:1041E0000133A385E8E69FED047A7AE698DF0008BC
:1041F0000000003C0000004300000000024B187863
:10420000003818BF0120704748460020044B1B7837
:1042100023B1044A136843F001031360704700BFE1
:104220004846002044460020014B1868704700BFF4
:1042300044460020014B1868704700BF40460020EC
:10424000014B1868704700BF3C460020014B1868BE
:10425000704700BF38460020014B1868704700BF08
:104260003446002005289DBF024B33F8100080B271
:1042700000207047284600200E289ABF024B53F8B2
:1042800020000020704700BFEC4500200D289ABF99
:10429000024B53F820000020704700BFB4450020B7
:1042A000024B1878003818BF01207047B045002035
:1042B000014B01229A637047EC45002070B504461B
:1042C0004FF6FF7384B03748218063804FF48051EC
:1042D000164604F075F900230393039B3F2B06D881
:1042E00000BF039B01330393039B3F2BF8D940F698
:1042F000010501E0013D40D02B48022104F064FBA0
:104300000028F7D02188284804F058FB40F6010522
:1043100001E0013D40D02448012104F055FB002874
:10432000F7D0214804F04CFB40F60105608001E025
:10433000013D34D01C48802104F046FB0128F7D011
:1043400000230293029B3F2B4FF000051CD9154818
:104350004FF4805104F032F900230193019B3F2B6D
:1043600006D800BF019B01330193019B3F2BF8D975
:1043700063883380284604B070BD4FF0FF350023BA
:104380000293029B3F2BE2D800BF029B01330293B2
:10439000029B3F2BF8D9DAE76FF00105EFE76FF0EA
:1043A0000205ECE7000C01400038004070B582B017
:1043B00000230DF102024FF40041ADF80230ADF8D8
:1043C0000430ADF806300446FFF778FF4FF408419B
:1043D000064601AA2046FFF771FF4FF40841054643
:1043E0000DF106022046FFF769FF46EA0503034385
:1043F00007D1BDF80630BDF8040040EA034002B022
:1044000070BD044A13684FF0FF3043F0040313609B
:1044100002B070BD4446002038B5044603F084F86D
:10442000354A364B1189D568186041EA05419960D3
:10443000D2F89CC0B2F898109FED313AD2ED167ABE
:1044400092ED176A92ED187A92ED2A4AD2ED104A4F
:1044500092ED0F5AD2ED115AD2ED096A108ADFEDB2
:10446000293A41EA0C422849DA6067EE837A1861FA
:10447000D1F808285A6126EE036AFCEEE77AD1F8F3
:104480000C289A6127EE037ABCEEC66A17EE902AD2
:1044900016EE101ABCEEC77A24EE234A64EEA34A45
:1044A00025EE235A65EEA35A66EEA36A92B242EA5B
:1044B000014217EE101ABDEEC44AFDEEE44ABDEE0D
:1044C000C55AFDEEE55AFDEEE66A89B283ED074A6C
:1044D000C3ED084A83ED095AC3ED0A5AC3ED0B6ACE
:1044E0001A6359633CB12046FFF760FF074A034B4C
:1044F000506052685A6038BDBC360020B445002078
:1045000000401C4600007A4400000140EC450020B9
:104510002DE9F04F002787B003ACCDE90377019474
:104520003A4EDFF80CA13A4C059780464FF001094E
:104530000DF10E0B14F8015B364BADF80A7043EA2F
:10454000C5250DF10A02A9B24046FFF7B7FE0028C3
:1045500049D0326842F004024FF000093260A245AF
:104560000BF1020BE6D1019C2B48002334F8022BFF
:1045700020F813200133062BF8D12849DDF80E303E
:10458000C8F806300B602649DDF81240BDF80E2051
:10459000BDF810000C60234CBDF8161021600243DA
:1045A000BDF81230BDF8144025D1C3F30A03A02B87
:1045B00021D11D4B9FED1D7AD3ED037AB4EEE77A3E
:1045C000F1EE10FAACBF4FF430734FF420739C42FD
:1045D00011D140F21543994208BF09F1FF300AD1C9
:1045E00007B0BDE8F08F5A46A9B24046FFF766FE15
:1045F0000028AED1B3E7054A13684FF0FF3043F00F
:104600000803136007B0BDE8F08F00BF44460020E8
:1046100048E800080080FFFF284600203C460020B4
:104620003846002034460020D83D002000002042BB
:104630004DE8000800B587B001AB83E807000DF135
:1046400016024FF400411846FFF738FEBDF8160079
:1046500007B000BD00B587B001AB83E807000DF1DE
:1046600016024FF408411846FFF728FEBDF8160061
:1046700007B000BD30B585B004AB03E907001248B0
:10468000002104F0A7FA11484FF4006103F096FFEF
:1046900000230F4A1C4642F8234001330F2BFAD166
:1046A0000C4A0D4B012515701C6002F03DFF0B4BB1
:1046B0000B4918600B4B0D700B4A1C700B4B1470A0
:1046C0001C7005B030BD00BF002C01400008014047
:1046D000EC450020B0450020AC4500204C460020B1
:1046E00053460020524600205146002050460020EC
:1046F000054B187828B1054B1878B0FA80F04009BE
:10470000704700F0FF00704752460020B04500207F
:1047100010B584B004AB03E907000022114610482D
:10472000104C04F0EFFB0E480022012104F0EAFBDC
:1047300000220B48022104F0E5FB0948002104F0A7
:1047400049FA09484FF4006103F03AFF0748084965
:10475000084A0023237003700B70137004B010BD5F
:10476000002C014053460020000801405246002022
:10477000B04500205046002030B5A04B89B001ACB8
:1047800084E807001A7812B19D4A117851BB9D4AFE
:1047900012780AB909B030BD9B4A156802F0C4FE10
:1047A0000A220146284602F027FE0028F2D0974848
:1047B0004FF4805103F00CFF024600285DD1944D68
:1047C0002B78002B2FD194E8070005AB03C341F2EF
:1047D000A1011A8005A80DF11202FFF76FFD012358
:1047E0002B70D7E702F0A0FE8A4B1968401A002808
:1047F000D0DB894A107800F0FF01002800F0BC806F
:1048000082484FF4805103F0E3FE7D4A002800F017
:10481000D380824800F0CEFD794A002313707E4A8F
:1048200000231370B6E77E4B009220461A60FFF714
:10483000BDFD7B4B7B495860D1F80408D861D1F8A5
:104840000C081862D1F808085862D1F8040C986274
:10485000D1F80C0CD862D1F8080C1863A1F55041BE
:10486000009AD1F808185963654B20201A70FCF79C
:104870006FFC644B009A1A708CE7624B00221A702E
:1048800094E8070005AD03C541F2A1012A8005A8FF
:104890000DF11202FFF712FD634A9FED647AD2ED2B
:1048A000037A94E80700B4EEE77AF1EE10FA0DF11E
:1048B000140CACE80300A8BF4FF44B512A80B8BFDA
:1048C0004FF44A510DF1120205A8FFF7F7FC94E8E6
:1048D00007000DF1140CACE8030042F615412A80E4
:1048E00005A80DF11202FFF7E9FC2046FFF710FEC4
:1048F0004B4A4F4900280CBF012000201060086877
:104900004C49506009684C48916000684B49D06040
:10491000488880B21061888880B25061C888414957
:1049200080B29061D1F80408D061D1F80C0810620F
:10493000D1F808085062D1F8040C9062D1F80C0C40
:10494000D062D1F8080C1063A1F55041D1F80818D5
:10495000516345D12D484FF4805103F039FE0028B2
:104960003ED0264B01241C7002F0DEFD294A244B68
:10497000143010601C700DE72848009100F0D2FD43
:104980002F480099012204F0BDFA012211462C485B
:1049900004F0B8FA01222A48022104F0B3FA2848A8
:1049A000012104F017F91C4B01221A7002F0BCFD22
:1049B000184B05301860EDE6194910700860204664
:1049C000FFF7F4FC1649034620204B60FCF7C0FBC0
:1049D0000123ADF8083094E80700FFF799FE1EE7C1
:1049E000074B002220201A70FCF7B2FB0123ADF820
:1049F000083094E80700FFF78BFECBE65246002014
:104A0000B0450020534600204C46002000080140DD
:104A100051460020AC45002050460020BC36002006
:104A2000EC45002000000140D83D0020000020425D
:104A30003C4600203846002034460020284600200E
:104A4000002C0140F0B589B001AC84E8070094E87F
:104A5000070005AE03C64FF40041328005A80DF1F2
:104A600012021F46FFF72AFC94E8070005AB03C3B8
:104A700032804FF408410DF1120205A8BDF8125022
:104A8000FFF71CFCBDF8124054EA05031FD12B07A9
:104A900043D46F0746D4AE0749D4ED074CD4600524
:104AA0004FD4A10552D4E20555D4230658D4670645
:104AB0005BD4A6065ED4E50661D4200764D4610702
:104AC00067D4A2076AD4E3076DD409B0F0BD3B48B0
:104AD000394605F0A3FF6A056BD4AB0502D538480B
:104AE00005F09CFFEF0502D5364805F097FF2E062E
:104AF00002D5354805F092FF680602D5334805F027
:104B00008DFFA90602D5324805F088FFEA06BED51A
:104B1000304805F083FF2B07BBD52F4805F07EFFFB
:104B20006F07B8D52D4805F079FFAE07B5D52C48ED
:104B300005F074FFED07B2D52A4805F06FFF600558
:104B4000AFD5294805F06AFFA105ACD5274805F087
:104B500065FFE205A9D5264805F060FF2306A6D526
:104B6000244805F05BFF6706A3D5234805F056FFF0
:104B7000A606A0D5214805F051FFE5069DD52048A1
:104B800005F04CFF20079AD51E4805F047FF610746
:104B900097D51D4805F042FFA20794D51B4805F0A4
:104BA0003DFFE30791D51A4809B0BDE8F04005F094
:104BB00035BF184805F032FF8FE700BFB4DF0008AB
:104BC000D4DF0008E0DF0008E8DF0008F0DF0008BD
:104BD000F8DF000804E0000810E000081CE000080E
:104BE00028E0000834E0000840E0000848E0000841
:104BF00050E0000858E0000860E0000868E00008A5
:104C000074E0000880E000088CE0000898E00008EC
:104C1000A4E00008C8DF00082DE9F04389B001AC2A
:104C200084E80700764F774A774D784900233B6048
:104C30002B601360764A1360764A13601A4621F897
:104C400013200133062BFAD1FCF754FA724BDFED37
:104C5000737A93ED037AB4EEE77AF1EE10FA25D881
:104C6000DFF8C4916E4801234FF4006189F80030E9
:104C700003F0A4FC0A2002F03FFC2046FFF796FB5D
:104C800028602B68002B40F0A88005AB94E8070053
:104C90001D4603C30DF112081A8041F2A1014246DC
:104CA0002846FFF70BFB4FF44B5323E0DFF87891D6
:104CB0005B4801234FF4006189F8003003F07EFC6B
:104CC0000A2002F019FC2046FFF770FB28602B68D1
:104CD000002B7CD105AB94E807001D4603C30DF102
:104CE00012081A8041F2A10142462846FFF7E6FA6F
:104CF0004FF44A5394E807002E4603C61946328003
:104D000028464246FFF7DAFA464800F02DFB94E8C1
:104D100007002B4603C3328042F61541424628461F
:104D2000FFF7CCFA94E807002B4603C341F2A10138
:104D3000328028464246FFF7C1FA012002F0DCFB30
:104D4000384800F011FB36484FF4805103F040FC26
:104D500018B93B6843F010033B602046FFF7D8FBCF
:104D600028B92F484FF4805103F032FCD8B994E8A9
:104D700007002B4603C341F2A1011A802846424690
:104D8000FFF79CFA012002F0B7FB25484FF4805151
:104D900003F01EFC38B32046FFF7BAFB18BB3B6894
:104DA00023F008033B601E484FF4805103F010FCD1
:104DB0000346C8B194E807000024FFF7A9FC89F86E
:104DC0000040FCF797F9204609B0BDE8F0833A6847
:104DD00042F0020205AB3A607DE73A6842F0020217
:104DE00005AB3A6052E70023202089F80030FCF739
:104DF000AFF994E80700FFF78BFC4FF0FF30E3E7D3
:104E0000444600203C460020404600202846002022
:104E10003846002034460020D83D002000002042C3
:104E200000080140BC3600204846002008B50C218F
:104E3000002003F01BFC4FF480500222002103F0FD
:104E400053F9BDE808404FF4805003F0A5B900BF06
:104E5000044A072928BF07210023C0E90121037064
:104E6000704700BF00C0030810B5044603F09AF96C
:104E700040F2073003F0FEFA606803F0C7F901233F
:104E8000237010BD84B00DF1100C0CE907000298DE
:104E9000049900EB830004B003F058BA84B00DF11C
:104EA000100C0CE907000298049900EB830004B091
:104EB00003F04CBA84B00DF1100C0CE90700029815
:104EC00010EE101A00EB830004B003F03FBA00BFED
:104ED00000B583B0019003F085F9019800230370B9
:104EE00003B000BD84B00DF1100C0CE9070051F8BF
:104EF000230004B0704700BF84B00DF1100C0CE922
:104F0000070051F8230004B0704700BF84B00DF1D2
:104F1000100C0CE9070001EB830292ED000A04B0CB
:104F2000704700BF08B590ED167AD0ED186A1C4B9B
:104F3000F7EE007A2DED048B37EEC77A9FED199AC4
:104F4000D0ED178A1968184827EE097A77EEE88AB3
:104F500037EEE68AFCEEC77A17EE902AC9B903F05D
:104F600073FF1148012168EE898AFCEEE87A17EE9A
:104F7000902A03F069FF68EE097ABDEC048BFCEE21
:104F8000E77ABDE80840084817EE902A022103F0AE
:104F90005BBF012103F058FF03480021E3E700BF96
:104FA000D83900200000FA44002C014070B55C4E56
:104FB00034688CB00546002C40F0A2802146594848
:104FC00002F0EAFD0346AB605748214602F0E4FDDB
:104FD00003465448EB60022102F0D0FD5348022101
:104FE00002F0CCFD40F6010401E0013C72D04D48D6
:104FF000042102F0E5FD0028F7D040F6010401E0AD
:10500000013C67D04948042102F0DAFD0028F7D0BE
:105010004448042102F0DAFD4448042102F0D6FDA0
:105020000021424802F0B8FDD5F89820AB6895ED14
:105030001C6AD5F89C409FED3E7A286107EE900AE5
:105040009B1AF8EEE76A07EE903AF8EEE77AEB681B
:1050500067EE867A012285F8F5221B1BF169C5ED02
:10506000067ACDED077A66EE876AB1EE677A07EECB
:10507000903AF8EEE77AD5F8F822019167EE867A51
:10508000013237EE677A00210A9140F201100021C7
:10509000C5F8F822274AADF82C008DF82E10C5ED82
:1050A000086ACDED096AC5ED077A85ED057A546E7B
:1050B000936E03930294D46E136F059306A901A80F
:1050C00004948DED067ACDED087AFCF757F818BBFD
:1050D0000CB070BD1348042102F078FD1348042180
:1050E00002F074FDD5F8FC3200220133802085F8EF
:1050F000F522C5F8FC320CB0BDE87040FCF728B8CA
:105100000021094802F048FD0346AB600548002134
:1051100002F042FD03465CE7FCF71AF80CB070BDE4
:10512000D83900200024014000280140003C014003
:105130001833533CD83D002000B52DED028B87B0CD
:10514000CDE90210CDED050A8DED041A0192F0EEC5
:10515000408A01F085FBB0EE408AB0EE680A01F0AB
:1051600059FBF6EE007A67EEC06ADFED175A9FED45
:10517000176A9DED041ADDED050A03980299019A5C
:1051800067EEC87AB0EE667AA8EE257AE8EE656A30
:10519000F0EE675AE0EE065AE0EE467A21EE477AE4
:1051A00021EE400A21EE661AA8EE200AA5EEA07AAA
:1051B000A7EEA01A80ED000A81ED007A82ED001AB8
:1051C00007B0BDEC028B00BDD7B35DBFD7B35D3F69
:1051D00000B52DED028B87B0CDE90110CDED050AAC
:1051E0008DED041ACDED031AF0EE408A01F038FB84
:1051F000B0EE408AB0EE680A01F00CFBB6EE007A21
:1052000067EE486A27EE407ADFED185A9FED186A7C
:105210009DED041ADDED050ADDED031A02980199F2
:10522000F0EE667AB0EE475AA8EE065AE0EE257A1E
:10523000A8EE467A67EE817A21EE451AE0EE656ABD
:10524000E8EE207AA0EE601AE6EEA17AA7EE611AE7
:105250009FED086A67EE867A21EE061AC0ED007AA5
:1052600081ED001A07B0BDEC028B00BDD7B35D3FE6
:10527000D7B35DBFABAA2A3F00B52DED0A8BB0EEC8
:10528000609A85B0F0EE418AF0EE40AAB0EE611A65
:10529000F0EE680AB0EE490AB0EE618A0192CDE9FB
:1052A000021001F059FAB0EE481AF0EE680AB0EEBA
:1052B00040AAB0EE490A01F037FA3AEE00AAF6EE3B
:1052C000009AAAEE699ADFED24BA9FED24CA9FEDF9
:1052D00024BA29EE299AF0EE4C0A29EE2B9A89EE8F
:1052E0002A0A9FED209A30EE0B0A01F00DFAF0EE3B
:1052F000490A01F011FAEAEE698A039880ED000A82
:1053000068EEA98AF0EE4C0A68EEAB8A88EEAA0A2B
:1053100030EE0B0A01F0F8F9F0EE490A01F0FCF961
:10532000AAEE698A029981ED000A28EE298AF0EE38
:105330004C0A28EE2B8A88EE2A0A30EE0B0A01F07E
:10534000E3F9F0EE490A01F0E7F9019A82ED000A6B
:1053500005B0BDEC0A8B00BD3333933F0000000065
:10536000D7A3F03ED7A3703FF8B54FF07C538365C9
:10537000C36503660446FFF7D5FD00264FF47A7532
:1053800037462046FFF712FED4E90223013D1744B9
:105390001E44F6D1064B83FB0721FA17C2EBA1127C
:1053A00083FB0631F317C3EBA113C4E92623F8BD31
:1053B000D34D6210F8B504210546144802F006FCEE
:1053C0001348042102F002FC002426462746284602
:1053D000FFF7ECFD95F8F532A3B1072C13DDD5E905
:1053E00002230134482C17441E44F0D1002FB8BFCB
:1053F0003F37002EB8BF3F36BF11B611C5F89870C1
:10540000C5F89C60F8BD0134E1E700BF002401400D
:10541000003C01402DE9F843344A354BDFED356A55
:10542000DFED355A2DED028BC267C0F8802093ED79
:10543000027A324AC0F8842066EEC76AF7EE007A34
:10544000B0EE676AA6EEA56A2D4ADFED2E6A1268F5
:10545000C0F8C82027EE267AC7EE866A80ED1D7A4E
:1054600077EEE67A80ED1E7AC0ED227A9FED267AFD
:10547000D3ED037AF4EEC77AF1EE10FA33D8234B6A
:10548000DFF89C90DFED228A9FED228A224F03678E
:105490004FF0804800F1F4050024002607EE904A02
:1054A000F8EEE77A013467EEA87AC7EE887A17EE4D
:1054B000900AFAF7F9FF41EC100B07F061FF424642
:1054C00051EC100B4B46FBF747F832463B46FAF7D8
:1054D0008DFEFBF739FB802C45F8040BDED1BDECCB
:1054E000028BBDE8F8830D4BCAE700BFEC51383D95
:1054F000D83D0020D1CB0B38DB0FC940BD74933BA6
:10550000D839002017B7D13800002042FFFFA43C53
:10551000000000BC6F12033D0000F03FFFFF243D80
:105520003333F33F10B54FF47A7204460021164826
:1055300003F08AFC14484FF47A72012103F084FCD2
:105540004FF47A721048022103F07EFC00230022FF
:10555000C4F8A430C4F8A830C4F8AC30C4F8B030F3
:10556000E36323646361A361E3616364C4F890301F
:10557000C4F88C3063652365C4F8E830C4F8EC20C7
:10558000C4F8002310BD00BF002C014090ED397A13
:10559000D0ED387A90ED3A0ADFED1E0A77EEC77A41
:1055A00090ED217A10B5A7EE270A82B0044680ED6F
:1055B0003A0A01F0B1F8184BD3ED060AF1EE600A91
:1055C00001F0A2F894ED3C7A84ED3A0A60EE407A5C
:1055D00084ED290AE7EE077AF5EE407AF1EE10FA4B
:1055E00011D4F1EEE70A94ED2A0ACDED010A01F09B
:1055F00093F8DDED010AF1EE600A01F085F884ED23
:105600002A0A02B010BDB0EE670A07F009FFF0EEFB
:10561000400AE8E700000000D83D002010B52DED5D
:10562000028B91ED170ACB68D1F864C00A6ED0EDF9
:10563000071A90ED061AD0ED050A044682B000F173
:10564000400180ED0B0A8362C0F834C002633C3035
:10565000FFF7BEFD9FEDA05A94ED087ADFED9F5A4B
:10566000D4ED097A94ED106AD4ED0F6A94ED114AE5
:10567000D4ED124A9A4B27EE057A26EE056AA7EE7C
:10568000A57ADFED987A84ED097A66EE856A67EE91
:10569000277A9FED955A9FED957AA4EE256AE4EE60
:1056A000A56A67EE857ADFED925A94ED2B5A84ED68
:1056B000116A67EEA57AD4ED295AC4ED387A75EEF1
:1056C000C57AC4ED126A93ED030AF4EEC77AF1EEDF
:1056D00010FA84ED3C0A00F3F080DFED866AF4EE08
:1056E000E67AF1EE10FA00F1E28094ED2C6AD4ED46
:1056F0002A7ADFED7E6AC4ED2B5A37EEC67AB4EE15
:10570000E67AF1EE10FA00F3D5809FED7A5AB4EE06
:10571000C57AF1EE10FA00F1C78004F1A801C4EDDA
:10572000295A04F1A400C4ED2C7AC1ED007A01F0ED
:105730002BF8D4ED0F6AD4ED298A94ED1D7A94EDFF
:10574000230ADFED6D7A94ED2A8AD4ED380A78EEDB
:10575000E68AA7EE280A94ED107A30EE270A38EE92
:10576000478A84ED140A00F0D7FFD4ED380AF1EE31
:10577000600A00F0C9FFD4ED1F6A94ED1D7AD4EDE4
:10578000237AD4ED380A84ED140A27EE267AE7EE60
:10579000287AB0EE670AC4ED237A00F0BDFFD4ED9D
:1057A000380AF1EE600A00F0AFFFD4ED147AD4EDC0
:1057B000380A84ED230A67EEE77AE0EEA07AF5EE88
:1057C000407AF1EE10FA7BD4F1EEE78A94ED240AE8
:1057D000D4ED1E7AD4ED206AB0EE407AA7EE887A36
:1057E00067EEA67ADFED446AA7EE880A77EE267A9E
:1057F00084ED240AC4ED157A00F08EFFD4ED380A4A
:10580000F1EE600A00F080FFF0EE406A94ED150AB8
:1058100094ED147AC4ED246A60EE007AF0EE680A22
:10582000E7EE077AB1EEE77A84ED397A00F074FF9B
:10583000F1EE680A00F068FFF0EE407A04F15401DE
:1058400094ED380AC4ED157A04F1500000F09CFF85
:10585000DFED2A7A94ED0D7A94ED0B0A94ED151A8A
:10586000D4ED140AA7EE270A04F16C0204F16801D2
:1058700004F16400FFF760FC04F15800D4ED1B1A3A
:1058800094ED1A1AD4ED190A94ED380A04F1600265
:1058900004F15C01FFF7F0FC204602B0BDEC028B86
:1058A000BDE81040FFF73EBB76EE667A35E775EE51
:1058B000475A1AE776EE267A2FE775EE075A14E76D
:1058C000B0EE670ACDED010A07F0AAFDDDED010A91
:1058D000F0EE408A7AE700BFCDCCCC3D6666663FED
:1058E000D83D00203333933FD7A3703F0AD7233CE2
:1058F0003ACD133F0AD723BC00000000BAB151389B
:1059000000B5D0F80033D0ED337A90ED0A7A42F248
:105910002732934277EEC77A83B042D807EE103A27
:10592000DFED216AB8EEC77A87EE266A1F4B019039
:10593000D0ED356A90ED370A90ED3C7AA6EEA70AD5
:10594000D0ED0C6AD0ED347AF1EE040A77EEE67A07
:10595000D0ED366A37EE607AA6EEA70AE7EE060AC1
:10596000D3ED0E7ACDED000A80EE270A00F0D4FECA
:10597000DDED000AF1EE600A00F0C6FE0198D0F8F5
:10598000003380ED2A0A42F2273293424FF00001A1
:1059900098BF0133C0F8A41098BFC0F8003303B01B
:1059A00000BDB7EE006AC1E700A00C46D83D00205C
:1059B00000230022C0F8DC30C0F8D430C0F8D83062
:1059C000C0F8CC30C0F8D030C0F8A830C0F8002300
:1059D000704700BF10B54FF4805182B00A4802F002
:1059E000F7FD0446FBF7BCFB084A094B094992F84E
:1059F000F52293F8DD3289880092221E18BF012219
:105A000001F0E8FC02B010BD00080140BC360020E7
:105A1000983300208C33002008B50B4801F03EFB82
:105A200070B1094801F06EFB38B1074801F0CEFCB7
:105A3000054801F00FFC013808BD034801F0C6FC21
:105A40004FF0FF3008BD00BFC039002010B503780B
:105A50000446052B2AD8DFE803F027032A29272745
:105A60001B4B1A8918685968FEF752FE194B93F8B8
:105A70002220CAB91849194A0968916203F50053EE
:105A8000174893F848CFD3F84C3F1649C0F800C0E8
:105A90004FF400724361183005F096F8114912482E
:105AA0004FF4007205F090F80123E37010BD084B2D
:105AB0000122C270186859681A89FEF729FE0B483E
:105AC000FFF730FDBDE810400848FFF771BF00BF89
:105AD0008C3300201002002054310020D83D0020DB
:105AE000D83900206031002074340020BC360020FA
:105AF00008B50D4804F0FAFF0C4804F0F7FF0C4815
:105B000004F0F4FF0B4804F0F1FF0B4804F0EEFF43
:105B10000A4804F0EBFF0A4804F0E8FFBDE808403B
:105B2000084804F0E3BF00BF28DD0008B0E000082B
:105B3000BCE00008D0E00008ECE00008FCE0000851
:105B400014E1000830E1000830B56C486C4C6D4D34
:105B500085B004F063FF6C486C4B6D4A6D49CDE92C
:105B600000046D4C6D4804F059FF6D4804F0BEFF11
:105B7000606CFAF799FC2B46CDE90201694A009561
:105B800069496A4804F04AFFA06BFAF78DFC684A3D
:105B9000684B0095CDE902016749684804F03EFF73
:105BA000674804F0A3FFA068FAF77EFC654B664ADD
:105BB0000093CDE90201654B6549664804F02EFF6C
:105BC000E068FAF771FC644B644A0093CDE9020186
:105BD000634B64495F4804F021FF206DFAF764FCD1
:105BE0002B46CDE90201604A00956049594804F00E
:105BF00015FFA06DFAF758FC2B46CDE902015C4A6F
:105C000000955C4953485C4D04F008FFE06DFAF7DD
:105C10004BFC5A4B5A4A0093CDE90201504B59496B
:105C20004C4804F0FBFE206EFAF73EFC564B574AF8
:105C30000093CDE902014A4B5549464804F0EEFE77
:105C4000A069FAF731FC534B534A0093CDE90201A6
:105C5000434B52493F4804F0E1FE206AFAF724FC26
:105C60004F4B504A0093CDE90201324B4E4939481F
:105C700004F0D4FE606AFAF717FC4C4B4C4A0093D0
:105C8000CDE90201364B4B49324804F0C7FEA06C07
:105C9000494CFAF709FCCDE902014849304B484A22
:105CA00000912C48474904F0B9FE474804F01EFF14
:105CB0006368464A46494748CDE900531D4B04F006
:105CC000ADFEA3680193444A1A4B444900954148EC
:105CD00004F0A4FEE068424B424A4349CDE900305B
:105CE000144B424804F09AFE414804F097FE4148A4
:105CF00005B0BDE8304004F091BE00BF48E10008A7
:105D00009CE10008BCE10008ACE1000864E1000887
:105D100068E1000874E10008D83D00207CE100083B
:105D2000B0E10008C0E10008DCE10008E0E10008A3
:105D300004E2000800E200081CE2000820E200087B
:105D400040E2000890E2000854E2000850E2000837
:105D50006CE2000870E20008B4E200089CE200086F
:105D600098E20008B0E20008BCE20008D8E20008AF
:105D7000DCE20008FCE2000818E4000820E3000868
:105D800000E300081CE300084CE3000828E30008D7
:105D900048E300086CE3000850E3000868E30008EB
:105DA00094E3000874E3000890E30008B4E30008FB
:105DB00098E30008B0E30008D8390020D8E30008D1
:105DC000BCE30008D4E30008E0E30008ECE30008CB
:105DD000F4E30008F8E300081CE4000828E40008E5
:105DE0006CE400082CE400084CE4000850E40008CF
:105DF00074E40008C0E4000800B5037883B0042B05
:105E000018D8DFE803F025190817030003B05DF880
:105E100004EBFFF799BE0190FFF7DCFD0146002877
:105E200056D13348C0F8B810FFF77CFBFEF760FC92
:105E3000002854D003B000BD0190FFF7CBFD03460E
:105E400058B1019A002101235170D37003B000BDF5
:105E500003B05DF804EBFFF74BBE254A2548DFF899
:105E6000A0C02549D2F8B420DCF828E0A0F8213001
:105E700080F824300374826200F500500A6880F8CC
:105E8000482F4A69C0F84C2F00F6447C18314FF473
:105E9000007200F57560CCF800E0019304F094FE08
:105EA000DFF860C0019BCCF8D8304FF4007219467F
:105EB0000CF1DC0004F03BFE1049019A088960F304
:105EC0000F020868496803B05DF804EBFEF7D2BB27
:105ED0000620FCF793F90648FFF76AFDB1E7074B88
:105EE0001989024661F30F0218685968EBE700BF91
:105EF000BC36002010020020D83900208C3300204E
:105F0000D83D002098330020F0B5837B83B0044651
:105F1000002B68D1437822789A4240F08480022B8B
:105F200000F08B80052B00F0BA80012B59D1B04ACC
:105F30000193106851681289FEF71EFCFEF7D8FB2A
:105F40000546002800F0CE80AA4B93F82130002BA4
:105F500000F02F81A74B93F82230002B00F03A81FC
:105F6000A44D95F82430002B40F0F480A14BA24EB4
:105F7000DB6996ED1A7AA14F9FEDA10A7B615A4227
:105F800007EE902AF8EEE77AF7EE000A67EE877AD6
:105F90001D4627EE800A07F0C7F9DFED9A7A60EE1A
:105FA000277A17EE900AFAF77FFA0B46024629463F
:105FB000954804F033FD95494FF4007206F1DC007A
:105FC00004F002FE91494FF4007207F1180004F04A
:105FD000FBFDFFF721FD002840F0068100236370E0
:105FE000E37003B0F0BD824B186859681A89FEF758
:105FF000C3FB87484FF4805102F0EAFA0546FEF7EA
:1060000077FB002854D1238A40F6B732591C9342BB
:106010002182E6D9227800230121A37323826370B1
:10602000E170002ADDD02046FFF710FDE378002B59
:106030007BD12378022B7FF475AF6D4B18685968BC
:106040001A89FEF799FBFEF753FB0028C9D06B4B6A
:10605000DA68002A05DD6F49D1F8B8108A42C0F22B
:10606000B280FFF7B7FC002865D16A48FFF748FC0B
:106070006848FFF78BFA60496648FFF7CFFA637804
:10608000022BAED15D4BDB68002BAADD6149D1F854
:10609000B8209342A5DB0132C1F8B820A1E75D4BDF
:1060A0005548D3F8B41003B0BDE8F04000F034BF59
:1060B000514A92F8DD22002AA5D0564A92F8F522DC
:1060C000002AA0D04A4B002D9DD000224FF4F07042
:1060D0009A80FBF74BF8002201216378A273228299
:1060E000E17018E74B4A434BD2F8B420986A41F26A
:1060F0007071121A8A427FF674AF02210620FCF7F3
:106100007DF83B4B198918682A4661F30F025968DC
:10611000FEF7FEFA3749019B81F8243040F2011264
:10612000A1F821206570E3705BE763782370204657
:10613000FFF762FE7DE701460620FCF75FF82C4B77
:106140001A8918685968FEF7E3FA00220123627081
:10615000E37046E73049294BD1ED007A2F4905F528
:106160000052C1ED0A7A92F8481FCDED017A19600C
:10617000D2F84C6F5E6103F1180002F575614FF4BF
:10618000007204F021FD1C48DDED017A2449C0EDC8
:106190001A7AC0F8D8604FF40072DC3004F014FDB5
:1061A000204804F0A3FC002385F824306370E370DA
:1061B00017E718491048D1F8B4300E4A03B0BDE8CB
:1061C000F040FDF7D1BC0520FCF718F81148FFF7A7
:1061D000EFFBB4E70F490848D1F8B430054A03B0E3
:1061E000BDE8F040FDF718BE0F4804F07FFCF5E66F
:1061F0008C3300201002002098330020D839002072
:1062000000008037DB0FC94024E50008442C002043
:1062100000080140BC36002054310020D83D002049
:10622000F0390020ECE4000838E5000838B5417B7F
:10623000A1F161030446172B19D8DFE813F02800F9
:106240004700660085001800A000BF00C400E300FE
:106250001800EE0009012801180018003301180089
:1062600018001800520118005D0118007C01C14897
:1062700004F0D4FB251DFFF7CFFB002840F076810A
:10628000FFF762FC0023A38163606B6038BD051DCE
:10629000284602F0FAFF51EC100BFAF755FCF3EE2A
:1062A000040A00EE100A07F0B1FBDFEDB30A07F0B5
:1062B00085FBB24B10EE100A83ED120AFAF7F4F8E0
:1062C00002460B46AE4804F0A9FBD4E7051D28465C
:1062D00002F0DBFF51EC100BFAF736FCDFEDA90AF8
:1062E00000EE100A07F092FBDFEDA70A07F066FB4D
:1062F000A24B10EE100A83ED020AFAF7D5F8024617
:106300000B46A24804F08AFBB5E7051D284602F0BB
:10631000BCFF51EC100BFAF717FCDFED9D0A00EE05
:10632000100A07F073FBDFED940A07F047FB934B6D
:1063300010EE100A83ED090AFAF7B6F802460B468A
:10634000944804F06BFB96E7051D284602F09DFF7C
:1063500051EC100BFAF7F8FBDFED870A00EE100A9C
:1063600007F02CFB854B10EE100A83ED180AFAF7A4
:106370009BF802460B46884804F050FB7BE7051D5E
:10638000284602F082FF51EC100BFAF7DDFBDFED3F
:10639000830A00EE100A07F039FBDFED770A07F0F9
:1063A0000DFB764B10EE100A83ED060AFAF77CF827
:1063B00002460B467A4804F031FB5CE7794804F06A
:1063C00095FB251D57E7051D284602F05EFF51ECA1
:1063D000100BFAF7B9FBDFED740A00EE100A07F0B4
:1063E00015FBDFED650A07F0E9FA644B10EE100AC1
:1063F00083ED080AFAF758F802460B466B4804F09A
:106400000DFB38E7051D284602F042FF684B0146A8
:106410005960684804F002FB2DE7051D284602F08C
:1064200034FF51EC100BFAF78FFBDFED630A00EE3F
:10643000100A07F0C3FA514B10EE100A83ED0E0A52
:10644000FAF732F802460B465C4804F0E7FA12E726
:10645000051D284602F019FF51EC100BFAF774FBEA
:10646000DFED570A00EE100A07F0D0FADFED420A1E
:1064700007F0A4FA414B10EE100A83ED030AFAF775
:1064800013F802460B464F4804F0C8FAF3E6051D20
:10649000284602F0FDFE464B014699604A4804F04A
:1064A000BDFAE8E6051D284602F0EFFE51EC100BA0
:1064B000FAF74AFBDFED300A00EE100A07F07EFA29
:1064C0002E4BF1EE407A83ED140AC3ED137A10EEF1
:1064D000100AF9F7E9FF02460B463C4804F09EFA21
:1064E000C9E6051D284602F0D3FE314B0146D960AE
:1064F000374804F093FABEE6051D284602F0C5FEB3
:1065000051EC100BFAF720FBDFED1B0A00EE100A2E
:1065100007F054FA194BF1EE407A83ED160AC3EDF9
:10652000157A10EE100AF9F7BFFF02460B4629480C
:1065300004F074FA9FE6051D284602F0A6FE51EC11
:10654000100BFAF701FBDFED0C0A00EE100A07F062
:1065500035FA0A4B10EE100A83ED170AF9F7A4FF7B
:1065600002460B461C4804F059FA84E61B4804F026
:10657000BDFA85E6ECE6000800000000D83D0020EA
:1065800024E600080000FA440000C84270E5000854
:10659000000020420CE60008B0E6000800000442BB
:1065A000C4E5000838E6000800001643F4E50008DA
:1065B000D839002084E5000817B7D1388CE60008E8
:1065C00000007042B0E5000898E50008C4E6000845
:1065D000DCE50008D8E600089CE6000838E500087D
:1065E0001B2908B5034645D06D29027846D052B123
:1065F000042A07D10D294ED0027B002A48D14173CD
:1066000001321A7308BD63391729FBD801A252F869
:1066100021F000BF9F66000805660008A966000813
:10662000056600080566000805660008056600089E
:10663000056600080566000805660008056600088E
:10664000056600080566000805660008056600087E
:1066500005660008B36600080566000805660008C0
:10666000056600080566000805660008056600085E
:10667000BD66000800224270C27008BD02218A4235
:106680004170BFD000220121C2708173028208BD17
:106690001044C170B4E7BDE80840FFF7C7BD012151
:1066A00000224170C27008BD052100224170C270F5
:1066B00008BD042100224170C27008BD0D489FED45
:1066C0000E0A0023C0F8D43000F0B4FA09480B4B8E
:1066D000826F1A61FFF7A0F9084B28B919690848B9
:1066E000BDE8084004F09AB9064804F0FFF9034BEE
:1066F000F4E700BF98330020D1CB0B38D839002005
:1067000044E7000814E70008B4EEE00AF1EE10FADE
:10671000D8BFB0EE600A7047F4EEC00AF1EE10FA8E
:10672000D8BFB0EE600A7047B4EEE00AF1EE10FA9E
:1067300007DDB4EEC10AF1EE10FAD8BFB0EE410A9F
:106740007047F4EEC10AF1EE10FAD4BFB0EE410A80
:10675000B0EE600A704700BFB4EEE00AF1EE10FA46
:1067600007D5B4EEC01AF1EE10FAD8BFB0EE410A68
:106770007047B4EEE01AF1EE10FAD4BFB0EE410A61
:10678000B0EE600A704700BFD1ED007A90ED007A5C
:1067900067EEA77AE7EE077AF1EEE76AF4EEC06AF1
:1067A000F1EE10FA0DDD27EE007AC7EE267AC0ED85
:1067B000007AD1ED007A20EE270AC0EE267AC1EDEC
:1067C000007A704701238340013B07EE903A30EE98
:1067D000600AF8EEE77A31EE601A67EE807A87EEAB
:1067E000817AFDEEC77A17EE900A704707EE900A9D
:1067F000012370EEC00AF8EEE77A8B40013B27EEEA
:10680000A07A07EE903AF8EEE77AC7EE276A36EEFE
:10681000800A704700B5DFED0F0A83B0CDED010AA5
:1068200006F082FDB5EEC00AF1EE10FA03D5DDEDFB
:10683000010A30EE200ADFED087A084B20EE270A25
:10684000BDEEC00A10EE102A03EB820393ED000A9E
:1068500003B000BDDB0FC94083F9A24250E8000835
:1068600000B5DFED117ADFED110A83B037EEC00A13
:10687000CDED010A06F058FDB5EEC00AF1EE10FAB2
:1068800003D5DDED010A30EE200ADFED097A094B70
:1068900020EE270ABDEEC00A10EE102A03EB820399
:1068A00093ED000A03B000BDDB0FC93FDB0FC94009
:1068B00083F9A24250E8000870B5054684B0354817
:1068C0000E464FF4004101F07BFE00230393039B2F
:1068D0003F2B06D800BF039B01330393039B3F2B41
:1068E000F8D940F6010401E0013C3ED02A480221DB
:1068F00002F06AF80028F7D02748294602F05EF82F
:1069000040F6010401E0013C3ED02348012102F0A1
:106910005BF80028F7D0204802F052F840F6010456
:10692000308001E0013C32D01B48802102F04CF85D
:106930000128F7D000230293029B3F2B4FF0000465
:106940001AD914484FF4004101F038FE0023019396
:10695000019B3F2B06D800BF019B01330193019B94
:106960003F2BF8D9204604B070BD4FF0FF34002310
:106970000293029B3F2BE4D800BF029B013302939A
:10698000029B3F2BF8D9DCE76FF00104EFE76FF0D3
:106990000204ECE700080140003C0040F0B5064668
:1069A00083B008461746FBF781FB044643F6FF70A9
:1069B000FBF77CFB01A905462046FFF77DFF48BB9E
:1069C0000DF106012846FFF777FF18BBBDF806401A
:1069D0002046FBF787FB431CA6F8E0420BD00230B1
:1069E00012D0C4F30D043C8001A92846FFF764FFD0
:1069F00080B903B0F0BDD6F800330133C6F80033D8
:106A00006FF0010003B0F0BDD6F804330133C6F8CF
:106A10000433F5E7D6F8FC3201334FF48070C6F842
:106A2000FC32FAF795FB4FF0FF30E2E770B500213A
:106A300082B006460120FBF749FB044643F6FF708F
:106A4000FBF734FB0DF1060105462046FFF734FF46
:106A500038B90DF106012846FFF72EFF08B902B03C
:106A600070BDD6F8FC3201334FF48070C6F8FC32AA
:106A7000FAF76EFB4FF0FF30F1E700BF10B582B0C0
:106A80000DF1020243F6FC710446FFF787FFF0B9EF
:106A900001AA43F6FD712046FFF780FFB8B90DF15A
:106AA000060201212046FFF779FF80B9BDF80630C4
:106AB000BDF80210BDF80420A4F8EA32A4F8E612EA
:106AC000A4F8E822012384F8DE3202B010BD0023CE
:106AD0004FF0FF30F7E700BF2DE9F04F044687B0D5
:106AE00043F6FF700E46FBF7E1FA4FF00008074649
:106AF0002046FFF79BFF4645A4F8DD82A4F8EC8210
:106B000040F383800123CDF8088003939A46C14661
:106B10000DF116013846FFF7CFFE90BB012E44D091
:106B20004FF0010B00250DF116013846FFF7C4FEAA
:106B300048BBBDF8168001904046FBF7D3FA431CD2
:106B4000019AA4F8E082C8F30D0C05F101053AD0D2
:106B5000023054D00BF1010B5E45A4F8E2C284F878
:106B6000DDA2A4F8EC22DED11F2D1ED92046FFF7AE
:106B700085FFB0FA80F0400984F8DE0207B0BDE876
:106B8000F08F4FF0000BD4F8FC12B4F8EC2284F82C
:106B9000DD920BF1010B0131013201235E45C4F896
:106BA000FC12A4F8EC220293BCD1039D032D1AD051
:106BB000142000F0A1FC6B1C03930023A4F8DD3229
:106BC000A4F8EC32A4E7D4F800230132C4F800237F
:106BD0000BF1010B5E454FF0000584F8DD92A2D168
:106BE000039D032DE4D1029A002384F8DD329A42FA
:106BF00014BF4FF480704020FAF7AAFAB6E7D4F831
:106C000004230132C4F80423E2E70125032D4FF0E9
:106C100014000CD0013500F06FFC4FF00003032D81
:106C2000A4F8DD32A4F8EC824FF01400F2D1002376
:106C30000293D8E770B52DED028B044686B043F67B
:106C4000FF70B0EE408AFBF731FAD4F8F03201332E
:106C50000DF11601C4F8F032FFF72EFE002840F0C7
:106C6000CD80BDF81630019305461846FBF73AFA79
:106C7000019BA4F8E032421C00F02281023000F0B7
:106C8000E280C3F30D032A46D4F8F41263F30F0233
:106C900063F31F42002940F0F980D4ED016AC4F883
:106CA000E22201229B00013184F8DD220022636789
:106CB000C4F8F412A4F8EC22C4ED026A4C220E4689
:106CC00004F1100004F10C010393CDED026A01916F
:106CD00003F014FF039BDFF83CC29FED896A019922
:106CE000DDED026A5A12501C00F07F0004EB8202B4
:106CF00004EB8000D2F8DC20D0F8DC00C3F3080EEF
:106D0000801A0EFB00F002EB60221A44A267DCF846
:106D10001030D31A07EE903AFAEEC87ABDEEE77A51
:106D2000B8EEC77A77EEC77A67EE867AF5EEC07A64
:106D3000F1EE10FA01D577EE867A012EC4ED017AD4
:106D400073D0D4F8805094F8DC32DCF8141094ED51
:106D50001A6ADFED6C5A9FED6A5A521A07EE102A32
:106D6000B8EEC77A27EE067A27EE257AFDEEC75AE7
:106D7000F8EEE55A37EE657A27EE057AB5EEC07A79
:106D8000F1EE10FA01D537EE057A77EEE66ADFED1F
:106D90005E5A84ED177AF4EEE56AF1EE10FA69DCDA
:106DA0009FED5A7AF4EEC76AF1EE10FA4CBF012259
:106DB0000022002B62D02A4407EE102ADFED506A31
:106DC000C4F88020B8EEC77A27EE267A77EE877A65
:106DD000D4ED166AC4ED037AB3EE037A77EEE66A71
:106DE00028EE077AC6EE877A26EE276AC4ED187A6F
:106DF00084ED196A06B0BDEC028B70BDD4E9BE21EA
:106E0000B4F8EC3201310132C4E9BE210020013373
:106E100084F8DD02A4F8EC324FF4807006B0BDECCB
:106E2000028BBDE87040FAF793B9C4ED027A04F121
:106E30005C03E1EC017A9942FBD10123F0EE676A31
:106E400084F8DC3281E7D4F804330133C4F8043326
:106E5000B4F8EC32D4F8F82201339BB201320021AD
:106E6000022BC4F8F822A4F8EC3284F8DD12C1D960
:106E70004020D3E74FF0FF32002B9CD101229FED41
:106E8000247AC4F8803084F8DC229FE71846B4F8EE
:106E9000E41202920193FBF733F900F50070B0F5AC
:106EA000806FDDE9013211D8B4F8E412994202BFD3
:106EB000D4F80C130131C4F80C13D4F8F412ECE636
:106EC000D4F800330133C4F80033C1E7D4F8081311
:106ED000B4F8EC32C4F8E22201310133C4F80813EB
:106EE000D4F8F812C4F8F4529BB20131022BA4F882
:106EF000EC32C4F8F812A4F8DC527FF67BAFB7E7A7
:106F0000DB0FC94000008037DB0F4940DB0F49C071
:106F100000000000D839002070B5224D2B6803F521
:106F20001C5310338B4200D970BD04460E46416F8E
:106F30001D4803F073FDA16F1C4803F06FFD6068EE
:106F4000F9F7B2FA02460B46194803F067FDE0680C
:106F5000F9F7AAFA02460B46164803F05FFDE06D0A
:106F6000F9F7A2FA02460B46134803F057FDD4F88E
:106F70008010124803F052FD94F8DD12104803F01F
:106F80004DFDD4F8FC120F4803F048FDD4F800136F
:106F90000D4803F043FD0D48D4F8041303F03EFD03
:106FA0002E6070BD544600206CE7000878E70008AA
:106FB00090E70008A8E70008BCE70008D0E7000851
:106FC000E0E70008ECE70008F8E7000808E8000838
:106FD00030B585B001AB83E807000E4D002401AB4E
:106FE00093E807002346FDF77DFF0134B4F5807F69
:106FF00045F8040FF3D1084D01AB93E80700234691
:10700000FDF784FF0134B4F5A07FA5EC010AF3D1AC
:1070100005B030BDD4390020D83D002070B586B011
:1070200003AB83E8070003AA07CA4FF4A073FDF778
:1070300063FF03AA064640F2411307CAFDF75CFF4F
:1070400003AA05464FF4A17307CAFDF755FF0DF1DA
:107050000C0C044640F243139CE80700FDF74CFF7C
:10706000054A0192054A00920346224629463046C7
:10707000FAF7BEFF06B070BDD83D0020D839002019
:1070800000B583B00190FDF7E3FE0198416800224E
:10709000FF23C0E90312838203B000BD30B5174956
:1070A0008BB004461648FAF7DBFC0546E8B1237DB1
:1070B000012B1ED900210B46E268637502EB010E1D
:1070C00094E8070004AB83E807000DF1040CCDF849
:1070D00014E08CE8070093E8070007AB83E807009B
:1070E00084E807002046FDF7BFFE2846A5750BB0D3
:1070F00030BD013303F00103D902DDE7D83D0020A4
:10710000D8390020F0B5837D83B005462BB9002423
:1071100000232046AB7503B0F0BD48494848FAF754
:107120009FFC0028F3D045494548464EFAF756FCE7
:107130000024074656F8043F95E8070000932346CD
:107140000134FDF79FFEB4F5807FF3D13B4EB6ECE2
:10715000010A234695E807000134FDF7ABFEB4F5BC
:10716000A07FF4D10223009395E8070040F2411379
:10717000FDF794FE009495E807004FF4A173FDF726
:107180008DFE009795E8070040F24313FDF786FE59
:107190002A690132009295E807004FF4A273FDF7C7
:1071A0007DFE294B009395E807002346FDF776FE08
:1071B000234926484FF4806203F006FD1F49244806
:1071C0004FF4807203F000FD95E80700FFF700FF21
:1071D00095E80700FFF722FF044660B91B491848ED
:1071E0004FF4806203F0F0FC194914484FF48072A8
:1071F00003F0EAFC8BE795E807004FF4A273FDF774
:107200007BFE2B69114907464FF480620C485E1CD7
:1072100003F0DAFC0E4909484FF4807203F0D4FC05
:10722000B7427FF474AF2B696A7D2A7501332B61F5
:1072300020460023AB7503B0F0BD00BFD83D002051
:10724000D8390020D43900204154484E58470020F6
:10725000584600202DE9F04F93B006460DF10C087A
:1072600000274FF0FF0A0CAD09AC0DF1100996E8AC
:1072700007000DF13C0C8CE80700F36803EBC72313
:10728000109385E807009CE8070084E80700FFF7F3
:107290009FFE94E80700FFF7C1FE4FF4A27388F841
:1072A0000000834694E80700FDF726FE49F8270012
:1072B0000346002F41D0BBF1000F02D0BAF1FF0FFF
:1072C00054D1059B9DF80D2004999DF80C00FAF708
:1072D000B7FE002859DB5FFA80F8B8F1FF0F54D0F1
:1072E000B8F1000F56D1354935484FF4806203F0AC
:1072F0006BFC344934484FF4807203F065FCF2684B
:1073000086F8148002EBC82796E8070085E8070096
:107310000D9784E8070095E807000FAC84E80700A4
:107320000DEB880394E807001B693361012386E8AD
:107330000700184613B0BDE8F08FBBF1000F10D066
:107340001F491E4801934FF4806203F03DFC1E4923
:107350001C484FF4807203F037FCBAF1FF0F04D1E0
:10736000BA4608F10108012781E7019B18460DEB99
:107370008A031969FAF75EFE08B15FFA87FA002FEF
:107380009FD108F10108012771E70023184613B0C7
:10739000BDE8F08FF26802EBC82396E807000DF114
:1073A0003C0C8CE80700109385E807009CE8070078
:1073B00006AF87E80700FFF70BFEA0E7584700205D
:1073C000D839002058460020D83D0020002383757E
:1073D000FDF77EBD9DF800C030B949B932B14BB15F
:1073E000844508BF0520704701207047032070477F
:1073F0000220704704207047081A904234BF0020D2
:10740000012070470120704708B503F0ABFB16233D
:1074100003604FF0FF3008BD08B503F0A3FB16234F
:107420000360FEE770B5161E07DD0C468D19AFF33D
:10743000008004F8010BA542F9D1304670BD00BFB1
:1074400070B5161E07DD0C468D1914F8010BFCF7FC
:107450006BFBA542F9D1304670BD00BF4FF0FF3045
:10746000704700BF4FF400534B600020704700BFCF
:1074700001207047002070470C4A08B5136833B1EB
:1074800018446946884208D81060184608BD084B61
:107490001360184469468842F6D903F063FB0C2355
:1074A00003604FF0FF33184608BD00BF584B002063
:1074B000C04C00200D4B0E4A1B68A2FB03239B0906
:1074C000013BB3F1807F00D3FEE74FF0E022094992
:1074D0005361F02081F823004FF0000C07201023A7
:1074E000C2F818C0106181F82330704700000020F6
:1074F000D34D621000ED00E0024A10601368002BCB
:10750000FCD17047604B00200549064A0B680133E7
:107510000B60136813B11368013B1360704700BF21
:107520005C4B0020604B0020014B1868704700BF87
:107530005C4B002030B50D4A0D4B0E4D83B000243E
:10754000062140F2FF1014601C602C7000F0B0FFA8
:10755000012807D1019000F09BFF01982870204678
:1075600003B030BD4FF0FF30FAE700BF6C4B002096
:10757000684B0020644B0020024A136801331360FB
:10758000704700BF6C4B0020064B074A1B781268FF
:107590001BB1064B1968914200D170471A6000F088
:1075A0007FBF00BF644B00206C4B0020684B002065
:1075B000704700BF08B50220F9F7CAFDFEE700BF1B
:1075C00008B50420F9F7C4FDFEE700BF08B50820A0
:1075D000F9F7BEFDFEE700BF08B51020F9F7B8FDCA
:1075E000FEE700BF704700BF704700BF704700BF95
:1075F000FFF78ABF70B5544C544884B0224600212E
:1076000000F08EFC206840F20173984206D1A36816
:1076100023F07F43B3F5002F00F086804C4D627A53
:10762000217A6B680093B2FA82F2B1FA81F1A37AFF
:1076300052094909FAF714FD08B904B070BD454A6A
:10764000454E464BD2ED0E7A96ED111AD3ED180A3F
:1076500093ED030A2979424821EE271AFAF7AEF88A
:107660003F493A4800F008FC3E4803A9FAF70AFDF2
:10767000054660B39DF80C10FD294DD0FE291ED0A3
:10768000FC29DAD1384C0220FAF7B8FD0025304643
:10769000C6F8B850FEF78CF9206861682289FDF7BA
:1076A00037F8616820682289FCF7E4FF2020A58074
:1076B000F9F75CFD2D486D21FEF792FFBDE7042030
:1076C000FAF79CFD29487A21FEF78AFFB5E723697E
:1076D00006F1CC02CDE9003294E80F00FAF7ACF8DD
:1076E000DFED236AD6ED347A96ED337AC6F8B850DA
:1076F00067EEA67A27EE267AFDEEE77ABDEEC77A28
:1077000017EE903A17EE101A9BB2012043EA01419E
:10771000FAF774FD04B070BD0320FAF76FFD13484B
:107720001B21FEF75DFF88E703A904F10B00FAF7C0
:10773000FBFC18B99DF80C30072B01D920686DE7C8
:107740002046FAF793FD78E7E80100200064004046
:10775000D8390020D83D0020BC36002098330020C6
:10776000FC010020F30100208C330020A83600200B
:107770000000C842012110B5194801F00BFAFFF7CB
:1077800003FF18490B88013343F697229BB29342BB
:1077900014D80B80144CFCF769F82046FDF706FC62
:1077A0009FED120A1248FFF745FA1248FEF7ACFBAC
:1077B000D4F8B4300133C4F8B43010BD0E4B1A788D
:1077C00000200880B2FA82F200F18040520900F5F0
:1077D00088304FF400511A7000F0F4FEDAE700BF71
:1077E000002C0140724B0020BC360020D1CB0B385E
:1077F00098330020A8360020704B002008B54FF4C5
:10780000805000F0C9FC18484FF4805100F0E0FEB1
:1078100000B108BDFCF744FDF0B9FCF7EFFCB8B9C6
:10782000FCF77AF80028F4D100F1804000F58430AC
:107830004FF4006100F0D2FE0028EAD00B48FCF7BC
:10784000EBFD2020F9F784FC084A0123938008BD52
:10785000BDE80840FCF7DABCFCF72AFDBDE80840AB
:107860000248FCF7D9BD00BF000801408C3300205E
:1078700008B50749074801F039FC00B908BD0548BB
:1078800001F01CFCBDE80840C1B20348FEF7A8BEE9
:107890000503050000440040A836002008B5154B3C
:1078A00098421BD003F5A05398420DD0A3F5C053C6
:1078B00098421DD140F2093000F06AFFBDE808404F
:1078C00040F2093000F072BF40F20F3000F060FF6C
:1078D000BDE8084040F20F3000F068BF40F20A30C7
:1078E00000F056FFBDE8084040F20A3000F05EBFED
:1078F00008BD00BF002801408368DB0703D483680C
:1079000043F0010383607047826842F0080200F18F
:10791000080382601A681107FCD4826842F00402EE
:1079200082601A685207FCD4704700BF836843F432
:1079300080738360704700BF064BD3F8042422F4A1
:107940007022C3F80424D3F804240243C3F80424A7
:10795000704700BF0020014001F480738AB11BB161
:10796000436843F4807343604B0503D5436843F495
:1079700080634360890715D5836843F00203836001
:1079800070471BB1436823F4807343604A0503D5F5
:10799000436823F4806343608B0703D5836823F037
:1079A00002038360704700BF836819B143F400632A
:1079B0008360704723F400638360704701290ED011
:1079C000022900D07047836B23F440138363013A8C
:1079D000836B120502F440121A4382637047C36A34
:1079E00023F47003C362013AC36A120502F4700201
:1079F0001A43C262704700BF052900B52ED8D0F8DF
:107A000034C001EB81014FF01F0E0EFA01FE2CEA8B
:107A10000E0C02FA01F141EA0C014163092A0DD86A
:107A2000016902EB42024FF0070C0CFA02FC21EA5A
:107A30000C0103FA02F20A43026100BD112AFCD8CC
:107A40000A3AC16802EB42024FF0070C0CFA02FC42
:107A500021EA0C0193400B43C36000BD0B2910D8F1
:107A60000639D0F830C001EB81014FF01F0E0EFA3D
:107A700001FE2CEA0E0C02FA01F141EA0C0101634D
:107A8000CCE70F29CAD80C39D0F82CC001EB810102
:107A90004FF01F0E0EFA01FE2CEA0E0C02FA01F155
:107AA00041EA0C01C162B9E7D0F838C00331CCF328
:107AB000015CA1EB0C0101EB81014FF01F0C00B543
:107AC0000CFA01FED0F838C002FA01F12CEA0E0CD3
:107AD00041EA0C01092A81630DD8016902EB4202D7
:107AE0004FF0070C0CFA02FC21EA0C0103FA02F237
:107AF0000A43026100BD112AFCD80A3AC16802EBB0
:107B000042024FF0070C0CFA02FC21EA0C019340F0
:107B10000B43C36000BD00BF01F001035AB11BB1AC
:107B2000836843F4801383608A070FD5836843F426
:107B30000043836070471BB1836823F48013836024
:107B40008B0703D5836823F400438360704700BF2D
:107B500001290AD0022900D07047836823F4E0434A
:107B600083608368134383607047836823F46023D2
:107B70008360836813438360704700BFCA0703D5DF
:107B8000836843F4800383608B0703D5836843F4E1
:107B900000138360704700BF03290FD8DFE801F0AE
:107BA0000B080502806C80B27047406C80B2704751
:107BB000006C80B27047C06B80B270470020704785
:107BC00003680B4214BF012000207047036823EABA
:107BD00001030360704700BF08B5074B984200D00F
:107BE00008BD40F2194000F0D3FDBDE8084040F266
:107BF000194000F0DBBD00BF0064004029B103283C
:107C00002CD8DFE800F00E182103FEE70023C1F8AE
:107C10000B30C1F80F308B724B60CB740B810B6053
:107C20007047002340F2FF304FF4003248810B814F
:107C30000A604B60704700234FF480320B740B6076
:107C40004B608B60CA6070470023C1F80B30C1F8ED
:107C50000F308B724B600B810B607047FEE700BFEB
:107C6000036823F0020300B503600368844643F011
:107C700001034CF8043B4368DB07864608D44FF603
:107C8000FF7301E0013B03D0DCF80020D007F9D5F9
:107C9000DEF8040010F0010070D04B788A781B06E3
:107CA000120402F4702203F0407313430A7843EA8B
:107CB0008273CA78120502F4E00213434A89013A3A
:107CC000C2F309021343CEF81C300B79012BDEF806
:107CD00000300CBF43F0800323F08003CEF8003067
:107CE0004B79012BDEF800300CBF43F0400323F04A
:107CF0004003CEF800308B79012BDEF800300CBF4A
:107D000043F0200323F02003CEF80030CB79012B81
:107D1000DEF800300CBF43F0100323F01003CEF860
:107D200000300B7A012BDEF800300CBF43F0080363
:107D300023F00803CEF800304B7A012BDEF8003038
:107D40000CBF43F0040323F00403CEF80030DEF848
:107D5000003023F00103CEF80030DEF80430DA07FB
:107D60000DD54FF6FF7000E040B1DCF80030DB07C6
:107D700000F1FF30F8D4003818BF012000BD012009
:107D800000BD00BF3B494389D1F8002642F0010203
:107D900000B5C1F80026D1F81CC6B0F80EE00122EB
:107DA0009A402CEA020CC1F81CC6BEF1000F45D166
:107DB000D1F80CC603F100632CEA020CC1F80CC622
:107DC00003F6C843B0F806C04188DB0041EA0C4125
:107DD000B0F804C01960018841EA0C4159608389F8
:107DE00024492BBBD1F8043623EA0203C1F8043638
:107DF00003892049B3B9D1F8143623EA0203C1F844
:107E00001436037C012B05D11A49D1F81C361343D3
:107E1000C1F81C36174AD2F8003623F00103C2F825
:107E2000003600BDD1F814361343C1F81436E8E724
:107E3000D1F804361343C1F80436D9E7BEF1010F77
:107E4000CDD1D1F80CC603F100634CEA020CC1F8A5
:107E50000CC603F6C843B0F800C04188DB0041EA15
:107E60000C41B0F804C01960C18841EA0C41596066
:107E7000B5E700BF0060004082685201034605D4A8
:107E80008268120143D51033012000E00020D3F8AE
:107E9000802102F0010210B5C3F8802191F808E0BA
:107EA0004A7A03F5C07CBEF1000F26D04C6842EA46
:107EB000C40242EA0E02D3F880E142EA0E02C3F89D
:107EC0008021D3F8842122F00F02C3F88421D3F853
:107ED00084E18A7A42EA0E02C3F88421D1F80B20A9
:107EE000C3F88821D1F80F20C3F88C21DCF80030CA
:107EF00043F00103CCF8003010BD0C68D3F880E1EA
:107F000042EA445242EA0E02C3F88021D9E782686D
:107F1000D20002D520330220B9E70320704700BF0A
:107F200000EB0113D3F8B0C10CF0040C82F808C0C8
:107F3000BCF1000F47D1D3F8B0C14FEA5C5CC2F886
:107F400000C0D3F8B0C10CF0020C82F809C0D3F81D
:107F5000B4C14FEA1C2C82F813C0D3F8B4C10CF0A2
:107F60000F0C82F80AC0D3F8B8C182F80BC0D3F85E
:107F7000B8C14FEA1C2C82F80CC0D3F8B8C14FEA44
:107F80001C4C82F80DC0D3F8B8C14FEA1C6C82F8C3
:107F90000EC0D3F8BCC182F80FC0D3F8BCC14FEA01
:107FA0001C2C82F810C0D3F8BCC14FEA1C4C82F8DC
:107FB00011C0D3F8BC311B0E937459B9C36843F098
:107FC0002003C3607047D3F8B0C14FEADC0CC2F89D
:107FD00004C0B6E7036943F020030361704700BFA4
:107FE00043690B43436170470D4B984215D001EB39
:107FF000810300EB83030022D3F808C02CF0010CAE
:10800000C3F808C09A60DA601A615A614268890050
:108010000F238B401343436070470429E7D9FEE7E1
:10802000000402401D4B984234D001EB810100EB6B
:108030008100136810B4036193684361138AC360BD
:10804000D468536881682343546921F47C512343E5
:108050000B438360137E012B83680CBF43F0400306
:1080600023F040038360537E012B83680CBF43F0F1
:10807000800323F080038360937E2BB1836843F0F9
:10808000100310BC83607047836823F0100310BC9A
:10809000836070470429C8D9FEE700BF000402408E
:1080A000074B984208D001EB8101890008300B583A
:1080B00043F020030B5070470429F4D9FEE700BFBA
:1080C00000040240074B984208D001EB810189006F
:1080D00008300B5843F001030B5070470429F4D9C2
:1080E000FEE700BF000402402A4BD3F800C42CEA8C
:1080F000000CC3F800C4D3F804C42CEA000CC3F885
:1081000004C4D3F808C42CEA000CC3F808C4D3F89C
:108110000CC42CEA000CC3F80CC449B3012905D0E7
:10812000012A0BD0022A29D0AAB17047D3F804142F
:10813000012A41EA0001C3F80414F3D1154BD3F826
:10814000082422EA0002C3F80824D3F80C240243CE
:10815000C3F80C2470470F4BD3F808240243C3F82C
:108160000824D3F80C2422EA0002C3F80C24704738
:10817000D3F800140143C3F80014D1E7054BD3F83A
:1081800008240243C3F80824D3F80C240243C3F89C
:108190000C24704700000140014BC3F814047047E1
:1081A000000001400B4B1A69110603D50A490B4A1E
:1081B00059605A600A4BB3F8E030B3F5007F07D935
:1081C000044B1A6D120603D50349044A59645A64D4
:1081D000704700BF0020024023016745AB89EFCD07
:1081E00000F7FF1F074B08491A69B1F8E01042F089
:1081F0008002B1F5007F1A6103D91A6D42F0800246
:108200001A6570470020024000F7FF1F4B4BB3F880
:10821000E030B3F5007F6AD9494B4A4A98424A4B4D
:1082200026D2D168C90756D4D368D90657D4D368A3
:108230005B075AD41169444B41F00201116150614E
:108240001069404940F040001061CA68D00738D436
:10825000CB68DB063DD4C868C0F380004000C0B2E4
:10826000384A136923F0020313617047013B34D08D
:10827000D16CC907FAD4D36CDB0630D4D36C590760
:1082800033D4136D43F0020313655065D3699B0724
:1082900048BF50612B4A2C4B116D41F040011165D4
:1082A000D16CC9071DD4D36CD80643D4D06CC0F3AD
:1082B00080004000C0B2234A136D23F0020313650F
:1082C0007047013B38D0CA68D007FAD4CB68DB06C8
:1082D000C1D50320C4E7013BA3D10420704703208C
:1082E0007047013BDCD10420E5E702207047164BC4
:1082F000144AD168C90719D4D368DB06EFD4D36810
:108300005907F2D41169104B41F00201116150611B
:1083100010690C4940F040001061CA68D20797D537
:10832000013B09D0CA68D207FAD491E7013BE0D1FA
:10833000042070470320BEE7042091E700F7FF1FE9
:10834000FFFF0708002002400000FF0F454BB3F875
:10835000E030B3F5007F8C4660D9434B434A9842E6
:10836000434B23D2D168C9074CD4D368D9064DD426
:10837000D3685B0750D411693D4B41F00101116195
:108380003A49C0F800C0CA68D00731D4CB68DB06D0
:1083900036D4C868C0F380004000C0B2334A1369C5
:1083A00023F0010313617047013B2DD0D16CC90745
:1083B000FAD4D36CDB0629D4D36C59072CD4116DB5
:1083C0002B4B41F0010111652849C0F800C0CA6C6F
:1083D000D2071DD4CB6CD80640D4C86CC0F3800043
:1083E0004000C0B2214A136D23F0010313657047AA
:1083F000013B35D0CA68D007FAD4CB68DB06C8D5B4
:108400000320CBE7013BADD1042070470320704728
:10841000013BDCD10420E5E702207047144B134AEE
:10842000D168C90716D4D368DB06EFD4D3685907DF
:10843000F2D411690E4B41F0010111610B49C0F8F2
:1084400000C0CA68D207A1D5013B09D0CA68D207CB
:10845000FAD49BE7013BE3D1042070470320C1E736
:1084600004209BE700F7FF1FFFFF070800200240E2
:108470000000FF0F830903F1804303F5083300F088
:108480001F001968012282400A431A60704700BF2A
:10849000024B4CF6CC421A60704700BF00300040DF
:1084A000024B4AF6AA221A60704700BF0030004013
:1084B000DFF858C0144A45F2555300B58E46CCF843
:1084C0000030DCF80C30013A03F0010315D0002B2A
:1084D000F7D10E490C4AC1F804E0CB68013A03F029
:1084E00002030ED0002BF8D1084BC0F30B004AF664
:1084F000AA22986001201A6000BD002BE9D000205C
:1085000000BD002BFBD1EFE7FFFF0F000030004064
:108510002DE9F0430C461D46E306014604F00F0624
:1085200002D5042A44D0164300224FF001080F2739
:1085300006E0482C08BF08610B600132082A13D0FE
:1085400008FA02FC4FEA820E1CEA050007FA0EF94F
:1085500006FA0EFEF1D00B68282C23EA09034EEA36
:108560000303E6D14861E7E700234FF001080F2736
:1085700009E0482C08BF0861C1F804E00132102A64
:1085800003F1040312D008FA02FC1CEA050007FA02
:1085900003F906FA03FEF1D0D1F804C0282C2CEA26
:1085A000090C4EEA0C0EE4D14861E5E7BDE8F08322
:1085B000C36B2B4346F00306C363B5E70161704705
:1085C000416170470AB1016170474161704700BF66
:1085D00083680B4214BF012000207047C3680B4220
:1085E00014BF01200020704700281F4B00F4401CDE
:1085F000B4BFDB695B68BCF5401F00B582B227D011
:1086000010F4801F19D14FEA505C4FEA0C1C02FA9B
:108610000CFC23EA0C0343F0E0634FEA505C4FEAA2
:108620000C1C02FA0CF21A43002918BF13460E4A1A
:108630000028B4BFD361536000BDC0F3034E4FF0B8
:10864000030C0CFA0EFC23EA0C0343F0E063E4E7AE
:10865000DFF814E0DEF804C02CF0E06C23F0E063F7
:10866000CEF804C0D9E700BF0000014001F00303C9
:108670009B000F22032902FA03F200FA03F0134BC6
:1086800007D8996821EA02029A609A6802439A60C0
:108690007047072907D8D96821EA0202DA60DA6848
:1086A0000243DA6070470B2907D8196921EA0202F0
:1086B0001A611A6902431A617047596921EA020274
:1086C0005A615A6902435A61704700BF0000014075
:1086D000DFF898C0DCF80C3003F4E063B3F5E06F2A
:1086E00036D0DCF80C3003F4E063B3F5C06F1BD078
:1086F000DCF80C3003F4E063B3F5A06F10D0DCF8C5
:108700000C3003F4E063B3F5806F25D0DCF80C3057
:1087100003F4E063B3F5407F22D0134BCCF80C3068
:1087200002F00302022302E002F007020323DFF853
:1087300040C0994011430CEB00030901420983F842
:10874000001300F01F00012383404CF822307047D3
:1087500002F00F020423EAE702F001020123E6E738
:1087600000221346E3E700BF0005FA0500ED00E034
:1087700000E100E0830903F1804303F5043300F0D6
:108780001F001968012282400A431A60704700BF27
:10879000830903F1804303F5043300F01F001968D7
:1087A000012282400A431A60704700BF830903F127
:1087B000804303F5043300F01F001A680121814053
:1087C00022EA01021A607047174A5368D26A23F0FE
:1087D000805323F4404322F000510B2809D8DFE8EE
:1087E00000F006060606081808180C0C0C0C43EAE4
:1087F00080330D4A5360D1627047DFF834C042F0D5
:1088000000510CEA803C084A43EA0C035360D162F1
:108810007047064A02EA80321343034A43F080530A
:108820005360D162704700BF0010024000C0FEFFDD
:1088300000C0FCFF10B5DFF8E4C086469CE80F00DE
:1088400088B008AC04E90F00DCE90401CDE90001BF
:10885000CDE902012D4A536803F00C03082B24D004
:108860002B482A4A536851685268C3F303136B4478
:108870001B7C20FA03F3BEF1030F44D8DFE80EF0AF
:108880000812020AC1F302216944087823FA00F0B1
:1088900008B010BDC2F3C2226A44107A23FA00F075
:1088A00008B010BD184608B010BD5368D90311D4E4
:1088B000184A164B586859685B680C01C0F383402E
:1088C00014D5590018D540F030003F2812D102FBD2
:1088D00000F0C6E7D36A5A000C4B58BF0C4A5B68DD
:1088E00048BF0D4A9B03E4D55208E2E75B0006D57A
:1088F00040F020000130EAE740F01000FAE70F28CE
:10890000F8D00230E3E70020C2E700BF00100240C9
:1089100000127A0000093D00006CDC0208DD00084E
:1089200008B5154B984212D003F57443984204D011
:10893000A3F57843984214D008BD4FF44370FFF775
:1089400027FFBDE808404FF44370FFF72FBF40F208
:108950000F40FFF71DFFBDE8084040F20F40FFF752
:1089600025BF40F20E40FFF713FFBDE8084040F27C
:108970000E40FFF71BBF00BF003C004010B4D1E920
:1089800001420B6823431343CA680C69D1E905C14E
:1089900013432343026843EA0C0302F441520B439E
:1089A00013430360C36923F4006310BCC3617047C1
:1089B000036843F040030360704700BFC160704725
:1089C000C06880B2704700BF83680B4214BF0120AB
:1089D0000020704708B5374B98424CD015D8A3F506
:1089E0000063984251D039D8B0F1804F22D0A3F51E
:1089F000806398425DD140F20140FFF7C9FEBDE8B7
:108A0000084040F20140FFF7D1BE2B4B984246D0C0
:108A100003F50063984217D0A3F59033984248D1EC
:108A200040F20540FFF7B4FEBDE8084040F20540C3
:108A3000FFF7BCBE4FF48060FFF7AAFEBDE8084018
:108A40004FF48060FFF7B2BE40F20D30FFF7A0FE9A
:108A5000BDE8084040F20D30FFF7A8BE174B984222
:108A600027D140F20340FFF793FEBDE8084040F2F3
:108A70000340FFF79BBE40F20440FFF789FEBDE8CC
:108A8000084040F20440FFF791BE40F20240FFF779
:108A90007FFEBDE8084040F20240FFF787BE40F28B
:108AA0000B30FFF775FEBDE8084040F20B30FFF7D2
:108AB0007DBE08BD00100040002C0140000C0040AD
:108AC00000234FF6FF72C0E90033826003737047E2
:108AD000254B0A888262984215D020F44063B3F196
:108AE000804F10D0214B98420DD0214B20F4806252
:108AF00010B49A428C68C4622CD1436943F00103DC
:108B000010BC4361704703684A8823F07003036018
:108B1000D0F800C08B8842EA0C020260026813435E
:108B200003608B68C3620268CB8822F440720260E3
:108B3000D0F800C00C4A43EA0C039042036002D014
:108B40000A4B984201D10B7B0363436943F0010355
:108B5000436170470268CB8822F440720260026869
:108B600013430360C9E700BF002C014000340140FB
:108B700000100040036843F001030360704700BF2A
:108B8000036843F080030360704700BFC3680B4372
:108B9000C3607047C9430161704700BF0023036091
:108BA0004360836083817047B1F802C00B888A8874
:108BB00043EA0C03B1F806C013430A8943EA0C03E5
:108BC000B1F80AC013438A8943EA0C0313439BB2EA
:108BD00043647047436C01290CBF43F4004323F402
:108BE00000434364704700BF002303604360836019
:108BF000704700BF032929D8DFE811F0AF006C00EF
:108C000029000400036A1188B2F804C023F48053D9
:108C10000362C36923F44073C361036A43EA013307
:108C20000362036A724923F400530362036A8842B1
:108C300043EA0C33036240F0D6804368128923F480
:108C400080434360436843EA821343607047036A8A
:108C50001188B2F804C023F480730362C36923F05F
:108C60000303C361036A43EA01230362036A6049A1
:108C700023F400730362036A884243EA0C2303620D
:108C800002D05C4B9842E1D1036AB2F802C0D188AD
:108C900023F480630362036A43EA0C230362036ADA
:108CA00023F400630362036A43EA01230362436817
:108CB0001189528923F480534360436843EA0113C6
:108CC0004360436823F400534360436843EA02135C
:108CD00043607047036A1188B2F804C023F01003A0
:108CE0000362836923F440738361036A43EA0113D7
:108CF0000362036A3E4923F020030362036A884249
:108D000043EA0C13036202D03A4B98429ED1036AA5
:108D1000B2F802C0D18823F040030362036A43EA39
:108D20000C130362036A23F080030362036A43EABD
:108D30000113036243681189528923F480634360FD
:108D4000436843EA81034360436823F4006343605C
:108D5000436843EA820343607047036A118823F043
:108D600001030362D0F818C093882CF0030CC0F8FC
:108D700018C0D0F820C041EA0C010162016ADFF896
:108D800070C021F002010162016A604543EA0103FB
:108D9000036203D0174B98427FF458AF036A51889F
:108DA00023F004030362D0F820C0D38841EA0C0109
:108DB0000162016A21F008010162016A0B4303624A
:108DC0004368118923F480734360D0F804C0538949
:108DD00041EA0C014160426822F40072426042683C
:108DE000134343607047034B98427FF42FAF24E74F
:108DF000002C01400034014003290BD8DFE801F0CA
:108E00001C130B02C36923F4E043C361C36943EA43
:108E10000223C3617047C36923F07003C361C36950
:108E20001343C3617047836923F4E043836183691B
:108E300043EA022383617047836923F070038361EF
:108E40008369134383617047032904D8DFE801F085
:108E50000806040202647047C26370478263704769
:108E60004263704703290BD8DFE801F01C130B02A3
:108E7000C36923F40063C361C36943EA0223C36186
:108E80007047C36923F00803C361C3691343C36117
:108E90007047836923F400638361836943EA022393
:108EA00083617047836923F00803836183691343F7
:108EB0008361704703290BD8DFE801F01C130B0214
:108EC000C36923F48063C361C36943EA0223C361B6
:108ED0007047C36923F00403C361C3691343C361CB
:108EE0007047836923F480638361836943EA0223C3
:108EF00083617047836923F00403836183691343AB
:108F00008361704703290BD8DFE801F01D140B02C1
:108F1000036A23F480530362036A43EA0233036261
:108F20007047036A23F480730362036A43EA0223EF
:108F300003627047036A23F010030362036A43EA83
:108F4000021303627047036A23F001030362036A9A
:108F500013430362704700BF436823F0700343600C
:108F600043680B434360704721B9836843F0800333
:108F700083607047012900D07047836823F0800325
:108F800083607047836823F007038360704700BFE6
:108F900008B5234B984238D010D9224B98422AD09A
:108FA00003F5684398421BD140F20E30FFF7F0FB07
:108FB000BDE8084040F20E30FFF7F8BBA3F50063B0
:108FC00098420ED003F58063984209D140F21240D6
:108FD000FFF7DEFBBDE8084040F21240FFF7E6BBBA
:108FE00008BD40F21140FFF7D3FBBDE8084040F256
:108FF0001140FFF7DBBB40F21440FFF7C9FBBDE8AF
:10900000084040F21440FFF7D1BB40F21340FFF795
:10901000BFFBBDE8084040F21340FFF7C7BB00BFED
:10902000004C00400050004000B5174B984283B000
:10903000024617D00ED9154B984213D003F568435A
:1090400098421ED1CDE900010320FFF7F3FBDDE9D3
:1090500000210EE0A3F50063984203D003F580637E
:1090600098420ED10220CDE90021FFF7E3FBDDE9B4
:10907000002100EB5103B3FBF1F39BB2936003B00B
:1090800000BD0020F5E700BF004C0040005000404C
:10909000C36843F40053C360704700BFC36823F044
:1090A00008030B43C3607047C36823F004030B43FA
:1090B000C3607047C1F30801416070474068C0F366
:1090C000080070478B0901F01F011858C84000F0D4
:1090D000010070478A09012352F800C001F01F0106
:1090E0008B4043EA0C031350704700BFC1F3891251
:1090F0008B0D52F800C01858C1F30442012303FA43
:1091000002F201F01F01024203FA01F314BF012031
:10911000002013EA0C0F00F0010008BF0020704788
:109120004249434BD1F8882042F4700282B0C1F822
:109130008820196841F0010119605968002041F048
:10914000800159600190019B44F61F62934205D84B
:10915000019B01330193019B9342F9D934494B6838
:1091600023F003034B600B6823F084734FF41F025A
:1091700023F480330B608A600A68002022F4802286
:109180000A604860C8620A6842F001024FF4A063B6
:109190000A6001E0013B02D00A689007FAD5244B2F
:1091A0001A68920741D5DA69224942F08052DA61A1
:1091B0000A6842F440420A605A685A605A685A6023
:1091C0005A6842F480625A605A6822F0904222F44F
:1091D00070125A605A6842F0036242F480225A6068
:1091E0001A6842F080721A601A689001FCD5114A20
:1091F000136843F4803313605368D903FCD51368B4
:109200000C4943F4003313604B689A03FCD5084AB9
:10921000536823F003035360536843F00203536021
:1092200053681B07FCD502B07047FEE700ED00E075
:109230000010024000700040DFF834D00D480E49A5
:109240000E4A002302E0D458C4500433C4188C42A0
:10925000F9D30B4A0B4C002301E013600432A24205
:10926000FBD3FFF75DFF01F083FCF7F741FD70478B
:109270000000012000000020CC010020F8F40008CC
:10928000CC010020C04C0020FEE7002101F018BBFB
:109290000A22002101F09ABB2DE9FF4757EC106B21
:1092A000002F0C469146DDF830A019464FF0000221
:1092B00003DA07F100431F462D220D9D0A7025F0A9
:1092C0002005462D04D0452D00D10134022100E0B7
:1092D000032103AB019302AB009347EC106B5346A1
:1092E000224601F011FD472D80461AD119F0010FD9
:1092F0000ED000EB04090022002330463946F7F770
:1093000093FB08B1CDF80C903022039B4B451ED344
:10931000039B0E9AA3EB08034046136004B0BDE81C
:10932000F087462D00EB0409E5D10378302B0AD1F4
:109330000022002330463946F7F776FB18B9C4F10E
:109340000104CAF80040DAF800309944D3E7591C08
:1093500003911A70D9E7F7B50029BABF49422D2306
:109360002B230929027043702ADD0DF10704871CA5
:10937000A6460A26A446B1FBF6F506FB15123032C6
:10938000632904F1FF340CF8012C2946F2DC30315A
:10939000ACF1020204F8011C411C144672450AD3C8
:1093A0000DF10903A3EB0C03A64538BF00233B4492
:1093B000181A03B0F0BD12F8013B01F8013FEDE7C8
:1093C000302330318370C170031DF1E72DE9F04F78
:1093D0008FB00C46DDF8608016461F46054601F04A
:1093E000EFFB036807931846F6F7F2FE00230C9391
:1093F000D8F8003094F818A0D4F800B008900733DB
:1094000023F00703B3EC027B8DED047BC8F800303A
:10941000DDE9048323F0004984ED127B9A4B4FF081
:10942000FF3240464946F7F731FB70BB964B4FF091
:10943000FF3240464946F7F70BFB30BBDDE904013C
:1094400000220023F7F7FAFA10B12D2384F84330F5
:109450008E4A8F4BBAF1470F8CBF90469846032334
:1094600023612BF0040323604FF00009009733467B
:109470000DAA2146284600F0CDF9013040F08C803D
:109480004FF0FF300FB0BDE8F08FDDE90423104648
:109490001946F7F7FBFA40B1059B7E4A002BBCBF8B
:1094A0002D2384F843307C4BD4E763685A1C0AF0C0
:1094B000DF093BD1062363604BF480620023226006
:1094C00003930CABCDE901A30BAB009361689DED59
:1094D000040B0DF12B032846FFF7DEFEB9F1470F11
:1094E0000B99804629D1C81C02DB63688B4241DAA4
:1094F000AAF1020A5FFA8AFA0139524604F15000D1
:109500000B91FFF728FF0C9A1318012A814623615B
:1095100002DC2268D20701D5013323619DF82B308C
:10952000002BA3D02D2384F843309FE7B9F1470FD8
:10953000C2D1002BC0D10123BDE7BAF1650FDBD941
:10954000BAF1660F18D1002963680BDD216113B9E8
:109550002268D00702D501330B442361A1654FF087
:109560000009DBE713B92268D20701D50233F4E71B
:109570000123F2E74FF0670A0C9B8B4205DC23685E
:109580002161D807EAD54B1CE7E70029D4BFC1F118
:10959000020201221344E0E723685A0507D4236935
:1095A000424631462846B847013028D168E7BAF12B
:1095B000650F40F2DB80D4E9120100220023F7F7A7
:1095C00033FA90B3354A012331462846B847013073
:1095D0003FF456AFDDE90B38434502DB2368D8077B
:1095E0000DD5DDE9072331462846B84701303FF461
:1095F00047AF4FF0000908F1FF38C84509DC236880
:109600009B0700F10481E0680D9B9842B8BF1846A3
:1096100038E7012304F11A0231462846B8470130E1
:109620003FF42EAF09F10109E7E70B9B834237DCDA
:109630001A4A012331462846B84701303FF420AF8B
:10964000DDE90B3959EA030302D12368D907D6D5DE
:10965000DDE9072331462846B84701303FF410AF13
:109660004FF0000A0B9B5B42534501DC4B4697E7EA
:10967000012304F11A0231462846B84701303FF46D
:10968000FFAE0AF1010AEDE7FFFFEF7F54F000089B
:1096900050F000085CF0000858F0000860F0000886
:1096A000A36DDDF830B05B45A8BF5B46002B04938B
:1096B00037DC4FF0000904F11A02049BD4F858A0DB
:1096C000002BACBFAAEB030353464B4531DC0B9B8D
:1096D0009B453ADC2368DA0737D40B9BABEB0309D5
:1096E000ABEB0A039945A8BF9946B9F1000F34DCEA
:1096F0004FF000080B9BB9F1000FABEB0303A8BFC1
:10970000A3EB090343457FF77AAF012304F11A0263
:1097100031462846B84701303FF4B2AE08F101089F
:10972000E8E7049B424631462846B8470130C0D19D
:10973000A6E60123314628460992B84701303FF496
:109740009FAE099A09F10109B7E7DDE90723314620
:109750002846B8470130C0D192E64B4608EB0A02D2
:1097600031462846B8470130C2D189E6DDF830A03D
:10977000BAF1010F01DCDB0735D501234246314642
:109780002846B84701303FF47BAEDDE90723314678
:109790002846B84701303FF473AED4E912010022E5
:1097A00000230AF1FF3AF7F73FF9C8B9534608F129
:1097B000010231462846B84701300DD160E6012349
:1097C00004F11A0231462846B84701303FF458AE3A
:1097D00008F10108D045F2DB4B4604F15002E0E607
:1097E0004FF00008F6E701234246E2E7012304F1C7
:1097F000190231462846B84701303FF441AE08F11E
:109800000108E3680D995B1A4345EFDCFBE64FF076
:109810000008F6E72DE9F047914698468A680B69FB
:10982000089E9342B8BF1346C9F8003091F8432010
:1098300007460C4612B10133C9F800302368990677
:1098400042BFD9F800300233C9F80030256815F05E
:10985000060507D104F1190AE368D9F800209B1A1C
:10986000AB4229DC94F843302268003B18BF012347
:1098700092062ED404F1430241463846B0470130E7
:1098800021D02368A168226903F00603042B01BFDD
:10989000E568D9F80030ED1A25EAE57518BF00250E
:1098A0008B1A2B449142C8BF1D464FF000091A3451
:1098B0004D451AD1002008E0012352464146384662
:1098C000B047013003D14FF0FF30BDE8F0870135DC
:1098D000C2E7E1185A1C302081F84300224494F872
:1098E000451082F843100233C4E701232246414663
:1098F0003846B0470130E6D009F10109D8E7000049
:109900002DE9F04398460B7E85B0782B1746064626
:109910000C9A0C4609D8622B01F1430108D8002BA0
:1099200000F0DC80582B00F0BD8004F1420539E0E6
:10993000A3F163001528F8D801A555F820F000BF61
:1099400099990008AD9900082B9900082B990008F7
:109950002B9900082B990008AD9900082B99000855
:109960002B9900082B9900082B990008BD9A000834
:10997000D99900086B9A00082B9900082B990008C8
:10998000E59A00082B990008D99900082B9900083E
:109990002B990008739A00081368191D1B68116041
:1099A00004F1420584F842300123A8E013682568D9
:1099B000181D1060280601D51B6803E06A06FBD558
:1099C000B3F90030002B03DA2D225B4284F84320E8
:1099D000DFF878C10A2213E02568106815F0800FBF
:1099E00050F8043B02D16D0648BF9BB21060227E46
:1099F000DFF858C16F2A5DD10822002084F84300A7
:109A00006568A560002D05DB20681D4320F004007B
:109A1000206051D00D46B3FBF2F002FB103E9A429B
:109A20001CF80EE005F801ED0346F4D9082A0BD125
:109A30002368DA0708D5236962689A42DEBF3023BB
:109A400005F8013C05F1FF35491B2161CDF8008087
:109A50003B4603AA21463046FFF7DCFE013053D1D6
:109A60004FF0FF3005B0BDE8F083236843F02003DA
:109A70002360DFF8DCC0782384F84530206815685F
:109A800010F0800F55F8043B03D110F0400F18BFC1
:109A90009BB21560C50744BF40F02000206023B191
:109AA0001022AAE7DFF8A4C0E6E7226822F020022D
:109AB0002260F5E70A22A0E70D46B7E71368D4F85D
:109AC00000C060691D1D15601CF0800F1B6801D06F
:109AD000186003E01CF0400FFAD0188000232361C7
:109AE0000D46B3E71368191D11601D6862680021F7
:109AF0002846F6F71DFB08B1401B606063682361D0
:109B0000002384F84330A1E723692A4639463046CA
:109B1000C0470130A4D023689B0714D4E068039B9E
:109B20009842B8BF18469DE7012304F1190239464F
:109B30003046C047013093D00135E36803995B1A82
:109B4000AB42F1DCEAE70025F7E700BF62F000086E
:109B500073F00008002310B50446C0E90033C0E9E3
:109B60000433836081814366C28183611946082280
:109B70005C3000F0DCFF0D4B63620D4BA3620D4BBC
:109B8000E3620D4B23630D4B24629C4206D003F12C
:109B90006802944202D0D0339C4205D104F15800AF
:109BA000BDE8104001F008B810BD00BFAFCC000800
:109BB000D1CC000809CD00082FCD0008744B00203F
:109BC000024A0349034800F00BBF00BF0400002015
:109BD00039CE00088001002041680C4B994210B535
:109BE000044601D003F028F9A168094B994202D03C
:109BF000204603F021F9E168064B994204D0204643
:109C0000BDE8104003F018B910BD00BF744B002030
:109C1000DC4B0020444C002010B50A4B0A4A1A6065
:109C20000A4800220421FFF795FF09480122092173
:109C3000FFF790FFBDE81040064802221221FFF70F
:109C400089BF00BFAC4C0020C19B0008744B0020B2
:109C5000DC4B0020444C0020014800F0AEBF00BFA8
:109C6000B14C0020014800F0A9BF00BFB14C00205A
:109C700010B50446FFF7F0FF236A1BB1BDE81040A2
:109C8000FFF7F0BF044B2362044B1B68002BF5D198
:109C9000FFF7C2FFF2E700BFD99B0008AC4C0020E1
:109CA00070B504460D4645EC104B164602F0C2FE58
:109CB00051EC100B7EB1C5F30A53C3F16B03002BBB
:109CC00009DD1B0503F17F55002405F540152246EB
:109CD0002B46F6F741FC41EC100B70BD0000000074
:109CE0002DE9F04F9FB00E461792002204901A9271
:109CF0004FF000084FF0000919910A782B2A0D4601
:109D000001F101011CD00AD80D2A05D8082AF3D880
:109D100072B100230B9382E0202AEDD0F9E72D2ABF
:109D200010D10122691C19910B926A78002A37D14F
:109D3000179B1996002B40F0A88542464B462AE017
:109D40000022EFE700210B91302A40F09D806A78D5
:109D500002F0DF02582A5AD102930B9B01931AABEF
:109D60000093874A04981BAB19A901F009FE10F073
:109D70000F04064605D0062C14D101350023199591
:109D80000B93179B002B40F082850B9B002BD4D0AC
:109D9000424609F1004343EC102B1FB0BDE8F08FA1
:109DA0000D46D1E71A9A3AB135211CA802F03BFFC3
:109DB0001A99049802F0F2FA013C042C06D8DFE864
:109DC00004F014031E211400DDE91C89F10548BFCD
:109DD00049F0004929F000431B0D1B05002BD0D191
:109DE00000F0C0FE22230360CBE7DDE91C831B9A51
:109DF00023F4801302F2334243EA0259E6E7DFF824
:109E00008891E3E76FF000494FF0FF38DEE7013556
:109E100019952B78302BFAD0002BB2D001234FF0BC
:109E2000000A07932846CDF838A0D3460A230478C1
:109E3000A4F13002092A29D95249012200F07FFEFB
:109E4000002836D00020224606905C460146652A4E
:109E500001D0452A16D124B9079B03433FF468AFCC
:109E60000024199E731C199372782B2A7FD02D2AF7
:109E700000F083804FF0000CA2F13003092B40F278
:109E8000898019960023ACE00023C8E7BBF1080FD6
:109E9000DCBF0E9A03FB024200F10100D5BF303A4D
:109EA00003FB0A420E92A2F1300A0BF1010B19904A
:109EB000BDE7199B5A1C19925A78BBF1000F3BD091
:109EC00006905C46A2F13003092B11D90121BEE7AF
:109ED000199B5A1C19925A780130302AF8D0A2F1F5
:109EE0003103082B00F2D8840690199D0020044607
:109EF000303A00F1010319D00699059419440691EE
:109F0000A4464FF00A0E0CF10107391B8B4215DCF9
:109F1000059920EAE07001440134082904441CDC5E
:109F20000E990A2303FB01230E930023199A511C57
:109F3000199152781846C5E75846CEE7BCF1080F8C
:109F400005DC0E990EFB01F10E91BC46DBE70AFB26
:109F50000EFC102FD8BFE246F7E70F29DCBF0A231B
:109F600003FB0A2AE1E700230693012174E74FF07F
:109F7000000CB31C1993B2787EE74FF0010CF8E7A0
:109F800074F2000884F000080000F07F199B5A1C4E
:109F900019925A78302AF9D0A2F13103082B3FF6F2
:109FA00071AFDDF864E0CDF814E0A2F130030A935C
:109FB000059B013319931A780593A2F13007092FF5
:109FC0003BD9A3EB0E03082B44F61F633DDC0A9F2D
:109FD0009F42A8BF1F460597BCF1000F02D0059B0A
:109FE0005B420593002C51D1079B03437FF4C9AE1C
:109FF00000297FF49DAE692A2BD028DC492A28D07D
:10A000004E2A7FF495AE9F4919A801F0D7FE00288B
:10A010003FF48EAE199B1B78282B31D19A491CAA8C
:10A0200019A801F0E0FE05282AD11D9BDDF87080FB
:10A0300043F0FF4949F4E009A3E60A9B0A2707FB1E
:10A040000327A7F130020A92B2E70593C4E76E2A0C
:10A05000D7E78E4919A801F0B1FE00283FF468AE99
:10A06000199B8B49013B19A8199301F0A7FE10B960
:10A07000199B01331993DFF828924FF0000880E60E
:10A08000844800F0B1FD59EC108B7AE6DDE9053229
:10A090000E989B1ABBF1000F08BFA346102C0A9321
:10A0A0002646A8BF1026F6F7DDF9092C804689461A
:10A0B00013DC0A9B002B3FF464AE0A9B6FDD162B6A
:10A0C00056DC754901EBC301D1E9000142464B461C
:10A0D000F6F742FA8046894653E66F4B03EBC60318
:10A0E00053E91223F6F738FA804650468946F6F7C8
:10A0F000B9F902460B4640464946F6F777F80F2C69
:10A1000080468946D5DD0A9BA4EB060A9A44BAF13B
:10A11000000F40F392802AF00F061AF00F0A4DD17B
:10A12000B6F59A7F5ADC4946DFF870913611404601
:10A130000027012E76D1A1F15479584901EBC701CE
:10A1400002464B46D1E90001F6F706FA544B0A469F
:10A150000B4054498B42804640D8A1F580118B4278
:10A1600086BFDFF844914FF0FF3802F1547932E0B6
:10A170000A9AC4F125039342C5DB474DC4F10F048D
:10A1800005EBC40142464B46D1E90001F6F7E4F97C
:10A190000A9B1C1B05EBC405D5E9002398E7163381
:10A1A000B1DBDDE905239A1A3B4B03EBC203D3E98C
:10A1B000002340464946F6F7F9FA8BE7364901EBAA
:10A1C000CA0142464B46D1E90001F6F7C5F980467F
:10A1D0008946002EA4D1002307939BE00024059418
:10A1E0000E940694049ADFF8B890222313604FF07F
:10A1F00000080E9B002B3FF4C4AD1A99049802F09E
:10A20000CDF80699049802F0C9F8DDE9040102F0DE
:10A21000C5F80E99049802F0C1F80498214602F09E
:10A22000BDF8AEE5F20703D5D9E90023F6F794F9B6
:10A230000137761009F108097BE7CCD0CAF1000A92
:10A240004FEA2A161AF00F0A0DD11F2E2EDD002418
:10A2500005940E940694049A22234FF000084FF0C0
:10A2600000091360C5E70C4B03EBCA03404649469F
:10A27000D3E90023F6F79AFA80468946002EAAD041
:10A28000E3E700BF5DF0000860F2000855F0000849
:10A2900091F000085FF20008E8F30008C0F300083E
:10A2A0000000F07F0000A07CFFFFEF7F16F010039E
:10A2B00018BF6A23754F079340464946F30703D5F5
:10A2C000D7E90023F6F748F9761007F10807F5D12A
:10A2D000079B80468946ABB1C1F30A52C2F16B03BA
:10A2E000002B0F460EDD1F2B55DD342BDEBF4FF04C
:10A2F000FF33C2F14B029340B046CCBF4FF05C79C4
:10A3000003EA01090022002340464946F6F78CFB88
:10A3100000289CD10E9B0093049823465A46294658
:10A3200002F0A4F80E9000283FF458AFDDE90523B1
:10A330009B1A0A9A002AA8BF00231493002422EA39
:10A34000E273169305940E9B0498596801F0E8FF98
:10A35000069000283FF446AF0E9B1A69023203F1C3
:10A360000C0192000C3000F02FFC49EC108B04988B
:10A370001CAA1BA9CDE90C8902F0CCFB1A9000287D
:10A380003FF430AF0498012102F006F9059003462E
:10A3900040B9059326E74FF0FF3202FA03F303EAD0
:10A3A0000008AFE71B9D079A002DABBF149B169BBF
:10A3B000169E149FACBFEF185E1B1C9BAD1A1D446C
:10A3C000334A013D9542C3F1360354DA3149521BF9
:10A3D0008D42A3EB02034FF0010140DB01FA02FAC8
:10A3E000002507EB030B1E44079B5F451E443B46BD
:10A3F000A8BF5B46B342A8BF3346002BC2BFABEB3E
:10A40000030BF61AFF1A149B002B18DD1A46DDE920
:10A41000040102F08DF9059003460028B9D00146E9
:10A420001A9A049802F0CEF8034600283FF4DAAEF8
:10A430001A9904980F9301F0B1FF0F9B1A93BBF187
:10A44000000F1ADC0A9B002B26DD169A0699049849
:10A4500002F06EF906900346F0B90693C2E6C5F124
:10A460007F4505F57F0505F57B45E23501FA05F5E4
:10A470004FF0010AB5E70025FAE71A9904985A4601
:10A4800002F0B2F91A900028DCD1ABE688F200089D
:10A4900002FCFFFFE3FBFFFF002E08DD0699049896
:10A4A000324602F0A1F9069003460028D5D0002FCD
:10A4B00008DDDDE904013A4602F096F9059000282E
:10A4C0003FF490AE069A1A99049802F01BFA0446DB
:10A4D00000283FF487AEC3680F9300230599C3603B
:10A4E00002F0F4F900283CDA0F9B53EA08035FD12D
:10A4F000C9F313034E46002B5AD129F000431B0D1C
:10A500001B05B3F1D66F53D9636913B92369012BC6
:10A510004EDD21460122049802F066F905990446B1
:10A5200002F0D4F9002843DDAD4B079A3340002AEE
:10A530005DD0B3F1D66F5AD8B3F15C7F7FF68BAEA6
:10A54000A84B404649460022F6F706F8A44B0B40BC
:10A5500080468946002B7FF450AE049A2223136074
:10A560004BE64E4660D10F9AC9F313034AB39E4A95
:10A57000934229D1079B4146F3B1994B09EA030362
:10A58000B3F1D46F4FF0FF3219D81B0DC3F16B0339
:10A5900002FA03F3994217D1944B9E4202D1013142
:10A5A0003FF420AE8E4B334003F580194FF0000886
:10A5B000079B002BC4D120E64FF0FF33EAE7134698
:10A5C000E8E753EA0803AFD0D5B13542F0D00F9B8E
:10A5D000079A40464946B3B1FFF762FBDDE90C013B
:10A5E00053EC102BF5F702FE80468946E0E7A3F511
:10A5F00080136FEA13596FEA09594FF0FF38D7E714
:10A600001AEA080FE2E7FFF74BFBDDE90C0153EC18
:10A61000102BF5F7E9FD0022002380468946F6F766
:10A6200003FA0028C4D016E60599204602F0CAFABB
:10A630005BEC10AB00224FF0804350465946F6F7D2
:10A6400007FA002872D00F9B002B7DD1B8F1000FC4
:10A6500058D1C9F31303002B5AD1654B0022504641
:10A660005946F6F7EBF900285BD150465946614B45
:10A670000022F5F771FF82468B460BF10043CDF8BF
:10A6800020A00993DDE90823554DCDE9102306EA02
:10A6900005031593584B06EA05029A4240F0B08034
:10A6A000A6F1547949EC108B02F0C4F9DDE90823D6
:10A6B00051EC100BF5F750FF42464B46F5F796FD6F
:10A6C0004E4A0D409542804645D90D9A474B9A42D5
:10A6D00003D10C9B01333FF485ADDFF810914FF0AF
:10A6E000FF381A99049801F059FE0699049801F070
:10A6F00055FEDDE9040101F051FE0498214601F008
:10A700004DFE20E6B8F1010F02D1002E3FF4A3ADBB
:10A710009FED2B7BDFF8D8B08DED087B4FF0000A62
:10A72000B0E7DFF8D0B04FF0000AA6E7314B504653
:10A7300059460022F5F710FF0F9B82468B46002BEF
:10A740009BD0CDE908AB9DE79FED1F7B8DED087B8E
:10A750005BEC17AB96E701F15479079B002BC0D156
:10A76000159A29F000431B0DB2EB035FB9D1504697
:10A77000594603F005FAF5F7C1FE02460B4650466E
:10A780005946F5F731FD0F9AC9F3130343EA08035D
:10A79000134306460F4672D00DA3D3E90023F6F704
:10A7A0004DF900287FF429AD0BA3D3E900233046EF
:10A7B0003946F6F761F9002893D01EE5AFF3008023
:10A7C000000000000000F0BF000000000000F03FAB
:10A7D0009535A094FFFFDF3F35E5AF350000E03F42
:10A7E0000000F07F00005039FFFF0F00FFFFEF7FF8
:10A7F0000000F03F0000E03F0000E07FFFFF9F7C93
:10A80000079B33B3159BB3F1D46F22D828A3D3E9A8
:10A81000002350465946F6F71BF9A0B15946504659
:10A82000F6F772F9012838BF0120F5F71BFE0F9BE0
:10A8300082468B4603BB01F1004312901393DDE97E
:10A840001223CDE91023119B159A03F1D6639B1AAD
:10A8500011939DED0C0BDDE9106702F0EBF830462B
:10A8600053EC102B3946F5F777FEDDE90C23F5F7AD
:10A87000BDFC8046894670E7CDE912ABDFE70EA349
:10A88000D3E90023F6F7DAF895E700230B93179A3C
:10A89000199B1360FFF779BA652A3FF464AB452A28
:10A8A0003FF461AB0121FFF79FBB00BFAFF3008016
:10A8B0000000C0FFFFFFDF419535A094FFFFCF3FB1
:10A8C0000A4601460248034B0068FFF709BA00BF79
:10A8D0007C01002010000020242B2DE9F047884641
:10A8E00001D8012B06D100F03DF9162303600020AA
:10A8F000BDE8F087344E0D46294615F8014B375D0B
:10A9000017F00807F8D12D2C10D12C7801278D1CB9
:10A9100033F0100115D1302C0DD1297801F0DF0171
:10A92000582908D16C78023510230AE02B2C04BF7B
:10A930002C788D1CECE7002BF6D1302C14BF0A23A9
:10A94000082307F1004E0EF1FF3E0021BEFBF3F994
:10A950000E4603FB19EAA4F1300CBCF1090F10D824
:10A960006446A3421EDDB1F1FF3F07D0B14516D3C7
:10A9700001D1A24513DB06FB0346012115F8014B6B
:10A98000E9E7A4F1410CBCF1190F01D8373CE8E725
:10A99000A4F1610CBCF1190F04D8573CE1E74FF06A
:10A9A000FF31EBE74B1C05D122230360764632B919
:10A9B00030469DE707B17642002AF9D009B105F18A
:10A9C000FF38C2F80080F3E7B1F2000813460A46E8
:10A9D000014602480068FFF77FBF00BF7C010020EE
:10A9E0002DE9F8438046894614460026D4E90175CE
:10A9F000013F05D52468002CF8D13046BDE8F88326
:10AA0000AB89012B07D9B5F90E30013303D02946A4
:10AA10004046C84706436835EAE700000FB407B56B
:10AA2000064904AB086853F8042B8168019301F0D0
:10AA300057FB03B05DF804EB04B070477C010020C5
:10AA4000036A70B5846805460E460BB9FFF710F926
:10AA5000636EDB0705D4A389980502D4A06D00F0CE
:10AA6000ACF8A389190702D52369002B35D12146FB
:10AA7000284602F047FA80B34FF0FF35636EDA07DD
:10AA800005D4A3899B0502D4A06D00F097F8284651
:10AA900070BD002B04DAA269934217DB0A2915D096
:10AAA00023685A1C22601970A36816F8011F013B25
:10AAB000A3600029EDD18B4211DA22460A212846F3
:10AAC00002F0E2F90130D7D00A25D7E7224628461E
:10AAD00002F0DAF90130E7D1CEE7013EE4E723687E
:10AAE0005A1C22600A221A70EEE70000024B01464F
:10AAF0001868FFF7A5BF00BF7C010020884210B591
:10AB000001EB020402D98442234607D8431EA14226
:10AB100007D011F8012B03F8012FF8E70244824215
:10AB200000D110BD13F8011D02F8011DF7E7024422
:10AB30000346934200D1704703F8011BF9E710B5B3
:10AB40006AB101398418027811F8013F9A4204D1A0
:10AB50000130A04201D0002AF5D1D01A10BD104614
:10AB6000FCE70000014B1868704700BF7C01002023
:10AB700070B50D4B0D4C00261D1BB6EBA50F09D172
:10AB800003F034F80A4C0B4B00261D1BB6EBA50F47
:10AB900005D170BD54F8043B98470136EDE754F8F1
:10ABA000043B98470136F1E7F0F40008F0F40008A0
:10ABB000F0F40008F4F40008704770477047000094
:10ABC00000487047000100200A44914200F1FF3321
:10ABD00000D1704710B511F8014B03F8014F9142B5
:10ABE000F9D110BD000000009FED010B704700BFC0
:10ABF000000000000000F87F2DE9F74F03690C69A1
:10AC0000A34280467EDB013C01F11407A30000F162
:10AC10001405009305EB8403019357F8243055F88D
:10AC2000242001339A4207EB8409B2FBF3F62ED3BA
:10AC30004FF0000ABC46AE46D3465CF8043B98B2DF
:10AC400006FB00A0020C1B0C06FB0323DEF8002011
:10AC500080B292B2121A5A44DEF800004FEA134A48
:10AC60009BB2C3EB224303EB104392B242EA03428E
:10AC7000E1454EF8042B4FEA234BDED2009BEB5804
:10AC80002BB9019B1A1F954230D3C8F8104040469B
:10AC900001F01CFE002825DB01362946002057F86C
:10ACA000042BD1F800C01FFA82FE1FFA8CF3A3EB2D
:10ACB0000E030344120CC2EB234202EB1C429BB274
:10ACC00043EA0243B94541F8043B4FEA2240E6D249
:10ACD00055F8242005EB840322B9043B9D420BD395
:10ACE000C8F81040304603B0BDE8F08F1368002B61
:10ACF000CBD1043A013CC6E71A68002AF0D1043BE4
:10AD0000013CEBE70020EEE72DE9F04F99B08DED27
:10AD10000E0B0C92C269229C0A9157EC106B814673
:10AD2000139382B9102001F0FBF80246C9F81C0009
:10AD300020B9A94BEF21A94802F01AFA0023C0E973
:10AD400001330360C360116859B152684A6001233E
:10AD500093408B60484601F021FBD9F81C3000225B
:10AD60001A60B7F10008B5BF0123002323602360F8
:10AD70009B4BBCBF28F00048CDF83C8033EA080369
:10AD80001AD1139AC8F3130842F20F7358EA06084F
:10AD9000136000F06185239B53B9924B21E0924BE5
:10ADA00000930833239A1360009819B0BDE8F08F20
:10ADB0008C4B00930333F5E79DED0E7B002251ECA5
:10ADC000170B00238DED067BF5F72EFE824650B162
:10ADD000139A01231360239B13B1239A834B1360AF
:10ADE000834B0093E0E79DED060B16AA17A9484692
:10ADF00001F090FE5FEA1854169D019079D0079BF0
:10AE0000CDF850A0C3F31303DDE9060143F07F53EF
:10AE100043F44013A4F2FF3419460022754BF5F7B2
:10AE2000E3F967A3D3E90023F5F796FB66A3D3E91B
:10AE30000023F5F7DBF9064620460F46F5F722FB1F
:10AE400063A3D3E90023F5F787FB02460B463046A0
:10AE50003946F5F7CBF906460F46F5F72DFE0022E9
:10AE60008046002330463946F5F7E8FD48B14046B4
:10AE7000F5F708FB32463B46F5F7D6FD08B908F171
:10AE8000FF38B8F1160F51D85B4B03EBC803D3E979
:10AE90000023DDE90601F5F7D1FD002848D008F1CF
:10AEA000FF38002312932D1B6B1E089343BF002312
:10AEB000C5F1010708930027B8F1000F3ADB089BA2
:10AEC000CDF8348043440893002309930A9B092B4F
:10AED00062D8052BC4BF043B0A930A9BA3F102036B
:10AEE000CCBF00240124032B62D8DFE803F05153C8
:10AEF000362B179C2C4404F23243202BC1BFC3F1E4
:10AF0000400308FA03F804F2124326FA03F3D6BF0B
:10AF1000C3F1200348EA030006FA03F0F5F7A2FAAA
:10AF20000122A1F1F873013C149275E70123B9E7FE
:10AF30001290B8E7C8F1000309930023A7EB0807B4
:10AF40000D93C3E701230B930C9B434405930133FB
:10AF5000012B0493B8BF012306E001230B930C9B44
:10AF6000002B28DDCDE90433D9F81C000021042290
:10AF700002F114059D4243D94160484601F0D0F9E1
:10AF8000009000283FD11D4B024640F2AF11D2E69F
:10AF90000023E3E70023D6E701240023CDE90A34A8
:10AFA0004FF0FF330022CDE904330C921223DBE78C
:10AFB00001230B93F4E70123CDE904330C93D3E78A
:10AFC00061436F63A787D23FB3C8608B288AC63FAF
:10AFD000FB799F501344D33F9BF00008B2F0000868
:10AFE0000000F07F97F000088EF0000861F0000884
:10AFF00060F000080000F83FE8F300081FF10008C7
:10B0000001315200B4E7D9F81C30009A1A60049B51
:10B010000E2B75D8002C73D0B8F1000F40F3C4800C
:10B020009F4B08F00F0203EBC20318F4807FD3E9B3
:10B0300000AB4FEA281500F0A3809A4BDDE906012A
:10B04000D3E90823F5F7B2FBCDE9020105F00F05BE
:10B050000324944E002D40F0998052465B46DDE972
:10B060000201F5F7A3FB82468B46129B002B00F0F2
:10B07000C3808D4B002250465946F5F7DFFC00286F
:10B0800000F0BA80049B002B00F0B680059B002BDB
:10B0900036DD08F1FF33029350465946834B0022B8
:10B0A000F5F75AFA059E82468B4601342046F5F79D
:10B0B000E9F952465B46F5F74FFA7D4B0022F5F76A
:10B0C00095F80446A1F15075CDE91045002E40F0E9
:10B0D0009780784B002250465946F5F785F822466E
:10B0E0002B4682468B46F5F7C7FC002840F0BD8210
:10B0F000224605F1004350465946F5F79FFC20BB18
:10B10000179B002BC0F28D81B8F10E0F00F38981DF
:10B11000634B03EBC803D3E900AB0C9B002B80F21D
:10B120001B81049B002B00F317810ED1614B002281
:10B1300050465946F5F710FA02460B46DDE906017E
:10B14000F5F786FC002800F0938200252C460C9B26
:10B15000009EDB430293274600242946484601F01F
:10B160001DF9002F00F0EE802CB1BC4203D0214627
:10B17000484601F013F93946484601F00FF9E1E07D
:10B180009DED067B02248DED027B62E7E90708D581
:10B1900050465946D6E90023F5F7DEF901348246D8
:10B1A0008B466D10083655E722D0C8F100053C4BA0
:10B1B0003C4E05F00F0203EBC203D3E90023DDE9A7
:10B1C0000601F5F7C9F92D1182468B460224002DA0
:10B1D0003FF44BAFEA0708D550465946D6E900235D
:10B1E000F5F7BAF9013482468B466D100836EEE762
:10B1F000DDE906AB022438E7049ECDF8088055E768
:10B20000274B03EBC60353E902010B9B002B55D0E0
:10B2100002460B4600202849F5F7C8FADDE910235D
:10B22000F4F7E2FF009BCDE910019D191E46594637
:10B230005046F5F741FC00F13004F5F723F90246DA
:10B240000B4650465946F4F7CFFFDDE9102306F8C8
:10B25000014B82468B46F5F7F1FB002872D152462E
:10B260005B4611490020F4F7BFFFDDE91023F5F735
:10B27000E5FB002840F0B680AE423FF441AFDDE987
:10B2800010010A4B0022F5F767F9084BCDE91001D0
:10B29000002250465946F5F75FF982468B46C6E7CD
:10B2A000E8F30008C0F300080000F03F000024406D
:10B2B00000001C40000014400000E03FDDE91023C6
:10B2C000F5F74AF9009B009CCDE910013344159332
:10B2D00059465046F5F7F0FB00F13005F5F7D2F886
:10B2E0000B46024659465046F4F77EFF04F8015BD0
:10B2F000159B9C4282468B4627D1009B0022DDE9AC
:10B3000010011E44AA4BF4F771FF02460B4650464B
:10B310005946F5F7B1FB002864D1DDE91023A449B3
:10B320000020F4F761FF02460B4650465946F5F7F8
:10B3300085FB00283FF4E4AE334616F8012D302A91
:10B34000FAD01E46DDF808803AE09A4B0022F5F765
:10B3500003F982468B46BBE7009E52465B46DDE919
:10B360000601F5F723FAF5F7A7FB0746F5F78AF884
:10B3700052465B46F5F7F0F802460B46DDE906015A
:10B38000F4F732FF07F1300C009C06F801CBA6EB76
:10B39000040C049C644502460B4633D1F4F726FFA7
:10B3A00052465B4604460D46F5F766FBC0B9524669
:10B3B0005B4620462946F5F737FB08B1FB070FD45B
:10B3C0000199484600F0EAFF0023139A337008F110
:10B3D00001031360239B002B3FF4E6AC1E60E3E403
:10B3E000CDF8088033461E4613F8012D392A06D1C0
:10B3F000009A9A42F7D1029A013202923022013227
:10B400001A709FE76B4B0022F5F7A6F802460B4631
:10B41000CDE9062300220023F5F706FB00289CD087
:10B42000CEE70B9A002A00F0DF800A9A012A00F387
:10B43000C380149A002A00F0B78003F23343099DB9
:10B440003E46089A01211A4448461F44089201F0DA
:10B45000A3F8044656B1089B002B07DDB342089AB7
:10B46000A8BF3346FF1AF61AD31A0893099B0BB3E9
:10B470000B9B002B00F0BF80002D00F0B98021460F
:10B480002A46484601F054F9019A014604464846C6
:10B4900001F098F801998246484600F07FFF099B29
:10B4A0005B1B099300F0AA80099A5146484601F0B7
:10B4B0003FF901900121484601F06EF80D9B0546C9
:10B4C000002B00F0D0811A460146484601F030F9C1
:10B4D0000A9B012B054600F399800E9B002B40F040
:10B4E00090800F9BC3F31303002B40F08A800F9BC7
:10B4F00023F000431B0D1B05002B00F08580089BEB
:10B500000133013708934FF0010A0D9B002B00F027
:10B51000B0812B6905EB8303186900F0F1FFC0F1DE
:10B520002000089B184410F01F0076D01B2870DC08
:10B53000C0F11C000744064403440893002F05DDB6
:10B5400001993A46484601F04FF90190089B002BBB
:10B5500005DD29461A46484601F046F90546129B84
:10B56000002B5FD00198294601F0B0F9002859DA84
:10B5700008F1FF330293019900230A22484600F0A4
:10B580002FFF0B9B0190002B00F0758100232146BB
:10B590000A22484600F024FF059B002B044671DC7C
:10B5A0000A9B022B47DC6DE0169BC3F1360346E78E
:10B5B0000000E03F00002440049B5D1E099BAB425D
:10B5C00008DB5D1B049B002BBFF63AAF049BFE1A01
:10B5D000002336E7099B0D9A0995EB1A1A440D9240
:10B5E000049B3E4600252CE7099D0B9C3E4631E717
:10B5F000DDF804A058E7099A019957E7CDF804A0AF
:10B6000058E74FF0000A80E79A467EE74FF0000ABD
:10B610007FE71C2892D0C0F120001C30089B074413
:10B62000064489E7049BCDF80880002B24DC0593B1
:10B630000A9B022B22DD059B002B7FF488AD294657
:10B64000059B0522484600F0CBFE014605460198C1
:10B6500001F03CF900287FF77AAD009E312306F80F
:10B66000013B029B0133029375E535462C46F4E716
:10B67000049DCDF80880F9E7049B05930B9B002BF4
:10B6800000F0FD80002E05DD21463246484601F0DF
:10B69000ABF80446BAF1000F58D06168484600F094
:10B6A0003FFE064628B9814B024640F2EF21FFF7E4
:10B6B00042BB22690232920004F10C010C30FFF708
:10B6C00083FA01223146484601F08EF80746009B76
:10B6D000009A03F10108059B134406930E9B03F0A7
:10B6E0000103089329460198FFF786FA2146049042
:10B6F00000F1300B019801F0E9F83A46059029462F
:10B70000484601F0FFF8C26808F1FF3A0646FAB968
:10B710000146019801F0DAF802463146484609929E
:10B7200000F03CFEDDE9092342EA0301089B1943CE
:10B7300046460FD1BBF1390F28D0059B002B02DD07
:10B74000049B03F1310B8AF800B006E52746BEE7FB
:10B750000122E2E7059B002B04DB0A990B430899C1
:10B760000B4320D1002AEEDD01990122484601F069
:10B770003BF82946019001F0A9F8002803DCE2D14A
:10B780001BF0010FDFD0BBF1390FD9D139238AF873
:10B79000003033461E46013B16F8012C392A52D0A0
:10B7A00001321A70D9E4002A07DDBBF1390FEDD060
:10B7B0000BF101038AF80030CFE4069B08F801BCC6
:10B7C00043452AD0019900230A22484600F008FE8A
:10B7D000BC4201904FF000034FF00A022146484658
:10B7E00006D100F0FDFD0446074608F1010879E79F
:10B7F00000F0F6FD3946044600230A22484600F0D0
:10B80000EFFD0746F1E7059B5E1E002B009BD8BFAE
:10B8100000265A1C27461644002401990122484656
:10B8200000F0E2FF2946019001F050F80028B0DC5A
:10B8300002D11BF0010FACD133461E4613F8012D87
:10B84000302AFAD089E4009A9A42A3D1029B0133AC
:10B8500002933123137080E4239B002B7FF49FAA73
:10B86000134BFFF7BEBA0A9B012B7FF736AEDDF80C
:10B8700034A0012055E6059B002B7FF7D9AE009E32
:10B8800001982946FFF7B8F900F1300B009B06F844
:10B8900001BBF21A059B9342B5DD019900230A22F0
:10B8A000484600F09DFD0190EAE700BF1FF1000847
:10B8B0008EF000080369B3EB611F2DE9F0434FEAF6
:10B8C000611200F1140443DD11F01F0104EB830C3D
:10B8D00004EB82050CD100F110062946614532D3F4
:10B8E0009B1A9B00033DAC4538BF0023234414E062
:10B8F00054F82260C1F12008CE4005F1040EA146A3
:10B90000F44515D89A1A9200043A0135AC4538BF6F
:10B910000022A318A65006B104331A1BA3424FEA13
:10B92000A20208BF0023026108BF4361BDE8F083A3
:10B93000DEF8007007FA08F7374349F8047B5EF831
:10B94000046BCE40DCE751F8047B46F8047FC5E782
:10B950002346E2E7A0F13003092B02D82038C0B219
:10B960007047A0F16103052B01D84738F7E7A0F134
:10B970004103052B01D82738F1E70020704700006C
:10B980002DE9F04F85B00F4602930B680190914668
:10B990009C1C20783028A04604F10104F9D0A8EBC3
:10B9A0000303A3F1020BFFF7D5FF8246002838D12D
:10B9B0009F4901224046FFF7C2F80546002863D19F
:10B9C00098F801002646FFF7C5FF00285ED02078D2
:10B9D0003028A04604F10104F9D0FFF7BBFFB0FA0C
:10B9E00080F4640935464FF0010BC24656460AF111
:10B9F000010A3078FFF7AEFF0028F7D18C49012209
:10BA00003046FFF79CF878B945B9554656460AF1D5
:10BA1000010A3078FFF79EFF0028F7D1AD1BAD007B
:10BA200004E000242546E0E7002DF7D1337803F049
:10BA3000DF03502B37D173782B2B29D02D2B2BD014
:10BA4000711C4FF0000A0878FFF784FF431EDBB239
:10BA5000182B28D8A0F1100211F8010FFFF77AFF78
:10BA6000431EDBB2182B1AD9BAF1000F00D0524294
:10BA700015443960CCB1BBF1000F0CBF062700277D
:10BA8000384605B0BDE8F08F464655460124CDE75F
:10BA90004FF0000AB11CD6E74FF0010AFAE70A237B
:10BAA00003FB0200D6E73146E3E7A6EB0803013BC0
:10BAB0002146072B0ADC019800F032FC044640B90D
:10BAC0005C4B0246E4215C4801F052FB01315B1003
:10BAD000EFE700F1140A002357469B46B04537D3E1
:10BAE00047F804BBA7EB0A07BB102361584600F0D8
:10BAF00007FDD9F80060C0EBC707B74254DDBF1B94
:10BB00003946204601F0B2F8804678B17B1E5911C3
:10BB100003F01F025AF821104FF0010808FA02F250
:10BB20000A4203D0434536DC4FF00208394620462E
:10BB3000FFF7C0FE3D44D9F80830AB4242DA019825
:10BB4000214600F02BFC0E9A00231360A32797E7F1
:10BB500016F8012D2E2A12D0202B04D147F804BB51
:10BB60004FF0000B5B4630780393FFF7F3FE039B27
:10BB700000F00F0098404BEA000B0433AEE7B045ED
:10BB8000EAD82B49039301223046FEF7D8FF039BE6
:10BB90000028E1D1A2E7B91E204601F067F800288D
:10BBA000C2D04FF00308C1E709DAF71B214601981C
:10BBB0003A4600F019FEED1B044600F1140A4FF05E
:10BBC0000008B8E7D9F80430AB426FDD5D1BAE4228
:10BBD00034DCD9F80C30022B22D0032B24D0012BDB
:10BBE00015D1AE4213D1012E0BD1029AD9F80430EF
:10BBF000136001232361CAF800300E9B62271C608A
:10BC00003EE7711E204601F031F80028EDD1019881
:10BC1000214600F0C3FB0E9A0023136050272FE744
:10BC20000F9B002BF3D1E0E70F9B002BDDD1EEE75C
:10BC300084F000081FF1000830F100086F1EB8F111
:10BC4000000F30D127B13946204601F00FF8804669
:10BC50007A1101235AF8222007F01F07BB40134234
:10BC60002946204618BF48F00208761BFFF722FE3F
:10BC7000D9F804500227B8F1000F42D0D9F80C309F
:10BC8000022B15D0032B17D0012B09D118F0020F6E
:10BC900006D0DAF8003048EA030818F0010F0ED198
:10BCA00047F010072DE04FF00108D1E70127E2E748
:10BCB0000F9BC3F101030F930F9B002BF0D0D4F81F
:10BCC00010A004F1140303EB8A0100201A68B2F1FA
:10BCD000FF3F1BD001321A60022F04F114033CD144
:10BCE000D9F80020013AB24209D17111012253F86A
:10BCF000213006F01F0602FA06F61E423AD147F03E
:10BD000020070E9B1C60029B1D60B9E643F8040BE4
:10BD10009942DBD8A3689A4517DB61680198013125
:10BD200000F0FEFA804618B91A4B02468421CAE692
:10BD30002269023204F10C0192000C30FEF744FF3C
:10BD40002146019800F02AFB444623695A1C04EB63
:10BD50008303226101225A61BEE7226952450BDD4D
:10BD600001212046FFF7A6FDD9F808300135AB4286
:10BD7000FFF6E5AE0127C2E716F01F06FAD003EB87
:10BD80008A03C6F1200653F8040C00F0B9FBB04258
:10BD9000E6DBEFE71FF10008C2F10802920070B580
:10BDA000C2F120064368046803FA06F52C43D34029
:10BDB000046040F8043F8842F4D370BD30B5036896
:10BDC0000139013311F8014F14B90360012030BD6E
:10BDD00013F8012BA2F14105192D98BF2032A24280
:10BDE000F0D00020F3E72DE9F04F0B6887B05E112B
:10BDF000029013F01F0302EB86060193029B18BF0B
:10BE000004360025371F196846F8045C9046B94689
:10BE10003C46AB46AA464A784B1C039332B31046C5
:10BE200005910492FFF796FD002851D1049A0599D7
:10BE3000202A16D8DA4512DD4C4506D2072D04DC3F
:10BE40002A4649462046FFF7A7FF444553D9002319
:10BE5000A4F1040944F8043CD3464C461D4603991A
:10BE6000D9E7292A59D1029B02311960BAF1000F92
:10BE700053D04C4506D2072D04DC2A4649462046BD
:10BE8000FFF78AFF444538D9A8F10402234653F846
:10BE9000041B42F8041F9F42F9D23B1B23F003030B
:10BEA0000134033EB44288BF002308F10402134466
:10BEB00000211A4604339F421160FAD23B681BB935
:10BEC000474528D101233B60052007B0BDE8F08F2E
:10BED0000135082D0AF1010A06DD4445BFD90023CA
:10BEE00044F8043C0125043C226800F00F0040EABD
:10BEF00002102060B3E70825B1E7019B002BDDD0DD
:10BF0000C3F120034FF0FF32DA4056F8043C1340EF
:10BF100046F8043CD2E7043FD0E70420D5E7000010
:10BF2000024B0146186800F025B800BF7C010020D4
:10BF300070B50F4C0E462168054611B901F0D4F8D2
:10BF400020603146284601F0CFF8431C03D14FF062
:10BF5000FF34204670BDC41C24F00304A042F8D076
:10BF6000211A284601F0C0F80130F2D1EFE700BFF6
:10BF7000B44C00202DE9F843CD1C25F0030508350D
:10BF80000C2D38BF0C25002D064601DBA94204D933
:10BF90000C2333600020BDE8F883334F00F0B4F980
:10BFA0003B681C463CBB29463046FFF7C1FF431C9B
:10BFB000044656D13C68A046B8F1000F40D1002C91
:10BFC00049D023684146304604EB030901F08CF860
:10BFD000814540D121686D1A29463046FFF7A8FFF8
:10BFE000013038D023682B4423603B685A685ABB21
:10BFF000C7F800800EE02268521B1ED40B2A16D907
:10C000006119A342256018BF5960636808BF396091
:10C0100062514B60304600F07DF904F10B00231DA6
:10C0200020F00700C21A1CBF1B1AA350B3E76268B6
:10C03000A3420CBF3A605A60ECE723466468B1E75C
:10C040004446D8F80480B7E71A465B68A342FBD1A0
:10C0500000235360DEE70C233360304600F05AF9CA
:10C0600098E70560D6E700BFB84C002082B001B960
:10C0700001A942B14BB113780B601278101E18BFA2
:10C08000012002B070471046FBE76FF00100F8E7AF
:10C090009368013B002B10B4936007DA9469A342C4
:10C0A00001DB0A2902D110BC00F0EEBE1368581C57
:10C0B00010601970084610BC7047F8B506460F4668
:10C0C0001446D518AC4201D1002007E014F8011B3A
:10C0D0003A463046FFF7DCFF431CF3D1F8BD0000C1
:10C0E0002DE9F04706469CB00D4614461F4618B190
:10C0F000036A0BB9FDF7BCFD6B6ED90705D4AB899C
:10C100009A0502D4A86DFEF758FDAB891B0701D52F
:10C110002B699BB92946304600F0F4FE70B16B6E76
:10C12000DE0704D54FF0FF301CB0BDE8F087AB89C7
:10C130009C05F7D4A86DFEF741FDF3E700230993B2
:10C1400020238DF82930039730236A4F8DF82A3049
:10C150004FF0010823461A7899461AB1252A03F1AF
:10C160000103F8D1B9EB040A0BD053462246294605
:10C170003046FFF7A2FF013000F0A380099A524435
:10C18000099299F80030002B00F09B8000224FF0BC
:10C19000FF33CDE9053209F10109049207928DF8C8
:10C1A00053201A924C46052214F8011B5148F3F70C
:10C1B000BFFF049AD0B9D00644BF20238DF8533076
:10C1C000110744BF2B238DF8533099F800302A2BE8
:10C1D00013D007994B4600204FF00A0C1A78303ADA
:10C1E000092A1C464AD9A8B1079113E0C01B08FAD6
:10C1F00000F010430490A146D4E7039B191D1B686F
:10C200000391002BBBBF5B4242F0020207930793EE
:10C21000B8BF049223782E2B0AD163782A2B32D10F
:10C22000039B1A1D1B68039243EAE37302340593D0
:10C23000DFF8D090217803224846F3F779FF38B130
:10C24000049BA0EB09004022824013430134049375
:10C25000217829488DF828100622F3F769FF002875
:10C260003ED0264818BB039B073323F0070308334F
:10C270000393099B0344013409936BE701330CFBDF
:10C2800001210120AAE700230593611C18464FF005
:10C290000A0C0A78303A092A0C4603D9002BC7D079
:10C2A0000590C5E701310CFB00200123F1E703AB4A
:10C2B00000932A46124B04A93046FDF787F8431C29
:10C2C000D7D16B6ED90705D4AB899A0502D4A86D76
:10C2D000FEF774FCAB895B063FF524AF099823E7B2
:10C2E00003AB00932A46064B04A93046FDF708FB32
:10C2F000E5E700BFA5F10008AFF10008CD93000805
:10C30000BBC00008ABF100080148FEF756BC00BFF7
:10C31000B04C00200148FEF751BC00BFB04C0020DB
:10C3200070B5C46905460E4684B91020FFF7F8FDC4
:10C330000446E86128B90246164B17486B2100F005
:10C3400017FF0023C0E901330360C360E36853B9FA
:10C3500021220421284600F029FFEB69E060DB6818
:10C360000BB9002070BD53F8260030B1026843F8C5
:10C3700026200023C0E90333F4E7012101FA06F483
:10C38000621D9200284600F011FF0028E9D0C0E9A4
:10C390000164EEE79BF00008B6F1000870B5C469CF
:10C3A00006460D4674B91020FFF7BAFD0246F0614B
:10C3B00020B9094B09488F2100F0DAFEC0E9014499
:10C3C0000460C4603DB1F3696A68DB6853F8221009
:10C3D000296043F8225070BD9BF00008B6F10008B8
:10C3E0002DE9F0410D6907460C461E4601F1140C7B
:10C3F0000020DCF8003099B202FB01611E0C0B0C2E
:10C4000002FB063389B2013001EB034185424CF84F
:10C41000041B4FEA1346ECDC0EB3A368AB4219DCF5
:10C42000616838460131FFF77BFF804628B9024634
:10C430000C4B0D48BA2100F09BFE2269023204F138
:10C440000C0192000C30FEF7BFFB21463846FFF787
:10C45000A5FF444604EB850301355E612561204656
:10C46000BDE8F0811FF10008B6F100082DE9F8439E
:10C47000884614461F4609220833064693FBF2F30A
:10C48000002101229A4209DB3046FFF749FF40B9FB
:10C490000246194B1948D32100F06AFE52000131BF
:10C4A000F0E7089B4361092C4FF00103036108DCAE
:10C4B00008F10A050924641B2B199F4212DCBDE810
:10C4C000F88308F10905A946A04419F8013B014683
:10C4D000303B0A223046FFF783FFC145F5D12544A2
:10C4E000083DE8E715F8013B0146303B0A2230469B
:10C4F000FFF776FFE0E700BF1FF10008B6F1000884
:10C50000B0F5803F034636BF030400201020B3F18E
:10C51000807F3CBF1B020830B3F1805F3CBF1B0132
:10C520000430B3F1804F3CBF9B000230002B04DB92
:10C530005B0001D50130704720207047036813F07D
:10C54000070201460BD0DA0722D4980749BF5B08DF
:10C550009B0801200B605CBF0B600220704798B203
:10C56000A0B91B0C1020DAB20AB908301B0A1A074E
:10C5700004BF1B0904309A0704BF9B080230DA0786
:10C5800002D45B0806D001300B6070471046EAE722
:10C59000002070472020704710B50C460121FFF79E
:10C5A000BFFE024628B9054B054840F2451100F090
:10C5B000DFFD01234461036110BD00BF1FF10008CE
:10C5C000B6F100082DE9F04FD1F81080D2F81090A4
:10C5D000C84585B00E46144604DB4B460C46C146A2
:10C5E00016469846A368616809EB0807BB42B8BFC6
:10C5F0000131FFF795FE30B902464B4B4B484FF4E3
:10C60000B17100F0B5FD00F1140505EB870B2B4669
:10C6100000225B4522D306F1140101EB880304F1EB
:10C62000140C0CEB890C029304F1150363458CBFC9
:10C63000002301230093ACEB0403153B9B080193FB
:10C64000029B03918B420CD8002F03DD5BF8043D65
:10C65000002B67D0076105B0BDE8F08F43F8042BCD
:10C66000D7E7B1F800A0BAF1000F28D004F1140800
:10C67000A9464FF0000E58F8042BD9F8003096B2B6
:10C680009BB20AFB0633D9F80060120C360C7344D7
:10C690000AFB026606EB13469BB243EA0643C44517
:10C6A00049F8043B4FEA164EE5D8009A019B002A50
:10C6B0004FEA830308BF00232B44C3F804E0039B25
:10C6C000B3F802E00431BEF1000F29D02B6804F169
:10C6D00014069846A9464FF0000A32880EFB02A2C3
:10C6E00002EB18429BB243EA024349F8043B56F876
:10C6F000043BD9F800804FEA134A1FFA88F30EFB77
:10C700000A3303EB1243B4454FEA134AE5D8009EBF
:10C71000019A002E4FEA820208BF00222A44536089
:10C7200004358DE7013F8FE71FF10008B6F10008DF
:10C730002DE9F843174612F0030280460D4607D054
:10C74000264C013A002354F82220FFF749FE054603
:10C75000BF103FD0D8F81C4094B91020FFF7E0FB81
:10C760000446C8F81C0030B902461D4B1D4840F273
:10C77000B31100F0FDFC0023C0E901330360C36086
:10C78000A66846B940F271214046FFF705FF002335
:10C79000A060064603602C464FF0000907F0010335
:10C7A0007F1053B1294632464046FFF70BFF214622
:10C7B00005464046FFF7F2FD67B1306838B93246AA
:10C7C00031464046FFF7FEFE3060C0F80090064656
:10C7D0002C46E3E72846BDE8F88300BFB4F3000821
:10C7E0009BF00008B6F100082DE9F84F0C464968A7
:10C7F0002669A36806EB6216074691464FEA621A5D
:10C8000006F1010843450BDB3846FFF789FD054675
:10C8100048B902462B4B2C484FF4EF7100F0A8FCAE
:10C8200001315B00EEE700F1140100230A461846CF
:10C83000534539DB20692AEAEA7A01EB8A0104F1DF
:10C84000140319F01F098C4603EB800030D0C9F1A6
:10C85000200A4FF0000E1A68E34602FA09F242EA93
:10C860000E02CBF8002053F8042B98420CF1040C74
:10C8700022FA0AFEEFD8031B153B23F0030304F151
:10C880001502904238BF00231944C1F804E0BEF1FC
:10C89000000F00D1B0463846C5F810802146FFF79A
:10C8A0007DFD2846BDE8F88F42F8040B0133BFE751
:10C8B00053F8041BCCF8001098420CF1040CF7D884
:10C8C000E8E700BF1FF10008B6F1000803690A6934
:10C8D0009B1A30B50ED11430143100EB820401EBF9
:10C8E000820154F8045D51F8042D954204D006D21B
:10C8F0004FF0FF33184630BDA042F2D3FAE70123D0
:10C90000F8E700002DE9F74F8A46064611465046E3
:10C910001446FFF7DBFF051E12D129463046FFF70C
:10C92000FFFC024628B9414B40F23721404800F055
:10C930001FFC0123C0E90435104603B0BDE8F08FA9
:10C94000BCBF5346A2463046DAF80410BABF1C46B4
:10C9500001250025FFF7E4FC024618B9334B40F2ED
:10C960004521E3E7DAF810702669C5600AF1140979
:10C9700004F1140E00F114050AF1100309EB870805
:10C980000EEB86060193AB464FF0000C019B5EF860
:10C99000040B53F804AF01931FFA8AF183B2CB1A48
:10C9A000000C6344C0EB1A4000EB23409BB243EA07
:10C9B000004376454BF8043B4FEA204CE6D8331B46
:10C9C000153B153423F00303A64238BF0023E818B3
:10C9D0004B441C1D04302646A5EB090546450ED3E5
:10C9E00008F10301091B21F003010133984538BF09
:10C9F0000021014451F8043DABB117619CE706EBFF
:10CA0000050E56F8041BE2464FEA11491CFA81FC58
:10CA1000514409EB2C4989B241EA09414FEA294CBA
:10CA2000CEF80010DAE7013FE4E700BF1FF100088D
:10CA3000B6F1000882B08DED000B019A0F4B134048
:10CA4000A3F15073002B08DC5B42B3F1A07F4FEAE7
:10CA5000235204DA4FF400231341002208E0A2F12C
:10CA600014031E2BDABF4FF00042DA4001220023EC
:10CA70001946104641EC100B02B070470000F07FE1
:10CA8000F8B5056900F1140606EB85052F1F55F86A
:10CA9000044C2046FFF734FDC0F120030A280B6048
:10CAA00016DCC0F10B0C24FA0CF1BE4241F07F53AE
:10CAB00034BF55F8081C0021153004FA00F021FAA3
:10CAC0000CF143F4401301430A4643EC102BF8BD2C
:10CAD000BE423ABF55F8081CA5F1080700210B38E3
:10CAE00012D0C0F1200521FA05F384401C43B7425F
:10CAF00044F07F538CBF57F8044C00248140EC4035
:10CB000043F440132143DFE744F07F5343F44013E1
:10CB1000DAE700002DE9F7430F46012159EC108BAD
:10CB20001646FFF7FDFB054630B90246234B244865
:10CB300040F20F3100F01CFBC9F30A54C9F3130390
:10CB40000CB143F480130193B8F1000323D068467D
:10CB50000093FFF7F3FC0099D8B1019AC0F12003CC
:10CB600002FA03F30B43C2406B610192019BAB617C
:10CB7000002B0CBF012202222A61A4B1A4F233448B
:10CB800004443C60C0F135003060284603B0BDE885
:10CB9000F0836961EAE701A8FFF7D0FC019B6B61B4
:10CBA00020300122E8E705EB8203A0F23240386032
:10CBB0001869FFF7A5FCC0EB4210E5E71FF100087C
:10CBC000B6F10008F7B50E4669460746FFF758FF6D
:10CBD00001A9304655EC104BB0EE407AF0EE607A89
:10CBE000FFF74EFF33693A69D21ADDE900369B1B25
:10CBF00003EB4213002BD4BF10EE902A17EE902ABD
:10CC000051EC100BD6BFC3EB033302EB035502EB21
:10CC100003510B46024629462046F3F7C7FD41EC77
:10CC2000100B03B0F0BD013970B549111469013121
:10CC300002F1140300EB810103EB8404051FA342FE
:10CC40000CD3A31A113B23F003031132944238BFD3
:10CC5000002318440023884205D370BD53F8046BA9
:10CC600045F8046FEBE740F8043BF4E700F11402E9
:10CC700000694B11984210B511DB0ADD11F01F015C
:10CC800007D052F8234024FA01F000FA01F18C4257
:10CC90000BD102EB8303934203D8002010BD03465F
:10CCA000F7E753F8041D0029F5D00120F6E710B589
:10CCB0000C46B1F90E1000F005FA0028ABBF636D09
:10CCC000A3891B1823F48053ACBF6365A38110BDF7
:10CCD0002DE9F0411F468B89DB0505460C461646BB
:10CCE00005D5B1F90E100223002200F0D9F9A3896D
:10CCF000B4F90E1023F48053A38132463B462846F4
:10CD0000BDE8F04100F000BA10B50C46B1F90E10C4
:10CD100000F0C6F9B4F90C30421C0BBF23F4805369
:10CD200043F48053A381A38118BF606510BDB1F99E
:10CD30000E1000F0FBB90000B1F90C202DE9F04114
:10CD4000160705460C4651D44B68002B02DC0B6CD1
:10CD5000002B49DDE66A002E46D0002312F48052F3
:10CD60002F682B6031D0626DA389590705D56368A0
:10CD7000D21A636B0BB1236CD21A0023E66A216AC4
:10CD80002846B047421CB4F90C3006D129681D2949
:10CD900045D8284ACA40D60741D500226260D90446
:10CDA0002269226004D5421C01D12B6803B9606559
:10CDB000616B2F60C1B104F14403994202D028464F
:10CDC00000F008FA002363630EE0216A012328467D
:10CDD000B0470246501CC7D12B68002BC4D01D2B76
:10CDE00001D0162B1AD12F6000201DE00F69002FF3
:10CDF000FAD093070E6808BF4B690F6018BF002375
:10CE0000A6EB07088B60B8F1000FEDDD216AA66A7A
:10CE100043463A462846B047002807DCA38943F03A
:10CE20004003A3814FF0FF30BDE8F0810744A8EB39
:10CE30000008E8E70100402038B50B6905460C46BC
:10CE400013B91D46284638BD18B1036A0BB9FCF763
:10CE50000FFFB4F90C30002BF3D0626ED00704D46E
:10CE6000990502D4A06DFDF7A8FE28462146FFF7DC
:10CE700063FF636EDA070546E4D4A3899B05E1D41A
:10CE8000A06DFDF79BFEDDE7F8B505460F4614469D
:10CE900018B1036A0BB9FCF7EBFEA369A360A38981
:10CEA0001A0701D5236943B92146284600F02AF81C
:10CEB00018B14FF0FF363046F8BD23692068C01A1C
:10CEC0006369834205DC21462846FFF7B5FF002849
:10CED000EFD1A368013BA36023685A1C22601F7036
:10CEE000636901308342FEB204D0A389DB07E2D537
:10CEF0000A2EE0D121462846FFF79EFF0028DAD00F
:10CF0000D7E7000038B5284B054618680C4618B11D
:10CF1000036A0BB9FCF7ACFEB4F90C30190720D446
:10CF2000DA0607D409222A6043F04003A3814FF0B8
:10CF3000FF3031E0580711D5616B41B104F1440372
:10CF4000994202D0284600F045F90023636300228D
:10CF5000A38962602269226023F0240343F008035E
:10CF6000A38123694BB9A38903F42073B3F5007F30
:10CF700003D02146284600F04AF8B4F90C3013F0EB
:10CF800001020AD00022A26062695242A2612269B3
:10CF900042B913F08000C7D138BD990758BF626904
:10CFA000A260F4E70020F7E77C01002049B1FF2AE6
:10CFB00085BF8A2303600A704FF0FF3098BF0120BD
:10CFC00070470846704770B50E46B1F90E1000293B
:10CFD00096B014461D460ADAB28912F0800213D1C7
:10CFE0004FF4806100202A60216016B070BD6A464F
:10CFF00000F0ACF80028EFDB019A02F47042A2F5D1
:10D0000000535A425A41EBE700224021EAE78B895C
:10D0100073B59E0705460C4607D504F14703236008
:10D0200023610123636102B070BD01AB6A46FFF763
:10D03000CAFF009E28463146FEF79CFFB4F90C302B
:10D0400038B99A05EFD423F0030343F00203A38118
:10D05000E3E743F08003A381019B2060C4E9040659
:10D06000002BE0D0B4F90E10284600F009F8002893
:10D07000D9D0A38923F0030343F00103A381D2E7AE
:10D0800038B5064C0023054608462360FAF7F0F948
:10D09000431C02D1236803B12B6038BDBC4C002077
:10D0A00038B5074C054608461146002222601A464C
:10D0B000FAF7E0F9431C02D1236803B12B6038BDB5
:10D0C000BC4C002038B5074C0546084611460022E6
:10D0D00022601A46FAF7A6F9431C02D1236803B16D
:10D0E0002B6038BDBC4C002038B5064C00230546EB
:10D0F00008462360FAF7C0F9431C02D1236803B144
:10D100002B6038BDBC4C002038B5074C054608469E
:10D110001146002222601A46FAF792F9431C02D106
:10D12000236803B12B6038BDBC4C002038B5064CD9
:10D130000023054608462360FAF790F9431C02D104
:10D14000236803B12B6038BDBC4C002038B5074CB8
:10D1500000230546084611462360FAF783F9431C6D
:10D1600002D1236803B12B6038BD00BFBC4C002046
:10D170001FB51D46094B1B680646D86852B1084CBE
:10D180000091CDE90142074933462A4600F06EF886
:10D1900000F07EF8044C2246F2E700BF7C0100203C
:10D1A00024F2000831F200085FF2000870B5A1FB1C
:10D1B000026535B93146FEF7DDFE044628B9204642
:10D1C00070BD0C2303600024F9E732462946FDF7C1
:10D1D000AEFCF4E737B5002944D051F8043C019087
:10D1E000002BA1F10404B8BFE418FFF78DF81E4A24
:10D1F0000198136833B96360146003B0BDE8304030
:10D20000FFF788B8A34208D9256861198B4201BF8E
:10D2100019685B6849192160EDE71A465B680BB134
:10D22000A342FAD911685518A5420BD124682144AC
:10D230005418A3421160E0D11C685B6853600C4431
:10D240001460DAE702D90C230360D6E72568611978
:10D250008B4204BF19685B68636004BF4919216091
:10D260005460CAE703B030BDB84C00200EB403B51B
:10D27000014603AB054853F8042B00680193FEF701
:10D280002FFF02B05DF804EB03B070477C01002073
:10D2900008B5062000F02CF80120FAF7BDF81F2988
:10D2A00038B505460C4604D9162303604FF0FF300D
:10D2B00038BDC26B12B152F821304BB9284600F08C
:10D2C00031F8224601462846BDE8384000F018B83B
:10D2D000012B0AD0591C03D1162303600120E7E774
:10D2E000002142F82410204698470020E0E7000083
:10D2F000024B01461868FFF7D2BF00BF7C01002037
:10D3000038B5074C00230546084611462360FAF756
:10D310007BF8431C02D1236803B12B6038BD00BFEA
:10D32000BC4C0020FAF76EB800B52DED028B83B02F
:10D33000B0EE408ACDED010A00F07CFADDED010A85
:10D34000B4EE608AF1EE10FA06D6DFED0C7AF4EE58
:10D35000670AF1EE10FA03D003B0BDEC028B00BDFA
:10D36000CDED017AFDF7FEFBDDED017A87EEA70A30
:10D370002123036003B0BDEC028B00BD0000000060
:10D3800008B52DED048BB0EE409AF0EE609A00F0F7
:10D390007FF8B0EE408AF0EE608AB0EE490AF0EE17
:10D3A000690A00F065F878B119A3D3E9002351ECBC
:10D3B000190BF3F761FB70B917A3D3E9002351EC04
:10D3C000190BF3F73BFB98B9B0EE480AF0EE680A88
:10D3D000BDEC048B08BD9FED0A8BFDF7C3FBB0EEDF
:10D3E000480AF0EE680ABDEC048B2223036008BDF6
:10D3F000FDF7B8FB22239FED048B0360E4E700BF39
:10D40000000000000000F07F0000000000000000AD
:10D41000EF39FAFE422E864051302DD5104987C093
:10D4200000B52DED028BB0EE408A83B000F02CF8F1
:10D43000B4EE488AF1EE10FA06D6DFED0C7AB4EEBF
:10D44000E78AF1EE10FA03D403B0BDEC028B00BD05
:10D45000CDED017AFDF786FBDDED017A87EEA70AB7
:10D460002123036003B0BDEC028B00BD000000006F
:10D4700082B08DED000B019840F0004000F5801067
:10D48000C00F02B0704700BFB1EEC00A704700BFC6
:10D490002DE9F04755EC104BD34925F000428A4264
:10D4A00086B04FEAD5760CD9D0498A4270D9C5F3F7
:10D4B0001303234340F05481002E66D09FEDB20B3E
:10D4C00063E0CB4B9A4200F21A81CA4B9A4240F277
:10D4D000308122462B4620462946F3F73DF8ACA37F
:10D4E000D3E9002306460F46F3F736F8AAA3D3E99B
:10D4F0000023F2F779FE32463B46F3F72DF8A8A356
:10D50000D3E90023F2F772FE32463B46F3F724F8E4
:10D51000A5A3D3E90023F2F767FE32463B46F3F7B3
:10D520001BF8A3A3D3E90023F2F760FE32463B4683
:10D53000F3F712F802460B4620462946F2F754FE4E
:10D54000CDE90201DDE90289204642464B462946E3
:10D55000F3F702F8002206460F464FF0804340469C
:10D560004946F2F741FE02460B4630463946F3F78C
:10D570001DF922462B46F2F737FE02460B460020E5
:10D580009D49F2F731FE41EC100B06B0BDE8F08783
:10D5900089A3D3E9002320462946F3F76DFA07460D
:10D5A000002840F0E88086A3D3E9002320462946DE
:10D5B000F3F744FA002840F03781904B204603EB04
:10D5C000C606294680A3D3E90023F2F7C5FFD6E9B2
:10D5D0000023F2F70BFEF3F76FFA0646F2F752FF5D
:10D5E0007BA3D3E9002307468846F2F7B5FF02463E
:10D5F0000B4620462946F2F7F7FD02460B46384611
:10D60000414691469A4674A3D3E90023F2F7A4FF5A
:10D61000CDE90001DDE9002348465146F2F7E4FD7B
:10D6200002460B4604460D46F2F796FF58A3D3E98F
:10D63000002307468846F2F78FFF57A3D3E900235C
:10D64000F2F7D2FD3A464346F2F786FF54A3D3E9F8
:10D650000023F2F7CBFD3A464346F2F77DFF52A393
:10D66000D3E90023F2F7C0FD3A464346F2F774FFD0
:10D670004FA3D3E90023F2F7B9FD3A464346F2F748
:10D680006BFF02460B4620462946F2F7ADFD0746E2
:10D690008846204629463A464346CDE90278F2F7C5
:10D6A0005BFFCDE90401002E3FF44CAF3A46434600
:10D6B00000204FF08041F2F797FD02460B46DDE96E
:10D6C0000401F3F773F802460B46DDE90001F2F7B7
:10D6D0008BFD4A465346F2F787FD0B460246464904
:10D6E0000020F2F781FD6FF47F739E42C0F28E80BE
:10D6F00001EB065141EC100B06B0BDE8F087404B42
:10D700009A423FF65AAF3F4B03EBC603D3E90023DF
:10D7100020462946F2F768FD3B4B03EBC60393ED29
:10D72000007B86F001038DED007B81468A469E1BBF
:10D7300070E72BA3D3E9002320462946F2F756FDD4
:10D740002D4B0022F3F798F900283FF4C2AE2A4B84
:10D75000002220462946F2F749FD41EC100B14E760
:10D7600022462B4620462946F2F740FD41EC100B9D
:10D7700006B0BDE8F087002006B0BDE8F04700F035
:10D78000E7B900BFAFF30080000000000000000018
:10D79000D0A4BE726937663EF16BD2C541BDBB3EB7
:10D7A0002CDE25AF6A56113F93BDBE166CC1663F95
:10D7B0003E5555555555C53FEF39FAFE422E864028
:10D7C00051302DD5104987C0FE822B654715F73F94
:10D7D0000000E0FE422EE63F763C7935EF39EA3D27
:10D7E0009C7500883CE4377E412E8640FFFFEF7F2A
:10D7F000422ED63FFFFFEF3D0000F03FD0F400087F
:10D80000B1A2F03FC0F40008B0F4000806F57A7346
:10D8100001EB035100224FF0B873F2F79DFE41EC8B
:10D82000100B06B0BDE8F087384606B0BDE8F047FB
:10D8300000F086B910EE903A30B523F00044621E35
:10D84000B2F1FF4F3FD210EE101A21F0004EBEF1A0
:10D85000FF4F38D2A6453ADB01F00042154600F0F2
:10D860009D8011F0FF4F03F0FF4C49D14FEA0E208D
:10D870006FF07D024000002802F1FF32FADCBCF1BB
:10D88000000F5BD123026FF07D0C5B000CF1FF3CBD
:10D89000FBD512F17E0F6CDA6FF07D00831AA0EBDE
:10D8A0000C00B2EB0C020EFA03F104FA00F36DD097
:10D8B000013A03E03AD04100013A09D3C81A0028DE
:10D8C000F8DA4900F8E760EE200A80EEA00A30BDE1
:10D8D000CB1A48BF0B461BB928E05B000CF1FF3C9C
:10D8E000B3F5000FF9DB1CF17E0F38DA6FF07D0025
:10D8F000A0EB0C00034145EA030200EE102A30BD04
:10D900004FEAEE52BCF1000F16D0E415C1F3160138
:10D91000C3F31603121B41F4000143F40003A4F106
:10D920007F0CC5D1CB1A002B18DBD6D1224B03EBD1
:10D93000557393ED000A30BD7F3AA3E7E415A4F1D7
:10D940007F0C6FF07D01891AC3F31603A2EB0C0262
:10D9500043F400030EFA01F1013AAFE70B46A3F5D9
:10D9600000030CF17F0C2B4343EACC5300EE103A3A
:10D9700030BD6FF07D00C1F31601A0EB0C0041F447
:10D980000001A2EB0C0204FA00F391E7CB1A002B82
:10D990000ADBCBD0B3F5000F9FDBABE7064B03EB05
:10D9A000527393ED000A30BD0029BFD0B1F5000FCE
:10D9B0000B4692DB9EE700BFE0F4000808B52DEDB2
:10D9C000028BF0EE408AB0EE608A00F047F820B992
:10D9D000B0EE480ABDEC028B08BDB0EE480A00F07C
:10D9E0003DF858B1F4EEC88AF1EE10FAC8BFB0EEB7
:10D9F000688AB0EE480ABDEC028B08BDB0EE688ABA
:10DA0000B0EE480ABDEC028B08BD00BF08B52DED95
:10DA1000028BF0EE408AB0EE608A00F01FF820B969
:10DA2000B0EE480ABDEC028B08BDB0EE480A00F02B
:10DA300015F858B1B4EEE88AF1EE10FAC8BFB0EEAE
:10DA4000688AB0EE480ABDEC028B08BDB0EE688A69
:10DA5000B0EE480ABDEC028B08BD00BF10EE103AD4
:10DA600033F000400ED0A0F50003B3F1FE4F0DD30C
:10DA7000074B421E9A4207D9A0F1FF40B0FA80F04E
:10DA80004009704702207047032070470420704708
:10DA9000FEFF7F0010EE103AC3F3C752002BA2F135
:10DAA0007F01ACBF01204FF0FF301E290DDC0029A3
:10DAB0001ADBC3F31603162943F400030ADD963A72
:10DAC00003FA02F202FB00F07047FDEEC07A17EE97
:10DAD000900A70474FF480020A411A44C1F11701BD
:10DAE000CA4002FB00F07047013118BF00207047A8
:10DAF00010B582B08DED000B0446FDF733F89DEDB7
:10DB0000000B046002B010BD00B5034683B051ECB9
:10DB1000100B83B1024601F10043CDE90023DDE99A
:10DB20000023F2F719FD41EC100B222003B05DF841
:10DB300004EBFFF7DDBF02460B46EEE700000000F6
:10DB40009FED010BFFF7E0BF000000000000001098
:10DB50009FED010BFFF7D8BF000000000000007030
:10DB600080EA104080EA102080EA101046F69613F2
:10DB700000F00F0043FA00F000F00100704700BF12
:10DB800038B50022002304460D46F2F757FF28B9A6
:10DB900020462946BDE8384000F00AB8204605F185
:10DBA000004100F005F8404261EB410138BD00BF83
:10DBB00070B50C4B002204460D46F2F7CDFCF2F78F
:10DBC000A3FF0646F2F74EFC074B0022F2F7C4FC17
:10DBD00002460B4620462946F2F706FBF2F794FF71
:10DBE000314670BD0000F03D0000F041F8B500BFC7
:10DBF000F8BC08BC9E467047F8B500BFF8BC08BC2E
:04DC00009E46704785
:10DC080000070E091C1B1215383F363124232A2D14
:10DC180070777E796C6B6265484F464154535A5D04
:10DC2800E0E7EEE9FCFBF2F5D8DFD6D1C4C3CACDF4
:10DC380090979E998C8B8285A8AFA6A1B4B3BABDE4
:10DC4800C7C0C9CEDBDCD5D2FFF8F1F6E3E4EDEAD4
:10DC5800B7B0B9BEABACA5A28F88818693949D9AC4
:10DC68002720292E3B3C35321F18111603040D0AB4
:10DC78005750595E4B4C45426F68616673747D7AA4
:10DC8800898E878095929B9CB1B6BFB8ADAAA3A494
:10DC9800F9FEF7F0E5E2EBECC1C6CFC8DDDAD3D484
:10DCA800696E676075727B7C51565F584D4A434474
:10DCB800191E171005020B0C21262F283D3A333464
:10DCC8004E49404752555C5B7671787F6A6D646354
:10DCD8003E39303722252C2B0601080F1A1D141344
:10DCE800AEA9A0A7B2B5BCBB9691989F8A8D848334
:10DCF800DED9D0D7C2C5CCCBE6E1E8EFFAFDF4F324
:10DD080000000000000000000102030406070809E3
:10DD180000000000010203040D0A0D0A0D0A0D0A95
:10DD28000D0000003E3E2041746865616E204D6F15
:10DD3800746F7220436F6E74726F6C6C6572203CE6
:10DD48003C0D00003E3E2056657273696F6E3A20A6
:10DD580025642E25642E2564203C3C0D0A00000015
:10DD68003E3E20496E76616C69642F756E696E69F6
:10DD78007469616C697A656420636F6E666967753A
:10DD8800726174696F6E3B207573696E67205241CA
:10DD98004D2064656661756C7473202843414E207C
:10DDA80052583D312054583D3029203C3C0D00004C
:10DDB8003E3E204452563833323320636F6E6669D4
:10DDC8006775726174696F6E2F72656164626163F1
:10DDD8006B206661696C65643B206D6F746F72209F
:10DDE8006D6F64652072656D61696E73206C6F6319
:10DDF8006B6564203C3C0D003E3E2046574447542A
:10DE080020636F6E66696775726174696F6E2066EC
:10DE180061696C65643B206D6F746F72206D6F640F
:10DE2800652072656D61696E73206C6F636B6564E4
:10DE3800203C3C0D00000000436865636B696E6719
:10DE4800207068617365207369676E2C20706F6C31
:10DE5800652070616972730D0000000043616C6990
:10DE680062726174696F6E206661696C65643A20DC
:10DE7800696E76616C696420656E636F6465722093
:10DE8800646973706C6163656D656E7420252E34EA
:10DE980066207261640D0A0043616C696272617484
:10DEA800696F6E206661696C65643A206D6561739F
:10DEB8007572656420706F6C65207061697273207B
:10DEC8002564202864656C746120252E34662072D0
:10DED8006164290D0A0000005068617365206F7243
:10DEE80064657220636F72726563740D00000000D0
:10DEF8005377617070696E6720706861736520730D
:10DF080069676E0D00000000506F6C6520506169F4
:10DF180072733A2025640D0A000000005374617280
:10DF2800743A20252E3366202020456E643A202539
:10DF38002E33660D0A000000506F6C652050616931
:10DF48007273203E2025642C2072656D616C6C6FA5
:10DF580063206572726F725F6172725B5D207369B4
:10DF68007A652E0D0A0000005374617274696E6739
:10DF7800206F66667365742063616C20616E64202F
:10DF88006C696E656172697A6174696F6E0D000003
:10DF9800256420256420256420252E33660D0A007B
:10DFA8002564202025640D0A000000006C6F6F7046
:10DFB8005F636F756E743A20256C750D0A0000005A
:10DFC8000A0D4641554C540A0D0000005644535F53
:10DFD8004F43500A0D0000004744460A0D00000058
:10DFE80055564C4F0A0D00004F5453440A0D00007B
:10DFF8005644535F48410A0D000000005644535FE1
:10E008004C410A0D000000005644535F48420A0D77
:10E01800000000005644535F4C420A0D0000000007
:10E028005644535F48430A0D000000005644535FAE
:10E038004C430A0D0000000053415F4F430A0D0096
:10E0480053425F4F430A0D0053435F4F430A0D008D
:10E058004F54570A0D000000435055560A0D000052
:10E068005647535F48410A0D000000005647535F6A
:10E078004C410A0D000000005647535F48420A0D04
:10E08800000000005647535F4C420A0D0000000094
:10E098005647535F48430A0D000000005647535F38
:10E0A8004C430A0D0000000020436F6D6D616E64E3
:10E0B800733A0D00206D2020202D204D6F746F7253
:10E0C800204D6F64650D000020632020202D204323
:10E0D800616C69627261746520456E636F64657214
:10E0E8000D00000020732020202D205365747570CA
:10E0F8000D00000020652020202D20446973706CDD
:10E10800617920456E636F6465720D00207A202066
:10E11800202D20536574205A65726F20506F7369E3
:10E1280074696F6E0D00000020657363202D204513
:10E1380078697420746F204D656E750D00000000BD
:10E148000D0A20436F6E66696775726174696F6E38
:10E15800204F7074696F6E73200A0D006D696E0030
:10E16800706172616D657465720000007072656639
:10E178006978000020252D347320252D3331732034
:10E18800252D357320252D367320252D32730D0A44
:10E198000000000063757272656E742076616C759C
:10E1A800650000006D6178000D0A204D6F746F7274
:10E1B8003A0D00002D0000004C6567616379204727
:10E1C80065617220526174696F2028756E75736578
:10E1D800642900006700000020252D347320252DB8
:10E1E80033317320252D357320252D367320252EA8
:10E1F80033660A0D0000000030000000546F727191
:10E20800756520436F6E7374616E7420284E2D6D92
:10E218002F4129006B00000020252D347320252D67
:10E2280033317320252D357320252D367320252E67
:10E2380035660A0D000000000D0A20436F6E7472E7
:10E248006F6C3A0D00000000313030004375727277
:10E25800656E742042616E6477696474682028482A
:10E268007A2900006200000020252D347320252D16
:10E2780033317320252D357320252D367320252E17
:10E2880031660A0D00000000323030300000000016
:10E29800302E300043757272656E74204C696D695A
:10E2A80074202841290000006C00000036302E3010
:10E2B800000000004D617820506F736974696F6EBB
:10E2C80020536574706F696E742028726164290028
:10E2D800700000004D61782056656C6F6369747931
:10E2E80020536574706F696E742028726164292FD9
:10E2F80073000000760000004D617820506F73694C
:10E3080074696F6E204761696E20284E2D6D2F72DB
:10E318006164290078000000313030302E30000070
:10E328004D61782056656C6F63697479204761691F
:10E338006E20284E2D6D2F7261642F732900000006
:10E3480064000000352E3000465720437572726510
:10E358006E74204C696D6974202841290000000002
:10E368006600000033332E300000000054656D70E5
:10E37800204375746F666620284329202830203D85
:10E38800206E6F6E6529000068000000313530008E
:10E39800436F6E74696E756F75732043757272651D
:10E3A8006E742028412900006300000034302E30AC
:10E3B8000000000043616C6962726174696F6E20CD
:10E3C80043757272656E742028412900610000004F
:10E3D80032302E30000000000D0A2043414E3A0D25
:10E3E8000000000043414E2049440000690000003D
:10E3F80020252D347320252D33317320252D357399
:10E4080020252D367320252D35690A0D00000000C2
:10E418003132370043414E2054582049440000000F
:10E428006D00000043414E2054696D656F7574207E
:10E43800286379636C6573292830203D206E6F6EE0
:10E44800652900007400000020252D347320252D37
:10E4580033317320252D357320252D3673202564FF
:10E468000A0D00003130303030300000200A0D2015
:10E47800546F206368616E676520612076616C75F2
:10E48800652C207479706520277072656669782715
:10E498002776616C75652727454E544552270A0D26
:10E4A80020652E672E202762313030302727454ED1
:10E4B800544552270D0A200056414C554553204ECD
:10E4C8004F542041435449564520554E54494C20F9
:10E4D800504F574552204359434C4521200A0D0AB5
:10E4E8000D00000043616C6962726174696F6E208F
:10E4F80072656A65637465643B2070726576696FDE
:10E50800757320636F6E66696775726174696F6E83
:10E5180020726573746F7265642E0D00455F5A45ED
:10E52800524F3A202564202025660D0A000000007D
:10E53800436F6E66696775726174696F6E20736187
:10E5480076652072656A65637465643B20707265E0
:10E5580076696F7573206461746120707265736584
:10E56800727665642E0D0000495F4257207365740A
:10E5780020746F2025660D0A0000000043414E5F9D
:10E5880049442073657420746F2025640D0A0000C7
:10E5980043414E5F54585F49442073657420746F3B
:10E5A8002025640D0A000000495F4D41582073651D
:10E5B8007420746F2025660D0A000000495F4657D5
:10E5C8005F4D41582073657420746F2025660D0ACD
:10E5D8000000000043414E5F54494D454F555420BB
:10E5E80073657420746F2025640D0A0054454D50DE
:10E5F8005F4D41582073657420746F2025660D0A9D
:10E6080000000000495F4D41585F434F4E5420734E
:10E61800657420746F2025660D0A0000495F434128
:10E628004C2073657420746F2025660D0A00000065
:10E638004752206973206C656761637920636F6E48
:10E6480066696775726174696F6E206F6E6C793B6D
:10E65800206368616E6765206F75747075742072C9
:10E668006564756374696F6E20696E2074686520CF
:10E67800757070657220636F6E74726F6C6C657202
:10E688002E0D00004B542073657420746F2025668E
:10E698000D0A00004B505F4D41582073657420747B
:10E6A8006F2025660D0A00004B445F4D41582073CA
:10E6B800657420746F2025660D0A0000505F4D4177
:10E6C800582073657420746F2025660D0A000000B9
:10E6D800565F4D41582073657420746F2025660D70
:10E6E8000A0000000D0A2027256327204E6F74209A
:10E6F800612076616C696420636F6D6D616E642062
:10E708007072656669780D0A0D0A00005A65726FA5
:10E7180020736176652072656A65637465643B2061
:10E7280070726576696F75732064617461207072A8
:10E73800657365727665642E0D0000000A0D202051
:10E748005361766564206E6577207A65726F2070F4
:10E758006F736974696F6E3A202025640A0D0A0D7B
:10E76800000000005261773A20253564000000005F
:10E7780020204C696E656172697A656420436F7503
:10E788006E743A2025356400202053696E676C65E5
:10E79800205475726E3A2520342E3366000000002E
:10E7A80020204D756C7469205475726E3A25203599
:10E7B8002E3366002020456C656374726963616C52
:10E7C8003A2520352E33660020205475726E733A30
:10E7D8002520326400000000202056616C69643AEC
:10E7E8002575000020205350493A256C750000001B
:10E7F80020205061726974793A256C750000000018
:10E80800202045463A256C750D0A000000000001DD
:10E8180000020003000400050102010301090106CA
:10E828000112010A010E011101130114011501164B
:10E8380001170118010800070119011A011B011C21
:10E848000001020605000000000000002975493C8F
:10E85800DF6EC93C6F0E173D3160493D8FA97B3D86
:10E8680038F4963D6B0EB03D4721C93D5E2EE23D22
:10E87800EC2FFB3D7F130A3E698C163E76FD223E47
:10E88800A5662F3E97CA3B3E4A29483E807D543EA6
:10E89800DAC9603E560E6D3EF54A793E3CBD823E71
:10E8A8000FD1883EA4DF8E3EFBE8943EC4EB9A3E2F
:10E8B800FFE7A03EFCDEA63E6CCFAC3E4EB9B23EB2
:10E8C800A29CB83E1878BE3EB24BC43EBD18CA3EA4
:10E8D800ECDDCF3EED99D53E614FDB3E59FAE03E87
:10E8E800C39EE63EB038EC3E71C9F13E5452F73E45
:10E8F800BBD0FC3E5322013FB2D7033FD387063F2C
:10E90800B532093F5AD80B3FC0780E3F4013113F2C
:10E9180082A8133FDF37163F55C1183FE5441B3F18
:10E928008FC21D3F543A203F8AAB223FDB16253F5A
:10E938009E7B273FD3D9293F7B312C3FED812E3F4A
:10E9480079CC303FD00F333FF14B353F8481373F8F
:10E95800E2AF393F0AD73B3FFDF63D3F130F403F3B
:10E968009B20423F9E29443F132C463F0326483FA5
:10E97800BD184A3F9B034C3FF3E54D3F16C14F3F3F
:10E98800B493513F745E533F5721553F0EDB563FBA
:10E998008F8D583FE3365A3FB2D75B3FA4705D3F37
:10E9A80069005F3F5188603F0C07623F9A7C633F74
:10E9B800A3E9643F274E663F7EA9673F50FC683F46
:10E9C8004E456A3FC6856B3F12BD6C3F31EB6D3FCC
:10E9D80023106F3F412B703FD93D713F9D46723FD9
:10E9E8003546733F9F3C743F3529753F9E0C763FF3
:10E9F80032E6763F9AB6773F2C7D783FEB39793F00
:10EA08007CED793F39977A3F22377B3F36CD7B3F84
:10EA180075597C3F87DC7C3F1D557D3F87C47D3F12
:10EA280074297E3F34857E3F77D67E3F8E1E7F3F9A
:10EA3800295C7F3FEF8F7F3F88BA7F3FA5DA7F3F12
:10EA4800EDF07F3F61FD7F3F0000803F23F87F3F6F
:10EA580019E77F3F92CB7F3F37A67F3FAF777F3F56
:10EA6800AB3E7F3FD2FB7E3F25AF7E3FA3587E3F24
:10EA78004DF87D3F228E7D3F221A7D3F4E9C7C3F84
:10EA8800A5147C3F27837B3FD5E77A3F57437A3FDE
:10EA98000395793FDBDC783FDF1A783FB54F773F46
:10EAA800B77A763FE59B753FE5B3743FB9C2733FCC
:10EAB800B9C7723F8BC3713F31B6703F029F6F3F3A
:10EAC800A67E6E3F1D556D3F68226C3F86E66A3F05
:10EAD8001FA2693FE353683F22FD663F349D653FAF
:10EAE8001A34643F22C3623F5648613FACC55F3F5A
:10EAF800D6395E3F7AA55C3F9A085B3F3563593F3C
:10EB08004AB5573F82FF553F8E40543F637A523F84
:10EB1800B4AB503F80D44E3F6FF54C3F280F4B3F6E
:10EB28005C20493FB329473FD42B453F1826433F34
:10EB38007E18413FB0033F3FABE73C3F72C43A3FCA
:10EB48005B99383FB667363FDC2E343FCCEE313F19
:10EB58002FA82F3F5C5A2D3FFB052B3F0DAB283FBD
:10EB68009049263F2EE2233F9773213F19FF1E3F0E
:10EB7800B6841C3FC5031A3F957D173FD8F0143F54
:10EB8800DD5E123FFCC60F3F35290D3F2F860A3F39
:10EB9800ECDD073F6A30053FAA7D023F598BFF3EF7
:10EBA8003012FA3E8A8EF43E0803EF3E096DE93EC4
:10EBB800DDCDE33E8525DE3E4F75D83E3CBDD23ED9
:10EBC800FCFBCC3EDF32C73E3563C13E5D8ABB3EAF
:10EBD80047ACB53E05C5AF3E84D8A93E75E5A33E12
:10EBE80089EA9D3E60EA973EF7E4913E02D98B3E62
:10EBF800CEC7853EB7627F3EF52D733EB7EE663EC3
:10EC0800FDA45A3E65534E3EF0F9413E3D9B353ECC
:10EC18000E32293EA0C31C3EF44F103E0AD7033ED5
:10EC2800C4B1EE3DB9A5D53DA298BC3D1B82A33D1C
:10EC380049658A3D6685623DD637303DF7C7FB3C5E
:10EC4800C615973C5374C93B5374C9BBC61597BCCA
:10EC5800F7C7FBBCD63730BD668562BD49658ABD3E
:10EC68001B82A3BDA298BCBDB9A5D5BDC4B1EEBDDC
:10EC78000AD703BEF44F10BEA0C31CBE0E3229BE75
:10EC88003D9B35BEF0F941BE65534EBEFDA45ABE4C
:10EC9800B7EE66BEF52D73BEB7627FBECEC785BE22
:10ECA80002D98BBEF7E491BE60EA97BE89EA9DBEA1
:10ECB80075E5A3BE84D8A9BE05C5AFBE47ACB5BE31
:10ECC8005D8ABBBE3563C1BEDF32C7BEFCFBCCBEAE
:10ECD8003CBDD2BE4F75D8BE8525DEBEDDCDE3BEB8
:10ECE800096DE9BE0803EFBE8A8EF4BE3012FABE83
:10ECF800598BFFBEAA7D02BF6A3005BFECDD07BF96
:10ED08002F860ABF35290DBFFCC60FBFDD5E12BFB7
:10ED1800D8F014BF957D17BFC5031ABFB6841CBFB2
:10ED280019FF1EBF977321BF2EE223BF904926BF4C
:10ED38000DAB28BFFB052BBF5C5A2DBF2FA82FBFDB
:10ED4800CCEE31BFDC2E34BFB66736BF5B9938BF17
:10ED580072C43ABFABE73CBFB0033FBF7E1841BFA8
:10ED6800182643BFD42B45BFB32947BF5C2049BFF2
:10ED7800280F4BBF6FF54CBF80D44EBFB4AB50BF0C
:10ED8800637A52BF8E4054BF82FF55BF4AB557BF02
:10ED9800356359BF9A085BBF7AA55CBFD6395EBF99
:10EDA800ACC55FBF564861BF22C362BF1A3464BF97
:10EDB800349D65BF22FD66BFE35368BF1FA269BFCC
:10EDC80086E66ABF68226CBF1D556DBFA67E6EBF02
:10EDD800029F6FBF31B670BF8BC371BFB9C772BF17
:10EDE800B9C273BFE5B374BFE59B75BFB77A76BF89
:10EDF800B54F77BFDF1A78BFDBDC78BF039579BFE3
:10EE080057437ABFD5E77ABF27837BBFA5147CBF5A
:10EE18004E9C7CBF221A7DBF228E7DBF4DF87DBFE0
:10EE2800A3587EBF25AF7EBFD2FB7EBFAB3E7FBF60
:10EE3800AF777FBF37A67FBF92CB7FBF19E77FBF72
:10EE480023F87FBF000080BF61FD7FBFEDF07FBF6B
:10EE5800A5DA7FBF88BA7FBFEF8F7FBF295C7FBFEE
:10EE68008E1E7FBF77D67EBF34857EBF74297EBF56
:10EE780087C47DBF1D557DBF87DC7CBF75597CBFAE
:10EE880036CD7BBF22377BBF39977ABF7CED79BF00
:10EE9800EB3979BF2C7D78BF9AB677BF32E676BF5B
:10EEA8009E0C76BF352975BF9F3C74BF354673BF2E
:10EEB8009D4672BFD93D71BF412B70BF23106FBFF4
:10EEC80031EB6DBF12BD6CBFC6856BBF4E456ABFC7
:10EED80050FC68BF7EA967BF274E66BFA3E964BF21
:10EEE8009A7C63BF0C0762BF518860BF69005FBF2F
:10EEF800A4705DBFB2D75BBFE3365ABF8F8D58BFD2
:10EF08000EDB56BF572155BF745E53BFB49351BF34
:10EF180016C14FBFF3E54DBF9B034CBFBD184ABF99
:10EF2800032648BF132C46BF9E2944BF9B2042BFDF
:10EF3800130F40BFFDF63DBF0AD73BBFE2AF39BF55
:10EF4800848137BFF14B35BFD00F33BF79CC30BF89
:10EF5800ED812EBF7B312CBFD3D929BF9E7B27BF24
:10EF6800DB1625BF8AAB22BF543A20BF8FC21DBF14
:10EF7800E5441BBF55C118BFDF3716BF82A813BFB2
:10EF8800401311BFC0780EBF5AD80BBFB53209BFA6
:10EF9800D38706BFB2D703BF532201BFBBD0FCBE85
:10EFA8005452F7BE71C9F1BEB038ECBEC39EE6BE7E
:10EFB80059FAE0BE614FDBBEED99D5BEECDDCFBEA0
:10EFC800BD18CABEB24BC4BE1878BEBEA29CB8BE9D
:10EFD8004EB9B2BE6CCFACBEFCDEA6BEFFE7A0BE8B
:10EFE800C4EB9ABEFBE894BEA4DF8EBE0FD188BEE8
:10EFF8003CBD82BEF54A79BE560E6DBEDAC960BE0A
:10F00800807D54BE4A2948BE97CA3BBEA5662FBE1E
:10F0180076FD22BE698C16BE7F130ABEEC2FFBBD9F
:10F028005E2EE2BD4721C9BD6B0EB0BD38F496BD5A
:10F038008FA97BBD316049BD6F0E17BDDF6EC9BC9E
:10F04800297549BC00000000494E4600696E6600FB
:10F058004E414E006E616E0030003031323334352F
:10F06800363738394142434445460030313233342B
:10F078003536373839616263646566002E004300AF
:10F08800504F53495800496E66696E697479004E4D
:10F09800614E005245454E54206D616C6C6F632083
:10F0A800737563636565646564002F566F6C756D71
:10F0B80065732F646174612F6A656E6B696E732F57
:10F0C800776F726B73706163652F676E755F746FAE
:10F0D8006F6C636861696E732F61726D5F627569C9
:10F0E8006C64732F61726D2D31352F7372632F6EBF
:10F0F80065776C69622D63796777696E2F6E6577BE
:10F108006C69622F6C6962632F7374646C69622F17
:10F1180064746F612E630042616C6C6F6320737559
:10F1280063636565646564002F566F6C756D657300
:10F138002F646174612F6A656E6B696E732F776FC8
:10F14800726B73706163652F676E755F746F6F6C38
:10F15800636861696E732F61726D5F6275696C6453
:10F16800732F61726D2D31352F7372632F6E657732
:10F178006C69622D63796777696E2F6E65776C6944
:10F18800622F6C6962632F7374646C69622F6764A1
:10F19800746F612D6765746865782E6300232D3060
:10F1A8002B2000686C4C00656667454647002F5663
:10F1B8006F6C756D65732F646174612F6A656E6B12
:10F1C800696E732F776F726B73706163652F676EEB
:10F1D800755F746F6F6C636861696E732F61726DB0
:10F1E8005F6275696C64732F61726D2D31352F7391
:10F1F80072632F6E65776C69622D63796777696EC4
:10F208002F6E65776C69622F6C6962632F73746403
:10F218006C69622F6D707265632E63002C206675B1
:10F228006E6374696F6E3A200061737365727469F6
:10F238006F6E2022257322206661696C65643A200E
:10F2480066696C6520222573222C206C696E652006
:10F258002564257325730A0034000000CEFBFFFFE8
:10F26800CB03000001000000000000003500000092
:10F27800CEFBFFFFCB0300000100000000000000F0
:10F28800BC89D897B2D29C3C33A7A8D523F6493974
:10F298003DA7F444FD0FA5329D978CCF08BA5B2596
:10F2A800436FAC642806681100202020202020200D
:10F2B800202028282828282020202020202020201E
:10F2C800202020202020202020881010101010102E
:10F2D800101010101010101010040404040404047A
:10F2E8000404041010101010101041414141414114
:10F2F80001010101010101010101010101010101F6
:10F308000101010110101010101042424242424205
:10F3180002020202020202020202020202020202C5
:10F32800020202021010101020000000000000006D
:10F3380000000000000000000000000000000000C5
:10F3480000000000000000000000000000000000B5
:10F3580000000000000000000000000000000000A5
:10F368000000000000000000000000000000000095
:10F378000000000000000000000000000000000085
:10F388000000000000000000000000000000000075
:10F398000000000000000000000000000000000065
:10F3A8000000000000000000000000000500000050
:10F3B800190000007D0000000080E03779C3414358
:10F3C800176E05B5B5B89346F5F93FE9034F384DC3
:10F3D800321D30F94877825A3CBF737FDD4F15756F
:10F3E800000000000000F03F000000000000244082
:10F3F80000000000000059400000000000408F405D
:10F40800000000000088C34000000000006AF840C7
:10F418000000000080842E4100000000D0126341EB
:10F428000000000084D797410000000065CDCD4161
:10F43800000000205FA00242000000E87648374242
:10F44800000000A2941A6D42000040E59C30A242E0
:10F458000000901EC4BCD64200003426F56B0C4355
:10F468000080E03779C3414300A0D88557347643FC
:10F4780000C84E676DC1AB43003D9160E458E1435D
:10F48800408CB5781DAF154450EFE2D6E41A4B44D2
:10F4980092D54D06CFF08044F64AE1C7022DB54417
:10F4A800B49DD9794378EA44763C7935EF39EA3D19
:10F4B800763C7935EF39EABD0000E0FE422EE63FA2
:10F4C8000000E0FE422EE6BF000000000000E03F22
:10F4D800000000000000E0BF000000000000008005
:08F4E800480CFF7F0100000049
:04F4F000510C0008B3
:04F4F400290C0008D7
:10F4F800000E27070000000003000000744B0020E6
:10F5080043000000000000000000000000000000B0
:10F5180000000000000000000000000000000000E3
:10F528004300000000000000000000000000000090
:10F5380000000000000000000000000000000000C3
:10F548004300000000000000000000000000000070
:10F5580000000000000000000000000000000000A3
:10F568004300000000000000000000000000000050
:10F578000000000000000000000000000000000083
:10F588004300000000000000000000000000000030
:10F598000000000000000000000000000000000063
:10F5A8004300000000000000000000000000000010
:10F5B8000000000000000000000000000000000043
:10F5C80043000000000000000000000000000000F0
:10F5D8000000000000000000000000000000000023
:10F5E800ADCF00086DC0000800000000B0F20008B0
:10F5F80084F000085FF200085FF200085FF200087C
:10F608005FF200085FF200085FF200085FF200088E
:10F618005FF200085FF20008FFFFFFFFFFFFFFFF38
:10F62800FFFFFFFFFFFF000001004153434949006E
:10F6380000000000000000000000000000000000C2
:10F648000000000000000000000041534349490049
:10F6580000000000000000000000000000000000A2
:10F6680000000000000000000000000080010020F1
:10F6780000000000744B0020DC4B0020444C0020AC
:10F688000000000000000000000000000000000072
:10F698000000000000000000000000000000000062
:10F6A8000000000000000000000000000000000052
:0CF6B80000000000000000000000000046
:040000050800923924
:00000001FF
