:020000040800F2
:1000000000000120BD860008C96A0008CD6A00080A
:10001000D96A0008E56A0008F16A000800000000DB
:10002000000000000000000000000000FD6A000861
:10003000016B000800000000056B0008096B000858
:100040000D8700080D8700080D8700080D87000840
:100050000D8700080D8700080D8700080D87000830
:100060000D8700080D8700080D8700080D87000820
:100070000D8700080D8700080D8700080D87000810
:100080000D8700080D8700080D8700080D87000800
:100090000D6B00080D8700080D8700080D8700080C
:1000A0000D8700089D6C00080D8700080D8700086B
:1000B0000D8700080D8700080D8700080D870008D0
:1000C0000D8700080D8700080D8700080D870008C0
:1000D0000D8700080D870008756D00080D87000862
:1000E0001D6D00080D8700080D8700080D870008AA
:1000F0000D8700080D8700080D8700080D87000890
:100100000D8700080D8700080D8700080D8700087F
:100110000D8700080D8700080D8700080D8700086F
:100120000D8700080D8700080D8700080D8700085F
:1001300001F0FF01102A2BDB10F0070F08D010F898
:10014000013B013A8B422DD010F0070F42B3F6D19C
:10015000F0B441EA012141EA014122F007047FF0B5
:1001600000070023F0E80256083C85EA010586EA0C
:10017000010685FA47F5A3FA87F586FA47F6A5FA48
:1001800087F68EB9EED1F0BC01F0FF0102F0070254
:1001900032B110F8013B013A83EA010313B1F8D1FF
:1001A0000020704701387047002D06BF35460338E0
:1001B000073815F0010F07D1013015F4807F02BF19
:1001C000013015F4C03F0130F0BC0138704700BF6A
:1001D000034613F8012B002AFBD1181A0138704787
:1001E00081F0004102E000BF83F0004330B54FEAE8
:1001F00041044FEA430594EA050F08BF90EA020F55
:100200001FBF54EA000C55EA020C7FEA645C7FEAE7
:10021000655C00F0E2804FEA5454D4EB5555B8BF0A
:100220006D420CDD2C4480EA020281EA030382EA7B
:10023000000083EA010180EA020281EA0303362D0D
:1002400088BF30BD11F0004F4FEA01314FF4801CE0
:100250004CEA113102D0404261EB410113F0004FF2
:100260004FEA03334CEA133302D0524263EB4303A9
:1002700094EA050F00F0A780A4F10104D5F1200E47
:100280000DDB02FA0EFC22FA05F2801841F10001A2
:1002900003FA0EF2801843FA05F359410EE0A5F176
:1002A00020050EF1200E012A03FA0EFC28BF4CF0A7
:1002B000020C43FA05F3C01851EBE37101F000455D
:1002C00007D54FF0000EDCF1000C7EEB00006EEB6A
:1002D0000101B1F5801F1BD3B1F5001F0CD34908F4
:1002E0005FEA30004FEA3C0C04F101044FEA44524B
:1002F00012F5800F80F09A80BCF1004F08BF5FEAD2
:10030000500C50F1000041EB045141EA050130BDB1
:100310005FEA4C0C404141EB0101013C28BFB1F5C3
:10032000801FE9D291F0000F04BF01460020B1FA0E
:1003300081F308BF2033A3F10B03B3F120020CDAE1
:100340000C3208DD02F1140CC2F10C0201FA0CF0BF
:1003500021FA02F10CE002F11402D8BFC2F1200C24
:1003600001FA02F120FA0CFCDCBF41EA0C019040DA
:10037000E41AA2BF01EB0451294330BD6FEA040423
:100380001F3C1CDA0C340EDC04F11404C4F120020E
:1003900020FA04F001FA02F340EA030021FA04F320
:1003A00045EA030130BDC4F10C04C4F1200220FA77
:1003B00002F001FA04F340EA0300294630BD21FAB5
:1003C00004F0294630BD94F0000F83F4801306BF7B
:1003D00081F480110134013D4EE77FEA645C18BF6F
:1003E0007FEA655C29D094EA050F08BF90EA020F06
:1003F00005D054EA000C04BF1946104630BD91EAFE
:10040000030F1EBF0021002030BD5FEA545C05D100
:100410004000494128BF41F0004130BD14F580043F
:100420003CBF01F5801130BD01F0004545F0FE41B3
:1004300041F470014FF0000030BD7FEA645C1ABFE8
:10044000194610467FEA655C1CBF0B46024650EA1F
:10045000013406BF52EA033591EA030F41F400214B
:1004600030BD00BF90F0000F04BF0021704730B5D1
:100470004FF4806404F132044FF000054FF00001A6
:1004800050E700BF90F0000F04BF0021704730B567
:100490004FF4806404F1320410F0004548BF40423C
:1004A0004FF000013EE700BF42004FEAE2014FEA91
:1004B00031014FEA02701FBF12F07F4393F07F4F6C
:1004C00081F06051704732F07F4208BF704793F06F
:1004D0007F4F04BF41F40021704730B54FF4607482
:1004E00001F0004521F000411CE700BF50EA010285
:1004F00008BF704730B54FF000050AE050EA01022E
:1005000008BF704730B511F0004502D5404261EB9D
:1005100041014FF4806404F132045FEA915C3FF4DE
:10052000D8AE4FF003025FEADC0C18BF03325FEA7B
:10053000DC0C18BF033202EBDC02C2F1200300FA2C
:1005400003FC20FA02F001FA03FE40EA0E0021FA51
:1005500002F11444BDE600BF70B54FF0FF0C4CF43F
:10056000E06C1CEA11541DBF1CEA135594EA0C0FF1
:1005700095EA0C0F00F0DEF82C4481EA030621EA2C
:100580004C5123EA4C5350EA013518BF52EA033567
:1005900041F4801143F4801338D0A0FB02CE4FF019
:1005A0000005E1FB02E506F00042E0FB03E54FF049
:1005B0000006E1FB03569CF0000F18BF4EF0010E41
:1005C000A4F1FF04B6F5007F64F5407404D25FEA3D
:1005D0004E0E6D4146EB060642EAC62141EA5551F0
:1005E0004FEAC52040EA5E504FEACE2EB4F1FD0C32
:1005F00088BFBCF5E06F1ED8BEF1004F08BF5FEAB0
:10060000500E50F1000041EB045170BD06F0004661
:1006100046EA010140EA020081EA0301B4EB5C040E
:10062000C2BFD4EB0C0541EA045170BD41F4801106
:100630004FF0000E013C00F3AB8014F1360FDEBF2B
:10064000002001F0004170BDC4F10004203C35DA07
:100650000C341BDC04F11404C4F1200500FA05F38A
:1006600020FA04F001FA05F240EA020001F000422B
:1006700021F0004110EBD37021FA04F642EB0601A1
:100680005EEA430E08BF20EAD37070BDC4F10C04CB
:10069000C4F1200500FA04F320FA05F001FA04F28F
:1006A00040EA020001F0004110EBD37041F100017B
:1006B0005EEA430E08BF20EAD37070BDC4F1200586
:1006C00000FA05F24EEA020E20FA04F301FA05F2EE
:1006D00043EA020321FA04F001F0004121FA04F296
:1006E00020EA020000EBD3705EEA430E08BF20EA66
:1006F000D37070BD94F0000F0FD101F000464000A0
:1007000041EB010111F4801F08BF013CF7D041EA21
:10071000060195F0000F18BF704703F00046520025
:1007200043EB030313F4801F08BF013DF7D043EAF6
:100730000603704794EA0C0F0CEA135518BF95EAAC
:100740000C0F0CD050EA410618BF52EA4306D1D133
:1007500081EA030101F000414FF0000070BD50EA52
:10076000410606BF1046194652EA430619D094EADC
:100770000C0F02D150EA013613D195EA0C0F05D1C6
:1007800052EA03361CBF104619460AD181EA03011A
:1007900001F0004141F0FE4141F470014FF00000D2
:1007A00070BD41F0FE4141F4780170BD70B54FF06D
:1007B000FF0C4CF4E06C1CEA11541DBF1CEA1355ED
:1007C00094EA0C0F95EA0C0F00F0A7F8A4EB0504CF
:1007D00081EA030E52EA03354FEA013100F08880C6
:1007E0004FEA03334FF0805545EA131343EA12638F
:1007F0004FEA022245EA111545EA10654FEA002644
:100800000EF000419D4208BF964244F1FD0404F5FC
:10081000407402D25B084FEA3202B61A65EB030558
:100820005B084FEA32024FF480104FF4002CB6EB15
:10083000020E75EB030E22BFB61A754640EA0C0095
:100840005B084FEA3202B6EB020E75EB030E22BFD5
:10085000B61A754640EA5C005B084FEA3202B6EB16
:10086000020E75EB030E22BFB61A754640EA9C00D5
:100870005B084FEA3202B6EB020E75EB030E22BFA5
:10088000B61A754640EADC0055EA060E18D04FEA63
:10089000051545EA16754FEA06164FEAC30343EA03
:1008A00052734FEAC2025FEA1C1CC0D111F4801FD0
:1008B0000BD141EA00014FF000004FF0004CB6E7C9
:1008C00011F4801F04BF01430020B4F1FD0C88BF68
:1008D000BCF5E06F3FF6AFAEB5EB030C04BFB6EB73
:1008E000020C5FEA500C50F1000041EB045170BD66
:1008F0000EF0004E4EEA113114EB5C04C2BFD4EB93
:100900000C0541EA045170BD41F480114FF0000E16
:10091000013C90E645EA060E8DE60CEA135594EA92
:100920000C0F08BF95EA0C0F3FF43BAF94EA0C0F95
:100930000AD150EA01347FF434AF95EA0C0F7FF40A
:1009400025AF104619462CE795EA0C0F06D152EA5E
:1009500003353FF4FDAE1046194622E750EA410642
:1009600018BF52EA43067FF4C5AE50EA41047FF453
:100970000DAF52EA43057FF4EBAE12E74FF0FF3CB8
:1009800006E000BF4FF0010C02E000BF4FF0010C89
:100990004DF804CD4FEA410C7FEA6C5C4FEA430C02
:1009A00018BF7FEA6C5C1BD001B050EA410C0CBF51
:1009B00052EA430C91EA030F02BF90EA020F0020B3
:1009C000704710F1000F91EA030F58BF994208BF1A
:1009D00090422CBFD8176FEAE37040F001007047D7
:1009E0004FEA410C7FEA6C5C02D150EA013C07D12E
:1009F0004FEA430C7FEA6C5CD6D152EA033CD3D079
:100A00005DF8040B704700BF8446104662468C4672
:100A10001946634600E000BF01B5FFF7B7FF0028A5
:100A200048BF10F1000F01BD4DF808EDFFF7F4FFCE
:100A30000CBF012000205DF808FB00BF4DF808ED59
:100A4000FFF7EAFF34BF012000205DF808FB00BF7C
:100A50004DF808EDFFF7E0FF94BF012000205DF89E
:100A600008FB00BF4DF808EDFFF7CEFF94BF012053
:100A700000205DF808FB00BF4DF808EDFFF7C4FF4C
:100A800034BF012000205DF808FB00BF4FEA410C95
:100A90007FEA6C5C02D150EA013C0AD14FEA430C78
:100AA0007FEA6C5C02D152EA033C02D14FF00000B5
:100AB00070474FF0010070474FEA410212F50012F3
:100AC00015D211D56FF47873B3EB625212D94FEA95
:100AD000C12343F0004343EA505311F0004F23FA7F
:100AE00002F018BF404270474FF00000704750EAD4
:100AF000013005D111F0004008BF6FF00040704791
:100B00004FF00000704700BF4A0011D212F50012EA
:100B100011D20DD56FF47873B3EB62520ED44FEA55
:100B2000C12343F0004343EA505323FA02F07047D5
:100B30004FF00000704750EA013002D14FF0FF3013
:100B400070474FF0000070474FEA4102B2F1E043B6
:100B500024BFB3F5001CDCF1FE5C0DD901F0004CA4
:100B60004FEAC0024CEA5070B2F1004F40EB8300F4
:100B700008BF20F00100704711F0804F21D113F120
:100B80003872BCBF01F00040704741F480114FEA59
:100B90005252C2F11802C2F1200C10FA0CF320FAE2
:100BA00002F018BF40F001004FEAC1234FEAD323FF
:100BB00003FA0CFC40EA0C0023FA02F34FEA430369
:100BC000CCE77FEA625307D150EA01331EBF4FF0F2
:100BD000FE4040F44000704701F0004040F0FE400D
:100BE00040F40000704700BF0348044B834202D02A
:100BF000034B03B118477047CC010020CC01002003
:100C0000000000000548064B1B1AD90F01EBA30199
:100C1000491002D0034B03B118477047CC010020A4
:100C2000CC0100200000000010B5064C237843B929
:100C3000FFF7DAFF044B13B10448AFF30080012340
:100C4000237010BDCC010020000000006CD0000813
:100C500008B5054B1BB105490548AFF30080BDE859
:100C60000840FFF7CFBF00BF00000000D001002008
:100C70006CD0000808B5012006F0E8FF4FF4C06012
:100C800006F0BAFF40F2026006F0B6FF40F20360E1
:100C900006F0B2FF40F2046006F0AEFF4FF4A06031
:100CA00006F0AAFF40F2015006F0A6FF40F21970CC
:100CB00006F0A2FF40F20E7006F09EFF40F20F70A9
:100CC00006F09AFF40F20B6006F096FF40F20960D2
:100CD00006F092FF40F20A6006F08EFF40F20F60CD
:100CE00006F08AFFBDE8084040F2117006F084BFAC
:100CF00070B505F0A9FEFFF7BDFF00F02FFA02F076
:100D0000D9FA02F043FA00F03DFC02F0F1F902F0EA
:100D100017FA00F0CFFA00F0BBFB03F07BFBC548ED
:100D200009F024F9C44809F021F901230022022125
:100D3000C24809F0B3F8C248062105F06BFCC04870
:100D400005F052FD002800F0AC81BE4DBE4C6B6931
:100D5000D4ED027A013304BF00236B612B690133A8
:100D600008BF0023F4EE677A08BF2B61F1EE10FA9A
:100D700080F19481BFEE007AF4EE477AF1EE10FA3A
:100D800000F08C81D4ED037AF4EE677AF1EE10FA7C
:100D900080F18181BFEE007AF4EE477AF1EE10FA2D
:100DA00000F07981D4ED067AF4EE677AF1EE10FA6C
:100DB00080F16E81BFEE007AF4EE477AF1EE10FA20
:100DC00000F066816B68D4ED077A013304BF01231C
:100DD0006B60AB68013304BF0023AB60EB68013389
:100DE00008BF4FF47A73F4EE677A08BFEB60F1EE58
:100DF00010FA80F11B81BFEE007AF4EE477AF1EE33
:100E000010FA00F01381D4ED087AF4EE677AF1EE6F
:100E100010FA80F10881BFEE007AF4EE477AF1EE25
:100E200010FA00F00081D4ED097AF4EE677AF1EE61
:100E300010FA80F1F580BFEE007AF4EE477AF1EE19
:100E400010FA00F0ED80D4ED127AF4EE677AF1EE4C
:100E500010FA80F1E280BFEE007AF4EE477AF1EE0C
:100E600010FA00F0DA80D4ED0A7AF4EE677AF1EE47
:100E700010FA80F1CF80BFEE007AF4EE477AF1EEFF
:100E800010FA00F0C780D4ED117AF4EE677AF1EE33
:100E900010FA80F1BB80BFEE007AF4EE477AF1EEF3
:100EA00010FA00F0B380D4ED0E7AF4EE677AF1EE2A
:100EB00010FA80F1A780BFEE007AF4EE477AF1EEE7
:100EC00010FA00F09F80D4ED177AF4EE677AF1EE15
:100ED00010FA80F19480BFEE007AF4EE477AF1EEDA
:100EE00010FA00F08C80D4ED187AF4EE677AF1EE07
:100EF00010FA80F18180BFEE007AF4EE477AF1EECD
:100F000010FA79D0D4ED147A5048514EF4EE677A45
:100F1000D4ED137AF1EE10FA64BF4E4B2365F4EE74
:100F2000677AD4ED167AF1EE10FA64BF4A4BE364A7
:100F3000F4EE677AD4ED157AF1EE10FA64BF474B00
:100F4000A365F4EE677AF1EE10FA64BF444B636573
:100F500003F0FAFC00214FF44472424809F027F8EC
:100F60006A69A36AC6F8D82064202A69C6F8D42022
:100F7000B3663D4D05F08AFD6421304605F076F8F4
:100F80003A494FF4007206F1DC0009F05DF895E88B
:100F9000070003F031F9002840F08B80344800F05E
:100FA00011FB344800F028FB00221146282006F0EF
:100FB000D1FD01220021142006F0CCFD00220121E8
:100FC000192006F0C7FD00220221262006F0C2FDEE
:100FD000294B062101221980DA7000244FF47A701F
:100FE00005F054FDAB880134002BF7D095E80700DD
:100FF000234603F017F8F1E7204B236682E7204BE6
:10100000E36570E74FF07E53A3635CE74FF07E53D8
:10101000636448E71B4BA36235E7184BA36422E7E0
:10102000194B63620FE7194B2362FCE60023E3616F
:10103000E9E600BFA0D10008ACD10008CCD100087F
:10104000C0390020D8390020D83D0020BC3600200F
:101050009833002000004841000048C1000082424F
:10106000000082C2442E00208C330020F039002082
:10107000E8010020FC010020A83600200000A0406C
:101080000000FA430000A841000060410000FA425D
:101090000023A36196E6094BE36083E6084BA36057
:1010A00070E60849084800F06FFB084808F05EFF4A
:1010B0004BE6074808F05AFF70E700BF00002042E7
:1010C00000007A44D83D0020D8390020E8D100083B
:1010D00038D2000808B514484FF4006106F0B2FC9D
:1010E0001248002106F0B8FF002211460F4807F011
:1010F0004BF90E480022012107F046F90B48002267
:10110000022107F041F900221146084807F0DEF8F5
:1011100006480022012107F0D9F8BDE8084003483D
:101120000022022107F0D2B800080140002C014043
:10113000024A136803431360FFF7CCBFD83E002078
:10114000014B1868704700BFD83E0020024A136860
:1011500023EA000313607047D83E002010B55048C2
:10116000012106F083FC4F48012106F07FFC4E4828
:101170004FF4A0530122182106F00CFC4A484FF40A
:1011800000630122042106F005FC4FF40043012214
:101190004648102106F0FEFB44484FF4004106F09B
:1011A0004FFC43484FF420430122182106F0F2FB84
:1011B0003F484FF480430122482106F0EBFB4FF4F7
:1011C000805301223A48102106F0E4FB38484FF4DE
:1011D000805106F035FC35484FF40063022210219F
:1011E00006F0D8FB4FF4805303223048042106F068
:1011F000D1FB2E484FF4006106F024FC2B484FF43D
:10120000E0630322182106F0C5FB274803230422CC
:10121000002106F0BFFB264801230422002106F02E
:10122000B9FB21480C230422002106F0B3FB1F4820
:10123000F0230422002106F0ADFB1B4830230422DA
:10124000002106F0A7FB4FF400530222164810219C
:1012500006F0A0FB14484FF4005106F0F3FB1348CE
:1012600004230122182106F095FB082301220F48D0
:10127000042106F08FFB01214FF4EA1006F0F6FB83
:101280000B484FF480730222482106F083FBBDE82F
:10129000104007484FF400730322182106F07ABB70
:1012A0000010200000023000001001400008014042
:1012B000000C014070B5714888B0002106F016F9A5
:1012C0006F4A704B01920024042503934FF400727F
:1012D0004FF400634FF48076029204930DEB050205
:1012E0004FF4805321466548ADF81C60CDE90553A5
:1012F0008DF81E4006F018F92146604806F052F9B4
:1013000021465E4806F060F95F4805F049FD5F48F8
:1013100005F046FD4FF4803005F090FD31465A4807
:10132000012205F09BFD22465748022105F096FD5B
:1013300031465648012205F091FD224653480221CC
:1013400005F08CFD2146504805F0B0FD2A464E4878
:10135000012105F0B5FD01224B48022105F0B0FD49
:1013600021464A4805F0A2FD2A464848012105F0D9
:10137000A7FD46480122022105F0A2FD2346214691
:101380004148062205F0BAFD23463F480F220121BD
:1013900005F0B4FD23463C480722022105F0AEFDCE
:1013A000234639480822032105F0A8FD234621469B
:1013B0003648052205F0A2FD234634480E220121BD
:1013C00005F09CFD23462A463048022105F096FD93
:1013D00023462E480C22032105F090FD2A484FF4A5
:1013E0006022012105F036FE01221146264805F053
:1013F00015FE26484FF46022012105F02BFE012244
:101400001146224805F00AFE234621461E480B22BB
:1014100005F0CCFD234621461C480A2205F0C6FDF6
:1014200019484FF4E042022105F014FE164801224B
:10143000022105F0F3FD15484FF4E042022105F0CA
:1014400009FE01220221114805F0E8FD0E4805F0D1
:10145000EFFC0E4805F0ECFC0B4805F0CFFC0B4808
:1014600005F0CCFC012005F011FB074805F0CEFC8F
:10147000064805F0CBFC08B070BD00BF000002407C
:101480004C240140E03E002000240140002801409F
:1014900070B5384888B0042106F028F83649374A34
:1014A00001914FF48063012400254FF4807603926C
:1014B000049301AA4FF480532E4806930421ADF8FB
:1014C0001C6002968DF81E50059406F02DF82948F0
:1014D000042106F067F80421264806F075F828482C
:1014E00005F05EFC22463146254805F0B7FC2A4649
:1014F0002348022105F0B2FC2946214805F0D6FC1C
:10150000224621461E4805F0DBFC22461C480221EB
:1015100005F0D6FC2B46294619480D2205F0EEFCB5
:10152000214617484FF4602205F094FD22462146DB
:10153000134805F073FD2B46294611480D2205F08E
:1015400035FD0F484FF4E042022105F083FD2246AD
:1015500002210B4805F062FD094805F069FC0848C6
:1015600005F04CFC204605F091FA054805F04EFCCC
:1015700008B070BD000402404C3C0140DC3E00203D
:10158000003C014000B585B001A9002005F0B8FD80
:101590000A4805F0A3FD0A484FF48072CDE9010224
:1015A0004FF4802301A90548039305F0DBFD0348B0
:1015B000022105F097FF05B000BD00BF00640040A8
:1015C0000000090300B5014687B0032005F098FD2F
:1015D00001A9012005F094FD00234FF48031012280
:1015E00001A8CDE90133CDE903318DF8142005F0D0
:1015F0004BFE07B000BD00BF00B583B001460190AF
:10160000022005F07DFD054A0199906808600023DD
:1016100006228A724B600B8103B000BDD8390020CE
:10162000F0B52DED028B1E4D83B00446F0EE608ABE
:10163000B0EE418AD5ED130A95ED141A01911020F0
:1016400004F08AFB95ED161AD5ED150A0746B0EEA3
:10165000680A0C2004F080FBD5ED030A95ED0E7AA4
:10166000D5ED117A60EEC70A064660EEA70AB0EE25
:10167000480AB1EE601A0C2004F06EFB03120199C7
:10168000E17203EB06137ABA3111E3730023A173FD
:10169000A28120746374A37403B0BDEC028BF0BD0F
:1016A000D83D002084B0F0B52DED028B83B00AAC9C
:1016B00084E80F009DF836309DF835709DF839208C
:1016C0009DF83760BDF833002D4C9DF838E09DF84B
:1016D0003A10D4ED140A94ED130A0F9D9FED298A58
:1016E0004FEA032C1B0943EA07170CF470631E43EF
:1016F000130240BA120903F470630B4342EA0E125C
:1017000080B210210092019304F03AFB85ED000AAB
:10171000D4ED160A94ED150A38460C2104F030FB7E
:1017200085ED010AD4ED170A3046B0EE480A0C21C7
:1017300004F026FB85ED020AD4ED180A00980C216E
:10174000B0EE480A04F01CFB85ED030A94ED030A91
:1017500094ED0E7AD4ED117A019820EE470A0C210F
:1017600020EE270AF1EE400A04F00AFB85ED040A98
:1017700003B0BDEC028BBDE8F04004B0704700BF81
:10178000D83D00200000000070B54FF480620C4688
:101790000546002108F00BFC01264FF48072002161
:1017A000204608F004FC6E60002300224FF47A7695
:1017B000C5E904222A60AA60EE60154ADFED156AC9
:1017C0009FED157ADFED157AA3614FF07E51E3614D
:1017D0006363E3632364124BDFF858E0DFF858C01B
:1017E0001048A1636164A2640F49236522660F4B10
:1017F0000F4AC4ED026A84ED037AC4ED087AC4F896
:1018000054E0C4F858C0E164E0656262A36270BD50
:101810000000A04000007A44000020420000FA428C
:10182000000048410000FA43000048C10000A84100
:1018300000006041000082C20000824270B50E4686
:101840001E49A0F1040E00F57F754FF0FF305EF8E1
:10185000044F4FF0000C24FA0CF3DBB2584008227E
:1018600040F300030B40013A83EA5000F8D10CF139
:10187000080CBCF1200FEED17545E8D10F49B646F2
:1018800006F58075DEF800404FF0000C24FA0CF3EA
:10189000DBB25840082240F300030B40013A83EAD0
:1018A0005000F8D10CF1080CBCF1200FEED10EF174
:1018B000040EAE45E6D1C04370BD00BF2083B8ED35
:1018C0000368012B00F22C8243687F2B00F22882F0
:1018D00083687F2B00F22482C368DE4A013B934277
:1018E00000F21E820369DFF8A4C34FF6FF721344AF
:1018F000634500F2158243691A44624500F2108282
:10190000D1ED027A9FEDD47AF0EEE76AF4EE476A01
:10191000F1EE10FA00F20482DFEDDD6AF4EEE67A11
:10192000F1EE10FAC0F2FC81DFEDCC6AF4EEE67A5B
:10193000F1EE10FA00F2F481D1ED037AF0EEE76AED
:10194000F4EE476AF1EE10FA00F2EA819FEDC47AF4
:10195000F4EEC77AF1EE10FAC0F2E2819FEDC17A9F
:10196000F4EEC77AF1EE10FA00F2DA81D1ED064A10
:10197000DFEDB96AB0EEE47AB4EE667AF1EE10FA11
:1019800000F2CE81F5EEC04AF1EE10FAC0F2C88145
:101990009FEDB57AF4EEC74AF1EE10FA00F2C0817D
:1019A00091ED077AB0EEC76AB4EE666AF1EE10FA0E
:1019B00000F2B681B5EEC07AF1EE10FAC0F2B08155
:1019C0009FEDB36AB4EEC67AF1EE10FA00F2A88188
:1019D00091ED087AB0EEC76AB4EE666AF1EE10FADD
:1019E00000F29E81F7EE006AB4EEE67AF1EE10FAAC
:1019F000C0F29681DFED9D6AB4EEE67AF1EE10FA60
:101A000000F28E8191ED095ADFED936AB0EEC57A4E
:101A1000B4EE667AF1EE10FA00F282819FED907AD0
:101A2000B4EEC75AF1EE10FAC0F27A819FED907AC7
:101A3000B4EEC75AF1EE10FA00F2728191ED0A7A13
:101A4000B0EEC76AB4EE666AF1EE10FA00F2688191
:101A5000B7EE006AB4EEC67AF1EE10FAC0F2608119
:101A60009FED846AB4EEC67AF1EE10FA00F2588166
:101A700091ED0D7AB0EEC76AB4EE666AF1EE10FA37
:101A800000F24E81B5EEC07AF1EE10FAC0F2488154
:101A9000DFED7F6AB4EEE67AF1EE10FA00F24081F3
:101AA000D1ED0E6A9FED6C7AB0EEE66AB4EE476A4D
:101AB000F1EE10FA00F234819FED6F6AF4EEC66A1F
:101AC000F1EE10FAC0F22C81B2EE046AF4EEC66AAE
:101AD000F1EE10FA00F22481D1ED0F6AB0EEE66A61
:101AE000B4EE476AF1EE10FA00F21A81F5EEC06A20
:101AF000F1EE10FAC0F214819FED606AF4EEC66A4E
:101B0000F1EE10FA00F20C81D1ED106AB0EEE66A47
:101B1000B4EE476AF1EE10FA00F20281F5EEC06A07
:101B2000F1EE10FAC0F2FC809FED556AF4EEC66A41
:101B3000F1EE10FA00F2F480D1ED116AB0EEE66A2F
:101B4000B4EE476AF1EE10FA00F2EA809FED4D7AAA
:101B5000F4EEC76AF1EE10FAC0F2E2809FED477A28
:101B6000F4EEC76AF1EE10FA00F2DA80D1ED126AF3
:101B70009FED397AB0EEE66AB4EE476AF1EE10FAFC
:101B800000F2CE809FED366AF4EEC66AF1EE10FAEE
:101B9000C0F2C680B3EE046AF4EEC66AF1EE10FA43
:101BA00000F2BE80D1ED135AF0EEE56AF4EE476A1A
:101BB000F1EE10FA00F2B480DFED336AF4EEE65A8B
:101BC000F1EE10FAC0F2AC80F5EEC05AF1EE10FA68
:101BD00000F2A68091ED146AF0EEC66AF4EE476A50
:101BE000F1EE10FA00F29C80B5EEC06AF1EE10FA48
:101BF000C0F296809FED214AB4EEC46AF1EE10FA6D
:101C000000F28E80D1ED156AB0EE473AB0EEE67A7A
:101C1000B4EE437AF1EE10FA00F282809FED1A7A68
:101C2000F4EEC76AF1EE10FA7ADBF5EEC06AF1EE77
:101C300010FA75D891ED167AF0EEC73AF4EE433A01
:101C4000F1EE10FA6CD8B5EEC07AF1EE10FA67DB5F
:101C500020E000BF9F860100FFFF7F7F0000FA4465
:101C6000CDCCCC3D00007042000004420000164381
:101C7000000020420000804217B7D13800007A44AB
:101C80000050C3476F12833A00007AC4FEFF010080
:101C90000000C842B4EEC47AF1EE10FA40D8D1ED9B
:101CA000173AF0EEE32AF4EE432AF1EE10FA37D8B1
:101CB000F5EEC03AF1EE10FA32DBF4EEC43AF1EE92
:101CC00010FA2DD891ED184AF0EE433AB0EEC43A2E
:101CD000B4EE633AF1EE10FA22D8B5EEC04AF1EE56
:101CE00010FA1DDB5FED163AB4EEE34AF1EE10FA9E
:101CF00016D8F4EEE47AF1EE10FA11DBF4EEC57AC0
:101D0000F1EE10FA0CDBF4EEC65AF1EE10FA07D53C
:101D1000F4EEC76AF1EE10FA4CBF012000207047C4
:101D20000020704730B5DFF83CC083B06045069DA9
:101D3000079C02D0002003B030BD0229FAD1B2F5D1
:101D4000A07FF7D1214628460193FFF777FD019B3D
:101D50009842EFD12146284603B0BDE83040FFF756
:101D6000AFBD00BF4154484E401A0028D4BF0020E8
:101D70000120704740B12AB15B1A002BD4BF00206C
:101D8000012070471046704782420CBF4FF0FF3071
:101D90000120704711B10AB1082B01D00020704713
:101DA000009BC01AB3F5006FB0FA80F04FEA5010F4
:101DB00028BF0020704700BF431E00F1060C13F837
:101DC000012FFF2A09D16345F9D1C279131DDBB276
:101DD000022B02D80A70012070470020704700BF14
:101DE00038B5C0F30D0444F4804440F44045204627
:101DF0000BF0F6F8002814BF2846204638BD00BF77
:101E0000084310B5C0F30D0420460BF0E9F844EA8E
:101E1000C03080B210BD00BF10B504460BF0E0F832
:101E200028B914F4804F18BF6FF0010010BD4FF0B7
:101E3000FF3010BDC0F30D00C1F30D01401AB0F525
:101E4000005F03DDA0F5804000B2704710F5005F31
:101E5000B8BF00F5804000B2704700BF0378A52BE3
:101E600029D143785A2B26D18378012B23D110B561
:101E700083790C46CBB9DFF84CE0421E811D00236C
:101E800012F801CF83EA0C0391421EF80330F7D118
:101E9000C2799A4212D1C37823700379637043796F
:101EA000A3708379E370002010BDC378072BE2D0C4
:101EB0004FF0FF3010BD4FF0FF3070476FF0010062
:101EC00010BD00BF88D0000890F800C06CF07F0CF7
:101ED00083F800C090F801C083F801C08078987042
:101EE0004FEA122CD970100C110E1A7183F805C02C
:101EF0009871D971704700BF164B1B7803B97047B2
:101F000030B5154C237883B0DBB2CDE900310546FE
:101F100004F0D4FD009B114A019903EB430C4FEAF6
:101F20008C0E013342F80E0002EB8C0203F01F030B
:101F30000B4815719160237003781F2B04D8037828
:101F40000133037003B030BD064A136801331360D8
:101F500003B030BDFA3E0020F93E0020FC3E0020D8
:101F6000F83E0020F43E00202DE9F041894C016844
:101F7000236840F201720133914288B0236006D198
:101F8000037A23B9437A13B9827A082A05D0A36861
:101F90000133A36008B0BDE8F08102A90B300093C3
:101FA000FFF75CFF18B1E3680133E360F2E704F088
:101FB00085FD7949009B0A68821A132A40F23B8109
:101FC000626808609DF8081001320729626000F01D
:101FD0003681032901F26D80DFE801F0A59B19022B
:101FE0009DF80A100F2900F2A380DFE811F0EE003F
:101FF000EC00EA00050103010101FF00FD00A10062
:10200000F900F500F100E600E200A100DF009DF814
:102010000A207A2A00F28C80DFE812F0680362035B
:102020005C0305037A03770390038A008A00F000BB
:102030000203FF02F902F302EB02E402E002DC0217
:1020400087037E038A008A008A008A000701F9005C
:10205000F6009403F9000701F6008A008A008A005E
:102060008A008A008A008A008A008A008A008A0020
:102070008A008A008A008A008A008A008A008A0010
:102080008A008A008A008A008A008A00C4039A03B0
:102090000701FA03F403ED03E603DF03D803D103DA
:1020A000CA036B0464045D0456044F0448044104ED
:1020B0003A0433042C0425041E04170410040904F4
:1020C0000004F307D807AD07920758073307210725
:1020D0000607DB06C00695067A06620657064B061B
:1020E00030060F06F405C905AE0579055E05330512
:1020F0001805ED04D504BF04A40489047D047A0402
:102100007204C802F000C002A502990260025802DF
:10211000DE009DF80A20042A00F2CE87DFE802F0F4
:102120003633312F38009DF80A20002A00F06281F2
:102130000123216901310022216103A90220CDE997
:10214000003204F0DDFF00230493ADF8143040F2B8
:10215000817303930823DDE9001202A88DF816307D
:102160000DF11703FFF7B0FE0C4803A905F006F9BF
:10217000032800F03B81A3690133A3610AE7084A01
:10218000DBE70F22D9E74FF48032D6E7054AD4E7E0
:10219000054AD2E77C400020F03E00200064004069
:1021A00001D1E0A74154484E01E803009D4A12685E
:1021B000C3E79D4AD2F80823BFE79B4AD2F804231D
:1021C000BBE7A268B9E76268B7E722680B46B4E7E5
:1021D000954AD2F80023B0E7944AD2F8FC22ACE743
:1021E000914AD2F8FC22A8E7E269A6E7A269A4E72F
:1021F0006269A2E72269A0E7E2689EE78B490A8943
:10220000C96842EA014298E740F2154295E7884AD8
:102210009FED887AD2ED037A8749884AB4EEE77A4F
:10222000F1EE10FAB8BF0A4687E7009301F0ECFB25
:10223000009B024681E7636901336361AAE69DF86A
:102240000A20013A0B2A00F23487DFE812F0C800B6
:10225000C000B8009700A4008D00780061004C0019
:10226000370021000C0076489DF80B2001788A4247
:10227000BFF45EAF7349097800782031091A0A4427
:10228000714902F01F020C2000FB0212926854E711
:102290006B489DF80B2001788A42BFF449AF694929
:1022A000097800782031091A0A44674902F01F02B0
:1022B0000C2000FB02121279D2B23EE760489DF872
:1022C0000B2001788A42BFF433AF5E490978007869
:1022D0002031091A0A4402F01F020C205A4900FB5F
:1022E00002F28A5829E75749554800220A7057498F
:1022F00002700A60564A1278007842EA00220868A2
:10230000B0F5803F36BF0968524909040A4314E713
:102310004F4A4FF0000C82F800C01178002976D1A6
:1023200047484A491278007842EA00220868B0F526
:10233000803F36BF0968474909040A43FDE6444A1D
:102340003F48012111701178002955D13F49127879
:10235000007842EA00220868B0F5803F36BF09687D
:102360003C4909040A43E8E63B48028882B11B2144
:10237000009303F0FFFB009B0122DEE69DF80B209B
:10238000013AD2B2132A03D8334A1288002A67D0FE
:1023900002230022D1E6304A11880029F8D10093A7
:1023A000FEF7CEFE0028F3D11F4991F8DD12002977
:1023B000EED029487A2103F0DDFB009BDCE72648BC
:1023C0000093652103F0D6FB009B0322B5E622486B
:1023D00000936D2103F0CEFB009B0222ADE61E4868
:1023E00000931B2103F0C6FB009BC5E7E3690133A3
:1023F000E361CFE5194AA0E61449124D4FF0000CF5
:1024000085F800C080F800C0C1F800C09FE70D4902
:102410000B4881F800C00D4980F800C0C1F800C029
:1024200080E700BF9C40002098330020BC3600208D
:10243000D83D002000002042A0008002A000C00281
:10244000F83E0020F93E0020FC3E0020F43E002033
:10245000FA3E00200000FFFFA83600204154484EFD
:102460000093FEF76DFE002892D1BC4A9288002AA4
:102470008ED1BB4A92F8DD22002A89D0B94A92F85F
:10248000F522002A84D000F180404FF4805100F5FD
:10249000843005F0DFFA00283FF47AAF9DF80B3066
:1024A0009FEDB17AB14AB24807EE903AF8EE677AFA
:1024B000632167EE877AC2ED127A03F05BFB9DF829
:1024C0000B20009B642101FB02F236E6A54AD2F8FC
:1024D000F81292F8F52242EA01222EE6A1499FED78
:1024E000A57AD1ED067AF4EEC77AF1EE10FA80F211
:1024F00009819FEDA17AF4EEC77AF1EE10FA40F26D
:10250000FF809FED9E7A67EE877AFDEEE77A17EE01
:10251000902AD1ED077A9FED977AF4EEC77AF1EE23
:1025200010FA92B280F2E9809FED937AF4EEC77AC6
:10253000F1EE10FA40F2DF809FED907A67EE877A35
:10254000FDEEE77A17EE901A42EA0142F5E5854A78
:102550009FED8B7AD2ED1C7A67EE877AFCEEE77AF4
:1025600017EE902AE9E57F498A68D1F89800121A97
:10257000B2F5004F2BDA83488242B8BF0246C868E2
:10258000D1F89C10411AB1F5004F92B21CDA7D4887
:102590008142B8BF014642EA0142CEE57149B1F835
:1025A0009820D1F89C1042EA0142C6E57649774A64
:1025B000DFF8ECC101F5007E51F8040F42408E4572
:1025C0000CFB02F2F8D1B8E547F6FF71E3E747F6F6
:1025D000FF72D4E7634AD2F8B420AEE56C4AD2F871
:1025E0001824AAE55E4991F8DE2242B1D1F8E6222C
:1025F000A3E5684AD188128942EA01429DE5032396
:102600009BE5644A5188928842EA014295E5614A15
:102610005189128842EA01428FE55E4AD2688CE510
:10262000504A128A89E54FF480515B48009305F0C7
:1026300011FA4FF400610646574805F011FA031EDF
:1026400056485349D0F8442CC2F3C035D1F8182469
:10265000D1F818E4D1F81814C1F3800CD0F8201C7C
:102660004FEA42124FEA012101F4807102F0200288
:1026700042EA01023A4991F8DD1218BF01230039FC
:1026800018BF012142EA430242EAC1023549009BD8
:1026900091F8F512003918BF012142EA0112CEF378
:1026A000400E42EA850242EA8E1242EACC12D0F88B
:1026B00020CCD0F8201CCCF3001042EA4022C1F319
:1026C000002142EA8122002E08BF42F0010242F0BE
:1026D000004232E50093FEF733FD009B02462CE5F5
:1026E000009304F0EBF9009B024626E51D491346D2
:1026F000D1F8F82221E5234926E747F6FF7123E7C1
:10270000204A06E747F6FF7203E7154A926F14E581
:10271000134AD2F8E02210E52049D1F83C2CD1F838
:102720002C1C92B242EA014207E51C49D1F8342C34
:10273000D1F8381C92B242EA0142FEE4084AD2F8CB
:102740008020FAE4009301F009FB009B0246F4E4C8
:10275000009301F053F9009B0246EEE48C33002015
:1027600098330020BC360020CDCCCC3DD83D002095
:10277000A8360020681103426F1203C200007A4499
:10278000002474490080FFFFEC390020C59D1C81A6
:1027900000600040E03E00200008014000200140B1
:1027A00093010001009301F023F9009B0246C4E469
:1027B0000520009301F03AF9009B0246BDE4042095
:1027C000009301F033F9009B0246B6E40320009326
:1027D00001F02CF9009B0246AFE40220009301F0C7
:1027E00025F9009B0246A8E40120009301F01EF9A0
:1027F000009B0246A1E40020009301F017F9009B22
:1028000002469AE4009301F00BF9009B024694E41F
:10281000009301F0FFF8009B02468EE4C949CA7894
:1028200048780978120442EA00220A4385E40E201F
:10283000009301F005F9009B02467EE40D20009311
:1028400001F0FEF8009B024677E40C20009301F0B3
:10285000F7F8009B024670E40B20009301F0F0F8BB
:10286000009B024669E40A20009301F0E9F8009B0E
:10287000024662E40920009301F0E2F8009B024660
:102880005BE40820009301F0DBF8009B024654E46F
:102890000720009301F0D4F8009B02464DE4062087
:1028A000009301F0CDF8009B024646E4052000931A
:1028B00001F0C6F8009B02463FE40420009301F0BB
:1028C000BFF8009B024638E40320009301F0B8F8FB
:1028D000009B024631E40220009301F0B1F8009B16
:1028E00002462AE40120009301F0AAF8009B024668
:1028F00023E40020009301F0A3F8009B02461CE4AF
:10290000914992480093FEF799FF009B024614E418
:102910008E4A526911E48E498C4AD1ED1A7A1268B6
:10292000FCEEE77A17EE901A42EA014205E4864A85
:102930009FED887AD2ED0A7AF4EEC77AF1EE10FABA
:1029400078DA9FED857AF4EEC77AF1EE10FA6DD958
:102950009FED827A67EE877AFDEEE77A17EE902A8E
:10296000FFF7EBBB7E4A9FED7B7AD2ED557AF4EE12
:10297000C77AF1EE10FA22DA9FED777AF4EEC77A91
:10298000F1EE10FA17D99FED757A67EE877AFDEEB2
:10299000E77A17EE902AFFF7D0BB714A9FED717A64
:1029A000D2ED5E7A67EE877AFCEEE77A17EE902A30
:1029B00092B2FFF7C2BB4FF00042FFF7BEBB6FF011
:1029C0000042FFF7BABB664ADFED666AD2ED5C7A79
:1029D00092ED5D7A67EEA67A27EE267AFCEEE77A2C
:1029E000BCEEC77A17EE902A17EE101A92B242EA9E
:1029F0000142FFF7A2BB5A4A9FED567AD2ED5B7AAD
:102A0000F4EEC77AF1EE10FA1CDA9FED537AF4EE89
:102A1000C77AF1EE10FA11D99FED507A67EE877AF6
:102A2000FDEEE77A17EE902AFFF787BB4FF00042E2
:102A3000FFF783BB6FF00042FFF77FBB4FF0004210
:102A4000FFF77BBB6FF00042FFF777BB444A9FED77
:102A5000417AD2ED5A7AF4EEC77AF1EE10FA2FDA13
:102A60009FED3D7AF4EEC77AF1EE10FA24D99FED8E
:102A70003B7A67EE877AFDEEE77A17EE902AFFF74A
:102A80005CBB374A9FED337AD2ED597AF4EEC77AC0
:102A9000F1EE10FA1CDA9FED307AF4EEC77AF1EE1F
:102AA00010FA11D99FED2D7A67EE877AFDEEE77A5D
:102AB00017EE902AFFF741BB4FF00042FFF73DBBF6
:102AC0006FF00042FFF739BB4FF00042FFF735BB14
:102AD0006FF00042FFF731BB214A9FED1E7AD2ED25
:102AE000587AF4EEC77AF1EE10FA41DA9FED1A7ACD
:102AF000F4EEC77AF1EE10FA36D99FED187A67EE48
:102B0000877AFDEEE77A17EE902AFFF716BB144A94
:102B10009FED107AD2ED577AF4EEC77AF1EE10FA03
:102B20006CDA9FED0D7AF4EEC77AF1EE10FA61D906
:102B30009FED0A7A67EE877AFDEEE77A17EE902A24
:102B4000FFF7FBBAA8360020D83D0020D839002076
:102B5000983300206C12034A6C1203CA00007A44B6
:102B60001032002000401C464FF00042FFF7E5BA4B
:102B70006FF00042FFF7E1BAC74A9FEDC87AD2ED85
:102B8000567AF4EEC77AF1EE10FA2FDA9FEDC47A96
:102B9000F4EEC77AF1EE10FA24D99FEDC27A67EE0F
:102BA000877AFDEEE77A17EE902AFFF7C6BABA4A9F
:102BB0009FEDBA7AD2ED547AF4EEC77AF1EE10FABC
:102BC00058DA9FEDB77AF4EEC77AF1EE10FA4DD9E4
:102BD0009FEDB47A67EE877AFDEEE77A17EE902ADA
:102BE000FFF7ABBA4FF00042FFF7A7BA6FF0004211
:102BF000FFF7A3BA4FF00042FFF79FBA6FF0004211
:102C0000FFF79BBAA84A9FEDA57AD2ED067AF4EEBB
:102C1000C77AF1EE10FA25DA9FEDA17AF4EEC77AC1
:102C2000F1EE10FA1AD99FED9F7A67EE877AFDEEE2
:102C3000E77A17EE902AFFF780BA9C4A9C491278EF
:102C4000097842EA01229B490868B0F5803F36BF07
:102C50000968994909040A43FFF76FBA4FF0004227
:102C6000FFF76BBA6FF00042FFF767BA4FF0004210
:102C7000FFF763BA6FF00042FFF75FBA8F4A9FED2C
:102C8000877AD2ED127AF4EEC77AF1EE10FA18DAFA
:102C90009FED837AF4EEC77AF1EE10FA0DD99FED2D
:102CA000817A67EE877AFDEEE77A17EE902AFFF7D2
:102CB00044BA7D4AD269FFF740BA4FF00042FFF7AD
:102CC0003CBA6FF00042FFF738BA77498A8D08782E
:102CD00091F82010120442EA00220A43FFF72DBAAD
:102CE0007149774A107892F801C00A7C120442EACE
:102CF0000C22024391F8210042EA006291F822007E
:102D000091F8241042EA406242EA8162FFF715BA64
:102D10006C4A9FED627AD2ED377AF4EEC77AF1EE23
:102D200010FA2FDA9FED5E7AF4EEC77AF1EE10FA20
:102D300024D99FED5C7A67EE877AFDEEE77A17EE8D
:102D4000902AFFF7FAB95F4A9FED547AD2ED367AAE
:102D5000F4EEC77AF1EE10FA1CDA9FED517AF4EE38
:102D6000C77AF1EE10FA11D99FED4E7A67EE877AA5
:102D7000FDEEE77A17EE902AFFF7DFB94FF0004239
:102D8000FFF7DBB96FF00042FFF7D7B94FF0004211
:102D9000FFF7D3B96FF00042FFF7CFB9494A9FED73
:102DA0003F7AD2ED357AF4EEC77AF1EE10FA2FDAE7
:102DB0009FED3B7AF4EEC77AF1EE10FA24D99FED3D
:102DC000397A67EE877AFDEEE77A17EE902AFFF7F9
:102DD000B4B93C4A9FED317AD2ED347AF4EEC77A39
:102DE000F1EE10FA1CDA9FED2E7AF4EEC77AF1EECE
:102DF00010FA11D99FED2B7A67EE877AFDEEE77A0C
:102E000017EE902AFFF799B94FF00042FFF795B9F6
:102E10006FF00042FFF791B94FF00042FFF78DB914
:102E20006FF00042FFF789B9264A9FED1C7AD2ED78
:102E3000337AF4EEC77AF1EE10FA1EDA9FED187AC3
:102E4000F4EEC77AF1EE10FA13D99FED167A67EE19
:102E5000877AFDEEE77A17EE902AFFF76EB91A49E6
:102E6000D1F83C2CD1F82C1C92B242EA0142FFF777
:102E700064B94FF00042FFF760B96FF00042FFF70E
:102E80005CB91149D1F8342CD1F8381C92B242EA1D
:102E90000142FFF752B900BF103200206C12034A02
:102EA0006C1203CA00007A4410020020FA3E00208F
:102EB000F83E0020F43E00200000FFFFD83D002037
:102EC000A8360020BC360020002001407C499FED40
:102ED0007D7AD1ED057AF4EEC77AF1EE10FA80F240
:102EE000E5809FED797AF4EEC77AF1EE10FA40F2C0
:102EF000DB809FED767A67EE877AFDEEE77A17EE54
:102F0000902AD1ED067A9FED6F7AF4EEC77AF1EE52
:102F100010FA92B280F2C5809FED6B7AF4EEC77A18
:102F2000F1EE10FA40F2BB809FED687A67EE877A87
:102F3000FDEEE77A17EE901A42EA0142FFF7FDB87C
:102F40005F4A9FED637AD2ED117AF4EEC77AF1EE23
:102F500010FA2FDA9FED5F7AF4EEC77AF1EE10FAED
:102F600024D99FED5A7A67EE877AFDEEE77A17EE5D
:102F7000902AFFF7E2B8524A9FED557AD2ED2A7AAD
:102F8000F4EEC77AF1EE10FA1CDA9FED527AF4EE05
:102F9000C77AF1EE10FA11D99FED4C7A67EE877A75
:102FA000FDEEE77A17EE902AFFF7C7B84FF0004220
:102FB000FFF7C3B86FF00042FFF7BFB84FF0004211
:102FC000FFF7BBB86FF00042FFF7B7B8424A9FED7A
:102FD000407AD2ED037AF4EEC77AF1EE10FA5ADABB
:102FE0009FED3C7AF4EEC77AF1EE10FA4FD99FEDDF
:102FF000377A67EE877AFDEEE77A17EE902AFFF7C9
:103000009CB8009300F0AAFE344A9288151E2C4A00
:1030100092F8F52218BF0125161E314A92F8DD22DA
:10302000804618BF01264FF40061171E2D4818BFB7
:10303000012704F015FD011E2B48D0F8442CC2F3E3
:10304000C03CD0F8202CD0F8203CD0F820EC4FEA3F
:10305000821202F040020EF4807E42EA0E0242EA40
:10306000450242EA860242EAC702C3F3001042EA7E
:103070004C1242EAC01218BF0121B8F1000F18BF6C
:1030800042F00102009B42EA0112FFF756B84FF0EE
:103090000042FFF752B86FF00042FFF74EB81349F5
:1030A0004AE747F6FF7147E7104A2AE747F6FF72FB
:1030B00027E70423FFF73DB80B46FFF73AB800BFF8
:1030C000BC360020681103426F1203C200007A442C
:1030D0006C12034A6C1203CAD83D00208C330020C6
:1030E0009833002000080140002001400080FFFFCD
:1030F00000B5114889B004F055FE9FED0D7B4FF4EB
:1031000000724FF4827100234FF40060CDE9001388
:10311000CDE9020218236946074806938DED047B2A
:1031200004F06EFE044804F085FE09B000BD00BF47
:103130000000000001000000003800400000000016
:1031400000B5114889B004F02DFE9FED0D7B4FF4C2
:1031500000724FF4827100234FF40060CDE9001338
:10316000CDE9020210236946074806938DED047BE2
:1031700004F046FE044804F05DFE09B000BD00BF47
:103180000000000001000000003C004070B548480D
:103190008CB004F061FE08A8002404F0D3FE0125E1
:1031A0004FF400134FF4FA6208A9414808930A92B9
:1031B00009948DF82C5004F0CDFE3D4805F024F91B
:1031C00021463B4805F00AF92946394805F00EF931
:1031D000374804F017FF01A804F048FF022601AAAF
:1031E000214633480394CDE9014604F045FF2146CA
:1031F0002F48602205F042F821462D48042205F0B0
:103200009BF821462A48082205F06EF822462146FE
:10321000274805F05BF801AA2946254804F02CFF51
:1032200029462348602205F029F82946204804222F
:1032300005F082F829461E48082205F055F8224676
:1032400029461B4805F042F801AA3146184804F007
:1032500013FF31461648602205F010F83146144835
:10326000042205F069F831461148082205F03CF8BF
:10327000224631460E4805F029F804A804F0D0FE95
:103280004FF0005304A90A480694CDE90443ADF871
:103290001C4004F0CBFE2146054804F0DDFE294623
:1032A000034804F0B5FE024804F0A6FE0CB070BD61
:1032B000002C014008B50D4805F0ACF80B484FF460
:1032C000E13105F0F3F80948042105F02FF9082150
:1032D000064805F025F9054805F01CF9BDE8084049
:1032E000024840F2053105F037B900BF0044004004
:1032F00038B50546E9B20C4805F01EF941F2010463
:1033000001E0013C07D00848072105F01DF900281D
:10331000F7D0284638BD054A13684FF0FF35013312
:103320001360284638BD00BF004400409C40002088
:10333000F0B52DED028B9B4D1446002285B02A601E
:103340000E46217C0746002900F08480E168DFED0D
:10335000966A5B1A07EE903AF8EEE77AB7EE007AD3
:1033600067EEA67AF4EEC77AF1EE10FAC4ED057AAC
:103370007AD4F0EE006AF4EEE67AF1EE10FA00F19B
:103380008F8004F54053A168D0ED037A94ED068A4E
:10339000C3F85411D6F8A410C3F85C11F16BC3F84C
:1033A0006011316CC3F86411316DC3F86811716D2F
:1033B000C3F86C1137EEC88AB16DC3F87011F16DA6
:1033C000C3F87411B0EEC88A316EC3ED547A83ED40
:1033D000568AC3F878113046F0EE678A01F03CFB5C
:1033E000DFED727AB4EE678AF1EE10FA0DD8DFEDF8
:1033F000707AB4EEE78AF1EE10FA06D4DFED6D7A5A
:10340000B4EEE78AF1EE10FA62DD304601F024FBFB
:10341000DFED697A68EE277A40F20112FDEEE77A75
:1034200000230120A4F82120237017EE901A84F8BD
:1034300024000A20FEF760FD18EE100AFDF734F8AC
:1034400002465E480B4605B0BDEC028BBDE8F0407D
:1034500006F024BD5A48029306F088FD0122029B23
:1034600022740022E360626104F5005202F54960B3
:1034700002F6984200235349A360036013608A6CEC
:10348000C6F8A42004F53051C6F8A83034313046CF
:1034900001F05EFBFB68A36105B0BDEC028BF0BDE3
:1034A00077EEC77A9FED487A04F5325367EE877A54
:1034B00004F53051103334313046C4ED027AC3ED97
:1034C000007A05B0BDEC028BBDE8F04001F040BBD6
:1034D0009FED3D0A80EE080A09F01CFD431E142BE7
:1034E00007464FF000023DD82070D4ED067AF4EE86
:1034F000E87AF1EE10FA2ED5344884F8202006F050
:1035000035FD2178324806F0C9FCA069FCF7CCFFF4
:1035100002460B4618EE900ACDE90223FCF7C4FFE1
:10352000DDE90223CDE900012A4806F0B7FC94F852
:1035300020302B602378234907EE903AF8EE677A23
:1035400000220123C1ED0A7A227484F8213005B0EB
:10355000BDEC028BF0BD012384F820301E4806F03C
:1035600005FDCEE7304601F077FA40F20113002264
:103570000121A4F82130227084F824100A20394651
:10358000FEF7BAFC18EE100AFCF78EFF024613484D
:103590000B46394605B0BDEC028BBDE8F04006F0A5
:1035A0007DBC00BFD8390020D1CB0B38FFFF7F7F17
:1035B000CDCC4C3EE4CB164100007A44A4D20008A6
:1035C00080D20008D83D0020DB0FC94020D300087E
:1035D00050D3000864D3000838D30008E0D20008B4
:1035E0002DE9F041C24E96ED0A7A2DED028BF3EEF5
:1035F000057AB4EEE77AF1EE10FA84B000F31281A6
:103600001D46137C14460F468046002B00F0D880E0
:10361000D3689FEDB87AEB1A07EE903AF8EEE77AA6
:10362000B7EE006A67EE877AF4EEC67AF1EE10FA2A
:10363000C2ED057A00F1D2809FEDAF8A96ED0A7A4D
:1036400067EE085AC5EE886A76EE866AF4EEE67A88
:10365000F1EE10FA78D4DFEDA96A27EE267AC7EEEC
:10366000086A36EE867AF4EEC77AF1EE10FA00F1C7
:10367000E280084601F0F0F9D6ED0A7ABDEEE77A6D
:1036800017EE103A002B40F3928104EB432303F131
:10369000300204F13001002351F8040F9142034439
:1036A000FAD107EE103AB8EEC77A9FED956A656BCE
:1036B0009FED938ADFED938A27EE866AD5F58035F4
:1036C000C7EE066A48BF05F2FF156D120027FDEE32
:1036D000E66AC4ED076A07EE107AF8EEC75A67EE9D
:1036E000886A65EEA75A6FF03F0265EE885A00219E
:1036F00065EEA85AB7EE005A13E036EEC56AB4EE8E
:10370000C76AF1EE10FA03D537EE667AFDEEC77A96
:1037100017EE903A04EB830301325B6B402A1944A5
:1037200033D007EE902AF8EEE77A77EEA57AFDEE31
:10373000E77A17EE903A002BB8EEE77ADDDA37EE4B
:10374000267AFDEEC77AE3E7D2ED027A9FED6E7A34
:1037500077EE877A02F53253084602F53051C2ED12
:10376000027A3431C3ED047A01F0F2F994ED057A6E
:10377000D4ED0C7AB4EEE77AF1EE10FA00F3D080D3
:1037800004B0BDEC028BBDE8F0810029B8BF7F31E9
:103790007F2D4FEAE1122946C8BFA5F18001E069FB
:1037A00001F68C2304EB8303121A5A605748013741
:1037B00006F074FB802F2BD0D6ED0A7A01358AE70C
:1037C0005348039306F0D2FB039BA3850023636158
:1037D000012323744FF07E53E560236304F53253D5
:1037E0000022A2601A61B06CC7F8A40004F5305141
:1037F000C7F8A8203431384601F0AAF9D8F80C20CF
:103800006369A261236304B0BDEC028BBDE8F08163
:1038100000220123227484F8223004B0BDEC028B14
:10382000BDE8F0813B48152104B0BDEC028BBDE83A
:10383000F04106F033BBD2ED027A9FED337A77EE9A
:10384000C77A0846C2ED027AB36CC1F8A4300023EF
:10385000C1F8A83002F5325302F53051C3ED047AB5
:10386000343101F075F994ED057AD4ED0C7AB4EEAB
:10387000E77AF1EE10FA83DDA78D002F80D096ED68
:103880000A7AD4ED027ADFED256AD8F87430A068A0
:1038900027EE087A67EEA66AC6EE877AFDEEE77A2B
:1038A00017EE902A9B1ADD1305F480351D4404EBB6
:1038B0008703CDED037A596B0D4405EBD5756D107B
:1038C0005D63FCF7F1FD2B46CDE90001039A124838
:1038D000394606F0E3FAD4ED0C7A9FED0A7AA38D0F
:1038E00077EE877A013BA385C4ED0C7A48E700BFE9
:1038F000D83D0020D1CB0B38DB0FC940DB0F49414D
:10390000000000430000003C5F975B39E8D30008EB
:10391000B0D3000880D30008D8D300080000804747
:1039200094ED026A96ED0A7A5FED046AD8F8743075
:10393000A78D66EE266A27EE087A16EE100AC6EE06
:10394000877AFDEEE77A17EE902A9B1ADD1305F4CD
:1039500080351D4404EB8703CDED037A5D63FCF7EE
:10396000A3FD2B46CDE90001039A1248394606F023
:1039700095FA9FED116A94ED0C7ADFED106AA38D34
:1039800037EE067AFFEE007A84ED0C7A96ED0A6A3D
:1039900007EE103AE6EE267AB8EEC77AB4EE677A0A
:1039A000F1EE10FA3FF4ECAE0133A385E8E69FEDAB
:1039B000047A7AE6D8D300080000003C00000043F7
:1039C00000000000024B1878003818BF0120704733
:1039D00004410020044B1B7823B1044A136843F0D0
:1039E00001031360704700BF044100200041002024
:1039F000014B1868704700BF00410020014B186858
:103A0000704700BFFC400020014B1868704700BFA2
:103A1000F8400020014B1868704700BFF4400020B8
:103A2000014B1868704700BFF040002005289DBF7B
:103A3000024B33F8100080B200207047E4400020B1
:103A40000E289ABF024B53F820000020704700BF99
:103A5000A8400020024B1878003818BF012070479A
:103A6000A4400020014B01229A637047A840002027
:103A700070B504464FF6FF7384B0374821806380E9
:103A80004FF48051164603F0DDFF00230393039BA0
:103A90003F2B06D800BF039B01330393039B3F2BAF
:103AA000F8D940F6010501E0013D40D02B48022144
:103AB00004F0CCF90028F7D02188284804F0C0F998
:103AC00040F6010501E0013D40D02448012104F009
:103AD000BDF90028F7D0214804F0B4F940F60105FB
:103AE000608001E0013D34D01C48802104F0AEF933
:103AF0000128F7D000230293029B3F2B4FF00005D3
:103B00001CD915484FF4805103F09AFF002301930C
:103B1000019B3F2B06D800BF019B01330193019B02
:103B20003F2BF8D963883380284604B070BD4FF02E
:103B3000FF3500230293029B3F2BE2D800BF029B7C
:103B400001330293029B3F2BF8D9DAE76FF00105AE
:103B5000EFE76FF00205ECE7000C01400038004091
:103B600070B582B000230DF102024FF40041ADF8B0
:103B70000230ADF80430ADF806300446FFF778FFA8
:103B80004FF40841064601AA2046FFF771FF4FF4A3
:103B9000084105460DF106022046FFF769FF46EA97
:103BA0000503034304D0064A136843F0040313607B
:103BB000BDF80600BDF8043043EA004002B070BD15
:103BC000004100202DE9F04F002787B003ACCDE97C
:103BD000037701943A4EDFF80CA13A4C05978046E2
:103BE0004FF001090DF10E0B14F8015B364BADF8E7
:103BF0000A7043EAC5250DF10A02A9B24046FFF753
:103C000037FF002849D0326842F004024FF0000923
:103C10003260A2450BF1020BE6D1019C2B48002338
:103C200034F8022B20F813200133062BF8D1284951
:103C3000DDF80E30C8F806300B602649DDF812407A
:103C4000BDF80E20BDF810000C60234CBDF8161016
:103C500021600243BDF81230BDF8144025D1C3F3F2
:103C60000A03A02B21D11D4B9FED1D7AD3ED037AC2
:103C7000B4EEE77AF1EE10FAACBF4FF430734FF4C4
:103C800020739C4211D140F21543994208BF09F1BB
:103C9000FF300AD107B0BDE8F08F5A46A9B24046BE
:103CA000FFF7E6FE0028AED1B3E7054A13684FF0F0
:103CB000FF3043F00803136007B0BDE8F08F00BF8A
:103CC0000041002000DC00080080FFFFE4400020ED
:103CD000F8400020F4400020F0400020D83D0020B3
:103CE0000000204205DC000830B585B004AB03E9D4
:103CF00007001148002104F0AFF910484FF40061AB
:103D000003F09EFE00230E4A1C4642F82340013376
:103D10000F2BFAD10B4A0C4B012515701C6002F0D9
:103D2000CDFE0A4B0A4918600A4A0B4B0D701470FD
:103D30001C7005B030BD00BF002C014000080140E0
:103D4000A8400020A4400020A040002008410020FE
:103D50000E4100200D4100200C410020024B18783C
:103D6000003818BF012070470D41002000B585B014
:103D700004AB03E90700002211460F4804F004FBDE
:103D80000D480022012104F0FFFA00220A48022116
:103D900004F0FAFA0848002104F05EF907484FF4ED
:103DA000006103F04FFE06480649074A00230370EE
:103DB0000B70137005B000BD002C014000080140DD
:103DC0000E4100200D410020A440002070B5844B1E
:103DD00088B001AC84E807001A7812B1814D2A78C6
:103DE00052BB814D2A780AB908B070BD7F4A166867
:103DF00002F064FE0A220146304602F0C7FD0028A8
:103E0000F2D07B484FF4805103F024FE0246E8B91B
:103E1000784E3378002B40F0AB8094E8070005AB78
:103E200003C341F2A1011A8005A80DF11202FFF7A8
:103E30001FFE01233370D7E702F040FE6E4B1B6874
:103E4000C01A0028D0DB00232B70CDE700222A7097
:103E500094E8070005AE03C641F2A101328005A82F
:103E60000DF11202FFF704FE644A9FED657AD2ED70
:103E7000037A94E80700B4EEE77AF1EE10FA05ADA4
:103E800003C5A8BF4FF44B513280B8BF4FF44A511D
:103E90000DF1120205A8FFF7EBFD94E8070005AD50
:103EA00003C542F61541328005A80DF11202FFF755
:103EB000DFFD2046FFF786FE524A5349051E0CBF20
:103EC000012000201060096851605049504809687D
:103ED000916050490968D160B0F802C04E491FFA9C
:103EE0008CFCC2F810C0B0F804C01FFA8CFCC2F8F9
:103EF00014C0C08880B29061D1F80408D061D1F8B4
:103F00000C081062D1F808085062D1F8040C9062D5
:103F1000D1F80C0CD062D1F8081C11633F49D1F8DC
:103F2000081851634DD132484FF4805103F092FD8F
:103F3000002846D02A4B01241C7002F0BFFD2E4AF7
:103F4000284B053010602946224635481C7004F085
:103F50001BFA22462146324804F016FA304822461F
:103F6000022104F011FA2E48214604F075F83BE7CF
:103F7000244B009220461A60FFF7F2FD214B2649A0
:103F80005860D1F80408D861D1F80C081862D1F84B
:103F900008085862D1F8040C9862D1F80C0CD86269
:103FA000D1F8080C1863A1F55041009AD1F808180F
:103FB00059630C4B20201A70FDF7BAF8009A2A704A
:103FC00012E7084B002220201A70FDF7B1F80123F8
:103FD000ADF8083094E80700FFF7C8FE04E700BF1B
:103FE0000D410020A44000200E4100200841002087
:103FF000000801400C410020A0400020D83D0020D6
:1040000000002042A8400020F8400020F44000209A
:10401000E4400020F040002000000140003000405B
:10402000002C0140F0B589B001AC84E8070094E8A9
:10403000070005AE03C64FF40041328005A80DF11C
:1040400012021F46FFF714FD94E8070005AB03C3F7
:1040500032804FF408410DF1120205A8BDF812504C
:10406000FFF706FDBDF8124054EA05031FD12B07E8
:1040700043D46F0746D4AE0749D4ED074CD460054E
:104080004FD4A10552D4E20555D4230658D467066F
:104090005BD4A6065ED4E50661D4200764D461072C
:1040A00067D4A2076AD4E3076DD409B0F0BD3B48DA
:1040B000394605F0F3FE6A056BD4AB0502D53848E6
:1040C00005F0ECFEEF0502D5364805F0E7FE2E06BA
:1040D00002D5354805F0E2FE680602D5334805F002
:1040E000DDFEA90602D5324805F0D8FEEA06BED5A7
:1040F000304805F0D3FE2B07BBD52F4805F0CEFE88
:104100006F07B8D52D4805F0C9FEAE07B5D52C48C8
:1041100005F0C4FEED07B2D52A4805F0BFFE6005E4
:10412000AFD5294805F0BAFEA105ACD5274805F062
:10413000B5FEE205A9D5264805F0B0FE2306A6D5B2
:10414000244805F0ABFE6706A3D5234805F0A6FE7C
:10415000A606A0D5214805F0A1FEE5069DD520487C
:1041600005F09CFE20079AD51E4805F097FE6107D2
:1041700097D51D4805F092FEA20794D51B4805F07F
:104180008DFEE30791D51A4809B0BDE8F04005F06F
:1041900085BE184805F082FE8FE700BFF4D3000803
:1041A00014D4000820D4000828D4000830D4000813
:1041B00038D4000844D4000850D400085CD4000867
:1041C00068D4000874D4000880D4000888D400089B
:1041D00090D4000898D40008A0D40008A8D40008FF
:1041E000B4D40008C0D40008CCD40008D8D4000847
:1041F000E4D4000808D400082DE9F04389B001ACEC
:1042000084E80700784F794A794D7A4900233B606A
:104210002B601360784A1360784A13601A4621F8BD
:1042200013200133062BFAD1FCF754FF744BDFED5A
:10423000757A93ED037AB4EEE77AF1EE10FA25D8A9
:10424000DFF8CC91704801234FF4006189F8003009
:1042500003F0F6FB0A2002F019FC2046FFF780FC71
:1042600028602B68002B40F0AB8005AB94E807007A
:104270001D4603C30DF112081A8041F2A101424606
:104280002846FFF7F5FB4FF44B5323E0DFF880910E
:104290005D4801234FF4006189F8003003F0D0FB42
:1042A0000A2002F0F3FB2046FFF75AFC28602B6837
:1042B000002B7FD105AB94E807001D4603C30DF129
:1042C00012081A8041F2A10142462846FFF7D0FBAE
:1042D0004FF44A5394E807002E4603C6194632802D
:1042E00028464246FFF7C4FB484800F007FB94E825
:1042F00007002B4603C3328042F61541424628464A
:10430000FFF7B6FB94E807002B4603C341F2A10177
:10431000328028464246FFF7ABFB012002F0B6FB95
:104320003A4800F0EBFA38484FF4805103F092FB22
:1043300018B93B6843F010033B602046FFF742FC8E
:1043400028B931484FF4805103F084FBD8B994E880
:1043500007002B4603C341F2A1011A8028464246BA
:10436000FFF786FB012002F091FB27484FF48051B4
:1043700003F070FB50B32046FFF724FC30BB3B68D2
:1043800023F008033B6020484FF4805103F062FBA8
:104390000346E0B194E807000024FFF7E7FC89F842
:1043A0000040FCF797FE194800F0A8FA204609B033
:1043B000BDE8F0833A6842F0020205AB3A607AE762
:1043C0003A6842F0020205AB3A604FE70023202032
:1043D00089F80030FCF7ACFE94E80700FFF7C6FC54
:1043E0004FF0FF30E3E700BF00410020F84000201D
:1043F000FC400020E4400020F4400020F040002079
:10440000D83D00200000204200080140BC360020BA
:104410000441002008B50C21002003F069FB4FF493
:1044200080500222002103F0E1F8BDE808404FF47B
:10443000805003F033B900BF044A072928BF072181
:104440000023C0E901210370704700BF00C00308CA
:1044500010B5044603F028F940F2073003F08CFA57
:10446000606803F055F90123237010BD84B00DF18D
:10447000100C0CE907000298049900EB830004B0CB
:1044800003F0E6B984B00DF1100C0CE907000298B6
:10449000049900EB830004B003F0DAB984B00DF1A5
:1044A000100C0CE90700029810EE101A00EB8300C4
:1044B00004B003F0CDB900BF00B583B0019003F0A4
:1044C00013F901980023037003B000BD84B00DF10F
:1044D000100C0CE9070051F8230004B0704700BF2E
:1044E00084B00DF1100C0CE9070051F8230004B062
:1044F000704700BF84B00DF1100C0CE9070001EB10
:10450000830292ED000A04B0704700BF08B590ED39
:10451000167AD0ED186A1C4BF7EE007A2DED048B5D
:1045200037EEC77A9FED199AD0ED178A19681848A7
:1045300027EE097A77EEE88A37EEE68AFCEEC77A4C
:1045400017EE902AC9B903F0C1FE1148012168EEA7
:10455000898AFCEEE87A17EE902A03F0B7FE68EE3F
:10456000097ABDEC048BFCEEE77ABDE80840084808
:1045700017EE902A022103F0A9BE012103F0A6FE46
:1045800003480021E3E700BFD83900200000FA44C7
:10459000002C014038B5484B1C680546002C7ED1E4
:1045A0002146464802F07AFD0346AB604448214666
:1045B00002F074FD03464148EB60022102F060FD09
:1045C0004048022102F05CFD40F6010401E0013C9C
:1045D00050D03A48042102F075FD0028F7D040F68B
:1045E000010401E0013C45D03648042102F06AFD97
:1045F0000028F7D03148042102F06AFD3148042137
:1046000002F066FD00212F4802F048FDAA68D5F8A7
:104610009810EB68D5ED1C6ADFED2B5A2861521A11
:1046200007EE102AD5F89C2007EE900A9B1AB8EEE8
:10463000E76A07EE903AB8EEC77AF8EEE77A27EE27
:10464000267A67EEA67AD5F8F83285ED067AF1EE8D
:10465000476A26EE256A76EEE76A0122013385F87D
:10466000F52285ED086AC5ED077AC5ED056AC5F83E
:10467000F83238BD1148042102F02AFD1148042106
:1046800002F026FDD5F8FC320022013385F8F52230
:10469000C5F8FC328020BDE83840FCF749BD002158
:1046A000074802F0FBFC0346AB600448002102F01F
:1046B000F5FC03467FE700BFD83900200024014005
:1046C00000280140003C01401833533C00B52DED5B
:1046D000028B87B0CDE90210CDED050A8DED041AED
:1046E0000192F0EE408A01F085FBB0EE408AB0EE18
:1046F000680A01F059FBF6EE007A67EEC06ADFED5A
:10470000175A9FED176A9DED041ADDED050A03980F
:104710000299019A67EEC87AB0EE667AA8EE257A19
:10472000E8EE656AF0EE675AE0EE065AE0EE467A89
:1047300021EE477A21EE400A21EE661AA8EE200A01
:10474000A5EEA07AA7EEA01A80ED000A81ED007A0E
:1047500082ED001A07B0BDEC028B00BDD7B35DBF80
:10476000D7B35D3F00B52DED028B87B0CDE90110C9
:10477000CDED050A8DED041ACDED031AF0EE408A59
:1047800001F038FBB0EE408AB0EE680A01F00CFB95
:10479000B6EE007A67EE486A27EE407ADFED185AE7
:1047A0009FED186A9DED041ADDED050ADDED031A93
:1047B00002980199F0EE667AB0EE475AA8EE065AD2
:1047C000E0EE257AA8EE467A67EE817A21EE451A68
:1047D000E0EE656AE8EE207AA0EE601AE6EEA17AD5
:1047E000A7EE611A9FED086A67EE867A21EE061A37
:1047F000C0ED007A81ED001A07B0BDEC028B00BD60
:10480000D7B35D3FD7B35DBFABAA2A3F00B52DED4F
:104810000A8BB0EE609A85B0F0EE418AF0EE40AAC5
:10482000B0EE611AF0EE680AB0EE490AB0EE618AA5
:104830000192CDE9021001F059FAB0EE481AF0EEFB
:10484000680AB0EE40AAB0EE490A01F037FA3AEE33
:1048500000AAF6EE009AAAEE699ADFED24BA9FED5F
:1048600024CA9FED24BA29EE299AF0EE4C0A29EECB
:104870002B9A89EE2A0A9FED209A30EE0B0A01F05E
:104880000DFAF0EE490A01F011FAEAEE698A03988E
:1048900080ED000A68EEA98AF0EE4C0A68EEAB8A59
:1048A00088EEAA0A30EE0B0A01F0F8F9F0EE490A98
:1048B00001F0FCF9AAEE698A029981ED000A28EE5E
:1048C000298AF0EE4C0A28EE2B8A88EE2A0A30EE6E
:1048D0000B0A01F0E3F9F0EE490A01F0E7F9019A59
:1048E00082ED000A05B0BDEC0A8B00BD3333933F67
:1048F00000000000D7A3F03ED7A3703FF8B54FF0FB
:104900007C538365C36503660446FFF7FFFD0026FD
:104910004FF47A7537462046FFF73CFED4E9022370
:10492000013D17441E44F6D1064B83FB0721FA17BD
:10493000C2EBA11283FB0631F317C3EBA113C4E949
:104940002623F8BDD34D62102DE9F843344A354B88
:10495000DFED356ADFED355A2DED028BC267C0F809
:10496000802093ED027A324AC0F8842066EEC76A4E
:10497000F7EE007AB0EE676AA6EEA56A2D4ADFED83
:104980002E6A1268C0F8C82027EE267AC7EE866A1B
:1049900080ED1D7A77EEE67A80ED1E7AC0ED227A00
:1049A0009FED267AD3ED037AF4EEC77AF1EE10FA92
:1049B00033D8234BDFF89C90DFED228A9FED228ACB
:1049C000224F03674FF0804800F1F40500240026D1
:1049D00007EE904AF8EEE77A013467EEA87AC7EE60
:1049E000887A17EE900AFBF75FFD41EC100B07F099
:1049F00007FF424651EC100B4B46FBF7ADFD32462C
:104A00003B46FBF7F3FBFCF79FF8802C45F8040BC3
:104A1000DED1BDEC028BBDE8F8830D4BCAE700BFC9
:104A2000EC51383DD83D0020D1CB0B38DB0FC940CD
:104A3000BD74933BD839002017B7D138000020420D
:104A4000FFFFA43C000000BC6F12033D0000F03FDC
:104A5000FFFF243D3333F33F10B54FF47A72044621
:104A60000021164803F032FC14484FF47A720121F9
:104A700003F02CFC4FF47A721048022103F026FC5C
:104A800000230022C4F8A430C4F8A830C4F8AC3025
:104A9000C4F8B030E36323646361A361E3616364DA
:104AA000C4F89030C4F88C3063652365C4F8E830EE
:104AB000C4F8EC20C4F8002310BD00BF002C014056
:104AC00090ED397AD0ED387A90ED3A0ADFED1E0A92
:104AD00077EEC77A90ED217A10B5A7EE270A82B05B
:104AE000044680ED3A0A01F0E1F8184BD3ED060ACE
:104AF000F1EE600A01F0D2F894ED3C7A84ED3A0AC6
:104B000060EE407A84ED290AE7EE077AF5EE407A06
:104B1000F1EE10FA11D4F1EEE70A94ED2A0ACDED88
:104B2000010A01F0C3F8DDED010AF1EE600A01F0BF
:104B3000B5F884ED2A0A02B010BDB0EE670A07F09E
:104B4000AFFEF0EE400AE8E700000000D83D00208C
:104B500030B52DED028B91ED170A4B6EB04D91EDF6
:104B6000186AD1ED036AD0ED071A90ED061AD0ED60
:104B7000050A83B080ED0B0A436395ED117AC6EE0A
:104B8000077A044600F140013C30C4ED0C7A95ED03
:104B9000117AC6EE877AC4ED0A7AFFF7E3FD9FED3E
:104BA000A15A94ED087ADFEDA05AD4ED097A94ED7C
:104BB000106AD4ED0F6A94ED114AD4ED124A27EE33
:104BC000057A26EE056AA7EEA57ADFED987A84EDE0
:104BD000097A66EE856A67EE277A9FED955A9FED12
:104BE000957AA4EE256AE4EEA56A67EE857ADFED94
:104BF000925A94ED2B5A84ED116A67EEA57AD4EDA2
:104C0000295AC4ED387A75EEC57AC4ED126A95ED6D
:104C1000030AF4EEC77AF1EE10FA84ED3C0A00F3D1
:104C2000F080DFED866AF4EEE67AF1EE10FA00F13C
:104C3000E28094ED2C6AD4ED2A7ADFED7E6AC4ED31
:104C40002B5A37EEC67AB4EEE67AF1EE10FA00F39C
:104C5000D5809FED7A5AB4EEC57AF1EE10FA00F1E4
:104C6000C78004F1A801C4ED295A04F1A400C4EDE1
:104C70002C7AC1ED007A01F051F8D4ED0F6AD4ED31
:104C8000298A94ED1D7A94ED230ADFED6D7A94ED77
:104C90002A8AD4ED380A78EEE68AA7EE280A94ED3F
:104CA000107A30EE270A38EE478A84ED140A00F0B5
:104CB000FDFFD4ED380AF1EE600A00F0EFFFD4ED0D
:104CC0001F6A94ED1D7AD4ED237AD4ED380A84ED71
:104CD000140A27EE267AE7EE287AB0EE670AC4EDCA
:104CE000237A00F0E3FFD4ED380AF1EE600A00F019
:104CF000D5FFD4ED147AD4ED380A84ED230A67EE9B
:104D0000E77AE0EEA07AF5EE407AF1EE10FA7BD485
:104D1000F1EEE78A94ED240AD4ED1E7AD4ED206AF0
:104D2000B0EE407AA7EE887A67EEA67ADFED446AA5
:104D3000A7EE880A77EE267A84ED240AC4ED157A68
:104D400000F0B4FFD4ED380AF1EE600A00F0A6FFDF
:104D5000F0EE406A94ED150A94ED147AC4ED246ADD
:104D600060EE007AF0EE680AE7EE077AB1EEE77AD5
:104D700084ED397A00F09AFFF1EE680A00F08EFFB8
:104D8000F0EE407A04F1540194ED380AC4ED157A3E
:104D900004F1500000F0C2FFDFED2A7A94ED0D7AA5
:104DA00094ED0B0A94ED151AD4ED140AA7EE270A18
:104DB00004F16C0204F1680104F16400FFF786FC61
:104DC00004F15800D4ED1B1A94ED1A1AD4ED190A07
:104DD00094ED380A04F1600204F15C01FFF716FD5E
:104DE000204603B0BDEC028BBDE83040FFF78EBB20
:104DF00076EE667A35E775EE475A1AE776EE267A4A
:104E00002FE775EE075A14E7B0EE670ACDED010AF9
:104E100007F046FDDDED010AF0EE408A7AE700BFBB
:104E2000D83D0020CDCCCC3D6666663F3333933F02
:104E3000D7A3703F0AD7233C3ACD133F0AD723BCF0
:104E400000000000BAB1513810B590ED330AD0ED32
:104E50000A7A044630EE670A82B0F6EE000A00F0E5
:104E600025FFFEEE000A00F019FFD4F8003342F2ED
:104E70002732934246D807EE903A9FED247AF8EE17
:104E8000E77AC7EE875A224B94ED357AD4ED377A1C
:104E900094ED0C6AD4ED3C6AE7EE007A94ED347A36
:104EA00037EE467A94ED366AE6EE077AF1EE040ABA
:104EB00076EEE06A93ED117AB0EE670AD3ED0E7AE2
:104EC000E6EEA50A67EE877ACDED010A80EE270AA5
:104ED00000F0ECFEDDED010AF1EE600A00F0DEFE0E
:104EE000D4F8003384ED2A0A42F2273293424FF07D
:104EF000000198BF0133C4F8A41098BFC4F8003370
:104F000002B010BDF7EE005ABDE700BF00A00C468E
:104F1000D83D002000230022C0F8DC30C0F8D43097
:104F2000C0F8D830C0F8CC30C0F8D030C0F8A830C5
:104F3000C0F80023704700BF08B50B4801F078FBAC
:104F400070B1094801F0A8FB38B1074801F008FD2D
:104F5000054801F049FC013808BD034801F000FD97
:104F60004FF0FF3008BD00BFC039002010B54FF42E
:104F7000805182B00A4802F06DFD0446FCF7E0F86B
:104F8000084A094B094992F8F52293F8DD328988DD
:104F90000092221E18BF012201F0E6FC02B010BDF3
:104FA00000080140BC360020983300208C330020DC
:104FB00010B503780446052B2AD8DFE803F0270351
:104FC0002A2927271B4B1A8918685968FEF7CEFE35
:104FD000194B93F82220CAB91849194A09689162F5
:104FE00003F50053174893F848CFD3F84C3F1649C0
:104FF000C0F800C04FF400724361183005F024F887
:10500000114912484FF4007205F01EF80123E370B5
:1050100010BD084B0122C270186859681A89FEF742
:10502000A5FE0B48FFF718FDBDE810400848FFF744
:1050300071BF00BF8C3300201002002054310020CB
:10504000D83D0020D8390020603100207434002081
:10505000BC36002008B50D4804F088FF0C4804F069
:1050600085FF0C4804F082FF0B4804F07FFF0B48DB
:1050700004F07CFF0A4804F079FF0A4804F076FF48
:10508000BDE80840084804F071BF00BFA8D100087F
:10509000F0D40008FCD4000810D500082CD5000876
:1050A0003CD5000854D5000870D5000830B56C48D0
:1050B0006C4C6D4D85B004F0F1FE6C486C4B6D4A44
:1050C0006D49CDE900046D4C6D4804F0E7FE6D4874
:1050D00004F04CFF606CFBF7E7F96B4A6B4B0095F3
:1050E000CDE902016A496B4804F0D8FEA06BFBF7DA
:1050F000DBF9694A654B0095CDE9020167496848CB
:1051000004F0CCFE674804F031FFA068FBF7CCF94F
:10511000654B664A0093CDE90201654B65496648D7
:1051200004F0BCFEE068FBF7BFF9644B644A0093EF
:10513000CDE90201634B64495F4804F0AFFE206D86
:10514000FBF7B2F92B46CDE90201604A00956049B0
:10515000594804F0A3FEA06DFBF7A6F92B46CDE954
:1051600002015C4A00955C4953485C4D04F096FE90
:10517000E06DFBF799F95A4B5A4A0093CDE90201C9
:10518000504B59494C4804F089FE206EFBF78CF9CE
:10519000564B574A0093CDE902014A4B55494648C0
:1051A00004F07CFEA069FBF77FF9534B534A009350
:1051B000CDE90201434B52493F4804F06FFE206A9B
:1051C000FBF772F94F4B504A0093CDE902012F4B88
:1051D0004E49394804F062FE606AFBF765F94C4BB2
:1051E0004C4A0093CDE90201364B4B49324804F05A
:1051F00055FEA06C494CFBF757F9CDE9020148492F
:10520000304B484A00912C48474904F047FE474834
:1052100004F0ACFE6368464A46494748CDE900536E
:105220001A4B04F03BFEA3680193444A174B4449D0
:105230000095414804F032FEE068424B424A43493F
:10524000CDE90030114B424804F028FE414804F0FB
:1052500025FE414805B0BDE8304004F01FBE00BF48
:1052600088D50008DCD5000830D60008ECD5000849
:10527000A4D50008A8D50008B4D50008D83D002062
:10528000BCD50008F0D5000800D60008FCD5000801
:105290000CD6000810D6000834D600084CD60008FA
:1052A00050D6000870D60008C0D6000884D6000882
:1052B00080D600089CD60008A0D60008E4D60008D6
:1052C000CCD60008C8D60008E0D60008ECD6000806
:1052D00008D700080CD700082CD7000848D80008C9
:1052E00050D7000830D700084CD700087CD70008FA
:1052F00058D7000878D700089CD7000880D7000846
:1053000098D70008C4D70008A4D70008C0D7000861
:10531000E4D70008C8D70008E0D70008D839002033
:1053200008D80008ECD7000804D8000810D80008F6
:105330001CD8000824D8000828D800084CD8000839
:1053400058D800089CD800085CD800087CD8000811
:1053500080D80008A4D80008F0D8000800B5037869
:1053600083B0042B18D8DFE803F0251908170300D1
:1053700003B05DF804EBFFF799BE0190FFF7F6FD6F
:105380000346002856D13348C0F8B830FFF764FB15
:10539000FEF7E4FC002855D003B000BD0190FFF7F4
:1053A000E5FD034658B1019A002101235170D370E5
:1053B00003B000BD03B05DF804EBFFF74BBE254A18
:1053C0002548DFF8A0C02549D2F8B420DCF828E051
:1053D000A0F8213080F824300374826200F5005078
:1053E0000A6880F8482F4A69C0F84C2F00F6447CC0
:1053F00018314FF4007200F57560CCF800E00193AD
:1054000004F022FEDFF860C0019BCCF8D8304FF4E6
:10541000007219460CF1DC0004F0C9FD1049019A34
:10542000088960F30F020868496803B05DF804EB6F
:10543000FEF75ABC01210620FCF75EFD0548FFF788
:1054400069FDB0E7064B1989024661F30F0218683F
:105450005968EAE7BC36002010020020D839002045
:105460008C330020D83D002098330020F0B5837B9A
:1054700083B00446002B68D1437822789A4240F0EA
:105480008480022B00F08B80052B00F0BA80012B6A
:1054900059D1B04A0193106851681289FEF796FC01
:1054A000FEF75CFC0546002800F0CE80AA4B93F87E
:1054B0002130002B00F02F81A74B93F82230002BD6
:1054C00000F03A81A44D95F82430002B40F0F48090
:1054D000A14BA24EDB6996ED1A7AA14F9FEDA10A6E
:1054E0007B615A4207EE902AF8EEE77AF7EE000A5F
:1054F00067EE877A1D4627EE800A07F055F9DFED43
:105500009A7A60EE277A17EE900AFAF7CDFF0B46EB
:1055100002462946954804F0C1FC95494FF40072B3
:1055200006F1DC0004F090FD91494FF4007207F1A0
:10553000180004F089FDFFF7FFFC002840F0068109
:1055400000236370E37003B0F0BD824B18685968A4
:105550001A89FEF73BFC87484FF4805102F07AFA33
:105560000546FEF7FBFB002854D1238A40F6B732EC
:10557000591C93422182E6D9227800230121A3738A
:1055800023826370E170002ADDD02046FFF710FD12
:10559000E378002B7BD12378022B7FF475AF6D4B22
:1055A000186859681A89FEF711FCFEF7D7FB002826
:1055B000C9D06B4BDA68002A05DD6F49D1F8B81005
:1055C0008A42C0F2B280FFF7D1FC002865D16A4858
:1055D000FFF73AFC6848FFF773FA60496648FFF73F
:1055E000B7FA6378022BAED15D4BDB68002BAADDE6
:1055F0006149D1F8B8209342A5DB0132C1F8B82047
:10560000A1E75D4B5548D3F8B41003B0BDE8F040B6
:1056100000F04CBF514A92F8DD22002AA5D0564A2C
:1056200092F8F522002AA0D04A4B002D9DD00022EE
:105630004FF4F0709A80FBF789FD00220121637816
:10564000A2732282E17018E74B4A434BD2F8B42090
:10565000986A41F27071121A8A427FF674AF022181
:105660000620FCF749FC3B4B198918682A4661F370
:105670000F025968FEF77AFB3749019B81F8243005
:1056800040F20112A1F821206570E3705BE76378B6
:1056900023702046FFF762FE7DE700210620FCF71D
:1056A0002BFC2C4B1A8918685968FEF75FFB002207
:1056B00001236270E37046E73049294BD1ED007A4F
:1056C0002F4905F50052C1ED0A7A92F8481FCDED39
:1056D000017A1960D2F84C6F5E6103F1180002F58F
:1056E00075614FF4007204F0AFFC1C48DDED017AE7
:1056F0002449C0ED1A7AC0F8D8604FF40072DC304B
:1057000004F0A2FC204804F031FC002385F824308A
:105710006370E37017E718491048D1F8B4300E4AA7
:1057200003B0BDE8F040FDF703BE0520FCF7E4FB45
:105730001148FFF7EFFBB4E70F490848D1F8B43040
:10574000054A03B0BDE8F040FDF74ABF0F4804F03A
:105750000DFCF5E68C330020100200209833002069
:10576000D839002000008037DB0FC94054D9000829
:10577000442C002000080140BC3600205431002099
:10578000D83D0020F03900201CD9000868D9000855
:1057900038B5417BA1F161030446172B19D8DFE826
:1057A00013F028004700660085001800A000BF0025
:1057B000DA00F900180004011F013E01180018006A
:1057C000490118001800180068011800730118003A
:1057D0009201CC4804F062FB251DFFF7ADFB0028C9
:1057E00040F08C81FFF762FC0023A38163606B6053
:1057F00038BD051D284602F08AFF51EC100BFBF75F
:10580000A3F9F3EE040A00EE100A07F03FFBDFED08
:10581000BE0A07F013FBBD4B10EE100A83ED120A0F
:10582000FAF742FE02460B46B94804F037FBD4E7CC
:10583000051D284602F06BFF51EC100BFBF784F9B5
:10584000DFEDB40A00EE100A07F020FBDFEDB20A2C
:1058500007F0F4FAAD4B10EE100A83ED020AFAF7E6
:1058600023FE02460B46AD4804F018FBB5E7051DC4
:10587000284602F04CFF51EC100BFBF765F9DFED09
:10588000A80A00EE100A07F001FBDFED9F0A07F0FF
:10589000D5FA9E4B10EE100A83ED090AFAF704FEC2
:1058A00002460B469F4804F0F9FA96E7051D284684
:1058B00002F02DFF51EC100BFBF746F9DFED920AD9
:1058C00000EE100A07F0BAFA904B10EE100A83EDC2
:1058D000180AFAF7E9FD02460B46934804F0DEFA8F
:1058E0007BE7051D284602F012FF51EC100BFBF779
:1058F0002BF9DFED8E0A00EE100A07F0C7FADFED94
:10590000820A07F09BFA814B10EE100A83ED060A1B
:10591000FAF7CAFD02460B46854804F0BFFA5CE779
:10592000051D284602F0F3FE51EC100BFBF70CF9B5
:10593000DFED800A00EE100A07F080FA734B10EEDC
:10594000100A83ED110AFAF7AFFD02460B467A48BA
:1059500004F0A4FA41E7051D284602F0D8FE51ECF8
:10596000100BFBF7F1F8DFED750A00EE100A07F0F7
:105970008DFADFED650A07F061FA644B10EE100A4C
:1059800083ED080AFAF790FD02460B466C4804F0D6
:1059900085FA22E7051D284602F0BCFE694B014648
:1059A0005960694804F07AFA17E7051D284602F0A5
:1059B000AEFE51EC100BFBF7C7F8DFED640A00EE0A
:1059C000100A07F03BFA514B10EE100A83ED0E0A55
:1059D000FAF76AFD02460B465D4804F05FFAFCE602
:1059E000051D284602F093FE51EC100BFBF7ACF8B6
:1059F000DFED580A00EE100A07F048FADFED420A20
:105A000007F01CFA414B10EE100A83ED030AFAF777
:105A10004BFD02460B46504804F040FADDE6051DFA
:105A2000284602F077FE474B014699604B4804F048
:105A300035FAD2E6051D284602F069FE51EC100B3E
:105A4000FBF782F8DFED300A00EE100A07F0F6F9F6
:105A50002E4BF1EE407A83ED140AC3ED137A10EE6B
:105A6000100AFAF721FD02460B463D4804F016FAEB
:105A7000B3E6051D284602F04DFE324B0146D960C3
:105A8000384804F00BFAA8E6051D284602F03FFE50
:105A900051EC100BFBF758F8DFED1B0A00EE100A73
:105AA00007F0CCF9194BF1EE407A83ED160AC3EDFD
:105AB000157A10EE100AFAF7F7FC02460B462A4850
:105AC00004F0ECF989E6051D284602F020FE51ECB1
:105AD000100BFBF739F8DFED0C0A00EE100A07F0A7
:105AE000ADF90A4B10EE100A83ED170AFAF7DCFC49
:105AF00002460B461D4804F0D1F96EE61C4804F03E
:105B000035FA6FE6D8DA000800000000D83D002022
:105B100054DA00080000FA440000C842A0D9000886
:105B2000000020423CDA00089CDA00080000044231
:105B3000F4D900086F12833A68DA000800001643AF
:105B400024DA0008D8390020B4D9000817B7D138B2
:105B500078DA000800007042E0D90008C8D90008CF
:105B6000B0DA00080CDA0008C4DA000888DA0008A5
:105B700068D900081B2908B5034645D06D2902786D
:105B800046D052B1042A07D10D294ED0027B002AFB
:105B900048D1417301321A7308BD63391729FBD804
:105BA00001A252F821F000BF335C0008995B0008A5
:105BB0003D5C0008995B0008995B0008995B000850
:105BC000995B0008995B0008995B0008995B0008E5
:105BD000995B0008995B0008995B0008995B0008D5
:105BE000995B0008995B0008475C0008995B000816
:105BF000995B0008995B0008995B0008995B0008B5
:105C0000995B0008515C000800224270C27008BD18
:105C100002218A424170BFD000220121C2708173EB
:105C2000028208BD1044C170B4E7BDE80840FFF728
:105C3000AFBD012100224170C27008BD05210022C4
:105C40004170C27008BD042100224170C27008BDBD
:105C50000D489FED0E0A0023C0F8D43000F0B4FACE
:105C600009480B4B826F1A61FFF766F9084B28B998
:105C700019690848BDE8084004F010B9064804F066
:105C800075F9034BF4E700BF98330020D1CB0B38F4
:105C9000D839002030DB000800DB0008B4EEE00A51
:105CA000F1EE10FAD8BFB0EE600A7047F4EEC00A09
:105CB000F1EE10FAD8BFB0EE600A7047B4EEE00A19
:105CC000F1EE10FA07DDB4EEC10AF1EE10FAD8BF1A
:105CD000B0EE410A7047F4EEC10AF1EE10FAD4BFFB
:105CE000B0EE410AB0EE600A704700BFB4EEE00AC1
:105CF000F1EE10FA07D5B4EEC01AF1EE10FAD8BFE3
:105D0000B0EE410A7047B4EEE01AF1EE10FAD4BFDB
:105D1000B0EE410AB0EE600A704700BFD1ED007AE4
:105D200090ED007A67EEA77AE7EE077AF1EEE76A80
:105D3000F4EEC06AF1EE10FA0DDD27EE007AC7EE40
:105D4000267AC0ED007AD1ED007A20EE270AC0EE67
:105D5000267AC1ED007A704701238340013B07EEAC
:105D6000903A30EE600AF8EEE77A31EE601A67EEAC
:105D7000807A87EE817AFDEEC77A17EE900A704737
:105D800007EE900A012370EEC00AF8EEE77A8B4026
:105D9000013B27EEA07A07EE903AF8EEE77AC7EEDD
:105DA000276A36EE800A704700B5DFED0F0A83B030
:105DB000CDED010A06F0F8FCB5EEC00AF1EE10FADE
:105DC00003D5DDED010A30EE200ADFED087A084B3D
:105DD00020EE270ABDEEC00A10EE102A03EB820364
:105DE00093ED000A03B000BDDB0FC94083F9A24266
:105DF00008DC000800B5DFED117ADFED110A83B091
:105E000037EEC00ACDED010A06F0CEFCB5EEC00AB1
:105E1000F1EE10FA03D5DDED010A30EE200ADFEDD8
:105E2000097A094B20EE270ABDEEC00A10EE102AAF
:105E300003EB820393ED000A03B000BDDB0FC93F03
:105E4000DB0FC94083F9A24208DC000870B50546A3
:105E500084B035480E464FF4004101F0F3FD0023B5
:105E60000393039B3F2B06D800BF039B013303938F
:105E7000039B3F2BF8D940F6010401E0013C3ED0E2
:105E80002A48022101F0E2FF0028F7D027482946DE
:105E900001F0D6FF40F6010401E0013C3ED023486A
:105EA000012101F0D3FF0028F7D0204801F0CAFFFC
:105EB00040F60104308001E0013C32D01B488021D3
:105EC00001F0C4FF0128F7D000230293029B3F2B6F
:105ED0004FF000041AD914484FF4004101F0B0FD0E
:105EE00000230193019B3F2B06D800BF019B013388
:105EF0000193019B3F2BF8D9204604B070BD4FF0B1
:105F0000FF3400230293029B3F2BE4D800BF029B87
:105F100001330293029B3F2BF8D9DCE76FF00104B9
:105F2000EFE76FF00204ECE700080140003C00409E
:105F3000F0B5064683B008461746FBF751FF044606
:105F400043F6FF70FBF74CFF01A905462046FFF71B
:105F50007DFF48BB0DF106012846FFF777FF18BB10
:105F6000BDF806402046FBF757FF431CA6F8E04269
:105F70000BD0023012D0C4F30D043C8001A9284696
:105F8000FFF764FF80B903B0F0BDD6F800330133EA
:105F9000C6F800336FF0010003B0F0BDD6F804334B
:105FA0000133C6F80433F5E7D6F8FC3201334FF479
:105FB0008070C6F8FC32FBF7BBF84FF0FF30E2E729
:105FC00070B5002182B006460120FBF719FF044698
:105FD00043F6FF70FBF704FF0DF10601054620466E
:105FE000FFF734FF38B90DF106012846FFF72EFF01
:105FF00008B902B070BDD6F8FC3201334FF480709E
:10600000C6F8FC32FBF794F84FF0FF30F1E700BF21
:1060100010B582B00DF1020243F6FC710446FFF7A1
:1060200087FFF0B901AA43F6FD712046FFF780FF14
:10603000B8B90DF1060201212046FFF779FF80B9BA
:10604000BDF80630BDF80210BDF80420A4F8EA320D
:10605000A4F8E612A4F8E822012384F8DE3202B0A4
:1060600010BD00234FF0FF30F7E700BF2DE9F04FE0
:10607000044687B043F6FF700E46FBF7B1FE4FF0C3
:10608000000807462046FFF79BFF4645A4F8DD823F
:10609000A4F8EC8240F383800123CDF808800393B9
:1060A0009A46C1460DF116013846FFF7CFFE90BB68
:1060B000012E44D04FF0010B00250DF1160138469A
:1060C000FFF7C4FE48BBBDF8168001904046FBF7C1
:1060D000A3FE431C019AA4F8E082C8F30D0C05F15D
:1060E00001053AD0023054D00BF1010B5E45A4F803
:1060F000E2C284F8DDA2A4F8EC22DED11F2D1ED965
:106100002046FFF785FFB0FA80F0400984F8DE02F0
:1061100007B0BDE8F08F4FF0000BD4F8FC12B4F8D4
:10612000EC2284F8DD920BF1010B013101320123E5
:106130005E45C4F8FC12A4F8EC220293BCD1039D86
:10614000032D1AD0142000F0A1FC6B1C0393002334
:10615000A4F8DD32A4F8EC32A4E7D4F8002301322D
:10616000C4F800230BF1010B5E454FF0000584F8E5
:10617000DD92A2D1039D032DE4D1029A002384F87D
:10618000DD329A4214BF4FF480704020FAF7D0FFFE
:10619000B6E7D4F804230132C4F80423E2E701256A
:1061A000032D4FF014000CD0013500F06FFC4FF0C0
:1061B0000003032DA4F8DD32A4F8EC824FF01400A4
:1061C000F2D100230293D8E770B52DED028B04467F
:1061D00086B043F6FF70B0EE408AFBF701FED4F8BC
:1061E000F03201330DF11601C4F8F032FFF72EFE44
:1061F000002840F0CD80BDF81630019305461846C2
:10620000FBF70AFE019BA4F8E032421C00F0228159
:10621000023000F0E280C3F30D032A46D4F8F412F2
:1062200063F30F0263F31F42002940F0F980D4EDBD
:10623000016AC4F8E22201229B00013184F8DD22C8
:1062400000226367C4F8F412A4F8EC22C4ED026AD9
:106250004C220E4604F1100004F10C010393CDED25
:10626000026A019103F08AFE039BDFF83CC29FEDB6
:10627000896A0199DDED026A5A12501C00F07F0014
:1062800004EB820204EB8000D2F8DC20D0F8DC00C2
:10629000C3F3080E801A0EFB00F002EB60221A44D2
:1062A000A267DCF81030D31A07EE903AFAEEC87AFB
:1062B000BDEEE77AB8EEC77A77EEC77A67EE867AF0
:1062C000F5EEC07AF1EE10FA01D577EE867A012E5E
:1062D000C4ED017A73D0D4F8805094F8DC32DCF845
:1062E000141094ED1A6ADFED6C5A9FED6A5A521A37
:1062F00007EE102AB8EEC77A27EE067A27EE257A3F
:10630000FDEEC75AF8EEE55A37EE657A27EE057AC4
:10631000B5EEC07AF1EE10FA01D537EE057A77EED8
:10632000E66ADFED5E5A84ED177AF4EEE56AF1EE87
:1063300010FA69DC9FED5A7AF4EEC76AF1EE10FAB2
:106340004CBF01220022002B62D02A4407EE102A03
:10635000DFED506AC4F88020B8EEC77A27EE267ABF
:1063600077EE877AD4ED166AC4ED037AB3EE037A3A
:1063700077EEE66A28EE077AC6EE877A26EE276A77
:10638000C4ED187A84ED196A06B0BDEC028B70BDBD
:10639000D4E9BE21B4F8EC3201310132C4E9BE21A6
:1063A0000020013384F8DD02A4F8EC324FF4807051
:1063B00006B0BDEC028BBDE87040FAF7B9BEC4ED83
:1063C000027A04F15C03E1EC017A9942FBD10123EA
:1063D000F0EE676A84F8DC3281E7D4F804330133E5
:1063E000C4F80433B4F8EC32D4F8F82201339BB289
:1063F00001320021022BC4F8F822A4F8EC3284F810
:10640000DD12C1D94020D3E74FF0FF32002B9CD1E1
:1064100001229FED247AC4F8803084F8DC229FE7C3
:106420001846B4F8E41202920193FBF703FD00F55D
:106430000070B0F5806FDDE9013211D8B4F8E412D4
:10644000994202BFD4F80C130131C4F80C13D4F8EC
:10645000F412ECE6D4F800330133C4F80033C1E79A
:10646000D4F80813B4F8EC32C4F8E2220131013355
:10647000C4F80813D4F8F812C4F8F4529BB20131EE
:10648000022BA4F8EC32C4F8F812A4F8DC527FF620
:106490007BAFB7E7DB0FC94000008037DB0F494017
:1064A000DB0F49C000000000D839002070B5224D34
:1064B0002B6803F51C5310338B4200D970BD044682
:1064C0000E46416F1D4803F0E9FCA16F1C4803F024
:1064D000E5FC6068F9F7E8FF02460B46194803F04F
:1064E000DDFCE068F9F7E0FF02460B46164803F0D2
:1064F000D5FCE06DF9F7D8FF02460B46134803F0D0
:10650000CDFCD4F88010124803F0C8FC94F8DD12DA
:10651000104803F0C3FCD4F8FC120F4803F0BEFC93
:10652000D4F800130D4803F0B9FC0D48D4F8041357
:1065300003F0B4FC2E6070BD1041002058DB000851
:1065400064DB00087CDB000894DB0008A8DB0008A3
:10655000BCDB0008CCDB0008D8DB0008E4DB00086B
:10656000F4DB000830B585B001AB83E807000E4DC1
:10657000002401AB93E807002346FDF7A7FF013491
:10658000B4F5807F45F8040FF3D1084D01AB93E8D3
:1065900007002346FDF7AEFF0134B4F5A07FA5EC5C
:1065A000010AF3D105B030BDD4390020D83D002018
:1065B00070B586B003AB83E8070003AA07CA4FF49F
:1065C000A073FDF78DFF03AA064640F2411307CAE8
:1065D000FDF786FF03AA05464FF4A17307CAFDF72E
:1065E0007FFF0DF10C0C044640F243139CE80700BA
:1065F000FDF776FF054A0192054A009203462246BE
:1066000029463046FBF78EFB06B070BDD83D002012
:10661000D839002000B583B00190FDF70DFF019837
:1066200041680022FF23C0E90312838203B000BD4A
:1066300030B517498BB004461648FBF741F90546BB
:10664000E8B1237D012B1ED900210B46E26863755A
:1066500002EB010E94E8070004AB83E807000DF19C
:10666000040CCDF814E08CE8070093E8070007ABB2
:1066700083E8070084E807002046FDF7E9FE284686
:10668000A5750BB030BD013303F00103D902DDE77E
:10669000D83D0020D8390020F0B5837D83B0054671
:1066A0002BB9002400232046AB7503B0F0BD484948
:1066B0004848FBF705F90028F3D045494548464EC0
:1066C000FBF7BCF80024074656F8043F95E807009E
:1066D000009323460134FDF7C9FEB4F5807FF3D162
:1066E0003B4EB6EC010A234695E807000134FDF75E
:1066F000D5FEB4F5A07FF4D10223009395E80700FE
:1067000040F24113FDF7BEFE009495E807004FF4F8
:10671000A173FDF7B7FE009795E8070040F2431319
:10672000FDF7B0FE2A690132009295E807004FF4A8
:10673000A273FDF7A7FE294B009395E807002346B7
:10674000FDF7A0FE234926484FF4806203F07CFC4D
:106750001F4924484FF4807203F076FC95E8070047
:10676000FFF700FF95E80700FFF722FF044660B936
:106770001B4918484FF4806203F066FC194914481D
:106780004FF4807203F060FC8BE795E807004FF44C
:10679000A273FDF7A5FE2B69114907464FF48062ED
:1067A0000C485E1C03F050FC0E4909484FF48072FF
:1067B00003F04AFCB7427FF474AF2B696A7D2A75F7
:1067C00001332B6120460023AB7503B0F0BD00BF41
:1067D000D83D0020D8390020D43900204154484EFB
:1067E00014420020144100202DE9F04F93B00646DA
:1067F0000DF10C0800274FF0FF0A0CAD09AC0DF1AC
:10680000100996E807000DF13C0C8CE80700F368CE
:1068100003EBC723109385E807009CE8070084E892
:106820000700FFF79FFE94E80700FFF7C1FE4FF453
:10683000A27388F80000834694E80700FDF750FE35
:1068400049F827000346002F41D0BBF1000F02D0CA
:10685000BAF1FF0F54D1059B9DF80D2004999DF8C6
:106860000C00FBF787FA002859DB5FFA80F8B8F1D3
:10687000FF0F54D0B8F1000F56D1354935484FF4C9
:10688000806203F0E1FB344934484FF4807203F036
:10689000DBFBF26886F8148002EBC82796E8070055
:1068A00085E807000D9784E8070095E807000FAC1E
:1068B00084E807000DEB880394E807001B69336147
:1068C000012386E80700184613B0BDE8F08FBBF13E
:1068D000000F10D01F491E4801934FF4806203F04F
:1068E000B3FB1E491C484FF4807203F0ADFBBAF1B4
:1068F000FF0F04D1BA4608F10108012781E7019B87
:1069000018460DEB8A031969FBF72EFA08B15FFAF6
:1069100087FA002F9FD108F10108012771E70023B2
:10692000184613B0BDE8F08FF26802EBC82396E872
:1069300007000DF13C0C8CE80700109385E8070078
:106940009CE8070006AF87E80700FFF70BFEA0E70B
:1069500014420020D839002014410020D83D0020E6
:1069600000238375FDF7A8BD9DF800C030B949B973
:1069700032B14BB1844508BF0520704701207047F4
:10698000032070470220704704207047081A904285
:1069900034BF0020012070470120704708B503F084
:1069A00021FB162303604FF0FF3008BD08B503F04C
:1069B00019FB16230360FEE770B5161E07DD0C46B3
:1069C0008D19AFF3008004F8010BA542F9D13046D0
:1069D00070BD00BF70B5161E07DD0C468D1914F88A
:1069E000010BFCF785FCA542F9D1304670BD00BF14
:1069F0004FF0FF30704700BF4FF400534B60002052
:106A0000704700BF01207047002070470C4A08B54E
:106A1000136833B118446946884208D81060184694
:106A200008BD084B1360184469468842F6D903F044
:106A3000D9FA0C2303604FF0FF33184608BD00BF9E
:106A400014460020704700200D4B0E4A1B68A2FB25
:106A500003239B09013BB3F1807F00D3FEE74FF096
:106A6000E02209495361F02081F823004FF0000C27
:106A700007201023C2F818C0106181F82330704736
:106A800000000020D34D621000ED00E0024A1060CB
:106A90001368002BFCD170471C4600200549064AAC
:106AA0000B6801330B60136813B11368013B13606B
:106AB000704700BF184600201C460020014B186894
:106AC000704700BF18460020704700BF08B502207D
:106AD000FAF72EFBFEE700BF08B50420FAF728FB03
:106AE000FEE700BF08B50820FAF722FBFEE700BF6B
:106AF00008B51020FAF71CFBFEE700BF704700BF87
:106B0000704700BF704700BFFFF7C8BF70B5584C53
:106B1000584884B02246002100F084FC206840F2EE
:106B20000173984206D1A36823F07F43B3F5002F89
:106B300000F08E80504D627A217A6B680093B2FA31
:106B400082F2B1FA81F1A37A52094909FBF722F9DD
:106B500008B904B070BD494A494E4A4B92ED0E7ACD
:106B600096ED111AD2ED117AD3ED180A93ED030ABE
:106B70002979454821EE071AC0EEA70A80EE270AB8
:106B800021EE271AFAF74CFD3F493A4800F0F6FB90
:106B90003E4803A9FBF710F9054660B39DF80C10B9
:106BA000FD294DD0FE291ED0FC29D2D1384C02201F
:106BB000FBF7A2F900253046C6F8B850FEF7AAF94F
:106BC000206861682289FDF7D1F861682068228910
:106BD000FDF78AF82020A580FAF7B8FA2D486D2134
:106BE000FEF7C8FFB5E70420FBF786F929487A21AC
:106BF000FEF7C0FFADE7236906F1CC02CDE9003214
:106C000094E80F00FAF74EFDDFED236AD6ED347AF3
:106C100096ED337AC6F8B85067EEA67A27EE267A54
:106C2000FDEEE77ABDEEC77A17EE903A17EE101A2E
:106C30009BB2012043EA0141FBF75EF904B070BD4D
:106C40000320FBF759F913481B21FEF793FF80E758
:106C500003A904F10B00FBF701F918B99DF80C30FA
:106C6000072B01D9206865E72046FBF77DF970E71F
:106C7000E801002000640040D8390020D83D002001
:106C8000BC36002098330020FC010020F3010020D6
:106C90008C330020A83600200000C842012110B526
:106CA000174801F0B9F917490B88013343F69722C9
:106CB0009BB2934212D80B80134C2046FDF76AFC1E
:106CC0009FED120A1248FFF77FFA1248FEF7CEFB3B
:106CD000D4F8B4300133C4F8B43010BD0E4B1A7878
:106CE00000200880B2FA82F200F18040520900F5DB
:106CF00088304FF400511A7000F0A6FEDCE700BFA8
:106D0000002C014022460020BC360020D1CB0B389D
:106D100098330020A83600202046002008B54FF404
:106D2000805000F0BBFC11484FF4805100F092FEFF
:106D300000B108BDFCF78EFEA0B9FCF743FE18B108
:106D4000BDE80840FCF746BE08484FF4006100F07B
:106D500087FE0028EDD02020FAF7EAF9044B012243
:106D60009A8008BDBDE80840FCF77CBE00080140E1
:106D70008C33002008B50749074801F0F9FB00B93A
:106D800008BD054801F0DCFBBDE80840C1B203487E
:106D9000FEF7F0BE0503050000440040A8360020C1
:106DA00008B5154B98421BD003F5A05398420DD05F
:106DB000A3F5C05398421DD140F2093000F02AFFDC
:106DC000BDE8084040F2093000F032BF40F20F3019
:106DD00000F020FFBDE8084040F20F3000F028BF6F
:106DE00040F20A3000F016FFBDE8084040F20A30D9
:106DF00000F01EBF08BD00BF002801408368DB070C
:106E000003D4836843F0010383607047826842F0D3
:106E1000080200F1080382601A681107FCD4826836
:106E200042F0040282601A685207FCD4704700BF27
:106E3000836843F480738360704700BF064BD3F8C8
:106E4000042422F47022C3F80424D3F80424024357
:106E5000C3F80424704700BF0020014001F4807390
:106E60008AB11BB1436843F4807343604B0503D57B
:106E7000436843F480634360890715D5836843F012
:106E80000203836070471BB1436823F4807343603F
:106E90004A0503D5436823F4806343608B0703D519
:106EA000836823F002038360704700BF836819B1D1
:106EB00043F400638360704723F40063836070478A
:106EC00001290ED0022900D07047836B23F44013B0
:106ED0008363013A836B120502F440121A43826302
:106EE0007047C36A23F47003C362013AC36A120590
:106EF00002F470021A43C262704700BF052900B550
:106F00002ED8D0F834C001EB81014FF01F0E0EFADD
:106F100001FE2CEA0E0C02FA01F141EA0C01416378
:106F2000092A0DD8016902EB42024FF0070C0CFA56
:106F300002FC21EA0C0103FA02F20A43026100BDDD
:106F4000112AFCD80A3AC16802EB42024FF0070C42
:106F50000CFA02FC21EA0C0193400B43C36000BD14
:106F60000B2910D80639D0F830C001EB81014FF061
:106F70001F0E0EFA01FE2CEA0E0C02FA01F141EA94
:106F80000C010163CCE70F29CAD80C39D0F82CC00A
:106F900001EB81014FF01F0E0EFA01FE2CEA0E0CE0
:106FA00002FA01F141EA0C01C162B9E7D0F838C038
:106FB0000331CCF3015CA1EB0C0101EB81014FF03B
:106FC0001F0C00B50CFA01FED0F838C002FA01F12E
:106FD0002CEA0E0C41EA0C01092A81630DD80169E3
:106FE00002EB42024FF0070C0CFA02FC21EA0C0102
:106FF00003FA02F20A43026100BD112AFCD80A3AE0
:10700000C16802EB42024FF0070C0CFA02FC21EAC5
:107010000C0193400B43C36000BD00BF01F00103AE
:107020005AB11BB1836843F4801383608A070FD57C
:10703000836843F40043836070471BB1836823F483
:10704000801383608B0703D5836823F40043836038
:10705000704700BF01290AD0022900D07047836819
:1070600023F4E0438360836813438360704783683D
:1070700023F460238360836813438360704700BFF9
:10708000CA0703D5836843F4800383608B0703D565
:10709000836843F400138360704700BF03290FD84F
:1070A000DFE801F00B080502806C80B27047406C8D
:1070B00080B27047006C80B27047C06B80B270477E
:1070C0000020704703680B4214BF01200020704766
:1070D000036823EA01030360704700BF08B5074B4C
:1070E000984200D008BD40F2194000F093FDBDE881
:1070F000084040F2194000F09BBD00BF0064004012
:1071000029B103282CD8DFE800F00E182103FEE790
:107110000023C1F80B30C1F80F308B724B60CB7479
:107120000B810B607047002340F2FF304FF40032B8
:1071300048810B810A604B60704700234FF4803216
:107140000B740B604B608B60CA6070470023C1F802
:107150000B30C1F80F308B724B600B810B607047A6
:10716000FEE700BF036823F0020300B50360036875
:10717000844643F001034CF8043B4368DB07864632
:1071800008D44FF6FF7301E0013B03D0DCF8002088
:10719000D007F9D5DEF8040010F0010070D04B786C
:1071A0008A781B06120402F4702203F04073134322
:1071B0000A7843EA8273CA78120502F4E0021343A4
:1071C0004A89013AC2F309021343CEF81C300B7905
:1071D000012BDEF800300CBF43F0800323F0800366
:1071E000CEF800304B79012BDEF800300CBF43F0B5
:1071F000400323F04003CEF800308B79012BDEF8FA
:1072000000300CBF43F0200323F02003CEF8003001
:10721000CB79012BDEF800300CBF43F0100323F0D4
:107220001003CEF800300B7A012BDEF800300CBFD3
:1072300043F0080323F00803CEF800304B7A012B0B
:10724000DEF800300CBF43F0040323F00403CEF853
:107250000030DEF8003023F00103CEF80030DEF815
:107260000430DA070DD54FF6FF7000E040B1DCF8CE
:107270000030DB0700F1FF30F8D4003818BF0120E0
:1072800000BD012000BD00BF3B494389D1F8002665
:1072900042F0010200B5C1F80026D1F81CC6B0F8D2
:1072A0000EE001229A402CEA020CC1F81CC6BEF185
:1072B000000F45D1D1F80CC603F100632CEA020C93
:1072C000C1F80CC603F6C843B0F806C04188DB001D
:1072D00041EA0C41B0F804C01960018841EA0C4150
:1072E0005960838924492BBBD1F8043623EA020371
:1072F000C1F8043603892049B3B9D1F8143623EA1A
:107300000203C1F81436037C012B05D11A49D1F8C8
:107310001C361343C1F81C36174AD2F8003623F046
:107320000103C2F8003600BDD1F814361343C1F88A
:107330001436E8E7D1F804361343C1F80436D9E728
:10734000BEF1010FCDD1D1F80CC603F100634CEAB8
:10735000020CC1F80CC603F6C843B0F800C041885F
:10736000DB0041EA0C41B0F804C01960C18841EA71
:107370000C415960B5E700BF0060004082685201CF
:10738000034605D48268120143D51033012000E082
:107390000020D3F8802102F0010210B5C3F880214B
:1073A00091F808E04A7A03F5C07CBEF1000F26D0C0
:1073B0004C6842EAC40242EA0E02D3F880E142EA93
:1073C0000E02C3F88021D3F8842122F00F02C3F803
:1073D0008421D3F884E18A7A42EA0E02C3F8842138
:1073E000D1F80B20C3F88821D1F80F20C3F88C21E5
:1073F000DCF8003043F00103CCF8003010BD0C681D
:10740000D3F880E142EA445242EA0E02C3F88021F6
:10741000D9E78268D20002D520330220B9E70320E1
:10742000704700BF00EB0113D3F8B0C10CF0040C9F
:1074300082F808C0BCF1000F47D1D3F8B0C14FEAC1
:107440005C5CC2F800C0D3F8B0C10CF0020C82F84A
:1074500009C0D3F8B4C14FEA1C2C82F813C0D3F88A
:10746000B4C10CF00F0C82F80AC0D3F8B8C182F88E
:107470000BC0D3F8B8C14FEA1C2C82F80CC0D3F86B
:10748000B8C14FEA1C4C82F80DC0D3F8B8C14FEA1E
:107490001C6C82F80EC0D3F8BCC182F80FC0D3F8C0
:1074A000BCC14FEA1C2C82F810C0D3F8BCC14FEA13
:1074B0001C4C82F811C0D3F8BC311B0E937459B91F
:1074C000C36843F02003C3607047D3F8B0C14FEAEC
:1074D000DC0CC2F804C0B6E7036943F02003036183
:1074E000704700BF43690B43436170470D4B98429F
:1074F00015D001EB810300EB83030022D3F808C011
:107500002CF0010CC3F808C09A60DA601A615A6165
:10751000426889000F238B4013434360704704295E
:10752000E7D9FEE7000402401D4B984234D001EB3E
:10753000810100EB8100136810B40361936843611B
:10754000138AC360D468536881682343546921F463
:107550007C5123430B438360137E012B83680CBF54
:1075600043F0400323F040038360537E012B836884
:107570000CBF43F0800323F080038360937E2BB124
:10758000836843F0100310BC83607047836823F066
:10759000100310BC836070470429C8D9FEE700BF00
:1075A00000040240074B984208D001EB810189009A
:1075B00008300B5843F020030B5070470429F4D9CE
:1075C000FEE700BF00040240074B984208D001EBE1
:1075D0008101890008300B5843F001030B507047BC
:1075E0000429F4D9FEE700BF000402402A4BD3F877
:1075F00000C42CEA000CC3F800C4D3F804C42CEA7D
:10760000000CC3F804C4D3F808C42CEA000CC3F877
:1076100008C4D3F80CC42CEA000CC3F80CC449B35A
:10762000012905D0012A0BD0022A29D0AAB170471E
:10763000D3F80414012A41EA0001C3F80414F3D179
:10764000154BD3F8082422EA0002C3F80824D3F823
:107650000C240243C3F80C2470470F4BD3F80824C2
:107660000243C3F80824D3F80C2422EA0002C3F82A
:107670000C247047D3F800140143C3F80014D1E779
:10768000054BD3F808240243C3F80824D3F80C248C
:107690000243C3F80C24704700000140014BC3F8BB
:1076A00014047047000001400B4B1A69110603D502
:1076B0000A490B4A59605A600A4BB3F8E030B3F5F7
:1076C000007F07D9044B1A6D120603D50349044AFB
:1076D00059645A64704700BF002002402301674587
:1076E000AB89EFCD00F7FF1F074B08491A69B1F8C6
:1076F000E01042F08002B1F5007F1A6103D91A6DE3
:1077000042F080021A6570470020024000F7FF1F18
:107710004B4BB3F8E030B3F5007F6AD9494B4A4A86
:1077200098424A4B26D2D168C90756D4D368D906A5
:1077300057D4D3685B075AD41169444B41F0020116
:10774000116150611069404940F040001061CA6801
:10775000D00738D4CB68DB063DD4C868C0F38000BE
:107760004000C0B2384A136923F002031361704726
:10777000013B34D0D16CC907FAD4D36CDB0630D4CA
:10778000D36C590733D4136D43F00203136550656E
:10779000D3699B0748BF50612B4A2C4B116D41F0B8
:1077A00040011165D16CC9071DD4D36CD80643D4F0
:1077B000D06CC0F380004000C0B2234A136D23F0A8
:1077C000020313657047013B38D0CA68D007FAD46A
:1077D000CB68DB06C1D50320C4E7013BA3D104205D
:1077E000704703207047013BDCD10420E5E702200D
:1077F0007047164B144AD168C90719D4D368DB0601
:10780000EFD4D3685907F2D41169104B41F002014B
:107810001161506110690C4940F040001061CA6864
:10782000D20797D5013B09D0CA68D207FAD491E7AD
:10783000013BE0D1042070470320BEE7042091E71C
:1078400000F7FF1FFFFF0708002002400000FF0FA6
:10785000454BB3F8E030B3F5007F8C4660D9434B1D
:10786000434A9842434B23D2D168C9074CD4D368CA
:10787000D9064DD4D3685B0750D411693D4B41F014
:10788000010111613A49C0F800C0CA68D00731D47B
:10789000CB68DB0636D4C868C0F380004000C0B2B5
:1078A000334A136923F0010313617047013B2DD064
:1078B000D16CC907FAD4D36CDB0629D4D36C590731
:1078C0002CD4116D2B4B41F0010111652849C0F8F2
:1078D00000C0CA6CD2071DD4CB6CD80640D4C86C8B
:1078E000C0F380004000C0B2214A136D23F00103B1
:1078F00013657047013B35D0CA68D007FAD4CB680E
:10790000DB06C8D50320CBE7013BADD1042070478F
:1079100003207047013BDCD10420E5E702207047DB
:10792000144B134AD168C90716D4D368DB06EFD4C9
:10793000D3685907F2D411690E4B41F0010111616E
:107940000B49C0F800C0CA68D207A1D5013B09D0D5
:10795000CA68D207FAD49BE7013BE3D10420704701
:107960000320C1E704209BE700F7FF1FFFFF070884
:10797000002002400000FF0F830903F1804303F55C
:10798000083300F01F001968012282400A431A6080
:10799000704700BF2DE9F0430C461D46E306014643
:1079A00004F00F0602D5042A44D0164300224FF0FB
:1079B00001080F2706E0482C08BF08610B60013260
:1079C000082A13D008FA02FC4FEA820E1CEA0500CE
:1079D00007FA0EF906FA0EFEF1D00B68282C23EAFE
:1079E00009034EEA0303E6D14861E7E700234FF0BD
:1079F00001080F2709E0482C08BF0861C1F804E01E
:107A00000132102A03F1040312D008FA02FC1CEA26
:107A1000050007FA03F906FA03FEF1D0D1F804C015
:107A2000282C2CEA090C4EEA0C0EE4D14861E5E75B
:107A3000BDE8F083C36B2B4346F00306C363B5E791
:107A400001617047416170470AB10161704741614E
:107A5000704700BF83680B4214BF012000207047AD
:107A6000C3680B4214BF01200020704700281F4B41
:107A700000F4401CB4BFDB695B68BCF5401F00B577
:107A800082B227D010F4801F19D14FEA505C4FEA20
:107A90000C1C02FA0CFC23EA0C0343F0E0634FEAEF
:107AA000505C4FEA0C1C02FA0CF21A43002918BF72
:107AB00013460E4A0028B4BFD361536000BDC0F323
:107AC000034E4FF0030C0CFA0EFC23EA0C0343F0B8
:107AD000E063E4E7DFF814E0DEF804C02CF0E06CCB
:107AE00023F0E063CEF804C0D9E700BF00000140F6
:107AF00001F003039B000F22032902FA03F200FAAC
:107B000003F0134B07D8996821EA02029A609A6839
:107B100002439A607047072907D8D96821EA020210
:107B2000DA60DA680243DA6070470B2907D819690E
:107B300021EA02021A611A6902431A6170475969FF
:107B400021EA02025A615A6902435A61704700BF32
:107B500000000140DFF898C0DCF80C3003F4E0636B
:107B6000B3F5E06F36D0DCF80C3003F4E063B3F526
:107B7000C06F1BD0DCF80C3003F4E063B3F5A06FEA
:107B800010D0DCF80C3003F4E063B3F5806F25D03F
:107B9000DCF80C3003F4E063B3F5407F22D0134BE4
:107BA000CCF80C3002F00302022302E002F00702DC
:107BB0000323DFF840C0994011430CEB0003090197
:107BC000420983F8001300F01F00012383404CF8A2
:107BD0002230704702F00F020423EAE702F00102AC
:107BE0000123E6E700221346E3E700BF0005FA059C
:107BF00000ED00E000E100E0830903F1804303F5BC
:107C0000043300F01F001968012282400A431A6001
:107C1000704700BF830903F1804303F5043300F08C
:107C20001F001968012282400A431A60704700BF92
:107C3000830903F1804303F5043300F01F001A6841
:107C40000121814022EA01021A607047174A5368F5
:107C5000D26A23F0805323F4404322F000510B28D2
:107C600009D8DFE800F006060606081808180C0C0C
:107C70000C0C43EA80330D4A5360D1627047DFF841
:107C800034C042F000510CEA803C084A43EA0C033D
:107C90005360D1627047064A02EA80321343034AB6
:107CA00043F080535360D162704700BF0010024020
:107CB00000C0FEFF00C0FCFF10B5DFF8E4C0864640
:107CC0009CE80F0088B008AC04E90F00DCE904016F
:107CD000CDE90001CDE902012D4A536803F00C0300
:107CE000082B24D02B482A4A536851685268C3F3A2
:107CF00003136B441B7C20FA03F3BEF1030F44D83B
:107D0000DFE80EF00812020AC1F302216944087884
:107D100023FA00F008B010BDC2F3C2226A44107A00
:107D200023FA00F008B010BD184608B010BD536823
:107D3000D90311D4184A164B586859685B680C016E
:107D4000C0F3834014D5590018D540F030003F28C7
:107D500012D102FB00F0C6E7D36A5A000C4B58BFA1
:107D60000C4A5B6848BF0D4A9B03E4D55208E2E722
:107D70005B0006D540F020000130EAE740F010003B
:107D8000FAE70F28F8D00230E3E70020C2E700BF8F
:107D90000010024000127A0000093D00006CDC0275
:107DA00088D1000808B5154B984212D003F57443EA
:107DB000984204D0A3F57843984214D008BD4FF4FC
:107DC0004370FFF727FFBDE808404FF44370FFF70B
:107DD0002FBF40F20F40FFF71DFFBDE8084040F203
:107DE0000F40FFF725BF40F20E40FFF713FFBDE83D
:107DF000084040F20E40FFF71BBF00BF003C0040B0
:107E000010B4D1E901420B6823431343CA680C69DB
:107E1000D1E905C113432343026843EA0C0302F48A
:107E200041520B4313430360C36923F4006310BC46
:107E3000C3617047036843F040030360704700BFAD
:107E4000C1607047C06880B2704700BF83680B4252
:107E500014BF01200020704708B5374B98424CD022
:107E600015D8A3F50063984251D039D8B0F1804FAE
:107E700022D0A3F5806398425DD140F20140FFF724
:107E8000C9FEBDE8084040F20140FFF7D1BE2B4BD0
:107E9000984246D003F50063984217D0A3F590337B
:107EA000984248D140F20540FFF7B4FEBDE80840D3
:107EB00040F20540FFF7BCBE4FF48060FFF7AAFE1A
:107EC000BDE808404FF48060FFF7B2BE40F20D30CD
:107ED000FFF7A0FEBDE8084040F20D30FFF7A8BE56
:107EE000174B984227D140F20340FFF793FEBDE8BD
:107EF000084040F20340FFF79BBE40F20440FFF70A
:107F000089FEBDE8084040F20440FFF791BE40F210
:107F10000240FFF77FFEBDE8084040F20240FFF755
:107F200087BE40F20B30FFF775FEBDE8084040F217
:107F30000B30FFF77DBE08BD00100040002C014053
:107F4000000C004000234FF6FF72C0E9003382604E
:107F500003737047254B0A888262984215D020F43B
:107F60004063B3F1804F10D0214B98420DD0214B8C
:107F700020F4806210B49A428C68C4622CD14369A8
:107F800043F0010310BC4361704703684A8823F043
:107F900070030360D0F800C08B8842EA0C020260D4
:107FA0000268134303608B68C3620268CB8822F4C3
:107FB00040720260D0F800C00C4A43EA0C039042C1
:107FC000036002D00A4B984201D10B7B03634369E3
:107FD00043F00103436170470268CB8822F440728A
:107FE0000260026813430360C9E700BF002C014030
:107FF0000034014000100040036843F001030360B7
:10800000704700BF036843F080030360704700BF00
:10801000C3680B43C3607047C9430161704700BF29
:10802000002303604360836083817047B1F802C01E
:108030000B888A8843EA0C03B1F806C013430A8907
:1080400043EA0C03B1F80AC013438A8943EA0C03DC
:1080500013439BB243647047436C01290CBF43F444
:10806000004323F400434364704700BF00230360D0
:1080700043608360704700BF032929D8DFE811F00F
:10808000AF006C0029000400036A1188B2F804C034
:1080900023F480530362C36923F44073C361036A0A
:1080A00043EA01330362036A724923F40053036213
:1080B000036A884243EA0C33036240F0D680436887
:1080C000128923F480434360436843EA8213436088
:1080D0007047036A1188B2F804C023F48073036206
:1080E000C36923F00303C361036A43EA0123036204
:1080F000036A604923F400730362036A884243EA17
:108100000C23036202D05C4B9842E1D1036AB2F8BF
:1081100002C0D18823F480630362036A43EA0C231C
:108120000362036A23F400630362036A43EA0123E0
:10813000036243681189528923F480534360436882
:1081400043EA01134360436823F4005343604368E8
:1081500043EA021343607047036A1188B2F804C00F
:1081600023F010030362836923F440738361036A7D
:1081700043EA01130362036A3E4923F020030362CA
:10818000036A884243EA0C13036202D03A4B9842D6
:108190009ED1036AB2F802C0D18823F04003036283
:1081A000036A43EA0C130362036A23F08003036249
:1081B000036A43EA0113036243681189528923F475
:1081C00080634360436843EA81034360436823F468
:1081D00000634360436843EA820343607047036A75
:1081E000118823F001030362D0F818C093882CF0A3
:1081F000030CC0F818C0D0F820C041EA0C0101629D
:10820000016ADFF870C021F002010162016A604575
:1082100043EA0103036203D0174B98427FF458AF3F
:10822000036A518823F004030362D0F820C0D38886
:1082300041EA0C010162016A21F008010162016A50
:108240000B4303624368118923F480734360D0F8C1
:1082500004C0538941EA0C014160426822F4007273
:1082600042604268134343607047034B98427FF477
:108270002FAF24E7002C01400034014003290BD824
:10828000DFE801F01C130B02C36923F4E043C36170
:10829000C36943EA0223C3617047C36923F07003D3
:1082A000C361C3691343C3617047836923F4E04327
:1082B0008361836943EA022383617047836923F002
:1082C000700383618369134383617047032904D872
:1082D000DFE801F00806040202647047C2637047D9
:1082E000826370474263704703290BD8DFE801F0CF
:1082F0001C130B02C36923F40063C361C36943EA1F
:108300000223C3617047C36923F00803C361C369D3
:108310001343C3617047836923F4006383618369F6
:1083200043EA022383617047836923F00803836172
:10833000836913438361704703290BD8DFE801F099
:108340001C130B02C36923F48063C361C36943EA4E
:108350000223C3617047C36923F00403C361C36987
:108360001343C3617047836923F480638361836926
:1083700043EA022383617047836923F00403836126
:10838000836913438361704703290BD8DFE801F049
:108390001D140B02036A23F480530362036A43EA49
:1083A000023303627047036A23F480730362036A33
:1083B00043EA022303627047036A23F01003036257
:1083C000036A43EA021303627047036A23F001035E
:1083D0000362036A13430362704700BF436823F0DC
:1083E0007003436043680B434360704721B983685F
:1083F00043F0800383607047012900D07047836891
:1084000023F0800383607047836823F00703836051
:10841000704700BF08B5234B984238D010D9224B83
:1084200098422AD003F5684398421BD140F20E309F
:10843000FFF7F0FBBDE8084040F20E30FFF7F8BB55
:10844000A3F5006398420ED003F58063984209D1EA
:1084500040F21240FFF7DEFBBDE8084040F2124058
:10846000FFF7E6BB08BD40F21140FFF7D3FBBDE8C4
:10847000084040F21140FFF7DBBB40F21440FFF729
:10848000C9FBBDE8084040F21440FFF7D1BB40F201
:108490001340FFF7BFFBBDE8084040F21340FFF771
:1084A000C7BB00BF004C00400050004000B5174B58
:1084B000984283B0024617D00ED9154B984213D07C
:1084C00003F5684398421ED1CDE900010320FFF770
:1084D000F3FBDDE900210EE0A3F50063984203D031
:1084E00003F5806398420ED10220CDE90021FFF709
:1084F000E3FBDDE9002100EB5103B3FBF1F39BB299
:10850000936003B000BD0020F5E700BF004C0040C1
:1085100000500040C36843F40053C360704700BF7D
:10852000C36823F008030B43C3607047C36823F09C
:1085300004030B43C3607047C1F3080141607047F7
:108540004068C0F3080070478B0901F01F011858FC
:10855000C84000F0010070478A09012352F800C0AA
:1085600001F01F018B4043EA0C031350704700BF1A
:10857000C1F389128B0D52F800C01858C1F30442A0
:10858000012303FA02F201F01F01024203FA01F390
:1085900014BF0120002013EA0C0F00F0010008BFF7
:1085A000002070474249434BD1F8882042F47002C2
:1085B00082B0C1F88820196841F00101196059683A
:1085C000002041F0800159600190019B44F61F6238
:1085D000934205D8019B01330193019B9342F9D942
:1085E00034494B6823F003034B600B6823F084731A
:1085F0004FF41F0223F480330B608A600A68002066
:1086000022F480220A604860C8620A6842F00102CF
:108610004FF4A0630A6001E0013B02D00A689007B2
:10862000FAD5244B1A68920741D5DA69224942F0FB
:108630008052DA610A6842F440420A605A685A601D
:108640005A685A605A6842F480625A605A6822F046
:10865000904222F470125A605A6842F0036242F467
:1086600080225A601A6842F080721A601A6890017B
:10867000FCD5114A136843F4803313605368D9035F
:10868000FCD513680C4943F4003313604B689A031C
:10869000FCD5084A536823F003035360536843F042
:1086A0000203536053681B07FCD502B07047FEE716
:1086B00000ED00E00010024000700040DFF834D010
:1086C0000D480E490E4A002302E0D458C45004332A
:1086D000C4188C42F9D30B4A0B4C002301E0136001
:1086E0000432A242FBD3FFF75DFF01F081FCF8F7F3
:1086F000FFFA70470000012000000020CC0100209C
:1087000090E80008CC01002070470020FEE700211F
:1087100001F016BB0A22002101F098BB2DE9FF47AA
:1087200057EC106B002F0C469146DDF830A019462F
:108730004FF0000203DA07F100431F462D220D9D82
:108740000A7025F02005462D04D0452D00D10134B6
:10875000022100E0032103AB019302AB009347EC3D
:10876000106B5346224601F00FFD472D80461AD16B
:1087700019F0010F0ED000EB04090022002330464F
:108780003946F8F751F908B1CDF80C903022039B27
:108790004B451ED3039B0E9AA3EB08034046136080
:1087A00004B0BDE8F087462D00EB0409E5D103785D
:1087B000302B0AD10022002330463946F8F734F92D
:1087C00018B9C4F10104CAF80040DAF8003099443D
:1087D000D3E7591C03911A70D9E7F7B50029BABF3E
:1087E00049422D232B230929027043702ADD0DF104
:1087F0000704871CA6460A26A446B1FBF6F506FB2D
:1088000015123032632904F1FF340CF8012C29468B
:10881000F2DC3031ACF1020204F8011C411C1446B8
:1088200072450AD30DF10903A3EB0C03A64538BF2B
:1088300000233B44181A03B0F0BD12F8013B01F8C5
:10884000013FEDE7302330318370C170031DF1E744
:108850002DE9F04F8FB00C46DDF8608016461F46BC
:10886000054601F0EDFB036807931846F7F7B0FCE7
:1088700000230C93D8F8003094F818A0D4F800B076
:108880000890073323F00703B3EC027B8DED047BE4
:10889000C8F80030DDE9048323F0004984ED127B41
:1088A0009A4B4FF0FF3240464946F8F7EFF870BB5D
:1088B000964B4FF0FF3240464946F8F7C9F830BBB7
:1088C000DDE9040100220023F8F7B8F810B12D23E8
:1088D00084F843308E4A8F4BBAF1470F8CBF9046D5
:1088E0009846032323612BF0040323604FF0000913
:1088F000009733460DAA2146284600F0CDF90130F5
:1089000040F08C804FF0FF300FB0BDE8F08FDDE914
:10891000042310461946F8F7B9F840B1059B7E4A82
:10892000002BBCBF2D2384F843307C4BD4E7636815
:108930005A1C0AF0DF093BD1062363604BF48062C6
:108940000023226003930CABCDE901A30BAB009392
:1089500061689DED040B0DF12B032846FFF7DEFE49
:10896000B9F1470F0B99804629D1C81C02DB636817
:108970008B4241DAAAF1020A5FFA8AFA01395246B9
:1089800004F150000B91FFF728FF0C9A1318012AED
:108990008146236102DC2268D20701D501332361BD
:1089A0009DF82B30002BA3D02D2384F843309FE774
:1089B000B9F1470FC2D1002BC0D10123BDE7BAF1F5
:1089C000650FDBD9BAF1660F18D1002963680BDD9A
:1089D000216113B92268D00702D501330B4423610A
:1089E000A1654FF00009DBE713B92268D20701D572
:1089F0000233F4E70123F2E74FF0670A0C9B8B4246
:108A000005DC23682161D807EAD54B1CE7E700297C
:108A1000D4BFC1F1020201221344E0E723685A05E2
:108A200007D42369424631462846B847013028D149
:108A300068E7BAF1650F40F2DB80D4E91201002249
:108A40000023F7F7F1FF90B3354A0123314628465A
:108A5000B84701303FF456AFDDE90B38434502DB40
:108A60002368D8070DD5DDE9072331462846B847E6
:108A700001303FF447AF4FF0000908F1FF38C84517
:108A800009DC23689B0700F10481E0680D9B984294
:108A9000B8BF184638E7012304F11A0231462846C8
:108AA000B84701303FF42EAF09F10109E7E70B9B0E
:108AB000834237DC1A4A012331462846B847013041
:108AC0003FF420AFDDE90B3959EA030302D12368F3
:108AD000D907D6D5DDE9072331462846B847013006
:108AE0003FF410AF4FF0000A0B9B5B42534501DC93
:108AF0004B4697E7012304F11A0231462846B8474E
:108B000001303FF4FFAE0AF1010AEDE7FFFFEF7F0E
:108B10000CE4000808E4000814E4000810E400086D
:108B200018E40008A36DDDF830B05B45A8BF5B46D4
:108B3000002B049337DC4FF0000904F11A02049B68
:108B4000D4F858A0002BACBFAAEB030353464B4507
:108B500031DC0B9B9B453ADC2368DA0737D40B9B4F
:108B6000ABEB0309ABEB0A039945A8BF9946B9F1F2
:108B7000000F34DC4FF000080B9BB9F1000FABEB9A
:108B80000303A8BFA3EB090343457FF77AAF012393
:108B900004F11A0231462846B84701303FF4B2AE1C
:108BA00008F10108E8E7049B424631462846B847E9
:108BB0000130C0D1A6E60123314628460992B847C4
:108BC00001303FF49FAE099A09F10109B7E7DDE9E9
:108BD000072331462846B8470130C0D192E64B46BC
:108BE00008EB0A0231462846B8470130C2D189E66F
:108BF000DDF830A0BAF1010F01DCDB0735D5012328
:108C0000424631462846B84701303FF47BAEDDE9A5
:108C1000072331462846B84701303FF473AED4E904
:108C20001201002200230AF1FF3AF7F7FDFEC8B94E
:108C3000534608F1010231462846B84701300DD1AC
:108C400060E6012304F11A0231462846B847013094
:108C50003FF458AE08F10108D045F2DB4B4604F171
:108C60005002E0E64FF00008F6E701234246E2E753
:108C7000012304F1190231462846B84701303FF478
:108C800041AE08F10108E3680D995B1A4345EFDC3A
:108C9000FBE64FF00008F6E72DE9F04791469846CD
:108CA0008A680B69089E9342B8BF1346C9F8003022
:108CB00091F8432007460C4612B10133C9F8003041
:108CC0002368990642BFD9F800300233C9F8003052
:108CD000256815F0060507D104F1190AE368D9F8EB
:108CE00000209B1AAB4229DC94F843302268003BF9
:108CF00018BF012392062ED404F1430241463846A0
:108D0000B047013021D02368A168226903F006032F
:108D1000042B01BFE568D9F80030ED1A25EAE575A6
:108D200018BF00258B1A2B449142C8BF1D464FF037
:108D300000091A344D451AD1002008E0012352469B
:108D400041463846B047013003D14FF0FF30BDE80F
:108D5000F0870135C2E7E1185A1C302081F8430042
:108D6000224494F8451082F843100233C4E70123EB
:108D7000224641463846B0470130E6D009F10109A4
:108D8000D8E700002DE9F04398460B7E85B0782B9C
:108D9000174606460C9A0C4609D8622B01F143018E
:108DA00008D8002B00F0DC80582B00F0BD8004F1C7
:108DB000420539E0A3F163001528F8D801A555F85C
:108DC00020F000BF1D8E0008318E0008AF8D000816
:108DD000AF8D0008AF8D0008AF8D0008318E000800
:108DE000AF8D0008AF8D0008AF8D0008AF8D000873
:108DF000418F00085D8E0008EF8E0008AF8D0008DF
:108E0000AF8D0008698F0008AF8D00085D8E0008E7
:108E1000AF8D0008AF8D0008F78E00081368191D8C
:108E20001B68116004F1420584F842300123A8E078
:108E300013682568181D1060280601D51B6803E01B
:108E40006A06FBD5B3F90030002B03DA2D225B4212
:108E500084F84320DFF878C10A2213E025681068FF
:108E600015F0800F50F8043B02D16D0648BF9BB24D
:108E70001060227EDFF858C16F2A5DD108220020E1
:108E800084F843006568A560002D05DB20681D435C
:108E900020F00400206051D00D46B3FBF2F002FB3D
:108EA000103E9A421CF80EE005F801ED0346F4D995
:108EB000082A0BD12368DA0708D5236962689A4229
:108EC000DEBF302305F8013C05F1FF35491B216168
:108ED000CDF800803B4603AA21463046FFF7DCFE72
:108EE000013053D14FF0FF3005B0BDE8F083236867
:108EF00043F020032360DFF8DCC0782384F845309A
:108F00002068156810F0800F55F8043B03D110F06D
:108F1000400F18BF9BB21560C50744BF40F020004A
:108F2000206023B11022AAE7DFF8A4C0E6E7226898
:108F300022F020022260F5E70A22A0E70D46B7E7FB
:108F40001368D4F800C060691D1D15601CF0800F07
:108F50001B6801D0186003E01CF0400FFAD01880A5
:108F6000002323610D46B3E71368191D11601D68C6
:108F7000626800212846F7F7DBF808B1401B606003
:108F800063682361002384F84330A1E723692A46FC
:108F900039463046C0470130A4D023689B0714D41B
:108FA000E068039B9842B8BF18469DE7012304F18F
:108FB000190239463046C047013093D00135E36885
:108FC00003995B1AAB42F1DCEAE70025F7E700BF43
:108FD0001AE400082BE40008002310B50446C0E999
:108FE0000033C0E90433836081814366C2818361B9
:108FF000194608225C3000F0DAFF0D4B63620D4B1E
:10900000A3620D4BE3620D4B23630D4B24629C4224
:1090100006D003F16802944202D0D0339C4205D1BD
:1090200004F15800BDE8104001F006B810BD00BFC3
:109030002FC1000851C1000889C10008AFC1000854
:1090400024460020024A0349034800F009BF00BF3C
:1090500004000020B9C200088001002041680C4BC8
:10906000994210B5044601D003F026F9A168094BD6
:10907000994202D0204603F01FF9E168064B99425D
:1090800004D02046BDE8104003F016B910BD00BF63
:10909000244600208C460020F446002010B50A4BE0
:1090A0000A4A1A600A4800220421FFF795FF09487E
:1090B00001220921FFF790FFBDE810400648022277
:1090C0001221FFF789BF00BF5C47002045900008D0
:1090D000244600208C460020F4460020014800F081
:1090E000ACBF00BF61470020014800F0A7BF00BF30
:1090F0006147002010B50446FFF7F0FF236A1BB15B
:10910000BDE81040FFF7F0BF044B2362044B1B681F
:10911000002BF5D1FFF7C2FFF2E700BF5D9000081A
:109120005C47002070B504460D4645EC104B1646D2
:1091300002F0C0FE51EC100B7EB1C5F30A53C3F12F
:109140006B03002B09DD1B0503F17F55002405F59A
:10915000401522462B46F7F7FFF941EC100B70BD86
:109160002DE9F04F9FB00E461792002204901A92FC
:109170004FF000084FF0000919910A782B2A0D468C
:1091800001F101011CD00AD80D2A05D8082AF3D80C
:1091900072B100230B9382E0202AEDD0F9E72D2A4B
:1091A00010D10122691C19910B926A78002A37D1DB
:1091B000179B1996002B40F0A88542464B462AE0A3
:1091C0000022EFE700210B91302A40F09D806A7861
:1091D00002F0DF02582A5AD102930B9B01931AAB7B
:1091E0000093874A04981BAB19A901F009FE10F0FF
:1091F0000F04064605D0062C14D10135002319951D
:109200000B93179B002B40F082850B9B002BD4D037
:10921000424609F1004343EC102B1FB0BDE8F08F2C
:109220000D46D1E71A9A3AB135211CA802F03BFF4E
:109230001A99049802F0F2FA013C042C06D8DFE8EF
:1092400004F014031E211400DDE91C89F10548BF58
:1092500049F0004929F000431B0D1B05002BD0D11C
:1092600000F0C0FE22230360CBE7DDE91C831B9ADC
:1092700023F4801302F2334243EA0259E6E7DFF8AF
:109280008891E3E76FF000494FF0FF38DEE70135E2
:1092900019952B78302BFAD0002BB2D001234FF048
:1092A000000A07932846CDF838A0D3460A2304784D
:1092B000A4F13002092A29D95249012200F07FFE87
:1092C000002836D00020224606905C460146652ADA
:1092D00001D0452A16D124B9079B03433FF468AF58
:1092E0000024199E731C199372782B2A7FD02D2A83
:1092F00000F083804FF0000CA2F13003092B40F204
:10930000898019960023ACE00023C8E7BBF1080F61
:10931000DCBF0E9A03FB024200F10100D5BF303AD8
:1093200003FB0A420E92A2F1300A0BF1010B1990D5
:10933000BDE7199B5A1C19925A78BBF1000F3BD01C
:1093400006905C46A2F13003092B11D90121BEE73A
:10935000199B5A1C19925A780130302AF8D0A2F180
:109360003103082B00F2D8840690199D0020044692
:10937000303A00F1010319D0069905941944069179
:10938000A4464FF00A0E0CF10107391B8B4215DC85
:10939000059920EAE07001440134082904441CDCEA
:1093A0000E990A2303FB01230E930023199A511CE3
:1093B000199152781846C5E75846CEE7BCF1080F18
:1093C00005DC0E990EFB01F10E91BC46DBE70AFBB2
:1093D0000EFC102FD8BFE246F7E70F29DCBF0A23A7
:1093E00003FB0A2AE1E700230693012174E74FF00B
:1093F000000CB31C1993B2787EE74FF0010CF8E72C
:1094000008E600083CE400080000F07F199B5A1CA5
:1094100019925A78302AF9D0A2F13103082B3FF67D
:1094200071AFDDF864E0CDF814E0A2F130030A93E7
:10943000059B013319931A780593A2F13007092F80
:109440003BD9A3EB0E03082B44F61F633DDC0A9FB8
:109450009F42A8BF1F460597BCF1000F02D0059B95
:109460005B420593002C51D1079B03437FF4C9AEA7
:1094700000297FF49DAE692A2BD028DC492A28D008
:109480004E2A7FF495AE9F4919A801F0D7FE002817
:109490003FF48EAE199B1B78282B31D19A491CAA18
:1094A00019A801F0E0FE05282AD11D9BDDF8708087
:1094B00043F0FF4949F4E009A3E60A9B0A2707FBAA
:1094C0000327A7F130020A92B2E70593C4E76E2A98
:1094D000D7E78E4919A801F0B1FE00283FF468AE25
:1094E000199B8B49013B19A8199301F0A7FE10B9EC
:1094F000199B01331993DFF828924FF0000880E69A
:10950000844800F0B1FD59EC108B7AE6DDE90532B4
:109510000E989B1ABBF1000F08BFA346102C0A93AC
:109520002646A8BF1026F6F79DFF092C80468946DF
:1095300013DC0A9B002B3FF464AE0A9B6FDD162BF5
:1095400056DC754901EBC301D1E9000142464B46A7
:10955000F7F702F88046894653E66F4B03EBC603E4
:1095600053E91223F6F7F8FF804650468946F6F78E
:1095700079FF02460B4640464946F6F737FE0F2C68
:1095800080468946D5DD0A9BA4EB060A9A44BAF1C7
:10959000000F40F392802AF00F061AF00F0A4DD107
:1095A000B6F59A7F5ADC4946DFF87091361140468D
:1095B0000027012E76D1A1F15479584901EBC7015A
:1095C00002464B46D1E90001F6F7C6FF544B0A4666
:1095D0000B4054498B42804640D8A1F580118B4204
:1095E00086BFDFF844914FF0FF3802F1547932E042
:1095F0000A9AC4F125039342C5DB474DC4F10F0419
:1096000005EBC40142464B46D1E90001F6F7A4FF41
:109610000A9B1C1B05EBC405D5E9002398E716330C
:10962000B1DBDDE905239A1A3B4B03EBC203D3E917
:10963000002340464946F7F7B9F88BE7364901EB76
:10964000CA0142464B46D1E90001F6F785FF804644
:109650008946002EA4D1002307939BE000240594A3
:109660000E940694049ADFF8B890222313604FF00A
:1096700000080E9B002B3FF4C4AD1A99049802F029
:10968000CDF80699049802F0C9F8DDE9040102F06A
:10969000C5F80E99049802F0C1F80498214602F02A
:1096A000BDF8AEE5F20703D5D9E90023F6F754FF7C
:1096B0000137761009F108097BE7CCD0CAF1000A1E
:1096C0004FEA2A161AF00F0A0DD11F2E2EDD0024A4
:1096D00005940E940694049A22234FF000084FF04C
:1096E00000091360C5E70C4B03EBCA03404649462B
:1096F000D3E90023F7F75AF880468946002EAAD00E
:10970000E3E700BF15E40008F4E500080DE40008F5
:1097100049E40008F3E5000880E7000858E700087E
:109720000000F07F0000A07CFFFFEF7F16F0100329
:1097300018BF6A23754F079340464946F30703D580
:10974000D7E90023F6F708FF761007F10807F5D1EF
:10975000079B80468946ABB1C1F30A52C2F16B0345
:10976000002B0F460EDD1F2B55DD342BDEBF4FF0D7
:10977000FF33C2F14B029340B046CCBF4FF05C794F
:1097800003EA01090022002340464946F7F74CF955
:1097900000289CD10E9B0093049823465A462946E4
:1097A00002F0A4F80E9000283FF458AFDDE905233D
:1097B0009B1A0A9A002AA8BF00231493002422EAC5
:1097C000E273169305940E9B0498596801F0E8FF24
:1097D000069000283FF446AF0E9B1A69023203F14F
:1097E0000C0192000C3000F02FFC49EC108B049817
:1097F0001CAA1BA9CDE90C8902F0CCFB1A90002809
:109800003FF430AF0498012102F006F905900346B9
:1098100040B9059326E74FF0FF3202FA03F303EA5B
:109820000008AFE71B9D079A002DABBF149B169B4A
:10983000169E149FACBFEF185E1B1C9BAD1A1D44F7
:10984000334A013D9542C3F1360354DA3149521B84
:109850008D42A3EB02034FF0010140DB01FA02FA53
:10986000002507EB030B1E44079B5F451E443B4648
:10987000A8BF5B46B342A8BF3346002BC2BFABEBC9
:10988000030BF61AFF1A149B002B18DD1A46DDE9AC
:10989000040102F08DF9059003460028B9D0014675
:1098A0001A9A049802F0CEF8034600283FF4DAAE84
:1098B0001A9904980F9301F0B1FF0F9B1A93BBF113
:1098C000000F1ADC0A9B002B26DD169A06990498D5
:1098D00002F06EF906900346F0B90693C2E6C5F1B0
:1098E0007F4505F57F0505F57B45E23501FA05F570
:1098F0004FF0010AB5E70025FAE71A9904985A468D
:1099000002F0B2F91A900028DCD1ABE620E600089C
:1099100002FCFFFFE3FBFFFF002E08DD0699049821
:10992000324602F0A1F9069003460028D5D0002F58
:1099300008DDDDE904013A4602F096F905900028B9
:109940003FF490AE069A1A99049802F01BFA044666
:1099500000283FF487AEC3680F9300230599C360C6
:1099600002F0F4F900283CDA0F9B53EA08035FD1B8
:10997000C9F313034E46002B5AD129F000431B0DA7
:109980001B05B3F1D66F53D9636913B92369012B52
:109990004EDD21460122049802F066F9059904463D
:1099A00002F0D4F9002843DDAD4B079A3340002A7A
:1099B0005DD0B3F1D66F5AD8B3F15C7F7FF68BAE32
:1099C000A84B404649460022F6F7C6FDA44B0B4083
:1099D00080468946002B7FF450AE049A2223136000
:1099E0004BE64E4660D10F9AC9F313034AB39E4A21
:1099F000934229D1079B4146F3B1994B09EA0303EE
:109A0000B3F1D46F4FF0FF3219D81B0DC3F16B03C4
:109A100002FA03F3994217D1944B9E4202D10131CD
:109A20003FF420AE8E4B334003F580194FF0000811
:109A3000079B002BC4D120E64FF0FF33EAE7134623
:109A4000E8E753EA0803AFD0D5B13542F0D00F9B19
:109A5000079A40464946B3B1FFF764FBDDE90C01C4
:109A600053EC102BF6F7C2FB80468946E0E7A3F5DE
:109A700080136FEA13596FEA09594FF0FF38D7E79F
:109A80001AEA080FE2E7FFF74DFBDDE90C0153ECA2
:109A9000102BF6F7A9FB0022002380468946F6F733
:109AA000C3FF0028C4D016E60599204602F0CAFA82
:109AB0005BEC10AB00224FF0804350465946F6F75E
:109AC000C7FF002872D00F9B002B7DD1B8F1000F8B
:109AD00058D1C9F31303002B5AD1654B00225046CD
:109AE0005946F6F7ABFF00285BD150465946614B0B
:109AF0000022F6F731FD82468B460BF10043CDF88C
:109B000020A00993DDE90823554DCDE9102306EA8D
:109B100005031593584B06EA05029A4240F0B080BF
:109B2000A6F1547949EC108B02F0C4F9DDE9082361
:109B300051EC100BF6F710FD42464B46F6F756FB7C
:109B40004E4A0D409542804645D90D9A474B9A4260
:109B500003D10C9B01333FF485ADDFF810914FF03A
:109B6000FF381A99049801F059FE0699049801F0FB
:109B700055FEDDE9040101F051FE0498214601F093
:109B80004DFE20E6B8F1010F02D1002E3FF4A3AD47
:109B90009FED2B7BDFF8D8B08DED087B4FF0000AEE
:109BA000B0E7DFF8D0B04FF0000AA6E7314B5046DF
:109BB00059460022F6F7D0FC0F9B82468B46002BBD
:109BC0009BD0CDE908AB9DE79FED1F7B8DED087B1A
:109BD0005BEC17AB96E701F15479079B002BC0D1E2
:109BE000159A29F000431B0DB2EB035FB9D1504623
:109BF000594603F005FAF6F781FC02460B4650463B
:109C00005946F6F7F1FA0F9AC9F3130343EA08032A
:109C1000134306460F4672D00DA3D3E90023F6F78F
:109C20000DFF00287FF429AD0BA3D3E900233046B4
:109C30003946F6F721FF002893D01EE5AFF30080E8
:109C4000000000000000F0BF000000000000F03F36
:109C50009535A094FFFFDF3F35E5AF350000E03FCD
:109C60000000F07F00005039FFFF0F00FFFFEF7F83
:109C70000000F03F0000E03F0000E07FFFFF9F7C1E
:109C8000079B33B3159BB3F1D46F22D828A3D3E934
:109C9000002350465946F6F7DBFEA0B15946504620
:109CA000F6F732FF012838BF0120F6F7DBFB0F9BE8
:109CB00082468B4603BB01F1004312901393DDE90A
:109CC0001223CDE91023119B159A03F1D6639B1A39
:109CD00011939DED0C0BDDE9106702F0EBF83046B7
:109CE00053EC102B3946F6F737FCDDE90C23F6F779
:109CF0007DFA8046894670E7CDE912ABDFE70EA317
:109D0000D3E90023F6F79AFE95E700230B93179A01
:109D1000199B1360FFF779BA652A3FF464AB452AB3
:109D20003FF461AB0121FFF79FBB00BFAFF30080A1
:109D30000000C0FFFFFFDF419535A094FFFFCF3F3C
:109D40000A4601460248034B0068FFF709BA00BF04
:109D50007C01002010000020242B2DE9F0478846CC
:109D600001D8012B06D100F03DF916230360002035
:109D7000BDE8F087344E0D46294615F8014B375D96
:109D800017F00807F8D12D2C10D12C7801278D1C45
:109D900033F0100115D1302C0DD1297801F0DF01FD
:109DA000582908D16C78023510230AE02B2C04BF07
:109DB0002C788D1CECE7002BF6D1302C14BF0A2335
:109DC000082307F1004E0EF1FF3E0021BEFBF3F920
:109DD0000E4603FB19EAA4F1300CBCF1090F10D8B0
:109DE0006446A3421EDDB1F1FF3F07D0B14516D353
:109DF00001D1A24513DB06FB0346012115F8014BF7
:109E0000E9E7A4F1410CBCF1190F01D8373CE8E7B0
:109E1000A4F1610CBCF1190F04D8573CE1E74FF0F5
:109E2000FF31EBE74B1C05D122230360764632B9A4
:109E300030469DE707B17642002AF9D009B105F115
:109E4000FF38C2F80080F3E749E6000813460A46E7
:109E5000014602480068FFF77FBF00BF7C01002079
:109E60002DE9F8438046894614460026D4E9017559
:109E7000013F05D52468002CF8D13046BDE8F883B1
:109E8000AB89012B07D9B5F90E30013303D0294630
:109E90004046C84706436835EAE700000FB407B5F7
:109EA000064904AB086853F8042B8168019301F05C
:109EB00057FB03B05DF804EB04B070477C01002051
:109EC000036A70B5846805460E460BB9FFF712F9B0
:109ED000636EDB0705D4A389980502D4A06D00F05A
:109EE000ACF8A389190702D52369002B35D1214687
:109EF000284602F047FA80B34FF0FF35636EDA0769
:109F000005D4A3899B0502D4A06D00F097F82846DC
:109F100070BD002B04DAA269934217DB0A2915D021
:109F200023685A1C22601970A36816F8011F013BB0
:109F3000A3600029EDD18B4211DA22460A2128467E
:109F400002F0E2F90130D7D00A25D7E722462846A9
:109F500002F0DAF90130E7D1CEE7013EE4E7236809
:109F60005A1C22600A221A70EEE70000024B0146DA
:109F70001868FFF7A5BF00BF7C010020884210B51C
:109F800001EB020402D98442234607D8431EA142B2
:109F900007D011F8012B03F8012FF8E702448242A1
:109FA00000D110BD13F8011D02F8011DF7E70244AE
:109FB0000346934200D1704703F8011BF9E710B53F
:109FC0006AB101398418027811F8013F9A4204D12C
:109FD0000130A04201D0002AF5D1D01A10BD1046A0
:109FE000FCE70000014B1868704700BF7C010020AF
:109FF00070B50D4B0D4C00261D1BB6EBA50F09D1FE
:10A0000003F034F80A4C0B4B00261D1BB6EBA50FD2
:10A0100005D170BD54F8043B98470136EDE754F87C
:10A02000043B98470136F1E788E8000888E8000813
:10A0300088E800088CE80008704770477047000007
:10A0400000487047000100200A44914200F1FF33AC
:10A0500000D1704710B511F8014B03F8014F914240
:10A06000F9D110BD000000009FED010B704700BF4B
:10A07000000000000000F87F2DE9F74F03690C692C
:10A08000A34280467EDB013C01F11407A30000F1EE
:10A090001405009305EB8403019357F8243055F819
:10A0A000242001339A4207EB8409B2FBF3F62ED346
:10A0B0004FF0000ABC46AE46D3465CF8043B98B26B
:10A0C00006FB00A0020C1B0C06FB0323DEF800209D
:10A0D00080B292B2121A5A44DEF800004FEA134AD4
:10A0E0009BB2C3EB224303EB104392B242EA03421A
:10A0F000E1454EF8042B4FEA234BDED2009BEB5890
:10A100002BB9019B1A1F954230D3C8F81040404626
:10A1100001F01CFE002825DB01362946002057F8F7
:10A12000042BD1F800C01FFA82FE1FFA8CF3A3EBB8
:10A130000E030344120CC2EB234202EB1C429BB2FF
:10A1400043EA0243B94541F8043B4FEA2240E6D2D4
:10A1500055F8242005EB840322B9043B9D420BD320
:10A16000C8F81040304603B0BDE8F08F1368002BEC
:10A17000CBD1043A013CC6E71A68002AF0D1043B6F
:10A18000013CEBE70020EEE72DE9F04F99B08DEDB3
:10A190000E0B0C92C269229C0A9157EC106B8146FF
:10A1A000139382B9102001F0FBF80246C9F81C0095
:10A1B00020B9A94BEF21A94802F01AFA0023C0E9FF
:10A1C00001330360C360116859B152684A600123CA
:10A1D00093408B60484601F021FBD9F81C300022E7
:10A1E0001A60B7F10008B5BF012300232360236084
:10A1F0009B4BBCBF28F00048CDF83C8033EA0803F5
:10A200001AD1139AC8F3130842F20F7358EA0608DA
:10A21000136000F06185239B53B9924B21E0924B70
:10A2200000930833239A1360009819B0BDE8F08FAB
:10A230008C4B00930333F5E79DED0E7B002251EC30
:10A24000170B00238DED067BF6F7EEFB824650B12F
:10A25000139A01231360239B13B1239A834B13603A
:10A26000834B0093E0E79DED060B16AA17A948461D
:10A2700001F090FE5FEA1854169D019079D0079B7B
:10A28000CDF850A0C3F31303DDE9060143F07F537B
:10A2900043F44013A4F2FF3419460022754BF5F73E
:10A2A000A3FF67A3D3E90023F6F756F966A3D3E922
:10A2B0000023F5F79BFF064620460F46F6F7E2F827
:10A2C00063A3D3E90023F6F747F902460B4630466D
:10A2D0003946F5F78BFF06460F46F6F7EDFB0022F1
:10A2E0008046002330463946F6F7A8FB48B1404681
:10A2F000F6F7C8F832463B46F6F796FB08B908F180
:10A30000FF38B8F1160F51D85B4B03EBC803D3E904
:10A310000023DDE90601F6F791FB002848D008F19B
:10A32000FF38002312932D1B6B1E089343BF00239D
:10A33000C5F1010708930027B8F1000F3ADB089B2D
:10A34000CDF8348043440893002309930A9B092BDA
:10A3500062D8052BC4BF043B0A930A9BA3F10203F6
:10A36000CCBF00240124032B62D8DFE803F0515353
:10A37000362B179C2C4404F23243202BC1BFC3F16F
:10A38000400308FA03F804F2124326FA03F3D6BF97
:10A39000C3F1200348EA030006FA03F0F6F762F877
:10A3A0000122A1F1F873013C149275E70123B9E78A
:10A3B0001290B8E7C8F1000309930023A7EB080740
:10A3C0000D93C3E701230B930C9B43440593013387
:10A3D000012B0493B8BF012306E001230B930C9BD0
:10A3E000002B28DDCDE90433D9F81C00002104221C
:10A3F00002F114059D4243D94160484601F0D0F96D
:10A40000009000283FD11D4B024640F2AF11D2E62A
:10A410000023E3E70023D6E701240023CDE90A3433
:10A420004FF0FF330022CDE904330C921223DBE717
:10A4300001230B93F4E70123CDE904330C93D3E715
:10A4400061436F63A787D23FB3C8608B288AC63F3A
:10A45000FB799F501344D33F53E400086AE400089B
:10A460000000F07F4FE4000846E4000819E400080B
:10A4700018E400080000F83F80E70008CBE400087B
:10A4800001315200B4E7D9F81C30009A1A60049BDD
:10A490000E2B75D8002C73D0B8F1000F40F3C48098
:10A4A0009F4B08F00F0203EBC20318F4807FD3E93F
:10A4B00000AB4FEA281500F0A3809A4BDDE90601B6
:10A4C000D3E90823F6F772F9CDE9020105F00F058B
:10A4D0000324944E002D40F0998052465B46DDE9FE
:10A4E0000201F6F763F982468B46129B002B00F0BF
:10A4F000C3808D4B002250465946F6F79FFA00283C
:10A5000000F0BA80049B002B00F0B680059B002B66
:10A5100036DD08F1FF33029350465946834B002243
:10A52000F6F71AF8059E82468B4601342046F5F769
:10A53000A9FF52465B46F6F70FF87D4B0022F5F770
:10A5400055FE0446A1F15075CDE91045002E40F0AE
:10A550009780784B002250465946F5F745FE224633
:10A560002B4682468B46F6F787FA002840F0BD82DC
:10A57000224605F1004350465946F6F75FFA20BBE4
:10A58000179B002BC0F28D81B8F10E0F00F389816B
:10A59000634B03EBC803D3E900AB0C9B002B80F2A9
:10A5A0001B81049B002B00F317810ED1614B00220D
:10A5B00050465946F5F7D0FF02460B46DDE9060145
:10A5C000F6F746FA002800F0938200252C460C9BF3
:10A5D000009EDB430293274600242946484601F0AB
:10A5E0001DF9002F00F0EE802CB1BC4203D02146B3
:10A5F000484601F013F93946484601F00FF9E1E009
:10A600009DED067B02248DED027B62E7E90708D50C
:10A6100050465946D6E90023F5F79EFF013482469D
:10A620008B466D10083655E722D0C8F100053C4B2B
:10A630003C4E05F00F0203EBC203D3E90023DDE932
:10A640000601F5F789FF2D1182468B460224002D65
:10A650003FF44BAFEA0708D550465946D6E90023E8
:10A66000F5F77AFF013482468B466D100836EEE727
:10A67000DDE906AB022438E7049ECDF8088055E7F3
:10A68000274B03EBC60353E902010B9B002B55D06C
:10A6900002460B4600202849F6F788F8DDE910232A
:10A6A000F5F7A2FD009BCDE910019D191E46594604
:10A6B0005046F6F701FA00F13004F5F7E3FE0246E2
:10A6C0000B4650465946F5F78FFDDDE9102306F895
:10A6D000014B82468B46F6F7B1F9002872D15246FB
:10A6E0005B4611490020F5F77FFDDDE91023F6F701
:10A6F000A5F9002840F0B680AE423FF441AFDDE955
:10A7000010010A4B0022F5F727FF084BCDE9100195
:10A71000002250465946F5F71FFF82468B46C6E792
:10A7200080E7000858E700080000F03F00002440E0
:10A7300000001C40000014400000E03FDDE9102351
:10A74000F5F70AFF009B009CCDE9100133441593F7
:10A7500059465046F6F7B0F900F13005F5F792FE8C
:10A760000B46024659465046F5F73EFD04F8015B9C
:10A77000159B9C4282468B4627D1009B0022DDE937
:10A7800010011E44AA4BF5F731FD02460B46504618
:10A790005946F6F771F9002864D1DDE91023A44980
:10A7A0000020F5F721FD02460B4650465946F6F7C4
:10A7B00045F900283FF4E4AE334616F8012D302A5F
:10A7C000FAD01E46DDF808803AE09A4B0022F5F7F1
:10A7D000C3FE82468B46BBE7009E52465B46DDE9E0
:10A7E0000601F5F7E3FFF6F767F90746F5F74AFEC6
:10A7F00052465B46F5F7B0FE02460B46DDE9060120
:10A80000F5F7F2FC07F1300C009C06F801CBA6EB43
:10A81000040C049C644502460B4633D1F5F7E6FC74
:10A8200052465B4604460D46F6F726F9C0B9524635
:10A830005B4620462946F6F7F7F808B1FB070FD428
:10A840000199484600F0EAFF0023139A337008F19B
:10A8500001031360239B002B3FF4E6AC1E60E3E48E
:10A86000CDF8088033461E4613F8012D392A06D14B
:10A87000009A9A42F7D1029A0132029230220132B2
:10A880001A709FE76B4B0022F5F766FE02460B46F7
:10A89000CDE9062300220023F6F7C6F800289CD055
:10A8A000CEE70B9A002A00F0DF800A9A012A00F313
:10A8B000C380149A002A00F0B78003F23343099D45
:10A8C0003E46089A01211A4448461F44089201F066
:10A8D000A3F8044656B1089B002B07DDB342089A43
:10A8E000A8BF3346FF1AF61AD31A0893099B0BB375
:10A8F0000B9B002B00F0BF80002D00F0B98021469B
:10A900002A46484601F054F9019A01460446484651
:10A9100001F098F801998246484600F07FFF099BB4
:10A920005B1B099300F0AA80099A5146484601F042
:10A930003FF901900121484601F06EF80D9B054654
:10A94000002B00F0D0811A460146484601F030F94C
:10A950000A9B012B054600F399800E9B002B40F0CB
:10A9600090800F9BC3F31303002B40F08A800F9B52
:10A9700023F000431B0D1B05002B00F08580089B76
:10A980000133013708934FF0010A0D9B002B00F0B3
:10A99000B0812B6905EB8303186900F0F1FFC0F16A
:10A9A0002000089B184410F01F0076D01B2870DC94
:10A9B000C0F11C000744064403440893002F05DD42
:10A9C00001993A46484601F04FF90190089B002B47
:10A9D00005DD29461A46484601F046F90546129B10
:10A9E000002B5FD00198294601F0B0F9002859DA10
:10A9F00008F1FF330293019900230A22484600F030
:10AA00002FFF0B9B0190002B00F075810023214646
:10AA10000A22484600F024FF059B002B044671DC07
:10AA20000A9B022B47DC6DE0169BC3F1360346E719
:10AA30000000E03F00002440049B5D1E099BAB42E8
:10AA400008DB5D1B049B002BBFF63AAF049BFE1A8C
:10AA5000002336E7099B0D9A0995EB1A1A440D92CB
:10AA6000049B3E4600252CE7099D0B9C3E4631E7A2
:10AA7000DDF804A058E7099A019957E7CDF804A03A
:10AA800058E74FF0000A80E79A467EE74FF0000A49
:10AA90007FE71C2892D0C0F120001C30089B07449F
:10AAA000064489E7049BCDF80880002B24DC05933D
:10AAB0000A9B022B22DD059B002B7FF488AD2946E3
:10AAC000059B0522484600F0CBFE0146054601984D
:10AAD00001F03CF900287FF77AAD009E312306F89B
:10AAE000013B029B0133029375E535462C46F4E7A2
:10AAF000049DCDF80880F9E7049B05930B9B002B80
:10AB000000F0FD80002E05DD21463246484601F06A
:10AB1000ABF80446BAF1000F58D06168484600F01F
:10AB20003FFE064628B9814B024640F2EF21FFF76F
:10AB300042BB22690232920004F10C010C30FFF793
:10AB400083FA01223146484601F08EF80746009B01
:10AB5000009A03F10108059B134406930E9B03F032
:10AB60000103089329460198FFF786FA21460490CD
:10AB700000F1300B019801F0E9F83A4605902946BA
:10AB8000484601F0FFF8C26808F1FF3A0646FAB9F4
:10AB90000146019801F0DAF802463146484609922A
:10ABA00000F03CFEDDE9092342EA0301089B19435A
:10ABB00046460FD1BBF1390F28D0059B002B02DD93
:10ABC000049B03F1310B8AF800B006E52746BEE787
:10ABD0000122E2E7059B002B04DB0A990B4308994D
:10ABE0000B4320D1002AEEDD01990122484601F0F5
:10ABF0003BF82946019001F0A9F8002803DCE2D1D6
:10AC00001BF0010FDFD0BBF1390FD9D139238AF8FE
:10AC1000003033461E46013B16F8012C392A52D02B
:10AC200001321A70D9E4002A07DDBBF1390FEDD0EB
:10AC30000BF101038AF80030CFE4069B08F801BC51
:10AC400043452AD0019900230A22484600F008FE15
:10AC5000BC4201904FF000034FF00A0221464846E3
:10AC600006D100F0FDFD0446074608F1010879E72A
:10AC700000F0F6FD3946044600230A22484600F05B
:10AC8000EFFD0746F1E7059B5E1E002B009BD8BF3A
:10AC900000265A1C274616440024019901224846E2
:10ACA00000F0E2FF2946019001F050F80028B0DCE6
:10ACB00002D11BF0010FACD133461E4613F8012D13
:10ACC000302AFAD089E4009A9A42A3D1029B013338
:10ACD00002933123137080E4239B002B7FF49FAAFF
:10ACE000134BFFF7BEBA0A9B012B7FF736AEDDF898
:10ACF00034A0012055E6059B002B7FF7D9AE009EBE
:10AD000001982946FFF7B8F900F1300B009B06F8CF
:10AD100001BBF21A059B9342B5DD019900230A227B
:10AD2000484600F09DFD0190EAE700BFCBE4000833
:10AD300046E400080369B3EB611F2DE9F0434FEAD5
:10AD4000611200F1140443DD11F01F0104EB830CC8
:10AD500004EB82050CD100F110062946614532D37F
:10AD60009B1A9B00033DAC4538BF0023234414E0ED
:10AD700054F82260C1F12008CE4005F1040EA1462E
:10AD8000F44515D89A1A9200043A0135AC4538BFFB
:10AD90000022A318A65006B104331A1BA3424FEA9F
:10ADA000A20208BF0023026108BF4361BDE8F0832F
:10ADB000DEF8007007FA08F7374349F8047B5EF8BD
:10ADC000046BCE40DCE751F8047B46F8047FC5E70E
:10ADD0002346E2E7A0F13003092B02D82038C0B2A5
:10ADE0007047A0F16103052B01D84738F7E7A0F1C0
:10ADF0004103052B01D82738F1E7002070470000F8
:10AE00002DE9F04F85B00F4602930B6801909146F3
:10AE10009C1C20783028A04604F10104F9D0A8EB4E
:10AE20000303A3F1020BFFF7D5FF8246002838D1B8
:10AE30009F4901224046FFF7C2F80546002863D12A
:10AE400098F801002646FFF7C5FF00285ED020785D
:10AE50003028A04604F10104F9D0FFF7BBFFB0FA97
:10AE600080F4640935464FF0010BC24656460AF19C
:10AE7000010A3078FFF7AEFF0028F7D18C49012294
:10AE80003046FFF79CF878B945B9554656460AF161
:10AE9000010A3078FFF79EFF0028F7D1AD1BAD0007
:10AEA00004E000242546E0E7002DF7D1337803F0D5
:10AEB000DF03502B37D173782B2B29D02D2B2BD0A0
:10AEC000711C4FF0000A0878FFF784FF431EDBB2C5
:10AED000182B28D8A0F1100211F8010FFFF77AFF04
:10AEE000431EDBB2182B1AD9BAF1000F00D0524220
:10AEF00015443960CCB1BBF1000F0CBF0627002709
:10AF0000384605B0BDE8F08F464655460124CDE7EA
:10AF10004FF0000AB11CD6E74FF0010AFAE70A2306
:10AF200003FB0200D6E73146E3E7A6EB0803013B4B
:10AF30002146072B0ADC019800F032FC044640B998
:10AF40005C4B0246E4215C4801F052FB01315B108E
:10AF5000EFE700F1140A002357469B46B04537D36C
:10AF600047F804BBA7EB0A07BB102361584600F063
:10AF700007FDD9F80060C0EBC707B74254DDBF1B1F
:10AF80003946204601F0B2F8804678B17B1E59114F
:10AF900003F01F025AF821104FF0010808FA02F2DC
:10AFA0000A4203D0434536DC4FF0020839462046BA
:10AFB000FFF7C0FE3D44D9F80830AB4242DA0198B1
:10AFC000214600F02BFC0E9A00231360A32797E77D
:10AFD00016F8012D2E2A12D0202B04D147F804BBDD
:10AFE0004FF0000B5B4630780393FFF7F3FE039BB3
:10AFF00000F00F0098404BEA000B0433AEE7B04579
:10B00000EAD82B49039301223046FEF7D8FF039B71
:10B010000028E1D1A2E7B91E204601F067F8002818
:10B02000C2D04FF00308C1E709DAF71B21460198A7
:10B030003A4600F019FEED1B044600F1140A4FF0E9
:10B040000008B8E7D9F80430AB426FDD5D1BAE42B3
:10B0500034DCD9F80C30022B22D0032B24D0012B66
:10B0600015D1AE4213D1012E0BD1029AD9F804307A
:10B07000136001232361CAF800300E9B62271C6015
:10B080003EE7711E204601F031F80028EDD101980D
:10B09000214600F0C3FB0E9A0023136050272FE7D0
:10B0A0000F9B002BF3D1E0E70F9B002BDDD1EEE7E8
:10B0B0003CE40008CBE40008DCE400086F1EB8F1B3
:10B0C000000F30D127B13946204601F00FF88046F5
:10B0D0007A1101235AF8222007F01F07BB401342C0
:10B0E0002946204618BF48F00208761BFFF722FECB
:10B0F000D9F804500227B8F1000F42D0D9F80C302B
:10B10000022B15D0032B17D0012B09D118F0020FF9
:10B1100006D0DAF8003048EA030818F0010F0ED123
:10B1200047F010072DE04FF00108D1E70127E2E7D3
:10B130000F9BC3F101030F930F9B002BF0D0D4F8AA
:10B1400010A004F1140303EB8A0100201A68B2F185
:10B15000FF3F1BD001321A60022F04F114033CD1CF
:10B16000D9F80020013AB24209D17111012253F8F5
:10B17000213006F01F0602FA06F61E423AD147F0C9
:10B1800020070E9B1C60029B1D60B9E643F8040B70
:10B190009942DBD8A3689A4517DB616801980131B1
:10B1A00000F0FEFA804618B91A4B02468421CAE61E
:10B1B0002269023204F10C0192000C30FEF744FFC8
:10B1C0002146019800F02AFB444623695A1C04EBEF
:10B1D0008303226101225A61BEE7226952450BDDD9
:10B1E00001212046FFF7A6FDD9F808300135AB4212
:10B1F000FFF6E5AE0127C2E716F01F06FAD003EB13
:10B200008A03C6F1200653F8040C00F0B9FBB042E3
:10B21000E6DBEFE7CBE40008C2F10802920070B56C
:10B22000C2F120064368046803FA06F52C43D340B4
:10B23000046040F8043F8842F4D370BD30B5036821
:10B240000139013311F8014F14B90360012030BDF9
:10B2500013F8012BA2F14105192D98BF2032A2420B
:10B26000F0D00020F3E72DE9F04F0B6887B05E11B6
:10B27000029013F01F0302EB86060193029B18BF96
:10B2800004360025371F196846F8045C9046B94615
:10B290003C46AB46AA464A784B1C039332B3104651
:10B2A00005910492FFF796FD002851D1049A059963
:10B2B000202A16D8DA4512DD4C4506D2072D04DCCB
:10B2C0002A4649462046FFF7A7FF444553D90023A5
:10B2D000A4F1040944F8043CD3464C461D460399A6
:10B2E000D9E7292A59D1029B02311960BAF1000F1E
:10B2F00053D04C4506D2072D04DC2A464946204649
:10B30000FFF78AFF444538D9A8F10402234653F8D1
:10B31000041B42F8041F9F42F9D23B1B23F0030396
:10B320000134033EB44288BF002308F104021344F1
:10B3300000211A4604339F421160FAD23B681BB9C0
:10B34000474528D101233B60052007B0BDE8F08FB9
:10B350000135082D0AF1010A06DD4445BFD9002355
:10B3600044F8043C0125043C226800F00F0040EA48
:10B3700002102060B3E70825B1E7019B002BDDD068
:10B38000C3F120034FF0FF32DA4056F8043C13407B
:10B3900046F8043CD2E7043FD0E70420D5E700009C
:10B3A000024B0146186800F025B800BF7C01002060
:10B3B00070B50F4C0E462168054611B901F0D4F85E
:10B3C00020603146284601F0CFF8431C03D14FF0EE
:10B3D000FF34204670BDC41C24F00304A042F8D002
:10B3E000211A284601F0C0F80130F2D1EFE700BF82
:10B3F000644700202DE9F843CD1C25F003050835EE
:10B400000C2D38BF0C25002D064601DBA94204D9BE
:10B410000C2333600020BDE8F883334F00F0B4F90B
:10B420003B681C463CBB29463046FFF7C1FF431C26
:10B43000044656D13C68A046B8F1000F40D1002C1C
:10B4400049D023684146304604EB030901F08CF8EB
:10B45000814540D121686D1A29463046FFF7A8FF83
:10B46000013038D023682B4423603B685A685ABBAC
:10B47000C7F800800EE02268521B1ED40B2A16D992
:10B480006119A342256018BF5960636808BF39601D
:10B4900062514B60304600F07DF904F10B00231D32
:10B4A00020F00700C21A1CBF1B1AA350B3E7626842
:10B4B000A3420CBF3A605A60ECE723466468B1E7E8
:10B4C0004446D8F80480B7E71A465B68A342FBD12C
:10B4D00000235360DEE70C233360304600F05AF956
:10B4E00098E70560D6E700BF6847002082B001B941
:10B4F00001A942B14BB113780B601278101E18BF2E
:10B50000012002B070471046FBE76FF00100F8E73A
:10B510009368013B002B10B4936007DA9469A3424F
:10B5200001DB0A2902D110BC00F0EEBE1368581CE2
:10B5300010601970084610BC7047F8B506460F46F3
:10B540001446D518AC4201D1002007E014F8011BC5
:10B550003A463046FFF7DCFF431CF3D1F8BD00004C
:10B560002DE9F04706469CB00D4614461F4618B11B
:10B57000036A0BB9FDF7BEFD6B6ED90705D4AB8925
:10B580009A0502D4A86DFEF758FDAB891B0701D5BB
:10B590002B699BB92946304600F0F4FE70B16B6E02
:10B5A000DE0704D54FF0FF301CB0BDE8F087AB8953
:10B5B0009C05F7D4A86DFEF741FDF3E7002309933E
:10B5C00020238DF82930039730236A4F8DF82A30D5
:10B5D0004FF0010823461A7899461AB1252A03F13B
:10B5E0000103F8D1B9EB040A0BD053462246294691
:10B5F0003046FFF7A2FF013000F0A380099A5244C1
:10B60000099299F80030002B00F09B8000224FF047
:10B61000FF33CDE9053209F10109049207928DF853
:10B6200053201A924C46052214F8011B5148F4F796
:10B630007FFD049AD0B9D00644BF20238DF8533043
:10B64000110744BF2B238DF8533099F800302A2B73
:10B6500013D007994B4600204FF00A0C1A78303A65
:10B66000092A1C464AD9A8B1079113E0C01B08FA61
:10B6700000F010430490A146D4E7039B191D1B68FA
:10B680000391002BBBBF5B4242F00202079307937A
:10B69000B8BF049223782E2B0AD163782A2B32D19B
:10B6A000039B1A1D1B68039243EAE373023405935C
:10B6B000DFF8D090217803224846F4F739FD38B1FD
:10B6C000049BA0EB09004022824013430134049301
:10B6D000217829488DF828100622F4F729FD002842
:10B6E0003ED0264818BB039B073323F007030833DB
:10B6F0000393099B0344013409936BE701330CFB6B
:10B7000001210120AAE700230593611C18464FF090
:10B710000A0C0A78303A092A0C4603D9002BC7D004
:10B720000590C5E701310CFB00200123F1E703ABD5
:10B7300000932A46124B04A93046FDF789F8431CB2
:10B74000D7D16B6ED90705D4AB899A0502D4A86D01
:10B75000FEF774FCAB895B063FF524AF099823E73D
:10B7600003AB00932A46064B04A93046FDF70AFBBB
:10B77000E5E700BF45E500084FE5000851880008EF
:10B780003BB500084BE500080148FEF756BC00BF7A
:10B79000604700200148FEF751BC00BF6047002011
:10B7A00070B5C46905460E4684B91020FFF7F8FD50
:10B7B0000446E86128B90246164B17486B2100F091
:10B7C00017FF0023C0E901330360C360E36853B986
:10B7D00021220421284600F029FFEB69E060DB68A4
:10B7E0000BB9002070BD53F8260030B1026843F851
:10B7F00026200023C0E90333F4E7012101FA06F40F
:10B80000621D9200284600F011FF0028E9D0C0E92F
:10B810000164EEE753E4000856E5000870B5C4691A
:10B8200006460D4674B91020FFF7BAFD0246F061D6
:10B8300020B9094B09488F2100F0DAFEC0E9014424
:10B840000460C4603DB1F3696A68DB6853F8221094
:10B85000296043F8225070BD53E4000856E5000803
:10B860002DE9F0410D6907460C461E4601F1140C06
:10B870000020DCF8003099B202FB01611E0C0B0CB9
:10B8800002FB063389B2013001EB034185424CF8DB
:10B89000041B4FEA1346ECDC0EB3A368AB4219DC81
:10B8A000616838460131FFF77BFF804628B90246C0
:10B8B0000C4B0D48BA2100F09BFE2269023204F1C4
:10B8C0000C0192000C30FEF7BFFB21463846FFF713
:10B8D000A5FF444604EB850301355E6125612046E2
:10B8E000BDE8F081CBE4000856E500082DE9F843F7
:10B8F000884614461F4609220833064693FBF2F396
:10B90000002101229A4209DB3046FFF749FF40B986
:10B910000246194B1948D32100F06AFE520001314A
:10B92000F0E7089B4361092C4FF00103036108DC39
:10B9300008F10A050924641B2B199F4212DCBDE89B
:10B94000F88308F10905A946A04419F8013B01460E
:10B95000303B0A223046FFF783FFC145F5D125442D
:10B96000083DE8E715F8013B0146303B0A22304626
:10B97000FFF776FFE0E700BFCBE4000856E50008DC
:10B98000B0F5803F034636BF030400201020B3F11A
:10B99000807F3CBF1B020830B3F1805F3CBF1B01BE
:10B9A0000430B3F1804F3CBF9B000230002B04DB1E
:10B9B0005B0001D50130704720207047036813F009
:10B9C000070201460BD0DA0722D4980749BF5B086B
:10B9D0009B0801200B605CBF0B600220704798B28F
:10B9E000A0B91B0C1020DAB20AB908301B0A1A07DA
:10B9F00004BF1B0904309A0704BF9B080230DA0712
:10BA000002D45B0806D001300B6070471046EAE7AD
:10BA1000002070472020704710B50C460121FFF729
:10BA2000BFFE024628B9054B054840F2451100F01B
:10BA3000DFFD01234461036110BD00BFCBE40008BA
:10BA400056E500082DE9F04FD1F81080D2F810909B
:10BA5000C84585B00E46144604DB4B460C46C1462D
:10BA600016469846A368616809EB0807BB42B8BF51
:10BA70000131FFF795FE30B902464B4B4B484FF46E
:10BA8000B17100F0B5FD00F1140505EB870B2B46F5
:10BA900000225B4522D306F1140101EB880304F177
:10BAA000140C0CEB890C029304F1150363458CBF55
:10BAB000002301230093ACEB0403153B9B08019387
:10BAC000029B03918B420CD8002F03DD5BF8043DF1
:10BAD000002B67D0076105B0BDE8F08F43F8042B59
:10BAE000D7E7B1F800A0BAF1000F28D004F114088C
:10BAF000A9464FF0000E58F8042BD9F8003096B242
:10BB00009BB20AFB0633D9F80060120C360C734462
:10BB10000AFB026606EB13469BB243EA0643C445A2
:10BB200049F8043B4FEA164EE5D8009A019B002ADB
:10BB30004FEA830308BF00232B44C3F804E0039BB0
:10BB4000B3F802E00431BEF1000F29D02B6804F1F4
:10BB500014069846A9464FF0000A32880EFB02A24E
:10BB600002EB18429BB243EA024349F8043B56F801
:10BB7000043BD9F800804FEA134A1FFA88F30EFB02
:10BB80000A3303EB1243B4454FEA134AE5D8009E4B
:10BB9000019A002E4FEA820208BF00222A44536015
:10BBA00004358DE7013F8FE7CBE4000856E5000838
:10BBB0002DE9F843174612F0030280460D4607D0E0
:10BBC000264C013A002354F82220FFF749FE05468F
:10BBD000BF103FD0D8F81C4094B91020FFF7E0FB0D
:10BBE0000446C8F81C0030B902461D4B1D4840F2FF
:10BBF000B31100F0FDFC0023C0E901330360C36012
:10BC0000A66846B940F271214046FFF705FF0023C0
:10BC1000A060064603602C464FF0000907F00103C0
:10BC20007F1053B1294632464046FFF70BFF2146AD
:10BC300005464046FFF7F2FD67B1306838B9324635
:10BC400031464046FFF7FEFE3060C0F800900646E1
:10BC50002C46E3E72846BDE8F88300BF4CE7000820
:10BC600053E4000856E500082DE9F84F0C464968F2
:10BC70002669A36806EB6216074691464FEA621AE8
:10BC800006F1010843450BDB3846FFF789FD054601
:10BC900048B902462B4B2C484FF4EF7100F0A8FC3A
:10BCA00001315B00EEE700F1140100230A4618465B
:10BCB000534539DB20692AEAEA7A01EB8A0104F16B
:10BCC000140319F01F098C4603EB800030D0C9F132
:10BCD000200A4FF0000E1A68E34602FA09F242EA1F
:10BCE0000E02CBF8002053F8042B98420CF1040C00
:10BCF00022FA0AFEEFD8031B153B23F0030304F1DD
:10BD00001502904238BF00231944C1F804E0BEF187
:10BD1000000F00D1B0463846C5F810802146FFF725
:10BD20007DFD2846BDE8F88F42F8040B0133BFE7DC
:10BD300053F8041BCCF8001098420CF1040CF7D80F
:10BD4000E8E700BFCBE4000856E5000803690A698C
:10BD50009B1A30B50ED11430143100EB820401EB84
:10BD6000820154F8045D51F8042D954204D006D2A6
:10BD70004FF0FF33184630BDA042F2D3FAE701235B
:10BD8000F8E700002DE9F74F8A460646114650466F
:10BD90001446FFF7DBFF051E12D129463046FFF798
:10BDA000FFFC024628B9414B40F23721404800F0E1
:10BDB0001FFC0123C0E90435104603B0BDE8F08F35
:10BDC000BCBF5346A2463046DAF80410BABF1C4640
:10BDD00001250025FFF7E4FC024618B9334B40F279
:10BDE0004521E3E7DAF810702669C5600AF1140905
:10BDF00004F1140E00F114050AF1100309EB870891
:10BE00000EEB86060193AB464FF0000C019B5EF8EB
:10BE1000040B53F804AF01931FFA8AF183B2CB1AD3
:10BE2000000C6344C0EB1A4000EB23409BB243EA92
:10BE3000004376454BF8043B4FEA204CE6D8331BD1
:10BE4000153B153423F00303A64238BF0023E8183E
:10BE50004B441C1D04302646A5EB090546450ED370
:10BE600008F10301091B21F003010133984538BF94
:10BE70000021014451F8043DABB117619CE706EB8A
:10BE8000050E56F8041BE2464FEA11491CFA81FCE4
:10BE9000514409EB2C4989B241EA09414FEA294C46
:10BEA000CEF80010DAE7013FE4E700BFCBE400087A
:10BEB00056E5000882B08DED000B019A0F4B134040
:10BEC000A3F15073002B08DC5B42B3F1A07F4FEA73
:10BED000235204DA4FF400231341002208E0A2F1B8
:10BEE00014031E2BDABF4FF00042DA400122002378
:10BEF0001946104641EC100B02B070470000F07F6D
:10BF0000F8B5056900F1140606EB85052F1F55F8F5
:10BF1000044C2046FFF734FDC0F120030A280B60D3
:10BF200016DCC0F10B0C24FA0CF1BE4241F07F5339
:10BF300034BF55F8081C0021153004FA00F021FA2E
:10BF40000CF143F4401301430A4643EC102BF8BDB7
:10BF5000BE423ABF55F8081CA5F1080700210B386E
:10BF600012D0C0F1200521FA05F384401C43B742EA
:10BF700044F07F538CBF57F8044C00248140EC40C0
:10BF800043F440132143DFE744F07F5343F440136D
:10BF9000DAE700002DE9F7430F46012159EC108B39
:10BFA0001646FFF7FDFB054630B90246234B2448F1
:10BFB00040F20F3100F01CFBC9F30A54C9F313031C
:10BFC0000CB143F480130193B8F1000323D0684609
:10BFD0000093FFF7F3FC0099D8B1019AC0F1200358
:10BFE00002FA03F30B43C2406B610192019BAB6108
:10BFF000002B0CBF012202222A61A4B1A4F2334417
:10C0000004443C60C0F135003060284603B0BDE810
:10C01000F0836961EAE701A8FFF7D0FC019B6B613F
:10C0200020300122E8E705EB8203A0F232403860BD
:10C030001869FFF7A5FCC0EB4210E5E7CBE4000868
:10C0400056E50008F7B50E4669460746FFF758FF64
:10C0500001A9304655EC104BB0EE407AF0EE607A14
:10C06000FFF74EFF33693A69D21ADDE900369B1BB0
:10C0700003EB4213002BD4BF10EE902A17EE902A48
:10C0800051EC100BD6BFC3EB033302EB035502EBAD
:10C0900003510B46024629462046F4F787FB41EC44
:10C0A000100B03B0F0BD013970B5491114690131AD
:10C0B00002F1140300EB810103EB8404051FA3428A
:10C0C0000CD3A31A113B23F003031132944238BF5F
:10C0D000002318440023884205D370BD53F8046B35
:10C0E00045F8046FEBE740F8043BF4E700F1140275
:10C0F00000694B11984210B511DB0ADD11F01F01E8
:10C1000007D052F8234024FA01F000FA01F18C42E2
:10C110000BD102EB8303934203D8002010BD0346EA
:10C12000F7E753F8041D0029F5D00120F6E710B514
:10C130000C46B1F90E1000F005FA0028ABBF636D94
:10C14000A3891B1823F48053ACBF6365A38110BD82
:10C150002DE9F0411F468B89DB0505460C46164646
:10C1600005D5B1F90E100223002200F0D9F9A389F8
:10C17000B4F90E1023F48053A38132463B4628467F
:10C18000BDE8F04100F000BA10B50C46B1F90E1050
:10C1900000F0C6F9B4F90C30421C0BBF23F48053F5
:10C1A00043F48053A381A38118BF606510BDB1F92A
:10C1B0000E1000F0FBB90000B1F90C202DE9F041A0
:10C1C000160705460C4651D44B68002B02DC0B6C5D
:10C1D000002B49DDE66A002E46D0002312F480527F
:10C1E0002F682B6031D0626DA389590705D563682C
:10C1F000D21A636B0BB1236CD21A0023E66A216A50
:10C200002846B047421CB4F90C3006D129681D29D4
:10C2100045D8284ACA40D60741D500226260D904D1
:10C220002269226004D5421C01D12B6803B96065E4
:10C23000616B2F60C1B104F14403994202D02846DA
:10C2400000F008FA002363630EE0216A0123284608
:10C25000B0470246501CC7D12B68002BC4D01D2B01
:10C2600001D0162B1AD12F6000201DE00F69002F7E
:10C27000FAD093070E6808BF4B690F6018BF002300
:10C28000A6EB07088B60B8F1000FEDDD216AA66A06
:10C2900043463A462846B047002807DCA38943F0C6
:10C2A0004003A3814FF0FF30BDE8F0810744A8EBC5
:10C2B0000008E8E70100402038B50B6905460C4648
:10C2C00013B91D46284638BD18B1036A0BB9FCF7EF
:10C2D00011FFB4F90C30002BF3D0626ED00704D4F8
:10C2E000990502D4A06DFDF7A8FE28462146FFF768
:10C2F00063FF636EDA070546E4D4A3899B05E1D4A6
:10C30000A06DFDF79BFEDDE7F8B505460F46144628
:10C3100018B1036A0BB9FCF7EDFEA369A360A3890A
:10C320001A0701D5236943B92146284600F02AF8A7
:10C3300018B14FF0FF363046F8BD23692068C01AA7
:10C340006369834205DC21462846FFF7B5FF0028D4
:10C35000EFD1A368013BA36023685A1C22601F70C1
:10C36000636901308342FEB204D0A389DB07E2D5C2
:10C370000A2EE0D121462846FFF79EFF0028DAD09A
:10C38000D7E7000038B5284B054618680C4618B1A9
:10C39000036A0BB9FCF7AEFEB4F90C30190720D4D0
:10C3A000DA0607D409222A6043F04003A3814FF044
:10C3B000FF3031E0580711D5616B41B104F14403FE
:10C3C000994202D0284600F045F900236363002219
:10C3D000A38962602269226023F0240343F00803EA
:10C3E000A38123694BB9A38903F42073B3F5007FBC
:10C3F00003D02146284600F04AF8B4F90C3013F077
:10C4000001020AD00022A26062695242A26122693E
:10C4100042B913F08000C7D138BD990758BF62698F
:10C42000A260F4E70020F7E77C01002049B1FF2A71
:10C4300085BF8A2303600A704FF0FF3098BF012048
:10C4400070470846704770B50E46B1F90E100029C6
:10C4500096B014461D460ADAB28912F0800213D152
:10C460004FF4806100202A60216016B070BD6A46DA
:10C4700000F0ACF80028EFDB019A02F47042A2F55C
:10C4800000535A425A41EBE700224021EAE78B89E8
:10C4900073B59E0705460C4607D504F14703236094
:10C4A00023610123636102B070BD01AB6A46FFF7EF
:10C4B000CAFF009E28463146FEF79CFFB4F90C30B7
:10C4C00038B99A05EFD423F0030343F00203A381A4
:10C4D000E3E743F08003A381019B2060C4E90406E5
:10C4E000002BE0D0B4F90E10284600F009F800281F
:10C4F000D9D0A38923F0030343F00103A381D2E73A
:10C5000038B5064C0023054608462360FAF77AFA48
:10C51000431C02D1236803B12B6038BD6C47002057
:10C5200038B5074C054608461146002222601A46D7
:10C53000FAF76AFA431C02D1236803B12B6038BDB5
:10C540006C47002038B5074C0546084611460022C6
:10C5500022601A46FAF730FA431C02D1236803B16D
:10C560002B6038BD6C47002038B5064C00230546CB
:10C5700008462360FAF74AFA431C02D1236803B144
:10C580002B6038BD6C47002038B5074C054608467F
:10C590001146002222601A46FAF71CFA431C02D107
:10C5A000236803B12B6038BD6C47002038B5064CBA
:10C5B0000023054608462360FAF71AFA431C02D105
:10C5C000236803B12B6038BD6C47002038B5074C99
:10C5D00000230546084611462360FAF70DFA431C6E
:10C5E00002D1236803B12B6038BD00BF6C47002027
:10C5F0001FB51D46094B1B680646D86852B1084C4A
:10C600000091CDE90142074933462A4600F06EF811
:10C6100000F07EF8044C2246F2E700BF7C010020C7
:10C62000B8E50008C5E50008F3E5000870B5A1FB12
:10C63000026535B93146FEF7DDFE044628B92046CD
:10C6400070BD0C2303600024F9E732462946FDF74C
:10C65000AEFCF4E737B5002944D051F8043C019012
:10C66000002BA1F10404B8BFE418FFF78DF81E4AAF
:10C670000198136833B96360146003B0BDE83040BB
:10C68000FFF788B8A34208D9256861198B4201BF1A
:10C6900019685B6849192160EDE71A465B680BB1C0
:10C6A000A342FAD911685518A5420BD12468214438
:10C6B0005418A3421160E0D11C685B6853600C44BD
:10C6C0001460DAE702D90C230360D6E72568611904
:10C6D0008B4204BF19685B68636004BF491921601D
:10C6E0005460CAE703B030BD684700200EB403B5FC
:10C6F000014603AB054853F8042B00680193FEF78D
:10C700002FFF02B05DF804EB03B070477C010020FE
:10C7100008B5062000F02CF80120FAF747F91F2988
:10C7200038B505460C4604D9162303604FF0FF3098
:10C7300038BDC26B12B152F821304BB9284600F017
:10C7400031F8224601462846BDE8384000F018B8C6
:10C75000012B0AD0591C03D1162303600120E7E7FF
:10C76000002142F82410204698470020E0E700000E
:10C77000024B01461868FFF7D2BF00BF7C010020C2
:10C7800038B5074C00230546084611462360FAF7E2
:10C7900005F9431C02D1236803B12B6038BD00BFEB
:10C7A0006C470020FAF7F8B800B52DED028B83B086
:10C7B000B0EE408ACDED010A00F07CFADDED010A11
:10C7C000B4EE608AF1EE10FA06D6DFED0C7AF4EEE4
:10C7D000670AF1EE10FA03D003B0BDEC028B00BD86
:10C7E000CDED017AFDF7FEFBDDED017A87EEA70ABC
:10C7F0002123036003B0BDEC028B00BD00000000EC
:10C8000008B52DED048BB0EE409AF0EE609A00F082
:10C810007FF8B0EE408AF0EE608AB0EE490AF0EEA2
:10C82000690A00F065F878B119A3D3E9002351EC47
:10C83000190BF4F721F970B917A3D3E9002351ECD0
:10C84000190BF4F7FBF898B9B0EE480AF0EE680A55
:10C85000BDEC048B08BD9FED0A8BFDF7C3FBB0EE6A
:10C86000480AF0EE680ABDEC048B2223036008BD81
:10C87000FDF7B8FB22239FED048B0360E4E700BFC4
:10C88000000000000000F07F000000000000000039
:10C89000EF39FAFE422E864051302DD5104987C01F
:10C8A00000B52DED028BB0EE408A83B000F02CF87D
:10C8B000B4EE488AF1EE10FA06D6DFED0C7AB4EE4B
:10C8C000E78AF1EE10FA03D403B0BDEC028B00BD91
:10C8D000CDED017AFDF786FBDDED017A87EEA70A43
:10C8E0002123036003B0BDEC028B00BD00000000FB
:10C8F00082B08DED000B019840F0004000F58010F3
:10C90000C00F02B0704700BFB1EEC00A704700BF51
:10C910002DE9F04755EC104BD34925F000428A42EF
:10C9200086B04FEAD5760CD9D0498A4270D9C5F382
:10C930001303234340F05481002E66D09FEDB20BC9
:10C9400063E0CB4B9A4200F21A81CA4B9A4240F202
:10C95000308122462B4620462946F3F7FDFDACA345
:10C96000D3E9002306460F46F3F7F6FDAAA3D3E961
:10C970000023F3F739FC32463B46F3F7EDFDA8A35D
:10C98000D3E90023F3F732FC32463B46F3F7E4FDEC
:10C99000A5A3D3E90023F3F727FC32463B46F3F780
:10C9A000DBFDA3A3D3E90023F3F720FC32463B468B
:10C9B000F3F7D2FD02460B4620462946F3F714FC56
:10C9C000CDE90201DDE90289204642464B4629466F
:10C9D000F3F7C2FD002206460F464FF08043404663
:10C9E0004946F3F701FC02460B4630463946F3F759
:10C9F000DDFE22462B46F3F7F7FB02460B460020EE
:10CA00009D49F3F7F1FB41EC100B06B0BDE8F08750
:10CA100089A3D3E9002320462946F4F72DF80746D9
:10CA2000002840F0E88086A3D3E900232046294669
:10CA3000F4F704F8002840F03781904B204603EBD0
:10CA4000C606294680A3D3E90023F3F785FDD6E97E
:10CA50000023F3F7CBFBF4F72FF80646F3F712FDAC
:10CA60007BA3D3E9002307468846F3F775FD02460A
:10CA70000B4620462946F3F7B7FB02460B463846DD
:10CA8000414691469A4674A3D3E90023F3F764FD27
:10CA9000CDE90001DDE9002348465146F3F7A4FB48
:10CAA00002460B4604460D46F3F756FD58A3D3E95C
:10CAB000002307468846F3F74FFD57A3D3E9002329
:10CAC000F3F792FB3A464346F3F746FD54A3D3E906
:10CAD0000023F3F78BFB3A464346F3F73DFD52A3A1
:10CAE000D3E90023F3F780FB3A464346F3F734FDDE
:10CAF0004FA3D3E90023F3F779FB3A464346F3F714
:10CB00002BFD02460B4620462946F3F76DFB0746F0
:10CB10008846204629463A464346CDE90278F3F74F
:10CB20001BFDCDE90401002E3FF44CAF3A464346CD
:10CB300000204FF08041F3F757FB02460B46DDE93A
:10CB40000401F3F733FE02460B46DDE90001F3F77B
:10CB50004BFB4A465346F3F747FB0B460246464912
:10CB60000020F3F741FB6FF47F739E42C0F28E808A
:10CB700001EB065141EC100B06B0BDE8F087404BCD
:10CB80009A423FF65AAF3F4B03EBC603D3E900236B
:10CB900020462946F3F728FB3B4B03EBC60393EDF6
:10CBA000007B86F001038DED007B81468A469E1B4B
:10CBB00070E72BA3D3E9002320462946F3F716FBA1
:10CBC0002D4B0022F3F758FF00283FF4C2AE2A4B4A
:10CBD000002220462946F3F709FB41EC100B14E72D
:10CBE00022462B4620462946F3F700FB41EC100B6A
:10CBF00006B0BDE8F087002006B0BDE8F04700F0C1
:10CC0000E7B900BFAFF300800000000000000000A3
:10CC1000D0A4BE726937663EF16BD2C541BDBB3E42
:10CC20002CDE25AF6A56113F93BDBE166CC1663F20
:10CC30003E5555555555C53FEF39FAFE422E8640B3
:10CC400051302DD5104987C0FE822B654715F73F1F
:10CC50000000E0FE422EE63F763C7935EF39EA3DB2
:10CC60009C7500883CE4377E412E8640FFFFEF7FB5
:10CC7000422ED63FFFFFEF3D0000F03F68E800087E
:10CC8000B1A2F03F58E8000848E8000806F57A73BA
:10CC900001EB035100224FF0B873F3F75DFC41EC58
:10CCA000100B06B0BDE8F087384606B0BDE8F04787
:10CCB00000F086B910EE903A30B523F00044621EC1
:10CCC000B2F1FF4F3FD210EE101A21F0004EBEF12C
:10CCD000FF4F38D2A6453ADB01F00042154600F07E
:10CCE0009D8011F0FF4F03F0FF4C49D14FEA0E2019
:10CCF0006FF07D024000002802F1FF32FADCBCF147
:10CD0000000F5BD123026FF07D0C5B000CF1FF3C48
:10CD1000FBD512F17E0F6CDA6FF07D00831AA0EB69
:10CD20000C00B2EB0C020EFA03F104FA00F36DD022
:10CD3000013A03E03AD04100013A09D3C81A002869
:10CD4000F8DA4900F8E760EE200A80EEA00A30BD6C
:10CD5000CB1A48BF0B461BB928E05B000CF1FF3C27
:10CD6000B3F5000FF9DB1CF17E0F38DA6FF07D00B0
:10CD7000A0EB0C00034145EA030200EE102A30BD8F
:10CD80004FEAEE52BCF1000F16D0E415C1F31601C4
:10CD9000C3F31603121B41F4000143F40003A4F192
:10CDA0007F0CC5D1CB1A002B18DBD6D1224B03EB5D
:10CDB000557393ED000A30BD7F3AA3E7E415A4F163
:10CDC0007F0C6FF07D01891AC3F31603A2EB0C02EE
:10CDD00043F400030EFA01F1013AAFE70B46A3F565
:10CDE00000030CF17F0C2B4343EACC5300EE103AC6
:10CDF00030BD6FF07D00C1F31601A0EB0C0041F4D3
:10CE00000001A2EB0C0204FA00F391E7CB1A002B0D
:10CE10000ADBCBD0B3F5000F9FDBABE7064B03EB90
:10CE2000527393ED000A30BD0029BFD0B1F5000F59
:10CE30000B4692DB9EE700BF78E8000808B52DEDB1
:10CE4000028BF0EE408AB0EE608A00F047F820B91D
:10CE5000B0EE480ABDEC028B08BDB0EE480A00F007
:10CE60003DF858B1F4EEC88AF1EE10FAC8BFB0EE42
:10CE7000688AB0EE480ABDEC028B08BDB0EE688A45
:10CE8000B0EE480ABDEC028B08BD00BF08B52DED21
:10CE9000028BF0EE408AB0EE608A00F01FF820B9F5
:10CEA000B0EE480ABDEC028B08BDB0EE480A00F0B7
:10CEB00015F858B1B4EEE88AF1EE10FAC8BFB0EE3A
:10CEC000688AB0EE480ABDEC028B08BDB0EE688AF5
:10CED000B0EE480ABDEC028B08BD00BF10EE103A60
:10CEE00033F000400ED0A0F50003B3F1FE4F0DD398
:10CEF000074B421E9A4207D9A0F1FF40B0FA80F0DA
:10CF00004009704702207047032070470420704793
:10CF1000FEFF7F0010EE103AC3F3C752002BA2F1C0
:10CF20007F01ACBF01204FF0FF301E290DDC00292E
:10CF30001ADBC3F31603162943F400030ADD963AFD
:10CF400003FA02F202FB00F07047FDEEC07A17EE22
:10CF5000900A70474FF480020A411A44C1F1170148
:10CF6000CA4002FB00F07047013118BF0020704733
:10CF700010B582B08DED000B0446FDF733F89DED42
:10CF8000000B046002B010BD00B5034683B051EC45
:10CF9000100B83B1024601F10043CDE90023DDE926
:10CFA0000023F3F7D9FA41EC100B222003B05DF80F
:10CFB00004EBFFF7DDBF02460B46EEE70000000082
:10CFC0009FED010BFFF7E0BF000000000000001024
:10CFD0009FED010BFFF7D8BF0000000000000070BC
:10CFE00080EA104080EA102080EA101046F696137E
:10CFF00000F00F0043FA00F000F00100704700BF9E
:10D0000038B50022002304460D46F3F717FD28B972
:10D0100020462946BDE8384000F00AB8204605F110
:10D02000004100F005F8404261EB410138BD00BF0E
:10D0300070B50C4B002204460D46F3F78DFAF3F75A
:10D0400063FD0646F3F70EFA074B0022F3F784FA66
:10D0500002460B4620462946F3F7C6F8F3F754FD7F
:10D06000314670BD0000F03D0000F041F8B500BF52
:10D07000F8BC08BC9E467047F8B500BFF8BC08BCB9
:04D080009E46704711
:10D0880000070E091C1B1215383F363124232A2DA0
:10D0980070777E796C6B6265484F464154535A5D90
:10D0A800E0E7EEE9FCFBF2F5D8DFD6D1C4C3CACD80
:10D0B80090979E998C8B8285A8AFA6A1B4B3BABD70
:10D0C800C7C0C9CEDBDCD5D2FFF8F1F6E3E4EDEA60
:10D0D800B7B0B9BEABACA5A28F88818693949D9A50
:10D0E8002720292E3B3C35321F18111603040D0A40
:10D0F8005750595E4B4C45426F68616673747D7A30
:10D10800898E878095929B9CB1B6BFB8ADAAA3A41F
:10D11800F9FEF7F0E5E2EBECC1C6CFC8DDDAD3D40F
:10D12800696E676075727B7C51565F584D4A4344FF
:10D13800191E171005020B0C21262F283D3A3334EF
:10D148004E49404752555C5B7671787F6A6D6463DF
:10D158003E39303722252C2B0601080F1A1D1413CF
:10D16800AEA9A0A7B2B5BCBB9691989F8A8D8483BF
:10D17800DED9D0D7C2C5CCCBE6E1E8EFFAFDF4F3AF
:10D18800000000000000000001020304060708096F
:10D1980000000000010203040D0A0D0A0D0A0D0A21
:10D1A8000D0000003E3E2041746865616E204D6FA1
:10D1B800746F7220436F6E74726F6C6C6572203C72
:10D1C8003C0D00003E3E2056657273696F6E3A2032
:10D1D80025642E25642E2564203C3C0D0A000000A1
:10D1E8003E3E20496E76616C69642F756E696E6982
:10D1F8007469616C697A656420636F6E66696775C6
:10D20800726174696F6E3B207573696E6720524155
:10D218004D2064656661756C7473202843414E2007
:10D2280052583D312054583D3029203C3C0D0000D7
:10D238003E3E204452563833323320636F6E66695F
:10D248006775726174696F6E2F726561646261637C
:10D258006B206661696C65643B206D6F746F72202A
:10D268006D6F64652072656D61696E73206C6F63A4
:10D278006B6564203C3C0D00436865636B696E67B1
:10D28800207068617365207369676E2C20706F6CFD
:10D29800652070616972730D0000000043616C695C
:10D2A80062726174696F6E206661696C65643A20A8
:10D2B800696E76616C696420656E636F646572205F
:10D2C800646973706C6163656D656E7420252E34B6
:10D2D80066207261640D0A0043616C696272617450
:10D2E800696F6E206661696C65643A206D6561736B
:10D2F8007572656420706F6C652070616972732047
:10D308002564202864656C746120252E346620729B
:10D318006164290D0A0000005068617365206F720E
:10D3280064657220636F72726563740D000000009B
:10D338005377617070696E672070686173652073D8
:10D3480069676E0D00000000506F6C6520506169C0
:10D3580072733A2025640D0A00000000537461724C
:10D36800743A20252E3366202020456E643A202505
:10D378002E33660D0A000000506F6C6520506169FD
:10D388007273203E2025642C2072656D616C6C6F71
:10D3980063206572726F725F6172725B5D20736980
:10D3A8007A652E0D0A0000005374617274696E6705
:10D3B800206F66667365742063616C20616E6420FB
:10D3C8006C696E656172697A6174696F6E0D0000CF
:10D3D800256420256420256420252E33660D0A0047
:10D3E8002564202025640D0A000000006C6F6F7012
:10D3F8005F636F756E743A20256C750D0A00000026
:10D408000A0D4641554C540A0D0000005644535F1E
:10D418004F43500A0D0000004744460A0D00000023
:10D4280055564C4F0A0D00004F5453440A0D000046
:10D438005644535F48410A0D000000005644535FAC
:10D448004C410A0D000000005644535F48420A0D43
:10D45800000000005644535F4C420A0D00000000D3
:10D468005644535F48430A0D000000005644535F7A
:10D478004C430A0D0000000053415F4F430A0D0062
:10D4880053425F4F430A0D0053435F4F430A0D0059
:10D498004F54570A0D000000435055560A0D00001E
:10D4A8005647535F48410A0D000000005647535F36
:10D4B8004C410A0D000000005647535F48420A0DD0
:10D4C800000000005647535F4C420A0D0000000060
:10D4D8005647535F48430A0D000000005647535F04
:10D4E8004C430A0D0000000020436F6D6D616E64AF
:10D4F800733A0D00206D2020202D204D6F746F721F
:10D50800204D6F64650D000020632020202D2043EE
:10D51800616C69627261746520456E636F646572DF
:10D528000D00000020732020202D20536574757095
:10D538000D00000020652020202D20446973706CA8
:10D54800617920456E636F6465720D00207A202032
:10D55800202D20536574205A65726F20506F7369AF
:10D5680074696F6E0D00000020657363202D2045DF
:10D5780078697420746F204D656E750D0000000089
:10D588000D0A20436F6E66696775726174696F6E04
:10D59800204F7074696F6E73200A0D006D696E00FC
:10D5A800706172616D657465720000007072656605
:10D5B8006978000020252D347320252D3331732000
:10D5C800252D357320252D367320252D32730D0A10
:10D5D8000000000063757272656E742076616C7568
:10D5E800650000006D6178000D0A204D6F746F7240
:10D5F8003A0D0000300000004765617220526174E6
:10D60800696F00006700000020252D347320252D48
:10D6180033317320252D357320252D367320252E83
:10D6280033660A0D000000002D000000546F72716F
:10D63800756520436F6E7374616E7420284E2D6D6E
:10D648002F4129006B00000020252D347320252D43
:10D6580033317320252D357320252D367320252E43
:10D6680035660A0D000000000D0A20436F6E7472C3
:10D678006F6C3A0D00000000313030004375727253
:10D68800656E742042616E64776964746820284806
:10D698007A2900006200000020252D347320252DF2
:10D6A80033317320252D357320252D367320252EF3
:10D6B80031660A0D000000003230303000000000F2
:10D6C800302E300043757272656E74204C696D6936
:10D6D80074202841290000006C00000036302E30EC
:10D6E800000000004D617820506F736974696F6E97
:10D6F80020536574706F696E742028726164290004
:10D70800700000004D61782056656C6F636974790C
:10D7180020536574706F696E742028726164292FB4
:10D7280073000000760000004D617820506F736927
:10D7380074696F6E204761696E20284E2D6D2F72B7
:10D748006164290078000000313030302E3000004C
:10D758004D61782056656C6F6369747920476169FB
:10D768006E20284E2D6D2F7261642F7329000000E2
:10D7780064000000352E30004657204375727265EC
:10D788006E74204C696D69742028412900000000DE
:10D798006600000033332E300000000054656D70C1
:10D7A800204375746F666620284329202830203D61
:10D7B800206E6F6E6529000068000000313530006A
:10D7C800436F6E74696E756F7573204375727265F9
:10D7D8006E742028412900006300000034302E3088
:10D7E8000000000043616C6962726174696F6E20A9
:10D7F80043757272656E742028412900610000002B
:10D8080032302E30000000000D0A2043414E3A0D00
:10D818000000000043414E20494400006900000018
:10D8280020252D347320252D33317320252D357374
:10D8380020252D367320252D35690A0D000000009E
:10D848003132370043414E205458204944000000EB
:10D858006D00000043414E2054696D656F7574205A
:10D86800286379636C6573292830203D206E6F6EBC
:10D87800652900007400000020252D347320252D13
:10D8880033317320252D357320252D3673202564DB
:10D898000A0D00003130303030300000200A0D20F1
:10D8A800546F206368616E676520612076616C75CE
:10D8B800652C2074797065202770726566697827F1
:10D8C8002776616C75652727454E544552270A0D02
:10D8D80020652E672E202762313030302727454EAD
:10D8E800544552270D0A200056414C554553204EA9
:10D8F8004F542041435449564520554E54494C20D5
:10D90800504F574552204359434C4521200A0D0A90
:10D918000D00000043616C6962726174696F6E206A
:10D9280072656A65637465643B2070726576696FB9
:10D93800757320636F6E66696775726174696F6E5F
:10D9480020726573746F7265642E0D00455F5A45C9
:10D95800524F3A202564202025660D0A0000000059
:10D96800436F6E66696775726174696F6E20736163
:10D9780076652072656A65637465643B20707265BC
:10D9880076696F7573206461746120707265736560
:10D99800727665642E0D0000495F425720736574E6
:10D9A80020746F2025660D0A0000000043414E5F79
:10D9B80049442073657420746F2025640D0A0000A3
:10D9C80043414E5F54585F49442073657420746F17
:10D9D8002025640D0A000000495F4D4158207365F9
:10D9E8007420746F2025660D0A000000495F4657B1
:10D9F8005F4D41582073657420746F2025660D0AA9
:10DA08000000000043414E5F54494D454F55542096
:10DA180073657420746F2025640D0A0054454D50B9
:10DA28005F4D41582073657420746F2025660D0A78
:10DA380000000000495F4D41585F434F4E5420732A
:10DA4800657420746F2025660D0A0000495F434104
:10DA58004C2073657420746F2025660D0A00000041
:10DA680047522073657420746F2025660D0A0000E4
:10DA78004B542073657420746F2025660D0A0000CE
:10DA88004B505F4D41582073657420746F20256694
:10DA98000D0A00004B445F4D415820736574207493
:10DAA8006F2025660D0A0000505F4D4158207365B0
:10DAB8007420746F2025660D0A000000565F4D41E2
:10DAC800582073657420746F2025660D0A000000C5
:10DAD8000D0A2027256327204E6F74206120766168
:10DAE8006C696420636F6D6D616E64207072656629
:10DAF80069780D0A0D0A00005A65726F2073617605
:10DB0800652072656A65637465643B20707265762A
:10DB1800696F7573206461746120707265736572D2
:10DB28007665642E0D0000000A0D2020536176658D
:10DB380064206E6577207A65726F20706F736974E0
:10DB4800696F6E3A202025640A0D0A0D0000000056
:10DB58005261773A202535640000000020204C6986
:10DB68006E656172697A656420436F756E743A20D8
:10DB780025356400202053696E676C6520547572E2
:10DB88006E3A2520342E33660000000020204D75A3
:10DB98006C7469205475726E3A2520352E336600F0
:10DBA8002020456C656374726963616C3A25203581
:10DBB8002E33660020205475726E733A2520326425
:10DBC80000000000202056616C69643A2575000049
:10DBD80020205350493A256C7500000020205061E0
:10DBE800726974793A256C7500000000202045465A
:10DBF8003A256C750D0A00000001020605000000B8
:10DC0800000000002975493CDF6EC93C6F0E173DC6
:10DC18003160493D8FA97B3D38F4963D6B0EB03D90
:10DC28004721C93D5E2EE23DEC2FFB3D7F130A3EA6
:10DC3800698C163E76FD223EA5662F3E97CA3B3E6E
:10DC48004A29483E807D543EDAC9603E560E6D3EF4
:10DC5800F54A793E3CBD823E0FD1883EA4DF8E3E18
:10DC6800FBE8943EC4EB9A3EFFE7A03EFCDEA63EEE
:10DC78006CCFAC3E4EB9B23EA29CB83E1878BE3EC0
:10DC8800B24BC43EBD18CA3EECDDCF3EED99D53E41
:10DC9800614FDB3E59FAE03EC39EE63EB038EC3EAB
:10DCA80071C9F13E5452F73EBBD0FC3E5322013FAE
:10DCB800B2D7033FD387063FB532093F5AD80B3F47
:10DCC800C0780E3F4013113F82A8133FDF37163F3D
:10DCD80055C1183FE5441B3F8FC21D3F543A203FB2
:10DCE8008AAB223FDB16253F9E7B273FD3D9293FAE
:10DCF8007B312C3FED812E3F79CC303FD00F333F25
:10DD0800F14B353F8481373FE2AF393F0AD73B3F7C
:10DD1800FDF63D3F130F403F9B20423F9E29443F65
:10DD2800132C463F0326483FBD184A3F9B034C3FF0
:10DD3800F3E54D3F16C14F3FB493513F745E533FD7
:10DD48005721553F0EDB563F8F8D583FE3365A3FDC
:10DD5800B2D75B3FA4705D3F69005F3F5188603F69
:10DD68000C07623F9A7C633FA3E9643F274E663FF6
:10DD78007EA9673F50FC683F4E456A3FC6856B3FAA
:10DD880012BD6C3F31EB6D3F23106F3F412B703F4D
:10DD9800D93D713F9D46723F3546733F9F3C743F66
:10DDA8003529753F9E0C763F32E6763F9AB6773F27
:10DDB8002C7D783FEB39793F7CED793F39977A3F75
:10DDC80022377B3F36CD7B3F75597C3F87DC7C3FD4
:10DDD8001D557D3F87C47D3F74297E3F34857E3F36
:10DDE80077D67E3F8E1E7F3F295C7F3FEF8F7F3F38
:10DDF80088BA7F3FA5DA7F3FEDF07F3F61FD7F3F27
:10DE08000000803F23F87F3F19E77F3F92CB7F3F99
:10DE180037A67F3FAF777F3FAB3E7F3FD2FB7E3F4A
:10DE280025AF7E3FA3587E3F4DF87D3F228E7D3F34
:10DE3800221A7D3F4E9C7C3FA5147C3F27837B3F65
:10DE4800D5E77A3F57437A3F0395793FDBDC783F44
:10DE5800DF1A783FB54F773FB77A763FE59B753F36
:10DE6800E5B3743FB9C2733FB9C7723F8BC3713F03
:10DE780031B6703F029F6F3FA67E6E3F1D556D3FC6
:10DE880068226C3F86E66A3F1FA2693FE353683FFA
:10DE980022FD663F349D653F1A34643F22C3623FCA
:10DEA8005648613FACC55F3FD6395E3F7AA55C3FB7
:10DEB8009A085B3F3563593F4AB5573F82FF553F44
:10DEC8008E40543F637A523FB4AB503F80D44E3FAC
:10DED8006FF54C3F280F4B3F5C20493FB329473F24
:10DEE800D42B453F1826433F7E18413FB0033F3FA0
:10DEF800ABE73C3F72C43A3F5B99383FB667363F61
:10DF0800DC2E343FCCEE313F2FA82F3F5C5A2D3FFB
:10DF1800FB052B3F0DAB283F9049263F2EE2233FC0
:10DF28009773213F19FF1E3FB6841C3FC5031A3F54
:10DF3800957D173FD8F0143FDD5E123FFCC60F3FBA
:10DF480035290D3F2F860A3FECDD073F6A30053F34
:10DF5800AA7D023F598BFF3E3012FA3E8A8EF43E6C
:10DF68000803EF3E096DE93EDDCDE33E8525DE3E43
:10DF78004F75D83E3CBDD23EFCFBCC3EDF32C73E9F
:10DF88003563C13E5D8ABB3E47ACB53E05C5AF3E75
:10DF980084D8A93E75E5A33E89EA9D3E60EA973E8E
:10DFA800F7E4913E02D98B3ECEC7853EB7627F3EED
:10DFB800F52D733EB7EE663EFDA45A3E65534E3EC0
:10DFC800F0F9413E3D9B353E0E32293EA0C31C3E32
:10DFD800F44F103E0AD7033EC4B1EE3DB9A5D53D76
:10DFE800A298BC3D1B82A33D49658A3D6685623D7A
:10DFF800D637303DF7C7FB3CC615973C5374C93B31
:10E008005374C9BBC61597BCF7C7FBBCD63730BD20
:10E01800668562BD49658ABD1B82A3BDA298BCBD49
:10E02800B9A5D5BDC4B1EEBD0AD703BEF44F10BE25
:10E03800A0C31CBE0E3229BE3D9B35BEF0F941BEC1
:10E0480065534EBEFDA45ABEB7EE66BEF52D73BE2F
:10E05800B7627FBECEC785BE02D98BBEF7E491BE3C
:10E0680060EA97BE89EA9DBE75E5A3BE84D8A9BEBD
:10E0780005C5AFBE47ACB5BE5D8ABBBE3563C1BE84
:10E08800DF32C7BEFCFBCCBE3CBDD2BE4F75D8BE8E
:10E098008525DEBEDDCDE3BE096DE9BE0803EFBE12
:10E0A8008A8EF4BE3012FABE598BFFBEAA7D02BF1B
:10E0B8006A3005BFECDD07BF2F860ABF35290DBFC3
:10E0C800FCC60FBFDD5E12BFD8F014BF957D17BF29
:10E0D800C5031ABFB6841CBF19FF1EBF977321BFA3
:10E0E8002EE223BF904926BF0DAB28BFFB052BBFEF
:10E0F8005C5A2DBF2FA82FBFCCEE31BFDC2E34BF0A
:10E10800B66736BF5B9938BF72C43ABFABE73CBF4E
:10E11800B0033FBF7E1841BF182643BFD42B45BF6D
:10E12800B32947BF5C2049BF280F4BBF6FF54CBFD1
:10E1380080D44EBFB4AB50BF637A52BF8E4054BF39
:10E1480082FF55BF4AB557BF356359BF9A085BBFB1
:10E158007AA55CBFD6395EBFACC55FBF564861BF04
:10E1680022C362BF1A3464BF349D65BF22FD66BFF7
:10E17800E35368BF1FA269BF86E66ABF68226CBF07
:10E188001D556DBFA67E6EBF029F6FBF31B670BFB3
:10E198008BC371BFB9C772BFB9C273BFE5B374BFD0
:10E1A800E59B75BFB77A76BFB54F77BFDF1A78BFE3
:10E1B800DBDC78BF039579BF57437ABFD5E77ABFD1
:10E1C80027837BBFA5147CBF4E9C7CBF221A7DBFD2
:10E1D800228E7DBF4DF87DBFA3587EBF25AF7EBF81
:10E1E800D2FB7EBFAB3E7FBFAF777FBF37A67FBF77
:10E1F80092CB7FBF19E77FBF23F87FBF000080BFA6
:10E2080061FD7FBFEDF07FBFA5DA7FBF88BA7FBF12
:10E21800EF8F7FBF295C7FBF8E1E7FBF77D67EBF03
:10E2280034857EBF74297EBF87C47DBF1D557DBFE1
:10E2380087DC7CBF75597CBF36CD7BBF22377BBF5F
:10E2480039977ABF7CED79BFEB3979BF2C7D78BFE0
:10E258009AB677BF32E676BF9E0C76BF352975BF72
:10E268009F3C74BF354673BF9D4672BFD93D71BF91
:10E27800412B70BF23106FBF31EB6DBF12BD6CBF58
:10E28800C6856BBF4E456ABF50FC68BF7EA967BF95
:10E29800274E66BFA3E964BF9A7C63BF0C0762BFC1
:10E2A800518860BF69005FBFA4705DBFB2D75BBF14
:10E2B800E3365ABF8F8D58BF0EDB56BF572155BF67
:10E2C800745E53BFB49351BF16C14FBFF3E54DBF42
:10E2D8009B034CBFBD184ABF032648BF132C46BF3B
:10E2E8009E2944BF9B2042BF130F40BFFDF63DBF90
:10E2F8000AD73BBFE2AF39BF848137BFF14B35BF87
:10E30800D00F33BF79CC30BFED812EBF7B312CBF0E
:10E31800D3D929BF9E7B27BFDB1625BF8AAB22BF77
:10E32800543A20BF8FC21DBFE5441BBF55C118BF5B
:10E33800DF3716BF82A813BF401311BFC0780EBFC6
:10E348005AD80BBFB53209BFD38706BFB2D703BFB0
:10E35800532201BFBBD0FCBE5452F7BE71C9F1BEF7
:10E36800B038ECBEC39EE6BE59FAE0BE614FDBBED4
:10E37800ED99D5BEECDDCFBEBD18CABEB24BC4BE4A
:10E388001878BEBEA29CB8BE4EB9B2BE6CCFACBEA9
:10E39800FCDEA6BEFFE7A0BEC4EB9ABEFBE894BEB7
:10E3A800A4DF8EBE0FD188BE3CBD82BEF54A79BEC1
:10E3B800560E6DBEDAC960BE807D54BE4A2948BE7D
:10E3C80097CA3BBEA5662FBE76FD22BE698C16BED7
:10E3D8007F130ABEEC2FFBBD5E2EE2BD4721C9BDEF
:10E3E8006B0EB0BD38F496BD8FA97BBD316049BDB9
:10E3F8006F0E17BDDF6EC9BC297549BC000000004F
:10E40800494E4600696E66004E414E006E616E00D0
:10E4180030003031323334353637383941424344AD
:10E428004546003031323334353637383961626326
:10E43800646566002E004300504F53495800496EEA
:10E4480066696E697479004E614E005245454E54B6
:10E45800206D616C6C6F63207375636365656465BB
:10E4680064002F566F6C756D65732F646174612F2E
:10E478006A656E6B696E732F776F726B7370616309
:10E48800652F474E552D746F6F6C636861696E2FE9
:10E4980061726D2D31352F7372632F6E65776C69DC
:10E4A800622D63796777696E2F6E65776C69622F65
:10E4B8006C6962632F7374646C69622F64746F6132
:10E4C8002E630042616C6C6F6320737563636565CE
:10E4D800646564002F566F6C756D65732F64617485
:10E4E800612F6A656E6B696E732F776F726B7370CD
:10E4F8006163652F474E552D746F6F6C6368616952
:10E508006E2F61726D2D31352F7372632F6E6577A3
:10E518006C69622D63796777696E2F6E65776C69B0
:10E52800622F6C6962632F7374646C69622F67640D
:10E53800746F612D6765746865782E6300232D30CC
:10E548002B2000686C4C00656667454647002F56CF
:10E558006F6C756D65732F646174612F6A656E6B7E
:10E56800696E732F776F726B73706163652F474E97
:10E57800552D746F6F6C636861696E2F61726D2DB4
:10E5880031352F7372632F6E65776C69622D6379ED
:10E598006777696E2F6E65776C69622F6C69626345
:10E5A8002F7374646C69622F6D707265632E6300DB
:10E5B8002C2066756E6374696F6E3A200061737300
:10E5C800657274696F6E2022257322206661696CFA
:10E5D80065643A2066696C6520222573222C206CBC
:10E5E800696E65202564257325730A0034000000D0
:10E5F800CEFBFFFFCB03000001000000000000007D
:10E6080035000000CEFBFFFFCB0300000100000037
:10E618000000000000000000BC89D897B2D29C3CE2
:10E6280033A7A8D523F649393DA7F444FD0FA532F1
:10E638009D978CCF08BA5B25436FAC642806681198
:10E6480000202020202020202020282828282820BA
:10E6580020202020202020202020202020202020B2
:10E66800208810101010101010101010101010101A
:10E67800100404040404040404040410101010100A
:10E6880010104141414141410101010101010101D4
:10E698000101010101010101010101011010101026
:10E6A80010104242424242420202020202020202A6
:10E6B80002020202020202020202020210101010FA
:10E6C8002000000000000000000000000000000022
:10E6D8000000000000000000000000000000000032
:10E6E8000000000000000000000000000000000022
:10E6F8000000000000000000000000000000000012
:10E708000000000000000000000000000000000001
:10E7180000000000000000000000000000000000F1
:10E7280000000000000000000000000000000000E1
:10E7380000000000000000000000000000000000D1
:10E748000000000005000000190000007D00000026
:10E758000080E03779C34143176E05B5B5B89346D5
:10E76800F5F93FE9034F384D321D30F94877825AA1
:10E778003CBF737FDD4F1575000000000000F03FBF
:10E788000000000000002440000000000000594084
:10E798000000000000408F40000000000088C340D7
:10E7A80000000000006AF8400000000080842E414C
:10E7B80000000000D01263410000000084D7974198
:10E7C8000000000065CDCD41000000205FA002429E
:10E7D800000000E876483742000000A2941A6D4213
:10E7E800000040E59C30A2420000901EC4BCD64206
:10E7F80000003426F56B0C430080E03779C34143B1
:10E8080000A0D8855734764300C84E676DC1AB4326
:10E81800003D9160E458E143408CB5781DAF154444
:10E8280050EFE2D6E41A4B4492D54D06CFF080441F
:10E83800F64AE1C7022DB544B49DD9794378EA4434
:10E84800763C7935EF39EA3D763C7935EF39EABDE2
:10E858000000E0FE422EE63F0000E0FE422EE6BF4A
:10E86800000000000000E03F000000000000E0BFE2
:08E87800000000000000008018
:08E88000B018FF7F0100000049
:04E88800510C000827
:04E88C00290C00084B
:10E89000000E2707000000000300000024460020AF
:10E8A0004300000000000000000000000000000025
:10E8B0000000000000000000000000000000000058
:10E8C0004300000000000000000000000000000005
:10E8D0000000000000000000000000000000000038
:10E8E00043000000000000000000000000000000E5
:10E8F0000000000000000000000000000000000018
:10E9000043000000000000000000000000000000C4
:10E9100000000000000000000000000000000000F7
:10E9200043000000000000000000000000000000A4
:10E9300000000000000000000000000000000000D7
:10E940004300000000000000000000000000000084
:10E9500000000000000000000000000000000000B7
:10E960004300000000000000000000000000000064
:10E970000000000000000000000000000000000097
:10E980002DC40008EDB400080000000048E60008AF
:10E990003CE40008F3E50008F3E50008F3E50008AF
:10E9A000F3E50008F3E50008F3E50008F3E50008E7
:10E9B000F3E50008F3E50008FFFFFFFFFFFFFFFF9F
:10E9C000FFFFFFFFFFFF00000100415343494900E3
:10E9D0000000000000000000000000000000000037
:10E9E00000000000000000000000415343494900BE
:10E9F0000000000000000000000000000000000017
:10EA00000000000000000000000000008001002065
:10EA100000000000244600208C460020F446002020
:10EA200000000000000000000000000000000000E6
:10EA300000000000000000000000000000000000D6
:10EA400000000000000000000000000000000000C6
:0CEA5000000000000000000000000000BA
:04000005080086BDAC
:00000001FF
