:020000040800F2
:1000000000000120A5860008B16A0008B56A000852
:10001000C16A0008CD6A0008D96A00080000000023
:10002000000000000000000000000000E56A000879
:10003000E96A000800000000ED6A0008F16A0008A3
:10004000F5860008F5860008F5860008F5860008A4
:10005000F5860008F5860008F5860008F586000894
:10006000F5860008F5860008F5860008F586000884
:10007000F5860008F5860008F5860008F586000874
:10008000F5860008F5860008F5860008F586000864
:10009000F56A0008F5860008F5860008F586000870
:1000A000F5860008856C0008F5860008F5860008CE
:1000B000F5860008F5860008F5860008F586000834
:1000C000F5860008F5860008F5860008F586000824
:1000D000F5860008F58600085D6D0008F5860008C5
:1000E000056D0008F5860008F5860008F58600080D
:1000F000F5860008F5860008F5860008F5860008F4
:10010000F5860008F5860008F5860008F5860008E3
:10011000F5860008F5860008F5860008F5860008D3
:10012000F5860008F5860008F5860008F5860008C3
:1001300001F0FF01102A2BDB10F0070F08D010F898
:10014000013B013A8B422DD010F0070F42B3F6D19C
:10015000F0B441EA012141EA014122F007047FF0B5
:1001600000070023F0E80256083C85EA010586EA0C
:10017000010685FA47F5A3FA87F586FA47F6A5FA48
:1001800087F68EB9EED1F0BC01F0FF0102F0070254
:1001900032B110F8013B013A83EA010313B1F8D1FF
:1001A0000020704701387047002D06BF35460338E0
:1001B000073815F0010F07D1013015F4807F02BF19
:1001C000013015F4C03F0130F0BC0138704700BF6A
:1001D000034613F8012B002AFBD1181A0138704787
:1001E00081F0004102E000BF83F0004330B54FEAE8
:1001F00041044FEA430594EA050F08BF90EA020F55
:100200001FBF54EA000C55EA020C7FEA645C7FEAE7
:10021000655C00F0E2804FEA5454D4EB5555B8BF0A
:100220006D420CDD2C4480EA020281EA030382EA7B
:10023000000083EA010180EA020281EA0303362D0D
:1002400088BF30BD11F0004F4FEA01314FF4801CE0
:100250004CEA113102D0404261EB410113F0004FF2
:100260004FEA03334CEA133302D0524263EB4303A9
:1002700094EA050F00F0A780A4F10104D5F1200E47
:100280000DDB02FA0EFC22FA05F2801841F10001A2
:1002900003FA0EF2801843FA05F359410EE0A5F176
:1002A00020050EF1200E012A03FA0EFC28BF4CF0A7
:1002B000020C43FA05F3C01851EBE37101F000455D
:1002C00007D54FF0000EDCF1000C7EEB00006EEB6A
:1002D0000101B1F5801F1BD3B1F5001F0CD34908F4
:1002E0005FEA30004FEA3C0C04F101044FEA44524B
:1002F00012F5800F80F09A80BCF1004F08BF5FEAD2
:10030000500C50F1000041EB045141EA050130BDB1
:100310005FEA4C0C404141EB0101013C28BFB1F5C3
:10032000801FE9D291F0000F04BF01460020B1FA0E
:1003300081F308BF2033A3F10B03B3F120020CDAE1
:100340000C3208DD02F1140CC2F10C0201FA0CF0BF
:1003500021FA02F10CE002F11402D8BFC2F1200C24
:1003600001FA02F120FA0CFCDCBF41EA0C019040DA
:10037000E41AA2BF01EB0451294330BD6FEA040423
:100380001F3C1CDA0C340EDC04F11404C4F120020E
:1003900020FA04F001FA02F340EA030021FA04F320
:1003A00045EA030130BDC4F10C04C4F1200220FA77
:1003B00002F001FA04F340EA0300294630BD21FAB5
:1003C00004F0294630BD94F0000F83F4801306BF7B
:1003D00081F480110134013D4EE77FEA645C18BF6F
:1003E0007FEA655C29D094EA050F08BF90EA020F06
:1003F00005D054EA000C04BF1946104630BD91EAFE
:10040000030F1EBF0021002030BD5FEA545C05D100
:100410004000494128BF41F0004130BD14F580043F
:100420003CBF01F5801130BD01F0004545F0FE41B3
:1004300041F470014FF0000030BD7FEA645C1ABFE8
:10044000194610467FEA655C1CBF0B46024650EA1F
:10045000013406BF52EA033591EA030F41F400214B
:1004600030BD00BF90F0000F04BF0021704730B5D1
:100470004FF4806404F132044FF000054FF00001A6
:1004800050E700BF90F0000F04BF0021704730B567
:100490004FF4806404F1320410F0004548BF40423C
:1004A0004FF000013EE700BF42004FEAE2014FEA91
:1004B00031014FEA02701FBF12F07F4393F07F4F6C
:1004C00081F06051704732F07F4208BF704793F06F
:1004D0007F4F04BF41F40021704730B54FF4607482
:1004E00001F0004521F000411CE700BF50EA010285
:1004F00008BF704730B54FF000050AE050EA01022E
:1005000008BF704730B511F0004502D5404261EB9D
:1005100041014FF4806404F132045FEA915C3FF4DE
:10052000D8AE4FF003025FEADC0C18BF03325FEA7B
:10053000DC0C18BF033202EBDC02C2F1200300FA2C
:1005400003FC20FA02F001FA03FE40EA0E0021FA51
:1005500002F11444BDE600BF70B54FF0FF0C4CF43F
:10056000E06C1CEA11541DBF1CEA135594EA0C0FF1
:1005700095EA0C0F00F0DEF82C4481EA030621EA2C
:100580004C5123EA4C5350EA013518BF52EA033567
:1005900041F4801143F4801338D0A0FB02CE4FF019
:1005A0000005E1FB02E506F00042E0FB03E54FF049
:1005B0000006E1FB03569CF0000F18BF4EF0010E41
:1005C000A4F1FF04B6F5007F64F5407404D25FEA3D
:1005D0004E0E6D4146EB060642EAC62141EA5551F0
:1005E0004FEAC52040EA5E504FEACE2EB4F1FD0C32
:1005F00088BFBCF5E06F1ED8BEF1004F08BF5FEAB0
:10060000500E50F1000041EB045170BD06F0004661
:1006100046EA010140EA020081EA0301B4EB5C040E
:10062000C2BFD4EB0C0541EA045170BD41F4801106
:100630004FF0000E013C00F3AB8014F1360FDEBF2B
:10064000002001F0004170BDC4F10004203C35DA07
:100650000C341BDC04F11404C4F1200500FA05F38A
:1006600020FA04F001FA05F240EA020001F000422B
:1006700021F0004110EBD37021FA04F642EB0601A1
:100680005EEA430E08BF20EAD37070BDC4F10C04CB
:10069000C4F1200500FA04F320FA05F001FA04F28F
:1006A00040EA020001F0004110EBD37041F100017B
:1006B0005EEA430E08BF20EAD37070BDC4F1200586
:1006C00000FA05F24EEA020E20FA04F301FA05F2EE
:1006D00043EA020321FA04F001F0004121FA04F296
:1006E00020EA020000EBD3705EEA430E08BF20EA66
:1006F000D37070BD94F0000F0FD101F000464000A0
:1007000041EB010111F4801F08BF013CF7D041EA21
:10071000060195F0000F18BF704703F00046520025
:1007200043EB030313F4801F08BF013DF7D043EAF6
:100730000603704794EA0C0F0CEA135518BF95EAAC
:100740000C0F0CD050EA410618BF52EA4306D1D133
:1007500081EA030101F000414FF0000070BD50EA52
:10076000410606BF1046194652EA430619D094EADC
:100770000C0F02D150EA013613D195EA0C0F05D1C6
:1007800052EA03361CBF104619460AD181EA03011A
:1007900001F0004141F0FE4141F470014FF00000D2
:1007A00070BD41F0FE4141F4780170BD70B54FF06D
:1007B000FF0C4CF4E06C1CEA11541DBF1CEA1355ED
:1007C00094EA0C0F95EA0C0F00F0A7F8A4EB0504CF
:1007D00081EA030E52EA03354FEA013100F08880C6
:1007E0004FEA03334FF0805545EA131343EA12638F
:1007F0004FEA022245EA111545EA10654FEA002644
:100800000EF000419D4208BF964244F1FD0404F5FC
:10081000407402D25B084FEA3202B61A65EB030558
:100820005B084FEA32024FF480104FF4002CB6EB15
:10083000020E75EB030E22BFB61A754640EA0C0095
:100840005B084FEA3202B6EB020E75EB030E22BFD5
:10085000B61A754640EA5C005B084FEA3202B6EB16
:10086000020E75EB030E22BFB61A754640EA9C00D5
:100870005B084FEA3202B6EB020E75EB030E22BFA5
:10088000B61A754640EADC0055EA060E18D04FEA63
:10089000051545EA16754FEA06164FEAC30343EA03
:1008A00052734FEAC2025FEA1C1CC0D111F4801FD0
:1008B0000BD141EA00014FF000004FF0004CB6E7C9
:1008C00011F4801F04BF01430020B4F1FD0C88BF68
:1008D000BCF5E06F3FF6AFAEB5EB030C04BFB6EB73
:1008E000020C5FEA500C50F1000041EB045170BD66
:1008F0000EF0004E4EEA113114EB5C04C2BFD4EB93
:100900000C0541EA045170BD41F480114FF0000E16
:10091000013C90E645EA060E8DE60CEA135594EA92
:100920000C0F08BF95EA0C0F3FF43BAF94EA0C0F95
:100930000AD150EA01347FF434AF95EA0C0F7FF40A
:1009400025AF104619462CE795EA0C0F06D152EA5E
:1009500003353FF4FDAE1046194622E750EA410642
:1009600018BF52EA43067FF4C5AE50EA41047FF453
:100970000DAF52EA43057FF4EBAE12E74FF0FF3CB8
:1009800006E000BF4FF0010C02E000BF4FF0010C89
:100990004DF804CD4FEA410C7FEA6C5C4FEA430C02
:1009A00018BF7FEA6C5C1BD001B050EA410C0CBF51
:1009B00052EA430C91EA030F02BF90EA020F0020B3
:1009C000704710F1000F91EA030F58BF994208BF1A
:1009D00090422CBFD8176FEAE37040F001007047D7
:1009E0004FEA410C7FEA6C5C02D150EA013C07D12E
:1009F0004FEA430C7FEA6C5CD6D152EA033CD3D079
:100A00005DF8040B704700BF8446104662468C4672
:100A10001946634600E000BF01B5FFF7B7FF0028A5
:100A200048BF10F1000F01BD4DF808EDFFF7F4FFCE
:100A30000CBF012000205DF808FB00BF4DF808ED59
:100A4000FFF7EAFF34BF012000205DF808FB00BF7C
:100A50004DF808EDFFF7E0FF94BF012000205DF89E
:100A600008FB00BF4DF808EDFFF7CEFF94BF012053
:100A700000205DF808FB00BF4DF808EDFFF7C4FF4C
:100A800034BF012000205DF808FB00BF4FEA410C95
:100A90007FEA6C5C02D150EA013C0AD14FEA430C78
:100AA0007FEA6C5C02D152EA033C02D14FF00000B5
:100AB00070474FF0010070474FEA410212F50012F3
:100AC00015D211D56FF47873B3EB625212D94FEA95
:100AD000C12343F0004343EA505311F0004F23FA7F
:100AE00002F018BF404270474FF00000704750EAD4
:100AF000013005D111F0004008BF6FF00040704791
:100B00004FF00000704700BF4A0011D212F50012EA
:100B100011D20DD56FF47873B3EB62520ED44FEA55
:100B2000C12343F0004343EA505323FA02F07047D5
:100B30004FF00000704750EA013002D14FF0FF3013
:100B400070474FF0000070474FEA4102B2F1E043B6
:100B500024BFB3F5001CDCF1FE5C0DD901F0004CA4
:100B60004FEAC0024CEA5070B2F1004F40EB8300F4
:100B700008BF20F00100704711F0804F21D113F120
:100B80003872BCBF01F00040704741F480114FEA59
:100B90005252C2F11802C2F1200C10FA0CF320FAE2
:100BA00002F018BF40F001004FEAC1234FEAD323FF
:100BB00003FA0CFC40EA0C0023FA02F34FEA430369
:100BC000CCE77FEA625307D150EA01331EBF4FF0F2
:100BD000FE4040F44000704701F0004040F0FE400D
:100BE00040F40000704700BF0348044B834202D02A
:100BF000034B03B118477047CC010020CC01002003
:100C0000000000000548064B1B1AD90F01EBA30199
:100C1000491002D0034B03B118477047CC010020A4
:100C2000CC0100200000000010B5064C237843B929
:100C3000FFF7DAFF044B13B10448AFF30080012340
:100C4000237010BDCC0100200000000054D000082B
:100C500008B5054B1BB105490548AFF30080BDE859
:100C60000840FFF7CFBF00BF00000000D001002008
:100C700054D0000808B5012006F0DCFF4FF4C06036
:100C800006F0AEFF40F2026006F0AAFF40F20360F9
:100C900006F0A6FF40F2046006F0A2FF4FF4A06049
:100CA00006F09EFF40F2015006F09AFF40F21970E4
:100CB00006F096FF40F20E7006F092FF40F20F70C1
:100CC00006F08EFF40F20B6006F08AFF40F20960EA
:100CD00006F086FF40F20A6006F082FF40F20F60E5
:100CE00006F07EFFBDE8084040F2117006F078BFC4
:100CF00070B505F09DFEFFF7BDFF00F02FFA02F082
:100D0000D9FA02F043FA00F03DFC02F0F1F902F0EA
:100D100017FA00F0CFFA00F0BBFB03F07BFBC548ED
:100D200009F018F9C44809F015F90123002202213D
:100D3000C24809F0A7F8C248062105F05FFCC04888
:100D400005F046FD002800F0AC81BE4DBE4C6B693D
:100D5000D4ED027A013304BF00236B612B690133A8
:100D600008BF0023F4EE677A08BF2B61F1EE10FA9A
:100D700080F19481BFEE007AF4EE477AF1EE10FA3A
:100D800000F08C81D4ED037AF4EE677AF1EE10FA7C
:100D900080F18181BFEE007AF4EE477AF1EE10FA2D
:100DA00000F07981D4ED067AF4EE677AF1EE10FA6C
:100DB00080F16E81BFEE007AF4EE477AF1EE10FA20
:100DC00000F066816B68D4ED077A013304BF01231C
:100DD0006B60AB68013304BF0023AB60EB68013389
:100DE00008BF4FF47A73F4EE677A08BFEB60F1EE58
:100DF00010FA80F11B81BFEE007AF4EE477AF1EE33
:100E000010FA00F01381D4ED087AF4EE677AF1EE6F
:100E100010FA80F10881BFEE007AF4EE477AF1EE25
:100E200010FA00F00081D4ED097AF4EE677AF1EE61
:100E300010FA80F1F580BFEE007AF4EE477AF1EE19
:100E400010FA00F0ED80D4ED127AF4EE677AF1EE4C
:100E500010FA80F1E280BFEE007AF4EE477AF1EE0C
:100E600010FA00F0DA80D4ED0A7AF4EE677AF1EE47
:100E700010FA80F1CF80BFEE007AF4EE477AF1EEFF
:100E800010FA00F0C780D4ED117AF4EE677AF1EE33
:100E900010FA80F1BB80BFEE007AF4EE477AF1EEF3
:100EA00010FA00F0B380D4ED0E7AF4EE677AF1EE2A
:100EB00010FA80F1A780BFEE007AF4EE477AF1EEE7
:100EC00010FA00F09F80D4ED177AF4EE677AF1EE15
:100ED00010FA80F19480BFEE007AF4EE477AF1EEDA
:100EE00010FA00F08C80D4ED187AF4EE677AF1EE07
:100EF00010FA80F18180BFEE007AF4EE477AF1EECD
:100F000010FA79D0D4ED147A5048514EF4EE677A45
:100F1000D4ED137AF1EE10FA64BF4E4B2365F4EE74
:100F2000677AD4ED167AF1EE10FA64BF4A4BE364A7
:100F3000F4EE677AD4ED157AF1EE10FA64BF474B00
:100F4000A365F4EE677AF1EE10FA64BF444B636573
:100F500003F0FAFC00214FF44472424809F01BF8F8
:100F60006A69A36AC6F8D82064202A69C6F8D42022
:100F7000B3663D4D05F07EFD6421304605F06AF80C
:100F80003A494FF4007206F1DC0009F051F895E897
:100F9000070003F031F9002840F08B80344800F05E
:100FA00011FB344800F028FB00221146282006F0EF
:100FB000C5FD01220021142006F0C0FD0022012100
:100FC000192006F0BBFD00220221262006F0B6FD06
:100FD000294B062101221980DA7000244FF47A701F
:100FE00005F048FDAB880134002BF7D095E80700E9
:100FF000234603F017F8F1E7204B236682E7204BE6
:10100000E36570E74FF07E53A3635CE74FF07E53D8
:10101000636448E71B4BA36235E7184BA36422E7E0
:10102000194B63620FE7194B2362FCE60023E3616F
:10103000E9E600BF88D1000894D10008B4D10008C7
:10104000C0390020D8390020D83D0020BC3600200F
:101050009833002000004841000048C1000082424F
:10106000000082C2442E00208C330020F039002082
:10107000E8010020FC010020A83600200000A0406C
:101080000000FA430000A841000060410000FA425D
:101090000023A36196E6094BE36083E6084BA36057
:1010A00070E60849084800F06FFB084808F052FF56
:1010B0004BE6074808F04EFF70E700BF00002042F3
:1010C00000007A44D83D0020D8390020D0D1000853
:1010D00020D2000808B514484FF4006106F0A6FCC1
:1010E0001248002106F0ACFF002211460F4807F01D
:1010F0003FF90E480022012107F03AF90B4800227F
:10110000022107F035F900221146084807F0D2F80D
:1011100006480022012107F0CDF8BDE80840034849
:101120000022022107F0C6B800080140002C01404F
:10113000024A136803431360FFF7CCBFD83E002078
:10114000014B1868704700BFD83E0020024A136860
:1011500023EA000313607047D83E002010B55048C2
:10116000012106F077FC4F48012106F073FC4E4840
:101170004FF4A0530122182106F000FC4A484FF416
:1011800000630122042106F0F9FB4FF40043012221
:101190004648102106F0F2FB44484FF4004106F0A7
:1011A00043FC43484FF420430122182106F0E6FB9C
:1011B0003F484FF480430122482106F0DFFB4FF403
:1011C000805301223A48102106F0D8FB38484FF4EA
:1011D000805106F029FC35484FF4006302221021AB
:1011E00006F0CCFB4FF4805303223048042106F074
:1011F000C5FB2E484FF4006106F018FC2B484FF455
:10120000E0630322182106F0B9FB274803230422D8
:10121000002106F0B3FB264801230422002106F03A
:10122000ADFB21480C230422002106F0A7FB1F4838
:10123000F0230422002106F0A1FB1B4830230422E6
:10124000002106F09BFB4FF40053022216481021A8
:1012500006F094FB14484FF4005106F0E7FB1348E6
:1012600004230122182106F089FB082301220F48DC
:10127000042106F083FB01214FF4EA1006F0EAFB9B
:101280000B484FF480730222482106F077FBBDE83B
:10129000104007484FF400730322182106F06EBB7C
:1012A0000010200000023000001001400008014042
:1012B000000C014070B5714888B0002106F00AF9B1
:1012C0006F4A704B01920024042503934FF400727F
:1012D0004FF400634FF48076029204930DEB050205
:1012E0004FF4805321466548ADF81C60CDE90553A5
:1012F0008DF81E4006F00CF92146604806F046F9CC
:1013000021465E4806F054F95F4805F03DFD5F4810
:1013100005F03AFD4FF4803005F084FD31465A481F
:10132000012205F08FFD22465748022105F08AFD73
:1013300031465648012205F085FD224653480221D8
:1013400005F080FD2146504805F0A4FD2A464E4890
:10135000012105F0A9FD01224B48022105F0A4FD61
:1013600021464A4805F096FD2A464848012105F0E5
:101370009BFD46480122022105F096FD23462146A9
:101380004148062205F0AEFD23463F480F220121C9
:1013900005F0A8FD23463C480722022105F0A2FDE6
:1013A000234639480822032105F09CFD23462146A7
:1013B0003648052205F096FD234634480E220121C9
:1013C00005F090FD23462A463048022105F08AFDAB
:1013D00023462E480C22032105F084FD2A484FF4B1
:1013E0006022012105F02AFE01221146264805F05F
:1013F00009FE26484FF46022012105F01FFE01225C
:101400001146224805F0FEFD234621461E480B22C8
:1014100005F0C0FD234621461C480A2205F0BAFD0E
:1014200019484FF4E042022105F008FE1648012257
:10143000022105F0E7FD15484FF4E042022105F0D6
:10144000FDFD01220221114805F0DCFD0E4805F0EA
:10145000E3FC0E4805F0E0FC0B4805F0C3FC0B482C
:1014600005F0C0FC012005F005FB074805F0C2FCB3
:10147000064805F0BFFC08B070BD00BF0000024088
:101480004C240140E03E002000240140002801409F
:1014900070B5384888B0042106F01CF83649374A40
:1014A00001914FF48063012400254FF4807603926C
:1014B000049301AA4FF480532E4806930421ADF8FB
:1014C0001C6002968DF81E50059406F021F82948FC
:1014D000042106F05BF80421264806F069F8284844
:1014E00005F052FC22463146254805F0ABFC2A4661
:1014F0002348022105F0A6FC2946214805F0CAFC34
:10150000224621461E4805F0CFFC22461C480221F7
:1015100005F0CAFC2B46294619480D2205F0E2FCCD
:10152000214617484FF4602205F088FD22462146E7
:10153000134805F067FD2B46294611480D2205F09A
:1015400029FD0F484FF4E042022105F077FD2246C5
:1015500002210B4805F056FD094805F05DFC0848DE
:1015600005F040FC204605F085FA054805F042FCF0
:1015700008B070BD000402404C3C0140DC3E00203D
:10158000003C014000B585B001A9002005F0ACFD8C
:101590000A4805F097FD0A484FF48072CDE9010230
:1015A0004FF4802301A90548039305F0CFFD0348BC
:1015B000022105F08BFF05B000BD00BF00640040B4
:1015C0000000090300B5014687B0032005F08CFD3B
:1015D00001A9012005F088FD00234FF4803101228C
:1015E00001A8CDE90133CDE903318DF8142005F0D0
:1015F0003FFE07B000BD00BF00B583B001460190BB
:10160000022005F071FD054A0199906808600023E9
:1016100006228A724B600B8103B000BDD8390020CE
:10162000F0B52DED028B1E4D83B00446F0EE608ABE
:10163000B0EE418AD5ED130A95ED141A01911020F0
:1016400004F07EFB95ED161AD5ED150A0746B0EEAF
:10165000680A0C2004F074FBD5ED030A95ED0E7AB0
:10166000D5ED117A60EEC70A064660EEA70AB0EE25
:10167000480AB1EE601A0C2004F062FB03120199D3
:10168000E17203EB06137ABA3111E3730023A173FD
:10169000A28120746374A37403B0BDEC028BF0BD0F
:1016A000D83D002084B0F0B52DED028B83B00AAC9C
:1016B00084E80F009DF836309DF835709DF839208C
:1016C0009DF83760BDF833002D4C9DF838E09DF84B
:1016D0003A10D4ED140A94ED130A0F9D9FED298A58
:1016E0004FEA032C1B0943EA07170CF470631E43EF
:1016F000130240BA120903F470630B4342EA0E125C
:1017000080B210210092019304F02EFB85ED000AB7
:10171000D4ED160A94ED150A38460C2104F024FB8A
:1017200085ED010AD4ED170A3046B0EE480A0C21C7
:1017300004F01AFB85ED020AD4ED180A00980C217A
:10174000B0EE480A04F010FB85ED030A94ED030A9D
:1017500094ED0E7AD4ED117A019820EE470A0C210F
:1017600020EE270AF1EE400A04F0FEFA85ED040AA5
:1017700003B0BDEC028BBDE8F04004B0704700BF81
:10178000D83D00200000000070B54FF480620C4688
:101790000546002108F0FFFB01264FF4807200216E
:1017A000204608F0F8FB6E60002300224FF47A76A2
:1017B000C5E904222A60AA60EE60154ADFED156AC9
:1017C0009FED157ADFED157AA3614FF07E51E3614D
:1017D0006363E3632364124BDFF858E0DFF858C01B
:1017E0001048A1636164A2640F49236522660F4B10
:1017F0000F4AC4ED026A84ED037AC4ED087AC4F896
:1018000054E0C4F858C0E164E0656262A36270BD50
:101810000000A04000007A44000020420000FA428C
:10182000000048410000FA43000048C10000A84100
:1018300000006041000082C20000824270B50E4686
:101840001E49A0F1040E00F57F754FF0FF305EF8E1
:10185000044F4FF0000C24FA0CF3DBB2584008227E
:1018600040F300030B40013A83EA5000F8D10CF139
:10187000080CBCF1200FEED17545E8D10F49B646F2
:1018800006F58075DEF800404FF0000C24FA0CF3EA
:10189000DBB25840082240F300030B40013A83EAD0
:1018A0005000F8D10CF1080CBCF1200FEED10EF174
:1018B000040EAE45E6D1C04370BD00BF2083B8ED35
:1018C0000368012B00F22C8243687F2B00F22882F0
:1018D00083687F2B00F22482C368DE4A013B934277
:1018E00000F21E820369DFF8A4C34FF6FF721344AF
:1018F000634500F2158243691A44624500F2108282
:10190000D1ED027A9FEDD47AF0EEE76AF4EE476A01
:10191000F1EE10FA00F20482DFEDDD6AF4EEE67A11
:10192000F1EE10FAC0F2FC81DFEDCC6AF4EEE67A5B
:10193000F1EE10FA00F2F481D1ED037AF0EEE76AED
:10194000F4EE476AF1EE10FA00F2EA819FEDC47AF4
:10195000F4EEC77AF1EE10FAC0F2E2819FEDC17A9F
:10196000F4EEC77AF1EE10FA00F2DA81D1ED064A10
:10197000DFEDB96AB0EEE47AB4EE667AF1EE10FA11
:1019800000F2CE81F5EEC04AF1EE10FAC0F2C88145
:101990009FEDB57AF4EEC74AF1EE10FA00F2C0817D
:1019A00091ED077AB0EEC76AB4EE666AF1EE10FA0E
:1019B00000F2B681B5EEC07AF1EE10FAC0F2B08155
:1019C0009FEDB36AB4EEC67AF1EE10FA00F2A88188
:1019D00091ED087AB0EEC76AB4EE666AF1EE10FADD
:1019E00000F29E81F7EE006AB4EEE67AF1EE10FAAC
:1019F000C0F29681DFED9D6AB4EEE67AF1EE10FA60
:101A000000F28E8191ED095ADFED936AB0EEC57A4E
:101A1000B4EE667AF1EE10FA00F282819FED907AD0
:101A2000B4EEC75AF1EE10FAC0F27A819FED907AC7
:101A3000B4EEC75AF1EE10FA00F2728191ED0A7A13
:101A4000B0EEC76AB4EE666AF1EE10FA00F2688191
:101A5000B7EE006AB4EEC67AF1EE10FAC0F2608119
:101A60009FED846AB4EEC67AF1EE10FA00F2588166
:101A700091ED0D7AB0EEC76AB4EE666AF1EE10FA37
:101A800000F24E81B5EEC07AF1EE10FAC0F2488154
:101A9000DFED7F6AB4EEE67AF1EE10FA00F24081F3
:101AA000D1ED0E6A9FED6C7AB0EEE66AB4EE476A4D
:101AB000F1EE10FA00F234819FED6F6AF4EEC66A1F
:101AC000F1EE10FAC0F22C81B2EE046AF4EEC66AAE
:101AD000F1EE10FA00F22481D1ED0F6AB0EEE66A61
:101AE000B4EE476AF1EE10FA00F21A81F5EEC06A20
:101AF000F1EE10FAC0F214819FED606AF4EEC66A4E
:101B0000F1EE10FA00F20C81D1ED106AB0EEE66A47
:101B1000B4EE476AF1EE10FA00F20281F5EEC06A07
:101B2000F1EE10FAC0F2FC809FED556AF4EEC66A41
:101B3000F1EE10FA00F2F480D1ED116AB0EEE66A2F
:101B4000B4EE476AF1EE10FA00F2EA809FED4D7AAA
:101B5000F4EEC76AF1EE10FAC0F2E2809FED477A28
:101B6000F4EEC76AF1EE10FA00F2DA80D1ED126AF3
:101B70009FED397AB0EEE66AB4EE476AF1EE10FAFC
:101B800000F2CE809FED366AF4EEC66AF1EE10FAEE
:101B9000C0F2C680B3EE046AF4EEC66AF1EE10FA43
:101BA00000F2BE80D1ED135AF0EEE56AF4EE476A1A
:101BB000F1EE10FA00F2B480DFED336AF4EEE65A8B
:101BC000F1EE10FAC0F2AC80F5EEC05AF1EE10FA68
:101BD00000F2A68091ED146AF0EEC66AF4EE476A50
:101BE000F1EE10FA00F29C80B5EEC06AF1EE10FA48
:101BF000C0F296809FED214AB4EEC46AF1EE10FA6D
:101C000000F28E80D1ED156AB0EE473AB0EEE67A7A
:101C1000B4EE437AF1EE10FA00F282809FED1A7A68
:101C2000F4EEC76AF1EE10FA7ADBF5EEC06AF1EE77
:101C300010FA75D891ED167AF0EEC73AF4EE433A01
:101C4000F1EE10FA6CD8B5EEC07AF1EE10FA67DB5F
:101C500020E000BF9F860100FFFF7F7F0000FA4465
:101C6000CDCCCC3D00007042000004420000164381
:101C7000000020420000804217B7D13800007A44AB
:101C80000050C3476F12833A00007AC4FEFF010080
:101C90000000C842B4EEC47AF1EE10FA40D8D1ED9B
:101CA000173AF0EEE32AF4EE432AF1EE10FA37D8B1
:101CB000F5EEC03AF1EE10FA32DBF4EEC43AF1EE92
:101CC00010FA2DD891ED184AF0EE433AB0EEC43A2E
:101CD000B4EE633AF1EE10FA22D8B5EEC04AF1EE56
:101CE00010FA1DDB5FED163AB4EEE34AF1EE10FA9E
:101CF00016D8F4EEE47AF1EE10FA11DBF4EEC57AC0
:101D0000F1EE10FA0CDBF4EEC65AF1EE10FA07D53C
:101D1000F4EEC76AF1EE10FA4CBF012000207047C4
:101D20000020704730B5DFF83CC083B06045069DA9
:101D3000079C02D0002003B030BD0229FAD1B2F5D1
:101D4000A07FF7D1214628460193FFF777FD019B3D
:101D50009842EFD12146284603B0BDE83040FFF756
:101D6000AFBD00BF4154484E401A0028D4BF0020E8
:101D70000120704740B12AB15B1A002BD4BF00206C
:101D8000012070471046704782420CBF4FF0FF3071
:101D90000120704711B10AB1082B01D00020704713
:101DA000009BC01AB3F5006FB0FA80F04FEA5010F4
:101DB00028BF0020704700BF431E00F1060C13F837
:101DC000012FFF2A09D16345F9D1C279131DDBB276
:101DD000022B02D80A70012070470020704700BF14
:101DE00038B5C0F30D0444F4804440F44045204627
:101DF0000BF0EAF8002814BF2846204638BD00BF83
:101E0000084310B5C0F30D0420460BF0DDF844EA9A
:101E1000C03080B210BD00BF10B504460BF0D4F83E
:101E200028B914F4804F18BF6FF0010010BD4FF0B7
:101E3000FF3010BDC0F30D00C1F30D01401AB0F525
:101E4000005F03DDA0F5804000B2704710F5005F31
:101E5000B8BF00F5804000B2704700BF0378A52BE3
:101E600029D143785A2B26D18378012B23D110B561
:101E700083790C46CBB9DFF84CE0421E811D00236C
:101E800012F801CF83EA0C0391421EF80330F7D118
:101E9000C2799A4212D1C37823700379637043796F
:101EA000A3708379E370002010BDC378072BE2D0C4
:101EB0004FF0FF3010BD4FF0FF3070476FF0010062
:101EC00010BD00BF70D0000890F800C06CF07F0C0F
:101ED00083F800C090F801C083F801C08078987042
:101EE0004FEA122CD970100C110E1A7183F805C02C
:101EF0009871D971704700BF164B1B7803B97047B2
:101F000030B5154C237883B0DBB2CDE900310546FE
:101F100004F0C8FD009B114A019903EB430C4FEA02
:101F20008C0E013342F80E0002EB8C0203F01F030B
:101F30000B4815719160237003781F2B04D8037828
:101F40000133037003B030BD064A136801331360D8
:101F500003B030BDFA3E0020F93E0020FC3E0020D8
:101F6000F83E0020F43E00202DE9F041894C016844
:101F7000236840F201720133914288B0236006D198
:101F8000037A23B9437A13B9827A082A05D0A36861
:101F90000133A36008B0BDE8F08102A90B300093C3
:101FA000FFF75CFF18B1E3680133E360F2E704F088
:101FB00079FD7949009B0A68821A132A40F23B8115
:101FC000626808609DF8081001320729626000F01D
:101FD0003681032901F26D80DFE801F0A59B19022B
:101FE0009DF80A100F2900F2A380DFE811F0EE003F
:101FF000EC00EA00050103010101FF00FD00A10062
:10200000F900F500F100E600E200A100DF009DF814
:102010000A207A2A00F28C80DFE812F0680362035B
:102020005C0305037A03770390038A008A00F000BB
:102030000203FF02F902F302EB02E402E002DC0217
:1020400087037E038A008A008A008A000701F9005C
:10205000F6009403F9000701F6008A008A008A005E
:102060008A008A008A008A008A008A008A008A0020
:102070008A008A008A008A008A008A008A008A0010
:102080008A008A008A008A008A008A00C4039A03B0
:102090000701FA03F403ED03E603DF03D803D103DA
:1020A000CA036B0464045D0456044F0448044104ED
:1020B0003A0433042C0425041E04170410040904F4
:1020C0000004F307D807AD07920758073307210725
:1020D0000607DB06C00695067A06620657064B061B
:1020E00030060F06F405C905AE0579055E05330512
:1020F0001805ED04D504BF04A40489047D047A0402
:102100007204C802F000C002A502990260025802DF
:10211000DE009DF80A20042A00F2CE87DFE802F0F4
:102120003633312F38009DF80A20002A00F06281F2
:102130000123216901310022216103A90220CDE997
:10214000003204F0D1FF00230493ADF8143040F2C4
:10215000817303930823DDE9001202A88DF816307D
:102160000DF11703FFF7B0FE0C4803A905F0FAF8CC
:10217000032800F03B81A3690133A3610AE7084A01
:10218000DBE70F22D9E74FF48032D6E7054AD4E7E0
:10219000054AD2E77C400020F03E00200064004069
:1021A00001D1E0A74154484E01E803009D4A12685E
:1021B000C3E79D4AD2F80823BFE79B4AD2F804231D
:1021C000BBE7A268B9E76268B7E722680B46B4E7E5
:1021D000954AD2F80023B0E7944AD2F8FC22ACE743
:1021E000914AD2F8FC22A8E7E269A6E7A269A4E72F
:1021F0006269A2E72269A0E7E2689EE78B490A8943
:10220000C96842EA014298E740F2154295E7884AD8
:102210009FED887AD2ED037A8749884AB4EEE77A4F
:10222000F1EE10FAB8BF0A4687E7009301F0ECFB25
:10223000009B024681E7636901336361AAE69DF86A
:102240000A20013A0B2A00F23487DFE812F0C800B6
:10225000C000B8009700A4008D00780061004C0019
:10226000370021000C0076489DF80B2001788A4247
:10227000BFF45EAF7349097800782031091A0A4427
:10228000714902F01F020C2000FB0212926854E711
:102290006B489DF80B2001788A42BFF449AF694929
:1022A000097800782031091A0A44674902F01F02B0
:1022B0000C2000FB02121279D2B23EE760489DF872
:1022C0000B2001788A42BFF433AF5E490978007869
:1022D0002031091A0A4402F01F020C205A4900FB5F
:1022E00002F28A5829E75749554800220A7057498F
:1022F00002700A60564A1278007842EA00220868A2
:10230000B0F5803F36BF0968524909040A4314E713
:102310004F4A4FF0000C82F800C01178002976D1A6
:1023200047484A491278007842EA00220868B0F526
:10233000803F36BF0968474909040A43FDE6444A1D
:102340003F48012111701178002955D13F49127879
:10235000007842EA00220868B0F5803F36BF09687D
:102360003C4909040A43E8E63B48028882B11B2144
:10237000009303F0F3FB009B0122DEE69DF80B20A7
:10238000013AD2B2132A03D8334A1288002A67D0FE
:1023900002230022D1E6304A11880029F8D10093A7
:1023A000FEF7CEFE0028F3D11F4991F8DD12002977
:1023B000EED029487A2103F0D1FB009BDCE72648C8
:1023C0000093652103F0CAFB009B0322B5E6224877
:1023D00000936D2103F0C2FB009B0222ADE61E4874
:1023E00000931B2103F0BAFB009BC5E7E3690133AF
:1023F000E361CFE5194AA0E61449124D4FF0000CF5
:1024000085F800C080F800C0C1F800C09FE70D4902
:102410000B4881F800C00D4980F800C0C1F800C029
:1024200080E700BF9C40002098330020BC3600208D
:10243000D83D002000002042A0008002A000C00281
:10244000F83E0020F93E0020FC3E0020F43E002033
:10245000FA3E00200000FFFFA83600204154484EFD
:102460000093FEF76DFE002892D1BC4A9288002AA4
:102470008ED1BB4A92F8DD22002A89D0B94A92F85F
:10248000F522002A84D000F180404FF4805100F5FD
:10249000843005F0D3FA00283FF47AAF9DF80B3072
:1024A0009FEDB17AB14AB24807EE903AF8EE677AFA
:1024B000632167EE877AC2ED127A03F04FFB9DF835
:1024C0000B20009B642101FB02F236E6A54AD2F8FC
:1024D000F81292F8F52242EA01222EE6A1499FED78
:1024E000A57AD1ED067AF4EEC77AF1EE10FA80F211
:1024F00009819FEDA17AF4EEC77AF1EE10FA40F26D
:10250000FF809FED9E7A67EE877AFDEEE77A17EE01
:10251000902AD1ED077A9FED977AF4EEC77AF1EE23
:1025200010FA92B280F2E9809FED937AF4EEC77AC6
:10253000F1EE10FA40F2DF809FED907A67EE877A35
:10254000FDEEE77A17EE901A42EA0142F5E5854A78
:102550009FED8B7AD2ED1C7A67EE877AFCEEE77AF4
:1025600017EE902AE9E57F498A68D1F89800121A97
:10257000B2F5004F2BDA83488242B8BF0246C868E2
:10258000D1F89C10411AB1F5004F92B21CDA7D4887
:102590008142B8BF014642EA0142CEE57149B1F835
:1025A0009820D1F89C1042EA0142C6E57649774A64
:1025B000DFF8ECC101F5007E51F8040F42408E4572
:1025C0000CFB02F2F8D1B8E547F6FF71E3E747F6F6
:1025D000FF72D4E7634AD2F8B420AEE56C4AD2F871
:1025E0001824AAE55E4991F8DE2242B1D1F8E6222C
:1025F000A3E5684AD188128942EA01429DE5032396
:102600009BE5644A5188928842EA014295E5614A15
:102610005189128842EA01428FE55E4AD2688CE510
:10262000504A128A89E54FF480515B48009305F0C7
:1026300005FA4FF400610646574805F005FA031EF7
:1026400056485349D0F8442CC2F3C035D1F8182469
:10265000D1F818E4D1F81814C1F3800CD0F8201C7C
:102660004FEA42124FEA012101F4807102F0200288
:1026700042EA01023A4991F8DD1218BF01230039FC
:1026800018BF012142EA430242EAC1023549009BD8
:1026900091F8F512003918BF012142EA0112CEF378
:1026A000400E42EA850242EA8E1242EACC12D0F88B
:1026B00020CCD0F8201CCCF3001042EA4022C1F319
:1026C000002142EA8122002E08BF42F0010242F0BE
:1026D000004232E50093FEF733FD009B02462CE5F5
:1026E000009304F0DFF9009B024626E51D491346DE
:1026F000D1F8F82221E5234926E747F6FF7123E7C1
:10270000204A06E747F6FF7203E7154A926F14E581
:10271000134AD2F8E02210E52049D1F83C2CD1F838
:102720002C1C92B242EA014207E51C49D1F8342C34
:10273000D1F8381C92B242EA0142FEE4084AD2F8CB
:102740008020FAE4009301F009FB009B0246F4E4C8
:10275000009301F053F9009B0246EEE48C33002015
:1027600098330020BC360020CDCCCC3DD83D002095
:10277000A8360020681103426F1203C200007A4499
:10278000002474490080FFFFEC390020C59D1C81A6
:1027900000600040E03E00200008014000200140B1
:1027A00093010001009301F023F9009B0246C4E469
:1027B0000520009301F03AF9009B0246BDE4042095
:1027C000009301F033F9009B0246B6E40320009326
:1027D00001F02CF9009B0246AFE40220009301F0C7
:1027E00025F9009B0246A8E40120009301F01EF9A0
:1027F000009B0246A1E40020009301F017F9009B22
:1028000002469AE4009301F00BF9009B024694E41F
:10281000009301F0FFF8009B02468EE4C949CA7894
:1028200048780978120442EA00220A4385E40E201F
:10283000009301F005F9009B02467EE40D20009311
:1028400001F0FEF8009B024677E40C20009301F0B3
:10285000F7F8009B024670E40B20009301F0F0F8BB
:10286000009B024669E40A20009301F0E9F8009B0E
:10287000024662E40920009301F0E2F8009B024660
:102880005BE40820009301F0DBF8009B024654E46F
:102890000720009301F0D4F8009B02464DE4062087
:1028A000009301F0CDF8009B024646E4052000931A
:1028B00001F0C6F8009B02463FE40420009301F0BB
:1028C000BFF8009B024638E40320009301F0B8F8FB
:1028D000009B024631E40220009301F0B1F8009B16
:1028E00002462AE40120009301F0AAF8009B024668
:1028F00023E40020009301F0A3F8009B02461CE4AF
:10290000914992480093FEF799FF009B024614E418
:102910008E4A526911E48E498C4AD1ED1A7A1268B6
:10292000FCEEE77A17EE901A42EA014205E4864A85
:102930009FED887AD2ED0A7AF4EEC77AF1EE10FABA
:1029400078DA9FED857AF4EEC77AF1EE10FA6DD958
:102950009FED827A67EE877AFDEEE77A17EE902A8E
:10296000FFF7EBBB7E4A9FED7B7AD2ED557AF4EE12
:10297000C77AF1EE10FA22DA9FED777AF4EEC77A91
:10298000F1EE10FA17D99FED757A67EE877AFDEEB2
:10299000E77A17EE902AFFF7D0BB714A9FED717A64
:1029A000D2ED5E7A67EE877AFCEEE77A17EE902A30
:1029B00092B2FFF7C2BB4FF00042FFF7BEBB6FF011
:1029C0000042FFF7BABB664ADFED666AD2ED5C7A79
:1029D00092ED5D7A67EEA67A27EE267AFCEEE77A2C
:1029E000BCEEC77A17EE902A17EE101A92B242EA9E
:1029F0000142FFF7A2BB5A4A9FED567AD2ED5B7AAD
:102A0000F4EEC77AF1EE10FA1CDA9FED537AF4EE89
:102A1000C77AF1EE10FA11D99FED507A67EE877AF6
:102A2000FDEEE77A17EE902AFFF787BB4FF00042E2
:102A3000FFF783BB6FF00042FFF77FBB4FF0004210
:102A4000FFF77BBB6FF00042FFF777BB444A9FED77
:102A5000417AD2ED5A7AF4EEC77AF1EE10FA2FDA13
:102A60009FED3D7AF4EEC77AF1EE10FA24D99FED8E
:102A70003B7A67EE877AFDEEE77A17EE902AFFF74A
:102A80005CBB374A9FED337AD2ED597AF4EEC77AC0
:102A9000F1EE10FA1CDA9FED307AF4EEC77AF1EE1F
:102AA00010FA11D99FED2D7A67EE877AFDEEE77A5D
:102AB00017EE902AFFF741BB4FF00042FFF73DBBF6
:102AC0006FF00042FFF739BB4FF00042FFF735BB14
:102AD0006FF00042FFF731BB214A9FED1E7AD2ED25
:102AE000587AF4EEC77AF1EE10FA41DA9FED1A7ACD
:102AF000F4EEC77AF1EE10FA36D99FED187A67EE48
:102B0000877AFDEEE77A17EE902AFFF716BB144A94
:102B10009FED107AD2ED577AF4EEC77AF1EE10FA03
:102B20006CDA9FED0D7AF4EEC77AF1EE10FA61D906
:102B30009FED0A7A67EE877AFDEEE77A17EE902A24
:102B4000FFF7FBBAA8360020D83D0020D839002076
:102B5000983300206C12034A6C1203CA00007A44B6
:102B60001032002000401C464FF00042FFF7E5BA4B
:102B70006FF00042FFF7E1BAC74A9FEDC87AD2ED85
:102B8000567AF4EEC77AF1EE10FA2FDA9FEDC47A96
:102B9000F4EEC77AF1EE10FA24D99FEDC27A67EE0F
:102BA000877AFDEEE77A17EE902AFFF7C6BABA4A9F
:102BB0009FEDBA7AD2ED547AF4EEC77AF1EE10FABC
:102BC00058DA9FEDB77AF4EEC77AF1EE10FA4DD9E4
:102BD0009FEDB47A67EE877AFDEEE77A17EE902ADA
:102BE000FFF7ABBA4FF00042FFF7A7BA6FF0004211
:102BF000FFF7A3BA4FF00042FFF79FBA6FF0004211
:102C0000FFF79BBAA84A9FEDA57AD2ED067AF4EEBB
:102C1000C77AF1EE10FA25DA9FEDA17AF4EEC77AC1
:102C2000F1EE10FA1AD99FED9F7A67EE877AFDEEE2
:102C3000E77A17EE902AFFF780BA9C4A9C491278EF
:102C4000097842EA01229B490868B0F5803F36BF07
:102C50000968994909040A43FFF76FBA4FF0004227
:102C6000FFF76BBA6FF00042FFF767BA4FF0004210
:102C7000FFF763BA6FF00042FFF75FBA8F4A9FED2C
:102C8000877AD2ED127AF4EEC77AF1EE10FA18DAFA
:102C90009FED837AF4EEC77AF1EE10FA0DD99FED2D
:102CA000817A67EE877AFDEEE77A17EE902AFFF7D2
:102CB00044BA7D4AD269FFF740BA4FF00042FFF7AD
:102CC0003CBA6FF00042FFF738BA77498A8D08782E
:102CD00091F82010120442EA00220A43FFF72DBAAD
:102CE0007149774A107892F801C00A7C120442EACE
:102CF0000C22024391F8210042EA006291F822007E
:102D000091F8241042EA406242EA8162FFF715BA64
:102D10006C4A9FED627AD2ED377AF4EEC77AF1EE23
:102D200010FA2FDA9FED5E7AF4EEC77AF1EE10FA20
:102D300024D99FED5C7A67EE877AFDEEE77A17EE8D
:102D4000902AFFF7FAB95F4A9FED547AD2ED367AAE
:102D5000F4EEC77AF1EE10FA1CDA9FED517AF4EE38
:102D6000C77AF1EE10FA11D99FED4E7A67EE877AA5
:102D7000FDEEE77A17EE902AFFF7DFB94FF0004239
:102D8000FFF7DBB96FF00042FFF7D7B94FF0004211
:102D9000FFF7D3B96FF00042FFF7CFB9494A9FED73
:102DA0003F7AD2ED357AF4EEC77AF1EE10FA2FDAE7
:102DB0009FED3B7AF4EEC77AF1EE10FA24D99FED3D
:102DC000397A67EE877AFDEEE77A17EE902AFFF7F9
:102DD000B4B93C4A9FED317AD2ED347AF4EEC77A39
:102DE000F1EE10FA1CDA9FED2E7AF4EEC77AF1EECE
:102DF00010FA11D99FED2B7A67EE877AFDEEE77A0C
:102E000017EE902AFFF799B94FF00042FFF795B9F6
:102E10006FF00042FFF791B94FF00042FFF78DB914
:102E20006FF00042FFF789B9264A9FED1C7AD2ED78
:102E3000337AF4EEC77AF1EE10FA1EDA9FED187AC3
:102E4000F4EEC77AF1EE10FA13D99FED167A67EE19
:102E5000877AFDEEE77A17EE902AFFF76EB91A49E6
:102E6000D1F83C2CD1F82C1C92B242EA0142FFF777
:102E700064B94FF00042FFF760B96FF00042FFF70E
:102E80005CB91149D1F8342CD1F8381C92B242EA1D
:102E90000142FFF752B900BF103200206C12034A02
:102EA0006C1203CA00007A4410020020FA3E00208F
:102EB000F83E0020F43E00200000FFFFD83D002037
:102EC000A8360020BC360020002001407C499FED40
:102ED0007D7AD1ED057AF4EEC77AF1EE10FA80F240
:102EE000E5809FED797AF4EEC77AF1EE10FA40F2C0
:102EF000DB809FED767A67EE877AFDEEE77A17EE54
:102F0000902AD1ED067A9FED6F7AF4EEC77AF1EE52
:102F100010FA92B280F2C5809FED6B7AF4EEC77A18
:102F2000F1EE10FA40F2BB809FED687A67EE877A87
:102F3000FDEEE77A17EE901A42EA0142FFF7FDB87C
:102F40005F4A9FED637AD2ED117AF4EEC77AF1EE23
:102F500010FA2FDA9FED5F7AF4EEC77AF1EE10FAED
:102F600024D99FED5A7A67EE877AFDEEE77A17EE5D
:102F7000902AFFF7E2B8524A9FED557AD2ED2A7AAD
:102F8000F4EEC77AF1EE10FA1CDA9FED527AF4EE05
:102F9000C77AF1EE10FA11D99FED4C7A67EE877A75
:102FA000FDEEE77A17EE902AFFF7C7B84FF0004220
:102FB000FFF7C3B86FF00042FFF7BFB84FF0004211
:102FC000FFF7BBB86FF00042FFF7B7B8424A9FED7A
:102FD000407AD2ED037AF4EEC77AF1EE10FA5ADABB
:102FE0009FED3C7AF4EEC77AF1EE10FA4FD99FEDDF
:102FF000377A67EE877AFDEEE77A17EE902AFFF7C9
:103000009CB8009300F0AAFE344A9288151E2C4A00
:1030100092F8F52218BF0125161E314A92F8DD22DA
:10302000804618BF01264FF40061171E2D4818BFB7
:10303000012704F009FD011E2B48D0F8442CC2F3EF
:10304000C03CD0F8202CD0F8203CD0F820EC4FEA3F
:10305000821202F040020EF4807E42EA0E0242EA40
:10306000450242EA860242EAC702C3F3001042EA7E
:103070004C1242EAC01218BF0121B8F1000F18BF6C
:1030800042F00102009B42EA0112FFF756B84FF0EE
:103090000042FFF752B86FF00042FFF74EB81349F5
:1030A0004AE747F6FF7147E7104A2AE747F6FF72FB
:1030B00027E70423FFF73DB80B46FFF73AB800BFF8
:1030C000BC360020681103426F1203C200007A442C
:1030D0006C12034A6C1203CAD83D00208C330020C6
:1030E0009833002000080140002001400080FFFFCD
:1030F00000B5114889B004F049FE9FED0D7B4FF4F7
:1031000000724FF4827100234FF40060CDE9001388
:10311000CDE9020218236946074806938DED047B2A
:1031200004F062FE044804F079FE09B000BD00BF5F
:103130000000000001000000003800400000000016
:1031400000B5114889B004F021FE9FED0D7B4FF4CE
:1031500000724FF4827100234FF40060CDE9001338
:10316000CDE9020210236946074806938DED047BE2
:1031700004F03AFE044804F051FE09B000BD00BF5F
:103180000000000001000000003C004070B548480D
:103190008CB004F055FE08A8002404F0C7FE0125F9
:1031A0004FF400134FF4FA6208A9414808930A92B9
:1031B00009948DF82C5004F0C1FE3D4805F018F933
:1031C00021463B4805F0FEF82946394805F002F94A
:1031D000374804F00BFF01A804F03CFF022601AAC7
:1031E000214633480394CDE9014604F039FF2146D6
:1031F0002F48602205F036F821462D48042205F0BC
:103200008FF821462A48082205F062F82246214616
:10321000274805F04FF801AA2946254804F020FF69
:1032200029462348602205F01DF82946204804223B
:1032300005F076F829461E48082205F049F822468E
:1032400029461B4805F036F801AA3146184804F013
:1032500007FF31461648602205F004F8314614484D
:10326000042205F05DF831461148082205F030F8D7
:10327000224631460E4805F01DF804A804F0C4FEAD
:103280004FF0005304A90A480694CDE90443ADF871
:103290001C4004F0BFFE2146054804F0D1FE29463B
:1032A000034804F0A9FE024804F09AFE0CB070BD79
:1032B000002C014008B50D4805F0A0F80B484FF46C
:1032C000E13105F0E7F80948042105F023F9082168
:1032D000064805F019F9054805F010F9BDE8084061
:1032E000024840F2053105F02BB900BF0044004010
:1032F00038B50546E9B20C4805F012F941F201046F
:1033000001E0013C07D00848072105F011F9002829
:10331000F7D0284638BD054A13684FF0FF35013312
:103320001360284638BD00BF004400409C40002088
:10333000F0B52DED028B9B4D1446002285B02A601E
:103340000E46217C0746002900F08480E168DFED0D
:10335000966A5B1A07EE903AF8EEE77AB7EE007AD3
:1033600067EEA67AF4EEC77AF1EE10FAC4ED057AAC
:103370007AD4F0EE006AF4EEE67AF1EE10FA00F19B
:103380008F8004F54053A168D0ED037A94ED068A4E
:10339000C3F85411D6F8A410C3F85C11F16BC3F84C
:1033A0006011316CC3F86411316DC3F86811716D2F
:1033B000C3F86C1137EEC88AB16DC3F87011F16DA6
:1033C000C3F87411B0EEC88A316EC3ED547A83ED40
:1033D000568AC3F878113046F0EE678A01F03CFB5C
:1033E000DFED727AB4EE678AF1EE10FA0DD8DFEDF8
:1033F000707AB4EEE78AF1EE10FA06D4DFED6D7A5A
:10340000B4EEE78AF1EE10FA62DD304601F024FBFB
:10341000DFED697A68EE277A40F20112FDEEE77A75
:1034200000230120A4F82120237017EE901A84F8BD
:1034300024000A20FEF760FD18EE100AFDF734F8AC
:1034400002465E480B4605B0BDEC028BBDE8F0407D
:1034500006F018BD5A48029306F07CFD0122029B3B
:1034600022740022E360626104F5005202F54960B3
:1034700002F6984200235349A360036013608A6CEC
:10348000C6F8A42004F53051C6F8A83034313046CF
:1034900001F05EFBFB68A36105B0BDEC028BF0BDE3
:1034A00077EEC77A9FED487A04F5325367EE877A54
:1034B00004F53051103334313046C4ED027AC3ED97
:1034C000007A05B0BDEC028BBDE8F04001F040BBD6
:1034D0009FED3D0A80EE080A09F010FD431E142BF3
:1034E00007464FF000023DD82070D4ED067AF4EE86
:1034F000E87AF1EE10FA2ED5344884F8202006F050
:1035000029FD2178324806F0BDFCA069FCF7CCFF0C
:1035100002460B4618EE900ACDE90223FCF7C4FFE1
:10352000DDE90223CDE900012A4806F0ABFC94F85E
:1035300020302B602378234907EE903AF8EE677A23
:1035400000220123C1ED0A7A227484F8213005B0EB
:10355000BDEC028BF0BD012384F820301E4806F03C
:10356000F9FCCEE7304601F077FA40F20113002271
:103570000121A4F82130227084F824100A20394651
:10358000FEF7BAFC18EE100AFCF78EFF024613484D
:103590000B46394605B0BDEC028BBDE8F04006F0A5
:1035A00071BC00BFD8390020D1CB0B38FFFF7F7F23
:1035B000CDCC4C3EE4CB164100007A448CD20008BE
:1035C00068D20008D83D0020DB0FC94008D30008AE
:1035D00038D300084CD3000820D30008C8D2000814
:1035E0002DE9F041C24E96ED0A7A2DED028BF3EEF5
:1035F000057AB4EEE77AF1EE10FA84B000F31281A6
:103600001D46137C14460F468046002B00F0D880E0
:10361000D3689FEDB87AEB1A07EE903AF8EEE77AA6
:10362000B7EE006A67EE877AF4EEC67AF1EE10FA2A
:10363000C2ED057A00F1D2809FEDAF8A96ED0A7A4D
:1036400067EE085AC5EE886A76EE866AF4EEE67A88
:10365000F1EE10FA78D4DFEDA96A27EE267AC7EEEC
:10366000086A36EE867AF4EEC77AF1EE10FA00F1C7
:10367000E280084601F0F0F9D6ED0A7ABDEEE77A6D
:1036800017EE103A002B40F3928104EB432303F131
:10369000300204F13001002351F8040F9142034439
:1036A000FAD107EE103AB8EEC77A9FED956A656BCE
:1036B0009FED938ADFED938A27EE866AD5F58035F4
:1036C000C7EE066A48BF05F2FF156D120027FDEE32
:1036D000E66AC4ED076A07EE107AF8EEC75A67EE9D
:1036E000886A65EEA75A6FF03F0265EE885A00219E
:1036F00065EEA85AB7EE005A13E036EEC56AB4EE8E
:10370000C76AF1EE10FA03D537EE667AFDEEC77A96
:1037100017EE903A04EB830301325B6B402A1944A5
:1037200033D007EE902AF8EEE77A77EEA57AFDEE31
:10373000E77A17EE903A002BB8EEE77ADDDA37EE4B
:10374000267AFDEEC77AE3E7D2ED027A9FED6E7A34
:1037500077EE877A02F53253084602F53051C2ED12
:10376000027A3431C3ED047A01F0F2F994ED057A6E
:10377000D4ED0C7AB4EEE77AF1EE10FA00F3D080D3
:1037800004B0BDEC028BBDE8F0810029B8BF7F31E9
:103790007F2D4FEAE1122946C8BFA5F18001E069FB
:1037A00001F68C2304EB8303121A5A605748013741
:1037B00006F068FB802F2BD0D6ED0A7A01358AE718
:1037C0005348039306F0C6FB039BA3850023636164
:1037D000012323744FF07E53E560236304F53253D5
:1037E0000022A2601A61B06CC7F8A40004F5305141
:1037F000C7F8A8203431384601F0AAF9D8F80C20CF
:103800006369A261236304B0BDEC028BBDE8F08163
:1038100000220123227484F8223004B0BDEC028B14
:10382000BDE8F0813B48152104B0BDEC028BBDE83A
:10383000F04106F027BBD2ED027A9FED337A77EEA6
:10384000C77A0846C2ED027AB36CC1F8A4300023EF
:10385000C1F8A83002F5325302F53051C3ED047AB5
:10386000343101F075F994ED057AD4ED0C7AB4EEAB
:10387000E77AF1EE10FA83DDA78D002F80D096ED68
:103880000A7AD4ED027ADFED256AD8F87430A068A0
:1038900027EE087A67EEA66AC6EE877AFDEEE77A2B
:1038A00017EE902A9B1ADD1305F480351D4404EBB6
:1038B0008703CDED037A596B0D4405EBD5756D107B
:1038C0005D63FCF7F1FD2B46CDE90001039A124838
:1038D000394606F0D7FAD4ED0C7A9FED0A7AA38D1B
:1038E00077EE877A013BA385C4ED0C7A48E700BFE9
:1038F000D83D0020D1CB0B38DB0FC940DB0F49414D
:10390000000000430000003C5F975B39D0D3000803
:1039100098D3000868D30008C0D30008000080478F
:1039200094ED026A96ED0A7A5FED046AD8F8743075
:10393000A78D66EE266A27EE087A16EE100AC6EE06
:10394000877AFDEEE77A17EE902A9B1ADD1305F4CD
:1039500080351D4404EB8703CDED037A5D63FCF7EE
:10396000A3FD2B46CDE90001039A1248394606F023
:1039700089FA9FED116A94ED0C7ADFED106AA38D40
:1039800037EE067AFFEE007A84ED0C7A96ED0A6A3D
:1039900007EE103AE6EE267AB8EEC77AB4EE677A0A
:1039A000F1EE10FA3FF4ECAE0133A385E8E69FEDAB
:1039B000047A7AE6C0D300080000003C000000430F
:1039C00000000000024B1878003818BF0120704733
:1039D00004410020044B1B7823B1044A136843F0D0
:1039E00001031360704700BF044100200041002024
:1039F000014B1868704700BF00410020014B186858
:103A0000704700BFFC400020014B1868704700BFA2
:103A1000F8400020014B1868704700BFF4400020B8
:103A2000014B1868704700BFF040002005289DBF7B
:103A3000024B33F8100080B200207047E4400020B1
:103A40000E289ABF024B53F820000020704700BF99
:103A5000A8400020024B1878003818BF012070479A
:103A6000A4400020014B01229A637047A840002027
:103A700070B504464FF6FF7384B0374821806380E9
:103A80004FF48051164603F0D1FF00230393039BAC
:103A90003F2B06D800BF039B01330393039B3F2BAF
:103AA000F8D940F6010501E0013D40D02B48022144
:103AB00004F0C0F90028F7D02188284804F0B4F9B0
:103AC00040F6010501E0013D40D02448012104F009
:103AD000B1F90028F7D0214804F0A8F940F6010513
:103AE000608001E0013D34D01C48802104F0A2F93F
:103AF0000128F7D000230293029B3F2B4FF00005D3
:103B00001CD915484FF4805103F08EFF0023019318
:103B1000019B3F2B06D800BF019B01330193019B02
:103B20003F2BF8D963883380284604B070BD4FF02E
:103B3000FF3500230293029B3F2BE2D800BF029B7C
:103B400001330293029B3F2BF8D9DAE76FF00105AE
:103B5000EFE76FF00205ECE7000C01400038004091
:103B600070B582B000230DF102024FF40041ADF8B0
:103B70000230ADF80430ADF806300446FFF778FFA8
:103B80004FF40841064601AA2046FFF771FF4FF4A3
:103B9000084105460DF106022046FFF769FF46EA97
:103BA0000503034304D0064A136843F0040313607B
:103BB000BDF80600BDF8043043EA004002B070BD15
:103BC000004100202DE9F04F002787B003ACCDE97C
:103BD000037701943A4EDFF80CA13A4C05978046E2
:103BE0004FF001090DF10E0B14F8015B364BADF8E7
:103BF0000A7043EAC5250DF10A02A9B24046FFF753
:103C000037FF002849D0326842F004024FF0000923
:103C10003260A2450BF1020BE6D1019C2B48002338
:103C200034F8022B20F813200133062BF8D1284951
:103C3000DDF80E30C8F806300B602649DDF812407A
:103C4000BDF80E20BDF810000C60234CBDF8161016
:103C500021600243BDF81230BDF8144025D1C3F3F2
:103C60000A03A02B21D11D4B9FED1D7AD3ED037AC2
:103C7000B4EEE77AF1EE10FAACBF4FF430734FF4C4
:103C800020739C4211D140F21543994208BF09F1BB
:103C9000FF300AD107B0BDE8F08F5A46A9B24046BE
:103CA000FFF7E6FE0028AED1B3E7054A13684FF0F0
:103CB000FF3043F00803136007B0BDE8F08F00BF8A
:103CC00000410020E8DB00080080FFFFE440002006
:103CD000F8400020F4400020F0400020D83D0020B3
:103CE00000002042EDDB000830B585B004AB03E9ED
:103CF00007001148002104F0A3F910484FF40061B7
:103D000003F092FE00230E4A1C4642F82340013382
:103D10000F2BFAD10B4A0C4B012515701C6002F0D9
:103D2000C1FE0A4B0A4918600A4A0B4B0D70147009
:103D30001C7005B030BD00BF002C014000080140E0
:103D4000A8400020A4400020A040002008410020FE
:103D50000E4100200D4100200C410020024B18783C
:103D6000003818BF012070470D41002000B585B014
:103D700004AB03E90700002211460F4804F0F8FAEB
:103D80000D480022012104F0F3FA00220A48022122
:103D900004F0EEFA0848002104F052F907484FF405
:103DA000006103F043FE06480649074A00230370FA
:103DB0000B70137005B000BD002C014000080140DD
:103DC0000E4100200D410020A440002070B5844B1E
:103DD00088B001AC84E807001A7812B1814D2A78C6
:103DE00052BB814D2A780AB908B070BD7F4A166867
:103DF00002F058FE0A220146304602F0BBFD0028C0
:103E0000F2D07B484FF4805103F018FE0246E8B927
:103E1000784E3378002B40F0AB8094E8070005AB78
:103E200003C341F2A1011A8005A80DF11202FFF7A8
:103E30001FFE01233370D7E702F034FE6E4B1B6880
:103E4000C01A0028D0DB00232B70CDE700222A7097
:103E500094E8070005AE03C641F2A101328005A82F
:103E60000DF11202FFF704FE644A9FED657AD2ED70
:103E7000037A94E80700B4EEE77AF1EE10FA05ADA4
:103E800003C5A8BF4FF44B513280B8BF4FF44A511D
:103E90000DF1120205A8FFF7EBFD94E8070005AD50
:103EA00003C542F61541328005A80DF11202FFF755
:103EB000DFFD2046FFF786FE524A5349051E0CBF20
:103EC000012000201060096851605049504809687D
:103ED000916050490968D160B0F802C04E491FFA9C
:103EE0008CFCC2F810C0B0F804C01FFA8CFCC2F8F9
:103EF00014C0C08880B29061D1F80408D061D1F8B4
:103F00000C081062D1F808085062D1F8040C9062D5
:103F1000D1F80C0CD062D1F8081C11633F49D1F8DC
:103F2000081851634DD132484FF4805103F086FD9B
:103F3000002846D02A4B01241C7002F0B3FD2E4A03
:103F4000284B053010602946224635481C7004F085
:103F50000FFA22462146324804F00AFA3048224637
:103F6000022104F005FA2E48214604F069F83BE7E7
:103F7000244B009220461A60FFF7F2FD214B2649A0
:103F80005860D1F80408D861D1F80C081862D1F84B
:103F900008085862D1F8040C9862D1F80C0CD86269
:103FA000D1F8080C1863A1F55041009AD1F808180F
:103FB00059630C4B20201A70FDF7BAF8009A2A704A
:103FC00012E7084B002220201A70FDF7B1F80123F8
:103FD000ADF8083094E80700FFF7C8FE04E700BF1B
:103FE0000D410020A44000200E4100200841002087
:103FF000000801400C410020A0400020D83D0020D6
:1040000000002042A8400020F8400020F44000209A
:10401000E4400020F040002000000140003000405B
:10402000002C0140F0B589B001AC84E8070094E8A9
:10403000070005AE03C64FF40041328005A80DF11C
:1040400012021F46FFF714FD94E8070005AB03C3F7
:1040500032804FF408410DF1120205A8BDF812504C
:10406000FFF706FDBDF8124054EA05031FD12B07E8
:1040700043D46F0746D4AE0749D4ED074CD460054E
:104080004FD4A10552D4E20555D4230658D467066F
:104090005BD4A6065ED4E50661D4200764D461072C
:1040A00067D4A2076AD4E3076DD409B0F0BD3B48DA
:1040B000394605F0E7FE6A056BD4AB0502D53848F2
:1040C00005F0E0FEEF0502D5364805F0DBFE2E06D2
:1040D00002D5354805F0D6FE680602D5334805F00E
:1040E000D1FEA90602D5324805F0CCFEEA06BED5BF
:1040F000304805F0C7FE2B07BBD52F4805F0C2FEA0
:104100006F07B8D52D4805F0BDFEAE07B5D52C48D4
:1041100005F0B8FEED07B2D52A4805F0B3FE6005FC
:10412000AFD5294805F0AEFEA105ACD5274805F06E
:10413000A9FEE205A9D5264805F0A4FE2306A6D5CA
:10414000244805F09FFE6706A3D5234805F09AFE94
:10415000A606A0D5214805F095FEE5069DD5204888
:1041600005F090FE20079AD51E4805F08BFE6107EA
:1041700097D51D4805F086FEA20794D51B4805F08B
:1041800081FEE30791D51A4809B0BDE8F04005F07B
:1041900079BE184805F076FE8FE700BFDCD3000833
:1041A000FCD3000808D4000810D4000818D4000874
:1041B00020D400082CD4000838D4000844D40008C7
:1041C00050D400085CD4000868D4000870D40008FB
:1041D00078D4000880D4000888D4000890D400085F
:1041E0009CD40008A8D40008B4D40008C0D40008A7
:1041F000CCD40008F0D300082DE9F04389B001AC1D
:1042000084E80700784F794A794D7A4900233B606A
:104210002B601360784A1360784A13601A4621F8BD
:1042200013200133062BFAD1FCF754FF744BDFED5A
:10423000757A93ED037AB4EEE77AF1EE10FA25D8A9
:10424000DFF8CC91704801234FF4006189F8003009
:1042500003F0EAFB0A2002F00DFC2046FFF780FC89
:1042600028602B68002B40F0AB8005AB94E807007A
:104270001D4603C30DF112081A8041F2A101424606
:104280002846FFF7F5FB4FF44B5323E0DFF880910E
:104290005D4801234FF4006189F8003003F0C4FB4E
:1042A0000A2002F0E7FB2046FFF75AFC28602B6843
:1042B000002B7FD105AB94E807001D4603C30DF129
:1042C00012081A8041F2A10142462846FFF7D0FBAE
:1042D0004FF44A5394E807002E4603C6194632802D
:1042E00028464246FFF7C4FB484800F007FB94E825
:1042F00007002B4603C3328042F61541424628464A
:10430000FFF7B6FB94E807002B4603C341F2A10177
:10431000328028464246FFF7ABFB012002F0AAFBA1
:104320003A4800F0EBFA38484FF4805103F086FB2E
:1043300018B93B6843F010033B602046FFF742FC8E
:1043400028B931484FF4805103F078FBD8B994E88C
:1043500007002B4603C341F2A1011A8028464246BA
:10436000FFF786FB012002F085FB27484FF48051C0
:1043700003F064FB50B32046FFF724FC30BB3B68DE
:1043800023F008033B6020484FF4805103F056FBB4
:104390000346E0B194E807000024FFF7E7FC89F842
:1043A0000040FCF797FE194800F0A8FA204609B033
:1043B000BDE8F0833A6842F0020205AB3A607AE762
:1043C0003A6842F0020205AB3A604FE70023202032
:1043D00089F80030FCF7ACFE94E80700FFF7C6FC54
:1043E0004FF0FF30E3E700BF00410020F84000201D
:1043F000FC400020E4400020F4400020F040002079
:10440000D83D00200000204200080140BC360020BA
:104410000441002008B50C21002003F05DFB4FF49F
:1044200080500222002103F0D5F8BDE808404FF487
:10443000805003F027B900BF044A072928BF07218D
:104440000023C0E901210370704700BF00C00308CA
:1044500010B5044603F01CF940F2073003F080FA6F
:10446000606803F049F90123237010BD84B00DF199
:10447000100C0CE907000298049900EB830004B0CB
:1044800003F0DAB984B00DF1100C0CE907000298C2
:10449000049900EB830004B003F0CEB984B00DF1B1
:1044A000100C0CE90700029810EE101A00EB8300C4
:1044B00004B003F0C1B900BF00B583B0019003F0B0
:1044C00007F901980023037003B000BD84B00DF11B
:1044D000100C0CE9070051F8230004B0704700BF2E
:1044E00084B00DF1100C0CE9070051F8230004B062
:1044F000704700BF84B00DF1100C0CE9070001EB10
:10450000830292ED000A04B0704700BF08B590ED39
:10451000167AD0ED186A1C4BF7EE007A2DED048B5D
:1045200037EEC77A9FED199AD0ED178A19681848A7
:1045300027EE097A77EEE88A37EEE68AFCEEC77A4C
:1045400017EE902AC9B903F0B5FE1148012168EEB3
:10455000898AFCEEE87A17EE902A03F0ABFE68EE4B
:10456000097ABDEC048BFCEEE77ABDE80840084808
:1045700017EE902A022103F09DBE012103F09AFE5E
:1045800003480021E3E700BFD83900200000FA44C7
:10459000002C014038B5484B1C680546002C7ED1E4
:1045A0002146464802F06EFD0346AB604448214672
:1045B00002F068FD03464148EB60022102F054FD21
:1045C0004048022102F050FD40F6010401E0013CA8
:1045D00050D03A48042102F069FD0028F7D040F697
:1045E000010401E0013C45D03648042102F05EFDA3
:1045F0000028F7D03148042102F05EFD3148042143
:1046000002F05AFD00212F4802F03CFDAA68D5F8BF
:104610009810EB68D5ED1C6ADFED2B5A2861521A11
:1046200007EE102AD5F89C2007EE900A9B1AB8EEE8
:10463000E76A07EE903AB8EEC77AF8EEE77A27EE27
:10464000267A67EEA67AD5F8F83285ED067AF1EE8D
:10465000476A26EE256A76EEE76A0122013385F87D
:10466000F52285ED086AC5ED077AC5ED056AC5F83E
:10467000F83238BD1148042102F01EFD1148042112
:1046800002F01AFDD5F8FC320022013385F8F5223C
:10469000C5F8FC328020BDE83840FCF749BD002158
:1046A000074802F0EFFC0346AB600448002102F02B
:1046B000E9FC03467FE700BFD83900200024014011
:1046C00000280140003C01401833533C00B52DED5B
:1046D000028B87B0CDE90210CDED050A8DED041AED
:1046E0000192F0EE408A01F079FBB0EE408AB0EE24
:1046F000680A01F04DFBF6EE007A67EEC06ADFED66
:10470000175A9FED176A9DED041ADDED050A03980F
:104710000299019A67EEC87AB0EE667AA8EE257A19
:10472000E8EE656AF0EE675AE0EE065AE0EE467A89
:1047300021EE477A21EE400A21EE661AA8EE200A01
:10474000A5EEA07AA7EEA01A80ED000A81ED007A0E
:1047500082ED001A07B0BDEC028B00BDD7B35DBF80
:10476000D7B35D3F00B52DED028B87B0CDE90110C9
:10477000CDED050A8DED041ACDED031AF0EE408A59
:1047800001F02CFBB0EE408AB0EE680A01F000FBAD
:10479000B6EE007A67EE486A27EE407ADFED185AE7
:1047A0009FED186A9DED041ADDED050ADDED031A93
:1047B00002980199F0EE667AB0EE475AA8EE065AD2
:1047C000E0EE257AA8EE467A67EE817A21EE451A68
:1047D000E0EE656AE8EE207AA0EE601AE6EEA17AD5
:1047E000A7EE611A9FED086A67EE867A21EE061A37
:1047F000C0ED007A81ED001A07B0BDEC028B00BD60
:10480000D7B35D3FD7B35DBFABAA2A3F00B52DED4F
:104810000A8BB0EE609A85B0F0EE418AF0EE40AAC5
:10482000B0EE611AF0EE680AB0EE490AB0EE618AA5
:104830000192CDE9021001F04DFAB0EE481AF0EE07
:10484000680AB0EE40AAB0EE490A01F02BFA3AEE3F
:1048500000AAF6EE009AAAEE699ADFED24BA9FED5F
:1048600024CA9FED24BA29EE299AF0EE4C0A29EECB
:104870002B9A89EE2A0A9FED209A30EE0B0A01F05E
:1048800001FAF0EE490A01F005FAEAEE698A0398A6
:1048900080ED000A68EEA98AF0EE4C0A68EEAB8A59
:1048A00088EEAA0A30EE0B0A01F0ECF9F0EE490AA4
:1048B00001F0F0F9AAEE698A029981ED000A28EE6A
:1048C000298AF0EE4C0A28EE2B8A88EE2A0A30EE6E
:1048D0000B0A01F0D7F9F0EE490A01F0DBF9019A71
:1048E00082ED000A05B0BDEC0A8B00BD3333933F67
:1048F00000000000D7A3F03ED7A3703FF8B54FF0FB
:104900007C538365C36503660446FFF7FFFD0026FD
:104910004FF47A7537462046FFF73CFED4E9022370
:10492000013D17441E44F6D1064B83FB0721FA17BD
:10493000C2EBA11283FB0631F317C3EBA113C4E949
:104940002623F8BDD34D62102DE9F843344A354B88
:10495000DFED356ADFED355A2DED028BC267C0F809
:10496000802093ED027A324AC0F8842066EEC76A4E
:10497000F7EE007AB0EE676AA6EEA56A2D4ADFED83
:104980002E6A1268C0F8C82027EE267AC7EE866A1B
:1049900080ED1D7A77EEE67A80ED1E7AC0ED227A00
:1049A0009FED267AD3ED037AF4EEC77AF1EE10FA92
:1049B00033D8234BDFF89C90DFED228A9FED228ACB
:1049C000224F03674FF0804800F1F40500240026D1
:1049D00007EE904AF8EEE77A013467EEA87AC7EE60
:1049E000887A17EE900AFBF75FFD41EC100B07F099
:1049F000FBFE424651EC100B4B46FBF7ADFD324639
:104A00003B46FBF7F3FBFCF79FF8802C45F8040BC3
:104A1000DED1BDEC028BBDE8F8830D4BCAE700BFC9
:104A2000EC51383DD83D0020D1CB0B38DB0FC940CD
:104A3000BD74933BD839002017B7D138000020420D
:104A4000FFFFA43C000000BC6F12033D0000F03FDC
:104A5000FFFF243D3333F33F10B54FF47A72044621
:104A60000021164803F026FC14484FF47A72012105
:104A700003F020FC4FF47A721048022103F01AFC74
:104A800000230022C4F8A430C4F8A830C4F8AC3025
:104A9000C4F8B030E36323646361A361E3616364DA
:104AA000C4F89030C4F88C3063652365C4F8E830EE
:104AB000C4F8EC20C4F8002310BD00BF002C014056
:104AC00090ED397AD0ED387A90ED3A0ADFED1E0A92
:104AD00077EEC77A90ED217A10B5A7EE270A82B05B
:104AE000044680ED3A0A01F0D5F8184BD3ED060ADA
:104AF000F1EE600A01F0C6F894ED3C7A84ED3A0AD2
:104B000060EE407A84ED290AE7EE077AF5EE407A06
:104B1000F1EE10FA11D4F1EEE70A94ED2A0ACDED88
:104B2000010A01F0B7F8DDED010AF1EE600A01F0CB
:104B3000A9F884ED2A0A02B010BDB0EE670A07F0AA
:104B4000A3FEF0EE400AE8E700000000D83D002098
:104B500030B52DED028B91ED170A4B6EB04D91EDF6
:104B6000186AD1ED036AD0ED071A90ED061AD0ED60
:104B7000050A83B080ED0B0A436395ED117AC6EE0A
:104B8000077A044600F140013C30C4ED0C7A95ED03
:104B9000117AC6EE877AC4ED0A7AFFF7E3FD9FED3E
:104BA000A15A94ED087ADFEDA05AD4ED097A94ED7C
:104BB000106AD4ED0F6A94ED114AD4ED124A27EE33
:104BC000057A26EE056AA7EEA57ADFED987A84EDE0
:104BD000097A66EE856A67EE277A9FED955A9FED12
:104BE000957AA4EE256AE4EEA56A67EE857ADFED94
:104BF000925A94ED2B5A84ED116A67EEA57AD4EDA2
:104C0000295AC4ED387A75EEC57AC4ED126A95ED6D
:104C1000030AF4EEC77AF1EE10FA84ED3C0A00F3D1
:104C2000F080DFED866AF4EEE67AF1EE10FA00F13C
:104C3000E28094ED2C6AD4ED2A7ADFED7E6AC4ED31
:104C40002B5A37EEC67AB4EEE67AF1EE10FA00F39C
:104C5000D5809FED7A5AB4EEC57AF1EE10FA00F1E4
:104C6000C78004F1A801C4ED295A04F1A400C4EDE1
:104C70002C7AC1ED007A01F045F8D4ED0F6AD4ED3D
:104C8000298A94ED1D7A94ED230ADFED6D7A94ED77
:104C90002A8AD4ED380A78EEE68AA7EE280A94ED3F
:104CA000107A30EE270A38EE478A84ED140A00F0B5
:104CB000F1FFD4ED380AF1EE600A00F0E3FFD4ED25
:104CC0001F6A94ED1D7AD4ED237AD4ED380A84ED71
:104CD000140A27EE267AE7EE287AB0EE670AC4EDCA
:104CE000237A00F0D7FFD4ED380AF1EE600A00F025
:104CF000C9FFD4ED147AD4ED380A84ED230A67EEA7
:104D0000E77AE0EEA07AF5EE407AF1EE10FA7BD485
:104D1000F1EEE78A94ED240AD4ED1E7AD4ED206AF0
:104D2000B0EE407AA7EE887A67EEA67ADFED446AA5
:104D3000A7EE880A77EE267A84ED240AC4ED157A68
:104D400000F0A8FFD4ED380AF1EE600A00F09AFFF7
:104D5000F0EE406A94ED150A94ED147AC4ED246ADD
:104D600060EE007AF0EE680AE7EE077AB1EEE77AD5
:104D700084ED397A00F08EFFF1EE680A00F082FFD0
:104D8000F0EE407A04F1540194ED380AC4ED157A3E
:104D900004F1500000F0B6FFDFED2A7A94ED0D7AB1
:104DA00094ED0B0A94ED151AD4ED140AA7EE270A18
:104DB00004F16C0204F1680104F16400FFF786FC61
:104DC00004F15800D4ED1B1A94ED1A1AD4ED190A07
:104DD00094ED380A04F1600204F15C01FFF716FD5E
:104DE000204603B0BDEC028BBDE83040FFF78EBB20
:104DF00076EE667A35E775EE475A1AE776EE267A4A
:104E00002FE775EE075A14E7B0EE670ACDED010AF9
:104E100007F03AFDDDED010AF0EE408A7AE700BFC7
:104E2000D83D0020CDCCCC3D6666663F3333933F02
:104E3000D7A3703F0AD7233C3ACD133F0AD723BCF0
:104E400000000000BAB1513810B590ED330AD0ED32
:104E50000A7A044630EE670A82B0F6EE000A00F0E5
:104E600019FFFEEE000A00F00DFFD4F8003342F205
:104E70002732934246D807EE903A9FED247AF8EE17
:104E8000E77AC7EE875A224B94ED357AD4ED377A1C
:104E900094ED0C6AD4ED3C6AE7EE007A94ED347A36
:104EA00037EE467A94ED366AE6EE077AF1EE040ABA
:104EB00076EEE06A93ED117AB0EE670AD3ED0E7AE2
:104EC000E6EEA50A67EE877ACDED010A80EE270AA5
:104ED00000F0E0FEDDED010AF1EE600A00F0D2FE26
:104EE000D4F8003384ED2A0A42F2273293424FF07D
:104EF000000198BF0133C4F8A41098BFC4F8003370
:104F000002B010BDF7EE005ABDE700BF00A00C468E
:104F1000D83D002000230022C0F8DC30C0F8D43097
:104F2000C0F8D830C0F8CC30C0F8D030C0F8A830C5
:104F3000C0F80023704700BF08B50B4801F06CFBB8
:104F400070B1094801F09CFB38B1074801F0FCFC46
:104F5000054801F03DFC013808BD034801F0F4FCB0
:104F60004FF0FF3008BD00BFC039002010B54FF42E
:104F7000805182B00A4802F061FD0446FCF7E0F877
:104F8000084A094B094992F8F52293F8DD328988DD
:104F90000092221E18BF012201F0DAFC02B010BDFF
:104FA00000080140BC360020983300208C330020DC
:104FB00010B503780446052B2AD8DFE803F0270351
:104FC0002A2927271B4B1A8918685968FEF7CEFE35
:104FD000194B93F82220CAB91849194A09689162F5
:104FE00003F50053174893F848CFD3F84C3F1649C0
:104FF000C0F800C04FF400724361183005F018F893
:10500000114912484FF4007205F012F80123E370C1
:1050100010BD084B0122C270186859681A89FEF742
:10502000A5FE0B48FFF718FDBDE810400848FFF744
:1050300071BF00BF8C3300201002002054310020CB
:10504000D83D0020D8390020603100207434002081
:10505000BC36002008B50D4804F07CFF0C4804F075
:1050600079FF0C4804F076FF0B4804F073FF0B48FF
:1050700004F070FF0A4804F06DFF0A4804F06AFF6C
:10508000BDE80840084804F065BF00BF90D10008A3
:10509000D8D40008E4D40008F8D4000814D50008D7
:1050A00024D500083CD5000858D5000830B56C4818
:1050B0006C4C6D4D85B004F0E5FE6C486C4B6D4A50
:1050C0006D49CDE900046D4C6D4804F0DBFE6D4880
:1050D00004F040FF606CFBF7E7F96B4A6B4B0095FF
:1050E000CDE902016A496B4804F0CCFEA06BFBF7E6
:1050F000DBF9694A654B0095CDE9020167496848CB
:1051000004F0C0FE674804F025FFA068FBF7CCF967
:10511000654B664A0093CDE90201654B65496648D7
:1051200004F0B0FEE068FBF7BFF9644B644A0093FB
:10513000CDE90201634B64495F4804F0A3FE206D92
:10514000FBF7B2F92B46CDE90201604A00956049B0
:10515000594804F097FEA06DFBF7A6F92B46CDE960
:1051600002015C4A00955C4953485C4D04F08AFE9C
:10517000E06DFBF799F95A4B5A4A0093CDE90201C9
:10518000504B59494C4804F07DFE206EFBF78CF9DA
:10519000564B574A0093CDE902014A4B55494648C0
:1051A00004F070FEA069FBF77FF9534B534A00935C
:1051B000CDE90201434B52493F4804F063FE206AA7
:1051C000FBF772F94F4B504A0093CDE902012F4B88
:1051D0004E49394804F056FE606AFBF765F94C4BBE
:1051E0004C4A0093CDE90201364B4B49324804F05A
:1051F00049FEA06C494CFBF757F9CDE9020148493B
:10520000304B484A00912C48474904F03BFE474840
:1052100004F0A0FE6368464A46494748CDE900537A
:105220001A4B04F02FFEA3680193444A174B4449DC
:105230000095414804F026FEE068424B424A43494B
:10524000CDE90030114B424804F01CFE414804F007
:1052500019FE414805B0BDE8304004F013BE00BF60
:1052600070D50008C4D5000818D60008D4D50008A9
:105270008CD5000890D500089CD50008D83D0020AA
:10528000A4D50008D8D50008E8D50008E4D5000862
:10529000F4D50008F8D500081CD6000834D600085C
:1052A00038D6000858D60008A8D600086CD60008E2
:1052B00068D6000884D6000888D60008CCD6000836
:1052C000B4D60008B0D60008C8D60008D4D6000866
:1052D000F0D60008F4D6000814D7000830D800082B
:1052E00038D7000818D7000834D7000864D700085A
:1052F00040D7000860D7000884D7000868D70008A6
:1053000080D70008ACD700088CD70008A8D70008C1
:10531000CCD70008B0D70008C8D70008D83900207B
:10532000F0D70008D4D70008ECD70008F8D7000859
:1053300004D800080CD8000810D8000834D8000899
:1053400040D8000884D8000844D8000864D8000871
:1053500068D800088CD80008D8D8000800B50378B1
:1053600083B0042B2BD8DFE803F02C20082A03009D
:1053700003B05DF804EBFFF799BE0190FFF7F6FD6F
:105380000346002852D12D480193C0F8B830FFF7EA
:1053900063FB2B49019A088960F30F02086849688A
:1053A00003B05DF804EBFEF79FBC0190FFF7DEFD54
:1053B000034658B1019A002101235170D37003B004
:1053C00000BD03B05DF804EBFFF744BE1B4A1D4867
:1053D000DFF878C01C49D2F8B420DCF828E0A0F847
:1053E000213080F824300374826200F500500A688E
:1053F00080F8482F4A69C0F84C2F00F6447C1831D9
:105400004FF4007200F575600193CCF800E004F0F1
:105410000FFEDFF83CC0019BCCF8D8304FF400728F
:1054200019460CF1DC0004F0B6FDB2E701210620BC
:10543000FCF762FD0148FFF76DFDBBE7BC360020BD
:105440008C33002010020020D8390020D83D0020E5
:1054500098330020F0B5837B83B00446002B68D1DD
:10546000437822789A4240F08480022B00F08B80AF
:10547000052B00F0BA80012B59D1B04A0193106876
:1054800051681289FEF7A2FCFEF768FC0546002869
:1054900000F0CE80AA4B93F82130002B00F02F8132
:1054A000A74B93F82230002B00F03A81A44D95F8D9
:1054B0002430002B40F0F480A14BA24EDB6996ED26
:1054C0001A7AA14F9FEDA10A7B615A4207EE902AFA
:1054D000F8EEE77AF7EE000A67EE877A1D4627EEC8
:1054E000800A07F055F9DFED9A7A60EE277A17EE19
:1054F000900AFAF7D9FF0B4602462946954804F070
:10550000C1FC95494FF4007206F1DC0004F090FDF7
:1055100091494FF4007207F1180004F089FDFFF77C
:105520000BFD002840F0068100236370E37003B098
:10553000F0BD824B186859681A89FEF747FC874806
:105540004FF4805102F07AFA0546FEF707FC002876
:1055500054D1238A40F6B732591C93422182E6D9AE
:10556000227800230121A37323826370E170002A53
:10557000DDD02046FFF71CFDE378002B7BD123789C
:10558000022B7FF475AF6D4B186859681A89FEF7C6
:105590001DFCFEF7E3FB0028C9D06B4BDA68002A3C
:1055A00005DD6F49D1F8B8108A42C0F2B280FFF72A
:1055B000DDFC002865D16A48FFF746FC6848FFF724
:1055C0007FFA60496648FFF7C3FA6378022BAED1D1
:1055D0005D4BDB68002BAADD6149D1F8B82093420E
:1055E000A5DB0132C1F8B820A1E75D4B5548D3F8DF
:1055F000B41003B0BDE8F04000F04CBF514A92F83F
:10560000DD22002AA5D0564A92F8F522002AA0D021
:105610004A4B002D9DD000224FF4F0709A80FBF78A
:1056200095FD002201216378A2732282E17018E7C0
:105630004B4A434BD2F8B420986A41F27071121A67
:105640008A427FF674AF02210620FCF755FC3B4BE3
:10565000198918682A4661F30F025968FEF786FB1C
:105660003749019B81F8243040F20112A1F8212032
:105670006570E3705BE7637823702046FFF76EFE8A
:105680007DE700210620FCF737FC2C4B1A891868AF
:105690005968FEF76BFB002201236270E37046E756
:1056A0003049294BD1ED007A2F4905F50052C1ED63
:1056B0000A7A92F8481FCDED017A1960D2F84C6F42
:1056C0005E6103F1180002F575614FF4007204F099
:1056D000AFFC1C48DDED017A2449C0ED1A7AC0F810
:1056E000D8604FF40072DC3004F0A2FC204804F0D3
:1056F00031FC002385F824306370E37017E7184904
:105700001048D1F8B4300E4A03B0BDE8F040FDF7C0
:105710000FBE0520FCF7F0FB1148FFF7FBFBB4E7D9
:105720000F490848D1F8B430054A03B0BDE8F0404D
:10573000FDF756BF0F4804F00DFCF5E68C33002052
:105740001002002098330020D83900200000803754
:10575000DB0FC9403CD90008442C00200008014060
:10576000BC36002054310020D83D0020F039002004
:1057700004D9000850D9000838B5417BA1F1610374
:105780000446172B19D8DFE813F0280047006600FD
:1057900085001800A000BF00DA00F900180004011D
:1057A0001F013E01180018004901180018001800D8
:1057B00068011800730118009201CC4804F062FBE4
:1057C000251DFFF7B9FB002840F08C81FFF76EFC28
:1057D0000023A38163606B6038BD051D284602F07D
:1057E0008AFF51EC100BFBF7AFF9F3EE040A00EE61
:1057F000100A07F03FFBDFEDBE0A07F013FBBD4BBD
:1058000010EE100A83ED120AFAF74EFE02460B461E
:10581000B94804F037FBD4E7051D284602F06BFFBA
:1058200051EC100BFBF790F9DFEDB40A00EE100A13
:1058300007F020FBDFEDB20A07F0F4FAAD4B10EEF3
:10584000100A83ED020AFAF72FFE02460B46AD4816
:1058500004F018FBB5E7051D284602F04CFF51EC9B
:10586000100BFBF771F9DFEDA80A00EE100A07F044
:1058700001FBDFED9F0A07F0D5FA9E4B10EE100AF0
:1058800083ED090AFAF710FE02460B469F4804F022
:10589000F9FA96E7051D284602F02DFF51EC100B92
:1058A000FBF752F9DFED920A00EE100A07F0BAFAA0
:1058B000904B10EE100A83ED180AFAF7F5FD024638
:1058C0000B46934804F0DEFA7BE7051D284602F0FC
:1058D00012FF51EC100BFBF737F9DFED8E0A00EEEB
:1058E000100A07F0C7FADFED820A07F09BFA814B36
:1058F00010EE100A83ED060AFAF7D6FD02460B46B3
:10590000854804F0BFFA5CE7051D284602F0F3FE67
:1059100051EC100BFBF718F9DFED800A00EE100ACE
:1059200007F080FA734B10EE100A83ED110AFAF7B4
:10593000BBFD02460B467A4804F0A4FA41E7051D78
:10594000284602F0D8FE51EC100BFBF7FDF8DFED16
:10595000750A00EE100A07F08DFADFED650A07F010
:1059600061FA644B10EE100A83ED080AFAF79CFD09
:1059700002460B466C4804F085FA22E7051D2846CE
:1059800002F0BCFE694B01465960694804F07AFA9E
:1059900017E7051D284602F0AEFE51EC100BFBF791
:1059A000D3F8DFED640A00EE100A07F03BFA514B22
:1059B00010EE100A83ED0E0AFAF776FD02460B464A
:1059C0005D4804F05FFAFCE6051D284602F093FEF0
:1059D00051EC100BFBF7B8F8DFED580A00EE100A97
:1059E00007F048FADFED420A07F01CFA414B10EECF
:1059F000100A83ED030AFAF757FD02460B4650489A
:105A000004F040FADDE6051D284602F077FE474B1C
:105A1000014699604B4804F035FAD2E6051D284648
:105A200002F069FE51EC100BFBF78EF8DFED300A47
:105A300000EE100A07F0F6F92E4BF1EE407A83EDF6
:105A4000140AC3ED137A10EE100AFAF72DFD024680
:105A50000B463D4804F016FAB3E6051D284602F051
:105A60004DFE324B0146D960384804F00BFAA8E6E7
:105A7000051D284602F03FFE51EC100BFBF764F8C1
:105A8000DFED1B0A00EE100A07F0CCF9194BF1EE1E
:105A9000407A83ED160AC3ED157A10EE100AFAF774
:105AA00003FD02460B462A4804F0ECF989E6051D81
:105AB000284602F020FE51EC100BFBF745F8DFED15
:105AC0000C0A00EE100A07F0ADF90A4B10EE100AAE
:105AD00083ED170AFAF7E8FC02460B461D4804F06E
:105AE000D1F96EE61C4804F035FA6FE6C0DA00081A
:105AF00000000000D83D00203CDA00080000FA4415
:105B00000000C84288D900080000204224DA0008BA
:105B100084DA000800000442DCD900086F12833ADE
:105B200050DA0008000016430CDA0008D8390020CB
:105B30009CD9000817B7D13860DA0008000070421D
:105B4000C8D90008B0D9000898DA0008F4D90008CC
:105B5000ACDA000870DA000850D900081B2908B533
:105B6000034645D06D29027846D052B1042A07D1A8
:105B70000D294ED0027B002A48D1417301321A739D
:105B800008BD63391729FBD801A252F821F000BFE4
:105B90001B5C0008815B0008255C0008815B000835
:105BA000815B0008815B0008815B0008815B000865
:105BB000815B0008815B0008815B0008815B000855
:105BC000815B0008815B0008815B0008815B000845
:105BD0002F5C0008815B0008815B0008815B000886
:105BE000815B0008815B0008815B0008395C00086C
:105BF00000224270C27008BD02218A424170BFD0AB
:105C000000220121C2708173028208BD1044C1705C
:105C1000B4E7BDE80840FFF7AFBD012100224170A5
:105C2000C27008BD052100224170C27008BD042168
:105C300000224170C27008BD0D489FED0E0A00237E
:105C4000C0F8D43000F0B4FA09480B4B826F1A61E7
:105C5000FFF772F9084B28B919690848BDE80840F0
:105C600004F010B9064804F075F9034BF4E700BFDF
:105C700098330020D1CB0B38D839002018DB00082E
:105C8000E8DA0008B4EEE00AF1EE10FAD8BFB0EEA0
:105C9000600A7047F4EEC00AF1EE10FAD8BFB0EE19
:105CA000600A7047B4EEE00AF1EE10FA07DDB4EED8
:105CB000C10AF1EE10FAD8BFB0EE410A7047F4EE17
:105CC000C10AF1EE10FAD4BFB0EE410AB0EE600A9C
:105CD000704700BFB4EEE00AF1EE10FA07D5B4EE5B
:105CE000C01AF1EE10FAD8BFB0EE410A7047B4EE18
:105CF000E01AF1EE10FAD4BFB0EE410AB0EE600A3D
:105D0000704700BFD1ED007A90ED007A67EEA77A78
:105D1000E7EE077AF1EEE76AF4EEC06AF1EE10FA08
:105D20000DDD27EE007AC7EE267AC0ED007AD1EDC0
:105D3000007A20EE270AC0EE267AC1ED007A70477D
:105D400001238340013B07EE903A30EE600AF8EE03
:105D5000E77A31EE601A67EE807A87EE817AFDEE9F
:105D6000C77A17EE900A704707EE900A012370EE8B
:105D7000C00AF8EEE77A8B40013B27EEA07A07EEE7
:105D8000903AF8EEE77AC7EE276A36EE800A704757
:105D900000B5DFED0F0A83B0CDED010A06F0F8FC87
:105DA000B5EEC00AF1EE10FA03D5DDED010A30EED2
:105DB000200ADFED087A084B20EE270ABDEEC00A64
:105DC00010EE102A03EB820393ED000A03B000BD2E
:105DD000DB0FC94083F9A242F0DB000800B5DFED1C
:105DE000117ADFED110A83B037EEC00ACDED010A5A
:105DF00006F0CEFCB5EEC00AF1EE10FA03D5DDEDEB
:105E0000010A30EE200ADFED097A094B20EE270A5D
:105E1000BDEEC00A10EE102A03EB820393ED000AD8
:105E200003B000BDDB0FC93FDB0FC94083F9A242BD
:105E3000F0DB000870B5054684B035480E464FF4D7
:105E4000004101F0F3FD00230393039B3F2B06D891
:105E500000BF039B01330393039B3F2BF8D940F60C
:105E6000010401E0013C3ED02A48022101F0E2FF9A
:105E70000028F7D02748294601F0D6FF40F6010454
:105E800001E0013C3ED02348012101F0D3FF00286E
:105E9000F7D0204801F0CAFF40F60104308001E04D
:105EA000013C32D01B48802101F0C4FF0128F7D00B
:105EB00000230293029B3F2B4FF000041AD9144891
:105EC0004FF4004101F0B0FD00230193019B3F2BF3
:105ED00006D800BF019B01330193019B3F2BF8D9EA
:105EE000204604B070BD4FF0FF3400230293029BA4
:105EF0003F2BE4D800BF029B01330293029B3F2B50
:105F0000F8D9DCE76FF00104EFE76FF00204ECE78B
:105F100000080140003C0040F0B5064683B008464A
:105F20001746FBF75DFF044643F6FF70FBF758FF8B
:105F300001A905462046FFF77DFF48BB0DF106018C
:105F40002846FFF777FF18BBBDF806402046FBF751
:105F500063FF431CA6F8E0420BD0023012D0C4F31A
:105F60000D043C8001A92846FFF764FF80B903B007
:105F7000F0BDD6F800330133C6F800336FF00100EE
:105F800003B0F0BDD6F804330133C6F80433F5E7A7
:105F9000D6F8FC3201334FF48070C6F8FC32FBF7C0
:105FA000C7F84FF0FF30E2E770B5002182B0064637
:105FB0000120FBF725FF044643F6FF70FBF710FFB7
:105FC0000DF1060105462046FFF734FF38B90DF103
:105FD00006012846FFF72EFF08B902B070BDD6F8BB
:105FE000FC3201334FF48070C6F8FC32FBF7A0F8A6
:105FF0004FF0FF30F1E700BF10B582B00DF10202A3
:1060000043F6FC710446FFF787FFF0B901AA43F697
:10601000FD712046FFF780FFB8B90DF1060201219E
:106020002046FFF779FF80B9BDF80630BDF80210B1
:10603000BDF80420A4F8EA32A4F8E612A4F8E82295
:10604000012384F8DE3202B010BD00234FF0FF3090
:10605000F7E700BF2DE9F04F044687B043F6FF7025
:106060000E46FBF7BDFE4FF0000807462046FFF73F
:106070009BFF4645A4F8DD82A4F8EC8240F38380C0
:106080000123CDF8088003939A46C1460DF116010D
:106090003846FFF7CFFE90BB012E44D04FF0010BE6
:1060A00000250DF116013846FFF7C4FE48BBBDF8C8
:1060B000168001904046FBF7AFFE431C019AA4F8FE
:1060C000E082C8F30D0C05F101053AD0023054D03E
:1060D0000BF1010B5E45A4F8E2C284F8DDA2A4F83E
:1060E000EC22DED11F2D1ED92046FFF785FFB0FA26
:1060F00080F0400984F8DE0207B0BDE8F08F4FF071
:10610000000BD4F8FC12B4F8EC2284F8DD920BF109
:10611000010B0131013201235E45C4F8FC12A4F8E1
:10612000EC220293BCD1039D032D1AD0142000F061
:10613000A1FC6B1C03930023A4F8DD32A4F8EC321D
:10614000A4E7D4F800230132C4F800230BF1010BBB
:106150005E454FF0000584F8DD92A2D1039D032D2A
:10616000E4D1029A002384F8DD329A4214BF4FF43E
:1061700080704020FAF7DCFFB6E7D4F80423013240
:10618000C4F80423E2E70125032D4FF014000CD0DE
:10619000013500F06FFC4FF00003032DA4F8DD3251
:1061A000A4F8EC824FF01400F2D100230293D8E758
:1061B00070B52DED028B044686B043F6FF70B0EE4D
:1061C000408AFBF70DFED4F8F03201330DF11601D1
:1061D000C4F8F032FFF72EFE002840F0CD80BDF865
:1061E0001630019305461846FBF716FE019BA4F8EE
:1061F000E032421C00F02281023000F0E280C3F362
:106200000D032A46D4F8F41263F30F0263F31F421E
:10621000002940F0F980D4ED016AC4F8E22201229D
:106220009B00013184F8DD2200226367C4F8F41278
:10623000A4F8EC22C4ED026A4C220E4604F11000D0
:1062400004F10C010393CDED026A019103F08AFE83
:10625000039BDFF83CC29FED896A0199DDED026A7C
:106260005A12501C00F07F0004EB820204EB800005
:10627000D2F8DC20D0F8DC00C3F3080E801A0EFB45
:1062800000F002EB60221A44A267DCF81030D31A47
:1062900007EE903AFAEEC87ABDEEE77AB8EEC77A22
:1062A00077EEC77A67EE867AF5EEC07AF1EE10FAED
:1062B00001D577EE867A012EC4ED017A73D0D4F839
:1062C000805094F8DC32DCF8141094ED1A6ADFED9B
:1062D0006C5A9FED6A5A521A07EE102AB8EEC77A26
:1062E00027EE067A27EE257AFDEEC75AF8EEE55A34
:1062F00037EE657A27EE057AB5EEC07AF1EE10FA40
:1063000001D537EE057A77EEE66ADFED5E5A84ED69
:10631000177AF4EEE56AF1EE10FA69DC9FED5A7A2D
:10632000F4EEC76AF1EE10FA4CBF01220022002BF6
:1063300062D02A4407EE102ADFED506AC4F88020AC
:10634000B8EEC77A27EE267A77EE877AD4ED166A0A
:10635000C4ED037AB3EE037A77EEE66A28EE077AA5
:10636000C6EE877A26EE276AC4ED187A84ED196A9C
:1063700006B0BDEC028B70BDD4E9BE21B4F8EC329E
:1063800001310132C4E9BE210020013384F8DD026D
:10639000A4F8EC324FF4807006B0BDEC028BBDE87F
:1063A0007040FAF7C5BEC4ED027A04F15C03E1EC7B
:1063B000017A9942FBD10123F0EE676A84F8DC325E
:1063C00081E7D4F804330133C4F80433B4F8EC3271
:1063D000D4F8F82201339BB201320021022BC4F819
:1063E000F822A4F8EC3284F8DD12C1D94020D3E7BA
:1063F0004FF0FF32002B9CD101229FED247AC4F88C
:10640000803084F8DC229FE71846B4F8E412029248
:106410000193FBF70FFD00F50070B0F5806FDDE92B
:10642000013211D8B4F8E412994202BFD4F80C1327
:106430000131C4F80C13D4F8F412ECE6D4F80033AC
:106440000133C4F80033C1E7D4F80813B4F8EC32D0
:10645000C4F8E22201310133C4F80813D4F8F81269
:10646000C4F8F4529BB20131022BA4F8EC32C4F808
:10647000F812A4F8DC527FF67BAFB7E7DB0FC94018
:1064800000008037DB0F4940DB0F49C000000000EF
:10649000D839002070B5224D2B6803F51C531033FA
:1064A0008B4200D970BD04460E46416F1D4803F073
:1064B000E9FCA16F1C4803F0E5FC6068F9F7F4FF04
:1064C00002460B46194803F0DDFCE068F9F7ECFFE3
:1064D00002460B46164803F0D5FCE06DF9F7E4FFE1
:1064E00002460B46134803F0CDFCD4F88010124846
:1064F00003F0C8FC94F8DD12104803F0C3FCD4F894
:10650000FC120F4803F0BEFCD4F800130D4803F052
:10651000B9FC0D48D4F8041303F0B4FC2E6070BD30
:106520001041002040DB00084CDB000864DB000861
:106530007CDB000890DB0008A4DB0008B4DB00086B
:10654000C0DB0008CCDB0008DCDB000830B585B020
:1065500001AB83E807000E4D002401AB93E8070070
:106560002346FDF7B3FF0134B4F5807F45F8040FEF
:10657000F3D1084D01AB93E807002346FDF7BAFFBE
:106580000134B4F5A07FA5EC010AF3D105B030BD0C
:10659000D4390020D83D002070B586B003AB83E825
:1065A000070003AA07CA4FF4A073FDF799FF03AAD7
:1065B000064640F2411307CAFDF792FF03AA0546BB
:1065C0004FF4A17307CAFDF78BFF0DF10C0C0446C5
:1065D00040F243139CE80700FDF782FF054A019251
:1065E000054A00920346224629463046FBF79AFBAD
:1065F00006B070BDD83D0020D839002000B583B06A
:106600000190FDF719FF019841680022FF23C0E9BE
:106610000312838203B000BD30B517498BB0044626
:106620001648FBF74DF90546E8B1237D012B1ED92D
:1066300000210B46E268637502EB010E94E8070047
:1066400004AB83E807000DF1040CCDF814E08CE8EE
:10665000070093E8070007AB83E8070084E807001A
:106660002046FDF7F5FE2846A5750BB030BD013379
:1066700003F00103D902DDE7D83D0020D83900201E
:10668000F0B5837D83B005462BB900240023204656
:10669000AB7503B0F0BD48494848FBF711F9002835
:1066A000F3D045494548464EFBF7C8F80024074655
:1066B00056F8043F95E80700009323460134FDF7A0
:1066C000D5FEB4F5807FF3D13B4EB6EC010A2346EC
:1066D00095E807000134FDF7E1FEB4F5A07FF4D1A1
:1066E0000223009395E8070040F24113FDF7CAFE2C
:1066F000009495E807004FF4A173FDF7C3FE0097DF
:1067000095E8070040F24313FDF7BCFE2A69013209
:10671000009295E807004FF4A273FDF7B3FE294BF2
:10672000009395E807002346FDF7ACFE2349264871
:106730004FF4806203F07CFC1F4924484FF48072C0
:1067400003F076FC95E80700FFF700FF95E80700E7
:10675000FFF722FF044660B91B4918484FF48062D6
:1067600003F066FC194914484FF4807203F060FC92
:106770008BE795E807004FF4A273FDF7B1FE2B6994
:10678000114907464FF480620C485E1C03F050FC30
:106790000E4909484FF4807203F04AFCB7427FF477
:1067A00074AF2B696A7D2A7501332B612046002363
:1067B000AB7503B0F0BD00BFD83D0020D839002034
:1067C000D43900204154484E144200201441002086
:1067D0002DE9F04F93B006460DF10C0800274FF05D
:1067E000FF0A0CAD09AC0DF1100996E807000DF198
:1067F0003C0C8CE80700F36803EBC723109385E893
:1068000007009CE8070084E80700FFF79FFE94E874
:106810000700FFF7C1FE4FF4A27388F8000083461B
:1068200094E80700FDF75CFE49F827000346002FB7
:1068300041D0BBF1000F02D0BAF1FF0F54D1059B3C
:106840009DF80D2004999DF80C00FBF793FA0028A1
:1068500059DB5FFA80F8B8F1FF0F54D0B8F1000FA0
:1068600056D1354935484FF4806203F0E1FB344995
:1068700034484FF4807203F0DBFBF26886F8148032
:1068800002EBC82796E8070085E807000D9784E823
:10689000070095E807000FAC84E807000DEB8803BC
:1068A00094E807001B693361012386E80700184656
:1068B00013B0BDE8F08FBBF1000F10D01F491E4888
:1068C00001934FF4806203F0B3FB1E491C484FF460
:1068D000807203F0ADFBBAF1FF0F04D1BA4608F1A4
:1068E0000108012781E7019B18460DEB8A0319690E
:1068F000FBF73AFA08B15FFA87FA002F9FD108F147
:106900000108012771E70023184613B0BDE8F08F96
:10691000F26802EBC82396E807000DF13C0C8CE806
:106920000700109385E807009CE8070006AF87E89A
:106930000700FFF70BFEA0E714420020D839002023
:1069400014410020D83D002000238375FDF7B4BD1D
:106950009DF800C030B949B932B14BB1844508BF88
:1069600005207047012070470320704702207047C0
:1069700004207047081A904234BF0020012070475D
:106980000120704708B503F021FB162303604FF088
:10699000FF3008BD08B503F019FB16230360FEE7BE
:1069A00070B5161E07DD0C468D19AFF3008004F894
:1069B000010BA542F9D1304670BD00BF70B5161E5F
:1069C00007DD0C468D1914F8010BFCF791FCA5426C
:1069D000F9D1304670BD00BF4FF0FF30704700BFA7
:1069E0004FF400534B600020704700BF01207047F8
:1069F000002070470C4A08B5136833B11844694643
:106A0000884208D81060184608BD084B1360184427
:106A100069468842F6D903F0D9FA0C2303604FF097
:106A2000FF33184608BD00BF144600207047002001
:106A30000D4B0E4A1B68A2FB03239B09013BB3F1DC
:106A4000807F00D3FEE74FF0E02209495361F02038
:106A500081F823004FF0000C07201023C2F818C063
:106A6000106181F82330704700000020D34D621080
:106A700000ED00E0024A10601368002BFCD1704763
:106A80001C4600200549064A0B6801330B60136859
:106A900013B11368013B1360704700BF1846002014
:106AA0001C460020014B1868704700BF18460020A4
:106AB000704700BF08B50220FAF73AFBFEE700BFB7
:106AC00008B50420FAF734FBFEE700BF08B508203C
:106AD000FAF72EFBFEE700BF08B51020FAF728FBF7
:106AE000FEE700BF704700BF704700BF704700BFA0
:106AF000FFF7C8BF70B5584C584884B022460021F3
:106B000000F084FC206840F20173984206D1A3682B
:106B100023F07F43B3F5002F00F08E80504D627A52
:106B2000217A6B680093B2FA82F2B1FA81F1A37A0A
:106B300052094909FBF72EF908B904B070BD494A5A
:106B4000494E4A4B92ED0E7A96ED111AD2ED117A1A
:106B5000D3ED180A93ED030A2979454821EE071A67
:106B6000C0EEA70A80EE270A21EE271AFAF758FD91
:106B70003F493A4800F0F6FB3E4803A9FBF71CF9F1
:106B8000054660B39DF80C10FD294DD0FE291ED09E
:106B9000FC29D2D1384C0220FBF7AEF90025304653
:106BA000C6F8B850FEF7B6F9206861682289FDF78B
:106BB000DDF8616820682289FDF796F82020A5801D
:106BC000FAF7C4FA2D486D21FEF7C8FFB5E7042097
:106BD000FBF792F929487A21FEF7C0FFADE7236958
:106BE00006F1CC02CDE9003294E80F00FAF75AFD25
:106BF000DFED236AD6ED347A96ED337AC6F8B850D5
:106C000067EEA67A27EE267AFDEEE77ABDEEC77A22
:106C100017EE903A17EE101A9BB2012043EA014199
:106C2000FBF76AF904B070BD0320FBF765F9134860
:106C30001B21FEF793FF80E703A904F10B00FBF78C
:106C40000DF918B99DF80C30072B01D9206865E7BC
:106C50002046FBF789F970E7E80100200064004056
:106C6000D8390020D83D0020BC36002098330020C1
:106C7000FC010020F30100208C330020A836002006
:106C80000000C842012110B5174801F0B9F91749B1
:106C90000B88013343F697229BB2934212D80B80A4
:106CA000134C2046FDF776FC9FED120A1248FFF7C1
:106CB0007FFA1248FEF7CEFBD4F8B4300133C4F8A3
:106CC000B43010BD0E4B1A7800200880B2FA82F260
:106CD00000F18040520900F588304FF400511A70DD
:106CE00000F0A6FEDCE700BF002C01402246002099
:106CF000BC360020D1CB0B3898330020A8360020BA
:106D00002046002008B54FF4805000F0BBFC11482D
:106D10004FF4805100F092FE00B108BDFCF79AFEDE
:106D2000A0B9FCF74FFE18B1BDE80840FCF752BE11
:106D300008484FF4006100F087FE0028EDD02020C5
:106D4000FAF7F6F9044B01229A8008BDBDE8084025
:106D5000FCF788BE000801408C33002008B50749C5
:106D6000074801F0F9FB00B908BD054801F0DCFB5C
:106D7000BDE80840C1B20348FEF7F0BE05030500B8
:106D800000440040A836002008B5154B98421BD09F
:106D900003F5A05398420DD0A3F5C05398421DD1DE
:106DA00040F2093000F02AFFBDE8084040F2093007
:106DB00000F032BF40F20F3000F020FFBDE8084085
:106DC00040F20F3000F028BF40F20A3000F016FF0A
:106DD000BDE8084040F20A3000F01EBF08BD00BF09
:106DE000002801408368DB0703D4836843F0010374
:106DF00083607047826842F0080200F108038260F5
:106E00001A681107FCD4826842F0040282601A6892
:106E10005207FCD4704700BF836843F480738360DB
:106E2000704700BF064BD3F8042422F47022C3F845
:106E30000424D3F804240243C3F80424704700BF99
:106E40000020014001F480738AB11BB1436843F410
:106E5000807343604B0503D5436843F4806343600C
:106E6000890715D5836843F00203836070471BB11F
:106E7000436823F4807343604A0503D5436823F4D1
:106E8000806343608B0703D5836823F0020383602C
:106E9000704700BF836819B143F400638360704793
:106EA00023F400638360704701290ED0022900D0CB
:106EB0007047836B23F440138363013A836B12059D
:106EC00002F440121A4382637047C36A23F47003CA
:106ED000C362013AC36A120502F470021A43C26225
:106EE000704700BF052900B52ED8D0F834C001EB9B
:106EF00081014FF01F0E0EFA01FE2CEA0E0C02FA71
:106F000001F141EA0C014163092A0DD8016902EB44
:106F100042024FF0070C0CFA02FC21EA0C0103FAC2
:106F200002F20A43026100BD112AFCD80A3AC16884
:106F300002EB42024FF0070C0CFA02FC21EA0C01B2
:106F400093400B43C36000BD0B2910D80639D0F81D
:106F500030C001EB81014FF01F0E0EFA01FE2CEA4A
:106F60000E0C02FA01F141EA0C010163CCE70F2992
:106F7000CAD80C39D0F82CC001EB81014FF01F0E9C
:106F80000EFA01FE2CEA0E0C02FA01F141EA0C01A4
:106F9000C162B9E7D0F838C00331CCF3015CA1EB92
:106FA0000C0101EB81014FF01F0C00B50CFA01FE42
:106FB000D0F838C002FA01F12CEA0E0C41EA0C01BB
:106FC000092A81630DD8016902EB42024FF0070CD8
:106FD0000CFA02FC21EA0C0103FA02F20A430261F4
:106FE00000BD112AFCD80A3AC16802EB42024FF0F8
:106FF000070C0CFA02FC21EA0C0193400B43C3601E
:1070000000BD00BF01F001035AB11BB1836843F416
:10701000801383608A070FD5836843F4004383603D
:1070200070471BB1836823F4801383608B0703D5FB
:10703000836823F400438360704700BF01290AD0AE
:10704000022900D07047836823F4E043836083689B
:10705000134383607047836823F4602383608368ED
:1070600013438360704700BFCA0703D5836843F4A6
:10707000800383608B0703D5836843F40013836028
:10708000704700BF03290FD8DFE801F00B080502A5
:10709000806C80B27047406C80B27047006C80B2E8
:1070A0007047C06B80B270470020704703680B4286
:1070B00014BF012000207047036823EA0103036026
:1070C000704700BF08B5074B984200D008BD40F29A
:1070D000194000F093FDBDE8084040F2194000F06F
:1070E0009BBD00BF0064004029B103282CD8DFE815
:1070F00000F00E182103FEE70023C1F80B30C1F8A1
:107100000F308B724B60CB740B810B607047002388
:1071100040F2FF304FF4003248810B810A604B602F
:10712000704700234FF480320B740B604B608B6010
:10713000CA6070470023C1F80B30C1F80F308B7262
:107140004B600B810B607047FEE700BF036823F0C4
:10715000020300B503600368844643F001034CF862
:10716000043B4368DB07864608D44FF6FF7301E013
:10717000013B03D0DCF80020D007F9D5DEF804008D
:1071800010F0010070D04B788A781B06120402F4CC
:10719000702203F0407313430A7843EA8273CA787B
:1071A000120502F4E00213434A89013AC2F30902CC
:1071B0001343CEF81C300B79012BDEF800300CBFE6
:1071C00043F0800323F08003CEF800304B79012B8D
:1071D000DEF800300CBF43F0400323F04003CEF84C
:1071E00000308B79012BDEF800300CBF43F0200318
:1071F00023F02003CEF80030CB79012BDEF80030ED
:107200000CBF43F0100323F01003CEF800300B7ACC
:10721000012BDEF800300CBF43F0080323F0080315
:10722000CEF800304B7A012BDEF800300CBF43F073
:10723000040323F00403CEF80030DEF8003023F01E
:107240000103CEF80030DEF80430DA070DD54FF632
:10725000FF7000E040B1DCF80030DB0700F1FF30E8
:10726000F8D4003818BF012000BD012000BD00BFC8
:107270003B494389D1F8002642F0010200B5C1F82C
:107280000026D1F81CC6B0F80EE001229A402CEA84
:10729000020CC1F81CC6BEF1000F45D1D1F80CC6D6
:1072A00003F100632CEA020CC1F80CC603F6C843D4
:1072B000B0F806C04188DB0041EA0C41B0F804C0D8
:1072C0001960018841EA0C415960838924492BBB2C
:1072D000D1F8043623EA0203C1F8043603892049B1
:1072E000B3B9D1F8143623EA0203C1F81436037C8B
:1072F000012B05D11A49D1F81C361343C1F81C36AD
:10730000174AD2F8003623F00103C2F8003600BD58
:10731000D1F814361343C1F81436E8E7D1F804362F
:107320001343C1F80436D9E7BEF1010FCDD1D1F82E
:107330000CC603F100634CEA020CC1F80CC603F65C
:10734000C843B0F800C04188DB0041EA0C41B0F806
:1073500004C01960C18841EA0C415960B5E700BF1B
:107360000060004082685201034605D48268120121
:1073700043D51033012000E00020D3F8802102F033
:10738000010210B5C3F8802191F808E04A7A03F5AC
:10739000C07CBEF1000F26D04C6842EAC40242EA2B
:1073A0000E02D3F880E142EA0E02C3F88021D3F83E
:1073B000842122F00F02C3F88421D3F884E18A7A71
:1073C00042EA0E02C3F88421D1F80B20C3F88821C9
:1073D000D1F80F20C3F88C21DCF8003043F0010312
:1073E000CCF8003010BD0C68D3F880E142EA44527A
:1073F00042EA0E02C3F88021D9E78268D20002D5A2
:1074000020330220B9E70320704700BF00EB0113CF
:10741000D3F8B0C10CF0040C82F808C0BCF1000F26
:1074200047D1D3F8B0C14FEA5C5CC2F800C0D3F8D2
:10743000B0C10CF0020C82F809C0D3F8B4C14FEA15
:107440001C2C82F813C0D3F8B4C10CF00F0C82F8D6
:107450000AC0D3F8B8C182F80BC0D3F8B8C14FEA5C
:107460001C2C82F80CC0D3F8B8C14FEA1C4C82F82F
:107470000DC0D3F8B8C14FEA1C6C82F80EC0D3F827
:10748000BCC182F80FC0D3F8BCC14FEA1C2C82F8F3
:1074900010C0D3F8BCC14FEA1C4C82F811C0D3F81D
:1074A000BC311B0E937459B9C36843F02003C36009
:1074B0007047D3F8B0C14FEADC0CC2F804C0B6E79D
:1074C000036943F020030361704700BF43690B4326
:1074D000436170470D4B984215D001EB810300EBDF
:1074E00083030022D3F808C02CF0010CC3F808C0B5
:1074F0009A60DA601A615A61426889000F238B40F2
:107500001343436070470429E7D9FEE700040240B3
:107510001D4B984234D001EB810100EB81001368D0
:1075200010B4036193684361138AC360D4685368DD
:1075300081682343546921F47C5123430B438360C6
:10754000137E012B83680CBF43F0400323F04003FC
:107550008360537E012B83680CBF43F0800323F0CC
:1075600080038360937E2BB1836843F0100310BCCB
:1075700083607047836823F0100310BC83607047FA
:107580000429C8D9FEE700BF00040240074B984217
:1075900008D001EB8101890008300B5843F020032B
:1075A0000B5070470429F4D9FEE700BF00040240E5
:1075B000074B984208D001EB8101890008300B5835
:1075C00043F001030B5070470429F4D9FEE700BFD4
:1075D000000402402A4BD3F800C42CEA000CC3F884
:1075E00000C4D3F804C42CEA000CC3F804C4D3F8D4
:1075F00008C42CEA000CC3F808C4D3F80CC42CEA65
:10760000000CC3F80CC449B3012905D0012A0BD0E2
:10761000022A29D0AAB17047D3F80414012A41EAFA
:107620000001C3F80414F3D1154BD3F8082422EA5F
:107630000002C3F80824D3F80C240243C3F80C2436
:1076400070470F4BD3F808240243C3F80824D3F83B
:107650000C2422EA0002C3F80C247047D3F800146B
:107660000143C3F80014D1E7054BD3F808240243C3
:10767000C3F80824D3F80C240243C3F80C24704741
:1076800000000140014BC3F81404704700000140A2
:107690000B4B1A69110603D50A490B4A59605A6007
:1076A0000A4BB3F8E030B3F5007F07D9044B1A6DED
:1076B000120603D50349044A59645A64704700BF4F
:1076C0000020024023016745AB89EFCD00F7FF1F83
:1076D000074B08491A69B1F8E01042F08002B1F591
:1076E000007F1A6103D91A6D42F080021A65704753
:1076F0000020024000F7FF1F4B4BB3F8E030B3F51A
:10770000007F6AD9494B4A4A98424A4B26D2D168EF
:10771000C90756D4D368D90657D4D3685B075AD45F
:107720001169444B41F002011161506110694049F7
:1077300040F040001061CA68D00738D4CB68DB063F
:107740003DD4C868C0F380004000C0B2384A136915
:1077500023F0020313617047013B34D0D16CC90799
:10776000FAD4D36CDB0630D4D36C590733D4136D01
:1077700043F0020313655065D3699B0748BF50610E
:107780002B4A2C4B116D41F040011165D16CC9079A
:107790001DD4D36CD80643D4D06CC0F38000400015
:1077A000C0B2234A136D23F0020313657047013BF7
:1077B00038D0CA68D007FAD4CB68DB06C1D503201D
:1077C000C4E7013BA3D10420704703207047013B6D
:1077D000DCD10420E5E702207047164B144AD1683B
:1077E000C90719D4D368DB06EFD4D3685907F2D49C
:1077F0001169104B41F002011161506110690C498F
:1078000040F040001061CA68D20797D5013B09D00B
:10781000CA68D207FAD491E7013BE0D1042070474F
:107820000320BEE7042091E700F7FF1FFFFF0708D2
:10783000002002400000FF0F454BB3F8E030B3F5E5
:10784000007F8C4660D9434B434A9842434B23D236
:10785000D168C9074CD4D368D9064DD4D3685B0727
:1078600050D411693D4B41F0010111613A49C0F812
:1078700000C0CA68D00731D4CB68DB0636D4C868EC
:10788000C0F380004000C0B2334A136923F0010303
:1078900013617047013B2DD0D16CC907FAD4D36C6A
:1078A000DB0629D4D36C59072CD4116D2B4B41F036
:1078B000010111652849C0F800C0CA6CD2071DD467
:1078C000CB6CD80640D4C86CC0F380004000C0B276
:1078D000214A136D23F0010313657047013B35D036
:1078E000CA68D007FAD4CB68DB06C8D50320CBE73B
:1078F000013BADD10420704703207047013BDCD130
:107900000420E5E702207047144B134AD168C907E9
:1079100016D4D368DB06EFD4D3685907F2D41169C3
:107920000E4B41F0010111610B49C0F800C0CA685B
:10793000D207A1D5013B09D0CA68D207FAD49BE788
:10794000013BE3D1042070470320C1E704209BE7FB
:1079500000F7FF1FFFFF0708002002400000FF0F95
:10796000830903F1804303F5083300F01F00196811
:10797000012282400A431A60704700BF2DE9F0439C
:107980000C461D46E306014604F00F0602D5042A04
:1079900044D0164300224FF001080F2706E0482C80
:1079A00008BF08610B600132082A13D008FA02FCF4
:1079B0004FEA820E1CEA050007FA0EF906FA0EFEDF
:1079C000F1D00B68282C23EA09034EEA0303E6D121
:1079D0004861E7E700234FF001080F2709E0482C32
:1079E00008BF0861C1F804E00132102A03F1040362
:1079F00012D008FA02FC1CEA050007FA03F906FA9D
:107A000003FEF1D0D1F804C0282C2CEA090C4EEA70
:107A10000C0EE4D14861E5E7BDE8F083C36B2B436E
:107A200046F00306C363B5E70161704741617047E3
:107A30000AB1016170474161704700BF83680B4222
:107A400014BF012000207047C3680B4214BF0120FF
:107A50000020704700281F4B00F4401CB4BFDB69B6
:107A60005B68BCF5401F00B582B227D010F4801FC0
:107A700019D14FEA505C4FEA0C1C02FA0CFC23EAC5
:107A80000C0343F0E0634FEA505C4FEA0C1C02FA2F
:107A90000CF21A43002918BF13460E4A0028B4BF3F
:107AA000D361536000BDC0F3034E4FF0030C0CFADA
:107AB0000EFC23EA0C0343F0E063E4E7DFF814E094
:107AC000DEF804C02CF0E06C23F0E063CEF804C0D4
:107AD000D9E700BF0000014001F003039B000F2223
:107AE000032902FA03F200FA03F0134B07D899684E
:107AF00021EA02029A609A6802439A607047072955
:107B000007D8D96821EA0202DA60DA680243DA604B
:107B100070470B2907D8196921EA02021A611A690C
:107B200002431A617047596921EA02025A615A698F
:107B300002435A61704700BF00000140DFF898C05F
:107B4000DCF80C3003F4E063B3F5E06F36D0DCF81A
:107B50000C3003F4E063B3F5C06F1BD0DCF80C30DD
:107B600003F4E063B3F5A06F10D0DCF80C3003F43D
:107B7000E063B3F5806F25D0DCF80C3003F4E063EC
:107B8000B3F5407F22D0134BCCF80C3002F0030247
:107B9000022302E002F007020323DFF840C099400D
:107BA00011430CEB00030901420983F8001300F0B4
:107BB0001F00012383404CF82230704702F00F026F
:107BC0000423EAE702F001020123E6E7002213465C
:107BD000E3E700BF0005FA0500ED00E000E100E08A
:107BE000830903F1804303F5043300F01F00196893
:107BF000012282400A431A60704700BF830903F1E3
:107C0000804303F5043300F01F001968012282400D
:107C10000A431A60704700BF830903F1804303F5EC
:107C2000043300F01F001A680121814022EA01029A
:107C30001A607047174A5368D26A23F0805323F4BE
:107C4000404322F000510B2809D8DFE800F0060677
:107C50000606081808180C0C0C0C43EA80330D4A71
:107C60005360D1627047DFF834C042F000510CEA33
:107C7000803C084A43EA0C035360D1627047064ACD
:107C800002EA80321343034A43F080535360D162C7
:107C9000704700BF0010024000C0FEFF00C0FCFFA4
:107CA00010B5DFF8E4C086469CE80F0088B008AC49
:107CB00004E90F00DCE90401CDE90001CDE902018E
:107CC0002D4A536803F00C03082B24D02B482A4A72
:107CD000536851685268C3F303136B441B7C20FA4A
:107CE00003F3BEF1030F44D8DFE80EF00812020AD6
:107CF000C1F302216944087823FA00F008B010BDEE
:107D0000C2F3C2226A44107A23FA00F008B010BD10
:107D1000184608B010BD5368D90311D4184A164B41
:107D2000586859685B680C01C0F3834014D559004A
:107D300018D540F030003F2812D102FB00F0C6E712
:107D4000D36A5A000C4B58BF0C4A5B6848BF0D4AB7
:107D50009B03E4D55208E2E75B0006D540F0200023
:107D60000130EAE740F01000FAE70F28F8D00230BF
:107D7000E3E70020C2E700BF0010024000127A00D3
:107D800000093D00006CDC0270D1000808B5154BFD
:107D9000984212D003F57443984204D0A3F5784377
:107DA000984214D008BD4FF44370FFF727FFBDE899
:107DB00008404FF44370FFF72FBF40F20F40FFF72A
:107DC0001DFFBDE8084040F20F40FFF725BF40F21D
:107DD0000E40FFF713FFBDE8084040F20E40FFF7EA
:107DE0001BBF00BF003C004010B4D1E901420B684A
:107DF00023431343CA680C69D1E905C113432343E4
:107E0000026843EA0C0302F441520B43134303603C
:107E1000C36923F4006310BCC3617047036843F077
:107E200040030360704700BFC1607047C06880B204
:107E3000704700BF83680B4214BF012000207047C9
:107E400008B5374B98424CD015D8A3F5006398423B
:107E500051D039D8B0F1804F22D0A3F58063984239
:107E60005DD140F20140FFF7C9FEBDE8084040F295
:107E70000140FFF7D1BE2B4B984246D003F500637B
:107E8000984217D0A3F59033984248D140F205406C
:107E9000FFF7B4FEBDE8084040F20540FFF7BCBE66
:107EA0004FF48060FFF7AAFEBDE808404FF4806001
:107EB000FFF7B2BE40F20D30FFF7A0FEBDE808406C
:107EC00040F20D30FFF7A8BE174B984227D140F281
:107ED0000340FFF793FEBDE8084040F20340FFF780
:107EE0009BBE40F20440FFF789FEBDE8084040F227
:107EF0000440FFF791BE40F20240FFF77FFEBDE86D
:107F0000084040F20240FFF787BE40F20B30FFF717
:107F100075FEBDE8084040F20B30FFF77DBE08BD9E
:107F200000100040002C0140000C004000234FF6E0
:107F3000FF72C0E90033826003737047254B0A88E3
:107F40008262984215D020F44063B3F1804F10D084
:107F5000214B98420DD0214B20F4806210B49A42FC
:107F60008C68C4622CD1436943F0010310BC4361A7
:107F7000704703684A8823F070030360D0F800C09C
:107F80008B8842EA0C0202600268134303608B682C
:107F9000C3620268CB8822F440720260D0F800C04D
:107FA0000C4A43EA0C039042036002D00A4B984209
:107FB00001D10B7B0363436943F0010343617047C5
:107FC0000268CB8822F440720260026813430360A7
:107FD000C9E700BF002C0140003401400010004000
:107FE000036843F001030360704700BF036843F078
:107FF00080030360704700BFC3680B43C3607047D2
:10800000C9430161704700BF002303604360836080
:1080100083817047B1F802C00B888A8843EA0C0359
:10802000B1F806C013430A8943EA0C03B1F80AC049
:1080300013438A8943EA0C0313439BB2436470479A
:10804000436C01290CBF43F4004323F40043436411
:10805000704700BF0023036043608360704700BF28
:10806000032929D8DFE811F0AF006C0029000400D3
:10807000036A1188B2F804C023F480530362C36911
:1080800023F44073C361036A43EA01330362036A62
:10809000724923F400530362036A884243EA0C33B3
:1080A000036240F0D6804368128923F48043436022
:1080B000436843EA821343607047036A1188B2F849
:1080C00004C023F480730362C36923F00303C36114
:1080D000036A43EA01230362036A604923F40073DD
:1080E0000362036A884243EA0C23036202D05C4BBA
:1080F0009842E1D1036AB2F802C0D18823F48063C8
:108100000362036A43EA0C230362036A23F40063F5
:108110000362036A43EA01230362436811895289B7
:1081200023F480534360436843EA01134360436888
:1081300023F400534360436843EA021343607047EB
:10814000036A1188B2F804C023F010030362836944
:1081500023F440738361036A43EA01130362036AF1
:108160003E4923F020030362036A884243EA0C136A
:10817000036202D03A4B98429ED1036AB2F802C021
:10818000D18823F040030362036A43EA0C130362BD
:10819000036A23F080030362036A43EA0113036264
:1081A00043681189528923F480634360436843EA3A
:1081B00081034360436823F400634360436843EAF8
:1081C000820343607047036A118823F0010303624E
:1081D000D0F818C093882CF0030CC0F818C0D0F861
:1081E00020C041EA0C010162016ADFF870C021F091
:1081F00002010162016A604543EA0103036203D0A0
:10820000174B98427FF458AF036A518823F0040358
:108210000362D0F820C0D38841EA0C010162016AF0
:1082200021F008010162016A0B430362436811896E
:1082300023F480734360D0F804C0538941EA0C01F1
:108240004160426822F40072426042681343436016
:108250007047034B98427FF42FAF24E7002C014076
:108260000034014003290BD8DFE801F01C130B0296
:10827000C36923F4E043C361C36943EA0223C361D2
:108280007047C36923F07003C361C3691343C361BB
:108290007047836923F4E0438361836943EA0223DF
:1082A00083617047836923F070038361836913439B
:1082B00083617047032904D8DFE801F0080604024F
:1082C00002647047C26370478263704742637047BD
:1082D00003290BD8DFE801F01C130B02C36923F458
:1082E0000063C361C36943EA0223C3617047C36982
:1082F00023F00803C361C3691343C36170478369F3
:1083000023F400638361836943EA02238361704736
:10831000836923F008038361836913438361704792
:1083200003290BD8DFE801F01C130B02C36923F407
:108330008063C361C36943EA0223C3617047C369B1
:1083400023F00403C361C3691343C36170478369A6
:1083500023F480638361836943EA02238361704766
:10836000836923F004038361836913438361704746
:1083700003290BD8DFE801F01D140B02036A23F474
:1083800080530362036A43EA023303627047036A5D
:1083900023F480730362036A43EA02230362704793
:1083A000036A23F010030362036A43EA02130362C1
:1083B0007047036A23F001030362036A13430362F5
:1083C000704700BF436823F07003436043680B436A
:1083D0004360704721B9836843F08003836070472E
:1083E000012900D07047836823F0800383607047C1
:1083F000836823F007038360704700BF08B5234BF1
:10840000984238D010D9224B98422AD003F56843BD
:1084100098421BD140F20E30FFF7F0FBBDE8084058
:1084200040F20E30FFF7F8BBA3F5006398420ED080
:1084300003F58063984209D140F21240FFF7DEFB5A
:10844000BDE8084040F21240FFF7E6BB08BD40F22D
:108450001140FFF7D3FBBDE8084040F21140FFF7A1
:10846000DBBB40F21440FFF7C9FBBDE8084040F217
:108470001440FFF7D1BB40F21340FFF7BFFBBDE84C
:10848000084040F21340FFF7C7BB00BF004C00405C
:108490000050004000B5174B984283B0024617D0F9
:1084A0000ED9154B984213D003F5684398421ED15C
:1084B000CDE900010320FFF7F3FBDDE900210EE029
:1084C000A3F50063984203D003F5806398420ED170
:1084D0000220CDE90021FFF7E3FBDDE9002100EBFD
:1084E0005103B3FBF1F39BB2936003B000BD0020D6
:1084F000F5E700BF004C004000500040C36843F463
:108500000053C360704700BFC36823F008030B43E8
:10851000C3607047C36823F004030B43C360704714
:10852000C1F30801416070474068C0F3080070471C
:108530008B0901F01F011858C84000F00100704776
:108540008A09012352F800C001F01F018B4043EA61
:108550000C031350704700BFC1F389128B0D52F802
:1085600000C01858C1F30442012303FA02F201F0DB
:108570001F01024203FA01F314BF0120002013EA95
:108580000C0F00F0010008BF002070474249434B28
:10859000D1F8882042F4700282B0C1F888201968AE
:1085A00041F0010119605968002041F080015960D3
:1085B0000190019B44F61F62934205D8019B013351
:1085C0000193019B9342F9D934494B6823F003038B
:1085D0004B600B6823F084734FF41F0223F4803345
:1085E0000B608A600A68002022F480220A604860DA
:1085F000C8620A6842F001024FF4A0630A6001E019
:10860000013B02D00A689007FAD5244B1A689207FA
:1086100041D5DA69224942F08052DA610A6842F4AF
:1086200040420A605A685A605A685A605A6842F46E
:1086300080625A605A6822F0904222F470125A60A6
:108640005A6842F0036242F480225A601A6842F08B
:1086500080721A601A689001FCD5114A136843F4BD
:10866000803313605368D903FCD513680C4943F475
:10867000003313604B689A03FCD5084A536823F013
:1086800003035360536843F00203536053681B07AE
:10869000FCD502B07047FEE700ED00E0001002409C
:1086A00000700040DFF834D00D480E490E4A002318
:1086B00002E0D458C4500433C4188C42F9D30B4A96
:1086C0000B4C002301E013600432A242FBD3FFF7FE
:1086D0005DFF01F081FCF8F70BFB70470000012003
:1086E00000000020CC01002078E80008CC01002028
:1086F00070470020FEE7002101F016BB0A2200218E
:1087000001F098BB2DE9FF4757EC106B002F0C468A
:108710009146DDF830A019464FF0000203DA07F168
:1087200000431F462D220D9D0A7025F02005462D81
:1087300004D0452D00D10134022100E0032103AB18
:10874000019302AB009347EC106B5346224601F0B5
:108750000FFD472D80461AD119F0010F0ED000EB06
:1087600004090022002330463946F8F75DF908B1C4
:10877000CDF80C903022039B4B451ED3039B0E9AE1
:10878000A3EB08034046136004B0BDE8F087462D14
:1087900000EB0409E5D10378302B0AD10022002335
:1087A00030463946F8F740F918B9C4F10104CAF85F
:1087B0000040DAF800309944D3E7591C03911A704D
:1087C000D9E7F7B50029BABF49422D232B23092940
:1087D000027043702ADD0DF10704871CA6460A26A5
:1087E000A446B1FBF6F506FB15123032632904F1FD
:1087F000FF340CF8012C2946F2DC3031ACF10202D6
:1088000004F8011C411C144672450AD30DF10903FA
:10881000A3EB0C03A64538BF00233B44181A03B052
:10882000F0BD12F8013B01F8013FEDE73023303194
:108830008370C170031DF1E72DE9F04F8FB00C4636
:10884000DDF8608016461F46054601F0EDFB036823
:1088500007931846F7F7BCFC00230C93D8F80030B8
:1088600094F818A0D4F800B00890073323F0070359
:10887000B3EC027B8DED047BC8F80030DDE90483A6
:1088800023F0004984ED127B9A4B4FF0FF324046B3
:108890004946F8F7FBF870BB964B4FF0FF32404665
:1088A0004946F8F7D5F830BBDDE904010022002382
:1088B000F8F7C4F810B12D2384F843308E4A8F4B5B
:1088C000BAF1470F8CBF90469846032323612BF0E3
:1088D000040323604FF00009009733460DAA214698
:1088E000284600F0CDF9013040F08C804FF0FF3089
:1088F0000FB0BDE8F08FDDE9042310461946F8F704
:10890000C5F840B1059B7E4A002BBCBF2D2384F8DF
:1089100043307C4BD4E763685A1C0AF0DF093BD133
:10892000062363604BF480620023226003930CAB48
:10893000CDE901A30BAB009361689DED040B0DF134
:108940002B032846FFF7DEFEB9F1470F0B9980464F
:1089500029D1C81C02DB63688B4241DAAAF1020A02
:108960005FFA8AFA0139524604F150000B91FFF781
:1089700028FF0C9A1318012A8146236102DC226821
:10898000D20701D5013323619DF82B30002BA3D0F2
:108990002D2384F843309FE7B9F1470FC2D1002B54
:1089A000C0D10123BDE7BAF1650FDBD9BAF1660F7B
:1089B00018D1002963680BDD216113B92268D00743
:1089C00002D501330B442361A1654FF00009DBE7B9
:1089D00013B92268D20701D50233F4E70123F2E785
:1089E0004FF0670A0C9B8B4205DC23682161D80796
:1089F000EAD54B1CE7E70029D4BFC1F102020122EE
:108A00001344E0E723685A0507D4236942463146F8
:108A10002846B847013028D168E7BAF1650F40F21F
:108A2000DB80D4E9120100220023F7F7FDFF90B3A9
:108A3000354A012331462846B84701303FF456AF46
:108A4000DDE90B38434502DB2368D8070DD5DDE9A6
:108A5000072331462846B84701303FF447AF4FF06F
:108A6000000908F1FF38C84509DC23689B0700F1BD
:108A70000481E0680D9B9842B8BF184638E701238F
:108A800004F11A0231462846B84701303FF42EAFB0
:108A900009F10109E7E70B9B834237DC1A4A0123FE
:108AA00031462846B84701303FF420AFDDE90B39A5
:108AB00059EA030302D12368D907D6D5DDE9072394
:108AC00031462846B84701303FF410AF4FF0000A56
:108AD0000B9B5B42534501DC4B4697E7012304F1B6
:108AE0001A0231462846B84701303FF4FFAE0AF17A
:108AF000010AEDE7FFFFEF7FF4E30008F0E3000871
:108B0000FCE30008F8E3000800E40008A36DDDF8CA
:108B100030B05B45A8BF5B46002B049337DC4FF0B9
:108B2000000904F11A02049BD4F858A0002BACBF32
:108B3000AAEB030353464B4531DC0B9B9B453ADCC8
:108B40002368DA0737D40B9BABEB0309ABEB0A03C3
:108B50009945A8BF9946B9F1000F34DC4FF00008E1
:108B60000B9BB9F1000FABEB0303A8BFA3EB090309
:108B700043457FF77AAF012304F11A0231462846B4
:108B8000B84701303FF4B2AE08F10108E8E7049BB2
:108B9000424631462846B8470130C0D1A6E60123F7
:108BA000314628460992B84701303FF49FAE099AF2
:108BB00009F10109B7E7DDE9072331462846B8473F
:108BC0000130C0D192E64B4608EB0A0231462846F6
:108BD000B8470130C2D189E6DDF830A0BAF1010F03
:108BE00001DCDB0735D50123424631462846B8472C
:108BF00001303FF47BAEDDE9072331462846B84714
:108C000001303FF473AED4E91201002200230AF1CF
:108C1000FF3AF7F709FFC8B9534608F10102314698
:108C20002846B84701300DD160E6012304F11A024D
:108C300031462846B84701303FF458AE08F10108E4
:108C4000D045F2DB4B4604F15002E0E64FF000085D
:108C5000F6E701234246E2E7012304F11902314617
:108C60002846B84701303FF441AE08F10108E368F7
:108C70000D995B1A4345EFDCFBE64FF00008F6E781
:108C80002DE9F047914698468A680B69089E934201
:108C9000B8BF1346C9F8003091F8432007460C4688
:108CA00012B10133C9F800302368990642BFD9F8E0
:108CB00000300233C9F80030256815F0060507D1E9
:108CC00004F1190AE368D9F800209B1AAB4229DCA9
:108CD00094F843302268003B18BF012392062ED43B
:108CE00004F1430241463846B047013021D02368A1
:108CF000A168226903F00603042B01BFE568D9F8D7
:108D00000030ED1A25EAE57518BF00258B1A2B44B3
:108D10009142C8BF1D464FF000091A344D451AD183
:108D2000002008E00123524641463846B047013052
:108D300003D14FF0FF30BDE8F0870135C2E7E118FD
:108D40005A1C302081F84300224494F8451082F8E0
:108D500043100233C4E70123224641463846B04758
:108D60000130E6D009F10109D8E700002DE9F04310
:108D700098460B7E85B0782B174606460C9A0C4613
:108D800009D8622B01F1430108D8002B00F0DC80E8
:108D9000582B00F0BD8004F1420539E0A3F16300D7
:108DA0001528F8D801A555F820F000BF058E000859
:108DB000198E0008978D0008978D0008978D000880
:108DC000978D0008198E0008978D0008978D000870
:108DD000978D0008978D0008298F0008458E0008A0
:108DE000D78E0008978D0008978D0008518F0008D6
:108DF000978D0008458E0008978D0008978D000814
:108E0000DF8E00081368191D1B68116004F142050C
:108E100084F842300123A8E013682568181D10600B
:108E2000280601D51B6803E06A06FBD5B3F90030BC
:108E3000002B03DA2D225B4284F84320DFF878C14F
:108E40000A2213E02568106815F0800F50F8043BE3
:108E500002D16D0648BF9BB21060227EDFF858C178
:108E60006F2A5DD10822002084F843006568A56060
:108E7000002D05DB20681D4320F00400206051D048
:108E80000D46B3FBF2F002FB103E9A421CF80EE0D6
:108E900005F801ED0346F4D9082A0BD12368DA0757
:108EA00008D5236962689A42DEBF302305F8013C89
:108EB00005F1FF35491B2161CDF800803B4603AA2F
:108EC00021463046FFF7DCFE013053D14FF0FF3032
:108ED00005B0BDE8F083236843F020032360DFF88A
:108EE000DCC0782384F845302068156810F0800FC6
:108EF00055F8043B03D110F0400F18BF9BB215602A
:108F0000C50744BF40F02000206023B11022AAE72B
:108F1000DFF8A4C0E6E7226822F020022260F5E72D
:108F20000A22A0E70D46B7E71368D4F800C06069CD
:108F30001D1D15601CF0800F1B6801D0186003E038
:108F40001CF0400FFAD01880002323610D46B3E7D0
:108F50001368191D11601D68626800212846F7F723
:108F6000E7F808B1401B606063682361002384F860
:108F70004330A1E723692A4639463046C0470130CD
:108F8000A4D023689B0714D4E068039B9842B8BF21
:108F900018469DE7012304F1190239463046C047BF
:108FA000013093D00135E36803995B1AAB42F1DCE1
:108FB000EAE70025F7E700BF02E4000813E4000831
:108FC000002310B50446C0E90033C0E904338360D0
:108FD00081814366C2818361194608225C3000F0BA
:108FE000DAFF0D4B63620D4BA3620D4BE3620D4B39
:108FF00023630D4B24629C4206D003F16802944225
:1090000002D0D0339C4205D104F15800BDE8104095
:1090100001F006B810BD00BF17C1000839C1000833
:1090200071C1000897C1000824460020024A034984
:10903000034800F009BF00BF04000020A1C20008DF
:109040008001002041680C4B994210B5044601D0C4
:1090500003F026F9A168094B994202D0204603F09B
:109060001FF9E168064B994204D02046BDE8104044
:1090700003F016B910BD00BF244600208C46002026
:10908000F446002010B50A4B0A4A1A600A4800222A
:109090000421FFF795FF094801220921FFF790FFFE
:1090A000BDE81040064802221221FFF789BF00BF29
:1090B0005C4700202D900008244600208C460020AC
:1090C000F4460020014800F0ACBF00BF614700201B
:1090D000014800F0A7BF00BF6147002010B504465B
:1090E000FFF7F0FF236A1BB1BDE81040FFF7F0BFA8
:1090F000044B2362044B1B68002BF5D1FFF7C2FF22
:10910000F2E700BF459000085C47002070B50446B8
:109110000D4645EC104B164602F0C0FE51EC100B0C
:109120007EB1C5F30A53C3F16B03002B09DD1B05A8
:1091300003F17F55002405F5401522462B46F7F72D
:109140000BFA41EC100B70BD2DE9F04F9FB00E46AD
:109150001792002204901A924FF000084FF0000975
:1091600019910A782B2A0D4601F101011CD00AD869
:109170000D2A05D8082AF3D872B100230B9382E098
:10918000202AEDD0F9E72D2A10D10122691C19916E
:109190000B926A78002A37D1179B1996002B40F062
:1091A000A88542464B462AE00022EFE700210B91BA
:1091B000302A40F09D806A7802F0DF02582A5AD1A6
:1091C00002930B9B01931AAB0093874A04981BAB45
:1091D00019A901F009FE10F00F04064605D0062C6F
:1091E00014D10135002319950B93179B002B40F0E8
:1091F00082850B9B002BD4D0424609F1004343ECFF
:10920000102B1FB0BDE8F08F0D46D1E71A9A3AB186
:1092100035211CA802F03BFF1A99049802F0F2FADB
:10922000013C042C06D8DFE804F014031E211400CE
:10923000DDE91C89F10548BF49F0004929F00043E8
:109240001B0D1B05002BD0D100F0C0FE22230360B4
:10925000CBE7DDE91C831B9A23F4801302F233422F
:1092600043EA0259E6E7DFF88891E3E76FF0004947
:109270004FF0FF38DEE7013519952B78302BFAD007
:10928000002BB2D001234FF0000A07932846CDF8F7
:1092900038A0D3460A230478A4F13002092A29D938
:1092A0005249012200F07FFE002836D000202246DD
:1092B00006905C460146652A01D0452A16D124B99C
:1092C000079B03433FF468AF0024199E731C199356
:1092D00072782B2A7FD02D2A00F083804FF0000C6B
:1092E000A2F13003092B40F2898019960023ACE0EB
:1092F0000023C8E7BBF1080FDCBF0E9A03FB024254
:1093000000F10100D5BF303A03FB0A420E92A2F1F0
:10931000300A0BF1010B1990BDE7199B5A1C1992E9
:109320005A78BBF1000F3BD006905C46A2F13003A7
:10933000092B11D90121BEE7199B5A1C19925A78A1
:109340000130302AF8D0A2F13103082B00F2D88482
:109350000690199D00200446303A00F1010319D00F
:109360000699059419440691A4464FF00A0E0CF193
:109370000107391B8B4215DC059920EAE070014496
:109380000134082904441CDC0E990A2303FB012341
:109390000E930023199A511C199152781846C5E76B
:1093A0005846CEE7BCF1080F05DC0E990EFB01F123
:1093B0000E91BC46DBE70AFB0EFC102FD8BFE2463D
:1093C000F7E70F29DCBF0A2303FB0A2AE1E70023A2
:1093D0000693012174E74FF0000CB31C1993B27887
:1093E0007EE74FF0010CF8E7F0E5000824E4000800
:1093F0000000F07F199B5A1C19925A78302AF9D034
:10940000A2F13103082B3FF671AFDDF864E0CDF82F
:1094100014E0A2F130030A93059B013319931A78E3
:109420000593A2F13007092F3BD9A3EB0E03082BBC
:1094300044F61F633DDC0A9F9F42A8BF1F46059765
:10944000BCF1000F02D0059B5B420593002C51D16B
:10945000079B03437FF4C9AE00297FF49DAE692AC0
:109460002BD028DC492A28D04E2A7FF495AE9F497C
:1094700019A801F0D7FE00283FF48EAE199B1B7887
:10948000282B31D19A491CAA19A801F0E0FE052821
:109490002AD11D9BDDF8708043F0FF4949F4E009B3
:1094A000A3E60A9B0A2707FB0327A7F130020A92CB
:1094B000B2E70593C4E76E2AD7E78E4919A801F0F1
:1094C000B1FE00283FF468AE199B8B49013B19A8F7
:1094D000199301F0A7FE10B9199B01331993DFF816
:1094E00028924FF0000880E6844800F0B1FD59EC66
:1094F000108B7AE6DDE905320E989B1ABBF1000F5E
:1095000008BFA346102C0A932646A8BF1026F6F7DC
:10951000A9FF092C8046894613DC0A9B002B3FF4E7
:1095200064AE0A9B6FDD162B56DC754901EBC30157
:10953000D1E9000142464B46F7F70EF880468946CE
:1095400053E66F4B03EBC60353E91223F7F704F816
:10955000804650468946F6F785FF02460B46404650
:109560004946F6F743FE0F2C80468946D5DD0A9B17
:10957000A4EB060A9A44BAF1000F40F392802AF055
:109580000F061AF00F0A4DD1B6F59A7F5ADC4946FC
:10959000DFF87091361140460027012E76D1A1F1F7
:1095A0005479584901EBC70102464B46D1E9000105
:1095B000F6F7D2FF544B0A460B4054498B42804683
:1095C00040D8A1F580118B4286BFDFF844914FF05F
:1095D000FF3802F1547932E00A9AC4F1250393422C
:1095E000C5DB474DC4F10F0405EBC40142464B46B1
:1095F000D1E90001F6F7B0FF0A9B1C1B05EBC4057F
:10960000D5E9002398E71633B1DBDDE905239A1A83
:109610003B4B03EBC203D3E9002340464946F7F72F
:10962000C5F88BE7364901EBCA0142464B46D1E902
:109630000001F6F791FF80468946002EA4D1002351
:1096400007939BE0002405940E940694049ADFF897
:10965000B890222313604FF000080E9B002B3FF4BC
:10966000C4AD1A99049802F0CDF80699049802F056
:10967000C9F8DDE9040102F0C5F80E99049802F07A
:10968000C1F80498214602F0BDF8AEE5F20703D513
:10969000D9E90023F6F760FF0137761009F10809D0
:1096A0007BE7CCD0CAF1000A4FEA2A161AF00F0A5B
:1096B0000DD11F2E2EDD002405940E940694049ADD
:1096C00022234FF000084FF000091360C5E70C4B50
:1096D00003EBCA0340464946D3E90023F7F766F88F
:1096E00080468946002EAAD0E3E700BFFDE30008CC
:1096F000DCE50008F5E3000831E40008DBE50008DC
:1097000068E7000840E700080000F07F0000A07C48
:10971000FFFFEF7F16F0100318BF6A23754F079302
:1097200040464946F30703D5D7E90023F6F714FF6F
:10973000761007F10807F5D1079B80468946ABB143
:10974000C1F30A52C2F16B03002B0F460EDD1F2B33
:1097500055DD342BDEBF4FF0FF33C2F14B02934097
:10976000B046CCBF4FF05C7903EA01090022002328
:1097700040464946F7F758F900289CD10E9B0093C4
:10978000049823465A46294602F0A4F80E90002871
:109790003FF458AFDDE905239B1A0A9A002AA8BFB7
:1097A00000231493002422EAE273169305940E9B7F
:1097B0000498596801F0E8FF069000283FF446AF8E
:1097C0000E9B1A69023203F10C0192000C3000F07A
:1097D0002FFC49EC108B04981CAA1BA9CDE90C891D
:1097E00002F0CCFB1A9000283FF430AF049801211E
:1097F00002F006F90590034640B9059326E74FF0BD
:10980000FF3202FA03F303EA0008AFE71B9D079A51
:10981000002DABBF149B169B169E149FACBFEF1878
:109820005E1B1C9BAD1A1D44334A013D9542C3F19A
:10983000360354DA3149521B8D42A3EB02034FF039
:10984000010140DB01FA02FA002507EB030B1E447D
:10985000079B5F451E443B46A8BF5B46B342A8BF7B
:109860003346002BC2BFABEB030BF61AFF1A149B57
:10987000002B18DD1A46DDE9040102F08DF9059090
:1098800003460028B9D001461A9A049802F0CEF88F
:10989000034600283FF4DAAE1A9904980F9301F0BA
:1098A000B1FF0F9B1A93BBF1000F1ADC0A9B002B30
:1098B00026DD169A0699049802F06EF90690034682
:1098C000F0B90693C2E6C5F17F4505F57F0505F5BC
:1098D0007B45E23501FA05F54FF0010AB5E70025B1
:1098E000FAE71A9904985A4602F0B2F91A90002839
:1098F000DCD1ABE608E6000802FCFFFFE3FBFFFF5C
:10990000002E08DD06990498324602F0A1F906906F
:1099100003460028D5D0002F08DDDDE904013A46D2
:1099200002F096F9059000283FF490AE069A1A9935
:10993000049802F01BFA044600283FF487AEC3687F
:109940000F9300230599C36002F0F4F900283CDA74
:109950000F9B53EA08035FD1C9F313034E46002B54
:109960005AD129F000431B0D1B05B3F1D66F53D913
:10997000636913B92369012B4EDD21460122049846
:1099800002F066F90599044602F0D4F9002843DD97
:10999000AD4B079A3340002A5DD0B3F1D66F5AD849
:1099A000B3F15C7F7FF68BAEA84B40464946002260
:1099B000F6F7D2FDA44B0B4080468946002B7FF47E
:1099C00050AE049A222313604BE64E4660D10F9AA4
:1099D000C9F313034AB39E4A934229D1079B4146D8
:1099E000F3B1994B09EA0303B3F1D46F4FF0FF329F
:1099F00019D81B0DC3F16B0302FA03F3994217D177
:109A0000944B9E4202D101313FF420AE8E4B334045
:109A100003F580194FF00008079B002BC4D120E606
:109A20004FF0FF33EAE71346E8E753EA0803AFD005
:109A3000D5B13542F0D00F9B079A40464946B3B1A5
:109A4000FFF764FBDDE90C0153EC102BF6F7CEFBBE
:109A500080468946E0E7A3F580136FEA13596FEA61
:109A600009594FF0FF38D7E71AEA080FE2E7FFF786
:109A70004DFBDDE90C0153EC102BF6F7B5FB002292
:109A8000002380468946F6F7CFFF0028C4D016E6AB
:109A90000599204602F0CAFA5BEC10AB00224FF0A9
:109AA000804350465946F6F7D3FF002872D00F9BEB
:109AB000002B7DD1B8F1000F58D1C9F31303002B4F
:109AC0005AD1654B002250465946F6F7B7FF002899
:109AD0005BD150465946614B0022F6F73DFD824668
:109AE0008B460BF10043CDF820A00993DDE9082354
:109AF000554DCDE9102306EA05031593584B06EAA8
:109B000005029A4240F0B080A6F1547949EC108BDE
:109B100002F0C4F9DDE9082351EC100BF6F71CFD47
:109B200042464B46F6F762FB4E4A0D409542804650
:109B300045D90D9A474B9A4203D10C9B01333FF410
:109B400085ADDFF810914FF0FF381A99049801F0B5
:109B500059FE0699049801F055FEDDE9040101F073
:109B600051FE0498214601F04DFE20E6B8F1010FA8
:109B700002D1002E3FF4A3AD9FED2B7BDFF8D8B0D0
:109B80008DED087B4FF0000AB0E7DFF8D0B04FF062
:109B9000000AA6E7314B504659460022F6F7DCFC96
:109BA0000F9B82468B46002B9BD0CDE908AB9DE7EF
:109BB0009FED1F7B8DED087B5BEC17AB96E701F10A
:109BC0005479079B002BC0D1159A29F000431B0D37
:109BD000B2EB035FB9D15046594603F005FAF6F7E8
:109BE0008DFC02460B4650465946F6F7FDFA0F9A91
:109BF000C9F3130343EA0803134306460F4672D022
:109C00000DA3D3E90023F6F719FF00287FF429AD4F
:109C10000BA3D3E9002330463946F6F72DFF002881
:109C200093D01EE5AFF30080000000000000F0BFFD
:109C3000000000000000F03F9535A094FFFFDF3FDB
:109C400035E5AF350000E03F0000F07F00005039FF
:109C5000FFFF0F00FFFFEF7F0000F03F0000E03F3D
:109C60000000E07FFFFF9F7C079B33B3159BB3F1A0
:109C7000D46F22D828A3D3E9002350465946F6F7DB
:109C8000E7FEA0B159465046F6F73EFF012838BF1F
:109C90000120F6F7E7FB0F9B82468B4603BB01F1E1
:109CA000004312901393DDE91223CDE91023119B99
:109CB000159A03F1D6639B1A11939DED0C0BDDE908
:109CC000106702F0EBF8304653EC102B3946F6F7EC
:109CD00043FCDDE90C23F6F789FA8046894670E7F4
:109CE000CDE912ABDFE70EA3D3E90023F6F7A6FE1A
:109CF00095E700230B93179A199B1360FFF779BA26
:109D0000652A3FF464AB452A3FF461AB0121FFF7BC
:109D10009FBB00BFAFF300800000C0FFFFFFDF412B
:109D20009535A094FFFFCF3F0A4601460248034BFA
:109D30000068FFF709BA00BF7C0100201000002076
:109D4000242B2DE9F047884601D8012B06D100F0DD
:109D50003DF9162303600020BDE8F087344E0D4620
:109D6000294615F8014B375D17F00807F8D12D2C5F
:109D700010D12C7801278D1C33F0100115D1302C17
:109D80000DD1297801F0DF01582908D16C7802350E
:109D900010230AE02B2C04BF2C788D1CECE7002B41
:109DA000F6D1302C14BF0A23082307F1004E0EF120
:109DB000FF3E0021BEFBF3F90E4603FB19EAA4F1B6
:109DC000300CBCF1090F10D86446A3421EDDB1F17E
:109DD000FF3F07D0B14516D301D1A24513DB06FBE7
:109DE0000346012115F8014BE9E7A4F1410CBCF150
:109DF000190F01D8373CE8E7A4F1610CBCF1190F49
:109E000004D8573CE1E74FF0FF31EBE74B1C05D19D
:109E100022230360764632B930469DE707B1764289
:109E2000002AF9D009B105F1FF38C2F80080F3E744
:109E300031E6000813460A46014602480068FFF76B
:109E40007FBF00BF7C0100202DE9F8438046894692
:109E500014460026D4E90175013F05D52468002C7D
:109E6000F8D13046BDE8F883AB89012B07D9B5F9A5
:109E70000E30013303D029464046C84706436835B3
:109E8000EAE700000FB407B5064904AB086853F8C9
:109E9000042B8168019301F057FB03B05DF804EBDC
:109EA00004B070477C010020036A70B584680546E1
:109EB0000E460BB9FFF712F9636EDB0705D4A389D1
:109EC000980502D4A06D00F0ACF8A389190702D55B
:109ED0002369002B35D12146284602F047FA80B38A
:109EE0004FF0FF35636EDA0705D4A3899B0502D4D2
:109EF000A06D00F097F8284670BD002B04DAA26927
:109F0000934217DB0A2915D023685A1C2260197066
:109F1000A36816F8011F013BA3600029EDD18B4215
:109F200011DA22460A21284602F0E2F90130D7D0A0
:109F30000A25D7E72246284602F0DAF90130E7D1B0
:109F4000CEE7013EE4E723685A1C22600A221A7019
:109F5000EEE70000024B01461868FFF7A5BF00BFFF
:109F60007C010020884210B501EB020402D9844232
:109F7000234607D8431EA14207D011F8012B03F84E
:109F8000012FF8E70244824200D110BD13F8011DF1
:109F900002F8011DF7E702440346934200D17047DF
:109FA00003F8011BF9E710B56AB10139841802788A
:109FB00011F8013F9A4204D10130A04201D0002A99
:109FC000F5D1D01A10BD1046FCE70000014B18680F
:109FD000704700BF7C01002070B50D4B0D4C002672
:109FE0001D1BB6EBA50F09D103F034F80A4C0B4B3F
:109FF00000261D1BB6EBA50F05D170BD54F8043B20
:10A0000098470136EDE754F8043B98470136F1E7ED
:10A0100070E8000870E8000870E8000874E80008BC
:10A0200070477047704700000048704700010020EB
:10A030000A44914200F1FF3300D1704710B511F886
:10A04000014B03F8014F9142F9D110BD000000000F
:10A050009FED010B704700BF000000000000F87F7B
:10A060002DE9F74F03690C69A34280467EDB013C72
:10A0700001F11407A30000F11405009305EB84031C
:10A08000019357F8243055F8242001339A4207EB06
:10A090008409B2FBF3F62ED34FF0000ABC46AE465D
:10A0A000D3465CF8043B98B206FB00A0020C1B0CE4
:10A0B00006FB0323DEF8002080B292B2121A5A4443
:10A0C000DEF800004FEA134A9BB2C3EB224303EBD6
:10A0D000104392B242EA0342E1454EF8042B4FEAA4
:10A0E000234BDED2009BEB582BB9019B1A1F9542E4
:10A0F00030D3C8F81040404601F01CFE002825DB94
:10A1000001362946002057F8042BD1F800C01FFA69
:10A1100082FE1FFA8CF3A3EB0E030344120CC2EB76
:10A12000234202EB1C429BB243EA0243B94541F889
:10A13000043B4FEA2240E6D255F8242005EB840385
:10A1400022B9043B9D420BD3C8F81040304603B0FF
:10A15000BDE8F08F1368002BCBD1043A013CC6E771
:10A160001A68002AF0D1043B013CEBE70020EEE73F
:10A170002DE9F04F99B08DED0E0B0C92C269229C27
:10A180000A9157EC106B8146139382B9102001F0AD
:10A19000FBF80246C9F81C0020B9A94BEF21A948D9
:10A1A00002F01AFA0023C0E901330360C3601168AA
:10A1B00059B152684A60012393408B60484601F0D0
:10A1C00021FBD9F81C3000221A60B7F10008B5BF96
:10A1D00001230023236023609B4BBCBF28F0004871
:10A1E000CDF83C8033EA08031AD1139AC8F3130858
:10A1F00042F20F7358EA0608136000F06185239B52
:10A2000053B9924B21E0924B00930833239A136089
:10A21000009819B0BDE8F08F8C4B00930333F5E73D
:10A220009DED0E7B002251EC170B00238DED067B7C
:10A23000F6F7FAFB824650B1139A01231360239B71
:10A2400013B1239A834B1360834B0093E0E79DED9A
:10A25000060B16AA17A9484601F090FE5FEA1854AB
:10A26000169D019079D0079BCDF850A0C3F313033E
:10A27000DDE9060143F07F5343F44013A4F2FF34B9
:10A2800019460022754BF5F7AFFF67A3D3E900230A
:10A29000F6F762F966A3D3E90023F5F7A7FF0646B0
:10A2A00020460F46F6F7EEF863A3D3E90023F6F74E
:10A2B00053F902460B4630463946F5F797FF0646F6
:10A2C0000F46F6F7F9FB0022804600233046394658
:10A2D000F6F7B4FB48B14046F6F7D4F832463B46B1
:10A2E000F6F7A2FB08B908F1FF38B8F1160F51D8FC
:10A2F0005B4B03EBC803D3E90023DDE90601F6F766
:10A300009DFB002848D008F1FF38002312932D1B35
:10A310006B1E089343BF0023C5F101070893002774
:10A32000B8F1000F3ADB089BCDF834804344089322
:10A33000002309930A9B092B62D8052BC4BF043B59
:10A340000A930A9BA3F10203CCBF00240124032B30
:10A3500062D8DFE803F05153362B179C2C4404F2EB
:10A360003243202BC1BFC3F1400308FA03F804F2C3
:10A37000124326FA03F3D6BFC3F1200348EA0300D1
:10A3800006FA03F0F6F76EF80122A1F1F873013C2A
:10A39000149275E70123B9E71290B8E7C8F10003FA
:10A3A00009930023A7EB08070D93C3E701230B9341
:10A3B0000C9B434405930133012B0493B8BF012345
:10A3C00006E001230B930C9B002B28DDCDE9043321
:10A3D000D9F81C000021042202F114059D4243D942
:10A3E0004160484601F0D0F9009000283FD11D4B54
:10A3F000024640F2AF11D2E60023E3E70023D6E79E
:10A4000001240023CDE90A344FF0FF330022CDE9C7
:10A4100004330C921223DBE701230B93F4E70123AF
:10A42000CDE904330C93D3E761436F63A787D23F31
:10A43000B3C8608B288AC63FFB799F501344D33F33
:10A440003BE4000852E400080000F07F37E4000815
:10A450002EE4000801E4000800E400080000F83FD2
:10A4600068E70008B3E4000801315200B4E7D9F806
:10A470001C30009A1A60049B0E2B75D8002C73D0E8
:10A48000B8F1000F40F3C4809F4B08F00F0203EBBC
:10A49000C20318F4807FD3E900AB4FEA281500F01F
:10A4A000A3809A4BDDE90601D3E90823F6F77EF98C
:10A4B000CDE9020105F00F050324944E002D40F074
:10A4C000998052465B46DDE90201F6F76FF9824654
:10A4D0008B46129B002B00F0C3808D4B0022504610
:10A4E0005946F6F7ABFA002800F0BA80049B002B1F
:10A4F00000F0B680059B002B36DD08F1FF33029398
:10A5000050465946834B0022F6F726F8059E8246B0
:10A510008B4601342046F5F7B5FF52465B46F6F709
:10A520001BF87D4B0022F5F761FE0446A1F1507542
:10A53000CDE91045002E40F09780784B0022504620
:10A540005946F5F751FE22462B4682468B46F6F7D2
:10A5500093FA002840F0BD82224605F100435046A0
:10A560005946F6F76BFA20BB179B002BC0F28D8182
:10A57000B8F10E0F00F38981634B03EBC803D3E9F5
:10A5800000AB0C9B002B80F21B81049B002B00F383
:10A5900017810ED1614B002250465946F5F7DCFF7A
:10A5A00002460B46DDE90601F6F752FA002800F0F4
:10A5B000938200252C460C9B009EDB43029327468A
:10A5C00000242946484601F01DF9002F00F0EE80D6
:10A5D0002CB1BC4203D02146484601F013F939465C
:10A5E000484601F00FF9E1E09DED067B02248DED78
:10A5F000027B62E7E90708D550465946D6E90023B1
:10A60000F5F7AAFF013482468B466D10083655E7F0
:10A6100022D0C8F100053C4B3C4E05F00F0203EB85
:10A62000C203D3E90023DDE90601F5F795FF2D11FB
:10A6300082468B460224002D3FF44BAFEA0708D533
:10A6400050465946D6E90023F5F786FF0134824685
:10A650008B466D100836EEE7DDE906AB022438E7DD
:10A66000049ECDF8088055E7274B03EBC60353E95A
:10A6700002010B9B002B55D002460B4600202849B7
:10A68000F6F794F8DDE91023F5F7AEFD009BCDE970
:10A6900010019D191E4659465046F6F70DFA00F175
:10A6A0003004F5F7EFFE02460B4650465946F5F7E3
:10A6B0009BFDDDE9102306F8014B82468B46F6F739
:10A6C000BDF9002872D152465B4611490020F5F7CA
:10A6D0008BFDDDE91023F6F7B1F9002840F0B680D4
:10A6E000AE423FF441AFDDE910010A4B0022F5F71D
:10A6F00033FF084BCDE91001002250465946F5F7CB
:10A700002BFF82468B46C6E768E7000840E7000853
:10A710000000F03F0000244000001C4000001440F6
:10A720000000E03FDDE91023F5F716FF009B009CD9
:10A73000CDE910013344159359465046F6F7BCF95C
:10A7400000F13005F5F79EFE0B460246594650468D
:10A75000F5F74AFD04F8015B159B9C4282468B4647
:10A7600027D1009B0022DDE910011E44AA4BF5F71A
:10A770003DFD02460B4650465946F6F77DF9002846
:10A7800064D1DDE91023A4490020F5F72DFD024630
:10A790000B4650465946F6F751F900283FF4E4AE0F
:10A7A000334616F8012D302AFAD01E46DDF808800F
:10A7B0003AE09A4B0022F5F7CFFE82468B46BBE784
:10A7C000009E52465B46DDE90601F5F7EFFFF6F71E
:10A7D00073F90746F5F756FE52465B46F5F7BCFEA1
:10A7E00002460B46DDE90601F5F7FEFC07F1300CE9
:10A7F000009C06F801CBA6EB040C049C64450246C1
:10A800000B4633D1F5F7F2FC52465B4604460D4643
:10A81000F6F732F9C0B952465B4620462946F6F7AC
:10A8200003F908B1FB070FD40199484600F0EAFF8D
:10A830000023139A337008F101031360239B002B4C
:10A840003FF4E6AC1E60E3E4CDF8088033461E46D4
:10A8500013F8012D392A06D1009A9A42F7D1029AAB
:10A8600001320292302201321A709FE76B4B0022B4
:10A87000F5F772FE02460B46CDE9062300220023BF
:10A88000F6F7D2F800289CD0CEE70B9A002A00F009
:10A89000DF800A9A012A00F3C380149A002A00F08C
:10A8A000B78003F23343099D3E46089A01211A44BA
:10A8B00048461F44089201F0A3F8044656B1089B8D
:10A8C000002B07DDB342089AA8BF3346FF1AF61AD9
:10A8D000D31A0893099B0BB30B9B002B00F0BF808E
:10A8E000002D00F0B98021462A46484601F054F96F
:10A8F000019A01460446484601F098F801998246BB
:10A90000484600F07FFF099B5B1B099300F0AA807B
:10A91000099A5146484601F03FF901900121484605
:10A9200001F06EF80D9B0546002B00F0D0811A4611
:10A930000146484601F030F90A9B012B054600F319
:10A9400099800E9B002B40F090800F9BC3F3130364
:10A95000002B40F08A800F9B23F000431B0D1B054A
:10A96000002B00F08580089B0133013708934FF0DE
:10A97000010A0D9B002B00F0B0812B6905EB8303CE
:10A98000186900F0F1FFC0F12000089B184410F096
:10A990001F0076D01B2870DCC0F11C000744064461
:10A9A00003440893002F05DD01993A46484601F01B
:10A9B0004FF90190089B002B05DD29461A464846B1
:10A9C00001F046F90546129B002B5FD001982946FD
:10A9D00001F0B0F9002859DA08F1FF330293019928
:10A9E00000230A22484600F02FFF0B9B0190002B0A
:10A9F00000F07581002321460A22484600F024FF1A
:10AA0000059B002B044671DC0A9B022B47DC6DE0A2
:10AA1000169BC3F1360346E70000E03F00002440E8
:10AA2000049B5D1E099BAB4208DB5D1B049B002B56
:10AA3000BFF63AAF049BFE1A002336E7099B0D9A36
:10AA40000995EB1A1A440D92049B3E4600252CE70B
:10AA5000099D0B9C3E4631E7DDF804A058E7099AB2
:10AA6000019957E7CDF804A058E74FF0000A80E7B6
:10AA70009A467EE74FF0000A7FE71C2892D0C0F18B
:10AA800020001C30089B0744064489E7049BCDF84E
:10AA90000880002B24DC05930A9B022B22DD059BFA
:10AAA000002B7FF488AD2946059B0522484600F01F
:10AAB000CBFE01460546019801F03CF900287FF7DE
:10AAC0007AAD009E312306F8013B029B01330293CD
:10AAD00075E535462C46F4E7049DCDF80880F9E786
:10AAE000049B05930B9B002B00F0FD80002E05DDE1
:10AAF00021463246484601F0ABF80446BAF1000F51
:10AB000058D06168484600F03FFE064628B9814BA0
:10AB1000024640F2EF21FFF742BB22690232920067
:10AB200004F10C010C30FFF783FA0122314648464C
:10AB300001F08EF80746009B009A03F10108059B7F
:10AB4000134406930E9B03F00103089329460198D2
:10AB5000FFF786FA2146049000F1300B019801F0CE
:10AB6000E9F83A4605902946484601F0FFF8C268E0
:10AB700008F1FF3A0646FAB90146019801F0DAF801
:10AB8000024631464846099200F03CFEDDE90923C1
:10AB900042EA0301089B194346460FD1BBF1390F26
:10ABA00028D0059B002B02DD049B03F1310B8AF8B2
:10ABB00000B006E52746BEE70122E2E7059B002B31
:10ABC00004DB0A990B4308990B4320D1002AEEDDE0
:10ABD00001990122484601F03BF82946019001F015
:10ABE000A9F8002803DCE2D11BF0010FDFD0BBF194
:10ABF000390FD9D139238AF8003033461E46013B3C
:10AC000016F8012C392A52D001321A70D9E4002AE0
:10AC100007DDBBF1390FEDD00BF101038AF80030ED
:10AC2000CFE4069B08F801BC43452AD001990023D4
:10AC30000A22484600F008FEBC4201904FF0000393
:10AC40004FF00A022146484606D100F0FDFD0446B9
:10AC5000074608F1010879E700F0F6FD3946044699
:10AC600000230A22484600F0EFFD0746F1E7059B66
:10AC70005E1E002B009BD8BF00265A1C2746164498
:10AC8000002401990122484600F0E2FF2946019084
:10AC900001F050F80028B0DC02D11BF0010FACD15C
:10ACA00033461E4613F8012D302AFAD089E4009A63
:10ACB0009A42A3D1029B013302933123137080E4A3
:10ACC000239B002B7FF49FAA134BFFF7BEBA0A9B6E
:10ACD000012B7FF736AEDDF834A0012055E6059B49
:10ACE000002B7FF7D9AE009E01982946FFF7B8F9EF
:10ACF00000F1300B009B06F801BBF21A059B934252
:10AD0000B5DD019900230A22484600F09DFD01901F
:10AD1000EAE700BFB3E400082EE400080369B3EBE0
:10AD2000611F2DE9F0434FEA611200F1140443DD85
:10AD300011F01F0104EB830C04EB82050CD100F130
:10AD400010062946614532D39B1A9B00033DAC4552
:10AD500038BF0023234414E054F82260C1F12008D6
:10AD6000CE4005F1040EA146F44515D89A1A92007A
:10AD7000043A0135AC4538BF0022A318A65006B1ED
:10AD800004331A1BA3424FEAA20208BF0023026148
:10AD900008BF4361BDE8F083DEF8007007FA08F7EA
:10ADA000374349F8047B5EF8046BCE40DCE751F88A
:10ADB000047B46F8047FC5E72346E2E7A0F13003B1
:10ADC000092B02D82038C0B27047A0F16103052BCF
:10ADD00001D84738F7E7A0F14103052B01D8273800
:10ADE000F1E70020704700002DE9F04F85B00F46D5
:10ADF00002930B68019091469C1C20783028A04655
:10AE000004F10104F9D0A8EB0303A3F1020BFFF74F
:10AE1000D5FF8246002838D19F4901224046FFF7DE
:10AE2000C2F80546002863D198F801002646FFF7CE
:10AE3000C5FF00285ED020783028A04604F1010428
:10AE4000F9D0FFF7BBFFB0FA80F4640935464FF044
:10AE5000010BC24656460AF1010A3078FFF7AEFFF1
:10AE60000028F7D18C4901223046FFF79CF878B9C9
:10AE700045B9554656460AF1010A3078FFF79EFF5C
:10AE80000028F7D1AD1BAD0004E000242546E0E723
:10AE9000002DF7D1337803F0DF03502B37D17378CF
:10AEA0002B2B29D02D2B2BD0711C4FF0000A0878AA
:10AEB000FFF784FF431EDBB2182B28D8A0F1100245
:10AEC00011F8010FFFF77AFF431EDBB2182B1AD9D6
:10AED000BAF1000F00D0524215443960CCB1BBF139
:10AEE000000F0CBF06270027384605B0BDE8F08FDD
:10AEF000464655460124CDE74FF0000AB11CD6E77F
:10AF00004FF0010AFAE70A2303FB0200D6E73146B5
:10AF1000E3E7A6EB0803013B2146072B0ADC019877
:10AF200000F032FC044640B95C4B0246E4215C4828
:10AF300001F052FB01315B10EFE700F1140A00232E
:10AF400057469B46B04537D347F804BBA7EB0A07E3
:10AF5000BB102361584600F007FDD9F80060C0EB34
:10AF6000C707B74254DDBF1B3946204601F0B2F88F
:10AF7000804678B17B1E591103F01F025AF8211048
:10AF80004FF0010808FA02F20A4203D0434536DCCA
:10AF90004FF0020839462046FFF7C0FE3D44D9F87D
:10AFA0000830AB4242DA0198214600F02BFC0E9AA1
:10AFB00000231360A32797E716F8012D2E2A12D03D
:10AFC000202B04D147F804BB4FF0000B5B463078D0
:10AFD0000393FFF7F3FE039B00F00F0098404BEA4A
:10AFE000000B0433AEE7B045EAD82B4903930122A6
:10AFF0003046FEF7D8FF039B0028E1D1A2E7B91E37
:10B00000204601F067F80028C2D04FF00308C1E7DE
:10B0100009DAF71B214601983A4600F019FEED1BAC
:10B02000044600F1140A4FF00008B8E7D9F80430DC
:10B03000AB426FDD5D1BAE4234DCD9F80C30022B25
:10B0400022D0032B24D0012B15D1AE4213D1012ED7
:10B050000BD1029AD9F80430136001232361CAF896
:10B0600000300E9B62271C603EE7711E204601F0F7
:10B0700031F80028EDD10198214600F0C3FB0E9A6B
:10B080000023136050272FE70F9B002BF3D1E0E73D
:10B090000F9B002BDDD1EEE724E40008B3E40008A9
:10B0A000C4E400086F1EB8F1000F30D127B1394653
:10B0B000204601F00FF880467A1101235AF8222029
:10B0C00007F01F07BB4013422946204618BF48F02F
:10B0D0000208761BFFF722FED9F804500227B8F1C8
:10B0E000000F42D0D9F80C30022B15D0032B17D00B
:10B0F000012B09D118F0020F06D0DAF8003048EA27
:10B10000030818F0010F0ED147F010072DE04FF0A3
:10B110000108D1E70127E2E70F9BC3F101030F9379
:10B120000F9B002BF0D0D4F810A004F1140303EB14
:10B130008A0100201A68B2F1FF3F1BD001321A6069
:10B14000022F04F114033CD1D9F80020013AB24295
:10B1500009D17111012253F8213006F01F0602FABD
:10B1600006F61E423AD147F020070E9B1C60029B58
:10B170001D60B9E643F8040B9942DBD8A3689A45F1
:10B1800017DB61680198013100F0FEFA804618B9BA
:10B190001A4B02468421CAE62269023204F10C01EC
:10B1A00092000C30FEF744FF2146019800F02AFB84
:10B1B000444623695A1C04EB8303226101225A612D
:10B1C000BEE7226952450BDD01212046FFF7A6FDAF
:10B1D000D9F808300135AB42FFF6E5AE0127C2E7EA
:10B1E00016F01F06FAD003EB8A03C6F1200653F8C7
:10B1F000040C00F0B9FBB042E6DBEFE7B3E4000873
:10B20000C2F10802920070B5C2F1200643680468DA
:10B2100003FA06F52C43D340046040F8043F88420B
:10B22000F4D370BD30B503680139013311F8014F13
:10B2300014B90360012030BD13F8012BA2F14105C0
:10B24000192D98BF2032A242F0D00020F3E72DE95B
:10B25000F04F0B6887B05E11029013F01F0302EBF2
:10B2600086060193029B18BF04360025371F196814
:10B2700046F8045C9046B9463C46AB46AA464A7836
:10B280004B1C039332B3104605910492FFF796FDD1
:10B29000002851D1049A0599202A16D8DA4512DDE2
:10B2A0004C4506D2072D04DC2A4649462046FFF7C6
:10B2B000A7FF444553D90023A4F1040944F8043CF2
:10B2C000D3464C461D460399D9E7292A59D1029BFA
:10B2D00002311960BAF1000F53D04C4506D2072D48
:10B2E00004DC2A4649462046FFF78AFF444538D900
:10B2F000A8F10402234653F8041B42F8041F9F429E
:10B30000F9D23B1B23F003030134033EB44288BF50
:10B31000002308F10402134400211A4604339F421B
:10B320001160FAD23B681BB9474528D101233B6025
:10B33000052007B0BDE8F08F0135082D0AF1010A9C
:10B3400006DD4445BFD9002344F8043C0125043CF4
:10B35000226800F00F0040EA02102060B3E70825E1
:10B36000B1E7019B002BDDD0C3F120034FF0FF328A
:10B37000DA4056F8043C134046F8043CD2E7043F58
:10B38000D0E70420D5E70000024B0146186800F022
:10B3900025B800BF7C01002070B50F4C0E46216817
:10B3A000054611B901F0D4F820603146284601F075
:10B3B000CFF8431C03D14FF0FF34204670BDC41CAE
:10B3C00024F00304A042F8D0211A284601F0C0F866
:10B3D0000130F2D1EFE700BF644700202DE9F843C8
:10B3E000CD1C25F0030508350C2D38BF0C25002D8C
:10B3F000064601DBA94204D90C2333600020BDE8D6
:10B40000F883334F00F0B4F93B681C463CBB294637
:10B410003046FFF7C1FF431C044656D13C68A046A6
:10B42000B8F1000F40D1002C49D023684146304686
:10B4300004EB030901F08CF8814540D121686D1AB5
:10B4400029463046FFF7A8FF013038D023682B4447
:10B4500023603B685A685ABBC7F800800EE0226838
:10B46000521B1ED40B2A16D96119A342256018BF9E
:10B470005960636808BF396062514B60304600F024
:10B480007DF904F10B00231D20F00700C21A1CBF38
:10B490001B1AA350B3E76268A3420CBF3A605A601C
:10B4A000ECE723466468B1E74446D8F80480B7E780
:10B4B0001A465B68A342FBD100235360DEE70C23EE
:10B4C0003360304600F05AF998E70560D6E700BFD0
:10B4D0006847002082B001B901A942B14BB113788D
:10B4E0000B601278101E18BF012002B07047104682
:10B4F000FBE76FF00100F8E79368013B002B10B405
:10B50000936007DA9469A34201DB0A2902D110BCD7
:10B5100000F0EEBE1368581C10601970084610BC8D
:10B520007047F8B506460F461446D518AC4201D10F
:10B53000002007E014F8011B3A463046FFF7DCFF15
:10B54000431CF3D1F8BD00002DE9F04706469CB03E
:10B550000D4614461F4618B1036A0BB9FDF7BEFD30
:10B560006B6ED90705D4AB899A0502D4A86DFEF796
:10B5700058FDAB891B0701D52B699BB9294630467D
:10B5800000F0F4FE70B16B6EDE0704D54FF0FF30B3
:10B590001CB0BDE8F087AB899C05F7D4A86DFEF719
:10B5A00041FDF3E70023099320238DF82930039709
:10B5B00030236A4F8DF82A304FF0010823461A785D
:10B5C00099461AB1252A03F10103F8D1B9EB040A0F
:10B5D0000BD05346224629463046FFF7A2FF0130E2
:10B5E00000F0A380099A5244099299F80030002B88
:10B5F00000F09B8000224FF0FF33CDE9053209F1C6
:10B600000109049207928DF853201A924C460522A4
:10B6100014F8011B5148F4F78BFD049AD0B9D006F9
:10B6200044BF20238DF85330110744BF2B238DF8DE
:10B63000533099F800302A2B13D007994B4600203D
:10B640004FF00A0C1A78303A092A1C464AD9A8B198
:10B65000079113E0C01B08FA00F010430490A146C4
:10B66000D4E7039B191D1B680391002BBBBF5B42F2
:10B6700042F0020207930793B8BF049223782E2B5F
:10B680000AD163782A2B32D1039B1A1D1B680392BF
:10B6900043EAE37302340593DFF8D0902178032264
:10B6A0004846F4F745FD38B1049BA0EB0900402261
:10B6B0008240134301340493217829488DF82810DF
:10B6C0000622F4F735FD00283ED0264818BB039B20
:10B6D000073323F0070308330393099B0344013422
:10B6E00009936BE701330CFB01210120AAE700233A
:10B6F0000593611C18464FF00A0C0A78303A092A63
:10B700000C4603D9002BC7D00590C5E701310CFBCF
:10B7100000200123F1E703AB00932A46124B04A952
:10B720003046FDF789F8431CD7D16B6ED90705D495
:10B73000AB899A0502D4A86DFEF774FCAB895B0651
:10B740003FF524AF099823E703AB00932A46064B45
:10B7500004A93046FDF70AFBE5E700BF2DE5000828
:10B7600037E500083988000823B5000833E50008EC
:10B770000148FEF756BC00BF604700200148FEF7B5
:10B7800051BC00BF6047002070B5C46905460E4635
:10B7900084B91020FFF7F8FD0446E86128B9024695
:10B7A000164B17486B2100F017FF0023C0E9013347
:10B7B0000360C360E36853B921220421284600F0E6
:10B7C00029FFEB69E060DB680BB9002070BD53F81E
:10B7D000260030B1026843F826200023C0E9033375
:10B7E000F4E7012101FA06F4621D9200284600F0F8
:10B7F00011FF0028E9D0C0E90164EEE73BE400084E
:10B800003EE5000870B5C46906460D4674B91020BF
:10B81000FFF7BAFD0246F06120B9094B09488F21B4
:10B8200000F0DAFEC0E901440460C4603DB1F36990
:10B830006A68DB6853F82210296043F8225070BD13
:10B840003BE400083EE500082DE9F0410D6907469C
:10B850000C461E4601F1140C0020DCF8003099B2B1
:10B8600002FB01611E0C0B0C02FB063389B2013096
:10B8700001EB034185424CF8041B4FEA1346ECDC14
:10B880000EB3A368AB4219DC616838460131FFF79B
:10B890007BFF804628B902460C4B0D48BA2100F0C8
:10B8A0009BFE2269023204F10C0192000C30FEF77B
:10B8B000BFFB21463846FFF7A5FF444604EB85034E
:10B8C00001355E6125612046BDE8F081B3E40008E2
:10B8D0003EE500082DE9F843884614461F46092234
:10B8E0000833064693FBF2F3002101229A4209DB5A
:10B8F0003046FFF749FF40B90246194B1948D3219A
:10B9000000F06AFE52000131F0E7089B4361092C08
:10B910004FF00103036108DC08F10A050924641BE8
:10B920002B199F4212DCBDE8F88308F10905A946EE
:10B93000A04419F8013B0146303B0A223046FFF78C
:10B9400083FFC145F5D12544083DE8E715F8013BE3
:10B950000146303B0A223046FFF776FFE0E700BFA2
:10B96000B3E400083EE50008B0F5803F034636BF6B
:10B97000030400201020B3F1807F3CBF1B0208307D
:10B98000B3F1805F3CBF1B010430B3F1804F3CBF7B
:10B990009B000230002B04DB5B0001D501307047B7
:10B9A00020207047036813F0070201460BD0DA0726
:10B9B00022D4980749BF5B089B0801200B605CBF3D
:10B9C0000B600220704798B2A0B91B0C1020DAB2AD
:10B9D0000AB908301B0A1A0704BF1B0904309A076A
:10B9E00004BF9B080230DA0702D45B0806D001309E
:10B9F0000B6070471046EAE7002070472020704730
:10BA000010B50C460121FFF7BFFE024628B9054BD1
:10BA1000054840F2451100F0DFFD01234461036158
:10BA200010BD00BFB3E400083EE500082DE9F04F6B
:10BA3000D1F81080D2F81090C84585B00E46144653
:10BA400004DB4B460C46C14616469846A36861681F
:10BA500009EB0807BB42B8BF0131FFF795FE30B9CB
:10BA600002464B4B4B484FF4B17100F0B5FD00F16D
:10BA7000140505EB870B2B4600225B4522D306F10C
:10BA8000140101EB880304F1140C0CEB890C0293F4
:10BA900004F1150363458CBF002301230093ACEB35
:10BAA0000403153B9B080193029B03918B420CD826
:10BAB000002F03DD5BF8043D002B67D0076105B064
:10BAC000BDE8F08F43F8042BD7E7B1F800A0BAF136
:10BAD000000F28D004F11408A9464FF0000E58F8C2
:10BAE000042BD9F8003096B29BB20AFB0633D9F882
:10BAF0000060120C360C73440AFB026606EB134618
:10BB00009BB243EA0643C44549F8043B4FEA164E4C
:10BB1000E5D8009A019B002A4FEA830308BF00235F
:10BB20002B44C3F804E0039BB3F802E00431BEF1F8
:10BB3000000F29D02B6804F114069846A9464FF04F
:10BB4000000A32880EFB02A202EB18429BB243EAC3
:10BB5000024349F8043B56F8043BD9F800804FEA09
:10BB6000134A1FFA88F30EFB0A3303EB1243B44562
:10BB70004FEA134AE5D8009E019A002E4FEA82024E
:10BB800008BF00222A44536004358DE7013F8FE748
:10BB9000B3E400083EE500082DE9F843174612F02B
:10BBA000030280460D4607D0264C013A002354F884
:10BBB0002220FFF749FE0546BF103FD0D8F81C40B1
:10BBC00094B91020FFF7E0FB0446C8F81C0030B918
:10BBD00002461D4B1D4840F2B31100F0FDFC00234E
:10BBE000C0E901330360C360A66846B940F2712121
:10BBF0004046FFF705FF0023A060064603602C4681
:10BC00004FF0000907F001037F1053B12946324677
:10BC10004046FFF70BFF214605464046FFF7F2FD81
:10BC200067B1306838B9324631464046FFF7FEFE0C
:10BC30003060C0F8009006462C46E3E72846BDE891
:10BC4000F88300BF34E700083BE400083EE5000845
:10BC50002DE9F84F0C4649682669A36806EB621681
:10BC6000074691464FEA621A06F1010843450BDB8D
:10BC70003846FFF789FD054648B902462B4B2C484C
:10BC80004FF4EF7100F0A8FC01315B00EEE700F12A
:10BC9000140100230A461846534539DB20692AEA75
:10BCA000EA7A01EB8A0104F1140319F01F098C46AA
:10BCB00003EB800030D0C9F1200A4FF0000E1A6863
:10BCC000E34602FA09F242EA0E02CBF8002053F8EA
:10BCD000042B98420CF1040C22FA0AFEEFD8031B45
:10BCE000153B23F0030304F11502904238BF0023F3
:10BCF0001944C1F804E0BEF1000F00D1B046384647
:10BD0000C5F810802146FFF77DFD2846BDE8F88F75
:10BD100042F8040B0133BFE753F8041BCCF80010C2
:10BD200098420CF1040CF7D8E8E700BFB3E4000830
:10BD30003EE5000803690A699B1A30B50ED114303C
:10BD4000143100EB820401EB820154F8045D51F8D8
:10BD5000042D954204D006D24FF0FF33184630BD73
:10BD6000A042F2D3FAE70123F8E700002DE9F74FEC
:10BD70008A460646114650461446FFF7DBFF051E6D
:10BD800012D129463046FFF7FFFC024628B9414B45
:10BD900040F23721404800F01FFC0123C0E9043580
:10BDA000104603B0BDE8F08FBCBF5346A2463046F4
:10BDB000DAF80410BABF1C4601250025FFF7E4FCA1
:10BDC000024618B9334B40F24521E3E7DAF8107028
:10BDD0002669C5600AF1140904F1140E00F1140576
:10BDE0000AF1100309EB87080EEB86060193AB46B8
:10BDF0004FF0000C019B5EF8040B53F804AF019365
:10BE00001FFA8AF183B2CB1A000C6344C0EB1A40CC
:10BE100000EB23409BB243EA004376454BF8043BDA
:10BE20004FEA204CE6D8331B153B153423F00303AF
:10BE3000A64238BF0023E8184B441C1D0430264698
:10BE4000A5EB090546450ED308F10301091B21F0B6
:10BE500003010133984538BF0021014451F8043DE6
:10BE6000ABB117619CE706EB050E56F8041BE246E2
:10BE70004FEA11491CFA81FC514409EB2C4989B263
:10BE800041EA09414FEA294CCEF80010DAE7013FB8
:10BE9000E4E700BFB3E400083EE5000882B08DEDA2
:10BEA000000B019A0F4B1340A3F15073002B08DCD9
:10BEB0005B42B3F1A07F4FEA235204DA4FF4002330
:10BEC0001341002208E0A2F114031E2BDABF4FF049
:10BED0000042DA40012200231946104641EC100BC3
:10BEE00002B070470000F07FF8B5056900F1140654
:10BEF00006EB85052F1F55F8044C2046FFF734FD4F
:10BF0000C0F120030A280B6016DCC0F10B0C24FAE8
:10BF10000CF1BE4241F07F5334BF55F8081C00219C
:10BF2000153004FA00F021FA0CF143F440130143F8
:10BF30000A4643EC102BF8BDBE423ABF55F8081C28
:10BF4000A5F1080700210B3812D0C0F1200521FA15
:10BF500005F384401C43B74244F07F538CBF57F82D
:10BF6000044C00248140EC4043F440132143DFE7BC
:10BF700044F07F5343F44013DAE700002DE9F74320
:10BF80000F46012159EC108B1646FFF7FDFB0546C5
:10BF900030B90246234B244840F20F3100F01CFB1D
:10BFA000C9F30A54C9F313030CB143F4801301938A
:10BFB000B8F1000323D068460093FFF7F3FC009923
:10BFC000D8B1019AC0F1200302FA03F30B43C24037
:10BFD0006B610192019BAB61002B0CBF012202221D
:10BFE0002A61A4B1A4F2334404443C60C0F135009A
:10BFF0003060284603B0BDE8F0836961EAE701A834
:10C00000FFF7D0FC019B6B6120300122E8E705EBD4
:10C010008203A0F2324038601869FFF7A5FCC0EB3C
:10C020004210E5E7B3E400083EE50008F7B50E4628
:10C0300069460746FFF758FF01A9304655EC104BFB
:10C04000B0EE407AF0EE607AFFF74EFF33693A695E
:10C05000D21ADDE900369B1B03EB4213002BD4BF41
:10C0600010EE902A17EE902A51EC100BD6BFC3EBBE
:10C07000033302EB035502EB03510B4602462946FC
:10C080002046F4F793FB41EC100B03B0F0BD0139EF
:10C0900070B549111469013102F1140300EB8101FB
:10C0A00003EB8404051FA3420CD3A31A113B23F016
:10C0B00003031132944238BF0023184400238842FE
:10C0C00005D370BD53F8046B45F8046FEBE740F8F7
:10C0D000043BF4E700F1140200694B11984210B5DB
:10C0E00011DB0ADD11F01F0107D052F8234024FABA
:10C0F00001F000FA01F18C420BD102EB8303934271
:10C1000003D8002010BD0346F7E753F8041D0029AB
:10C11000F5D00120F6E710B50C46B1F90E1000F08D
:10C1200005FA0028ABBF636DA3891B1823F4805365
:10C13000ACBF6365A38110BD2DE9F0411F468B891B
:10C14000DB0505460C46164605D5B1F90E1002234F
:10C15000002200F0D9F9A389B4F90E1023F480531A
:10C16000A38132463B462846BDE8F04100F000BAC4
:10C1700010B50C46B1F90E1000F0C6F9B4F90C3048
:10C18000421C0BBF23F4805343F48053A381A3814B
:10C1900018BF606510BDB1F90E1000F0FBB90000CA
:10C1A000B1F90C202DE9F041160705460C4651D493
:10C1B0004B68002B02DC0B6C002B49DDE66A002E7D
:10C1C00046D0002312F480522F682B6031D0626D6C
:10C1D000A389590705D56368D21A636B0BB1236C29
:10C1E000D21A0023E66A216A2846B047421CB4F9F5
:10C1F0000C3006D129681D2945D8284ACA40D607DF
:10C2000041D500226260D9042269226004D5421C13
:10C2100001D12B6803B96065616B2F60C1B104F176
:10C220004403994202D0284600F008FA00236363D1
:10C230000EE0216A01232846B0470246501CC7D1B0
:10C240002B68002BC4D01D2B01D0162B1AD12F60C8
:10C2500000201DE00F69002FFAD093070E6808BF79
:10C260004B690F6018BF0023A6EB07088B60B8F17D
:10C27000000FEDDD216AA66A43463A462846B047DC
:10C28000002807DCA38943F04003A3814FF0FF306F
:10C29000BDE8F0810744A8EB0008E8E70100402072
:10C2A00038B50B6905460C4613B91D46284638BDFE
:10C2B00018B1036A0BB9FCF711FFB4F90C30002B6D
:10C2C000F3D0626ED00704D4990502D4A06DFDF7B7
:10C2D000A8FE28462146FFF763FF636EDA0705468E
:10C2E000E4D4A3899B05E1D4A06DFDF79BFEDDE7B7
:10C2F000F8B505460F46144618B1036A0BB9FCF7AA
:10C30000EDFEA369A360A3891A0701D5236943B988
:10C310002146284600F02AF818B14FF0FF36304683
:10C32000F8BD23692068C01A6369834205DC214691
:10C330002846FFF7B5FF0028EFD1A368013BA360B3
:10C3400023685A1C22601F70636901308342FEB269
:10C3500004D0A389DB07E2D50A2EE0D12146284686
:10C36000FFF79EFF0028DAD0D7E7000038B5284B4A
:10C37000054618680C4618B1036A0BB9FCF7AEFE07
:10C38000B4F90C30190720D4DA0607D409222A6040
:10C3900043F04003A3814FF0FF3031E0580711D53F
:10C3A000616B41B104F14403994202D0284600F088
:10C3B00045F9002363630022A38962602269226039
:10C3C00023F0240343F00803A38123694BB9A38915
:10C3D00003F42073B3F5007F03D02146284600F014
:10C3E0004AF8B4F90C3013F001020AD00022A2601E
:10C3F00062695242A261226942B913F08000C7D13A
:10C4000038BD990758BF6269A260F4E70020F7E7DA
:10C410007C01002049B1FF2A85BF8A2303600A708E
:10C420004FF0FF3098BF012070470846704770B545
:10C430000E46B1F90E10002996B014461D460ADAD0
:10C44000B28912F0800213D14FF4806100202A607B
:10C45000216016B070BD6A4600F0ACF80028EFDB32
:10C46000019A02F47042A2F500535A425A41EBE796
:10C4700000224021EAE78B8973B59E0705460C46EA
:10C4800007D504F14703236023610123636102B0F0
:10C4900070BD01AB6A46FFF7CAFF009E28463146D1
:10C4A000FEF79CFFB4F90C3038B99A05EFD423F0AD
:10C4B000030343F00203A381E3E743F08003A38176
:10C4C000019B2060C4E90406002BE0D0B4F90E10F3
:10C4D000284600F009F80028D9D0A38923F00303E7
:10C4E00043F00103A381D2E738B5064C002305468B
:10C4F00008462360FAF77AFA431C02D1236803B195
:10C500002B6038BD6C47002038B5074C05460846FF
:10C510001146002222601A46FAF76AFA431C02D139
:10C52000236803B12B6038BD6C47002038B5074C39
:10C53000054608461146002222601A46FAF730FAEC
:10C54000431C02D1236803B12B6038BD6C47002027
:10C5500038B5064C0023054608462360FAF74AFA28
:10C56000431C02D1236803B12B6038BD6C47002007
:10C5700038B5074C054608461146002222601A4687
:10C58000FAF71CFA431C02D1236803B12B6038BDB3
:10C590006C47002038B5064C00230546084623604A
:10C5A000FAF71AFA431C02D1236803B12B6038BD95
:10C5B0006C47002038B5074C002305460846114655
:10C5C0002360FAF70DFA431C02D1236803B12B60F4
:10C5D00038BD00BF6C4700201FB51D46094B1B68C6
:10C5E0000646D86852B1084C0091CDE9014207498E
:10C5F00033462A4600F06EF800F07EF8044C2246DE
:10C60000F2E700BF7C010020A0E50008ADE50008CE
:10C61000DBE5000870B5A1FB026535B93146FEF7D0
:10C62000DDFE044628B9204670BD0C2303600024BB
:10C63000F9E732462946FDF7AEFCF4E737B50029A5
:10C6400044D051F8043C0190002BA1F10404B8BF80
:10C65000E418FFF78DF81E4A0198136833B9636038
:10C66000146003B0BDE83040FFF788B8A34208D992
:10C67000256861198B4201BF19685B6849192160FF
:10C68000EDE71A465B680BB1A342FAD91168551859
:10C69000A5420BD1246821445418A3421160E0D173
:10C6A0001C685B6853600C441460DAE702D90C2301
:10C6B0000360D6E7256861198B4204BF19685B687F
:10C6C000636004BF491921605460CAE703B030BDFC
:10C6D000684700200EB403B5014603AB054853F884
:10C6E000042B00680193FEF72FFF02B05DF804EB06
:10C6F00003B070477C01002008B5062000F02CF83C
:10C700000120FAF747F91F2938B505460C4604D928
:10C71000162303604FF0FF3038BDC26B12B152F8E0
:10C7200021304BB9284600F031F822460146284610
:10C73000BDE8384000F018B8012B0AD0591C03D1CD
:10C74000162303600120E7E7002142F82410204669
:10C7500098470020E0E70000024B01461868FFF709
:10C76000D2BF00BF7C01002038B5074C002305462E
:10C77000084611462360FAF705F9431C02D12368E5
:10C7800003B12B6038BD00BF6C470020FAF7F8B842
:10C7900000B52DED028B83B0B0EE408ACDED010ADD
:10C7A00000F07CFADDED010AB4EE608AF1EE10FAD9
:10C7B00006D6DFED0C7AF4EE670AF1EE10FA03D03C
:10C7C00003B0BDEC028B00BDCDED017AFDF7FEFBA1
:10C7D000DDED017A87EEA70A2123036003B0BDECEB
:10C7E000028B00BD0000000008B52DED048BB0EEFB
:10C7F000409AF0EE609A00F07FF8B0EE408AF0EEDA
:10C80000608AB0EE490AF0EE690A00F065F878B186
:10C8100019A3D3E9002351EC190BF4F72DF970B9E2
:10C8200017A3D3E9002351EC190BF4F707F998B9D2
:10C83000B0EE480AF0EE680ABDEC048B08BD9FED2F
:10C840000A8BFDF7C3FBB0EE480AF0EE680ABDECB8
:10C85000048B2223036008BDFDF7B8FB22239FED64
:10C86000048B0360E4E700BF000000000000F07FDD
:10C870000000000000000000EF39FAFE422E864062
:10C8800051302DD5104987C000B52DED028BB0EE8B
:10C89000408A83B000F02CF8B4EE488AF1EE10FA2A
:10C8A00006D6DFED0C7AB4EEE78AF1EE10FA03D487
:10C8B00003B0BDEC028B00BDCDED017AFDF786FB28
:10C8C000DDED017A87EEA70A2123036003B0BDECFA
:10C8D000028B00BD0000000082B08DED000B0198BE
:10C8E00040F0004000F58010C00F02B0704700BF5C
:10C8F000B1EEC00A704700BF2DE9F04755EC104B70
:10C90000D34925F000428A4286B04FEAD5760CD949
:10C91000D0498A4270D9C5F31303234340F05481B0
:10C92000002E66D09FEDB20B63E0CB4B9A4200F233
:10C930001A81CA4B9A4240F2308122462B46204649
:10C940002946F3F709FEACA3D3E9002306460F46B8
:10C95000F3F702FEAAA3D3E90023F3F745FC32461E
:10C960003B46F3F7F9FDA8A3D3E90023F3F73EFC18
:10C9700032463B46F3F7F0FDA5A3D3E90023F3F7D6
:10C9800033FC32463B46F3F7E7FDA3A3D3E900238C
:10C99000F3F72CFC32463B46F3F7DEFD02460B462E
:10C9A00020462946F3F720FCCDE90201DDE90289A2
:10C9B000204642464B462946F3F7CEFD0022064666
:10C9C0000F464FF0804340464946F3F70DFC0246C0
:10C9D0000B4630463946F3F7E9FE22462B46F3F77D
:10C9E00003FC02460B4600209D49F3F7FDFB41EC9A
:10C9F000100B06B0BDE8F08789A3D3E900232046D9
:10CA00002946F4F739F80746002840F0E88086A365
:10CA1000D3E9002320462946F4F710F8002840F017
:10CA20003781904B204603EBC606294680A3D3E905
:10CA30000023F3F791FDD6E90023F3F7D7FBF4F7D2
:10CA40003BF80646F3F71EFD7BA3D3E90023074618
:10CA50008846F3F781FD02460B4620462946F3F748
:10CA6000C3FB02460B463846414691469A4674A39C
:10CA7000D3E90023F3F770FDCDE90001DDE90023E0
:10CA800048465146F3F7B0FB02460B4604460D46B6
:10CA9000F3F762FD58A3D3E9002307468846F3F76E
:10CAA0005BFD57A3D3E90023F3F79EFB3A464346C9
:10CAB000F3F752FD54A3D3E90023F3F797FB3A466B
:10CAC0004346F3F749FD52A3D3E90023F3F78CFB68
:10CAD0003A464346F3F740FD4FA3D3E90023F3F76B
:10CAE00085FB3A464346F3F737FD02460B462046A0
:10CAF0002946F3F779FB07468846204629463A46F9
:10CB00004346CDE90278F3F727FDCDE90401002E75
:10CB10003FF44CAF3A46434600204FF08041F3F7D4
:10CB200063FB02460B46DDE90401F3F73FFE0246D4
:10CB30000B46DDE90001F3F757FB4A465346F3F78E
:10CB400053FB0B46024646490020F3F74DFB6FF4BA
:10CB50007F739E42C0F28E8001EB065141EC100BB8
:10CB600006B0BDE8F087404B9A423FF65AAF3F4BC4
:10CB700003EBC603D3E9002320462946F3F734FB31
:10CB80003B4B03EBC60393ED007B86F001038DED79
:10CB9000007B81468A469E1B70E72BA3D3E90023C6
:10CBA00020462946F3F722FB2D4B0022F3F764FFC2
:10CBB00000283FF4C2AE2A4B002220462946F3F754
:10CBC00015FB41EC100B14E722462B462046294664
:10CBD000F3F70CFB41EC100B06B0BDE8F08700202A
:10CBE00006B0BDE8F04700F0E7B900BFAFF3008042
:10CBF0000000000000000000D0A4BE726937663E4D
:10CC0000F16BD2C541BDBB3E2CDE25AF6A56113F4C
:10CC100093BDBE166CC1663F3E5555555555C53F33
:10CC2000EF39FAFE422E864051302DD5104987C08B
:10CC3000FE822B654715F73F0000E0FE422EE63FDF
:10CC4000763C7935EF39EA3D9C7500883CE4377EC7
:10CC5000412E8640FFFFEF7F422ED63FFFFFEF3D84
:10CC60000000F03F50E80008B1A2F03F40E80008A3
:10CC700030E8000806F57A7301EB035100224FF00B
:10CC8000B873F3F769FC41EC100B06B0BDE8F08710
:10CC9000384606B0BDE8F04700F086B910EE903A8D
:10CCA00030B523F00044621EB2F1FF4F3FD210EEC8
:10CCB000101A21F0004EBEF1FF4F38D2A6453ADBE4
:10CCC00001F00042154600F09D8011F0FF4F03F087
:10CCD000FF4C49D14FEA0E206FF07D024000002842
:10CCE00002F1FF32FADCBCF1000F5BD123026FF0DE
:10CCF0007D0C5B000CF1FF3CFBD512F17E0F6CDA72
:10CD00006FF07D00831AA0EB0C00B2EB0C020EFA60
:10CD100003F104FA00F36DD0013A03E03AD0410088
:10CD2000013A09D3C81A0028F8DA4900F8E760EE9A
:10CD3000200A80EEA00A30BDCB1A48BF0B461BB9B3
:10CD400028E05B000CF1FF3CB3F5000FF9DB1CF1B0
:10CD50007E0F38DA6FF07D00A0EB0C00034145EA4E
:10CD6000030200EE102A30BD4FEAEE52BCF1000F74
:10CD700016D0E415C1F31601C3F31603121B41F4D8
:10CD8000000143F40003A4F17F0CC5D1CB1A002BA2
:10CD900018DBD6D1224B03EB557393ED000A30BD5F
:10CDA0007F3AA3E7E415A4F17F0C6FF07D01891AA7
:10CDB000C3F31603A2EB0C0243F400030EFA01F1D5
:10CDC000013AAFE70B46A3F500030CF17F0C2B43B0
:10CDD00043EACC5300EE103A30BD6FF07D00C1F352
:10CDE0001601A0EB0C0041F40001A2EB0C0204FAC6
:10CDF00000F391E7CB1A002B0ADBCBD0B3F5000F81
:10CE00009FDBABE7064B03EB527393ED000A30BD9B
:10CE10000029BFD0B1F5000F0B4692DB9EE700BFA3
:10CE200060E8000808B52DED028BF0EE408AB0EE08
:10CE3000608A00F047F820B9B0EE480ABDEC028BDA
:10CE400008BDB0EE480A00F03DF858B1F4EEC88ACB
:10CE5000F1EE10FAC8BFB0EE688AB0EE480ABDEC39
:10CE6000028B08BDB0EE688AB0EE480ABDEC028BBA
:10CE700008BD00BF08B52DED028BF0EE408AB0EE84
:10CE8000608A00F01FF820B9B0EE480ABDEC028BB2
:10CE900008BDB0EE480A00F015F858B1B4EEE88AC3
:10CEA000F1EE10FAC8BFB0EE688AB0EE480ABDECE9
:10CEB000028B08BDB0EE688AB0EE480ABDEC028B6A
:10CEC00008BD00BF10EE103A33F000400ED0A0F5C0
:10CED0000003B3F1FE4F0DD3074B421E9A4207D910
:10CEE000A0F1FF40B0FA80F040097047022070477F
:10CEF0000320704704207047FEFF7F0010EE103AB9
:10CF0000C3F3C752002BA2F17F01ACBF01204FF049
:10CF1000FF301E290DDC00291ADBC3F31603162986
:10CF200043F400030ADD963A03FA02F202FB00F032
:10CF30007047FDEEC07A17EE900A70474FF48002FA
:10CF40000A411A44C1F11701CA4002FB00F07047C0
:10CF5000013118BF0020704710B582B08DED000B75
:10CF60000446FDF733F89DED000B046002B010BDE0
:10CF700000B5034683B051EC100B83B1024601F1BA
:10CF80000043CDE90023DDE90023F3F7E5FA41ECA6
:10CF9000100B222003B05DF804EBFFF7DDBF024663
:10CFA0000B46EEE7000000009FED010BFFF7E0BF2E
:10CFB00000000000000000109FED010BFFF7D8BF3C
:10CFC000000000000000007080EA104080EA10209D
:10CFD00080EA101046F6961300F00F0043FA00F0B6
:10CFE00000F00100704700BF38B50022002304465E
:10CFF0000D46F3F723FD28B920462946BDE8384001
:10D0000000F00AB8204605F1004100F005F8404262
:10D0100061EB410138BD00BF70B50C4B00220446E6
:10D020000D46F3F799FAF3F76FFD0646F3F71AFA90
:10D03000074B0022F3F790FA02460B46204629469A
:10D04000F3F7D2F8F3F760FD314670BD0000F03D14
:10D050000000F041F8B500BFF8BC08BC9E46704720
:0CD06000F8B500BFF8BC08BC9E46704745
:10D0700000070E091C1B1215383F363124232A2DB8
:10D0800070777E796C6B6265484F464154535A5DA8
:10D09000E0E7EEE9FCFBF2F5D8DFD6D1C4C3CACD98
:10D0A00090979E998C8B8285A8AFA6A1B4B3BABD88
:10D0B000C7C0C9CEDBDCD5D2FFF8F1F6E3E4EDEA78
:10D0C000B7B0B9BEABACA5A28F88818693949D9A68
:10D0D0002720292E3B3C35321F18111603040D0A58
:10D0E0005750595E4B4C45426F68616673747D7A48
:10D0F000898E878095929B9CB1B6BFB8ADAAA3A438
:10D10000F9FEF7F0E5E2EBECC1C6CFC8DDDAD3D427
:10D11000696E676075727B7C51565F584D4A434417
:10D12000191E171005020B0C21262F283D3A333407
:10D130004E49404752555C5B7671787F6A6D6463F7
:10D140003E39303722252C2B0601080F1A1D1413E7
:10D15000AEA9A0A7B2B5BCBB9691989F8A8D8483D7
:10D16000DED9D0D7C2C5CCCBE6E1E8EFFAFDF4F3C7
:10D170000000000000000000010203040607080987
:10D1800000000000010203040D0A0D0A0D0A0D0A39
:10D190000D0000003E3E2041746865616E204D6FB9
:10D1A000746F7220436F6E74726F6C6C6572203C8A
:10D1B0003C0D00003E3E2056657273696F6E3A204A
:10D1C00025642E25642E2564203C3C0D0A000000B9
:10D1D0003E3E20496E76616C69642F756E696E699A
:10D1E0007469616C697A656420636F6E66696775DE
:10D1F000726174696F6E3B207573696E672052416E
:10D200004D2064656661756C7473202843414E201F
:10D2100052583D312054583D3029203C3C0D0000EF
:10D220003E3E204452563833323320636F6E666977
:10D230006775726174696F6E2F7265616462616394
:10D240006B206661696C65643B206D6F746F722042
:10D250006D6F64652072656D61696E73206C6F63BC
:10D260006B6564203C3C0D00436865636B696E67C9
:10D27000207068617365207369676E2C20706F6C15
:10D28000652070616972730D0000000043616C6974
:10D2900062726174696F6E206661696C65643A20C0
:10D2A000696E76616C696420656E636F6465722077
:10D2B000646973706C6163656D656E7420252E34CE
:10D2C00066207261640D0A0043616C696272617468
:10D2D000696F6E206661696C65643A206D65617383
:10D2E0007572656420706F6C65207061697273205F
:10D2F0002564202864656C746120252E34662072B4
:10D300006164290D0A0000005068617365206F7226
:10D3100064657220636F72726563740D00000000B3
:10D320005377617070696E672070686173652073F0
:10D3300069676E0D00000000506F6C6520506169D8
:10D3400072733A2025640D0A000000005374617264
:10D35000743A20252E3366202020456E643A20251D
:10D360002E33660D0A000000506F6C652050616915
:10D370007273203E2025642C2072656D616C6C6F89
:10D3800063206572726F725F6172725B5D20736998
:10D390007A652E0D0A0000005374617274696E671D
:10D3A000206F66667365742063616C20616E642013
:10D3B0006C696E656172697A6174696F6E0D0000E7
:10D3C000256420256420256420252E33660D0A005F
:10D3D0002564202025640D0A000000006C6F6F702A
:10D3E0005F636F756E743A20256C750D0A0000003E
:10D3F0000A0D4641554C540A0D0000005644535F37
:10D400004F43500A0D0000004744460A0D0000003B
:10D4100055564C4F0A0D00004F5453440A0D00005E
:10D420005644535F48410A0D000000005644535FC4
:10D430004C410A0D000000005644535F48420A0D5B
:10D44000000000005644535F4C420A0D00000000EB
:10D450005644535F48430A0D000000005644535F92
:10D460004C430A0D0000000053415F4F430A0D007A
:10D4700053425F4F430A0D0053435F4F430A0D0071
:10D480004F54570A0D000000435055560A0D000036
:10D490005647535F48410A0D000000005647535F4E
:10D4A0004C410A0D000000005647535F48420A0DE8
:10D4B000000000005647535F4C420A0D0000000078
:10D4C0005647535F48430A0D000000005647535F1C
:10D4D0004C430A0D0000000020436F6D6D616E64C7
:10D4E000733A0D00206D2020202D204D6F746F7237
:10D4F000204D6F64650D000020632020202D204307
:10D50000616C69627261746520456E636F646572F7
:10D510000D00000020732020202D205365747570AD
:10D520000D00000020652020202D20446973706CC0
:10D53000617920456E636F6465720D00207A20204A
:10D54000202D20536574205A65726F20506F7369C7
:10D5500074696F6E0D00000020657363202D2045F7
:10D5600078697420746F204D656E750D00000000A1
:10D570000D0A20436F6E66696775726174696F6E1C
:10D58000204F7074696F6E73200A0D006D696E0014
:10D59000706172616D65746572000000707265661D
:10D5A0006978000020252D347320252D3331732018
:10D5B000252D357320252D367320252D32730D0A28
:10D5C0000000000063757272656E742076616C7580
:10D5D000650000006D6178000D0A204D6F746F7258
:10D5E0003A0D0000300000004765617220526174FE
:10D5F000696F00006700000020252D347320252D61
:10D6000033317320252D357320252D367320252E9B
:10D6100033660A0D000000002D000000546F727187
:10D62000756520436F6E7374616E7420284E2D6D86
:10D630002F4129006B00000020252D347320252D5B
:10D6400033317320252D357320252D367320252E5B
:10D6500035660A0D000000000D0A20436F6E7472DB
:10D660006F6C3A0D0000000031303000437572726B
:10D67000656E742042616E6477696474682028481E
:10D680007A2900006200000020252D347320252D0A
:10D6900033317320252D357320252D367320252E0B
:10D6A00031660A0D0000000032303030000000000A
:10D6B000302E300043757272656E74204C696D694E
:10D6C00074202841290000006C00000036302E3004
:10D6D000000000004D617820506F736974696F6EAF
:10D6E00020536574706F696E74202872616429001C
:10D6F000700000004D61782056656C6F6369747925
:10D7000020536574706F696E742028726164292FCC
:10D7100073000000760000004D617820506F73693F
:10D7200074696F6E204761696E20284E2D6D2F72CF
:10D730006164290078000000313030302E30000064
:10D740004D61782056656C6F636974792047616913
:10D750006E20284E2D6D2F7261642F7329000000FA
:10D7600064000000352E3000465720437572726504
:10D770006E74204C696D69742028412900000000F6
:10D780006600000033332E300000000054656D70D9
:10D79000204375746F666620284329202830203D79
:10D7A000206E6F6E65290000680000003135300082
:10D7B000436F6E74696E756F757320437572726511
:10D7C0006E742028412900006300000034302E30A0
:10D7D0000000000043616C6962726174696F6E20C1
:10D7E00043757272656E7420284129006100000043
:10D7F00032302E30000000000D0A2043414E3A0D19
:10D800000000000043414E20494400006900000030
:10D8100020252D347320252D33317320252D35738C
:10D8200020252D367320252D35690A0D00000000B6
:10D830003132370043414E20545820494400000003
:10D840006D00000043414E2054696D656F75742072
:10D85000286379636C6573292830203D206E6F6ED4
:10D86000652900007400000020252D347320252D2B
:10D8700033317320252D357320252D3673202564F3
:10D880000A0D00003130303030300000200A0D2009
:10D89000546F206368616E676520612076616C75E6
:10D8A000652C207479706520277072656669782709
:10D8B0002776616C75652727454E544552270A0D1A
:10D8C00020652E672E202762313030302727454EC5
:10D8D000544552270D0A200056414C554553204EC1
:10D8E0004F542041435449564520554E54494C20ED
:10D8F000504F574552204359434C4521200A0D0AA9
:10D900000D00000043616C6962726174696F6E2082
:10D9100072656A65637465643B2070726576696FD1
:10D92000757320636F6E66696775726174696F6E77
:10D9300020726573746F7265642E0D00455F5A45E1
:10D94000524F3A202564202025660D0A0000000071
:10D95000436F6E66696775726174696F6E2073617B
:10D9600076652072656A65637465643B20707265D4
:10D9700076696F7573206461746120707265736578
:10D98000727665642E0D0000495F425720736574FE
:10D9900020746F2025660D0A0000000043414E5F91
:10D9A00049442073657420746F2025640D0A0000BB
:10D9B00043414E5F54585F49442073657420746F2F
:10D9C0002025640D0A000000495F4D415820736511
:10D9D0007420746F2025660D0A000000495F4657C9
:10D9E0005F4D41582073657420746F2025660D0AC1
:10D9F0000000000043414E5F54494D454F555420AF
:10DA000073657420746F2025640D0A0054454D50D1
:10DA10005F4D41582073657420746F2025660D0A90
:10DA200000000000495F4D41585F434F4E54207342
:10DA3000657420746F2025660D0A0000495F43411C
:10DA40004C2073657420746F2025660D0A00000059
:10DA500047522073657420746F2025660D0A0000FC
:10DA60004B542073657420746F2025660D0A0000E6
:10DA70004B505F4D41582073657420746F202566AC
:10DA80000D0A00004B445F4D4158207365742074AB
:10DA90006F2025660D0A0000505F4D4158207365C8
:10DAA0007420746F2025660D0A000000565F4D41FA
:10DAB000582073657420746F2025660D0A000000DD
:10DAC0000D0A2027256327204E6F74206120766180
:10DAD0006C696420636F6D6D616E64207072656641
:10DAE00069780D0A0D0A00005A65726F207361761D
:10DAF000652072656A65637465643B207072657643
:10DB0000696F7573206461746120707265736572EA
:10DB10007665642E0D0000000A0D202053617665A5
:10DB200064206E6577207A65726F20706F736974F8
:10DB3000696F6E3A202025640A0D0A0D000000006E
:10DB40005261773A202535640000000020204C699E
:10DB50006E656172697A656420436F756E743A20F0
:10DB600025356400202053696E676C6520547572FA
:10DB70006E3A2520342E33660000000020204D75BB
:10DB80006C7469205475726E3A2520352E33660008
:10DB90002020456C656374726963616C3A25203599
:10DBA0002E33660020205475726E733A252032643D
:10DBB00000000000202056616C69643A2575000061
:10DBC00020205350493A256C7500000020205061F8
:10DBD000726974793A256C75000000002020454672
:10DBE0003A256C750D0A00000001020605000000D0
:10DBF000000000002975493CDF6EC93C6F0E173DDF
:10DC00003160493D8FA97B3D38F4963D6B0EB03DA8
:10DC10004721C93D5E2EE23DEC2FFB3D7F130A3EBE
:10DC2000698C163E76FD223EA5662F3E97CA3B3E86
:10DC30004A29483E807D543EDAC9603E560E6D3E0C
:10DC4000F54A793E3CBD823E0FD1883EA4DF8E3E30
:10DC5000FBE8943EC4EB9A3EFFE7A03EFCDEA63E06
:10DC60006CCFAC3E4EB9B23EA29CB83E1878BE3ED8
:10DC7000B24BC43EBD18CA3EECDDCF3EED99D53E59
:10DC8000614FDB3E59FAE03EC39EE63EB038EC3EC3
:10DC900071C9F13E5452F73EBBD0FC3E5322013FC6
:10DCA000B2D7033FD387063FB532093F5AD80B3F5F
:10DCB000C0780E3F4013113F82A8133FDF37163F55
:10DCC00055C1183FE5441B3F8FC21D3F543A203FCA
:10DCD0008AAB223FDB16253F9E7B273FD3D9293FC6
:10DCE0007B312C3FED812E3F79CC303FD00F333F3D
:10DCF000F14B353F8481373FE2AF393F0AD73B3F95
:10DD0000FDF63D3F130F403F9B20423F9E29443F7D
:10DD1000132C463F0326483FBD184A3F9B034C3F08
:10DD2000F3E54D3F16C14F3FB493513F745E533FEF
:10DD30005721553F0EDB563F8F8D583FE3365A3FF4
:10DD4000B2D75B3FA4705D3F69005F3F5188603F81
:10DD50000C07623F9A7C633FA3E9643F274E663F0E
:10DD60007EA9673F50FC683F4E456A3FC6856B3FC2
:10DD700012BD6C3F31EB6D3F23106F3F412B703F65
:10DD8000D93D713F9D46723F3546733F9F3C743F7E
:10DD90003529753F9E0C763F32E6763F9AB6773F3F
:10DDA0002C7D783FEB39793F7CED793F39977A3F8D
:10DDB00022377B3F36CD7B3F75597C3F87DC7C3FEC
:10DDC0001D557D3F87C47D3F74297E3F34857E3F4E
:10DDD00077D67E3F8E1E7F3F295C7F3FEF8F7F3F50
:10DDE00088BA7F3FA5DA7F3FEDF07F3F61FD7F3F3F
:10DDF0000000803F23F87F3F19E77F3F92CB7F3FB2
:10DE000037A67F3FAF777F3FAB3E7F3FD2FB7E3F62
:10DE100025AF7E3FA3587E3F4DF87D3F228E7D3F4C
:10DE2000221A7D3F4E9C7C3FA5147C3F27837B3F7D
:10DE3000D5E77A3F57437A3F0395793FDBDC783F5C
:10DE4000DF1A783FB54F773FB77A763FE59B753F4E
:10DE5000E5B3743FB9C2733FB9C7723F8BC3713F1B
:10DE600031B6703F029F6F3FA67E6E3F1D556D3FDE
:10DE700068226C3F86E66A3F1FA2693FE353683F12
:10DE800022FD663F349D653F1A34643F22C3623FE2
:10DE90005648613FACC55F3FD6395E3F7AA55C3FCF
:10DEA0009A085B3F3563593F4AB5573F82FF553F5C
:10DEB0008E40543F637A523FB4AB503F80D44E3FC4
:10DEC0006FF54C3F280F4B3F5C20493FB329473F3C
:10DED000D42B453F1826433F7E18413FB0033F3FB8
:10DEE000ABE73C3F72C43A3F5B99383FB667363F79
:10DEF000DC2E343FCCEE313F2FA82F3F5C5A2D3F14
:10DF0000FB052B3F0DAB283F9049263F2EE2233FD8
:10DF10009773213F19FF1E3FB6841C3FC5031A3F6C
:10DF2000957D173FD8F0143FDD5E123FFCC60F3FD2
:10DF300035290D3F2F860A3FECDD073F6A30053F4C
:10DF4000AA7D023F598BFF3E3012FA3E8A8EF43E84
:10DF50000803EF3E096DE93EDDCDE33E8525DE3E5B
:10DF60004F75D83E3CBDD23EFCFBCC3EDF32C73EB7
:10DF70003563C13E5D8ABB3E47ACB53E05C5AF3E8D
:10DF800084D8A93E75E5A33E89EA9D3E60EA973EA6
:10DF9000F7E4913E02D98B3ECEC7853EB7627F3E05
:10DFA000F52D733EB7EE663EFDA45A3E65534E3ED8
:10DFB000F0F9413E3D9B353E0E32293EA0C31C3E4A
:10DFC000F44F103E0AD7033EC4B1EE3DB9A5D53D8E
:10DFD000A298BC3D1B82A33D49658A3D6685623D92
:10DFE000D637303DF7C7FB3CC615973C5374C93B49
:10DFF0005374C9BBC61597BCF7C7FBBCD63730BD39
:10E00000668562BD49658ABD1B82A3BDA298BCBD61
:10E01000B9A5D5BDC4B1EEBD0AD703BEF44F10BE3D
:10E02000A0C31CBE0E3229BE3D9B35BEF0F941BED9
:10E0300065534EBEFDA45ABEB7EE66BEF52D73BE47
:10E04000B7627FBECEC785BE02D98BBEF7E491BE54
:10E0500060EA97BE89EA9DBE75E5A3BE84D8A9BED5
:10E0600005C5AFBE47ACB5BE5D8ABBBE3563C1BE9C
:10E07000DF32C7BEFCFBCCBE3CBDD2BE4F75D8BEA6
:10E080008525DEBEDDCDE3BE096DE9BE0803EFBE2A
:10E090008A8EF4BE3012FABE598BFFBEAA7D02BF33
:10E0A0006A3005BFECDD07BF2F860ABF35290DBFDB
:10E0B000FCC60FBFDD5E12BFD8F014BF957D17BF41
:10E0C000C5031ABFB6841CBF19FF1EBF977321BFBB
:10E0D0002EE223BF904926BF0DAB28BFFB052BBF07
:10E0E0005C5A2DBF2FA82FBFCCEE31BFDC2E34BF22
:10E0F000B66736BF5B9938BF72C43ABFABE73CBF67
:10E10000B0033FBF7E1841BF182643BFD42B45BF85
:10E11000B32947BF5C2049BF280F4BBF6FF54CBFE9
:10E1200080D44EBFB4AB50BF637A52BF8E4054BF51
:10E1300082FF55BF4AB557BF356359BF9A085BBFC9
:10E140007AA55CBFD6395EBFACC55FBF564861BF1C
:10E1500022C362BF1A3464BF349D65BF22FD66BF0F
:10E16000E35368BF1FA269BF86E66ABF68226CBF1F
:10E170001D556DBFA67E6EBF029F6FBF31B670BFCB
:10E180008BC371BFB9C772BFB9C273BFE5B374BFE8
:10E19000E59B75BFB77A76BFB54F77BFDF1A78BFFB
:10E1A000DBDC78BF039579BF57437ABFD5E77ABFE9
:10E1B00027837BBFA5147CBF4E9C7CBF221A7DBFEA
:10E1C000228E7DBF4DF87DBFA3587EBF25AF7EBF99
:10E1D000D2FB7EBFAB3E7FBFAF777FBF37A67FBF8F
:10E1E00092CB7FBF19E77FBF23F87FBF000080BFBE
:10E1F00061FD7FBFEDF07FBFA5DA7FBF88BA7FBF2B
:10E20000EF8F7FBF295C7FBF8E1E7FBF77D67EBF1B
:10E2100034857EBF74297EBF87C47DBF1D557DBFF9
:10E2200087DC7CBF75597CBF36CD7BBF22377BBF77
:10E2300039977ABF7CED79BFEB3979BF2C7D78BFF8
:10E240009AB677BF32E676BF9E0C76BF352975BF8A
:10E250009F3C74BF354673BF9D4672BFD93D71BFA9
:10E26000412B70BF23106FBF31EB6DBF12BD6CBF70
:10E27000C6856BBF4E456ABF50FC68BF7EA967BFAD
:10E28000274E66BFA3E964BF9A7C63BF0C0762BFD9
:10E29000518860BF69005FBFA4705DBFB2D75BBF2C
:10E2A000E3365ABF8F8D58BF0EDB56BF572155BF7F
:10E2B000745E53BFB49351BF16C14FBFF3E54DBF5A
:10E2C0009B034CBFBD184ABF032648BF132C46BF53
:10E2D0009E2944BF9B2042BF130F40BFFDF63DBFA8
:10E2E0000AD73BBFE2AF39BF848137BFF14B35BF9F
:10E2F000D00F33BF79CC30BFED812EBF7B312CBF27
:10E30000D3D929BF9E7B27BFDB1625BF8AAB22BF8F
:10E31000543A20BF8FC21DBFE5441BBF55C118BF73
:10E32000DF3716BF82A813BF401311BFC0780EBFDE
:10E330005AD80BBFB53209BFD38706BFB2D703BFC8
:10E34000532201BFBBD0FCBE5452F7BE71C9F1BE0F
:10E35000B038ECBEC39EE6BE59FAE0BE614FDBBEEC
:10E36000ED99D5BEECDDCFBEBD18CABEB24BC4BE62
:10E370001878BEBEA29CB8BE4EB9B2BE6CCFACBEC1
:10E38000FCDEA6BEFFE7A0BEC4EB9ABEFBE894BECF
:10E39000A4DF8EBE0FD188BE3CBD82BEF54A79BED9
:10E3A000560E6DBEDAC960BE807D54BE4A2948BE95
:10E3B00097CA3BBEA5662FBE76FD22BE698C16BEEF
:10E3C0007F130ABEEC2FFBBD5E2EE2BD4721C9BD07
:10E3D0006B0EB0BD38F496BD8FA97BBD316049BDD1
:10E3E0006F0E17BDDF6EC9BC297549BC0000000067
:10E3F000494E4600696E66004E414E006E616E00E9
:10E4000030003031323334353637383941424344C5
:10E41000454600303132333435363738396162633E
:10E42000646566002E004300504F53495800496E02
:10E4300066696E697479004E614E005245454E54CE
:10E44000206D616C6C6F63207375636365656465D3
:10E4500064002F566F6C756D65732F646174612F46
:10E460006A656E6B696E732F776F726B7370616321
:10E47000652F474E552D746F6F6C636861696E2F01
:10E4800061726D2D31352F7372632F6E65776C69F4
:10E49000622D63796777696E2F6E65776C69622F7D
:10E4A0006C6962632F7374646C69622F64746F614A
:10E4B0002E630042616C6C6F6320737563636565E6
:10E4C000646564002F566F6C756D65732F6461749D
:10E4D000612F6A656E6B696E732F776F726B7370E5
:10E4E0006163652F474E552D746F6F6C636861696A
:10E4F0006E2F61726D2D31352F7372632F6E6577BC
:10E500006C69622D63796777696E2F6E65776C69C8
:10E51000622F6C6962632F7374646C69622F676425
:10E52000746F612D6765746865782E6300232D30E4
:10E530002B2000686C4C00656667454647002F56E7
:10E540006F6C756D65732F646174612F6A656E6B96
:10E55000696E732F776F726B73706163652F474EAF
:10E56000552D746F6F6C636861696E2F61726D2DCC
:10E5700031352F7372632F6E65776C69622D637905
:10E580006777696E2F6E65776C69622F6C6962635D
:10E590002F7374646C69622F6D707265632E6300F3
:10E5A0002C2066756E6374696F6E3A200061737318
:10E5B000657274696F6E2022257322206661696C12
:10E5C00065643A2066696C6520222573222C206CD4
:10E5D000696E65202564257325730A0034000000E8
:10E5E000CEFBFFFFCB030000010000000000000095
:10E5F00035000000CEFBFFFFCB0300000100000050
:10E600000000000000000000BC89D897B2D29C3CFA
:10E6100033A7A8D523F649393DA7F444FD0FA53209
:10E620009D978CCF08BA5B25436FAC6428066811B0
:10E6300000202020202020202020282828282820D2
:10E6400020202020202020202020202020202020CA
:10E650002088101010101010101010101010101032
:10E660001004040404040404040404101010101022
:10E6700010104141414141410101010101010101EC
:10E68000010101010101010101010101101010103E
:10E6900010104242424242420202020202020202BE
:10E6A0000202020202020202020202021010101012
:10E6B000200000000000000000000000000000003A
:10E6C000000000000000000000000000000000004A
:10E6D000000000000000000000000000000000003A
:10E6E000000000000000000000000000000000002A
:10E6F000000000000000000000000000000000001A
:10E700000000000000000000000000000000000009
:10E7100000000000000000000000000000000000F9
:10E7200000000000000000000000000000000000E9
:10E730000000000005000000190000007D0000003E
:10E740000080E03779C34143176E05B5B5B89346ED
:10E75000F5F93FE9034F384D321D30F94877825AB9
:10E760003CBF737FDD4F1575000000000000F03FD7
:10E77000000000000000244000000000000059409C
:10E780000000000000408F40000000000088C340EF
:10E7900000000000006AF8400000000080842E4164
:10E7A00000000000D01263410000000084D79741B0
:10E7B0000000000065CDCD41000000205FA00242B6
:10E7C000000000E876483742000000A2941A6D422B
:10E7D000000040E59C30A2420000901EC4BCD6421E
:10E7E00000003426F56B0C430080E03779C34143C9
:10E7F00000A0D8855734764300C84E676DC1AB433F
:10E80000003D9160E458E143408CB5781DAF15445C
:10E8100050EFE2D6E41A4B4492D54D06CFF0804437
:10E82000F64AE1C7022DB544B49DD9794378EA444C
:10E83000763C7935EF39EA3D763C7935EF39EABDFA
:10E840000000E0FE422EE63F0000E0FE422EE6BF62
:10E85000000000000000E03F000000000000E0BFFA
:08E86000000000000000008030
:08E86800C818FF7F0100000049
:04E87000510C00083F
:04E87400290C000863
:10E87800000E2707000000000300000024460020C7
:10E88800430000000000000000000000000000003D
:10E898000000000000000000000000000000000070
:10E8A800430000000000000000000000000000001D
:10E8B8000000000000000000000000000000000050
:10E8C80043000000000000000000000000000000FD
:10E8D8000000000000000000000000000000000030
:10E8E80043000000000000000000000000000000DD
:10E8F8000000000000000000000000000000000010
:10E9080043000000000000000000000000000000BC
:10E9180000000000000000000000000000000000EF
:10E92800430000000000000000000000000000009C
:10E9380000000000000000000000000000000000CF
:10E94800430000000000000000000000000000007C
:10E9580000000000000000000000000000000000AF
:10E9680015C40008D5B400080000000030E600080F
:10E9780024E40008DBE50008DBE50008DBE5000827
:10E98800DBE50008DBE50008DBE50008DBE500085F
:10E99800DBE50008DBE50008FFFFFFFFFFFFFFFFE7
:10E9A800FFFFFFFFFFFF00000100415343494900FB
:10E9B800000000000000000000000000000000004F
:10E9C80000000000000000000000415343494900D6
:10E9D800000000000000000000000000000000002F
:10E9E800000000000000000000000000800100207E
:10E9F80000000000244600208C460020F446002039
:10EA080000000000000000000000000000000000FE
:10EA180000000000000000000000000000000000EE
:10EA280000000000000000000000000000000000DE
:0CEA3800000000000000000000000000D2
:04000005080086A5C4
:00000001FF
